classification,classification_level,product_code,product_label_en,year,flow,item_id,value_usd,source_value,source_unit,value_status,publication_status,role,source_block,source_id,source_sheet,source_cell,source_label,source_number_format
sitc1,1,,,2000,export,goods.total,323938266.58999966000,323938.26658999966,thousand_usd,numeric,unspecified,total,2000-2025,geostat_trade_export-sitc-2000-2026,SITC-2000-2025-years,C5,Total Exports,"_-* #,##0.0_-;\-* #,##0.0_-;_-* ""-""?_-;_-@_-"
sitc1,1,0,Food and live animals,2000,export,goods.sitc1.2000-2025.0,38221445.540000132000,38221.445540000132,thousand_usd,numeric,unspecified,detail,2000-2025,geostat_trade_export-sitc-2000-2026,SITC-2000-2025-years,C7,Food and live animals,"_(* #,##0.0_);_(* \(#,##0.0\);_(* ""-""?_);_(@_)"
sitc1,1,1,Beverages and tobacco,2000,export,goods.sitc1.2000-2025.1,51908217.239999925000,51908.217239999925,thousand_usd,numeric,unspecified,detail,2000-2025,geostat_trade_export-sitc-2000-2026,SITC-2000-2025-years,C8,Beverages and tobacco,"_(* #,##0.0_);_(* \(#,##0.0\);_(* ""-""?_);_(@_)"
sitc1,1,2,"Crude materials, inedible, except fuels",2000,export,goods.sitc1.2000-2025.2,98261264.87999961000,98261.26487999961,thousand_usd,numeric,unspecified,detail,2000-2025,geostat_trade_export-sitc-2000-2026,SITC-2000-2025-years,C9,"Crude materials, inedible, except fuels","_(* #,##0.0_);_(* \(#,##0.0\);_(* ""-""?_);_(@_)"
sitc1,1,3,"Mineral fuels, lubricants and related materials",2000,export,goods.sitc1.2000-2025.3,27423879.480000007000,27423.879480000007,thousand_usd,numeric,unspecified,detail,2000-2025,geostat_trade_export-sitc-2000-2026,SITC-2000-2025-years,C10,"Mineral fuels, lubricants and related materials","_(* #,##0.0_);_(* \(#,##0.0\);_(* ""-""?_);_(@_)"
sitc1,1,4,"Animal and vegetable oils, fats and waxes",2000,export,goods.sitc1.2000-2025.4,8456.3800000000011000,8.4563800000000011,thousand_usd,numeric,unspecified,detail,2000-2025,geostat_trade_export-sitc-2000-2026,SITC-2000-2025-years,C11,"Animal and vegetable oils, fats and waxes","_(* #,##0.0_);_(* \(#,##0.0\);_(* ""-""?_);_(@_)"
sitc1,1,5,"Chemicals and related products, n.e.s.",2000,export,goods.sitc1.2000-2025.5,33507522.980000009000,33507.522980000009,thousand_usd,numeric,unspecified,detail,2000-2025,geostat_trade_export-sitc-2000-2026,SITC-2000-2025-years,C12,"Chemicals and related products, n.e.s.","_(* #,##0.0_);_(* \(#,##0.0\);_(* ""-""?_);_(@_)"
sitc1,1,6,Manufactured goods classified chiefly by material,2000,export,goods.sitc1.2000-2025.6,29275647.50000005000,29275.64750000005,thousand_usd,numeric,unspecified,detail,2000-2025,geostat_trade_export-sitc-2000-2026,SITC-2000-2025-years,C13,Manufactured goods classified chiefly by material,"_(* #,##0.0_);_(* \(#,##0.0\);_(* ""-""?_);_(@_)"
sitc1,1,7,Machinery and transport equipment,2000,export,goods.sitc1.2000-2025.7,38640693.009999915000,38640.693009999915,thousand_usd,numeric,unspecified,detail,2000-2025,geostat_trade_export-sitc-2000-2026,SITC-2000-2025-years,C14,Machinery and transport equipment,"_(* #,##0.0_);_(* \(#,##0.0\);_(* ""-""?_);_(@_)"
sitc1,1,8,Miscellaneous manufactured articles,2000,export,goods.sitc1.2000-2025.8,4450039.1799999979000,4450.0391799999979,thousand_usd,numeric,unspecified,detail,2000-2025,geostat_trade_export-sitc-2000-2026,SITC-2000-2025-years,C15,Miscellaneous manufactured articles,"_(* #,##0.0_);_(* \(#,##0.0\);_(* ""-""?_);_(@_)"
sitc1,1,9,Commodities not classified elsewhere in the SITC,2000,export,goods.sitc1.2000-2025.9,2241100.4000000003000,2241.1004000000003,thousand_usd,numeric,unspecified,detail,2000-2025,geostat_trade_export-sitc-2000-2026,SITC-2000-2025-years,C16,Commodities not classified elsewhere in the SITC,"_(* #,##0.0_);_(* \(#,##0.0\);_(* ""-""?_);_(@_)"
sitc1,1,,,2001,export,goods.total,317150882.32999993000,317150.88232999993,thousand_usd,numeric,unspecified,total,2000-2025,geostat_trade_export-sitc-2000-2026,SITC-2000-2025-years,D5,Total Exports,"_-* #,##0.0_-;\-* #,##0.0_-;_-* ""-""?_-;_-@_-"
sitc1,1,0,Food and live animals,2001,export,goods.sitc1.2000-2025.0,27563422.040000016000,27563.422040000016,thousand_usd,numeric,unspecified,detail,2000-2025,geostat_trade_export-sitc-2000-2026,SITC-2000-2025-years,D7,Food and live animals,"_(* #,##0.0_);_(* \(#,##0.0\);_(* ""-""?_);_(@_)"
sitc1,1,1,Beverages and tobacco,2001,export,goods.sitc1.2000-2025.1,53276224.069999967000,53276.224069999967,thousand_usd,numeric,unspecified,detail,2000-2025,geostat_trade_export-sitc-2000-2026,SITC-2000-2025-years,D8,Beverages and tobacco,"_(* #,##0.0_);_(* \(#,##0.0\);_(* ""-""?_);_(@_)"
sitc1,1,2,"Crude materials, inedible, except fuels",2001,export,goods.sitc1.2000-2025.2,86990944.459999955000,86990.944459999955,thousand_usd,numeric,unspecified,detail,2000-2025,geostat_trade_export-sitc-2000-2026,SITC-2000-2025-years,D9,"Crude materials, inedible, except fuels","_(* #,##0.0_);_(* \(#,##0.0\);_(* ""-""?_);_(@_)"
sitc1,1,3,"Mineral fuels, lubricants and related materials",2001,export,goods.sitc1.2000-2025.3,28509038.510000006000,28509.038510000006,thousand_usd,numeric,unspecified,detail,2000-2025,geostat_trade_export-sitc-2000-2026,SITC-2000-2025-years,D10,"Mineral fuels, lubricants and related materials","_(* #,##0.0_);_(* \(#,##0.0\);_(* ""-""?_);_(@_)"
sitc1,1,4,"Animal and vegetable oils, fats and waxes",2001,export,goods.sitc1.2000-2025.4,16064.320000000002000,16.064320000000002,thousand_usd,numeric,unspecified,detail,2000-2025,geostat_trade_export-sitc-2000-2026,SITC-2000-2025-years,D11,"Animal and vegetable oils, fats and waxes","_(* #,##0.0_);_(* \(#,##0.0\);_(* ""-""?_);_(@_)"
sitc1,1,5,"Chemicals and related products, n.e.s.",2001,export,goods.sitc1.2000-2025.5,18646491.740000023000,18646.491740000023,thousand_usd,numeric,unspecified,detail,2000-2025,geostat_trade_export-sitc-2000-2026,SITC-2000-2025-years,D12,"Chemicals and related products, n.e.s.","_(* #,##0.0_);_(* \(#,##0.0\);_(* ""-""?_);_(@_)"
sitc1,1,6,Manufactured goods classified chiefly by material,2001,export,goods.sitc1.2000-2025.6,27366755.999999947000,27366.755999999947,thousand_usd,numeric,unspecified,detail,2000-2025,geostat_trade_export-sitc-2000-2026,SITC-2000-2025-years,D13,Manufactured goods classified chiefly by material,"_(* #,##0.0_);_(* \(#,##0.0\);_(* ""-""?_);_(@_)"
sitc1,1,7,Machinery and transport equipment,2001,export,goods.sitc1.2000-2025.7,56215500.809999998000,56215.500809999998,thousand_usd,numeric,unspecified,detail,2000-2025,geostat_trade_export-sitc-2000-2026,SITC-2000-2025-years,D14,Machinery and transport equipment,"_(* #,##0.0_);_(* \(#,##0.0\);_(* ""-""?_);_(@_)"
sitc1,1,8,Miscellaneous manufactured articles,2001,export,goods.sitc1.2000-2025.8,5015060.0500000028000,5015.0600500000028,thousand_usd,numeric,unspecified,detail,2000-2025,geostat_trade_export-sitc-2000-2026,SITC-2000-2025-years,D15,Miscellaneous manufactured articles,"_(* #,##0.0_);_(* \(#,##0.0\);_(* ""-""?_);_(@_)"
sitc1,1,9,Commodities not classified elsewhere in the SITC,2001,export,goods.sitc1.2000-2025.9,13551380.329999998000,13551.380329999998,thousand_usd,numeric,unspecified,detail,2000-2025,geostat_trade_export-sitc-2000-2026,SITC-2000-2025-years,D16,Commodities not classified elsewhere in the SITC,"_(* #,##0.0_);_(* \(#,##0.0\);_(* ""-""?_);_(@_)"
sitc1,1,,,2002,export,goods.total,345736068.1851001000,345736.0681851001,thousand_usd,numeric,unspecified,total,2000-2025,geostat_trade_export-sitc-2000-2026,SITC-2000-2025-years,E5,Total Exports,"_-* #,##0.0_-;\-* #,##0.0_-;_-* ""-""?_-;_-@_-"
sitc1,1,0,Food and live animals,2002,export,goods.sitc1.2000-2025.0,41751643.98999999000,41751.64398999999,thousand_usd,numeric,unspecified,detail,2000-2025,geostat_trade_export-sitc-2000-2026,SITC-2000-2025-years,E7,Food and live animals,"_(* #,##0.0_);_(* \(#,##0.0\);_(* ""-""?_);_(@_)"
sitc1,1,1,Beverages and tobacco,2002,export,goods.sitc1.2000-2025.1,61189177.769100024000,61189.177769100024,thousand_usd,numeric,unspecified,detail,2000-2025,geostat_trade_export-sitc-2000-2026,SITC-2000-2025-years,E8,Beverages and tobacco,"_(* #,##0.0_);_(* \(#,##0.0\);_(* ""-""?_);_(@_)"
sitc1,1,2,"Crude materials, inedible, except fuels",2002,export,goods.sitc1.2000-2025.2,74005426.98600018000,74005.42698600018,thousand_usd,numeric,unspecified,detail,2000-2025,geostat_trade_export-sitc-2000-2026,SITC-2000-2025-years,E9,"Crude materials, inedible, except fuels","_(* #,##0.0_);_(* \(#,##0.0\);_(* ""-""?_);_(@_)"
sitc1,1,3,"Mineral fuels, lubricants and related materials",2002,export,goods.sitc1.2000-2025.3,18666718.960000002000,18666.718960000002,thousand_usd,numeric,unspecified,detail,2000-2025,geostat_trade_export-sitc-2000-2026,SITC-2000-2025-years,E10,"Mineral fuels, lubricants and related materials","_(* #,##0.0_);_(* \(#,##0.0\);_(* ""-""?_);_(@_)"
sitc1,1,4,"Animal and vegetable oils, fats and waxes",2002,export,goods.sitc1.2000-2025.4,20901.999999999997000,20.901999999999997,thousand_usd,numeric,unspecified,detail,2000-2025,geostat_trade_export-sitc-2000-2026,SITC-2000-2025-years,E11,"Animal and vegetable oils, fats and waxes","_(* #,##0.0_);_(* \(#,##0.0\);_(* ""-""?_);_(@_)"
sitc1,1,5,"Chemicals and related products, n.e.s.",2002,export,goods.sitc1.2000-2025.5,21495511.249999989000,21495.511249999989,thousand_usd,numeric,unspecified,detail,2000-2025,geostat_trade_export-sitc-2000-2026,SITC-2000-2025-years,E12,"Chemicals and related products, n.e.s.","_(* #,##0.0_);_(* \(#,##0.0\);_(* ""-""?_);_(@_)"
sitc1,1,6,Manufactured goods classified chiefly by material,2002,export,goods.sitc1.2000-2025.6,25753111.949999915000,25753.111949999915,thousand_usd,numeric,unspecified,detail,2000-2025,geostat_trade_export-sitc-2000-2026,SITC-2000-2025-years,E13,Manufactured goods classified chiefly by material,"_(* #,##0.0_);_(* \(#,##0.0\);_(* ""-""?_);_(@_)"
sitc1,1,7,Machinery and transport equipment,2002,export,goods.sitc1.2000-2025.7,66403754.329999996000,66403.754329999996,thousand_usd,numeric,unspecified,detail,2000-2025,geostat_trade_export-sitc-2000-2026,SITC-2000-2025-years,E14,Machinery and transport equipment,"_(* #,##0.0_);_(* \(#,##0.0\);_(* ""-""?_);_(@_)"
sitc1,1,8,Miscellaneous manufactured articles,2002,export,goods.sitc1.2000-2025.8,4890090.7700000062000,4890.0907700000062,thousand_usd,numeric,unspecified,detail,2000-2025,geostat_trade_export-sitc-2000-2026,SITC-2000-2025-years,E15,Miscellaneous manufactured articles,"_(* #,##0.0_);_(* \(#,##0.0\);_(* ""-""?_);_(@_)"
sitc1,1,9,Commodities not classified elsewhere in the SITC,2002,export,goods.sitc1.2000-2025.9,31559730.179999991000,31559.730179999991,thousand_usd,numeric,unspecified,detail,2000-2025,geostat_trade_export-sitc-2000-2026,SITC-2000-2025-years,E16,Commodities not classified elsewhere in the SITC,"_(* #,##0.0_);_(* \(#,##0.0\);_(* ""-""?_);_(@_)"
sitc1,1,,,2003,export,goods.total,461310038.12999936000,461310.03812999936,thousand_usd,numeric,unspecified,total,2000-2025,geostat_trade_export-sitc-2000-2026,SITC-2000-2025-years,F5,Total Exports,"_-* #,##0.0_-;\-* #,##0.0_-;_-* ""-""?_-;_-@_-"
sitc1,1,0,Food and live animals,2003,export,goods.sitc1.2000-2025.0,73079156.470000016000,73079.156470000016,thousand_usd,numeric,unspecified,detail,2000-2025,geostat_trade_export-sitc-2000-2026,SITC-2000-2025-years,F7,Food and live animals,"_(* #,##0.0_);_(* \(#,##0.0\);_(* ""-""?_);_(@_)"
sitc1,1,1,Beverages and tobacco,2003,export,goods.sitc1.2000-2025.1,89213841.190000079000,89213.841190000079,thousand_usd,numeric,unspecified,detail,2000-2025,geostat_trade_export-sitc-2000-2026,SITC-2000-2025-years,F8,Beverages and tobacco,"_(* #,##0.0_);_(* \(#,##0.0\);_(* ""-""?_);_(@_)"
sitc1,1,2,"Crude materials, inedible, except fuels",2003,export,goods.sitc1.2000-2025.2,126889848.55999955000,126889.84855999955,thousand_usd,numeric,unspecified,detail,2000-2025,geostat_trade_export-sitc-2000-2026,SITC-2000-2025-years,F9,"Crude materials, inedible, except fuels","_(* #,##0.0_);_(* \(#,##0.0\);_(* ""-""?_);_(@_)"
sitc1,1,3,"Mineral fuels, lubricants and related materials",2003,export,goods.sitc1.2000-2025.3,23213225.179999987000,23213.225179999987,thousand_usd,numeric,unspecified,detail,2000-2025,geostat_trade_export-sitc-2000-2026,SITC-2000-2025-years,F10,"Mineral fuels, lubricants and related materials","_(* #,##0.0_);_(* \(#,##0.0\);_(* ""-""?_);_(@_)"
sitc1,1,4,"Animal and vegetable oils, fats and waxes",2003,export,goods.sitc1.2000-2025.4,112447.68000000002000,112.44768000000002,thousand_usd,numeric,unspecified,detail,2000-2025,geostat_trade_export-sitc-2000-2026,SITC-2000-2025-years,F11,"Animal and vegetable oils, fats and waxes","_(* #,##0.0_);_(* \(#,##0.0\);_(* ""-""?_);_(@_)"
sitc1,1,5,"Chemicals and related products, n.e.s.",2003,export,goods.sitc1.2000-2025.5,28538120.959999982000,28538.120959999982,thousand_usd,numeric,unspecified,detail,2000-2025,geostat_trade_export-sitc-2000-2026,SITC-2000-2025-years,F12,"Chemicals and related products, n.e.s.","_(* #,##0.0_);_(* \(#,##0.0\);_(* ""-""?_);_(@_)"
sitc1,1,6,Manufactured goods classified chiefly by material,2003,export,goods.sitc1.2000-2025.6,35581936.289999896000,35581.936289999896,thousand_usd,numeric,unspecified,detail,2000-2025,geostat_trade_export-sitc-2000-2026,SITC-2000-2025-years,F13,Manufactured goods classified chiefly by material,"_(* #,##0.0_);_(* \(#,##0.0\);_(* ""-""?_);_(@_)"
sitc1,1,7,Machinery and transport equipment,2003,export,goods.sitc1.2000-2025.7,57019603.929999925000,57019.603929999925,thousand_usd,numeric,unspecified,detail,2000-2025,geostat_trade_export-sitc-2000-2026,SITC-2000-2025-years,F14,Machinery and transport equipment,"_(* #,##0.0_);_(* \(#,##0.0\);_(* ""-""?_);_(@_)"
sitc1,1,8,Miscellaneous manufactured articles,2003,export,goods.sitc1.2000-2025.8,6512392.1799999935000,6512.3921799999935,thousand_usd,numeric,unspecified,detail,2000-2025,geostat_trade_export-sitc-2000-2026,SITC-2000-2025-years,F15,Miscellaneous manufactured articles,"_(* #,##0.0_);_(* \(#,##0.0\);_(* ""-""?_);_(@_)"
sitc1,1,9,Commodities not classified elsewhere in the SITC,2003,export,goods.sitc1.2000-2025.9,21149465.690000001000,21149.465690000001,thousand_usd,numeric,unspecified,detail,2000-2025,geostat_trade_export-sitc-2000-2026,SITC-2000-2025-years,F16,Commodities not classified elsewhere in the SITC,"_(* #,##0.0_);_(* \(#,##0.0\);_(* ""-""?_);_(@_)"
sitc1,1,,,2004,export,goods.total,646902962.53999928000,646902.96253999928,thousand_usd,numeric,unspecified,total,2000-2025,geostat_trade_export-sitc-2000-2026,SITC-2000-2025-years,G5,Total Exports,"_-* #,##0.0_-;\-* #,##0.0_-;_-* ""-""?_-;_-@_-"
sitc1,1,0,Food and live animals,2004,export,goods.sitc1.2000-2025.0,97596080.889999939000,97596.080889999939,thousand_usd,numeric,unspecified,detail,2000-2025,geostat_trade_export-sitc-2000-2026,SITC-2000-2025-years,G7,Food and live animals,"#,##0.0"
sitc1,1,1,Beverages and tobacco,2004,export,goods.sitc1.2000-2025.1,102422021.22999987000,102422.02122999987,thousand_usd,numeric,unspecified,detail,2000-2025,geostat_trade_export-sitc-2000-2026,SITC-2000-2025-years,G8,Beverages and tobacco,"#,##0.0"
sitc1,1,2,"Crude materials, inedible, except fuels",2004,export,goods.sitc1.2000-2025.2,169845480.07999946000,169845.48007999946,thousand_usd,numeric,unspecified,detail,2000-2025,geostat_trade_export-sitc-2000-2026,SITC-2000-2025-years,G9,"Crude materials, inedible, except fuels","#,##0.0"
sitc1,1,3,"Mineral fuels, lubricants and related materials",2004,export,goods.sitc1.2000-2025.3,22800917.309999972000,22800.917309999972,thousand_usd,numeric,unspecified,detail,2000-2025,geostat_trade_export-sitc-2000-2026,SITC-2000-2025-years,G10,"Mineral fuels, lubricants and related materials","#,##0.0"
sitc1,1,4,"Animal and vegetable oils, fats and waxes",2004,export,goods.sitc1.2000-2025.4,706187.41000000011000,706.18741000000011,thousand_usd,numeric,unspecified,detail,2000-2025,geostat_trade_export-sitc-2000-2026,SITC-2000-2025-years,G11,"Animal and vegetable oils, fats and waxes","#,##0.0"
sitc1,1,5,"Chemicals and related products, n.e.s.",2004,export,goods.sitc1.2000-2025.5,43506095.919999869000,43506.095919999869,thousand_usd,numeric,unspecified,detail,2000-2025,geostat_trade_export-sitc-2000-2026,SITC-2000-2025-years,G12,"Chemicals and related products, n.e.s.","#,##0.0"
sitc1,1,6,Manufactured goods classified chiefly by material,2004,export,goods.sitc1.2000-2025.6,62946782.210000078000,62946.782210000078,thousand_usd,numeric,unspecified,detail,2000-2025,geostat_trade_export-sitc-2000-2026,SITC-2000-2025-years,G13,Manufactured goods classified chiefly by material,"#,##0.0"
sitc1,1,7,Machinery and transport equipment,2004,export,goods.sitc1.2000-2025.7,119895958.17000009000,119895.95817000009,thousand_usd,numeric,unspecified,detail,2000-2025,geostat_trade_export-sitc-2000-2026,SITC-2000-2025-years,G14,Machinery and transport equipment,"#,##0.0"
sitc1,1,8,Miscellaneous manufactured articles,2004,export,goods.sitc1.2000-2025.8,7135481.9599999719000,7135.4819599999719,thousand_usd,numeric,unspecified,detail,2000-2025,geostat_trade_export-sitc-2000-2026,SITC-2000-2025-years,G15,Miscellaneous manufactured articles,"#,##0.0"
sitc1,1,9,Commodities not classified elsewhere in the SITC,2004,export,goods.sitc1.2000-2025.9,20047957.36000,20047.95736,thousand_usd,numeric,unspecified,detail,2000-2025,geostat_trade_export-sitc-2000-2026,SITC-2000-2025-years,G16,Commodities not classified elsewhere in the SITC,"#,##0.0"
sitc1,1,,,2005,export,goods.total,865455633.34075897000,865455.63334075897,thousand_usd,numeric,unspecified,total,2000-2025,geostat_trade_export-sitc-2000-2026,SITC-2000-2025-years,H5,Total Exports,"_-* #,##0.0_-;\-* #,##0.0_-;_-* ""-""?_-;_-@_-"
sitc1,1,0,Food and live animals,2005,export,goods.sitc1.2000-2025.0,134285995.45934747000,134285.99545934747,thousand_usd,numeric,unspecified,detail,2000-2025,geostat_trade_export-sitc-2000-2026,SITC-2000-2025-years,H7,Food and live animals,"_(* #,##0.0_);_(* \(#,##0.0\);_(* ""-""?_);_(@_)"
sitc1,1,1,Beverages and tobacco,2005,export,goods.sitc1.2000-2025.1,165702415.91645047000,165702.41591645047,thousand_usd,numeric,unspecified,detail,2000-2025,geostat_trade_export-sitc-2000-2026,SITC-2000-2025-years,H8,Beverages and tobacco,"_(* #,##0.0_);_(* \(#,##0.0\);_(* ""-""?_);_(@_)"
sitc1,1,2,"Crude materials, inedible, except fuels",2005,export,goods.sitc1.2000-2025.2,167169949.924224000,167169.949924224,thousand_usd,numeric,unspecified,detail,2000-2025,geostat_trade_export-sitc-2000-2026,SITC-2000-2025-years,H9,"Crude materials, inedible, except fuels","_(* #,##0.0_);_(* \(#,##0.0\);_(* ""-""?_);_(@_)"
sitc1,1,3,"Mineral fuels, lubricants and related materials",2005,export,goods.sitc1.2000-2025.3,27983281.161289884000,27983.281161289884,thousand_usd,numeric,unspecified,detail,2000-2025,geostat_trade_export-sitc-2000-2026,SITC-2000-2025-years,H10,"Mineral fuels, lubricants and related materials","_(* #,##0.0_);_(* \(#,##0.0\);_(* ""-""?_);_(@_)"
sitc1,1,4,"Animal and vegetable oils, fats and waxes",2005,export,goods.sitc1.2000-2025.4,202862.84087311239000,202.86284087311239,thousand_usd,numeric,unspecified,detail,2000-2025,geostat_trade_export-sitc-2000-2026,SITC-2000-2025-years,H11,"Animal and vegetable oils, fats and waxes","_(* #,##0.0_);_(* \(#,##0.0\);_(* ""-""?_);_(@_)"
sitc1,1,5,"Chemicals and related products, n.e.s.",2005,export,goods.sitc1.2000-2025.5,54979047.737630615000,54979.047737630615,thousand_usd,numeric,unspecified,detail,2000-2025,geostat_trade_export-sitc-2000-2026,SITC-2000-2025-years,H12,"Chemicals and related products, n.e.s.","_(* #,##0.0_);_(* \(#,##0.0\);_(* ""-""?_);_(@_)"
sitc1,1,6,Manufactured goods classified chiefly by material,2005,export,goods.sitc1.2000-2025.6,110299150.19058855000,110299.15019058855,thousand_usd,numeric,unspecified,detail,2000-2025,geostat_trade_export-sitc-2000-2026,SITC-2000-2025-years,H13,Manufactured goods classified chiefly by material,"_(* #,##0.0_);_(* \(#,##0.0\);_(* ""-""?_);_(@_)"
sitc1,1,7,Machinery and transport equipment,2005,export,goods.sitc1.2000-2025.7,146357857.1377662000,146357.8571377662,thousand_usd,numeric,unspecified,detail,2000-2025,geostat_trade_export-sitc-2000-2026,SITC-2000-2025-years,H14,Machinery and transport equipment,"_(* #,##0.0_);_(* \(#,##0.0\);_(* ""-""?_);_(@_)"
sitc1,1,8,Miscellaneous manufactured articles,2005,export,goods.sitc1.2000-2025.8,20005096.65037923000,20005.09665037923,thousand_usd,numeric,unspecified,detail,2000-2025,geostat_trade_export-sitc-2000-2026,SITC-2000-2025-years,H15,Miscellaneous manufactured articles,"_(* #,##0.0_);_(* \(#,##0.0\);_(* ""-""?_);_(@_)"
sitc1,1,9,Commodities not classified elsewhere in the SITC,2005,export,goods.sitc1.2000-2025.9,38469976.32220931000,38469.97632220931,thousand_usd,numeric,unspecified,detail,2000-2025,geostat_trade_export-sitc-2000-2026,SITC-2000-2025-years,H16,Commodities not classified elsewhere in the SITC,"_(* #,##0.0_);_(* \(#,##0.0\);_(* ""-""?_);_(@_)"
sitc1,1,,,2006,export,goods.total,936374626.9958386000,936374.6269958386,thousand_usd,numeric,unspecified,total,2000-2025,geostat_trade_export-sitc-2000-2026,SITC-2000-2025-years,I5,Total Exports,"_-* #,##0.0_-;\-* #,##0.0_-;_-* ""-""?_-;_-@_-"
sitc1,1,0,Food and live animals,2006,export,goods.sitc1.2000-2025.0,112577013.95860309000,112577.01395860309,thousand_usd,numeric,unspecified,detail,2000-2025,geostat_trade_export-sitc-2000-2026,SITC-2000-2025-years,I7,Food and live animals,"_(* #,##0.0_);_(* \(#,##0.0\);_(* ""-""?_);_(@_)"
sitc1,1,1,Beverages and tobacco,2006,export,goods.sitc1.2000-2025.1,119617408.93835646000,119617.40893835646,thousand_usd,numeric,unspecified,detail,2000-2025,geostat_trade_export-sitc-2000-2026,SITC-2000-2025-years,I8,Beverages and tobacco,"_(* #,##0.0_);_(* \(#,##0.0\);_(* ""-""?_);_(@_)"
sitc1,1,2,"Crude materials, inedible, except fuels",2006,export,goods.sitc1.2000-2025.2,222216774.30134561000,222216.77430134561,thousand_usd,numeric,unspecified,detail,2000-2025,geostat_trade_export-sitc-2000-2026,SITC-2000-2025-years,I9,"Crude materials, inedible, except fuels","_(* #,##0.0_);_(* \(#,##0.0\);_(* ""-""?_);_(@_)"
sitc1,1,3,"Mineral fuels, lubricants and related materials",2006,export,goods.sitc1.2000-2025.3,29833851.534119822000,29833.851534119822,thousand_usd,numeric,unspecified,detail,2000-2025,geostat_trade_export-sitc-2000-2026,SITC-2000-2025-years,I10,"Mineral fuels, lubricants and related materials","_(* #,##0.0_);_(* \(#,##0.0\);_(* ""-""?_);_(@_)"
sitc1,1,4,"Animal and vegetable oils, fats and waxes",2006,export,goods.sitc1.2000-2025.4,62572.361540851716000,62.572361540851716,thousand_usd,numeric,unspecified,detail,2000-2025,geostat_trade_export-sitc-2000-2026,SITC-2000-2025-years,I11,"Animal and vegetable oils, fats and waxes","_(* #,##0.0_);_(* \(#,##0.0\);_(* ""-""?_);_(@_)"
sitc1,1,5,"Chemicals and related products, n.e.s.",2006,export,goods.sitc1.2000-2025.5,73430158.125176167000,73430.158125176167,thousand_usd,numeric,unspecified,detail,2000-2025,geostat_trade_export-sitc-2000-2026,SITC-2000-2025-years,I12,"Chemicals and related products, n.e.s.","_(* #,##0.0_);_(* \(#,##0.0\);_(* ""-""?_);_(@_)"
sitc1,1,6,Manufactured goods classified chiefly by material,2006,export,goods.sitc1.2000-2025.6,138549968.61435423000,138549.96861435423,thousand_usd,numeric,unspecified,detail,2000-2025,geostat_trade_export-sitc-2000-2026,SITC-2000-2025-years,I13,Manufactured goods classified chiefly by material,"_(* #,##0.0_);_(* \(#,##0.0\);_(* ""-""?_);_(@_)"
sitc1,1,7,Machinery and transport equipment,2006,export,goods.sitc1.2000-2025.7,155132805.71755217000,155132.80571755217,thousand_usd,numeric,unspecified,detail,2000-2025,geostat_trade_export-sitc-2000-2026,SITC-2000-2025-years,I14,Machinery and transport equipment,"_(* #,##0.0_);_(* \(#,##0.0\);_(* ""-""?_);_(@_)"
sitc1,1,8,Miscellaneous manufactured articles,2006,export,goods.sitc1.2000-2025.8,30798741.09892741000,30798.74109892741,thousand_usd,numeric,unspecified,detail,2000-2025,geostat_trade_export-sitc-2000-2026,SITC-2000-2025-years,I15,Miscellaneous manufactured articles,"_(* #,##0.0_);_(* \(#,##0.0\);_(* ""-""?_);_(@_)"
sitc1,1,9,Commodities not classified elsewhere in the SITC,2006,export,goods.sitc1.2000-2025.9,54155332.345862684000,54155.332345862684,thousand_usd,numeric,unspecified,detail,2000-2025,geostat_trade_export-sitc-2000-2026,SITC-2000-2025-years,I16,Commodities not classified elsewhere in the SITC,"_(* #,##0.0_);_(* \(#,##0.0\);_(* ""-""?_);_(@_)"
sitc1,1,,,2007,export,goods.total,1232110470.0131076000,1232110.4700131076,thousand_usd,numeric,unspecified,total,2000-2025,geostat_trade_export-sitc-2000-2026,SITC-2000-2025-years,J5,Total Exports,"_-* #,##0.0_-;\-* #,##0.0_-;_-* ""-""?_-;_-@_-"
sitc1,1,0,Food and live animals,2007,export,goods.sitc1.2000-2025.0,149760833.12363003000,149760.83312363003,thousand_usd,numeric,unspecified,detail,2000-2025,geostat_trade_export-sitc-2000-2026,SITC-2000-2025-years,J7,Food and live animals,"_(* #,##0.0_);_(* \(#,##0.0\);_(* ""-""?_);_(@_)"
sitc1,1,1,Beverages and tobacco,2007,export,goods.sitc1.2000-2025.1,143204485.59452544000,143204.48559452544,thousand_usd,numeric,unspecified,detail,2000-2025,geostat_trade_export-sitc-2000-2026,SITC-2000-2025-years,J8,Beverages and tobacco,"_(* #,##0.0_);_(* \(#,##0.0\);_(* ""-""?_);_(@_)"
sitc1,1,2,"Crude materials, inedible, except fuels",2007,export,goods.sitc1.2000-2025.2,263278644.43197672000,263278.64443197672,thousand_usd,numeric,unspecified,detail,2000-2025,geostat_trade_export-sitc-2000-2026,SITC-2000-2025-years,J9,"Crude materials, inedible, except fuels","_(* #,##0.0_);_(* \(#,##0.0\);_(* ""-""?_);_(@_)"
sitc1,1,3,"Mineral fuels, lubricants and related materials",2007,export,goods.sitc1.2000-2025.3,45641236.45050043000,45641.23645050043,thousand_usd,numeric,unspecified,detail,2000-2025,geostat_trade_export-sitc-2000-2026,SITC-2000-2025-years,J10,"Mineral fuels, lubricants and related materials","_(* #,##0.0_);_(* \(#,##0.0\);_(* ""-""?_);_(@_)"
sitc1,1,4,"Animal and vegetable oils, fats and waxes",2007,export,goods.sitc1.2000-2025.4,1770683.6577241611000,1770.6836577241611,thousand_usd,numeric,unspecified,detail,2000-2025,geostat_trade_export-sitc-2000-2026,SITC-2000-2025-years,J11,"Animal and vegetable oils, fats and waxes","_(* #,##0.0_);_(* \(#,##0.0\);_(* ""-""?_);_(@_)"
sitc1,1,5,"Chemicals and related products, n.e.s.",2007,export,goods.sitc1.2000-2025.5,113743255.91436037000,113743.25591436037,thousand_usd,numeric,unspecified,detail,2000-2025,geostat_trade_export-sitc-2000-2026,SITC-2000-2025-years,J12,"Chemicals and related products, n.e.s.","_(* #,##0.0_);_(* \(#,##0.0\);_(* ""-""?_);_(@_)"
sitc1,1,6,Manufactured goods classified chiefly by material,2007,export,goods.sitc1.2000-2025.6,258384000.97400372000,258384.00097400372,thousand_usd,numeric,unspecified,detail,2000-2025,geostat_trade_export-sitc-2000-2026,SITC-2000-2025-years,J13,Manufactured goods classified chiefly by material,"_(* #,##0.0_);_(* \(#,##0.0\);_(* ""-""?_);_(@_)"
sitc1,1,7,Machinery and transport equipment,2007,export,goods.sitc1.2000-2025.7,153202701.71783841000,153202.70171783841,thousand_usd,numeric,unspecified,detail,2000-2025,geostat_trade_export-sitc-2000-2026,SITC-2000-2025-years,J14,Machinery and transport equipment,"_(* #,##0.0_);_(* \(#,##0.0\);_(* ""-""?_);_(@_)"
sitc1,1,8,Miscellaneous manufactured articles,2007,export,goods.sitc1.2000-2025.8,25488496.895716191000,25488.496895716191,thousand_usd,numeric,unspecified,detail,2000-2025,geostat_trade_export-sitc-2000-2026,SITC-2000-2025-years,J15,Miscellaneous manufactured articles,"_(* #,##0.0_);_(* \(#,##0.0\);_(* ""-""?_);_(@_)"
sitc1,1,9,Commodities not classified elsewhere in the SITC,2007,export,goods.sitc1.2000-2025.9,77636131.252831998000,77636.131252831998,thousand_usd,numeric,unspecified,detail,2000-2025,geostat_trade_export-sitc-2000-2026,SITC-2000-2025-years,J16,Commodities not classified elsewhere in the SITC,"_(* #,##0.0_);_(* \(#,##0.0\);_(* ""-""?_);_(@_)"
sitc1,1,,,2008,export,goods.total,1495345238.1093604000,1495345.2381093604,thousand_usd,numeric,unspecified,total,2000-2025,geostat_trade_export-sitc-2000-2026,SITC-2000-2025-years,K5,Total Exports,"_-* #,##0.0_-;\-* #,##0.0_-;_-* ""-""?_-;_-@_-"
sitc1,1,0,Food and live animals,2008,export,goods.sitc1.2000-2025.0,103775567.13087781000,103775.56713087781,thousand_usd,numeric,unspecified,detail,2000-2025,geostat_trade_export-sitc-2000-2026,SITC-2000-2025-years,K7,Food and live animals,"_(* #,##0.0_);_(* \(#,##0.0\);_(* ""-""?_);_(@_)"
sitc1,1,1,Beverages and tobacco,2008,export,goods.sitc1.2000-2025.1,138336045.40813607000,138336.04540813607,thousand_usd,numeric,unspecified,detail,2000-2025,geostat_trade_export-sitc-2000-2026,SITC-2000-2025-years,K8,Beverages and tobacco,"_(* #,##0.0_);_(* \(#,##0.0\);_(* ""-""?_);_(@_)"
sitc1,1,2,"Crude materials, inedible, except fuels",2008,export,goods.sitc1.2000-2025.2,329264472.99026093000,329264.47299026093,thousand_usd,numeric,unspecified,detail,2000-2025,geostat_trade_export-sitc-2000-2026,SITC-2000-2025-years,K9,"Crude materials, inedible, except fuels","_(* #,##0.0_);_(* \(#,##0.0\);_(* ""-""?_);_(@_)"
sitc1,1,3,"Mineral fuels, lubricants and related materials",2008,export,goods.sitc1.2000-2025.3,45490265.051677452000,45490.265051677452,thousand_usd,numeric,unspecified,detail,2000-2025,geostat_trade_export-sitc-2000-2026,SITC-2000-2025-years,K10,"Mineral fuels, lubricants and related materials","_(* #,##0.0_);_(* \(#,##0.0\);_(* ""-""?_);_(@_)"
sitc1,1,4,"Animal and vegetable oils, fats and waxes",2008,export,goods.sitc1.2000-2025.4,2011548.2151949902000,2011.5482151949902,thousand_usd,numeric,unspecified,detail,2000-2025,geostat_trade_export-sitc-2000-2026,SITC-2000-2025-years,K11,"Animal and vegetable oils, fats and waxes","_(* #,##0.0_);_(* \(#,##0.0\);_(* ""-""?_);_(@_)"
sitc1,1,5,"Chemicals and related products, n.e.s.",2008,export,goods.sitc1.2000-2025.5,151076427.90456139000,151076.42790456139,thousand_usd,numeric,unspecified,detail,2000-2025,geostat_trade_export-sitc-2000-2026,SITC-2000-2025-years,K12,"Chemicals and related products, n.e.s.","_(* #,##0.0_);_(* \(#,##0.0\);_(* ""-""?_);_(@_)"
sitc1,1,6,Manufactured goods classified chiefly by material,2008,export,goods.sitc1.2000-2025.6,391892651.29295626000,391892.65129295626,thousand_usd,numeric,unspecified,detail,2000-2025,geostat_trade_export-sitc-2000-2026,SITC-2000-2025-years,K13,Manufactured goods classified chiefly by material,"_(* #,##0.0_);_(* \(#,##0.0\);_(* ""-""?_);_(@_)"
sitc1,1,7,Machinery and transport equipment,2008,export,goods.sitc1.2000-2025.7,191076143.3525967000,191076.1433525967,thousand_usd,numeric,unspecified,detail,2000-2025,geostat_trade_export-sitc-2000-2026,SITC-2000-2025-years,K14,Machinery and transport equipment,"_(* #,##0.0_);_(* \(#,##0.0\);_(* ""-""?_);_(@_)"
sitc1,1,8,Miscellaneous manufactured articles,2008,export,goods.sitc1.2000-2025.8,33759752.987112239000,33759.752987112239,thousand_usd,numeric,unspecified,detail,2000-2025,geostat_trade_export-sitc-2000-2026,SITC-2000-2025-years,K15,Miscellaneous manufactured articles,"_(* #,##0.0_);_(* \(#,##0.0\);_(* ""-""?_);_(@_)"
sitc1,1,9,Commodities not classified elsewhere in the SITC,2008,export,goods.sitc1.2000-2025.9,108662363.77598665000,108662.36377598665,thousand_usd,numeric,unspecified,detail,2000-2025,geostat_trade_export-sitc-2000-2026,SITC-2000-2025-years,K16,Commodities not classified elsewhere in the SITC,"_(* #,##0.0_);_(* \(#,##0.0\);_(* ""-""?_);_(@_)"
sitc1,1,,,2009,export,goods.total,1133630226.2349408000,1133630.2262349408,thousand_usd,numeric,unspecified,total,2000-2025,geostat_trade_export-sitc-2000-2026,SITC-2000-2025-years,L5,Total Exports,"_-* #,##0.0_-;\-* #,##0.0_-;_-* ""-""?_-;_-@_-"
sitc1,1,0,Food and live animals,2009,export,goods.sitc1.2000-2025.0,168450854.62750532000,168450.85462750532,thousand_usd,numeric,unspecified,detail,2000-2025,geostat_trade_export-sitc-2000-2026,SITC-2000-2025-years,L7,Food and live animals,"#,##0.0"
sitc1,1,1,Beverages and tobacco,2009,export,goods.sitc1.2000-2025.1,123785989.56275306000,123785.98956275306,thousand_usd,numeric,unspecified,detail,2000-2025,geostat_trade_export-sitc-2000-2026,SITC-2000-2025-years,L8,Beverages and tobacco,"#,##0.0"
sitc1,1,2,"Crude materials, inedible, except fuels",2009,export,goods.sitc1.2000-2025.2,199705061.80219993000,199705.06180219993,thousand_usd,numeric,unspecified,detail,2000-2025,geostat_trade_export-sitc-2000-2026,SITC-2000-2025-years,L9,"Crude materials, inedible, except fuels","#,##0.0"
sitc1,1,3,"Mineral fuels, lubricants and related materials",2009,export,goods.sitc1.2000-2025.3,44334621.875978097000,44334.621875978097,thousand_usd,numeric,unspecified,detail,2000-2025,geostat_trade_export-sitc-2000-2026,SITC-2000-2025-years,L10,"Mineral fuels, lubricants and related materials","#,##0.0"
sitc1,1,4,"Animal and vegetable oils, fats and waxes",2009,export,goods.sitc1.2000-2025.4,397503.17062291367000,397.50317062291367,thousand_usd,numeric,unspecified,detail,2000-2025,geostat_trade_export-sitc-2000-2026,SITC-2000-2025-years,L11,"Animal and vegetable oils, fats and waxes","#,##0.0"
sitc1,1,5,"Chemicals and related products, n.e.s.",2009,export,goods.sitc1.2000-2025.5,105312899.45645437000,105312.89945645437,thousand_usd,numeric,unspecified,detail,2000-2025,geostat_trade_export-sitc-2000-2026,SITC-2000-2025-years,L12,"Chemicals and related products, n.e.s.","#,##0.0"
sitc1,1,6,Manufactured goods classified chiefly by material,2009,export,goods.sitc1.2000-2025.6,181131689.94918672000,181131.68994918672,thousand_usd,numeric,unspecified,detail,2000-2025,geostat_trade_export-sitc-2000-2026,SITC-2000-2025-years,L13,Manufactured goods classified chiefly by material,"#,##0.0"
sitc1,1,7,Machinery and transport equipment,2009,export,goods.sitc1.2000-2025.7,151479942.54473492000,151479.94254473492,thousand_usd,numeric,unspecified,detail,2000-2025,geostat_trade_export-sitc-2000-2026,SITC-2000-2025-years,L14,Machinery and transport equipment,"#,##0.0"
sitc1,1,8,Miscellaneous manufactured articles,2009,export,goods.sitc1.2000-2025.8,38112483.71362489000,38112.48371362489,thousand_usd,numeric,unspecified,detail,2000-2025,geostat_trade_export-sitc-2000-2026,SITC-2000-2025-years,L15,Miscellaneous manufactured articles,"#,##0.0"
sitc1,1,9,Commodities not classified elsewhere in the SITC,2009,export,goods.sitc1.2000-2025.9,120919179.53187961000,120919.17953187961,thousand_usd,numeric,unspecified,detail,2000-2025,geostat_trade_export-sitc-2000-2026,SITC-2000-2025-years,L16,Commodities not classified elsewhere in the SITC,"#,##0.0"
sitc1,1,,,2010,export,goods.total,1677306898.4732544000,1677306.8984732544,thousand_usd,numeric,unspecified,total,2000-2025,geostat_trade_export-sitc-2000-2026,SITC-2000-2025-years,M5,Total Exports,"_-* #,##0.0_-;\-* #,##0.0_-;_-* ""-""?_-;_-@_-"
sitc1,1,0,Food and live animals,2010,export,goods.sitc1.2000-2025.0,189417484.36756275000,189417.48436756275,thousand_usd,numeric,unspecified,detail,2000-2025,geostat_trade_export-sitc-2000-2026,SITC-2000-2025-years,M7,Food and live animals,"#,##0.0"
sitc1,1,1,Beverages and tobacco,2010,export,goods.sitc1.2000-2025.1,151827458.63965322000,151827.45863965322,thousand_usd,numeric,unspecified,detail,2000-2025,geostat_trade_export-sitc-2000-2026,SITC-2000-2025-years,M8,Beverages and tobacco,"#,##0.0"
sitc1,1,2,"Crude materials, inedible, except fuels",2010,export,goods.sitc1.2000-2025.2,271935707.91372051000,271935.70791372051,thousand_usd,numeric,unspecified,detail,2000-2025,geostat_trade_export-sitc-2000-2026,SITC-2000-2025-years,M9,"Crude materials, inedible, except fuels","#,##0.0"
sitc1,1,3,"Mineral fuels, lubricants and related materials",2010,export,goods.sitc1.2000-2025.3,70636571.2326785000,70636.5712326785,thousand_usd,numeric,unspecified,detail,2000-2025,geostat_trade_export-sitc-2000-2026,SITC-2000-2025-years,M10,"Mineral fuels, lubricants and related materials","#,##0.0"
sitc1,1,4,"Animal and vegetable oils, fats and waxes",2010,export,goods.sitc1.2000-2025.4,1295777.462974359000,1295.777462974359,thousand_usd,numeric,unspecified,detail,2000-2025,geostat_trade_export-sitc-2000-2026,SITC-2000-2025-years,M11,"Animal and vegetable oils, fats and waxes","#,##0.0"
sitc1,1,5,"Chemicals and related products, n.e.s.",2010,export,goods.sitc1.2000-2025.5,144172840.11355077000,144172.84011355077,thousand_usd,numeric,unspecified,detail,2000-2025,geostat_trade_export-sitc-2000-2026,SITC-2000-2025-years,M12,"Chemicals and related products, n.e.s.","#,##0.0"
sitc1,1,6,Manufactured goods classified chiefly by material,2010,export,goods.sitc1.2000-2025.6,348079316.51078252000,348079.31651078252,thousand_usd,numeric,unspecified,detail,2000-2025,geostat_trade_export-sitc-2000-2026,SITC-2000-2025-years,M13,Manufactured goods classified chiefly by material,"#,##0.0"
sitc1,1,7,Machinery and transport equipment,2010,export,goods.sitc1.2000-2025.7,329813241.11423368000,329813.24111423368,thousand_usd,numeric,unspecified,detail,2000-2025,geostat_trade_export-sitc-2000-2026,SITC-2000-2025-years,M14,Machinery and transport equipment,"#,##0.0"
sitc1,1,8,Miscellaneous manufactured articles,2010,export,goods.sitc1.2000-2025.8,48163457.379145199000,48163.457379145199,thousand_usd,numeric,unspecified,detail,2000-2025,geostat_trade_export-sitc-2000-2026,SITC-2000-2025-years,M15,Miscellaneous manufactured articles,"#,##0.0"
sitc1,1,9,Commodities not classified elsewhere in the SITC,2010,export,goods.sitc1.2000-2025.9,121965043.73895319000,121965.04373895319,thousand_usd,numeric,unspecified,detail,2000-2025,geostat_trade_export-sitc-2000-2026,SITC-2000-2025-years,M16,Commodities not classified elsewhere in the SITC,"#,##0.0"
sitc1,1,,,2011,export,goods.total,2186421208.8432973000,2186421.2088432973,thousand_usd,numeric,unspecified,total,2000-2025,geostat_trade_export-sitc-2000-2026,SITC-2000-2025-years,N5,Total Exports,"_-* #,##0.0_-;\-* #,##0.0_-;_-* ""-""?_-;_-@_-"
sitc1,1,0,Food and live animals,2011,export,goods.sitc1.2000-2025.0,236352855.39358589000,236352.85539358589,thousand_usd,numeric,unspecified,detail,2000-2025,geostat_trade_export-sitc-2000-2026,SITC-2000-2025-years,N7,Food and live animals,"#,##0.0"
sitc1,1,1,Beverages and tobacco,2011,export,goods.sitc1.2000-2025.1,188711844.30837672000,188711.84430837672,thousand_usd,numeric,unspecified,detail,2000-2025,geostat_trade_export-sitc-2000-2026,SITC-2000-2025-years,N8,Beverages and tobacco,"#,##0.0"
sitc1,1,2,"Crude materials, inedible, except fuels",2011,export,goods.sitc1.2000-2025.2,302421464.86485749000,302421.46486485749,thousand_usd,numeric,unspecified,detail,2000-2025,geostat_trade_export-sitc-2000-2026,SITC-2000-2025-years,N9,"Crude materials, inedible, except fuels","#,##0.0"
sitc1,1,3,"Mineral fuels, lubricants and related materials",2011,export,goods.sitc1.2000-2025.3,72279250.322991837000,72279.250322991837,thousand_usd,numeric,unspecified,detail,2000-2025,geostat_trade_export-sitc-2000-2026,SITC-2000-2025-years,N10,"Mineral fuels, lubricants and related materials","#,##0.0"
sitc1,1,4,"Animal and vegetable oils, fats and waxes",2011,export,goods.sitc1.2000-2025.4,3689048.7148879893000,3689.0487148879893,thousand_usd,numeric,unspecified,detail,2000-2025,geostat_trade_export-sitc-2000-2026,SITC-2000-2025-years,N11,"Animal and vegetable oils, fats and waxes","#,##0.0"
sitc1,1,5,"Chemicals and related products, n.e.s.",2011,export,goods.sitc1.2000-2025.5,232953657.78535369000,232953.65778535369,thousand_usd,numeric,unspecified,detail,2000-2025,geostat_trade_export-sitc-2000-2026,SITC-2000-2025-years,N12,"Chemicals and related products, n.e.s.","#,##0.0"
sitc1,1,6,Manufactured goods classified chiefly by material,2011,export,goods.sitc1.2000-2025.6,389109746.69562303000,389109.74669562303,thousand_usd,numeric,unspecified,detail,2000-2025,geostat_trade_export-sitc-2000-2026,SITC-2000-2025-years,N13,Manufactured goods classified chiefly by material,"#,##0.0"
sitc1,1,7,Machinery and transport equipment,2011,export,goods.sitc1.2000-2025.7,594741075.43868443000,594741.07543868443,thousand_usd,numeric,unspecified,detail,2000-2025,geostat_trade_export-sitc-2000-2026,SITC-2000-2025-years,N14,Machinery and transport equipment,"#,##0.0"
sitc1,1,8,Miscellaneous manufactured articles,2011,export,goods.sitc1.2000-2025.8,51839387.44735709000,51839.38744735709,thousand_usd,numeric,unspecified,detail,2000-2025,geostat_trade_export-sitc-2000-2026,SITC-2000-2025-years,N15,Miscellaneous manufactured articles,"#,##0.0"
sitc1,1,9,Commodities not classified elsewhere in the SITC,2011,export,goods.sitc1.2000-2025.9,114322877.87158033000,114322.87787158033,thousand_usd,numeric,unspecified,detail,2000-2025,geostat_trade_export-sitc-2000-2026,SITC-2000-2025-years,N16,Commodities not classified elsewhere in the SITC,"#,##0.0"
sitc1,1,,,2012,export,goods.total,2376635368.206196000,2376635.368206196,thousand_usd,numeric,unspecified,total,2000-2025,geostat_trade_export-sitc-2000-2026,SITC-2000-2025-years,O5,Total Exports,"_-* #,##0.0_-;\-* #,##0.0_-;_-* ""-""?_-;_-@_-"
sitc1,1,0,Food and live animals,2012,export,goods.sitc1.2000-2025.0,271049387.07724982000,271049.38707724982,thousand_usd,numeric,unspecified,detail,2000-2025,geostat_trade_export-sitc-2000-2026,SITC-2000-2025-years,O7,Food and live animals,"#,##0.0"
sitc1,1,1,Beverages and tobacco,2012,export,goods.sitc1.2000-2025.1,229788446.57448094000,229788.44657448094,thousand_usd,numeric,unspecified,detail,2000-2025,geostat_trade_export-sitc-2000-2026,SITC-2000-2025-years,O8,Beverages and tobacco,"#,##0.0"
sitc1,1,2,"Crude materials, inedible, except fuels",2012,export,goods.sitc1.2000-2025.2,181300161.44590787000,181300.16144590787,thousand_usd,numeric,unspecified,detail,2000-2025,geostat_trade_export-sitc-2000-2026,SITC-2000-2025-years,O9,"Crude materials, inedible, except fuels","#,##0.0"
sitc1,1,3,"Mineral fuels, lubricants and related materials",2012,export,goods.sitc1.2000-2025.3,50280136.109001658000,50280.136109001658,thousand_usd,numeric,unspecified,detail,2000-2025,geostat_trade_export-sitc-2000-2026,SITC-2000-2025-years,O10,"Mineral fuels, lubricants and related materials","#,##0.0"
sitc1,1,4,"Animal and vegetable oils, fats and waxes",2012,export,goods.sitc1.2000-2025.4,2315895.0903391274000,2315.8950903391274,thousand_usd,numeric,unspecified,detail,2000-2025,geostat_trade_export-sitc-2000-2026,SITC-2000-2025-years,O11,"Animal and vegetable oils, fats and waxes","#,##0.0"
sitc1,1,5,"Chemicals and related products, n.e.s.",2012,export,goods.sitc1.2000-2025.5,268891969.59007526000,268891.96959007526,thousand_usd,numeric,unspecified,detail,2000-2025,geostat_trade_export-sitc-2000-2026,SITC-2000-2025-years,O12,"Chemicals and related products, n.e.s.","#,##0.0"
sitc1,1,6,Manufactured goods classified chiefly by material,2012,export,goods.sitc1.2000-2025.6,429657802.41262558000,429657.80241262558,thousand_usd,numeric,unspecified,detail,2000-2025,geostat_trade_export-sitc-2000-2026,SITC-2000-2025-years,O13,Manufactured goods classified chiefly by material,"#,##0.0"
sitc1,1,7,Machinery and transport equipment,2012,export,goods.sitc1.2000-2025.7,736349085.68024519000,736349.08568024519,thousand_usd,numeric,unspecified,detail,2000-2025,geostat_trade_export-sitc-2000-2026,SITC-2000-2025-years,O14,Machinery and transport equipment,"#,##0.0"
sitc1,1,8,Miscellaneous manufactured articles,2012,export,goods.sitc1.2000-2025.8,78599904.696257232000,78599.904696257232,thousand_usd,numeric,unspecified,detail,2000-2025,geostat_trade_export-sitc-2000-2026,SITC-2000-2025-years,O15,Miscellaneous manufactured articles,"#,##0.0"
sitc1,1,9,Commodities not classified elsewhere in the SITC,2012,export,goods.sitc1.2000-2025.9,128402579.53004155000,128402.57953004155,thousand_usd,numeric,unspecified,detail,2000-2025,geostat_trade_export-sitc-2000-2026,SITC-2000-2025-years,O16,Commodities not classified elsewhere in the SITC,"#,##0.0"
sitc1,1,,,2013,export,goods.total,2910314539.8167092000,2910314.5398167092,thousand_usd,numeric,unspecified,total,2000-2025,geostat_trade_export-sitc-2000-2026,SITC-2000-2025-years,P5,Total Exports,"_-* #,##0.0_-;\-* #,##0.0_-;_-* ""-""?_-;_-@_-"
sitc1,1,0,Food and live animals,2013,export,goods.sitc1.2000-2025.0,400815140.72268829000,400815.14072268829,thousand_usd,numeric,unspecified,detail,2000-2025,geostat_trade_export-sitc-2000-2026,SITC-2000-2025-years,P7,Food and live animals,"#,##0.0"
sitc1,1,1,Beverages and tobacco,2013,export,goods.sitc1.2000-2025.1,356797172.95995186000,356797.17295995186,thousand_usd,numeric,unspecified,detail,2000-2025,geostat_trade_export-sitc-2000-2026,SITC-2000-2025-years,P8,Beverages and tobacco,"#,##0.0"
sitc1,1,2,"Crude materials, inedible, except fuels",2013,export,goods.sitc1.2000-2025.2,249077357.21084481000,249077.35721084481,thousand_usd,numeric,unspecified,detail,2000-2025,geostat_trade_export-sitc-2000-2026,SITC-2000-2025-years,P9,"Crude materials, inedible, except fuels","#,##0.0"
sitc1,1,3,"Mineral fuels, lubricants and related materials",2013,export,goods.sitc1.2000-2025.3,70631208.664317761000,70631.208664317761,thousand_usd,numeric,unspecified,detail,2000-2025,geostat_trade_export-sitc-2000-2026,SITC-2000-2025-years,P10,"Mineral fuels, lubricants and related materials","#,##0.0"
sitc1,1,4,"Animal and vegetable oils, fats and waxes",2013,export,goods.sitc1.2000-2025.4,11939487.576099822000,11939.487576099822,thousand_usd,numeric,unspecified,detail,2000-2025,geostat_trade_export-sitc-2000-2026,SITC-2000-2025-years,P11,"Animal and vegetable oils, fats and waxes","#,##0.0"
sitc1,1,5,"Chemicals and related products, n.e.s.",2013,export,goods.sitc1.2000-2025.5,265226907.43559046000,265226.90743559046,thousand_usd,numeric,unspecified,detail,2000-2025,geostat_trade_export-sitc-2000-2026,SITC-2000-2025-years,P12,"Chemicals and related products, n.e.s.","#,##0.0"
sitc1,1,6,Manufactured goods classified chiefly by material,2013,export,goods.sitc1.2000-2025.6,489760286.34828411000,489760.28634828411,thousand_usd,numeric,unspecified,detail,2000-2025,geostat_trade_export-sitc-2000-2026,SITC-2000-2025-years,P13,Manufactured goods classified chiefly by material,"#,##0.0"
sitc1,1,7,Machinery and transport equipment,2013,export,goods.sitc1.2000-2025.7,884706782.38232329000,884706.78238232329,thousand_usd,numeric,unspecified,detail,2000-2025,geostat_trade_export-sitc-2000-2026,SITC-2000-2025-years,P14,Machinery and transport equipment,"#,##0.0"
sitc1,1,8,Miscellaneous manufactured articles,2013,export,goods.sitc1.2000-2025.8,103375014.66947819000,103375.01466947819,thousand_usd,numeric,unspecified,detail,2000-2025,geostat_trade_export-sitc-2000-2026,SITC-2000-2025-years,P15,Miscellaneous manufactured articles,"#,##0.0"
sitc1,1,9,Commodities not classified elsewhere in the SITC,2013,export,goods.sitc1.2000-2025.9,77985181.847130327000,77985.181847130327,thousand_usd,numeric,unspecified,detail,2000-2025,geostat_trade_export-sitc-2000-2026,SITC-2000-2025-years,P16,Commodities not classified elsewhere in the SITC,"#,##0.0"
sitc1,1,,,2014,export,goods.total,2861045178.6708655000,2861045.1786708655,thousand_usd,numeric,unspecified,total,2000-2025,geostat_trade_export-sitc-2000-2026,SITC-2000-2025-years,Q5,Total Exports,"_-* #,##0.0_-;\-* #,##0.0_-;_-* ""-""?_-;_-@_-"
sitc1,1,0,Food and live animals,2014,export,goods.sitc1.2000-2025.0,365479948.51048623000,365479.94851048623,thousand_usd,numeric,unspecified,detail,2000-2025,geostat_trade_export-sitc-2000-2026,SITC-2000-2025-years,Q7,Food and live animals,"#,##0.0"
sitc1,1,1,Beverages and tobacco,2014,export,goods.sitc1.2000-2025.1,446474341.89947665000,446474.34189947665,thousand_usd,numeric,unspecified,detail,2000-2025,geostat_trade_export-sitc-2000-2026,SITC-2000-2025-years,Q8,Beverages and tobacco,"#,##0.0"
sitc1,1,2,"Crude materials, inedible, except fuels",2014,export,goods.sitc1.2000-2025.2,319841500.9561996000,319841.5009561996,thousand_usd,numeric,unspecified,detail,2000-2025,geostat_trade_export-sitc-2000-2026,SITC-2000-2025-years,Q9,"Crude materials, inedible, except fuels","#,##0.0"
sitc1,1,3,"Mineral fuels, lubricants and related materials",2014,export,goods.sitc1.2000-2025.3,76999313.325056559000,76999.313325056559,thousand_usd,numeric,unspecified,detail,2000-2025,geostat_trade_export-sitc-2000-2026,SITC-2000-2025-years,Q10,"Mineral fuels, lubricants and related materials","#,##0.0"
sitc1,1,4,"Animal and vegetable oils, fats and waxes",2014,export,goods.sitc1.2000-2025.4,8076976.1675510535000,8076.9761675510535,thousand_usd,numeric,unspecified,detail,2000-2025,geostat_trade_export-sitc-2000-2026,SITC-2000-2025-years,Q11,"Animal and vegetable oils, fats and waxes","#,##0.0"
sitc1,1,5,"Chemicals and related products, n.e.s.",2014,export,goods.sitc1.2000-2025.5,298813423.42245008000,298813.42342245008,thousand_usd,numeric,unspecified,detail,2000-2025,geostat_trade_export-sitc-2000-2026,SITC-2000-2025-years,Q12,"Chemicals and related products, n.e.s.","#,##0.0"
sitc1,1,6,Manufactured goods classified chiefly by material,2014,export,goods.sitc1.2000-2025.6,508699980.82405544000,508699.98082405544,thousand_usd,numeric,unspecified,detail,2000-2025,geostat_trade_export-sitc-2000-2026,SITC-2000-2025-years,Q13,Manufactured goods classified chiefly by material,"#,##0.0"
sitc1,1,7,Machinery and transport equipment,2014,export,goods.sitc1.2000-2025.7,660611348.36624039000,660611.34836624039,thousand_usd,numeric,unspecified,detail,2000-2025,geostat_trade_export-sitc-2000-2026,SITC-2000-2025-years,Q14,Machinery and transport equipment,"#,##0.0"
sitc1,1,8,Miscellaneous manufactured articles,2014,export,goods.sitc1.2000-2025.8,129511993.82868836000,129511.99382868836,thousand_usd,numeric,unspecified,detail,2000-2025,geostat_trade_export-sitc-2000-2026,SITC-2000-2025-years,Q15,Miscellaneous manufactured articles,"#,##0.0"
sitc1,1,9,Commodities not classified elsewhere in the SITC,2014,export,goods.sitc1.2000-2025.9,46536351.370661621000,46536.351370661621,thousand_usd,numeric,unspecified,detail,2000-2025,geostat_trade_export-sitc-2000-2026,SITC-2000-2025-years,Q16,Commodities not classified elsewhere in the SITC,"#,##0.0"
sitc1,1,,,2015,export,goods.total,2204182637.4688498000,2204182.6374688498,thousand_usd,numeric,unspecified,total,2000-2025,geostat_trade_export-sitc-2000-2026,SITC-2000-2025-years,R5,Total Exports,"_(* #,##0.0_);_(* \(#,##0.0\);_(* ""-""?_);_(@_)"
sitc1,1,0,Food and live animals,2015,export,goods.sitc1.2000-2025.0,327629098.73019694000,327629.09873019694,thousand_usd,numeric,unspecified,detail,2000-2025,geostat_trade_export-sitc-2000-2026,SITC-2000-2025-years,R7,Food and live animals,"_(* #,##0.0_);_(* \(#,##0.0\);_(* ""-""?_);_(@_)"
sitc1,1,1,Beverages and tobacco,2015,export,goods.sitc1.2000-2025.1,270968495.13947399000,270968.49513947399,thousand_usd,numeric,unspecified,detail,2000-2025,geostat_trade_export-sitc-2000-2026,SITC-2000-2025-years,R8,Beverages and tobacco,"_(* #,##0.0_);_(* \(#,##0.0\);_(* ""-""?_);_(@_)"
sitc1,1,2,"Crude materials, inedible, except fuels",2015,export,goods.sitc1.2000-2025.2,330139215.26519285000,330139.21526519285,thousand_usd,numeric,unspecified,detail,2000-2025,geostat_trade_export-sitc-2000-2026,SITC-2000-2025-years,R9,"Crude materials, inedible, except fuels","_(* #,##0.0_);_(* \(#,##0.0\);_(* ""-""?_);_(@_)"
sitc1,1,3,"Mineral fuels, lubricants and related materials",2015,export,goods.sitc1.2000-2025.3,136431058.00729417000,136431.05800729417,thousand_usd,numeric,unspecified,detail,2000-2025,geostat_trade_export-sitc-2000-2026,SITC-2000-2025-years,R10,"Mineral fuels, lubricants and related materials","_(* #,##0.0_);_(* \(#,##0.0\);_(* ""-""?_);_(@_)"
sitc1,1,4,"Animal and vegetable oils, fats and waxes",2015,export,goods.sitc1.2000-2025.4,7980825.6260171383000,7980.8256260171383,thousand_usd,numeric,unspecified,detail,2000-2025,geostat_trade_export-sitc-2000-2026,SITC-2000-2025-years,R11,"Animal and vegetable oils, fats and waxes","_(* #,##0.0_);_(* \(#,##0.0\);_(* ""-""?_);_(@_)"
sitc1,1,5,"Chemicals and related products, n.e.s.",2015,export,goods.sitc1.2000-2025.5,317450853.32104372000,317450.85332104372,thousand_usd,numeric,unspecified,detail,2000-2025,geostat_trade_export-sitc-2000-2026,SITC-2000-2025-years,R12,"Chemicals and related products, n.e.s.","_(* #,##0.0_);_(* \(#,##0.0\);_(* ""-""?_);_(@_)"
sitc1,1,6,Manufactured goods classified chiefly by material,2015,export,goods.sitc1.2000-2025.6,320499519.43764102000,320499.51943764102,thousand_usd,numeric,unspecified,detail,2000-2025,geostat_trade_export-sitc-2000-2026,SITC-2000-2025-years,R13,Manufactured goods classified chiefly by material,"_(* #,##0.0_);_(* \(#,##0.0\);_(* ""-""?_);_(@_)"
sitc1,1,7,Machinery and transport equipment,2015,export,goods.sitc1.2000-2025.7,294269611.02037283000,294269.61102037283,thousand_usd,numeric,unspecified,detail,2000-2025,geostat_trade_export-sitc-2000-2026,SITC-2000-2025-years,R14,Machinery and transport equipment,"_(* #,##0.0_);_(* \(#,##0.0\);_(* ""-""?_);_(@_)"
sitc1,1,8,Miscellaneous manufactured articles,2015,export,goods.sitc1.2000-2025.8,130450939.29097363000,130450.93929097363,thousand_usd,numeric,unspecified,detail,2000-2025,geostat_trade_export-sitc-2000-2026,SITC-2000-2025-years,R15,Miscellaneous manufactured articles,"_(* #,##0.0_);_(* \(#,##0.0\);_(* ""-""?_);_(@_)"
sitc1,1,9,Commodities not classified elsewhere in the SITC,2015,export,goods.sitc1.2000-2025.9,68363021.630643503000,68363.021630643503,thousand_usd,numeric,unspecified,detail,2000-2025,geostat_trade_export-sitc-2000-2026,SITC-2000-2025-years,R16,Commodities not classified elsewhere in the SITC,"_(* #,##0.0_);_(* \(#,##0.0\);_(* ""-""?_);_(@_)"
sitc1,1,,,2016,export,goods.total,2117136440.044451000,2117136.440044451,thousand_usd,numeric,unspecified,total,2000-2025,geostat_trade_export-sitc-2000-2026,SITC-2000-2025-years,S5,Total Exports,"_(* #,##0.0_);_(* \(#,##0.0\);_(* ""-""?_);_(@_)"
sitc1,1,0,Food and live animals,2016,export,goods.sitc1.2000-2025.0,363989244.35982161000,363989.24435982161,thousand_usd,numeric,unspecified,detail,2000-2025,geostat_trade_export-sitc-2000-2026,SITC-2000-2025-years,S7,Food and live animals,"_(* #,##0.0_);_(* \(#,##0.0\);_(* ""-""?_);_(@_)"
sitc1,1,1,Beverages and tobacco,2016,export,goods.sitc1.2000-2025.1,312466689.40286717000,312466.68940286717,thousand_usd,numeric,unspecified,detail,2000-2025,geostat_trade_export-sitc-2000-2026,SITC-2000-2025-years,S8,Beverages and tobacco,"_(* #,##0.0_);_(* \(#,##0.0\);_(* ""-""?_);_(@_)"
sitc1,1,2,"Crude materials, inedible, except fuels",2016,export,goods.sitc1.2000-2025.2,386028922.81793489000,386028.92281793489,thousand_usd,numeric,unspecified,detail,2000-2025,geostat_trade_export-sitc-2000-2026,SITC-2000-2025-years,S9,"Crude materials, inedible, except fuels","_(* #,##0.0_);_(* \(#,##0.0\);_(* ""-""?_);_(@_)"
sitc1,1,3,"Mineral fuels, lubricants and related materials",2016,export,goods.sitc1.2000-2025.3,62298445.758610287000,62298.445758610287,thousand_usd,numeric,unspecified,detail,2000-2025,geostat_trade_export-sitc-2000-2026,SITC-2000-2025-years,S10,"Mineral fuels, lubricants and related materials","_(* #,##0.0_);_(* \(#,##0.0\);_(* ""-""?_);_(@_)"
sitc1,1,4,"Animal and vegetable oils, fats and waxes",2016,export,goods.sitc1.2000-2025.4,9728708.0876053642000,9728.7080876053642,thousand_usd,numeric,unspecified,detail,2000-2025,geostat_trade_export-sitc-2000-2026,SITC-2000-2025-years,S11,"Animal and vegetable oils, fats and waxes","_(* #,##0.0_);_(* \(#,##0.0\);_(* ""-""?_);_(@_)"
sitc1,1,5,"Chemicals and related products, n.e.s.",2016,export,goods.sitc1.2000-2025.5,230564178.8502658000,230564.1788502658,thousand_usd,numeric,unspecified,detail,2000-2025,geostat_trade_export-sitc-2000-2026,SITC-2000-2025-years,S12,"Chemicals and related products, n.e.s.","_(* #,##0.0_);_(* \(#,##0.0\);_(* ""-""?_);_(@_)"
sitc1,1,6,Manufactured goods classified chiefly by material,2016,export,goods.sitc1.2000-2025.6,292043240.89388223000,292043.24089388223,thousand_usd,numeric,unspecified,detail,2000-2025,geostat_trade_export-sitc-2000-2026,SITC-2000-2025-years,S13,Manufactured goods classified chiefly by material,"_(* #,##0.0_);_(* \(#,##0.0\);_(* ""-""?_);_(@_)"
sitc1,1,7,Machinery and transport equipment,2016,export,goods.sitc1.2000-2025.7,242468837.93198701000,242468.83793198701,thousand_usd,numeric,unspecified,detail,2000-2025,geostat_trade_export-sitc-2000-2026,SITC-2000-2025-years,S14,Machinery and transport equipment,"_(* #,##0.0_);_(* \(#,##0.0\);_(* ""-""?_);_(@_)"
sitc1,1,8,Miscellaneous manufactured articles,2016,export,goods.sitc1.2000-2025.8,114230250.92864022000,114230.25092864022,thousand_usd,numeric,unspecified,detail,2000-2025,geostat_trade_export-sitc-2000-2026,SITC-2000-2025-years,S15,Miscellaneous manufactured articles,"_(* #,##0.0_);_(* \(#,##0.0\);_(* ""-""?_);_(@_)"
sitc1,1,9,Commodities not classified elsewhere in the SITC,2016,export,goods.sitc1.2000-2025.9,103317921.01283664000,103317.92101283664,thousand_usd,numeric,unspecified,detail,2000-2025,geostat_trade_export-sitc-2000-2026,SITC-2000-2025-years,S16,Commodities not classified elsewhere in the SITC,"_(* #,##0.0_);_(* \(#,##0.0\);_(* ""-""?_);_(@_)"
sitc1,1,,,2017,export,goods.total,2745667083.2556626000,2745667.0832556626,thousand_usd,numeric,unspecified,total,2000-2025,geostat_trade_export-sitc-2000-2026,SITC-2000-2025-years,T5,Total Exports,"_(* #,##0.0_);_(* \(#,##0.0\);_(* ""-""?_);_(@_)"
sitc1,1,0,Food and live animals,2017,export,goods.sitc1.2000-2025.0,296069814.4219697000,296069.8144219697,thousand_usd,numeric,unspecified,detail,2000-2025,geostat_trade_export-sitc-2000-2026,SITC-2000-2025-years,T7,Food and live animals,"_(* #,##0.0_);_(* \(#,##0.0\);_(* ""-""?_);_(@_)"
sitc1,1,1,Beverages and tobacco,2017,export,goods.sitc1.2000-2025.1,463899126.50173949000,463899.12650173949,thousand_usd,numeric,unspecified,detail,2000-2025,geostat_trade_export-sitc-2000-2026,SITC-2000-2025-years,T8,Beverages and tobacco,"_(* #,##0.0_);_(* \(#,##0.0\);_(* ""-""?_);_(@_)"
sitc1,1,2,"Crude materials, inedible, except fuels",2017,export,goods.sitc1.2000-2025.2,494420139.09287431000,494420.13909287431,thousand_usd,numeric,unspecified,detail,2000-2025,geostat_trade_export-sitc-2000-2026,SITC-2000-2025-years,T9,"Crude materials, inedible, except fuels","_(* #,##0.0_);_(* \(#,##0.0\);_(* ""-""?_);_(@_)"
sitc1,1,3,"Mineral fuels, lubricants and related materials",2017,export,goods.sitc1.2000-2025.3,108890604.10938173000,108890.60410938173,thousand_usd,numeric,unspecified,detail,2000-2025,geostat_trade_export-sitc-2000-2026,SITC-2000-2025-years,T10,"Mineral fuels, lubricants and related materials","_(* #,##0.0_);_(* \(#,##0.0\);_(* ""-""?_);_(@_)"
sitc1,1,4,"Animal and vegetable oils, fats and waxes",2017,export,goods.sitc1.2000-2025.4,12805145.701163845000,12805.145701163845,thousand_usd,numeric,unspecified,detail,2000-2025,geostat_trade_export-sitc-2000-2026,SITC-2000-2025-years,T11,"Animal and vegetable oils, fats and waxes","_(* #,##0.0_);_(* \(#,##0.0\);_(* ""-""?_);_(@_)"
sitc1,1,5,"Chemicals and related products, n.e.s.",2017,export,goods.sitc1.2000-2025.5,292905125.9096188000,292905.1259096188,thousand_usd,numeric,unspecified,detail,2000-2025,geostat_trade_export-sitc-2000-2026,SITC-2000-2025-years,T12,"Chemicals and related products, n.e.s.","_(* #,##0.0_);_(* \(#,##0.0\);_(* ""-""?_);_(@_)"
sitc1,1,6,Manufactured goods classified chiefly by material,2017,export,goods.sitc1.2000-2025.6,490333037.3302353000,490333.0373302353,thousand_usd,numeric,unspecified,detail,2000-2025,geostat_trade_export-sitc-2000-2026,SITC-2000-2025-years,T13,Manufactured goods classified chiefly by material,"_(* #,##0.0_);_(* \(#,##0.0\);_(* ""-""?_);_(@_)"
sitc1,1,7,Machinery and transport equipment,2017,export,goods.sitc1.2000-2025.7,374852144.45300458000,374852.14445300458,thousand_usd,numeric,unspecified,detail,2000-2025,geostat_trade_export-sitc-2000-2026,SITC-2000-2025-years,T14,Machinery and transport equipment,"_(* #,##0.0_);_(* \(#,##0.0\);_(* ""-""?_);_(@_)"
sitc1,1,8,Miscellaneous manufactured articles,2017,export,goods.sitc1.2000-2025.8,133657868.46672141000,133657.86846672141,thousand_usd,numeric,unspecified,detail,2000-2025,geostat_trade_export-sitc-2000-2026,SITC-2000-2025-years,T15,Miscellaneous manufactured articles,"_(* #,##0.0_);_(* \(#,##0.0\);_(* ""-""?_);_(@_)"
sitc1,1,9,Commodities not classified elsewhere in the SITC,2017,export,goods.sitc1.2000-2025.9,77834077.268953581000,77834.077268953581,thousand_usd,numeric,unspecified,detail,2000-2025,geostat_trade_export-sitc-2000-2026,SITC-2000-2025-years,T16,Commodities not classified elsewhere in the SITC,"_(* #,##0.0_);_(* \(#,##0.0\);_(* ""-""?_);_(@_)"
sitc1,1,,,2018,export,goods.total,3379656917.6440202000,3379656.9176440202,thousand_usd,numeric,unspecified,total,2000-2025,geostat_trade_export-sitc-2000-2026,SITC-2000-2025-years,U5,Total Exports,"_(* #,##0.0_);_(* \(#,##0.0\);_(* ""-""?_);_(@_)"
sitc1,1,0,Food and live animals,2018,export,goods.sitc1.2000-2025.0,302203291.30689625000,302203.29130689625,thousand_usd,numeric,unspecified,detail,2000-2025,geostat_trade_export-sitc-2000-2026,SITC-2000-2025-years,U7,Food and live animals,"_(* #,##0.0_);_(* \(#,##0.0\);_(* ""-""?_);_(@_)"
sitc1,1,1,Beverages and tobacco,2018,export,goods.sitc1.2000-2025.1,637968953.96616973000,637968.95396616973,thousand_usd,numeric,unspecified,detail,2000-2025,geostat_trade_export-sitc-2000-2026,SITC-2000-2025-years,U8,Beverages and tobacco,"_(* #,##0.0_);_(* \(#,##0.0\);_(* ""-""?_);_(@_)"
sitc1,1,2,"Crude materials, inedible, except fuels",2018,export,goods.sitc1.2000-2025.2,595549643.48229906000,595549.64348229906,thousand_usd,numeric,unspecified,detail,2000-2025,geostat_trade_export-sitc-2000-2026,SITC-2000-2025-years,U9,"Crude materials, inedible, except fuels","_(* #,##0.0_);_(* \(#,##0.0\);_(* ""-""?_);_(@_)"
sitc1,1,3,"Mineral fuels, lubricants and related materials",2018,export,goods.sitc1.2000-2025.3,67995779.5401888000,67995.7795401888,thousand_usd,numeric,unspecified,detail,2000-2025,geostat_trade_export-sitc-2000-2026,SITC-2000-2025-years,U10,"Mineral fuels, lubricants and related materials","_(* #,##0.0_);_(* \(#,##0.0\);_(* ""-""?_);_(@_)"
sitc1,1,4,"Animal and vegetable oils, fats and waxes",2018,export,goods.sitc1.2000-2025.4,15584864.714869518000,15584.864714869518,thousand_usd,numeric,unspecified,detail,2000-2025,geostat_trade_export-sitc-2000-2026,SITC-2000-2025-years,U11,"Animal and vegetable oils, fats and waxes","_(* #,##0.0_);_(* \(#,##0.0\);_(* ""-""?_);_(@_)"
sitc1,1,5,"Chemicals and related products, n.e.s.",2018,export,goods.sitc1.2000-2025.5,332571841.8645247000,332571.8418645247,thousand_usd,numeric,unspecified,detail,2000-2025,geostat_trade_export-sitc-2000-2026,SITC-2000-2025-years,U12,"Chemicals and related products, n.e.s.","_(* #,##0.0_);_(* \(#,##0.0\);_(* ""-""?_);_(@_)"
sitc1,1,6,Manufactured goods classified chiefly by material,2018,export,goods.sitc1.2000-2025.6,573824581.25213091000,573824.58125213091,thousand_usd,numeric,unspecified,detail,2000-2025,geostat_trade_export-sitc-2000-2026,SITC-2000-2025-years,U13,Manufactured goods classified chiefly by material,"_(* #,##0.0_);_(* \(#,##0.0\);_(* ""-""?_);_(@_)"
sitc1,1,7,Machinery and transport equipment,2018,export,goods.sitc1.2000-2025.7,609637932.09522462000,609637.93209522462,thousand_usd,numeric,unspecified,detail,2000-2025,geostat_trade_export-sitc-2000-2026,SITC-2000-2025-years,U14,Machinery and transport equipment,"_(* #,##0.0_);_(* \(#,##0.0\);_(* ""-""?_);_(@_)"
sitc1,1,8,Miscellaneous manufactured articles,2018,export,goods.sitc1.2000-2025.8,163409804.56653913000,163409.80456653913,thousand_usd,numeric,unspecified,detail,2000-2025,geostat_trade_export-sitc-2000-2026,SITC-2000-2025-years,U15,Miscellaneous manufactured articles,"_(* #,##0.0_);_(* \(#,##0.0\);_(* ""-""?_);_(@_)"
sitc1,1,9,Commodities not classified elsewhere in the SITC,2018,export,goods.sitc1.2000-2025.9,80910224.855177366000,80910.224855177366,thousand_usd,numeric,unspecified,detail,2000-2025,geostat_trade_export-sitc-2000-2026,SITC-2000-2025-years,U16,Commodities not classified elsewhere in the SITC,"_(* #,##0.0_);_(* \(#,##0.0\);_(* ""-""?_);_(@_)"
sitc1,1,,,2019,export,goods.total,3797041208.5034377000,3797041.2085034377,thousand_usd,numeric,unspecified,total,2000-2025,geostat_trade_export-sitc-2000-2026,SITC-2000-2025-years,V5,Total Exports,"_(* #,##0.0_);_(* \(#,##0.0\);_(* ""-""?_);_(@_)"
sitc1,1,0,Food and live animals,2019,export,goods.sitc1.2000-2025.0,284624824.52646527000,284624.82452646527,thousand_usd,numeric,unspecified,detail,2000-2025,geostat_trade_export-sitc-2000-2026,SITC-2000-2025-years,V7,Food and live animals,"_(* #,##0.0_);_(* \(#,##0.0\);_(* ""-""?_);_(@_)"
sitc1,1,1,Beverages and tobacco,2019,export,goods.sitc1.2000-2025.1,586623803.11690853000,586623.80311690853,thousand_usd,numeric,unspecified,detail,2000-2025,geostat_trade_export-sitc-2000-2026,SITC-2000-2025-years,V8,Beverages and tobacco,"_(* #,##0.0_);_(* \(#,##0.0\);_(* ""-""?_);_(@_)"
sitc1,1,2,"Crude materials, inedible, except fuels",2019,export,goods.sitc1.2000-2025.2,747086002.92607909000,747086.00292607909,thousand_usd,numeric,unspecified,detail,2000-2025,geostat_trade_export-sitc-2000-2026,SITC-2000-2025-years,V9,"Crude materials, inedible, except fuels","_(* #,##0.0_);_(* \(#,##0.0\);_(* ""-""?_);_(@_)"
sitc1,1,3,"Mineral fuels, lubricants and related materials",2019,export,goods.sitc1.2000-2025.3,24962731.446949878000,24962.731446949878,thousand_usd,numeric,unspecified,detail,2000-2025,geostat_trade_export-sitc-2000-2026,SITC-2000-2025-years,V10,"Mineral fuels, lubricants and related materials","_(* #,##0.0_);_(* \(#,##0.0\);_(* ""-""?_);_(@_)"
sitc1,1,4,"Animal and vegetable oils, fats and waxes",2019,export,goods.sitc1.2000-2025.4,10492112.054597346000,10492.112054597346,thousand_usd,numeric,unspecified,detail,2000-2025,geostat_trade_export-sitc-2000-2026,SITC-2000-2025-years,V11,"Animal and vegetable oils, fats and waxes","_(* #,##0.0_);_(* \(#,##0.0\);_(* ""-""?_);_(@_)"
sitc1,1,5,"Chemicals and related products, n.e.s.",2019,export,goods.sitc1.2000-2025.5,371833335.58657405000,371833.33558657405,thousand_usd,numeric,unspecified,detail,2000-2025,geostat_trade_export-sitc-2000-2026,SITC-2000-2025-years,V12,"Chemicals and related products, n.e.s.","_(* #,##0.0_);_(* \(#,##0.0\);_(* ""-""?_);_(@_)"
sitc1,1,6,Manufactured goods classified chiefly by material,2019,export,goods.sitc1.2000-2025.6,526917130.85999864000,526917.13085999864,thousand_usd,numeric,unspecified,detail,2000-2025,geostat_trade_export-sitc-2000-2026,SITC-2000-2025-years,V13,Manufactured goods classified chiefly by material,"_(* #,##0.0_);_(* \(#,##0.0\);_(* ""-""?_);_(@_)"
sitc1,1,7,Machinery and transport equipment,2019,export,goods.sitc1.2000-2025.7,954364447.24801567000,954364.44724801567,thousand_usd,numeric,unspecified,detail,2000-2025,geostat_trade_export-sitc-2000-2026,SITC-2000-2025-years,V14,Machinery and transport equipment,"_(* #,##0.0_);_(* \(#,##0.0\);_(* ""-""?_);_(@_)"
sitc1,1,8,Miscellaneous manufactured articles,2019,export,goods.sitc1.2000-2025.8,208442635.73596472000,208442.63573596472,thousand_usd,numeric,unspecified,detail,2000-2025,geostat_trade_export-sitc-2000-2026,SITC-2000-2025-years,V15,Miscellaneous manufactured articles,"_(* #,##0.0_);_(* \(#,##0.0\);_(* ""-""?_);_(@_)"
sitc1,1,9,Commodities not classified elsewhere in the SITC,2019,export,goods.sitc1.2000-2025.9,81694185.001884471000,81694.185001884471,thousand_usd,numeric,unspecified,detail,2000-2025,geostat_trade_export-sitc-2000-2026,SITC-2000-2025-years,V16,Commodities not classified elsewhere in the SITC,"_(* #,##0.0_);_(* \(#,##0.0\);_(* ""-""?_);_(@_)"
sitc1,1,,,2020,export,goods.total,3340635707.4159742000,3340635.7074159742,thousand_usd,numeric,unspecified,total,2000-2025,geostat_trade_export-sitc-2000-2026,SITC-2000-2025-years,W5,Total Exports,"_(* #,##0.0_);_(* \(#,##0.0\);_(* ""-""?_);_(@_)"
sitc1,1,0,Food and live animals,2020,export,goods.sitc1.2000-2025.0,372579056.93396786000,372579.05693396786,thousand_usd,numeric,unspecified,detail,2000-2025,geostat_trade_export-sitc-2000-2026,SITC-2000-2025-years,W7,Food and live animals,"_(* #,##0.0_);_(* \(#,##0.0\);_(* ""-""?_);_(@_)"
sitc1,1,1,Beverages and tobacco,2020,export,goods.sitc1.2000-2025.1,540660295.51518767000,540660.29551518767,thousand_usd,numeric,unspecified,detail,2000-2025,geostat_trade_export-sitc-2000-2026,SITC-2000-2025-years,W8,Beverages and tobacco,"_(* #,##0.0_);_(* \(#,##0.0\);_(* ""-""?_);_(@_)"
sitc1,1,2,"Crude materials, inedible, except fuels",2020,export,goods.sitc1.2000-2025.2,892178728.59934461000,892178.72859934461,thousand_usd,numeric,unspecified,detail,2000-2025,geostat_trade_export-sitc-2000-2026,SITC-2000-2025-years,W9,"Crude materials, inedible, except fuels","_(* #,##0.0_);_(* \(#,##0.0\);_(* ""-""?_);_(@_)"
sitc1,1,3,"Mineral fuels, lubricants and related materials",2020,export,goods.sitc1.2000-2025.3,16324377.083755204000,16324.377083755204,thousand_usd,numeric,unspecified,detail,2000-2025,geostat_trade_export-sitc-2000-2026,SITC-2000-2025-years,W10,"Mineral fuels, lubricants and related materials","_(* #,##0.0_);_(* \(#,##0.0\);_(* ""-""?_);_(@_)"
sitc1,1,4,"Animal and vegetable oils, fats and waxes",2020,export,goods.sitc1.2000-2025.4,21296704.045895753000,21296.704045895753,thousand_usd,numeric,unspecified,detail,2000-2025,geostat_trade_export-sitc-2000-2026,SITC-2000-2025-years,W11,"Animal and vegetable oils, fats and waxes","_(* #,##0.0_);_(* \(#,##0.0\);_(* ""-""?_);_(@_)"
sitc1,1,5,"Chemicals and related products, n.e.s.",2020,export,goods.sitc1.2000-2025.5,272785538.792526000,272785.538792526,thousand_usd,numeric,unspecified,detail,2000-2025,geostat_trade_export-sitc-2000-2026,SITC-2000-2025-years,W12,"Chemicals and related products, n.e.s.","_(* #,##0.0_);_(* \(#,##0.0\);_(* ""-""?_);_(@_)"
sitc1,1,6,Manufactured goods classified chiefly by material,2020,export,goods.sitc1.2000-2025.6,403649856.06960382000,403649.85606960382,thousand_usd,numeric,unspecified,detail,2000-2025,geostat_trade_export-sitc-2000-2026,SITC-2000-2025-years,W13,Manufactured goods classified chiefly by material,"_(* #,##0.0_);_(* \(#,##0.0\);_(* ""-""?_);_(@_)"
sitc1,1,7,Machinery and transport equipment,2020,export,goods.sitc1.2000-2025.7,546399190.62783779000,546399.19062783779,thousand_usd,numeric,unspecified,detail,2000-2025,geostat_trade_export-sitc-2000-2026,SITC-2000-2025-years,W14,Machinery and transport equipment,"_(* #,##0.0_);_(* \(#,##0.0\);_(* ""-""?_);_(@_)"
sitc1,1,8,Miscellaneous manufactured articles,2020,export,goods.sitc1.2000-2025.8,166795741.70657678000,166795.74170657678,thousand_usd,numeric,unspecified,detail,2000-2025,geostat_trade_export-sitc-2000-2026,SITC-2000-2025-years,W15,Miscellaneous manufactured articles,"_(* #,##0.0_);_(* \(#,##0.0\);_(* ""-""?_);_(@_)"
sitc1,1,9,Commodities not classified elsewhere in the SITC,2020,export,goods.sitc1.2000-2025.9,107966218.0412789000,107966.2180412789,thousand_usd,numeric,unspecified,detail,2000-2025,geostat_trade_export-sitc-2000-2026,SITC-2000-2025-years,W16,Commodities not classified elsewhere in the SITC,"_(* #,##0.0_);_(* \(#,##0.0\);_(* ""-""?_);_(@_)"
sitc1,1,,,2021,export,goods.total,4242456417.0325426000,4242456.4170325426,thousand_usd,numeric,unspecified,total,2000-2025,geostat_trade_export-sitc-2000-2026,SITC-2000-2025-years,X5,Total Exports,"_(* #,##0.0_);_(* \(#,##0.0\);_(* ""-""?_);_(@_)"
sitc1,1,0,Food and live animals,2021,export,goods.sitc1.2000-2025.0,458981830.82399023000,458981.83082399023,thousand_usd,numeric,unspecified,detail,2000-2025,geostat_trade_export-sitc-2000-2026,SITC-2000-2025-years,X7,Food and live animals,"_(* #,##0.0_);_(* \(#,##0.0\);_(* ""-""?_);_(@_)"
sitc1,1,1,Beverages and tobacco,2021,export,goods.sitc1.2000-2025.1,655257741.29362847000,655257.74129362847,thousand_usd,numeric,unspecified,detail,2000-2025,geostat_trade_export-sitc-2000-2026,SITC-2000-2025-years,X8,Beverages and tobacco,"_(* #,##0.0_);_(* \(#,##0.0\);_(* ""-""?_);_(@_)"
sitc1,1,2,"Crude materials, inedible, except fuels",2021,export,goods.sitc1.2000-2025.2,1014762691.332439000,1014762.691332439,thousand_usd,numeric,unspecified,detail,2000-2025,geostat_trade_export-sitc-2000-2026,SITC-2000-2025-years,X9,"Crude materials, inedible, except fuels","_(* #,##0.0_);_(* \(#,##0.0\);_(* ""-""?_);_(@_)"
sitc1,1,3,"Mineral fuels, lubricants and related materials",2021,export,goods.sitc1.2000-2025.3,35912993.477513541000,35912.993477513541,thousand_usd,numeric,unspecified,detail,2000-2025,geostat_trade_export-sitc-2000-2026,SITC-2000-2025-years,X10,"Mineral fuels, lubricants and related materials","_(* #,##0.0_);_(* \(#,##0.0\);_(* ""-""?_);_(@_)"
sitc1,1,4,"Animal and vegetable oils, fats and waxes",2021,export,goods.sitc1.2000-2025.4,17466005.033016674000,17466.005033016674,thousand_usd,numeric,unspecified,detail,2000-2025,geostat_trade_export-sitc-2000-2026,SITC-2000-2025-years,X11,"Animal and vegetable oils, fats and waxes","_(* #,##0.0_);_(* \(#,##0.0\);_(* ""-""?_);_(@_)"
sitc1,1,5,"Chemicals and related products, n.e.s.",2021,export,goods.sitc1.2000-2025.5,344359068.9053738000,344359.0689053738,thousand_usd,numeric,unspecified,detail,2000-2025,geostat_trade_export-sitc-2000-2026,SITC-2000-2025-years,X12,"Chemicals and related products, n.e.s.","_(* #,##0.0_);_(* \(#,##0.0\);_(* ""-""?_);_(@_)"
sitc1,1,6,Manufactured goods classified chiefly by material,2021,export,goods.sitc1.2000-2025.6,701874118.48029925000,701874.11848029925,thousand_usd,numeric,unspecified,detail,2000-2025,geostat_trade_export-sitc-2000-2026,SITC-2000-2025-years,X13,Manufactured goods classified chiefly by material,"_(* #,##0.0_);_(* \(#,##0.0\);_(* ""-""?_);_(@_)"
sitc1,1,7,Machinery and transport equipment,2021,export,goods.sitc1.2000-2025.7,704362291.77554278000,704362.29177554278,thousand_usd,numeric,unspecified,detail,2000-2025,geostat_trade_export-sitc-2000-2026,SITC-2000-2025-years,X14,Machinery and transport equipment,"_(* #,##0.0_);_(* \(#,##0.0\);_(* ""-""?_);_(@_)"
sitc1,1,8,Miscellaneous manufactured articles,2021,export,goods.sitc1.2000-2025.8,233989340.11200737000,233989.34011200737,thousand_usd,numeric,unspecified,detail,2000-2025,geostat_trade_export-sitc-2000-2026,SITC-2000-2025-years,X15,Miscellaneous manufactured articles,"_(* #,##0.0_);_(* \(#,##0.0\);_(* ""-""?_);_(@_)"
sitc1,1,9,Commodities not classified elsewhere in the SITC,2021,export,goods.sitc1.2000-2025.9,75490335.798732369000,75490.335798732369,thousand_usd,numeric,unspecified,detail,2000-2025,geostat_trade_export-sitc-2000-2026,SITC-2000-2025-years,X16,Commodities not classified elsewhere in the SITC,"_(* #,##0.0_);_(* \(#,##0.0\);_(* ""-""?_);_(@_)"
sitc1,1,,,2022,export,goods.total,5582502216.6970251000,5582502.2166970251,thousand_usd,numeric,unspecified,total,2000-2025,geostat_trade_export-sitc-2000-2026,SITC-2000-2025-years,Y5,Total Exports,"_(* #,##0.0_);_(* \(#,##0.0\);_(* ""-""?_);_(@_)"
sitc1,1,0,Food and live animals,2022,export,goods.sitc1.2000-2025.0,526737680.03785773000,526737.68003785773,thousand_usd,numeric,unspecified,detail,2000-2025,geostat_trade_export-sitc-2000-2026,SITC-2000-2025-years,Y7,Food and live animals,"_(* #,##0.0_);_(* \(#,##0.0\);_(* ""-""?_);_(@_)"
sitc1,1,1,Beverages and tobacco,2022,export,goods.sitc1.2000-2025.1,689822897.146245000,689822.897146245,thousand_usd,numeric,unspecified,detail,2000-2025,geostat_trade_export-sitc-2000-2026,SITC-2000-2025-years,Y8,Beverages and tobacco,"_(* #,##0.0_);_(* \(#,##0.0\);_(* ""-""?_);_(@_)"
sitc1,1,2,"Crude materials, inedible, except fuels",2022,export,goods.sitc1.2000-2025.2,1235624402.7798867000,1235624.4027798867,thousand_usd,numeric,unspecified,detail,2000-2025,geostat_trade_export-sitc-2000-2026,SITC-2000-2025-years,Y9,"Crude materials, inedible, except fuels","_(* #,##0.0_);_(* \(#,##0.0\);_(* ""-""?_);_(@_)"
sitc1,1,3,"Mineral fuels, lubricants and related materials",2022,export,goods.sitc1.2000-2025.3,148695876.98791313000,148695.87698791313,thousand_usd,numeric,unspecified,detail,2000-2025,geostat_trade_export-sitc-2000-2026,SITC-2000-2025-years,Y10,"Mineral fuels, lubricants and related materials","_(* #,##0.0_);_(* \(#,##0.0\);_(* ""-""?_);_(@_)"
sitc1,1,4,"Animal and vegetable oils, fats and waxes",2022,export,goods.sitc1.2000-2025.4,21772255.839215173000,21772.255839215173,thousand_usd,numeric,unspecified,detail,2000-2025,geostat_trade_export-sitc-2000-2026,SITC-2000-2025-years,Y11,"Animal and vegetable oils, fats and waxes","_(* #,##0.0_);_(* \(#,##0.0\);_(* ""-""?_);_(@_)"
sitc1,1,5,"Chemicals and related products, n.e.s.",2022,export,goods.sitc1.2000-2025.5,558438893.51066679000,558438.89351066679,thousand_usd,numeric,unspecified,detail,2000-2025,geostat_trade_export-sitc-2000-2026,SITC-2000-2025-years,Y12,"Chemicals and related products, n.e.s.","_(* #,##0.0_);_(* \(#,##0.0\);_(* ""-""?_);_(@_)"
sitc1,1,6,Manufactured goods classified chiefly by material,2022,export,goods.sitc1.2000-2025.6,742118388.86479451000,742118.38886479451,thousand_usd,numeric,unspecified,detail,2000-2025,geostat_trade_export-sitc-2000-2026,SITC-2000-2025-years,Y13,Manufactured goods classified chiefly by material,"_(* #,##0.0_);_(* \(#,##0.0\);_(* ""-""?_);_(@_)"
sitc1,1,7,Machinery and transport equipment,2022,export,goods.sitc1.2000-2025.7,1246139054.2401788000,1246139.0542401788,thousand_usd,numeric,unspecified,detail,2000-2025,geostat_trade_export-sitc-2000-2026,SITC-2000-2025-years,Y14,Machinery and transport equipment,"_(* #,##0.0_);_(* \(#,##0.0\);_(* ""-""?_);_(@_)"
sitc1,1,8,Miscellaneous manufactured articles,2022,export,goods.sitc1.2000-2025.8,307561406.90490312000,307561.40690490312,thousand_usd,numeric,unspecified,detail,2000-2025,geostat_trade_export-sitc-2000-2026,SITC-2000-2025-years,Y15,Miscellaneous manufactured articles,"_(* #,##0.0_);_(* \(#,##0.0\);_(* ""-""?_);_(@_)"
sitc1,1,9,Commodities not classified elsewhere in the SITC,2022,export,goods.sitc1.2000-2025.9,105591360.38536376000,105591.36038536376,thousand_usd,numeric,unspecified,detail,2000-2025,geostat_trade_export-sitc-2000-2026,SITC-2000-2025-years,Y16,Commodities not classified elsewhere in the SITC,"_(* #,##0.0_);_(* \(#,##0.0\);_(* ""-""?_);_(@_)"
sitc1,1,,,2023,export,goods.total,6085879620.5487978000,6085879.6205487978,thousand_usd,numeric,unspecified,total,2000-2025,geostat_trade_export-sitc-2000-2026,SITC-2000-2025-years,Z5,Total Exports,"_(* #,##0.0_);_(* \(#,##0.0\);_(* ""-""?_);_(@_)"
sitc1,1,0,Food and live animals,2023,export,goods.sitc1.2000-2025.0,581659192.61250738000,581659.19261250738,thousand_usd,numeric,unspecified,detail,2000-2025,geostat_trade_export-sitc-2000-2026,SITC-2000-2025-years,Z7,Food and live animals,"_(* #,##0.0_);_(* \(#,##0.0\);_(* ""-""?_);_(@_)"
sitc1,1,1,Beverages and tobacco,2023,export,goods.sitc1.2000-2025.1,819103714.29771523000,819103.71429771523,thousand_usd,numeric,unspecified,detail,2000-2025,geostat_trade_export-sitc-2000-2026,SITC-2000-2025-years,Z8,Beverages and tobacco,"_(* #,##0.0_);_(* \(#,##0.0\);_(* ""-""?_);_(@_)"
sitc1,1,2,"Crude materials, inedible, except fuels",2023,export,goods.sitc1.2000-2025.2,632131461.89820964000,632131.46189820964,thousand_usd,numeric,unspecified,detail,2000-2025,geostat_trade_export-sitc-2000-2026,SITC-2000-2025-years,Z9,"Crude materials, inedible, except fuels","_(* #,##0.0_);_(* \(#,##0.0\);_(* ""-""?_);_(@_)"
sitc1,1,3,"Mineral fuels, lubricants and related materials",2023,export,goods.sitc1.2000-2025.3,163481549.93623623000,163481.54993623623,thousand_usd,numeric,unspecified,detail,2000-2025,geostat_trade_export-sitc-2000-2026,SITC-2000-2025-years,Z10,"Mineral fuels, lubricants and related materials","_(* #,##0.0_);_(* \(#,##0.0\);_(* ""-""?_);_(@_)"
sitc1,1,4,"Animal and vegetable oils, fats and waxes",2023,export,goods.sitc1.2000-2025.4,21631580.384096807000,21631.580384096807,thousand_usd,numeric,unspecified,detail,2000-2025,geostat_trade_export-sitc-2000-2026,SITC-2000-2025-years,Z11,"Animal and vegetable oils, fats and waxes","_(* #,##0.0_);_(* \(#,##0.0\);_(* ""-""?_);_(@_)"
sitc1,1,5,"Chemicals and related products, n.e.s.",2023,export,goods.sitc1.2000-2025.5,457064628.8938548000,457064.6288938548,thousand_usd,numeric,unspecified,detail,2000-2025,geostat_trade_export-sitc-2000-2026,SITC-2000-2025-years,Z12,"Chemicals and related products, n.e.s.","_(* #,##0.0_);_(* \(#,##0.0\);_(* ""-""?_);_(@_)"
sitc1,1,6,Manufactured goods classified chiefly by material,2023,export,goods.sitc1.2000-2025.6,452575998.70817753000,452575.99870817753,thousand_usd,numeric,unspecified,detail,2000-2025,geostat_trade_export-sitc-2000-2026,SITC-2000-2025-years,Z13,Manufactured goods classified chiefly by material,"_(* #,##0.0_);_(* \(#,##0.0\);_(* ""-""?_);_(@_)"
sitc1,1,7,Machinery and transport equipment,2023,export,goods.sitc1.2000-2025.7,2534139488.6843041000,2534139.4886843041,thousand_usd,numeric,unspecified,detail,2000-2025,geostat_trade_export-sitc-2000-2026,SITC-2000-2025-years,Z14,Machinery and transport equipment,"_(* #,##0.0_);_(* \(#,##0.0\);_(* ""-""?_);_(@_)"
sitc1,1,8,Miscellaneous manufactured articles,2023,export,goods.sitc1.2000-2025.8,305589948.93922453000,305589.94893922453,thousand_usd,numeric,unspecified,detail,2000-2025,geostat_trade_export-sitc-2000-2026,SITC-2000-2025-years,Z15,Miscellaneous manufactured articles,"_(* #,##0.0_);_(* \(#,##0.0\);_(* ""-""?_);_(@_)"
sitc1,1,9,Commodities not classified elsewhere in the SITC,2023,export,goods.sitc1.2000-2025.9,118502056.19447207000,118502.05619447207,thousand_usd,numeric,unspecified,detail,2000-2025,geostat_trade_export-sitc-2000-2026,SITC-2000-2025-years,Z16,Commodities not classified elsewhere in the SITC,"_(* #,##0.0_);_(* \(#,##0.0\);_(* ""-""?_);_(@_)"
sitc1,1,,,2024,export,goods.total,6561882251.2075491000,6561882.2512075491,thousand_usd,numeric,unspecified,total,2000-2025,geostat_trade_export-sitc-2000-2026,SITC-2000-2025-years,AA5,Total Exports,"_(* #,##0.0_);_(* \(#,##0.0\);_(* ""-""?_);_(@_)"
sitc1,1,0,Food and live animals,2024,export,goods.sitc1.2000-2025.0,647997368.41166799000,647997.36841166799,thousand_usd,numeric,unspecified,detail,2000-2025,geostat_trade_export-sitc-2000-2026,SITC-2000-2025-years,AA7,Food and live animals,"_(* #,##0.0_);_(* \(#,##0.0\);_(* ""-""?_);_(@_)"
sitc1,1,1,Beverages and tobacco,2024,export,goods.sitc1.2000-2025.1,992748903.94044109000,992748.90394044109,thousand_usd,numeric,unspecified,detail,2000-2025,geostat_trade_export-sitc-2000-2026,SITC-2000-2025-years,AA8,Beverages and tobacco,"_(* #,##0.0_);_(* \(#,##0.0\);_(* ""-""?_);_(@_)"
sitc1,1,2,"Crude materials, inedible, except fuels",2024,export,goods.sitc1.2000-2025.2,419136458.90358306000,419136.45890358306,thousand_usd,numeric,unspecified,detail,2000-2025,geostat_trade_export-sitc-2000-2026,SITC-2000-2025-years,AA9,"Crude materials, inedible, except fuels","_(* #,##0.0_);_(* \(#,##0.0\);_(* ""-""?_);_(@_)"
sitc1,1,3,"Mineral fuels, lubricants and related materials",2024,export,goods.sitc1.2000-2025.3,144806747.46278586000,144806.74746278586,thousand_usd,numeric,unspecified,detail,2000-2025,geostat_trade_export-sitc-2000-2026,SITC-2000-2025-years,AA10,"Mineral fuels, lubricants and related materials","_(* #,##0.0_);_(* \(#,##0.0\);_(* ""-""?_);_(@_)"
sitc1,1,4,"Animal and vegetable oils, fats and waxes",2024,export,goods.sitc1.2000-2025.4,24760437.248417558000,24760.437248417558,thousand_usd,numeric,unspecified,detail,2000-2025,geostat_trade_export-sitc-2000-2026,SITC-2000-2025-years,AA11,"Animal and vegetable oils, fats and waxes","_(* #,##0.0_);_(* \(#,##0.0\);_(* ""-""?_);_(@_)"
sitc1,1,5,"Chemicals and related products, n.e.s.",2024,export,goods.sitc1.2000-2025.5,441290587.35406067000,441290.58735406067,thousand_usd,numeric,unspecified,detail,2000-2025,geostat_trade_export-sitc-2000-2026,SITC-2000-2025-years,AA12,"Chemicals and related products, n.e.s.","_(* #,##0.0_);_(* \(#,##0.0\);_(* ""-""?_);_(@_)"
sitc1,1,6,Manufactured goods classified chiefly by material,2024,export,goods.sitc1.2000-2025.6,655947965.21757974000,655947.96521757974,thousand_usd,numeric,unspecified,detail,2000-2025,geostat_trade_export-sitc-2000-2026,SITC-2000-2025-years,AA13,Manufactured goods classified chiefly by material,"_(* #,##0.0_);_(* \(#,##0.0\);_(* ""-""?_);_(@_)"
sitc1,1,7,Machinery and transport equipment,2024,export,goods.sitc1.2000-2025.7,2809582010.8756344000,2809582.0108756344,thousand_usd,numeric,unspecified,detail,2000-2025,geostat_trade_export-sitc-2000-2026,SITC-2000-2025-years,AA14,Machinery and transport equipment,"_(* #,##0.0_);_(* \(#,##0.0\);_(* ""-""?_);_(@_)"
sitc1,1,8,Miscellaneous manufactured articles,2024,export,goods.sitc1.2000-2025.8,312669664.54827471000,312669.66454827471,thousand_usd,numeric,unspecified,detail,2000-2025,geostat_trade_export-sitc-2000-2026,SITC-2000-2025-years,AA15,Miscellaneous manufactured articles,"_(* #,##0.0_);_(* \(#,##0.0\);_(* ""-""?_);_(@_)"
sitc1,1,9,Commodities not classified elsewhere in the SITC,2024,export,goods.sitc1.2000-2025.9,112942107.24510385000,112942.10724510385,thousand_usd,numeric,unspecified,detail,2000-2025,geostat_trade_export-sitc-2000-2026,SITC-2000-2025-years,AA16,Commodities not classified elsewhere in the SITC,"_(* #,##0.0_);_(* \(#,##0.0\);_(* ""-""?_);_(@_)"
sitc1,1,,,2025,export,goods.total,7287805027.5743008000,7287805.0275743008,thousand_usd,numeric,unspecified,total,2000-2025,geostat_trade_export-sitc-2000-2026,SITC-2000-2025-years,AB5,Total Exports,"_(* #,##0.0_);_(* \(#,##0.0\);_(* ""-""?_);_(@_)"
sitc1,1,0,Food and live animals,2025,export,goods.sitc1.2000-2025.0,817030954.68964521000,817030.95468964521,thousand_usd,numeric,unspecified,detail,2000-2025,geostat_trade_export-sitc-2000-2026,SITC-2000-2025-years,AB7,Food and live animals,"_(* #,##0.0_);_(* \(#,##0.0\);_(* ""-""?_);_(@_)"
sitc1,1,1,Beverages and tobacco,2025,export,goods.sitc1.2000-2025.1,999301511.72307006000,999301.51172307006,thousand_usd,numeric,unspecified,detail,2000-2025,geostat_trade_export-sitc-2000-2026,SITC-2000-2025-years,AB8,Beverages and tobacco,"_(* #,##0.0_);_(* \(#,##0.0\);_(* ""-""?_);_(@_)"
sitc1,1,2,"Crude materials, inedible, except fuels",2025,export,goods.sitc1.2000-2025.2,571480760.69029584000,571480.76069029584,thousand_usd,numeric,unspecified,detail,2000-2025,geostat_trade_export-sitc-2000-2026,SITC-2000-2025-years,AB9,"Crude materials, inedible, except fuels","_(* #,##0.0_);_(* \(#,##0.0\);_(* ""-""?_);_(@_)"
sitc1,1,3,"Mineral fuels, lubricants and related materials",2025,export,goods.sitc1.2000-2025.3,173411059.9245833000,173411.0599245833,thousand_usd,numeric,unspecified,detail,2000-2025,geostat_trade_export-sitc-2000-2026,SITC-2000-2025-years,AB10,"Mineral fuels, lubricants and related materials","_(* #,##0.0_);_(* \(#,##0.0\);_(* ""-""?_);_(@_)"
sitc1,1,4,"Animal and vegetable oils, fats and waxes",2025,export,goods.sitc1.2000-2025.4,15593858.634156059000,15593.858634156059,thousand_usd,numeric,unspecified,detail,2000-2025,geostat_trade_export-sitc-2000-2026,SITC-2000-2025-years,AB11,"Animal and vegetable oils, fats and waxes","_(* #,##0.0_);_(* \(#,##0.0\);_(* ""-""?_);_(@_)"
sitc1,1,5,"Chemicals and related products, n.e.s.",2025,export,goods.sitc1.2000-2025.5,516869894.46315292000,516869.89446315292,thousand_usd,numeric,unspecified,detail,2000-2025,geostat_trade_export-sitc-2000-2026,SITC-2000-2025-years,AB12,"Chemicals and related products, n.e.s.","_(* #,##0.0_);_(* \(#,##0.0\);_(* ""-""?_);_(@_)"
sitc1,1,6,Manufactured goods classified chiefly by material,2025,export,goods.sitc1.2000-2025.6,591647130.5018313000,591647.1305018313,thousand_usd,numeric,unspecified,detail,2000-2025,geostat_trade_export-sitc-2000-2026,SITC-2000-2025-years,AB13,Manufactured goods classified chiefly by material,"_(* #,##0.0_);_(* \(#,##0.0\);_(* ""-""?_);_(@_)"
sitc1,1,7,Machinery and transport equipment,2025,export,goods.sitc1.2000-2025.7,3166095874.385722000,3166095.874385722,thousand_usd,numeric,unspecified,detail,2000-2025,geostat_trade_export-sitc-2000-2026,SITC-2000-2025-years,AB14,Machinery and transport equipment,"_(* #,##0.0_);_(* \(#,##0.0\);_(* ""-""?_);_(@_)"
sitc1,1,8,Miscellaneous manufactured articles,2025,export,goods.sitc1.2000-2025.8,296357017.15275767000,296357.01715275767,thousand_usd,numeric,unspecified,detail,2000-2025,geostat_trade_export-sitc-2000-2026,SITC-2000-2025-years,AB15,Miscellaneous manufactured articles,"_(* #,##0.0_);_(* \(#,##0.0\);_(* ""-""?_);_(@_)"
sitc1,1,9,Commodities not classified elsewhere in the SITC,2025,export,goods.sitc1.2000-2025.9,140016965.40908606000,140016.96540908606,thousand_usd,numeric,unspecified,detail,2000-2025,geostat_trade_export-sitc-2000-2026,SITC-2000-2025-years,AB16,Commodities not classified elsewhere in the SITC,"_(* #,##0.0_);_(* \(#,##0.0\);_(* ""-""?_);_(@_)"
sitc1,1,,,2000,import,goods.total,709509126.31808175000,709509.12631808175,thousand_usd,numeric,unspecified,total,2000-2025,geostat_trade_import-sitc-2000-2026,SITC-2000-2025-years,C5,Total Imports,"_-* #,##0.0_-;\-* #,##0.0_-;_-* ""-""?_-;_-@_-"
sitc1,1,0,Food and live animals,2000,import,goods.sitc1.2000-2025.0,126095248.09000053000,126095.24809000053,thousand_usd,numeric,unspecified,detail,2000-2025,geostat_trade_import-sitc-2000-2026,SITC-2000-2025-years,C7,Food and live animals,"_(* #,##0.0_);_(* \(#,##0.0\);_(* ""-""?_);_(@_)"
sitc1,1,1,Beverages and tobacco,2000,import,goods.sitc1.2000-2025.1,34742721.440000001000,34742.721440000001,thousand_usd,numeric,unspecified,detail,2000-2025,geostat_trade_import-sitc-2000-2026,SITC-2000-2025-years,C8,Beverages and tobacco,"_(* #,##0.0_);_(* \(#,##0.0\);_(* ""-""?_);_(@_)"
sitc1,1,2,"Crude materials, inedible, except fuels",2000,import,goods.sitc1.2000-2025.2,7312256.389999995000,7312.256389999995,thousand_usd,numeric,unspecified,detail,2000-2025,geostat_trade_import-sitc-2000-2026,SITC-2000-2025-years,C9,"Crude materials, inedible, except fuels","_(* #,##0.0_);_(* \(#,##0.0\);_(* ""-""?_);_(@_)"
sitc1,1,3,"Mineral fuels, lubricants and related materials",2000,import,goods.sitc1.2000-2025.3,138867908.82999977000,138867.90882999977,thousand_usd,numeric,unspecified,detail,2000-2025,geostat_trade_import-sitc-2000-2026,SITC-2000-2025-years,C10,"Mineral fuels, lubricants and related materials","_(* #,##0.0_);_(* \(#,##0.0\);_(* ""-""?_);_(@_)"
sitc1,1,4,"Animal and vegetable oils, fats and waxes",2000,import,goods.sitc1.2000-2025.4,4539012.649999996000,4539.012649999996,thousand_usd,numeric,unspecified,detail,2000-2025,geostat_trade_import-sitc-2000-2026,SITC-2000-2025-years,C11,"Animal and vegetable oils, fats and waxes","_(* #,##0.0_);_(* \(#,##0.0\);_(* ""-""?_);_(@_)"
sitc1,1,5,"Chemicals and related products, n.e.s.",2000,import,goods.sitc1.2000-2025.5,80838836.510000372000,80838.836510000372,thousand_usd,numeric,unspecified,detail,2000-2025,geostat_trade_import-sitc-2000-2026,SITC-2000-2025-years,C12,"Chemicals and related products, n.e.s.","_(* #,##0.0_);_(* \(#,##0.0\);_(* ""-""?_);_(@_)"
sitc1,1,6,Manufactured goods classified chiefly by material,2000,import,goods.sitc1.2000-2025.6,72636881.572793063000,72636.881572793063,thousand_usd,numeric,unspecified,detail,2000-2025,geostat_trade_import-sitc-2000-2026,SITC-2000-2025-years,C13,Manufactured goods classified chiefly by material,"_(* #,##0.0_);_(* \(#,##0.0\);_(* ""-""?_);_(@_)"
sitc1,1,7,Machinery and transport equipment,2000,import,goods.sitc1.2000-2025.7,176708396.23528809000,176708.39623528809,thousand_usd,numeric,unspecified,detail,2000-2025,geostat_trade_import-sitc-2000-2026,SITC-2000-2025-years,C14,Machinery and transport equipment,"_(* #,##0.0_);_(* \(#,##0.0\);_(* ""-""?_);_(@_)"
sitc1,1,8,Miscellaneous manufactured articles,2000,import,goods.sitc1.2000-2025.8,62867991.769999964000,62867.991769999964,thousand_usd,numeric,unspecified,detail,2000-2025,geostat_trade_import-sitc-2000-2026,SITC-2000-2025-years,C15,Miscellaneous manufactured articles,"_(* #,##0.0_);_(* \(#,##0.0\);_(* ""-""?_);_(@_)"
sitc1,1,9,Commodities not classified elsewhere in the SITC,2000,import,goods.sitc1.2000-2025.9,4899872.8299999993000,4899.8728299999993,thousand_usd,numeric,unspecified,detail,2000-2025,geostat_trade_import-sitc-2000-2026,SITC-2000-2025-years,C16,Commodities not classified elsewhere in the SITC,"_(* #,##0.0_);_(* \(#,##0.0\);_(* ""-""?_);_(@_)"
sitc1,1,,,2001,import,goods.total,752010911.61170066000,752010.91161170066,thousand_usd,numeric,unspecified,total,2000-2025,geostat_trade_import-sitc-2000-2026,SITC-2000-2025-years,D5,Total Imports,"_-* #,##0.0_-;\-* #,##0.0_-;_-* ""-""?_-;_-@_-"
sitc1,1,0,Food and live animals,2001,import,goods.sitc1.2000-2025.0,120629091.17000186000,120629.09117000186,thousand_usd,numeric,unspecified,detail,2000-2025,geostat_trade_import-sitc-2000-2026,SITC-2000-2025-years,D7,Food and live animals,"_(* #,##0.0_);_(* \(#,##0.0\);_(* ""-""?_);_(@_)"
sitc1,1,1,Beverages and tobacco,2001,import,goods.sitc1.2000-2025.1,25219025.391700012000,25219.025391700012,thousand_usd,numeric,unspecified,detail,2000-2025,geostat_trade_import-sitc-2000-2026,SITC-2000-2025-years,D8,Beverages and tobacco,"_(* #,##0.0_);_(* \(#,##0.0\);_(* ""-""?_);_(@_)"
sitc1,1,2,"Crude materials, inedible, except fuels",2001,import,goods.sitc1.2000-2025.2,10477710.709999976000,10477.710709999976,thousand_usd,numeric,unspecified,detail,2000-2025,geostat_trade_import-sitc-2000-2026,SITC-2000-2025-years,D9,"Crude materials, inedible, except fuels","_(* #,##0.0_);_(* \(#,##0.0\);_(* ""-""?_);_(@_)"
sitc1,1,3,"Mineral fuels, lubricants and related materials",2001,import,goods.sitc1.2000-2025.3,155476551.94999988000,155476.55194999988,thousand_usd,numeric,unspecified,detail,2000-2025,geostat_trade_import-sitc-2000-2026,SITC-2000-2025-years,D10,"Mineral fuels, lubricants and related materials","_(* #,##0.0_);_(* \(#,##0.0\);_(* ""-""?_);_(@_)"
sitc1,1,4,"Animal and vegetable oils, fats and waxes",2001,import,goods.sitc1.2000-2025.4,7384628.96000,7384.62896,thousand_usd,numeric,unspecified,detail,2000-2025,geostat_trade_import-sitc-2000-2026,SITC-2000-2025-years,D11,"Animal and vegetable oils, fats and waxes","_(* #,##0.0_);_(* \(#,##0.0\);_(* ""-""?_);_(@_)"
sitc1,1,5,"Chemicals and related products, n.e.s.",2001,import,goods.sitc1.2000-2025.5,94253742.440000613000,94253.742440000613,thousand_usd,numeric,unspecified,detail,2000-2025,geostat_trade_import-sitc-2000-2026,SITC-2000-2025-years,D12,"Chemicals and related products, n.e.s.","_(* #,##0.0_);_(* \(#,##0.0\);_(* ""-""?_);_(@_)"
sitc1,1,6,Manufactured goods classified chiefly by material,2001,import,goods.sitc1.2000-2025.6,91941147.070000487000,91941.147070000487,thousand_usd,numeric,unspecified,detail,2000-2025,geostat_trade_import-sitc-2000-2026,SITC-2000-2025-years,D13,Manufactured goods classified chiefly by material,"_(* #,##0.0_);_(* \(#,##0.0\);_(* ""-""?_);_(@_)"
sitc1,1,7,Machinery and transport equipment,2001,import,goods.sitc1.2000-2025.7,177111010.53999781000,177111.01053999781,thousand_usd,numeric,unspecified,detail,2000-2025,geostat_trade_import-sitc-2000-2026,SITC-2000-2025-years,D14,Machinery and transport equipment,"_(* #,##0.0_);_(* \(#,##0.0\);_(* ""-""?_);_(@_)"
sitc1,1,8,Miscellaneous manufactured articles,2001,import,goods.sitc1.2000-2025.8,67966420.040000012000,67966.420040000012,thousand_usd,numeric,unspecified,detail,2000-2025,geostat_trade_import-sitc-2000-2026,SITC-2000-2025-years,D15,Miscellaneous manufactured articles,"_(* #,##0.0_);_(* \(#,##0.0\);_(* ""-""?_);_(@_)"
sitc1,1,9,Commodities not classified elsewhere in the SITC,2001,import,goods.sitc1.2000-2025.9,1551583.3400000004000,1551.5833400000004,thousand_usd,numeric,unspecified,detail,2000-2025,geostat_trade_import-sitc-2000-2026,SITC-2000-2025-years,D16,Commodities not classified elsewhere in the SITC,"_(* #,##0.0_);_(* \(#,##0.0\);_(* ""-""?_);_(@_)"
sitc1,1,,,2002,import,goods.total,794691603.40999987000,794691.60340999987,thousand_usd,numeric,unspecified,total,2000-2025,geostat_trade_import-sitc-2000-2026,SITC-2000-2025-years,E5,Total Imports,"_-* #,##0.0_-;\-* #,##0.0_-;_-* ""-""?_-;_-@_-"
sitc1,1,0,Food and live animals,2002,import,goods.sitc1.2000-2025.0,124430449.20999998000,124430.44920999998,thousand_usd,numeric,unspecified,detail,2000-2025,geostat_trade_import-sitc-2000-2026,SITC-2000-2025-years,E7,Food and live animals,"_(* #,##0.0_);_(* \(#,##0.0\);_(* ""-""?_);_(@_)"
sitc1,1,1,Beverages and tobacco,2002,import,goods.sitc1.2000-2025.1,31817708.569999995000,31817.708569999995,thousand_usd,numeric,unspecified,detail,2000-2025,geostat_trade_import-sitc-2000-2026,SITC-2000-2025-years,E8,Beverages and tobacco,"_(* #,##0.0_);_(* \(#,##0.0\);_(* ""-""?_);_(@_)"
sitc1,1,2,"Crude materials, inedible, except fuels",2002,import,goods.sitc1.2000-2025.2,11781037.660000009000,11781.037660000009,thousand_usd,numeric,unspecified,detail,2000-2025,geostat_trade_import-sitc-2000-2026,SITC-2000-2025-years,E9,"Crude materials, inedible, except fuels","_(* #,##0.0_);_(* \(#,##0.0\);_(* ""-""?_);_(@_)"
sitc1,1,3,"Mineral fuels, lubricants and related materials",2002,import,goods.sitc1.2000-2025.3,164247539.32000016000,164247.53932000016,thousand_usd,numeric,unspecified,detail,2000-2025,geostat_trade_import-sitc-2000-2026,SITC-2000-2025-years,E10,"Mineral fuels, lubricants and related materials","_(* #,##0.0_);_(* \(#,##0.0\);_(* ""-""?_);_(@_)"
sitc1,1,4,"Animal and vegetable oils, fats and waxes",2002,import,goods.sitc1.2000-2025.4,6298647.6499999999000,6298.6476499999999,thousand_usd,numeric,unspecified,detail,2000-2025,geostat_trade_import-sitc-2000-2026,SITC-2000-2025-years,E11,"Animal and vegetable oils, fats and waxes","_(* #,##0.0_);_(* \(#,##0.0\);_(* ""-""?_);_(@_)"
sitc1,1,5,"Chemicals and related products, n.e.s.",2002,import,goods.sitc1.2000-2025.5,107768697.4799997000,107768.6974799997,thousand_usd,numeric,unspecified,detail,2000-2025,geostat_trade_import-sitc-2000-2026,SITC-2000-2025-years,E12,"Chemicals and related products, n.e.s.","_(* #,##0.0_);_(* \(#,##0.0\);_(* ""-""?_);_(@_)"
sitc1,1,6,Manufactured goods classified chiefly by material,2002,import,goods.sitc1.2000-2025.6,86686803.710000357000,86686.803710000357,thousand_usd,numeric,unspecified,detail,2000-2025,geostat_trade_import-sitc-2000-2026,SITC-2000-2025-years,E13,Manufactured goods classified chiefly by material,"_(* #,##0.0_);_(* \(#,##0.0\);_(* ""-""?_);_(@_)"
sitc1,1,7,Machinery and transport equipment,2002,import,goods.sitc1.2000-2025.7,201316909.40999979000,201316.90940999979,thousand_usd,numeric,unspecified,detail,2000-2025,geostat_trade_import-sitc-2000-2026,SITC-2000-2025-years,E14,Machinery and transport equipment,"_(* #,##0.0_);_(* \(#,##0.0\);_(* ""-""?_);_(@_)"
sitc1,1,8,Miscellaneous manufactured articles,2002,import,goods.sitc1.2000-2025.8,57416530.479999899000,57416.530479999899,thousand_usd,numeric,unspecified,detail,2000-2025,geostat_trade_import-sitc-2000-2026,SITC-2000-2025-years,E15,Miscellaneous manufactured articles,"_(* #,##0.0_);_(* \(#,##0.0\);_(* ""-""?_);_(@_)"
sitc1,1,9,Commodities not classified elsewhere in the SITC,2002,import,goods.sitc1.2000-2025.9,2927279.9200000004000,2927.2799200000004,thousand_usd,numeric,unspecified,detail,2000-2025,geostat_trade_import-sitc-2000-2026,SITC-2000-2025-years,E16,Commodities not classified elsewhere in the SITC,"_(* #,##0.0_);_(* \(#,##0.0\);_(* ""-""?_);_(@_)"
sitc1,1,,,2003,import,goods.total,1139039159.3499945000,1139039.1593499945,thousand_usd,numeric,unspecified,total,2000-2025,geostat_trade_import-sitc-2000-2026,SITC-2000-2025-years,F5,Total Imports,"_-* #,##0.0_-;\-* #,##0.0_-;_-* ""-""?_-;_-@_-"
sitc1,1,0,Food and live animals,2003,import,goods.sitc1.2000-2025.0,166139284.51000177000,166139.28451000177,thousand_usd,numeric,unspecified,detail,2000-2025,geostat_trade_import-sitc-2000-2026,SITC-2000-2025-years,F7,Food and live animals,"_(* #,##0.0_);_(* \(#,##0.0\);_(* ""-""?_);_(@_)"
sitc1,1,1,Beverages and tobacco,2003,import,goods.sitc1.2000-2025.1,31810361.439999997000,31810.361439999997,thousand_usd,numeric,unspecified,detail,2000-2025,geostat_trade_import-sitc-2000-2026,SITC-2000-2025-years,F8,Beverages and tobacco,"_(* #,##0.0_);_(* \(#,##0.0\);_(* ""-""?_);_(@_)"
sitc1,1,2,"Crude materials, inedible, except fuels",2003,import,goods.sitc1.2000-2025.2,9641229.84000,9641.22984,thousand_usd,numeric,unspecified,detail,2000-2025,geostat_trade_import-sitc-2000-2026,SITC-2000-2025-years,F9,"Crude materials, inedible, except fuels","_(* #,##0.0_);_(* \(#,##0.0\);_(* ""-""?_);_(@_)"
sitc1,1,3,"Mineral fuels, lubricants and related materials",2003,import,goods.sitc1.2000-2025.3,203544016.86000041000,203544.01686000041,thousand_usd,numeric,unspecified,detail,2000-2025,geostat_trade_import-sitc-2000-2026,SITC-2000-2025-years,F10,"Mineral fuels, lubricants and related materials","_(* #,##0.0_);_(* \(#,##0.0\);_(* ""-""?_);_(@_)"
sitc1,1,4,"Animal and vegetable oils, fats and waxes",2003,import,goods.sitc1.2000-2025.4,8597950.8400000122000,8597.9508400000122,thousand_usd,numeric,unspecified,detail,2000-2025,geostat_trade_import-sitc-2000-2026,SITC-2000-2025-years,F11,"Animal and vegetable oils, fats and waxes","_(* #,##0.0_);_(* \(#,##0.0\);_(* ""-""?_);_(@_)"
sitc1,1,5,"Chemicals and related products, n.e.s.",2003,import,goods.sitc1.2000-2025.5,134159016.48000025000,134159.01648000025,thousand_usd,numeric,unspecified,detail,2000-2025,geostat_trade_import-sitc-2000-2026,SITC-2000-2025-years,F12,"Chemicals and related products, n.e.s.","_(* #,##0.0_);_(* \(#,##0.0\);_(* ""-""?_);_(@_)"
sitc1,1,6,Manufactured goods classified chiefly by material,2003,import,goods.sitc1.2000-2025.6,212620143.86999918000,212620.14386999918,thousand_usd,numeric,unspecified,detail,2000-2025,geostat_trade_import-sitc-2000-2026,SITC-2000-2025-years,F13,Manufactured goods classified chiefly by material,"_(* #,##0.0_);_(* \(#,##0.0\);_(* ""-""?_);_(@_)"
sitc1,1,7,Machinery and transport equipment,2003,import,goods.sitc1.2000-2025.7,289898118.86999296000,289898.11886999296,thousand_usd,numeric,unspecified,detail,2000-2025,geostat_trade_import-sitc-2000-2026,SITC-2000-2025-years,F14,Machinery and transport equipment,"_(* #,##0.0_);_(* \(#,##0.0\);_(* ""-""?_);_(@_)"
sitc1,1,8,Miscellaneous manufactured articles,2003,import,goods.sitc1.2000-2025.8,78201358.539999826000,78201.358539999826,thousand_usd,numeric,unspecified,detail,2000-2025,geostat_trade_import-sitc-2000-2026,SITC-2000-2025-years,F15,Miscellaneous manufactured articles,"_(* #,##0.0_);_(* \(#,##0.0\);_(* ""-""?_);_(@_)"
sitc1,1,9,Commodities not classified elsewhere in the SITC,2003,import,goods.sitc1.2000-2025.9,4427678.1000000019000,4427.6781000000019,thousand_usd,numeric,unspecified,detail,2000-2025,geostat_trade_import-sitc-2000-2026,SITC-2000-2025-years,F16,Commodities not classified elsewhere in the SITC,"_(* #,##0.0_);_(* \(#,##0.0\);_(* ""-""?_);_(@_)"
sitc1,1,,,2004,import,goods.total,1844342929.4279274000,1844342.9294279274,thousand_usd,numeric,unspecified,total,2000-2025,geostat_trade_import-sitc-2000-2026,SITC-2000-2025-years,G5,Total Imports,"_-* #,##0.0_-;\-* #,##0.0_-;_-* ""-""?_-;_-@_-"
sitc1,1,0,Food and live animals,2004,import,goods.sitc1.2000-2025.0,318510268.96000071000,318510.26896000071,thousand_usd,numeric,unspecified,detail,2000-2025,geostat_trade_import-sitc-2000-2026,SITC-2000-2025-years,G7,Food and live animals,"_(* #,##0.0_);_(* \(#,##0.0\);_(* ""-""?_);_(@_)"
sitc1,1,1,Beverages and tobacco,2004,import,goods.sitc1.2000-2025.1,47573392.059999976000,47573.392059999976,thousand_usd,numeric,unspecified,detail,2000-2025,geostat_trade_import-sitc-2000-2026,SITC-2000-2025-years,G8,Beverages and tobacco,"_(* #,##0.0_);_(* \(#,##0.0\);_(* ""-""?_);_(@_)"
sitc1,1,2,"Crude materials, inedible, except fuels",2004,import,goods.sitc1.2000-2025.2,16753088.950000038000,16753.088950000038,thousand_usd,numeric,unspecified,detail,2000-2025,geostat_trade_import-sitc-2000-2026,SITC-2000-2025-years,G9,"Crude materials, inedible, except fuels","_(* #,##0.0_);_(* \(#,##0.0\);_(* ""-""?_);_(@_)"
sitc1,1,3,"Mineral fuels, lubricants and related materials",2004,import,goods.sitc1.2000-2025.3,316811083.62000057000,316811.08362000057,thousand_usd,numeric,unspecified,detail,2000-2025,geostat_trade_import-sitc-2000-2026,SITC-2000-2025-years,G10,"Mineral fuels, lubricants and related materials","_(* #,##0.0_);_(* \(#,##0.0\);_(* ""-""?_);_(@_)"
sitc1,1,4,"Animal and vegetable oils, fats and waxes",2004,import,goods.sitc1.2000-2025.4,20048117.049999997000,20048.117049999997,thousand_usd,numeric,unspecified,detail,2000-2025,geostat_trade_import-sitc-2000-2026,SITC-2000-2025-years,G11,"Animal and vegetable oils, fats and waxes","_(* #,##0.0_);_(* \(#,##0.0\);_(* ""-""?_);_(@_)"
sitc1,1,5,"Chemicals and related products, n.e.s.",2004,import,goods.sitc1.2000-2025.5,185730223.77000272000,185730.22377000272,thousand_usd,numeric,unspecified,detail,2000-2025,geostat_trade_import-sitc-2000-2026,SITC-2000-2025-years,G12,"Chemicals and related products, n.e.s.","_(* #,##0.0_);_(* \(#,##0.0\);_(* ""-""?_);_(@_)"
sitc1,1,6,Manufactured goods classified chiefly by material,2004,import,goods.sitc1.2000-2025.6,276292914.73000112000,276292.91473000112,thousand_usd,numeric,unspecified,detail,2000-2025,geostat_trade_import-sitc-2000-2026,SITC-2000-2025-years,G13,Manufactured goods classified chiefly by material,"_(* #,##0.0_);_(* \(#,##0.0\);_(* ""-""?_);_(@_)"
sitc1,1,7,Machinery and transport equipment,2004,import,goods.sitc1.2000-2025.7,493619806.5579214000,493619.8065579214,thousand_usd,numeric,unspecified,detail,2000-2025,geostat_trade_import-sitc-2000-2026,SITC-2000-2025-years,G14,Machinery and transport equipment,"_(* #,##0.0_);_(* \(#,##0.0\);_(* ""-""?_);_(@_)"
sitc1,1,8,Miscellaneous manufactured articles,2004,import,goods.sitc1.2000-2025.8,137064630.47000067000,137064.63047000067,thousand_usd,numeric,unspecified,detail,2000-2025,geostat_trade_import-sitc-2000-2026,SITC-2000-2025-years,G15,Miscellaneous manufactured articles,"_(* #,##0.0_);_(* \(#,##0.0\);_(* ""-""?_);_(@_)"
sitc1,1,9,Commodities not classified elsewhere in the SITC,2004,import,goods.sitc1.2000-2025.9,31939403.260000003000,31939.403260000003,thousand_usd,numeric,unspecified,detail,2000-2025,geostat_trade_import-sitc-2000-2026,SITC-2000-2025-years,G16,Commodities not classified elsewhere in the SITC,"_(* #,##0.0_);_(* \(#,##0.0\);_(* ""-""?_);_(@_)"
sitc1,1,,,2005,import,goods.total,2487548345.9062437000,2487548.3459062437,thousand_usd,numeric,unspecified,total,2000-2025,geostat_trade_import-sitc-2000-2026,SITC-2000-2025-years,H5,Total Imports,"_-* #,##0.0_-;\-* #,##0.0_-;_-* ""-""?_-;_-@_-"
sitc1,1,0,Food and live animals,2005,import,goods.sitc1.2000-2025.0,361545955.88117908000,361545.95588117908,thousand_usd,numeric,unspecified,detail,2000-2025,geostat_trade_import-sitc-2000-2026,SITC-2000-2025-years,H7,Food and live animals,"_(* #,##0.0_);_(* \(#,##0.0\);_(* ""-""?_);_(@_)"
sitc1,1,1,Beverages and tobacco,2005,import,goods.sitc1.2000-2025.1,42010009.48841944000,42010.00948841944,thousand_usd,numeric,unspecified,detail,2000-2025,geostat_trade_import-sitc-2000-2026,SITC-2000-2025-years,H8,Beverages and tobacco,"_(* #,##0.0_);_(* \(#,##0.0\);_(* ""-""?_);_(@_)"
sitc1,1,2,"Crude materials, inedible, except fuels",2005,import,goods.sitc1.2000-2025.2,21153183.690491642000,21153.183690491642,thousand_usd,numeric,unspecified,detail,2000-2025,geostat_trade_import-sitc-2000-2026,SITC-2000-2025-years,H9,"Crude materials, inedible, except fuels","_(* #,##0.0_);_(* \(#,##0.0\);_(* ""-""?_);_(@_)"
sitc1,1,3,"Mineral fuels, lubricants and related materials",2005,import,goods.sitc1.2000-2025.3,493184792.58626193000,493184.79258626193,thousand_usd,numeric,unspecified,detail,2000-2025,geostat_trade_import-sitc-2000-2026,SITC-2000-2025-years,H10,"Mineral fuels, lubricants and related materials","_(* #,##0.0_);_(* \(#,##0.0\);_(* ""-""?_);_(@_)"
sitc1,1,4,"Animal and vegetable oils, fats and waxes",2005,import,goods.sitc1.2000-2025.4,27040836.041623264000,27040.836041623264,thousand_usd,numeric,unspecified,detail,2000-2025,geostat_trade_import-sitc-2000-2026,SITC-2000-2025-years,H11,"Animal and vegetable oils, fats and waxes","_(* #,##0.0_);_(* \(#,##0.0\);_(* ""-""?_);_(@_)"
sitc1,1,5,"Chemicals and related products, n.e.s.",2005,import,goods.sitc1.2000-2025.5,242162033.64882199000,242162.03364882199,thousand_usd,numeric,unspecified,detail,2000-2025,geostat_trade_import-sitc-2000-2026,SITC-2000-2025-years,H12,"Chemicals and related products, n.e.s.","_(* #,##0.0_);_(* \(#,##0.0\);_(* ""-""?_);_(@_)"
sitc1,1,6,Manufactured goods classified chiefly by material,2005,import,goods.sitc1.2000-2025.6,311572149.73798435000,311572.14973798435,thousand_usd,numeric,unspecified,detail,2000-2025,geostat_trade_import-sitc-2000-2026,SITC-2000-2025-years,H13,Manufactured goods classified chiefly by material,"_(* #,##0.0_);_(* \(#,##0.0\);_(* ""-""?_);_(@_)"
sitc1,1,7,Machinery and transport equipment,2005,import,goods.sitc1.2000-2025.7,733207193.01965763000,733207.19301965763,thousand_usd,numeric,unspecified,detail,2000-2025,geostat_trade_import-sitc-2000-2026,SITC-2000-2025-years,H14,Machinery and transport equipment,"_(* #,##0.0_);_(* \(#,##0.0\);_(* ""-""?_);_(@_)"
sitc1,1,8,Miscellaneous manufactured articles,2005,import,goods.sitc1.2000-2025.8,215892495.2222234000,215892.4952222234,thousand_usd,numeric,unspecified,detail,2000-2025,geostat_trade_import-sitc-2000-2026,SITC-2000-2025-years,H15,Miscellaneous manufactured articles,"_(* #,##0.0_);_(* \(#,##0.0\);_(* ""-""?_);_(@_)"
sitc1,1,9,Commodities not classified elsewhere in the SITC,2005,import,goods.sitc1.2000-2025.9,39779696.589580861000,39779.696589580861,thousand_usd,numeric,unspecified,detail,2000-2025,geostat_trade_import-sitc-2000-2026,SITC-2000-2025-years,H16,Commodities not classified elsewhere in the SITC,"_(* #,##0.0_);_(* \(#,##0.0\);_(* ""-""?_);_(@_)"
sitc1,1,,,2006,import,goods.total,3674832445.4492414000,3674832.4454492414,thousand_usd,numeric,unspecified,total,2000-2025,geostat_trade_import-sitc-2000-2026,SITC-2000-2025-years,I5,Total Imports,"_-* #,##0.0_-;\-* #,##0.0_-;_-* ""-""?_-;_-@_-"
sitc1,1,0,Food and live animals,2006,import,goods.sitc1.2000-2025.0,494312437.30769411000,494312.43730769411,thousand_usd,numeric,unspecified,detail,2000-2025,geostat_trade_import-sitc-2000-2026,SITC-2000-2025-years,I7,Food and live animals,"_(* #,##0.0_);_(* \(#,##0.0\);_(* ""-""?_);_(@_)"
sitc1,1,1,Beverages and tobacco,2006,import,goods.sitc1.2000-2025.1,76543502.140536817000,76543.502140536817,thousand_usd,numeric,unspecified,detail,2000-2025,geostat_trade_import-sitc-2000-2026,SITC-2000-2025-years,I8,Beverages and tobacco,"_(* #,##0.0_);_(* \(#,##0.0\);_(* ""-""?_);_(@_)"
sitc1,1,2,"Crude materials, inedible, except fuels",2006,import,goods.sitc1.2000-2025.2,33356934.452266687000,33356.934452266687,thousand_usd,numeric,unspecified,detail,2000-2025,geostat_trade_import-sitc-2000-2026,SITC-2000-2025-years,I9,"Crude materials, inedible, except fuels","_(* #,##0.0_);_(* \(#,##0.0\);_(* ""-""?_);_(@_)"
sitc1,1,3,"Mineral fuels, lubricants and related materials",2006,import,goods.sitc1.2000-2025.3,711093409.71946507000,711093.40971946507,thousand_usd,numeric,unspecified,detail,2000-2025,geostat_trade_import-sitc-2000-2026,SITC-2000-2025-years,I10,"Mineral fuels, lubricants and related materials","_(* #,##0.0_);_(* \(#,##0.0\);_(* ""-""?_);_(@_)"
sitc1,1,4,"Animal and vegetable oils, fats and waxes",2006,import,goods.sitc1.2000-2025.4,28871086.23489516000,28871.08623489516,thousand_usd,numeric,unspecified,detail,2000-2025,geostat_trade_import-sitc-2000-2026,SITC-2000-2025-years,I11,"Animal and vegetable oils, fats and waxes","_(* #,##0.0_);_(* \(#,##0.0\);_(* ""-""?_);_(@_)"
sitc1,1,5,"Chemicals and related products, n.e.s.",2006,import,goods.sitc1.2000-2025.5,334790661.91103391000,334790.66191103391,thousand_usd,numeric,unspecified,detail,2000-2025,geostat_trade_import-sitc-2000-2026,SITC-2000-2025-years,I12,"Chemicals and related products, n.e.s.","_(* #,##0.0_);_(* \(#,##0.0\);_(* ""-""?_);_(@_)"
sitc1,1,6,Manufactured goods classified chiefly by material,2006,import,goods.sitc1.2000-2025.6,491105443.21453705000,491105.44321453705,thousand_usd,numeric,unspecified,detail,2000-2025,geostat_trade_import-sitc-2000-2026,SITC-2000-2025-years,I13,Manufactured goods classified chiefly by material,"_(* #,##0.0_);_(* \(#,##0.0\);_(* ""-""?_);_(@_)"
sitc1,1,7,Machinery and transport equipment,2006,import,goods.sitc1.2000-2025.7,1061493405.7570295000,1061493.4057570295,thousand_usd,numeric,unspecified,detail,2000-2025,geostat_trade_import-sitc-2000-2026,SITC-2000-2025-years,I14,Machinery and transport equipment,"_(* #,##0.0_);_(* \(#,##0.0\);_(* ""-""?_);_(@_)"
sitc1,1,8,Miscellaneous manufactured articles,2006,import,goods.sitc1.2000-2025.8,361082992.12834012000,361082.99212834012,thousand_usd,numeric,unspecified,detail,2000-2025,geostat_trade_import-sitc-2000-2026,SITC-2000-2025-years,I15,Miscellaneous manufactured articles,"_(* #,##0.0_);_(* \(#,##0.0\);_(* ""-""?_);_(@_)"
sitc1,1,9,Commodities not classified elsewhere in the SITC,2006,import,goods.sitc1.2000-2025.9,82182572.58344299000,82182.57258344299,thousand_usd,numeric,unspecified,detail,2000-2025,geostat_trade_import-sitc-2000-2026,SITC-2000-2025-years,I16,Commodities not classified elsewhere in the SITC,"_(* #,##0.0_);_(* \(#,##0.0\);_(* ""-""?_);_(@_)"
sitc1,1,,,2007,import,goods.total,5212150246.3161536000,5212150.2463161536,thousand_usd,numeric,unspecified,total,2000-2025,geostat_trade_import-sitc-2000-2026,SITC-2000-2025-years,J5,Total Imports,"_-* #,##0.0_-;\-* #,##0.0_-;_-* ""-""?_-;_-@_-"
sitc1,1,0,Food and live animals,2007,import,goods.sitc1.2000-2025.0,687719108.07067819000,687719.10807067819,thousand_usd,numeric,unspecified,detail,2000-2025,geostat_trade_import-sitc-2000-2026,SITC-2000-2025-years,J7,Food and live animals,"_(* #,##0.0_);_(* \(#,##0.0\);_(* ""-""?_);_(@_)"
sitc1,1,1,Beverages and tobacco,2007,import,goods.sitc1.2000-2025.1,86529897.17499484000,86529.89717499484,thousand_usd,numeric,unspecified,detail,2000-2025,geostat_trade_import-sitc-2000-2026,SITC-2000-2025-years,J8,Beverages and tobacco,"_(* #,##0.0_);_(* \(#,##0.0\);_(* ""-""?_);_(@_)"
sitc1,1,2,"Crude materials, inedible, except fuels",2007,import,goods.sitc1.2000-2025.2,75164385.922566391000,75164.385922566391,thousand_usd,numeric,unspecified,detail,2000-2025,geostat_trade_import-sitc-2000-2026,SITC-2000-2025-years,J9,"Crude materials, inedible, except fuels","_(* #,##0.0_);_(* \(#,##0.0\);_(* ""-""?_);_(@_)"
sitc1,1,3,"Mineral fuels, lubricants and related materials",2007,import,goods.sitc1.2000-2025.3,913334273.46270811000,913334.27346270811,thousand_usd,numeric,unspecified,detail,2000-2025,geostat_trade_import-sitc-2000-2026,SITC-2000-2025-years,J10,"Mineral fuels, lubricants and related materials","_(* #,##0.0_);_(* \(#,##0.0\);_(* ""-""?_);_(@_)"
sitc1,1,4,"Animal and vegetable oils, fats and waxes",2007,import,goods.sitc1.2000-2025.4,37462972.141731902000,37462.972141731902,thousand_usd,numeric,unspecified,detail,2000-2025,geostat_trade_import-sitc-2000-2026,SITC-2000-2025-years,J11,"Animal and vegetable oils, fats and waxes","_(* #,##0.0_);_(* \(#,##0.0\);_(* ""-""?_);_(@_)"
sitc1,1,5,"Chemicals and related products, n.e.s.",2007,import,goods.sitc1.2000-2025.5,449814277.53715048000,449814.27753715048,thousand_usd,numeric,unspecified,detail,2000-2025,geostat_trade_import-sitc-2000-2026,SITC-2000-2025-years,J12,"Chemicals and related products, n.e.s.","_(* #,##0.0_);_(* \(#,##0.0\);_(* ""-""?_);_(@_)"
sitc1,1,6,Manufactured goods classified chiefly by material,2007,import,goods.sitc1.2000-2025.6,775076727.52592899000,775076.72752592899,thousand_usd,numeric,unspecified,detail,2000-2025,geostat_trade_import-sitc-2000-2026,SITC-2000-2025-years,J13,Manufactured goods classified chiefly by material,"_(* #,##0.0_);_(* \(#,##0.0\);_(* ""-""?_);_(@_)"
sitc1,1,7,Machinery and transport equipment,2007,import,goods.sitc1.2000-2025.7,1451707782.7261509000,1451707.7827261509,thousand_usd,numeric,unspecified,detail,2000-2025,geostat_trade_import-sitc-2000-2026,SITC-2000-2025-years,J14,Machinery and transport equipment,"_(* #,##0.0_);_(* \(#,##0.0\);_(* ""-""?_);_(@_)"
sitc1,1,8,Miscellaneous manufactured articles,2007,import,goods.sitc1.2000-2025.8,471292830.98040783000,471292.83098040783,thousand_usd,numeric,unspecified,detail,2000-2025,geostat_trade_import-sitc-2000-2026,SITC-2000-2025-years,J15,Miscellaneous manufactured articles,"_(* #,##0.0_);_(* \(#,##0.0\);_(* ""-""?_);_(@_)"
sitc1,1,9,Commodities not classified elsewhere in the SITC,2007,import,goods.sitc1.2000-2025.9,264047990.77383534000,264047.99077383534,thousand_usd,numeric,unspecified,detail,2000-2025,geostat_trade_import-sitc-2000-2026,SITC-2000-2025-years,J16,Commodities not classified elsewhere in the SITC,"_(* #,##0.0_);_(* \(#,##0.0\);_(* ""-""?_);_(@_)"
sitc1,1,,,2008,import,goods.total,6301540343.0100735000,6301540.3430100735,thousand_usd,numeric,unspecified,total,2000-2025,geostat_trade_import-sitc-2000-2026,SITC-2000-2025-years,K5,Total Imports,"_-* #,##0.0_-;\-* #,##0.0_-;_-* ""-""?_-;_-@_-"
sitc1,1,0,Food and live animals,2008,import,goods.sitc1.2000-2025.0,738593996.33180583000,738593.99633180583,thousand_usd,numeric,unspecified,detail,2000-2025,geostat_trade_import-sitc-2000-2026,SITC-2000-2025-years,K7,Food and live animals,"_(* #,##0.0_);_(* \(#,##0.0\);_(* ""-""?_);_(@_)"
sitc1,1,1,Beverages and tobacco,2008,import,goods.sitc1.2000-2025.1,126060106.57639257000,126060.10657639257,thousand_usd,numeric,unspecified,detail,2000-2025,geostat_trade_import-sitc-2000-2026,SITC-2000-2025-years,K8,Beverages and tobacco,"_(* #,##0.0_);_(* \(#,##0.0\);_(* ""-""?_);_(@_)"
sitc1,1,2,"Crude materials, inedible, except fuels",2008,import,goods.sitc1.2000-2025.2,128769433.3171161000,128769.4333171161,thousand_usd,numeric,unspecified,detail,2000-2025,geostat_trade_import-sitc-2000-2026,SITC-2000-2025-years,K9,"Crude materials, inedible, except fuels","_(* #,##0.0_);_(* \(#,##0.0\);_(* ""-""?_);_(@_)"
sitc1,1,3,"Mineral fuels, lubricants and related materials",2008,import,goods.sitc1.2000-2025.3,1088219957.5230803000,1088219.9575230803,thousand_usd,numeric,unspecified,detail,2000-2025,geostat_trade_import-sitc-2000-2026,SITC-2000-2025-years,K10,"Mineral fuels, lubricants and related materials","_(* #,##0.0_);_(* \(#,##0.0\);_(* ""-""?_);_(@_)"
sitc1,1,4,"Animal and vegetable oils, fats and waxes",2008,import,goods.sitc1.2000-2025.4,60208146.912728109000,60208.146912728109,thousand_usd,numeric,unspecified,detail,2000-2025,geostat_trade_import-sitc-2000-2026,SITC-2000-2025-years,K11,"Animal and vegetable oils, fats and waxes","_(* #,##0.0_);_(* \(#,##0.0\);_(* ""-""?_);_(@_)"
sitc1,1,5,"Chemicals and related products, n.e.s.",2008,import,goods.sitc1.2000-2025.5,558763571.76784601000,558763.57176784601,thousand_usd,numeric,unspecified,detail,2000-2025,geostat_trade_import-sitc-2000-2026,SITC-2000-2025-years,K12,"Chemicals and related products, n.e.s.","_(* #,##0.0_);_(* \(#,##0.0\);_(* ""-""?_);_(@_)"
sitc1,1,6,Manufactured goods classified chiefly by material,2008,import,goods.sitc1.2000-2025.6,984508659.71946018000,984508.65971946018,thousand_usd,numeric,unspecified,detail,2000-2025,geostat_trade_import-sitc-2000-2026,SITC-2000-2025-years,K13,Manufactured goods classified chiefly by material,"_(* #,##0.0_);_(* \(#,##0.0\);_(* ""-""?_);_(@_)"
sitc1,1,7,Machinery and transport equipment,2008,import,goods.sitc1.2000-2025.7,2019613052.8753323000,2019613.0528753323,thousand_usd,numeric,unspecified,detail,2000-2025,geostat_trade_import-sitc-2000-2026,SITC-2000-2025-years,K14,Machinery and transport equipment,"_(* #,##0.0_);_(* \(#,##0.0\);_(* ""-""?_);_(@_)"
sitc1,1,8,Miscellaneous manufactured articles,2008,import,goods.sitc1.2000-2025.8,535639234.83736452000,535639.23483736452,thousand_usd,numeric,unspecified,detail,2000-2025,geostat_trade_import-sitc-2000-2026,SITC-2000-2025-years,K15,Miscellaneous manufactured articles,"_(* #,##0.0_);_(* \(#,##0.0\);_(* ""-""?_);_(@_)"
sitc1,1,9,Commodities not classified elsewhere in the SITC,2008,import,goods.sitc1.2000-2025.9,61164183.148947508000,61164.183148947508,thousand_usd,numeric,unspecified,detail,2000-2025,geostat_trade_import-sitc-2000-2026,SITC-2000-2025-years,K16,Commodities not classified elsewhere in the SITC,"_(* #,##0.0_);_(* \(#,##0.0\);_(* ""-""?_);_(@_)"
sitc1,1,,,2009,import,goods.total,4475724508.7921005000,4475724.5087921005,thousand_usd,numeric,unspecified,total,2000-2025,geostat_trade_import-sitc-2000-2026,SITC-2000-2025-years,L5,Total Imports,"_-* #,##0.0_-;\-* #,##0.0_-;_-* ""-""?_-;_-@_-"
sitc1,1,0,Food and live animals,2009,import,goods.sitc1.2000-2025.0,592644450.64998837000,592644.45064998837,thousand_usd,numeric,unspecified,detail,2000-2025,geostat_trade_import-sitc-2000-2026,SITC-2000-2025-years,L7,Food and live animals,"#,##0.0"
sitc1,1,1,Beverages and tobacco,2009,import,goods.sitc1.2000-2025.1,127003649.15146833000,127003.64915146833,thousand_usd,numeric,unspecified,detail,2000-2025,geostat_trade_import-sitc-2000-2026,SITC-2000-2025-years,L8,Beverages and tobacco,"#,##0.0"
sitc1,1,2,"Crude materials, inedible, except fuels",2009,import,goods.sitc1.2000-2025.2,77609514.784393672000,77609.514784393672,thousand_usd,numeric,unspecified,detail,2000-2025,geostat_trade_import-sitc-2000-2026,SITC-2000-2025-years,L9,"Crude materials, inedible, except fuels","#,##0.0"
sitc1,1,3,"Mineral fuels, lubricants and related materials",2009,import,goods.sitc1.2000-2025.3,808575912.58265381000,808575.91258265381,thousand_usd,numeric,unspecified,detail,2000-2025,geostat_trade_import-sitc-2000-2026,SITC-2000-2025-years,L10,"Mineral fuels, lubricants and related materials","#,##0.0"
sitc1,1,4,"Animal and vegetable oils, fats and waxes",2009,import,goods.sitc1.2000-2025.4,35605162.820344834000,35605.162820344834,thousand_usd,numeric,unspecified,detail,2000-2025,geostat_trade_import-sitc-2000-2026,SITC-2000-2025-years,L11,"Animal and vegetable oils, fats and waxes","#,##0.0"
sitc1,1,5,"Chemicals and related products, n.e.s.",2009,import,goods.sitc1.2000-2025.5,473706903.27687946000,473706.90327687946,thousand_usd,numeric,unspecified,detail,2000-2025,geostat_trade_import-sitc-2000-2026,SITC-2000-2025-years,L12,"Chemicals and related products, n.e.s.","#,##0.0"
sitc1,1,6,Manufactured goods classified chiefly by material,2009,import,goods.sitc1.2000-2025.6,581285488.00585605000,581285.48800585605,thousand_usd,numeric,unspecified,detail,2000-2025,geostat_trade_import-sitc-2000-2026,SITC-2000-2025-years,L13,Manufactured goods classified chiefly by material,"#,##0.0"
sitc1,1,7,Machinery and transport equipment,2009,import,goods.sitc1.2000-2025.7,1088091125.5623715000,1088091.1255623715,thousand_usd,numeric,unspecified,detail,2000-2025,geostat_trade_import-sitc-2000-2026,SITC-2000-2025-years,L14,Machinery and transport equipment,"#,##0.0"
sitc1,1,8,Miscellaneous manufactured articles,2009,import,goods.sitc1.2000-2025.8,387306806.05997972000,387306.80605997972,thousand_usd,numeric,unspecified,detail,2000-2025,geostat_trade_import-sitc-2000-2026,SITC-2000-2025-years,L15,Miscellaneous manufactured articles,"#,##0.0"
sitc1,1,9,Commodities not classified elsewhere in the SITC,2009,import,goods.sitc1.2000-2025.9,303895495.89822337000,303895.49589822337,thousand_usd,numeric,unspecified,detail,2000-2025,geostat_trade_import-sitc-2000-2026,SITC-2000-2025-years,L16,Commodities not classified elsewhere in the SITC,"#,##0.0"
sitc1,1,,,2010,import,goods.total,5235964558.7120485000,5235964.5587120485,thousand_usd,numeric,unspecified,total,2000-2025,geostat_trade_import-sitc-2000-2026,SITC-2000-2025-years,M5,Total Imports,"_-* #,##0.0_-;\-* #,##0.0_-;_-* ""-""?_-;_-@_-"
sitc1,1,0,Food and live animals,2010,import,goods.sitc1.2000-2025.0,746674853.42150182000,746674.85342150182,thousand_usd,numeric,unspecified,detail,2000-2025,geostat_trade_import-sitc-2000-2026,SITC-2000-2025-years,M7,Food and live animals,"#,##0.0"
sitc1,1,1,Beverages and tobacco,2010,import,goods.sitc1.2000-2025.1,150896235.92379515000,150896.23592379515,thousand_usd,numeric,unspecified,detail,2000-2025,geostat_trade_import-sitc-2000-2026,SITC-2000-2025-years,M8,Beverages and tobacco,"#,##0.0"
sitc1,1,2,"Crude materials, inedible, except fuels",2010,import,goods.sitc1.2000-2025.2,121627808.88595695000,121627.80888595695,thousand_usd,numeric,unspecified,detail,2000-2025,geostat_trade_import-sitc-2000-2026,SITC-2000-2025-years,M9,"Crude materials, inedible, except fuels","#,##0.0"
sitc1,1,3,"Mineral fuels, lubricants and related materials",2010,import,goods.sitc1.2000-2025.3,958402289.50957989000,958402.28950957989,thousand_usd,numeric,unspecified,detail,2000-2025,geostat_trade_import-sitc-2000-2026,SITC-2000-2025-years,M10,"Mineral fuels, lubricants and related materials","#,##0.0"
sitc1,1,4,"Animal and vegetable oils, fats and waxes",2010,import,goods.sitc1.2000-2025.4,46693269.749261941000,46693.269749261941,thousand_usd,numeric,unspecified,detail,2000-2025,geostat_trade_import-sitc-2000-2026,SITC-2000-2025-years,M11,"Animal and vegetable oils, fats and waxes","#,##0.0"
sitc1,1,5,"Chemicals and related products, n.e.s.",2010,import,goods.sitc1.2000-2025.5,541289872.85906915000,541289.87285906915,thousand_usd,numeric,unspecified,detail,2000-2025,geostat_trade_import-sitc-2000-2026,SITC-2000-2025-years,M12,"Chemicals and related products, n.e.s.","#,##0.0"
sitc1,1,6,Manufactured goods classified chiefly by material,2010,import,goods.sitc1.2000-2025.6,803582597.75857767000,803582.59775857767,thousand_usd,numeric,unspecified,detail,2000-2025,geostat_trade_import-sitc-2000-2026,SITC-2000-2025-years,M13,Manufactured goods classified chiefly by material,"#,##0.0"
sitc1,1,7,Machinery and transport equipment,2010,import,goods.sitc1.2000-2025.7,1322986740.4661789000,1322986.7404661789,thousand_usd,numeric,unspecified,detail,2000-2025,geostat_trade_import-sitc-2000-2026,SITC-2000-2025-years,M14,Machinery and transport equipment,"#,##0.0"
sitc1,1,8,Miscellaneous manufactured articles,2010,import,goods.sitc1.2000-2025.8,525699025.65976803000,525699.02565976803,thousand_usd,numeric,unspecified,detail,2000-2025,geostat_trade_import-sitc-2000-2026,SITC-2000-2025-years,M15,Miscellaneous manufactured articles,"#,##0.0"
sitc1,1,9,Commodities not classified elsewhere in the SITC,2010,import,goods.sitc1.2000-2025.9,18111864.47823557000,18111.86447823557,thousand_usd,numeric,unspecified,detail,2000-2025,geostat_trade_import-sitc-2000-2026,SITC-2000-2025-years,M16,Commodities not classified elsewhere in the SITC,"#,##0.0"
sitc1,1,,,2011,import,goods.total,7072259779.4625005000,7072259.7794625005,thousand_usd,numeric,unspecified,total,2000-2025,geostat_trade_import-sitc-2000-2026,SITC-2000-2025-years,N5,Total Imports,"_-* #,##0.0_-;\-* #,##0.0_-;_-* ""-""?_-;_-@_-"
sitc1,1,0,Food and live animals,2011,import,goods.sitc1.2000-2025.0,931047470.66659119000,931047.47066659119,thousand_usd,numeric,unspecified,detail,2000-2025,geostat_trade_import-sitc-2000-2026,SITC-2000-2025-years,N7,Food and live animals,"#,##0.0"
sitc1,1,1,Beverages and tobacco,2011,import,goods.sitc1.2000-2025.1,164159573.37162385000,164159.57337162385,thousand_usd,numeric,unspecified,detail,2000-2025,geostat_trade_import-sitc-2000-2026,SITC-2000-2025-years,N8,Beverages and tobacco,"#,##0.0"
sitc1,1,2,"Crude materials, inedible, except fuels",2011,import,goods.sitc1.2000-2025.2,138410164.16163242000,138410.16416163242,thousand_usd,numeric,unspecified,detail,2000-2025,geostat_trade_import-sitc-2000-2026,SITC-2000-2025-years,N9,"Crude materials, inedible, except fuels","#,##0.0"
sitc1,1,3,"Mineral fuels, lubricants and related materials",2011,import,goods.sitc1.2000-2025.3,1261170368.3506185000,1261170.3683506185,thousand_usd,numeric,unspecified,detail,2000-2025,geostat_trade_import-sitc-2000-2026,SITC-2000-2025-years,N10,"Mineral fuels, lubricants and related materials","#,##0.0"
sitc1,1,4,"Animal and vegetable oils, fats and waxes",2011,import,goods.sitc1.2000-2025.4,64669592.304453014000,64669.592304453014,thousand_usd,numeric,unspecified,detail,2000-2025,geostat_trade_import-sitc-2000-2026,SITC-2000-2025-years,N11,"Animal and vegetable oils, fats and waxes","#,##0.0"
sitc1,1,5,"Chemicals and related products, n.e.s.",2011,import,goods.sitc1.2000-2025.5,649971397.98457944000,649971.39798457944,thousand_usd,numeric,unspecified,detail,2000-2025,geostat_trade_import-sitc-2000-2026,SITC-2000-2025-years,N12,"Chemicals and related products, n.e.s.","#,##0.0"
sitc1,1,6,Manufactured goods classified chiefly by material,2011,import,goods.sitc1.2000-2025.6,1122245891.3280228000,1122245.8913280228,thousand_usd,numeric,unspecified,detail,2000-2025,geostat_trade_import-sitc-2000-2026,SITC-2000-2025-years,N13,Manufactured goods classified chiefly by material,"#,##0.0"
sitc1,1,7,Machinery and transport equipment,2011,import,goods.sitc1.2000-2025.7,2032559435.0850533000,2032559.4350850533,thousand_usd,numeric,unspecified,detail,2000-2025,geostat_trade_import-sitc-2000-2026,SITC-2000-2025-years,N14,Machinery and transport equipment,"#,##0.0"
sitc1,1,8,Miscellaneous manufactured articles,2011,import,goods.sitc1.2000-2025.8,694210489.34486241000,694210.48934486241,thousand_usd,numeric,unspecified,detail,2000-2025,geostat_trade_import-sitc-2000-2026,SITC-2000-2025-years,N15,Miscellaneous manufactured articles,"#,##0.0"
sitc1,1,9,Commodities not classified elsewhere in the SITC,2011,import,goods.sitc1.2000-2025.9,13815396.864931114000,13815.396864931114,thousand_usd,numeric,unspecified,detail,2000-2025,geostat_trade_import-sitc-2000-2026,SITC-2000-2025-years,N16,Commodities not classified elsewhere in the SITC,"#,##0.0"
sitc1,1,,,2012,import,goods.total,8056379015.9071693000,8056379.0159071693,thousand_usd,numeric,unspecified,total,2000-2025,geostat_trade_import-sitc-2000-2026,SITC-2000-2025-years,O5,Total Imports,"_-* #,##0.0_-;\-* #,##0.0_-;_-* ""-""?_-;_-@_-"
sitc1,1,0,Food and live animals,2012,import,goods.sitc1.2000-2025.0,1001993144.0479018000,1001993.1440479018,thousand_usd,numeric,unspecified,detail,2000-2025,geostat_trade_import-sitc-2000-2026,SITC-2000-2025-years,O7,Food and live animals,"#,##0.0"
sitc1,1,1,Beverages and tobacco,2012,import,goods.sitc1.2000-2025.1,170231299.00108033000,170231.29900108033,thousand_usd,numeric,unspecified,detail,2000-2025,geostat_trade_import-sitc-2000-2026,SITC-2000-2025-years,O8,Beverages and tobacco,"#,##0.0"
sitc1,1,2,"Crude materials, inedible, except fuels",2012,import,goods.sitc1.2000-2025.2,171797195.08107947000,171797.19508107947,thousand_usd,numeric,unspecified,detail,2000-2025,geostat_trade_import-sitc-2000-2026,SITC-2000-2025-years,O9,"Crude materials, inedible, except fuels","#,##0.0"
sitc1,1,3,"Mineral fuels, lubricants and related materials",2012,import,goods.sitc1.2000-2025.3,1397879141.294573000,1397879.141294573,thousand_usd,numeric,unspecified,detail,2000-2025,geostat_trade_import-sitc-2000-2026,SITC-2000-2025-years,O10,"Mineral fuels, lubricants and related materials","#,##0.0"
sitc1,1,4,"Animal and vegetable oils, fats and waxes",2012,import,goods.sitc1.2000-2025.4,61251581.702997122000,61251.581702997122,thousand_usd,numeric,unspecified,detail,2000-2025,geostat_trade_import-sitc-2000-2026,SITC-2000-2025-years,O11,"Animal and vegetable oils, fats and waxes","#,##0.0"
sitc1,1,5,"Chemicals and related products, n.e.s.",2012,import,goods.sitc1.2000-2025.5,752072689.18331026000,752072.68918331026,thousand_usd,numeric,unspecified,detail,2000-2025,geostat_trade_import-sitc-2000-2026,SITC-2000-2025-years,O12,"Chemicals and related products, n.e.s.","#,##0.0"
sitc1,1,6,Manufactured goods classified chiefly by material,2012,import,goods.sitc1.2000-2025.6,1295613871.4799555000,1295613.8714799555,thousand_usd,numeric,unspecified,detail,2000-2025,geostat_trade_import-sitc-2000-2026,SITC-2000-2025-years,O13,Manufactured goods classified chiefly by material,"#,##0.0"
sitc1,1,7,Machinery and transport equipment,2012,import,goods.sitc1.2000-2025.7,2416794789.6169741000,2416794.7896169741,thousand_usd,numeric,unspecified,detail,2000-2025,geostat_trade_import-sitc-2000-2026,SITC-2000-2025-years,O14,Machinery and transport equipment,"#,##0.0"
sitc1,1,8,Miscellaneous manufactured articles,2012,import,goods.sitc1.2000-2025.8,772294056.41620955000,772294.05641620955,thousand_usd,numeric,unspecified,detail,2000-2025,geostat_trade_import-sitc-2000-2026,SITC-2000-2025-years,O15,Miscellaneous manufactured articles,"#,##0.0"
sitc1,1,9,Commodities not classified elsewhere in the SITC,2012,import,goods.sitc1.2000-2025.9,16451248.083158796000,16451.248083158796,thousand_usd,numeric,unspecified,detail,2000-2025,geostat_trade_import-sitc-2000-2026,SITC-2000-2025-years,O16,Commodities not classified elsewhere in the SITC,"#,##0.0"
sitc1,1,,,2013,import,goods.total,8022546397.8869058000,8022546.3978869058,thousand_usd,numeric,unspecified,total,2000-2025,geostat_trade_import-sitc-2000-2026,SITC-2000-2025-years,P5,Total Imports,"_-* #,##0.0_-;\-* #,##0.0_-;_-* ""-""?_-;_-@_-"
sitc1,1,0,Food and live animals,2013,import,goods.sitc1.2000-2025.0,1009609873.2746122000,1009609.8732746122,thousand_usd,numeric,unspecified,detail,2000-2025,geostat_trade_import-sitc-2000-2026,SITC-2000-2025-years,P7,Food and live animals,"#,##0.0"
sitc1,1,1,Beverages and tobacco,2013,import,goods.sitc1.2000-2025.1,183853816.17166862000,183853.81617166862,thousand_usd,numeric,unspecified,detail,2000-2025,geostat_trade_import-sitc-2000-2026,SITC-2000-2025-years,P8,Beverages and tobacco,"#,##0.0"
sitc1,1,2,"Crude materials, inedible, except fuels",2013,import,goods.sitc1.2000-2025.2,267450715.08411935000,267450.71508411935,thousand_usd,numeric,unspecified,detail,2000-2025,geostat_trade_import-sitc-2000-2026,SITC-2000-2025-years,P9,"Crude materials, inedible, except fuels","#,##0.0"
sitc1,1,3,"Mineral fuels, lubricants and related materials",2013,import,goods.sitc1.2000-2025.3,1391503140.9622885000,1391503.1409622885,thousand_usd,numeric,unspecified,detail,2000-2025,geostat_trade_import-sitc-2000-2026,SITC-2000-2025-years,P10,"Mineral fuels, lubricants and related materials","#,##0.0"
sitc1,1,4,"Animal and vegetable oils, fats and waxes",2013,import,goods.sitc1.2000-2025.4,65057649.600090685000,65057.649600090685,thousand_usd,numeric,unspecified,detail,2000-2025,geostat_trade_import-sitc-2000-2026,SITC-2000-2025-years,P11,"Animal and vegetable oils, fats and waxes","#,##0.0"
sitc1,1,5,"Chemicals and related products, n.e.s.",2013,import,goods.sitc1.2000-2025.5,832226674.81127311000,832226.67481127311,thousand_usd,numeric,unspecified,detail,2000-2025,geostat_trade_import-sitc-2000-2026,SITC-2000-2025-years,P12,"Chemicals and related products, n.e.s.","#,##0.0"
sitc1,1,6,Manufactured goods classified chiefly by material,2013,import,goods.sitc1.2000-2025.6,1223845707.2983824000,1223845.7072983824,thousand_usd,numeric,unspecified,detail,2000-2025,geostat_trade_import-sitc-2000-2026,SITC-2000-2025-years,P13,Manufactured goods classified chiefly by material,"#,##0.0"
sitc1,1,7,Machinery and transport equipment,2013,import,goods.sitc1.2000-2025.7,2285960328.42818000,2285960.32842818,thousand_usd,numeric,unspecified,detail,2000-2025,geostat_trade_import-sitc-2000-2026,SITC-2000-2025-years,P14,Machinery and transport equipment,"#,##0.0"
sitc1,1,8,Miscellaneous manufactured articles,2013,import,goods.sitc1.2000-2025.8,725577396.0123373000,725577.3960123373,thousand_usd,numeric,unspecified,detail,2000-2025,geostat_trade_import-sitc-2000-2026,SITC-2000-2025-years,P15,Miscellaneous manufactured articles,"#,##0.0"
sitc1,1,9,Commodities not classified elsewhere in the SITC,2013,import,goods.sitc1.2000-2025.9,37461096.243954082000,37461.096243954082,thousand_usd,numeric,unspecified,detail,2000-2025,geostat_trade_import-sitc-2000-2026,SITC-2000-2025-years,P16,Commodities not classified elsewhere in the SITC,"#,##0.0"
sitc1,1,,,2014,import,goods.total,8601814354.5469996000,8601814.3545469996,thousand_usd,numeric,unspecified,total,2000-2025,geostat_trade_import-sitc-2000-2026,SITC-2000-2025-years,Q5,Total Imports,"_-* #,##0.0_-;\-* #,##0.0_-;_-* ""-""?_-;_-@_-"
sitc1,1,0,Food and live animals,2014,import,goods.sitc1.2000-2025.0,1001636687.4012528000,1001636.6874012528,thousand_usd,numeric,unspecified,detail,2000-2025,geostat_trade_import-sitc-2000-2026,SITC-2000-2025-years,Q7,Food and live animals,"#,##0.0"
sitc1,1,1,Beverages and tobacco,2014,import,goods.sitc1.2000-2025.1,217184155.84093978000,217184.15584093978,thousand_usd,numeric,unspecified,detail,2000-2025,geostat_trade_import-sitc-2000-2026,SITC-2000-2025-years,Q8,Beverages and tobacco,"#,##0.0"
sitc1,1,2,"Crude materials, inedible, except fuels",2014,import,goods.sitc1.2000-2025.2,335851849.13569753000,335851.84913569753,thousand_usd,numeric,unspecified,detail,2000-2025,geostat_trade_import-sitc-2000-2026,SITC-2000-2025-years,Q9,"Crude materials, inedible, except fuels","#,##0.0"
sitc1,1,3,"Mineral fuels, lubricants and related materials",2014,import,goods.sitc1.2000-2025.3,1432237800.1847335000,1432237.8001847335,thousand_usd,numeric,unspecified,detail,2000-2025,geostat_trade_import-sitc-2000-2026,SITC-2000-2025-years,Q10,"Mineral fuels, lubricants and related materials","#,##0.0"
sitc1,1,4,"Animal and vegetable oils, fats and waxes",2014,import,goods.sitc1.2000-2025.4,48201273.967934554000,48201.273967934554,thousand_usd,numeric,unspecified,detail,2000-2025,geostat_trade_import-sitc-2000-2026,SITC-2000-2025-years,Q11,"Animal and vegetable oils, fats and waxes","#,##0.0"
sitc1,1,5,"Chemicals and related products, n.e.s.",2014,import,goods.sitc1.2000-2025.5,914862203.65580008000,914862.20365580008,thousand_usd,numeric,unspecified,detail,2000-2025,geostat_trade_import-sitc-2000-2026,SITC-2000-2025-years,Q12,"Chemicals and related products, n.e.s.","#,##0.0"
sitc1,1,6,Manufactured goods classified chiefly by material,2014,import,goods.sitc1.2000-2025.6,1338344951.0874478000,1338344.9510874478,thousand_usd,numeric,unspecified,detail,2000-2025,geostat_trade_import-sitc-2000-2026,SITC-2000-2025-years,Q13,Manufactured goods classified chiefly by material,"#,##0.0"
sitc1,1,7,Machinery and transport equipment,2014,import,goods.sitc1.2000-2025.7,2468001829.8663911000,2468001.8298663911,thousand_usd,numeric,unspecified,detail,2000-2025,geostat_trade_import-sitc-2000-2026,SITC-2000-2025-years,Q14,Machinery and transport equipment,"#,##0.0"
sitc1,1,8,Miscellaneous manufactured articles,2014,import,goods.sitc1.2000-2025.8,828679628.53250129000,828679.62853250129,thousand_usd,numeric,unspecified,detail,2000-2025,geostat_trade_import-sitc-2000-2026,SITC-2000-2025-years,Q15,Miscellaneous manufactured articles,"#,##0.0"
sitc1,1,9,Commodities not classified elsewhere in the SITC,2014,import,goods.sitc1.2000-2025.9,16813974.874300067000,16813.974874300067,thousand_usd,numeric,unspecified,detail,2000-2025,geostat_trade_import-sitc-2000-2026,SITC-2000-2025-years,Q16,Commodities not classified elsewhere in the SITC,"#,##0.0"
sitc1,1,,,2015,import,goods.total,7304152715.6147342000,7304152.7156147342,thousand_usd,numeric,unspecified,total,2000-2025,geostat_trade_import-sitc-2000-2026,SITC-2000-2025-years,R5,Total Imports,"_(* #,##0.0_);_(* \(#,##0.0\);_(* ""-""?_);_(@_)"
sitc1,1,0,Food and live animals,2015,import,goods.sitc1.2000-2025.0,821453722.46656427000,821453.72246656427,thousand_usd,numeric,unspecified,detail,2000-2025,geostat_trade_import-sitc-2000-2026,SITC-2000-2025-years,R7,Food and live animals,"_(* #,##0.0_);_(* \(#,##0.0\);_(* ""-""?_);_(@_)"
sitc1,1,1,Beverages and tobacco,2015,import,goods.sitc1.2000-2025.1,185169206.75035196000,185169.20675035196,thousand_usd,numeric,unspecified,detail,2000-2025,geostat_trade_import-sitc-2000-2026,SITC-2000-2025-years,R8,Beverages and tobacco,"_(* #,##0.0_);_(* \(#,##0.0\);_(* ""-""?_);_(@_)"
sitc1,1,2,"Crude materials, inedible, except fuels",2015,import,goods.sitc1.2000-2025.2,344744297.13587451000,344744.29713587451,thousand_usd,numeric,unspecified,detail,2000-2025,geostat_trade_import-sitc-2000-2026,SITC-2000-2025-years,R9,"Crude materials, inedible, except fuels","_(* #,##0.0_);_(* \(#,##0.0\);_(* ""-""?_);_(@_)"
sitc1,1,3,"Mineral fuels, lubricants and related materials",2015,import,goods.sitc1.2000-2025.3,1241285640.2279977000,1241285.6402279977,thousand_usd,numeric,unspecified,detail,2000-2025,geostat_trade_import-sitc-2000-2026,SITC-2000-2025-years,R10,"Mineral fuels, lubricants and related materials","_(* #,##0.0_);_(* \(#,##0.0\);_(* ""-""?_);_(@_)"
sitc1,1,4,"Animal and vegetable oils, fats and waxes",2015,import,goods.sitc1.2000-2025.4,53417395.368631391000,53417.395368631391,thousand_usd,numeric,unspecified,detail,2000-2025,geostat_trade_import-sitc-2000-2026,SITC-2000-2025-years,R11,"Animal and vegetable oils, fats and waxes","_(* #,##0.0_);_(* \(#,##0.0\);_(* ""-""?_);_(@_)"
sitc1,1,5,"Chemicals and related products, n.e.s.",2015,import,goods.sitc1.2000-2025.5,843129033.18741277000,843129.03318741277,thousand_usd,numeric,unspecified,detail,2000-2025,geostat_trade_import-sitc-2000-2026,SITC-2000-2025-years,R12,"Chemicals and related products, n.e.s.","_(* #,##0.0_);_(* \(#,##0.0\);_(* ""-""?_);_(@_)"
sitc1,1,6,Manufactured goods classified chiefly by material,2015,import,goods.sitc1.2000-2025.6,1145376691.9888651000,1145376.6919888651,thousand_usd,numeric,unspecified,detail,2000-2025,geostat_trade_import-sitc-2000-2026,SITC-2000-2025-years,R13,Manufactured goods classified chiefly by material,"_(* #,##0.0_);_(* \(#,##0.0\);_(* ""-""?_);_(@_)"
sitc1,1,7,Machinery and transport equipment,2015,import,goods.sitc1.2000-2025.7,1929886191.9565808000,1929886.1919565808,thousand_usd,numeric,unspecified,detail,2000-2025,geostat_trade_import-sitc-2000-2026,SITC-2000-2025-years,R14,Machinery and transport equipment,"_(* #,##0.0_);_(* \(#,##0.0\);_(* ""-""?_);_(@_)"
sitc1,1,8,Miscellaneous manufactured articles,2015,import,goods.sitc1.2000-2025.8,719349972.89591143000,719349.97289591143,thousand_usd,numeric,unspecified,detail,2000-2025,geostat_trade_import-sitc-2000-2026,SITC-2000-2025-years,R15,Miscellaneous manufactured articles,"_(* #,##0.0_);_(* \(#,##0.0\);_(* ""-""?_);_(@_)"
sitc1,1,9,Commodities not classified elsewhere in the SITC,2015,import,goods.sitc1.2000-2025.9,20340563.636544935000,20340.563636544935,thousand_usd,numeric,unspecified,detail,2000-2025,geostat_trade_import-sitc-2000-2026,SITC-2000-2025-years,R16,Commodities not classified elsewhere in the SITC,"_(* #,##0.0_);_(* \(#,##0.0\);_(* ""-""?_);_(@_)"
sitc1,1,,,2016,import,goods.total,7341698114.4893803000,7341698.1144893803,thousand_usd,numeric,unspecified,total,2000-2025,geostat_trade_import-sitc-2000-2026,SITC-2000-2025-years,S5,Total Imports,"_(* #,##0.0_);_(* \(#,##0.0\);_(* ""-""?_);_(@_)"
sitc1,1,0,Food and live animals,2016,import,goods.sitc1.2000-2025.0,810189594.1864315000,810189.5941864315,thousand_usd,numeric,unspecified,detail,2000-2025,geostat_trade_import-sitc-2000-2026,SITC-2000-2025-years,S7,Food and live animals,"_(* #,##0.0_);_(* \(#,##0.0\);_(* ""-""?_);_(@_)"
sitc1,1,1,Beverages and tobacco,2016,import,goods.sitc1.2000-2025.1,159421959.98618382000,159421.95998618382,thousand_usd,numeric,unspecified,detail,2000-2025,geostat_trade_import-sitc-2000-2026,SITC-2000-2025-years,S8,Beverages and tobacco,"_(* #,##0.0_);_(* \(#,##0.0\);_(* ""-""?_);_(@_)"
sitc1,1,2,"Crude materials, inedible, except fuels",2016,import,goods.sitc1.2000-2025.2,360879474.03961502000,360879.47403961502,thousand_usd,numeric,unspecified,detail,2000-2025,geostat_trade_import-sitc-2000-2026,SITC-2000-2025-years,S9,"Crude materials, inedible, except fuels","_(* #,##0.0_);_(* \(#,##0.0\);_(* ""-""?_);_(@_)"
sitc1,1,3,"Mineral fuels, lubricants and related materials",2016,import,goods.sitc1.2000-2025.3,1034633398.2213875000,1034633.3982213875,thousand_usd,numeric,unspecified,detail,2000-2025,geostat_trade_import-sitc-2000-2026,SITC-2000-2025-years,S10,"Mineral fuels, lubricants and related materials","_(* #,##0.0_);_(* \(#,##0.0\);_(* ""-""?_);_(@_)"
sitc1,1,4,"Animal and vegetable oils, fats and waxes",2016,import,goods.sitc1.2000-2025.4,49160445.055206561000,49160.445055206561,thousand_usd,numeric,unspecified,detail,2000-2025,geostat_trade_import-sitc-2000-2026,SITC-2000-2025-years,S11,"Animal and vegetable oils, fats and waxes","_(* #,##0.0_);_(* \(#,##0.0\);_(* ""-""?_);_(@_)"
sitc1,1,5,"Chemicals and related products, n.e.s.",2016,import,goods.sitc1.2000-2025.5,862960808.08346835000,862960.80808346835,thousand_usd,numeric,unspecified,detail,2000-2025,geostat_trade_import-sitc-2000-2026,SITC-2000-2025-years,S12,"Chemicals and related products, n.e.s.","_(* #,##0.0_);_(* \(#,##0.0\);_(* ""-""?_);_(@_)"
sitc1,1,6,Manufactured goods classified chiefly by material,2016,import,goods.sitc1.2000-2025.6,1145787752.1427397000,1145787.7521427397,thousand_usd,numeric,unspecified,detail,2000-2025,geostat_trade_import-sitc-2000-2026,SITC-2000-2025-years,S13,Manufactured goods classified chiefly by material,"_(* #,##0.0_);_(* \(#,##0.0\);_(* ""-""?_);_(@_)"
sitc1,1,7,Machinery and transport equipment,2016,import,goods.sitc1.2000-2025.7,2149518041.4117309000,2149518.0414117309,thousand_usd,numeric,unspecified,detail,2000-2025,geostat_trade_import-sitc-2000-2026,SITC-2000-2025-years,S14,Machinery and transport equipment,"_(* #,##0.0_);_(* \(#,##0.0\);_(* ""-""?_);_(@_)"
sitc1,1,8,Miscellaneous manufactured articles,2016,import,goods.sitc1.2000-2025.8,758061544.2405846000,758061.5442405846,thousand_usd,numeric,unspecified,detail,2000-2025,geostat_trade_import-sitc-2000-2026,SITC-2000-2025-years,S15,Miscellaneous manufactured articles,"_(* #,##0.0_);_(* \(#,##0.0\);_(* ""-""?_);_(@_)"
sitc1,1,9,Commodities not classified elsewhere in the SITC,2016,import,goods.sitc1.2000-2025.9,11085097.122032064000,11085.097122032064,thousand_usd,numeric,unspecified,detail,2000-2025,geostat_trade_import-sitc-2000-2026,SITC-2000-2025-years,S16,Commodities not classified elsewhere in the SITC,"_(* #,##0.0_);_(* \(#,##0.0\);_(* ""-""?_);_(@_)"
sitc1,1,,,2017,import,goods.total,8057082210.5736574000,8057082.2105736574,thousand_usd,numeric,unspecified,total,2000-2025,geostat_trade_import-sitc-2000-2026,SITC-2000-2025-years,T5,Total Imports,"_(* #,##0.0_);_(* \(#,##0.0\);_(* ""-""?_);_(@_)"
sitc1,1,0,Food and live animals,2017,import,goods.sitc1.2000-2025.0,894813084.47500074000,894813.08447500074,thousand_usd,numeric,unspecified,detail,2000-2025,geostat_trade_import-sitc-2000-2026,SITC-2000-2025-years,T7,Food and live animals,"_(* #,##0.0_);_(* \(#,##0.0\);_(* ""-""?_);_(@_)"
sitc1,1,1,Beverages and tobacco,2017,import,goods.sitc1.2000-2025.1,179352085.35954877000,179352.08535954877,thousand_usd,numeric,unspecified,detail,2000-2025,geostat_trade_import-sitc-2000-2026,SITC-2000-2025-years,T8,Beverages and tobacco,"_(* #,##0.0_);_(* \(#,##0.0\);_(* ""-""?_);_(@_)"
sitc1,1,2,"Crude materials, inedible, except fuels",2017,import,goods.sitc1.2000-2025.2,469728637.4648661000,469728.6374648661,thousand_usd,numeric,unspecified,detail,2000-2025,geostat_trade_import-sitc-2000-2026,SITC-2000-2025-years,T9,"Crude materials, inedible, except fuels","_(* #,##0.0_);_(* \(#,##0.0\);_(* ""-""?_);_(@_)"
sitc1,1,3,"Mineral fuels, lubricants and related materials",2017,import,goods.sitc1.2000-2025.3,1179423935.5612455000,1179423.9355612455,thousand_usd,numeric,unspecified,detail,2000-2025,geostat_trade_import-sitc-2000-2026,SITC-2000-2025-years,T10,"Mineral fuels, lubricants and related materials","_(* #,##0.0_);_(* \(#,##0.0\);_(* ""-""?_);_(@_)"
sitc1,1,4,"Animal and vegetable oils, fats and waxes",2017,import,goods.sitc1.2000-2025.4,47591042.175981893000,47591.042175981893,thousand_usd,numeric,unspecified,detail,2000-2025,geostat_trade_import-sitc-2000-2026,SITC-2000-2025-years,T11,"Animal and vegetable oils, fats and waxes","_(* #,##0.0_);_(* \(#,##0.0\);_(* ""-""?_);_(@_)"
sitc1,1,5,"Chemicals and related products, n.e.s.",2017,import,goods.sitc1.2000-2025.5,951109970.00388463000,951109.97000388463,thousand_usd,numeric,unspecified,detail,2000-2025,geostat_trade_import-sitc-2000-2026,SITC-2000-2025-years,T12,"Chemicals and related products, n.e.s.","_(* #,##0.0_);_(* \(#,##0.0\);_(* ""-""?_);_(@_)"
sitc1,1,6,Manufactured goods classified chiefly by material,2017,import,goods.sitc1.2000-2025.6,1265844347.8603237000,1265844.3478603237,thousand_usd,numeric,unspecified,detail,2000-2025,geostat_trade_import-sitc-2000-2026,SITC-2000-2025-years,T13,Manufactured goods classified chiefly by material,"_(* #,##0.0_);_(* \(#,##0.0\);_(* ""-""?_);_(@_)"
sitc1,1,7,Machinery and transport equipment,2017,import,goods.sitc1.2000-2025.7,2229645842.0671052000,2229645.8420671052,thousand_usd,numeric,unspecified,detail,2000-2025,geostat_trade_import-sitc-2000-2026,SITC-2000-2025-years,T14,Machinery and transport equipment,"_(* #,##0.0_);_(* \(#,##0.0\);_(* ""-""?_);_(@_)"
sitc1,1,8,Miscellaneous manufactured articles,2017,import,goods.sitc1.2000-2025.8,822526354.595816000,822526.354595816,thousand_usd,numeric,unspecified,detail,2000-2025,geostat_trade_import-sitc-2000-2026,SITC-2000-2025-years,T15,Miscellaneous manufactured articles,"_(* #,##0.0_);_(* \(#,##0.0\);_(* ""-""?_);_(@_)"
sitc1,1,9,Commodities not classified elsewhere in the SITC,2017,import,goods.sitc1.2000-2025.9,17046911.009884505000,17046.911009884505,thousand_usd,numeric,unspecified,detail,2000-2025,geostat_trade_import-sitc-2000-2026,SITC-2000-2025-years,T16,Commodities not classified elsewhere in the SITC,"_(* #,##0.0_);_(* \(#,##0.0\);_(* ""-""?_);_(@_)"
sitc1,1,,,2018,import,goods.total,9361247035.8862542000,9361247.0358862542,thousand_usd,numeric,unspecified,total,2000-2025,geostat_trade_import-sitc-2000-2026,SITC-2000-2025-years,U5,Total Imports,"_(* #,##0.0_);_(* \(#,##0.0\);_(* ""-""?_);_(@_)"
sitc1,1,0,Food and live animals,2018,import,goods.sitc1.2000-2025.0,957268036.30006697000,957268.03630006697,thousand_usd,numeric,unspecified,detail,2000-2025,geostat_trade_import-sitc-2000-2026,SITC-2000-2025-years,U7,Food and live animals,"_(* #,##0.0_);_(* \(#,##0.0\);_(* ""-""?_);_(@_)"
sitc1,1,1,Beverages and tobacco,2018,import,goods.sitc1.2000-2025.1,271495311.60719745000,271495.31160719745,thousand_usd,numeric,unspecified,detail,2000-2025,geostat_trade_import-sitc-2000-2026,SITC-2000-2025-years,U8,Beverages and tobacco,"_(* #,##0.0_);_(* \(#,##0.0\);_(* ""-""?_);_(@_)"
sitc1,1,2,"Crude materials, inedible, except fuels",2018,import,goods.sitc1.2000-2025.2,555197428.95915546000,555197.42895915546,thousand_usd,numeric,unspecified,detail,2000-2025,geostat_trade_import-sitc-2000-2026,SITC-2000-2025-years,U9,"Crude materials, inedible, except fuels","_(* #,##0.0_);_(* \(#,##0.0\);_(* ""-""?_);_(@_)"
sitc1,1,3,"Mineral fuels, lubricants and related materials",2018,import,goods.sitc1.2000-2025.3,1341121029.225321000,1341121.029225321,thousand_usd,numeric,unspecified,detail,2000-2025,geostat_trade_import-sitc-2000-2026,SITC-2000-2025-years,U10,"Mineral fuels, lubricants and related materials","_(* #,##0.0_);_(* \(#,##0.0\);_(* ""-""?_);_(@_)"
sitc1,1,4,"Animal and vegetable oils, fats and waxes",2018,import,goods.sitc1.2000-2025.4,53973840.405962292000,53973.840405962292,thousand_usd,numeric,unspecified,detail,2000-2025,geostat_trade_import-sitc-2000-2026,SITC-2000-2025-years,U11,"Animal and vegetable oils, fats and waxes","_(* #,##0.0_);_(* \(#,##0.0\);_(* ""-""?_);_(@_)"
sitc1,1,5,"Chemicals and related products, n.e.s.",2018,import,goods.sitc1.2000-2025.5,1014173038.7694483000,1014173.0387694483,thousand_usd,numeric,unspecified,detail,2000-2025,geostat_trade_import-sitc-2000-2026,SITC-2000-2025-years,U12,"Chemicals and related products, n.e.s.","_(* #,##0.0_);_(* \(#,##0.0\);_(* ""-""?_);_(@_)"
sitc1,1,6,Manufactured goods classified chiefly by material,2018,import,goods.sitc1.2000-2025.6,1435081246.3776965000,1435081.2463776965,thousand_usd,numeric,unspecified,detail,2000-2025,geostat_trade_import-sitc-2000-2026,SITC-2000-2025-years,U13,Manufactured goods classified chiefly by material,"_(* #,##0.0_);_(* \(#,##0.0\);_(* ""-""?_);_(@_)"
sitc1,1,7,Machinery and transport equipment,2018,import,goods.sitc1.2000-2025.7,2741998331.9540797000,2741998.3319540797,thousand_usd,numeric,unspecified,detail,2000-2025,geostat_trade_import-sitc-2000-2026,SITC-2000-2025-years,U14,Machinery and transport equipment,"_(* #,##0.0_);_(* \(#,##0.0\);_(* ""-""?_);_(@_)"
sitc1,1,8,Miscellaneous manufactured articles,2018,import,goods.sitc1.2000-2025.8,887620982.25628911000,887620.98225628911,thousand_usd,numeric,unspecified,detail,2000-2025,geostat_trade_import-sitc-2000-2026,SITC-2000-2025-years,U15,Miscellaneous manufactured articles,"_(* #,##0.0_);_(* \(#,##0.0\);_(* ""-""?_);_(@_)"
sitc1,1,9,Commodities not classified elsewhere in the SITC,2018,import,goods.sitc1.2000-2025.9,103317790.03103808000,103317.79003103808,thousand_usd,numeric,unspecified,detail,2000-2025,geostat_trade_import-sitc-2000-2026,SITC-2000-2025-years,U16,Commodities not classified elsewhere in the SITC,"_(* #,##0.0_);_(* \(#,##0.0\);_(* ""-""?_);_(@_)"
sitc1,1,,,2019,import,goods.total,9517967520.38268000,9517967.52038268,thousand_usd,numeric,unspecified,total,2000-2025,geostat_trade_import-sitc-2000-2026,SITC-2000-2025-years,V5,Total Imports,"_(* #,##0.0_);_(* \(#,##0.0\);_(* ""-""?_);_(@_)"
sitc1,1,0,Food and live animals,2019,import,goods.sitc1.2000-2025.0,953090348.19368308000,953090.34819368308,thousand_usd,numeric,unspecified,detail,2000-2025,geostat_trade_import-sitc-2000-2026,SITC-2000-2025-years,V7,Food and live animals,"_(* #,##0.0_);_(* \(#,##0.0\);_(* ""-""?_);_(@_)"
sitc1,1,1,Beverages and tobacco,2019,import,goods.sitc1.2000-2025.1,197590798.55898555000,197590.79855898555,thousand_usd,numeric,unspecified,detail,2000-2025,geostat_trade_import-sitc-2000-2026,SITC-2000-2025-years,V8,Beverages and tobacco,"_(* #,##0.0_);_(* \(#,##0.0\);_(* ""-""?_);_(@_)"
sitc1,1,2,"Crude materials, inedible, except fuels",2019,import,goods.sitc1.2000-2025.2,737597686.44977699000,737597.68644977699,thousand_usd,numeric,unspecified,detail,2000-2025,geostat_trade_import-sitc-2000-2026,SITC-2000-2025-years,V9,"Crude materials, inedible, except fuels","_(* #,##0.0_);_(* \(#,##0.0\);_(* ""-""?_);_(@_)"
sitc1,1,3,"Mineral fuels, lubricants and related materials",2019,import,goods.sitc1.2000-2025.3,1294281055.1506497000,1294281.0551506497,thousand_usd,numeric,unspecified,detail,2000-2025,geostat_trade_import-sitc-2000-2026,SITC-2000-2025-years,V10,"Mineral fuels, lubricants and related materials","_(* #,##0.0_);_(* \(#,##0.0\);_(* ""-""?_);_(@_)"
sitc1,1,4,"Animal and vegetable oils, fats and waxes",2019,import,goods.sitc1.2000-2025.4,52493703.067881404000,52493.703067881404,thousand_usd,numeric,unspecified,detail,2000-2025,geostat_trade_import-sitc-2000-2026,SITC-2000-2025-years,V11,"Animal and vegetable oils, fats and waxes","_(* #,##0.0_);_(* \(#,##0.0\);_(* ""-""?_);_(@_)"
sitc1,1,5,"Chemicals and related products, n.e.s.",2019,import,goods.sitc1.2000-2025.5,1069820163.0426489000,1069820.1630426489,thousand_usd,numeric,unspecified,detail,2000-2025,geostat_trade_import-sitc-2000-2026,SITC-2000-2025-years,V12,"Chemicals and related products, n.e.s.","_(* #,##0.0_);_(* \(#,##0.0\);_(* ""-""?_);_(@_)"
sitc1,1,6,Manufactured goods classified chiefly by material,2019,import,goods.sitc1.2000-2025.6,1448713979.7320943000,1448713.9797320943,thousand_usd,numeric,unspecified,detail,2000-2025,geostat_trade_import-sitc-2000-2026,SITC-2000-2025-years,V13,Manufactured goods classified chiefly by material,"_(* #,##0.0_);_(* \(#,##0.0\);_(* ""-""?_);_(@_)"
sitc1,1,7,Machinery and transport equipment,2019,import,goods.sitc1.2000-2025.7,2886449706.344503000,2886449.706344503,thousand_usd,numeric,unspecified,detail,2000-2025,geostat_trade_import-sitc-2000-2026,SITC-2000-2025-years,V14,Machinery and transport equipment,"_(* #,##0.0_);_(* \(#,##0.0\);_(* ""-""?_);_(@_)"
sitc1,1,8,Miscellaneous manufactured articles,2019,import,goods.sitc1.2000-2025.8,867634911.48225393000,867634.91148225393,thousand_usd,numeric,unspecified,detail,2000-2025,geostat_trade_import-sitc-2000-2026,SITC-2000-2025-years,V15,Miscellaneous manufactured articles,"_(* #,##0.0_);_(* \(#,##0.0\);_(* ""-""?_);_(@_)"
sitc1,1,9,Commodities not classified elsewhere in the SITC,2019,import,goods.sitc1.2000-2025.9,10295168.360202706000,10295.168360202706,thousand_usd,numeric,unspecified,detail,2000-2025,geostat_trade_import-sitc-2000-2026,SITC-2000-2025-years,V16,Commodities not classified elsewhere in the SITC,"_(* #,##0.0_);_(* \(#,##0.0\);_(* ""-""?_);_(@_)"
sitc1,1,,,2020,import,goods.total,8048758483.0401354000,8048758.4830401354,thousand_usd,numeric,unspecified,total,2000-2025,geostat_trade_import-sitc-2000-2026,SITC-2000-2025-years,W5,Total Imports,"_(* #,##0.0_);_(* \(#,##0.0\);_(* ""-""?_);_(@_)"
sitc1,1,0,Food and live animals,2020,import,goods.sitc1.2000-2025.0,939888236.58365384000,939888.23658365384,thousand_usd,numeric,unspecified,detail,2000-2025,geostat_trade_import-sitc-2000-2026,SITC-2000-2025-years,W7,Food and live animals,"_(* #,##0.0_);_(* \(#,##0.0\);_(* ""-""?_);_(@_)"
sitc1,1,1,Beverages and tobacco,2020,import,goods.sitc1.2000-2025.1,154964287.62784592000,154964.28762784592,thousand_usd,numeric,unspecified,detail,2000-2025,geostat_trade_import-sitc-2000-2026,SITC-2000-2025-years,W8,Beverages and tobacco,"_(* #,##0.0_);_(* \(#,##0.0\);_(* ""-""?_);_(@_)"
sitc1,1,2,"Crude materials, inedible, except fuels",2020,import,goods.sitc1.2000-2025.2,717107494.54712821000,717107.49454712821,thousand_usd,numeric,unspecified,detail,2000-2025,geostat_trade_import-sitc-2000-2026,SITC-2000-2025-years,W9,"Crude materials, inedible, except fuels","_(* #,##0.0_);_(* \(#,##0.0\);_(* ""-""?_);_(@_)"
sitc1,1,3,"Mineral fuels, lubricants and related materials",2020,import,goods.sitc1.2000-2025.3,954603465.99476633000,954603.46599476633,thousand_usd,numeric,unspecified,detail,2000-2025,geostat_trade_import-sitc-2000-2026,SITC-2000-2025-years,W10,"Mineral fuels, lubricants and related materials","_(* #,##0.0_);_(* \(#,##0.0\);_(* ""-""?_);_(@_)"
sitc1,1,4,"Animal and vegetable oils, fats and waxes",2020,import,goods.sitc1.2000-2025.4,58276638.888469752000,58276.638888469752,thousand_usd,numeric,unspecified,detail,2000-2025,geostat_trade_import-sitc-2000-2026,SITC-2000-2025-years,W11,"Animal and vegetable oils, fats and waxes","_(* #,##0.0_);_(* \(#,##0.0\);_(* ""-""?_);_(@_)"
sitc1,1,5,"Chemicals and related products, n.e.s.",2020,import,goods.sitc1.2000-2025.5,1046105520.7717518000,1046105.5207717518,thousand_usd,numeric,unspecified,detail,2000-2025,geostat_trade_import-sitc-2000-2026,SITC-2000-2025-years,W12,"Chemicals and related products, n.e.s.","_(* #,##0.0_);_(* \(#,##0.0\);_(* ""-""?_);_(@_)"
sitc1,1,6,Manufactured goods classified chiefly by material,2020,import,goods.sitc1.2000-2025.6,1271924824.2619906000,1271924.8242619906,thousand_usd,numeric,unspecified,detail,2000-2025,geostat_trade_import-sitc-2000-2026,SITC-2000-2025-years,W13,Manufactured goods classified chiefly by material,"_(* #,##0.0_);_(* \(#,##0.0\);_(* ""-""?_);_(@_)"
sitc1,1,7,Machinery and transport equipment,2020,import,goods.sitc1.2000-2025.7,2200532898.2310477000,2200532.8982310477,thousand_usd,numeric,unspecified,detail,2000-2025,geostat_trade_import-sitc-2000-2026,SITC-2000-2025-years,W14,Machinery and transport equipment,"_(* #,##0.0_);_(* \(#,##0.0\);_(* ""-""?_);_(@_)"
sitc1,1,8,Miscellaneous manufactured articles,2020,import,goods.sitc1.2000-2025.8,676278614.93945343000,676278.61493945343,thousand_usd,numeric,unspecified,detail,2000-2025,geostat_trade_import-sitc-2000-2026,SITC-2000-2025-years,W15,Miscellaneous manufactured articles,"_(* #,##0.0_);_(* \(#,##0.0\);_(* ""-""?_);_(@_)"
sitc1,1,9,Commodities not classified elsewhere in the SITC,2020,import,goods.sitc1.2000-2025.9,29076501.1940279000,29076.5011940279,thousand_usd,numeric,unspecified,detail,2000-2025,geostat_trade_import-sitc-2000-2026,SITC-2000-2025-years,W16,Commodities not classified elsewhere in the SITC,"_(* #,##0.0_);_(* \(#,##0.0\);_(* ""-""?_);_(@_)"
sitc1,1,,,2021,import,goods.total,10099041319.938723000,10099041.319938723,thousand_usd,numeric,unspecified,total,2000-2025,geostat_trade_import-sitc-2000-2026,SITC-2000-2025-years,X5,Total Imports,"_(* #,##0.0_);_(* \(#,##0.0\);_(* ""-""?_);_(@_)"
sitc1,1,0,Food and live animals,2021,import,goods.sitc1.2000-2025.0,1027334969.8784919000,1027334.9698784919,thousand_usd,numeric,unspecified,detail,2000-2025,geostat_trade_import-sitc-2000-2026,SITC-2000-2025-years,X7,Food and live animals,"_(* #,##0.0_);_(* \(#,##0.0\);_(* ""-""?_);_(@_)"
sitc1,1,1,Beverages and tobacco,2021,import,goods.sitc1.2000-2025.1,194613284.79432079000,194613.28479432079,thousand_usd,numeric,unspecified,detail,2000-2025,geostat_trade_import-sitc-2000-2026,SITC-2000-2025-years,X8,Beverages and tobacco,"_(* #,##0.0_);_(* \(#,##0.0\);_(* ""-""?_);_(@_)"
sitc1,1,2,"Crude materials, inedible, except fuels",2021,import,goods.sitc1.2000-2025.2,877299657.87675267000,877299.65787675267,thousand_usd,numeric,unspecified,detail,2000-2025,geostat_trade_import-sitc-2000-2026,SITC-2000-2025-years,X9,"Crude materials, inedible, except fuels","_(* #,##0.0_);_(* \(#,##0.0\);_(* ""-""?_);_(@_)"
sitc1,1,3,"Mineral fuels, lubricants and related materials",2021,import,goods.sitc1.2000-2025.3,1322024497.1843108000,1322024.4971843108,thousand_usd,numeric,unspecified,detail,2000-2025,geostat_trade_import-sitc-2000-2026,SITC-2000-2025-years,X10,"Mineral fuels, lubricants and related materials","_(* #,##0.0_);_(* \(#,##0.0\);_(* ""-""?_);_(@_)"
sitc1,1,4,"Animal and vegetable oils, fats and waxes",2021,import,goods.sitc1.2000-2025.4,64499014.09335521000,64499.01409335521,thousand_usd,numeric,unspecified,detail,2000-2025,geostat_trade_import-sitc-2000-2026,SITC-2000-2025-years,X11,"Animal and vegetable oils, fats and waxes","_(* #,##0.0_);_(* \(#,##0.0\);_(* ""-""?_);_(@_)"
sitc1,1,5,"Chemicals and related products, n.e.s.",2021,import,goods.sitc1.2000-2025.5,1322064865.8822405000,1322064.8658822405,thousand_usd,numeric,unspecified,detail,2000-2025,geostat_trade_import-sitc-2000-2026,SITC-2000-2025-years,X12,"Chemicals and related products, n.e.s.","_(* #,##0.0_);_(* \(#,##0.0\);_(* ""-""?_);_(@_)"
sitc1,1,6,Manufactured goods classified chiefly by material,2021,import,goods.sitc1.2000-2025.6,1614839147.1461428000,1614839.1471461428,thousand_usd,numeric,unspecified,detail,2000-2025,geostat_trade_import-sitc-2000-2026,SITC-2000-2025-years,X13,Manufactured goods classified chiefly by material,"_(* #,##0.0_);_(* \(#,##0.0\);_(* ""-""?_);_(@_)"
sitc1,1,7,Machinery and transport equipment,2021,import,goods.sitc1.2000-2025.7,2752186304.8019595000,2752186.3048019595,thousand_usd,numeric,unspecified,detail,2000-2025,geostat_trade_import-sitc-2000-2026,SITC-2000-2025-years,X14,Machinery and transport equipment,"_(* #,##0.0_);_(* \(#,##0.0\);_(* ""-""?_);_(@_)"
sitc1,1,8,Miscellaneous manufactured articles,2021,import,goods.sitc1.2000-2025.8,876510016.97672287000,876510.01697672287,thousand_usd,numeric,unspecified,detail,2000-2025,geostat_trade_import-sitc-2000-2026,SITC-2000-2025-years,X15,Miscellaneous manufactured articles,"_(* #,##0.0_);_(* \(#,##0.0\);_(* ""-""?_);_(@_)"
sitc1,1,9,Commodities not classified elsewhere in the SITC,2021,import,goods.sitc1.2000-2025.9,47669561.3044251000,47669.5613044251,thousand_usd,numeric,unspecified,detail,2000-2025,geostat_trade_import-sitc-2000-2026,SITC-2000-2025-years,X16,Commodities not classified elsewhere in the SITC,"_(* #,##0.0_);_(* \(#,##0.0\);_(* ""-""?_);_(@_)"
sitc1,1,,,2022,import,goods.total,13539713872.844242000,13539713.872844242,thousand_usd,numeric,unspecified,total,2000-2025,geostat_trade_import-sitc-2000-2026,SITC-2000-2025-years,Y5,Total Imports,"_(* #,##0.0_);_(* \(#,##0.0\);_(* ""-""?_);_(@_)"
sitc1,1,0,Food and live animals,2022,import,goods.sitc1.2000-2025.0,1464291055.800078000,1464291.055800078,thousand_usd,numeric,unspecified,detail,2000-2025,geostat_trade_import-sitc-2000-2026,SITC-2000-2025-years,Y7,Food and live animals,"_(* #,##0.0_);_(* \(#,##0.0\);_(* ""-""?_);_(@_)"
sitc1,1,1,Beverages and tobacco,2022,import,goods.sitc1.2000-2025.1,247356025.71926286000,247356.02571926286,thousand_usd,numeric,unspecified,detail,2000-2025,geostat_trade_import-sitc-2000-2026,SITC-2000-2025-years,Y8,Beverages and tobacco,"_(* #,##0.0_);_(* \(#,##0.0\);_(* ""-""?_);_(@_)"
sitc1,1,2,"Crude materials, inedible, except fuels",2022,import,goods.sitc1.2000-2025.2,1052084148.1731255000,1052084.1481731255,thousand_usd,numeric,unspecified,detail,2000-2025,geostat_trade_import-sitc-2000-2026,SITC-2000-2025-years,Y9,"Crude materials, inedible, except fuels","_(* #,##0.0_);_(* \(#,##0.0\);_(* ""-""?_);_(@_)"
sitc1,1,3,"Mineral fuels, lubricants and related materials",2022,import,goods.sitc1.2000-2025.3,1981320055.8907799000,1981320.0558907799,thousand_usd,numeric,unspecified,detail,2000-2025,geostat_trade_import-sitc-2000-2026,SITC-2000-2025-years,Y10,"Mineral fuels, lubricants and related materials","_(* #,##0.0_);_(* \(#,##0.0\);_(* ""-""?_);_(@_)"
sitc1,1,4,"Animal and vegetable oils, fats and waxes",2022,import,goods.sitc1.2000-2025.4,70021075.941107643000,70021.075941107643,thousand_usd,numeric,unspecified,detail,2000-2025,geostat_trade_import-sitc-2000-2026,SITC-2000-2025-years,Y11,"Animal and vegetable oils, fats and waxes","_(* #,##0.0_);_(* \(#,##0.0\);_(* ""-""?_);_(@_)"
sitc1,1,5,"Chemicals and related products, n.e.s.",2022,import,goods.sitc1.2000-2025.5,1424061693.3461223000,1424061.6933461223,thousand_usd,numeric,unspecified,detail,2000-2025,geostat_trade_import-sitc-2000-2026,SITC-2000-2025-years,Y12,"Chemicals and related products, n.e.s.","_(* #,##0.0_);_(* \(#,##0.0\);_(* ""-""?_);_(@_)"
sitc1,1,6,Manufactured goods classified chiefly by material,2022,import,goods.sitc1.2000-2025.6,2116451904.3037011000,2116451.9043037011,thousand_usd,numeric,unspecified,detail,2000-2025,geostat_trade_import-sitc-2000-2026,SITC-2000-2025-years,Y13,Manufactured goods classified chiefly by material,"_(* #,##0.0_);_(* \(#,##0.0\);_(* ""-""?_);_(@_)"
sitc1,1,7,Machinery and transport equipment,2022,import,goods.sitc1.2000-2025.7,4008409363.1589166000,4008409.3631589166,thousand_usd,numeric,unspecified,detail,2000-2025,geostat_trade_import-sitc-2000-2026,SITC-2000-2025-years,Y14,Machinery and transport equipment,"_(* #,##0.0_);_(* \(#,##0.0\);_(* ""-""?_);_(@_)"
sitc1,1,8,Miscellaneous manufactured articles,2022,import,goods.sitc1.2000-2025.8,1147808112.8291476000,1147808.1128291476,thousand_usd,numeric,unspecified,detail,2000-2025,geostat_trade_import-sitc-2000-2026,SITC-2000-2025-years,Y15,Miscellaneous manufactured articles,"_(* #,##0.0_);_(* \(#,##0.0\);_(* ""-""?_);_(@_)"
sitc1,1,9,Commodities not classified elsewhere in the SITC,2022,import,goods.sitc1.2000-2025.9,27910437.68200179000,27910.43768200179,thousand_usd,numeric,unspecified,detail,2000-2025,geostat_trade_import-sitc-2000-2026,SITC-2000-2025-years,Y16,Commodities not classified elsewhere in the SITC,"_(* #,##0.0_);_(* \(#,##0.0\);_(* ""-""?_);_(@_)"
sitc1,1,,,2023,import,goods.total,15615270126.513826000,15615270.126513826,thousand_usd,numeric,unspecified,total,2000-2025,geostat_trade_import-sitc-2000-2026,SITC-2000-2025-years,Z5,Total Imports,"_(* #,##0.0_);_(* \(#,##0.0\);_(* ""-""?_);_(@_)"
sitc1,1,0,Food and live animals,2023,import,goods.sitc1.2000-2025.0,1579970342.4363551000,1579970.3424363551,thousand_usd,numeric,unspecified,detail,2000-2025,geostat_trade_import-sitc-2000-2026,SITC-2000-2025-years,Z7,Food and live animals,"_(* #,##0.0_);_(* \(#,##0.0\);_(* ""-""?_);_(@_)"
sitc1,1,1,Beverages and tobacco,2023,import,goods.sitc1.2000-2025.1,289062935.98307093000,289062.93598307093,thousand_usd,numeric,unspecified,detail,2000-2025,geostat_trade_import-sitc-2000-2026,SITC-2000-2025-years,Z8,Beverages and tobacco,"_(* #,##0.0_);_(* \(#,##0.0\);_(* ""-""?_);_(@_)"
sitc1,1,2,"Crude materials, inedible, except fuels",2023,import,goods.sitc1.2000-2025.2,489717273.76766794000,489717.27376766794,thousand_usd,numeric,unspecified,detail,2000-2025,geostat_trade_import-sitc-2000-2026,SITC-2000-2025-years,Z9,"Crude materials, inedible, except fuels","_(* #,##0.0_);_(* \(#,##0.0\);_(* ""-""?_);_(@_)"
sitc1,1,3,"Mineral fuels, lubricants and related materials",2023,import,goods.sitc1.2000-2025.3,1741611822.1919579000,1741611.8221919579,thousand_usd,numeric,unspecified,detail,2000-2025,geostat_trade_import-sitc-2000-2026,SITC-2000-2025-years,Z10,"Mineral fuels, lubricants and related materials","_(* #,##0.0_);_(* \(#,##0.0\);_(* ""-""?_);_(@_)"
sitc1,1,4,"Animal and vegetable oils, fats and waxes",2023,import,goods.sitc1.2000-2025.4,63452358.198897797000,63452.358198897797,thousand_usd,numeric,unspecified,detail,2000-2025,geostat_trade_import-sitc-2000-2026,SITC-2000-2025-years,Z11,"Animal and vegetable oils, fats and waxes","_(* #,##0.0_);_(* \(#,##0.0\);_(* ""-""?_);_(@_)"
sitc1,1,5,"Chemicals and related products, n.e.s.",2023,import,goods.sitc1.2000-2025.5,1698378409.4554854000,1698378.4094554854,thousand_usd,numeric,unspecified,detail,2000-2025,geostat_trade_import-sitc-2000-2026,SITC-2000-2025-years,Z12,"Chemicals and related products, n.e.s.","_(* #,##0.0_);_(* \(#,##0.0\);_(* ""-""?_);_(@_)"
sitc1,1,6,Manufactured goods classified chiefly by material,2023,import,goods.sitc1.2000-2025.6,2211341213.4546577000,2211341.2134546577,thousand_usd,numeric,unspecified,detail,2000-2025,geostat_trade_import-sitc-2000-2026,SITC-2000-2025-years,Z13,Manufactured goods classified chiefly by material,"_(* #,##0.0_);_(* \(#,##0.0\);_(* ""-""?_);_(@_)"
sitc1,1,7,Machinery and transport equipment,2023,import,goods.sitc1.2000-2025.7,6104603707.3109802000,6104603.7073109802,thousand_usd,numeric,unspecified,detail,2000-2025,geostat_trade_import-sitc-2000-2026,SITC-2000-2025-years,Z14,Machinery and transport equipment,"_(* #,##0.0_);_(* \(#,##0.0\);_(* ""-""?_);_(@_)"
sitc1,1,8,Miscellaneous manufactured articles,2023,import,goods.sitc1.2000-2025.8,1368890907.1070398000,1368890.9071070398,thousand_usd,numeric,unspecified,detail,2000-2025,geostat_trade_import-sitc-2000-2026,SITC-2000-2025-years,Z15,Miscellaneous manufactured articles,"_(* #,##0.0_);_(* \(#,##0.0\);_(* ""-""?_);_(@_)"
sitc1,1,9,Commodities not classified elsewhere in the SITC,2023,import,goods.sitc1.2000-2025.9,68241156.60771227000,68241.15660771227,thousand_usd,numeric,unspecified,detail,2000-2025,geostat_trade_import-sitc-2000-2026,SITC-2000-2025-years,Z16,Commodities not classified elsewhere in the SITC,"_(* #,##0.0_);_(* \(#,##0.0\);_(* ""-""?_);_(@_)"
sitc1,1,,,2024,import,goods.total,16916834845.71024000,16916834.84571024,thousand_usd,numeric,unspecified,total,2000-2025,geostat_trade_import-sitc-2000-2026,SITC-2000-2025-years,AA5,Total Imports,"_(* #,##0.0_);_(* \(#,##0.0\);_(* ""-""?_);_(@_)"
sitc1,1,0,Food and live animals,2024,import,goods.sitc1.2000-2025.0,1717512314.9373143000,1717512.3149373143,thousand_usd,numeric,unspecified,detail,2000-2025,geostat_trade_import-sitc-2000-2026,SITC-2000-2025-years,AA7,Food and live animals,"_(* #,##0.0_);_(* \(#,##0.0\);_(* ""-""?_);_(@_)"
sitc1,1,1,Beverages and tobacco,2024,import,goods.sitc1.2000-2025.1,315578706.75646589000,315578.70675646589,thousand_usd,numeric,unspecified,detail,2000-2025,geostat_trade_import-sitc-2000-2026,SITC-2000-2025-years,AA8,Beverages and tobacco,"_(* #,##0.0_);_(* \(#,##0.0\);_(* ""-""?_);_(@_)"
sitc1,1,2,"Crude materials, inedible, except fuels",2024,import,goods.sitc1.2000-2025.2,322339762.12210744000,322339.76212210744,thousand_usd,numeric,unspecified,detail,2000-2025,geostat_trade_import-sitc-2000-2026,SITC-2000-2025-years,AA9,"Crude materials, inedible, except fuels","_(* #,##0.0_);_(* \(#,##0.0\);_(* ""-""?_);_(@_)"
sitc1,1,3,"Mineral fuels, lubricants and related materials",2024,import,goods.sitc1.2000-2025.3,1892338952.8980483000,1892338.9528980483,thousand_usd,numeric,unspecified,detail,2000-2025,geostat_trade_import-sitc-2000-2026,SITC-2000-2025-years,AA10,"Mineral fuels, lubricants and related materials","_(* #,##0.0_);_(* \(#,##0.0\);_(* ""-""?_);_(@_)"
sitc1,1,4,"Animal and vegetable oils, fats and waxes",2024,import,goods.sitc1.2000-2025.4,70207337.827716983000,70207.337827716983,thousand_usd,numeric,unspecified,detail,2000-2025,geostat_trade_import-sitc-2000-2026,SITC-2000-2025-years,AA11,"Animal and vegetable oils, fats and waxes","_(* #,##0.0_);_(* \(#,##0.0\);_(* ""-""?_);_(@_)"
sitc1,1,5,"Chemicals and related products, n.e.s.",2024,import,goods.sitc1.2000-2025.5,1871068579.5297138000,1871068.5795297138,thousand_usd,numeric,unspecified,detail,2000-2025,geostat_trade_import-sitc-2000-2026,SITC-2000-2025-years,AA12,"Chemicals and related products, n.e.s.","_(* #,##0.0_);_(* \(#,##0.0\);_(* ""-""?_);_(@_)"
sitc1,1,6,Manufactured goods classified chiefly by material,2024,import,goods.sitc1.2000-2025.6,2373743992.6972664000,2373743.9926972664,thousand_usd,numeric,unspecified,detail,2000-2025,geostat_trade_import-sitc-2000-2026,SITC-2000-2025-years,AA13,Manufactured goods classified chiefly by material,"_(* #,##0.0_);_(* \(#,##0.0\);_(* ""-""?_);_(@_)"
sitc1,1,7,Machinery and transport equipment,2024,import,goods.sitc1.2000-2025.7,6657782383.9671444000,6657782.3839671444,thousand_usd,numeric,unspecified,detail,2000-2025,geostat_trade_import-sitc-2000-2026,SITC-2000-2025-years,AA14,Machinery and transport equipment,"_(* #,##0.0_);_(* \(#,##0.0\);_(* ""-""?_);_(@_)"
sitc1,1,8,Miscellaneous manufactured articles,2024,import,goods.sitc1.2000-2025.8,1490616399.844564000,1490616.399844564,thousand_usd,numeric,unspecified,detail,2000-2025,geostat_trade_import-sitc-2000-2026,SITC-2000-2025-years,AA15,Miscellaneous manufactured articles,"_(* #,##0.0_);_(* \(#,##0.0\);_(* ""-""?_);_(@_)"
sitc1,1,9,Commodities not classified elsewhere in the SITC,2024,import,goods.sitc1.2000-2025.9,205646415.1298978000,205646.4151298978,thousand_usd,numeric,unspecified,detail,2000-2025,geostat_trade_import-sitc-2000-2026,SITC-2000-2025-years,AA16,Commodities not classified elsewhere in the SITC,"_(* #,##0.0_);_(* \(#,##0.0\);_(* ""-""?_);_(@_)"
sitc1,1,,,2025,import,goods.total,18648513307.186801000,18648513.307186801,thousand_usd,numeric,unspecified,total,2000-2025,geostat_trade_import-sitc-2000-2026,SITC-2000-2025-years,AB5,Total Imports,"_(* #,##0.0_);_(* \(#,##0.0\);_(* ""-""?_);_(@_)"
sitc1,1,0,Food and live animals,2025,import,goods.sitc1.2000-2025.0,2053637009.8281663000,2053637.0098281663,thousand_usd,numeric,unspecified,detail,2000-2025,geostat_trade_import-sitc-2000-2026,SITC-2000-2025-years,AB7,Food and live animals,"_(* #,##0.0_);_(* \(#,##0.0\);_(* ""-""?_);_(@_)"
sitc1,1,1,Beverages and tobacco,2025,import,goods.sitc1.2000-2025.1,338900764.8350941000,338900.7648350941,thousand_usd,numeric,unspecified,detail,2000-2025,geostat_trade_import-sitc-2000-2026,SITC-2000-2025-years,AB8,Beverages and tobacco,"_(* #,##0.0_);_(* \(#,##0.0\);_(* ""-""?_);_(@_)"
sitc1,1,2,"Crude materials, inedible, except fuels",2025,import,goods.sitc1.2000-2025.2,358734823.13997758000,358734.82313997758,thousand_usd,numeric,unspecified,detail,2000-2025,geostat_trade_import-sitc-2000-2026,SITC-2000-2025-years,AB9,"Crude materials, inedible, except fuels","_(* #,##0.0_);_(* \(#,##0.0\);_(* ""-""?_);_(@_)"
sitc1,1,3,"Mineral fuels, lubricants and related materials",2025,import,goods.sitc1.2000-2025.3,2064025291.7419991000,2064025.2917419991,thousand_usd,numeric,unspecified,detail,2000-2025,geostat_trade_import-sitc-2000-2026,SITC-2000-2025-years,AB10,"Mineral fuels, lubricants and related materials","_(* #,##0.0_);_(* \(#,##0.0\);_(* ""-""?_);_(@_)"
sitc1,1,4,"Animal and vegetable oils, fats and waxes",2025,import,goods.sitc1.2000-2025.4,96756451.982626197000,96756.451982626197,thousand_usd,numeric,unspecified,detail,2000-2025,geostat_trade_import-sitc-2000-2026,SITC-2000-2025-years,AB11,"Animal and vegetable oils, fats and waxes","_(* #,##0.0_);_(* \(#,##0.0\);_(* ""-""?_);_(@_)"
sitc1,1,5,"Chemicals and related products, n.e.s.",2025,import,goods.sitc1.2000-2025.5,2086221942.7191212000,2086221.9427191212,thousand_usd,numeric,unspecified,detail,2000-2025,geostat_trade_import-sitc-2000-2026,SITC-2000-2025-years,AB12,"Chemicals and related products, n.e.s.","_(* #,##0.0_);_(* \(#,##0.0\);_(* ""-""?_);_(@_)"
sitc1,1,6,Manufactured goods classified chiefly by material,2025,import,goods.sitc1.2000-2025.6,2360211492.1585522000,2360211.4921585522,thousand_usd,numeric,unspecified,detail,2000-2025,geostat_trade_import-sitc-2000-2026,SITC-2000-2025-years,AB13,Manufactured goods classified chiefly by material,"_(* #,##0.0_);_(* \(#,##0.0\);_(* ""-""?_);_(@_)"
sitc1,1,7,Machinery and transport equipment,2025,import,goods.sitc1.2000-2025.7,7025799873.4602528000,7025799.8734602528,thousand_usd,numeric,unspecified,detail,2000-2025,geostat_trade_import-sitc-2000-2026,SITC-2000-2025-years,AB14,Machinery and transport equipment,"_(* #,##0.0_);_(* \(#,##0.0\);_(* ""-""?_);_(@_)"
sitc1,1,8,Miscellaneous manufactured articles,2025,import,goods.sitc1.2000-2025.8,2060450839.6945845000,2060450.8396945845,thousand_usd,numeric,unspecified,detail,2000-2025,geostat_trade_import-sitc-2000-2026,SITC-2000-2025-years,AB15,Miscellaneous manufactured articles,"_(* #,##0.0_);_(* \(#,##0.0\);_(* ""-""?_);_(@_)"
sitc1,1,9,Commodities not classified elsewhere in the SITC,2025,import,goods.sitc1.2000-2025.9,203774817.62642742000,203774.81762642742,thousand_usd,numeric,unspecified,detail,2000-2025,geostat_trade_import-sitc-2000-2026,SITC-2000-2025-years,AB16,Commodities not classified elsewhere in the SITC,"_(* #,##0.0_);_(* \(#,##0.0\);_(* ""-""?_);_(@_)"
