region_id,year,component,value_gel,source_id,source_locator,summed_sector_gva_gel,published_basic_price_gdp_gel,published_market_price_gdp_gel,regional_total_gel,gva_difference_gel,accounting_difference_gel,total_difference_gel,tolerance_gel
region.tbilisi,2010,taxes_on_products,1438256549.6258012,source.geostat_regional_gdp_by_activity,Tbilisi!C24 [2010],10324254612.5906013205,10324254612.590601,11706849619.936398,11706849619.936398,0.0000003205,-0.000000666,0,0.01
region.tbilisi,2010,subsidies_on_products,55661542.280004866,source.geostat_regional_gdp_by_activity,Tbilisi!C25 [2010],10324254612.5906013205,10324254612.590601,11706849619.936398,11706849619.936398,0.0000003205,-0.000000666,0,0.01
region.tbilisi,2010,net_product_taxes,1382595007.345796334,source.fiscal_regional_economy_share,Tbilisi!C24 [2010]; Tbilisi!C25 [2010],10324254612.5906013205,10324254612.590601,11706849619.936398,11706849619.936398,0.0000003205,-0.000000666,0,0.01
region.tbilisi,2011,taxes_on_products,1645946875.8621308,source.geostat_regional_gdp_by_activity,Tbilisi!D24 [2011],12321897310.2161296937,12321897310.216129,13901747429.705621,13901747429.705621,0.0000006937,-0.000000178,0,0.01
region.tbilisi,2011,subsidies_on_products,66096756.372638978,source.geostat_regional_gdp_by_activity,Tbilisi!D25 [2011],12321897310.2161296937,12321897310.216129,13901747429.705621,13901747429.705621,0.0000006937,-0.000000178,0,0.01
region.tbilisi,2011,net_product_taxes,1579850119.489491822,source.fiscal_regional_economy_share,Tbilisi!D24 [2011]; Tbilisi!D25 [2011],12321897310.2161296937,12321897310.216129,13901747429.705621,13901747429.705621,0.0000006937,-0.000000178,0,0.01
region.tbilisi,2012,taxes_on_products,1676831083.8851671,source.geostat_regional_gdp_by_activity,Tbilisi!E24 [2012],12872242031.53417714,12872242031.534177,14482609439.900023,14482609439.900023,0.00000014,0.000001336,0,0.01
region.tbilisi,2012,subsidies_on_products,66463675.519319764,source.geostat_regional_gdp_by_activity,Tbilisi!E25 [2012],12872242031.53417714,12872242031.534177,14482609439.900023,14482609439.900023,0.00000014,0.000001336,0,0.01
region.tbilisi,2012,net_product_taxes,1610367408.365847336,source.fiscal_regional_economy_share,Tbilisi!E24 [2012]; Tbilisi!E25 [2012],12872242031.53417714,12872242031.534177,14482609439.900023,14482609439.900023,0.00000014,0.000001336,0,0.01
region.tbilisi,2013,taxes_on_products,1695769022.9944044,source.geostat_regional_gdp_by_activity,Tbilisi!F24 [2013],13129590948.272014695,13129590948.272016,14750853329.607351,14750853329.607351,-0.000001305,0.000000737,0,0.01
region.tbilisi,2013,subsidies_on_products,74506641.659068663,source.geostat_regional_gdp_by_activity,Tbilisi!F25 [2013],13129590948.272014695,13129590948.272016,14750853329.607351,14750853329.607351,-0.000001305,0.000000737,0,0.01
region.tbilisi,2013,net_product_taxes,1621262381.335335737,source.fiscal_regional_economy_share,Tbilisi!F24 [2013]; Tbilisi!F25 [2013],13129590948.272014695,13129590948.272016,14750853329.607351,14750853329.607351,-0.000001305,0.000000737,0,0.01
region.tbilisi,2014,taxes_on_products,1909988636.7925899,source.geostat_regional_gdp_by_activity,Tbilisi!G24 [2014],14155389662.702907524,14155389662.702908,15990361515.59449,15990361515.59449,-0.000000476,-0.000000609,0,0.01
region.tbilisi,2014,subsidies_on_products,75016783.901008509,source.geostat_regional_gdp_by_activity,Tbilisi!G25 [2014],14155389662.702907524,14155389662.702908,15990361515.59449,15990361515.59449,-0.000000476,-0.000000609,0,0.01
region.tbilisi,2014,net_product_taxes,1834971852.891581391,source.fiscal_regional_economy_share,Tbilisi!G24 [2014]; Tbilisi!G25 [2014],14155389662.702907524,14155389662.702908,15990361515.59449,15990361515.59449,-0.000000476,-0.000000609,0,0.01
region.tbilisi,2015,taxes_on_products,2048194810.9606305,source.geostat_regional_gdp_by_activity,Tbilisi!H24 [2015],15456992549.968267887,15456992549.968265,17425358714.915244,17425358714.915244,0.000002887,0.000001769,0,0.01
region.tbilisi,2015,subsidies_on_products,79828646.013649731,source.geostat_regional_gdp_by_activity,Tbilisi!H25 [2015],15456992549.968267887,15456992549.968265,17425358714.915244,17425358714.915244,0.000002887,0.000001769,0,0.01
region.tbilisi,2015,net_product_taxes,1968366164.946980769,source.fiscal_regional_economy_share,Tbilisi!H24 [2015]; Tbilisi!H25 [2015],15456992549.968267887,15456992549.968265,17425358714.915244,17425358714.915244,0.000002887,0.000001769,0,0.01
region.tbilisi,2016,taxes_on_products,2390717620.6249337,source.geostat_regional_gdp_by_activity,Tbilisi!I24 [2016],16636014292.746876135,16636014292.746873,18939378607.774706,18939378607.774706,0.000003135,0.000000284,0,0.01
region.tbilisi,2016,subsidies_on_products,87353305.597100416,source.geostat_regional_gdp_by_activity,Tbilisi!I25 [2016],16636014292.746876135,16636014292.746873,18939378607.774706,18939378607.774706,0.000003135,0.000000284,0,0.01
region.tbilisi,2016,net_product_taxes,2303364315.027833284,source.fiscal_regional_economy_share,Tbilisi!I24 [2016]; Tbilisi!I25 [2016],16636014292.746876135,16636014292.746873,18939378607.774706,18939378607.774706,0.000003135,0.000000284,0,0.01
region.tbilisi,2017,taxes_on_products,2939078676.6676638,source.geostat_regional_gdp_by_activity,Tbilisi!J24 [2017],18230950496.355527231,18230950496.355523,21073196914.507917,21073196914.507917,0.000004231,-0.000002416,0,0.01
region.tbilisi,2017,subsidies_on_products,96832258.515272216,source.geostat_regional_gdp_by_activity,Tbilisi!J25 [2017],18230950496.355527231,18230950496.355523,21073196914.507917,21073196914.507917,0.000004231,-0.000002416,0,0.01
region.tbilisi,2017,net_product_taxes,2842246418.152391584,source.fiscal_regional_economy_share,Tbilisi!J24 [2017]; Tbilisi!J25 [2017],18230950496.355527231,18230950496.355523,21073196914.507917,21073196914.507917,0.000004231,-0.000002416,0,0.01
region.tbilisi,2018,taxes_on_products,3169358612.3706973,source.geostat_regional_gdp_by_activity,Tbilisi!K24 [2018],20160482023.6390666832,20160482023.639066,23222193248.083538,23222193248.083538,0.0000006832,-0.00000283,0,0.01
region.tbilisi,2018,subsidies_on_products,107647387.92622813,source.geostat_regional_gdp_by_activity,Tbilisi!K25 [2018],20160482023.6390666832,20160482023.639066,23222193248.083538,23222193248.083538,0.0000006832,-0.00000283,0,0.01
region.tbilisi,2018,net_product_taxes,3061711224.44446917,source.fiscal_regional_economy_share,Tbilisi!K24 [2018]; Tbilisi!K25 [2018],20160482023.6390666832,20160482023.639066,23222193248.083538,23222193248.083538,0.0000006832,-0.00000283,0,0.01
region.tbilisi,2019,taxes_on_products,3279057413.8886168,source.geostat_regional_gdp_by_activity,Tbilisi!L24 [2019],22010722005.0214134875,22010722005.021413,25171607231.990969,25171607231.990969,0.0000004875,-0.00000053,0,0.01
region.tbilisi,2019,subsidies_on_products,118172186.91906133,source.geostat_regional_gdp_by_activity,Tbilisi!L25 [2019],22010722005.0214134875,22010722005.021413,25171607231.990969,25171607231.990969,0.0000004875,-0.00000053,0,0.01
region.tbilisi,2019,net_product_taxes,3160885226.96955547,source.fiscal_regional_economy_share,Tbilisi!L24 [2019]; Tbilisi!L25 [2019],22010722005.0214134875,22010722005.021413,25171607231.990969,25171607231.990969,0.0000004875,-0.00000053,0,0.01
region.tbilisi,2020,taxes_on_products,3301460432.3762837,source.geostat_regional_gdp_by_activity,Tbilisi!M24 [2020],21755219296.0069861574,21755219296.006981,24926919574.420444,24926919574.420444,0.0000051574,0.00000076,0,0.01
region.tbilisi,2020,subsidies_on_products,129760153.96281994,source.geostat_regional_gdp_by_activity,Tbilisi!M25 [2020],21755219296.0069861574,21755219296.006981,24926919574.420444,24926919574.420444,0.0000051574,0.00000076,0,0.01
region.tbilisi,2020,net_product_taxes,3171700278.41346376,source.fiscal_regional_economy_share,Tbilisi!M24 [2020]; Tbilisi!M25 [2020],21755219296.0069861574,21755219296.006981,24926919574.420444,24926919574.420444,0.0000051574,0.00000076,0,0.01
region.tbilisi,2021,taxes_on_products,4077001841.1786054,source.geostat_regional_gdp_by_activity,Tbilisi!N24 [2021],26309148917.7507892042,26309148917.750786,30242660755.367375,30242660755.367375,0.0000032042,-0.00000028,0,0.01
region.tbilisi,2021,subsidies_on_products,143490003.56201668,source.geostat_regional_gdp_by_activity,Tbilisi!N25 [2021],26309148917.7507892042,26309148917.750786,30242660755.367375,30242660755.367375,0.0000032042,-0.00000028,0,0.01
region.tbilisi,2021,net_product_taxes,3933511837.61658872,source.fiscal_regional_economy_share,Tbilisi!N24 [2021]; Tbilisi!N25 [2021],26309148917.7507892042,26309148917.750786,30242660755.367375,30242660755.367375,0.0000032042,-0.00000028,0,0.01
region.tbilisi,2022,taxes_on_products,4964985811.6765217,source.geostat_regional_gdp_by_activity,Tbilisi!O24 [2022],32171119587.0624006978,32171119587.062407,36973457096.218845,36973457096.218845,-0.0000063022,-0.00000368,0,0.01
region.tbilisi,2022,subsidies_on_products,162648302.52008738,source.geostat_regional_gdp_by_activity,Tbilisi!O25 [2022],32171119587.0624006978,32171119587.062407,36973457096.218845,36973457096.218845,-0.0000063022,-0.00000368,0,0.01
region.tbilisi,2022,net_product_taxes,4802337509.15643432,source.fiscal_regional_economy_share,Tbilisi!O24 [2022]; Tbilisi!O25 [2022],32171119587.0624006978,32171119587.062407,36973457096.218845,36973457096.218845,-0.0000063022,-0.00000368,0,0.01
region.tbilisi,2023,taxes_on_products,5749378739.5805502,source.geostat_regional_gdp_by_activity,Tbilisi!P24 [2023],37059534415.4335396736,37059534415.433547,42620844947.911872,42620844947.911872,-0.0000073264,0.00000388,0,0.01
region.tbilisi,2023,subsidies_on_products,188068207.10222132,source.geostat_regional_gdp_by_activity,Tbilisi!P25 [2023],37059534415.4335396736,37059534415.433547,42620844947.911872,42620844947.911872,-0.0000073264,0.00000388,0,0.01
region.tbilisi,2023,net_product_taxes,5561310532.47832888,source.fiscal_regional_economy_share,Tbilisi!P24 [2023]; Tbilisi!P25 [2023],37059534415.4335396736,37059534415.433547,42620844947.911872,42620844947.911872,-0.0000073264,0.00000388,0,0.01
region.tbilisi,2024,taxes_on_products,6603264539.8965496,source.geostat_regional_gdp_by_activity,Tbilisi!Q24 [2024],42982570466.9778970235,42982570466.977901,49374720708.906709,49374720708.906709,-0.0000039765,0.0000017,0,0.01
region.tbilisi,2024,subsidies_on_products,211114297.9677399,source.geostat_regional_gdp_by_activity,Tbilisi!Q25 [2024],42982570466.9778970235,42982570466.977901,49374720708.906709,49374720708.906709,-0.0000039765,0.0000017,0,0.01
region.tbilisi,2024,net_product_taxes,6392150241.9288097,source.fiscal_regional_economy_share,Tbilisi!Q24 [2024]; Tbilisi!Q25 [2024],42982570466.9778970235,42982570466.977901,49374720708.906709,49374720708.906709,-0.0000039765,0.0000017,0,0.01
region.adjara,2010,taxes_on_products,195691675.07565447,source.geostat_regional_gdp_by_activity,Adjara A.R.!C24 [2010],1404735948.931404213,1404735948.9314042,1592854218.2409578,1592854218.2409578,0.000000013,-0.0000000915,0,0.01
region.adjara,2010,subsidies_on_products,7573405.7661009615,source.geostat_regional_gdp_by_activity,Adjara A.R.!C25 [2010],1404735948.931404213,1404735948.9314042,1592854218.2409578,1592854218.2409578,0.000000013,-0.0000000915,0,0.01
region.adjara,2010,net_product_taxes,188118269.3095535085,source.fiscal_regional_economy_share,Adjara A.R.!C24 [2010]; Adjara A.R.!C25 [2010],1404735948.931404213,1404735948.9314042,1592854218.2409578,1592854218.2409578,0.000000013,-0.0000000915,0,0.01
region.adjara,2011,taxes_on_products,228498652.54758538,source.geostat_regional_gdp_by_activity,Adjara A.R.!D24 [2011],1710587974.3168202547,1710587974.3168207,1929910741.548543,1929910741.548543,-0.0000004453,0.0000000029,0,0.01
region.adjara,2011,subsidies_on_products,9175885.3158630771,source.geostat_regional_gdp_by_activity,Adjara A.R.!D25 [2011],1710587974.3168202547,1710587974.3168207,1929910741.548543,1929910741.548543,-0.0000004453,0.0000000029,0,0.01
region.adjara,2011,net_product_taxes,219322767.2317223029,source.fiscal_regional_economy_share,Adjara A.R.!D24 [2011]; Adjara A.R.!D25 [2011],1710587974.3168202547,1710587974.3168207,1929910741.548543,1929910741.548543,-0.0000004453,0.0000000029,0,0.01
region.adjara,2012,taxes_on_products,289634766.95319349,source.geostat_regional_gdp_by_activity,Adjara A.R.!E24 [2012],2223389616.7586918444,2223389616.7586918,2501544282.1352322,2501544282.1352322,0.0000000444,0.000000097,0,0.01
region.adjara,2012,subsidies_on_products,11480101.576652993,source.geostat_regional_gdp_by_activity,Adjara A.R.!E25 [2012],2223389616.7586918444,2223389616.7586918,2501544282.1352322,2501544282.1352322,0.0000000444,0.000000097,0,0.01
region.adjara,2012,net_product_taxes,278154665.376540497,source.fiscal_regional_economy_share,Adjara A.R.!E24 [2012]; Adjara A.R.!E25 [2012],2223389616.7586918444,2223389616.7586918,2501544282.1352322,2501544282.1352322,0.0000000444,0.000000097,0,0.01
region.adjara,2013,taxes_on_products,288309796.86105013,source.geostat_regional_gdp_by_activity,Adjara A.R.!F24 [2013],2232255482.813757618,2232255482.8137572,2507897873.6600461,2507897873.6600461,0.000000418,-0.000000029,0,0.01
region.adjara,2013,subsidies_on_products,12667406.014761259,source.geostat_regional_gdp_by_activity,Adjara A.R.!F25 [2013],2232255482.813757618,2232255482.8137572,2507897873.6600461,2507897873.6600461,0.000000418,-0.000000029,0,0.01
region.adjara,2013,net_product_taxes,275642390.846288871,source.fiscal_regional_economy_share,Adjara A.R.!F24 [2013]; Adjara A.R.!F25 [2013],2232255482.813757618,2232255482.8137572,2507897873.6600461,2507897873.6600461,0.000000418,-0.000000029,0,0.01
region.adjara,2014,taxes_on_products,313730568.43374513,source.geostat_regional_gdp_by_activity,Adjara A.R.!G24 [2014],2325133437.8295562781,2325133437.8295569,2626541912.9262145,2626541912.9262145,-0.0000006219,0.000000025,0,0.01
region.adjara,2014,subsidies_on_products,12322093.337087505,source.geostat_regional_gdp_by_activity,Adjara A.R.!G25 [2014],2325133437.8295562781,2325133437.8295569,2626541912.9262145,2626541912.9262145,-0.0000006219,0.000000025,0,0.01
region.adjara,2014,net_product_taxes,301408475.096657625,source.fiscal_regional_economy_share,Adjara A.R.!G24 [2014]; Adjara A.R.!G25 [2014],2325133437.8295562781,2325133437.8295569,2626541912.9262145,2626541912.9262145,-0.0000006219,0.000000025,0,0.01
region.adjara,2015,taxes_on_products,373136884.15345973,source.geostat_regional_gdp_by_activity,Adjara A.R.!H24 [2015],2815930402.52520217577,2815930402.5252018,3174524230.4809203,3174524230.4809203,0.00000037577,-0.000000165,0,0.01
region.adjara,2015,subsidies_on_products,14543056.197741395,source.geostat_regional_gdp_by_activity,Adjara A.R.!H25 [2015],2815930402.52520217577,2815930402.5252018,3174524230.4809203,3174524230.4809203,0.00000037577,-0.000000165,0,0.01
region.adjara,2015,net_product_taxes,358593827.955718335,source.fiscal_regional_economy_share,Adjara A.R.!H24 [2015]; Adjara A.R.!H25 [2015],2815930402.52520217577,2815930402.5252018,3174524230.4809203,3174524230.4809203,0.00000037577,-0.000000165,0,0.01
region.adjara,2016,taxes_on_products,442393086.0275849,source.geostat_regional_gdp_by_activity,Adjara A.R.!I24 [2016],3078430358.59813628867,3078430358.5981365,3504659051.9327401,3504659051.9327401,-0.00000021133,-0.000000265,0,0.01
region.adjara,2016,subsidies_on_products,16164392.692981565,source.geostat_regional_gdp_by_activity,Adjara A.R.!I25 [2016],3078430358.59813628867,3078430358.5981365,3504659051.9327401,3504659051.9327401,-0.00000021133,-0.000000265,0,0.01
region.adjara,2016,net_product_taxes,426228693.334603335,source.fiscal_regional_economy_share,Adjara A.R.!I24 [2016]; Adjara A.R.!I25 [2016],3078430358.59813628867,3078430358.5981365,3504659051.9327401,3504659051.9327401,-0.00000021133,-0.000000265,0,0.01
region.adjara,2017,taxes_on_products,503141885.94570265,source.geostat_regional_gdp_by_activity,Adjara A.R.!J24 [2017],3120962663.61918519951,3120962663.6191852,3607527802.0431115,3607527802.0431115,-0.00000000049,0.000000177,0,0.01
region.adjara,2017,subsidies_on_products,16576747.521776173,source.geostat_regional_gdp_by_activity,Adjara A.R.!J25 [2017],3120962663.61918519951,3120962663.6191852,3607527802.0431115,3607527802.0431115,-0.00000000049,0.000000177,0,0.01
region.adjara,2017,net_product_taxes,486565138.423926477,source.fiscal_regional_economy_share,Adjara A.R.!J24 [2017]; Adjara A.R.!J25 [2017],3120962663.61918519951,3120962663.6191852,3607527802.0431115,3607527802.0431115,-0.00000000049,0.000000177,0,0.01
region.adjara,2018,taxes_on_products,562742113.02937738,source.geostat_regional_gdp_by_activity,Adjara A.R.!K24 [2018],3579636652.4730978723,3579636652.4730979,4123265207.8548017,4123265207.8548017,-0.0000000277,-0.0000002,0,0.01
region.adjara,2018,subsidies_on_products,19113557.64767378,source.geostat_regional_gdp_by_activity,Adjara A.R.!K25 [2018],3579636652.4730978723,3579636652.4730979,4123265207.8548017,4123265207.8548017,-0.0000000277,-0.0000002,0,0.01
region.adjara,2018,net_product_taxes,543628555.3817036,source.fiscal_regional_economy_share,Adjara A.R.!K24 [2018]; Adjara A.R.!K25 [2018],3579636652.4730978723,3579636652.4730979,4123265207.8548017,4123265207.8548017,-0.0000000277,-0.0000002,0,0.01
region.adjara,2019,taxes_on_products,656381265.84890733,source.geostat_regional_gdp_by_activity,Adjara A.R.!L24 [2019],4405969078.4039144498,4405969078.4039158,5038695372.7632936,5038695372.7632936,-0.0000013502,-0.000000461,0,0.01
region.adjara,2019,subsidies_on_products,23654971.489529991,source.geostat_regional_gdp_by_activity,Adjara A.R.!L25 [2019],4405969078.4039144498,4405969078.4039158,5038695372.7632936,5038695372.7632936,-0.0000013502,-0.000000461,0,0.01
region.adjara,2019,net_product_taxes,632726294.359377339,source.fiscal_regional_economy_share,Adjara A.R.!L24 [2019]; Adjara A.R.!L25 [2019],4405969078.4039144498,4405969078.4039158,5038695372.7632936,5038695372.7632936,-0.0000013502,-0.000000461,0,0.01
region.adjara,2020,taxes_on_products,580082506.83701704,source.geostat_regional_gdp_by_activity,Adjara A.R.!M24 [2020],3822496862.9817664829,3822496862.9817672,4379779885.4875027,4379779885.4875027,-0.0000007171,-0.000000246,0,0.01
region.adjara,2020,subsidies_on_products,22799484.331281786,source.geostat_regional_gdp_by_activity,Adjara A.R.!M25 [2020],3822496862.9817664829,3822496862.9817672,4379779885.4875027,4379779885.4875027,-0.0000007171,-0.000000246,0,0.01
region.adjara,2020,net_product_taxes,557283022.505735254,source.fiscal_regional_economy_share,Adjara A.R.!M24 [2020]; Adjara A.R.!M25 [2020],3822496862.9817664829,3822496862.9817672,4379779885.4875027,4379779885.4875027,-0.0000007171,-0.000000246,0,0.01
region.adjara,2021,taxes_on_products,753903887.9403497,source.geostat_regional_gdp_by_activity,Adjara A.R.!N24 [2021],4864989134.2114413989,4864989134.2114424,5592359388.9134254,5592359388.9134254,-0.0000010011,-0.000000029,0,0.01
region.adjara,2021,subsidies_on_products,26533633.238366729,source.geostat_regional_gdp_by_activity,Adjara A.R.!N25 [2021],4864989134.2114413989,4864989134.2114424,5592359388.9134254,5592359388.9134254,-0.0000010011,-0.000000029,0,0.01
region.adjara,2021,net_product_taxes,727370254.701982971,source.fiscal_regional_economy_share,Adjara A.R.!N24 [2021]; Adjara A.R.!N25 [2021],4864989134.2114413989,4864989134.2114424,5592359388.9134254,5592359388.9134254,-0.0000010011,-0.000000029,0,0.01
region.adjara,2022,taxes_on_products,924534818.22003585,source.geostat_regional_gdp_by_activity,Adjara A.R.!O24 [2022],5990615346.6562239785,5990615346.6562246,6884863266.8854225,6884863266.8854225,-0.0000006215,-0.000000366,0,0.01
region.adjara,2022,subsidies_on_products,30286897.990838316,source.geostat_regional_gdp_by_activity,Adjara A.R.!O25 [2022],5990615346.6562239785,5990615346.6562246,6884863266.8854225,6884863266.8854225,-0.0000006215,-0.000000366,0,0.01
region.adjara,2022,net_product_taxes,894247920.229197534,source.fiscal_regional_economy_share,Adjara A.R.!O24 [2022]; Adjara A.R.!O25 [2022],5990615346.6562239785,5990615346.6562246,6884863266.8854225,6884863266.8854225,-0.0000006215,-0.000000366,0,0.01
region.adjara,2023,taxes_on_products,1036849518.9688097,source.geostat_regional_gdp_by_activity,Adjara A.R.!P24 [2023],6683358702.2749614464,6683358702.2749607,7686291786.2862278,7686291786.2862278,0.0000007464,-0.000000461,0,0.01
region.adjara,2023,subsidies_on_products,33916434.957543061,source.geostat_regional_gdp_by_activity,Adjara A.R.!P25 [2023],6683358702.2749614464,6683358702.2749607,7686291786.2862278,7686291786.2862278,0.0000007464,-0.000000461,0,0.01
region.adjara,2023,net_product_taxes,1002933084.011266639,source.fiscal_regional_economy_share,Adjara A.R.!P24 [2023]; Adjara A.R.!P25 [2023],6683358702.2749614464,6683358702.2749607,7686291786.2862278,7686291786.2862278,0.0000007464,-0.000000461,0,0.01
region.adjara,2024,taxes_on_products,1154695098.5541591,source.geostat_regional_gdp_by_activity,Adjara A.R.!Q24 [2024],7516246417.450918832,7516246417.4509196,8634024526.8968592,8634024526.8968592,-0.000000768,0.000000217,0,0.01
region.adjara,2024,subsidies_on_products,36916989.108219283,source.geostat_regional_gdp_by_activity,Adjara A.R.!Q25 [2024],7516246417.450918832,7516246417.4509196,8634024526.8968592,8634024526.8968592,-0.000000768,0.000000217,0,0.01
region.adjara,2024,net_product_taxes,1117778109.445939817,source.fiscal_regional_economy_share,Adjara A.R.!Q24 [2024]; Adjara A.R.!Q25 [2024],7516246417.450918832,7516246417.4509196,8634024526.8968592,8634024526.8968592,-0.000000768,0.000000217,0,0.01
region.guria,2010,taxes_on_products,50079902.114280308,source.geostat_regional_gdp_by_activity,Guria!C24 [2010],359489174.95697464807,359489174.95697464,407630949.55872054,407630949.55872054,0.00000000807,0.0000000389,0,0.01
region.guria,2010,subsidies_on_products,1938127.5125343691,source.geostat_regional_gdp_by_activity,Guria!C25 [2010],359489174.95697464807,359489174.95697464,407630949.55872054,407630949.55872054,0.00000000807,0.0000000389,0,0.01
region.guria,2010,net_product_taxes,48141774.6017459389,source.fiscal_regional_economy_share,Guria!C24 [2010]; Guria!C25 [2010],359489174.95697464807,359489174.95697464,407630949.55872054,407630949.55872054,0.00000000807,0.0000000389,0,0.01
region.guria,2011,taxes_on_products,55821763.731440939,source.geostat_regional_gdp_by_activity,Guria!D24 [2011],417893220.2861551573746,417893220.28615521,471473333.59026055,471473333.59026055,-0.0000000526254,-0.0000000163,0,0.01
region.guria,2011,subsidies_on_products,2241650.4273356153,source.geostat_regional_gdp_by_activity,Guria!D25 [2011],417893220.2861551573746,417893220.28615521,471473333.59026055,471473333.59026055,-0.0000000526254,-0.0000000163,0,0.01
region.guria,2011,net_product_taxes,53580113.3041053237,source.fiscal_regional_economy_share,Guria!D24 [2011]; Guria!D25 [2011],417893220.2861551573746,417893220.28615521,471473333.59026055,471473333.59026055,-0.0000000526254,-0.0000000163,0,0.01
region.guria,2012,taxes_on_products,62196057.93667467,source.geostat_regional_gdp_by_activity,Guria!E24 [2012],477449827.1544598807925,477449827.1544598,537180652.51463304,537180652.51463304,0.0000000807925,-0.0000000253,0,0.01
region.guria,2012,subsidies_on_products,2465232.5765014553,source.geostat_regional_gdp_by_activity,Guria!E25 [2012],477449827.1544598807925,477449827.1544598,537180652.51463304,537180652.51463304,0.0000000807925,-0.0000000253,0,0.01
region.guria,2012,net_product_taxes,59730825.3601732147,source.fiscal_regional_economy_share,Guria!E24 [2012]; Guria!E25 [2012],477449827.1544598807925,477449827.1544598,537180652.51463304,537180652.51463304,0.0000000807925,-0.0000000253,0,0.01
region.guria,2013,taxes_on_products,70585355.785844214,source.geostat_regional_gdp_by_activity,Guria!F24 [2013],546511249.963691462223,546511249.96369151,613995312.03641709,613995312.03641709,-0.000000047777,0.0000000653,0,0.01
region.guria,2013,subsidies_on_products,3101293.7131185687,source.geostat_regional_gdp_by_activity,Guria!F25 [2013],546511249.963691462223,546511249.96369151,613995312.03641709,613995312.03641709,-0.000000047777,0.0000000653,0,0.01
region.guria,2013,net_product_taxes,67484062.0727256453,source.fiscal_regional_economy_share,Guria!F24 [2013]; Guria!F25 [2013],546511249.963691462223,546511249.96369151,613995312.03641709,613995312.03641709,-0.000000047777,0.0000000653,0,0.01
region.guria,2014,taxes_on_products,73422650.415472319,source.geostat_regional_gdp_by_activity,Guria!G24 [2014],544153094.2533502854929,544153094.25335033,614691993.95242765,614691993.95242765,-0.0000000445071,0.0000000831,0,0.01
region.guria,2014,subsidies_on_products,2883750.7163949159,source.geostat_regional_gdp_by_activity,Guria!G25 [2014],544153094.2533502854929,544153094.25335033,614691993.95242765,614691993.95242765,-0.0000000445071,0.0000000831,0,0.01
region.guria,2014,net_product_taxes,70538899.6990774031,source.fiscal_regional_economy_share,Guria!G24 [2014]; Guria!G25 [2014],544153094.2533502854929,544153094.25335033,614691993.95242765,614691993.95242765,-0.0000000445071,0.0000000831,0,0.01
region.guria,2015,taxes_on_products,77501491.537146663,source.geostat_regional_gdp_by_activity,Guria!H24 [2015],584875994.651726981908,584875994.65172696,659356855.97326096,659356855.97326096,0.000000021908,-0.0000000022,0,0.01
region.guria,2015,subsidies_on_products,3020630.2156126652,source.geostat_regional_gdp_by_activity,Guria!H25 [2015],584875994.651726981908,584875994.65172696,659356855.97326096,659356855.97326096,0.000000021908,-0.0000000022,0,0.01
region.guria,2015,net_product_taxes,74480861.3215339978,source.fiscal_regional_economy_share,Guria!H24 [2015]; Guria!H25 [2015],584875994.651726981908,584875994.65172696,659356855.97326096,659356855.97326096,0.000000021908,-0.0000000022,0,0.01
region.guria,2016,taxes_on_products,89165386.458988195,source.geostat_regional_gdp_by_activity,Guria!I24 [2016],620465014.6688075659,620465014.6688075,706372429.05077585,706372429.05077585,0.0000000659,-0.0000000824,0,0.01
region.guria,2016,subsidies_on_products,3257972.0770199274,source.geostat_regional_gdp_by_activity,Guria!I25 [2016],620465014.6688075659,620465014.6688075,706372429.05077585,706372429.05077585,0.0000000659,-0.0000000824,0,0.01
region.guria,2016,net_product_taxes,85907414.3819682676,source.fiscal_regional_economy_share,Guria!I24 [2016]; Guria!I25 [2016],620465014.6688075659,620465014.6688075,706372429.05077585,706372429.05077585,0.0000000659,-0.0000000824,0,0.01
region.guria,2017,taxes_on_products,105886036.35765769,source.geostat_regional_gdp_by_activity,Guria!J24 [2017],656805516.10154767722,656805516.1015476,759202981.66076464,759202981.66076464,0.00000007722,0.0000000606,0,0.01
region.guria,2017,subsidies_on_products,3488570.7984405894,source.geostat_regional_gdp_by_activity,Guria!J25 [2017],656805516.10154767722,656805516.1015476,759202981.66076464,759202981.66076464,0.00000007722,0.0000000606,0,0.01
region.guria,2017,net_product_taxes,102397465.5592171006,source.fiscal_regional_economy_share,Guria!J24 [2017]; Guria!J25 [2017],656805516.10154767722,656805516.1015476,759202981.66076464,759202981.66076464,0.00000007722,0.0000000606,0,0.01
region.guria,2018,taxes_on_products,104871342.81353644,source.geostat_regional_gdp_by_activity,Guria!K24 [2018],667092961.12304450747,667092961.12304446,768402344.71930296,768402344.71930296,0.00000004747,-0.0000000595,0,0.01
region.guria,2018,subsidies_on_products,3561959.2172779995,source.geostat_regional_gdp_by_activity,Guria!K25 [2018],667092961.12304450747,667092961.12304446,768402344.71930296,768402344.71930296,0.00000004747,-0.0000000595,0,0.01
region.guria,2018,net_product_taxes,101309383.5962584405,source.fiscal_regional_economy_share,Guria!K24 [2018]; Guria!K25 [2018],667092961.12304450747,667092961.12304446,768402344.71930296,768402344.71930296,0.00000004747,-0.0000000595,0,0.01
region.guria,2019,taxes_on_products,109437762.62751263,source.geostat_regional_gdp_by_activity,Guria!L24 [2019],734602620.81508176532,734602620.81508176,840096414.76231263,840096414.76231263,0.00000000532,0.0000000371,0,0.01
region.guria,2019,subsidies_on_products,3943968.6802817229,source.geostat_regional_gdp_by_activity,Guria!L25 [2019],734602620.81508176532,734602620.81508176,840096414.76231263,840096414.76231263,0.00000000532,0.0000000371,0,0.01
region.guria,2019,net_product_taxes,105493793.9472309071,source.fiscal_regional_economy_share,Guria!L24 [2019]; Guria!L25 [2019],734602620.81508176532,734602620.81508176,840096414.76231263,840096414.76231263,0.00000000532,0.0000000371,0,0.01
region.guria,2020,taxes_on_products,105802069.32471204,source.geostat_regional_gdp_by_activity,Guria!M24 [2020],697190612.23875413608,697190612.23875417,798834251.35163486,798834251.35163486,-0.00000003392,-0.0000000762,0,0.01
region.guria,2020,subsidies_on_products,4158430.2118314262,source.geostat_regional_gdp_by_activity,Guria!M25 [2020],697190612.23875413608,697190612.23875417,798834251.35163486,798834251.35163486,-0.00000003392,-0.0000000762,0,0.01
region.guria,2020,net_product_taxes,101643639.1128806138,source.fiscal_regional_economy_share,Guria!M24 [2020]; Guria!M25 [2020],697190612.23875413608,697190612.23875417,798834251.35163486,798834251.35163486,-0.00000003392,-0.0000000762,0,0.01
region.guria,2021,taxes_on_products,143664582.28624188,source.geostat_regional_gdp_by_activity,Guria!N24 [2021],927076571.66093935315,927076571.66093941,1065684881.6600859,1065684881.6600859,-0.00000005685,-0.0000000542,0,0.01
region.guria,2021,subsidies_on_products,5056272.2870954442,source.geostat_regional_gdp_by_activity,Guria!N25 [2021],927076571.66093935315,927076571.66093941,1065684881.6600859,1065684881.6600859,-0.00000005685,-0.0000000542,0,0.01
region.guria,2021,net_product_taxes,138608309.9991464358,source.fiscal_regional_economy_share,Guria!N24 [2021]; Guria!N25 [2021],927076571.66093935315,927076571.66093941,1065684881.6600859,1065684881.6600859,-0.00000005685,-0.0000000542,0,0.01
region.guria,2022,taxes_on_products,165437944.07016,source.geostat_regional_gdp_by_activity,Guria!O24 [2022],1071971619.81852203679,1071971619.818522,1231989971.2058302,1231989971.2058302,0.00000003679,0.0000000811,0,0.01
region.guria,2022,subsidies_on_products,5419592.6828517189,source.geostat_regional_gdp_by_activity,Guria!O25 [2022],1071971619.81852203679,1071971619.818522,1231989971.2058302,1231989971.2058302,0.00000003679,0.0000000811,0,0.01
region.guria,2022,net_product_taxes,160018351.3873082811,source.fiscal_regional_economy_share,Guria!O24 [2022]; Guria!O25 [2022],1071971619.81852203679,1071971619.818522,1231989971.2058302,1231989971.2058302,0.00000003679,0.0000000811,0,0.01
region.guria,2023,taxes_on_products,188149154.35890683,source.geostat_regional_gdp_by_activity,Guria!P24 [2023],1212778002.1163339612,1212778002.1163339,1394772600.3517282,1394772600.3517282,0.0000000612,-0.0000000812,0,0.01
region.guria,2023,subsidies_on_products,6154556.1235126112,source.geostat_regional_gdp_by_activity,Guria!P25 [2023],1212778002.1163339612,1212778002.1163339,1394772600.3517282,1394772600.3517282,0.0000000612,-0.0000000812,0,0.01
region.guria,2023,net_product_taxes,181994598.2353942188,source.fiscal_regional_economy_share,Guria!P24 [2023]; Guria!P25 [2023],1212778002.1163339612,1212778002.1163339,1394772600.3517282,1394772600.3517282,0.0000000612,-0.0000000812,0,0.01
region.guria,2024,taxes_on_products,208531552.80309647,source.geostat_regional_gdp_by_activity,Guria!Q24 [2024],1357392560.72388710568,1357392560.7238868,1559257109.3341091,1559257109.3341091,0.00000030568,-0.0000001167,0,0.01
region.guria,2024,subsidies_on_products,6667004.1928742867,source.geostat_regional_gdp_by_activity,Guria!Q25 [2024],1357392560.72388710568,1357392560.7238868,1559257109.3341091,1559257109.3341091,0.00000030568,-0.0000001167,0,0.01
region.guria,2024,net_product_taxes,201864548.6102221833,source.fiscal_regional_economy_share,Guria!Q24 [2024]; Guria!Q25 [2024],1357392560.72388710568,1357392560.7238868,1559257109.3341091,1559257109.3341091,0.00000030568,-0.0000001167,0,0.01
region.imereti,2010,taxes_on_products,240819429.1430955,source.geostat_regional_gdp_by_activity,Imereti!C24 [2010],1728677058.8869617349,1728677058.8869617,1960176606.3715434,1960176606.3715434,0.0000000349,-0.000000139,0,0.01
region.imereti,2010,subsidies_on_products,9319881.658513939,source.geostat_regional_gdp_by_activity,Imereti!C25 [2010],1728677058.8869617349,1728677058.8869617,1960176606.3715434,1960176606.3715434,0.0000000349,-0.000000139,0,0.01
region.imereti,2010,net_product_taxes,231499547.484581561,source.fiscal_regional_economy_share,Imereti!C24 [2010]; Imereti!C25 [2010],1728677058.8869617349,1728677058.8869617,1960176606.3715434,1960176606.3715434,0.0000000349,-0.000000139,0,0.01
region.imereti,2011,taxes_on_products,265492115.30839472,source.geostat_regional_gdp_by_activity,Imereti!D24 [2011],1987528655.6794790784,1987528655.6794788,2242359328.6766181,2242359328.6766181,0.0000002784,-0.00000021,0,0.01
region.imereti,2011,subsidies_on_products,10661442.31125563,source.geostat_regional_gdp_by_activity,Imereti!D25 [2011],1987528655.6794790784,1987528655.6794788,2242359328.6766181,2242359328.6766181,0.0000002784,-0.00000021,0,0.01
region.imereti,2011,net_product_taxes,254830672.99713909,source.fiscal_regional_economy_share,Imereti!D24 [2011]; Imereti!D25 [2011],1987528655.6794790784,1987528655.6794788,2242359328.6766181,2242359328.6766181,0.0000002784,-0.00000021,0,0.01
region.imereti,2012,taxes_on_products,286591024.82813859,source.geostat_regional_gdp_by_activity,Imereti!E24 [2012],2200024242.8150592164,2200024242.8150596,2475255809.2791551,2475255809.2791551,-0.0000003836,0.000000049,0,0.01
region.imereti,2012,subsidies_on_products,11359458.364043041,source.geostat_regional_gdp_by_activity,Imereti!E25 [2012],2200024242.8150592164,2200024242.8150596,2475255809.2791551,2475255809.2791551,-0.0000003836,0.000000049,0,0.01
region.imereti,2012,net_product_taxes,275231566.464095549,source.fiscal_regional_economy_share,Imereti!E24 [2012]; Imereti!E25 [2012],2200024242.8150592164,2200024242.8150596,2475255809.2791551,2475255809.2791551,-0.0000003836,0.000000049,0,0.01
region.imereti,2013,taxes_on_products,275993687.96830117,source.geostat_regional_gdp_by_activity,Imereti!F24 [2013],2136897288.6001205807,2136897288.6001206,2400764700.801627,2400764700.801627,-0.0000000193,-0.000000435,0,0.01
region.imereti,2013,subsidies_on_products,12126275.766795205,source.geostat_regional_gdp_by_activity,Imereti!F25 [2013],2136897288.6001205807,2136897288.6001206,2400764700.801627,2400764700.801627,-0.0000000193,-0.000000435,0,0.01
region.imereti,2013,net_product_taxes,263867412.201505965,source.fiscal_regional_economy_share,Imereti!F24 [2013]; Imereti!F25 [2013],2136897288.6001205807,2136897288.6001206,2400764700.801627,2400764700.801627,-0.0000000193,-0.000000435,0,0.01
region.imereti,2014,taxes_on_products,305626396.33192458,source.geostat_regional_gdp_by_activity,Imereti!G24 [2014],2265071450.1375675827,2265071450.1375674,2558694052.8937475,2558694052.8937475,0.0000001827,-0.000000062,0,0.01
region.imereti,2014,subsidies_on_products,12003793.575744542,source.geostat_regional_gdp_by_activity,Imereti!G25 [2014],2265071450.1375675827,2265071450.1375674,2558694052.8937475,2558694052.8937475,0.0000001827,-0.000000062,0,0.01
region.imereti,2014,net_product_taxes,293622602.756180038,source.fiscal_regional_economy_share,Imereti!G24 [2014]; Imereti!G25 [2014],2265071450.1375675827,2265071450.1375674,2558694052.8937475,2558694052.8937475,0.0000001827,-0.000000062,0,0.01
region.imereti,2015,taxes_on_products,386397463.54951865,source.geostat_regional_gdp_by_activity,Imereti!H24 [2015],2916003245.1260543289,2916003245.1260545,3287340819.756218,3287340819.756218,-0.0000001711,0.000000031,0,0.01
region.imereti,2015,subsidies_on_products,15059888.919355119,source.geostat_regional_gdp_by_activity,Imereti!H25 [2015],2916003245.1260543289,2916003245.1260545,3287340819.756218,3287340819.756218,-0.0000001711,0.000000031,0,0.01
region.imereti,2015,net_product_taxes,371337574.630163531,source.fiscal_regional_economy_share,Imereti!H24 [2015]; Imereti!H25 [2015],2916003245.1260543289,2916003245.1260545,3287340819.756218,3287340819.756218,-0.0000001711,0.000000031,0,0.01
region.imereti,2016,taxes_on_products,381247761.64150921,source.geostat_regional_gdp_by_activity,Imereti!I24 [2016],2652945357.08821341887,2652945357.0882138,3020262886.2574434,3020262886.2574434,-0.00000038113,-0.000000314,0,0.01
region.imereti,2016,subsidies_on_products,13930232.472279924,source.geostat_regional_gdp_by_activity,Imereti!I25 [2016],2652945357.08821341887,2652945357.0882138,3020262886.2574434,3020262886.2574434,-0.00000038113,-0.000000314,0,0.01
region.imereti,2016,net_product_taxes,367317529.169229286,source.fiscal_regional_economy_share,Imereti!I24 [2016]; Imereti!I25 [2016],2652945357.08821341887,2652945357.0882138,3020262886.2574434,3020262886.2574434,-0.00000038113,-0.000000314,0,0.01
region.imereti,2017,taxes_on_products,533259451.84543104,source.geostat_regional_gdp_by_activity,Imereti!J24 [2017],3307780341.3314449895,3307780341.331445,3823470778.2652526,3823470778.2652526,-0.0000000105,-0.000000157,0,0.01
region.imereti,2017,subsidies_on_products,17569014.911623597,source.geostat_regional_gdp_by_activity,Imereti!J25 [2017],3307780341.3314449895,3307780341.331445,3823470778.2652526,3823470778.2652526,-0.0000000105,-0.000000157,0,0.01
region.imereti,2017,net_product_taxes,515690436.933807443,source.fiscal_regional_economy_share,Imereti!J24 [2017]; Imereti!J25 [2017],3307780341.3314449895,3307780341.331445,3823470778.2652526,3823470778.2652526,-0.0000000105,-0.000000157,0,0.01
region.imereti,2018,taxes_on_products,581368753.60870272,source.geostat_regional_gdp_by_activity,Imereti!K24 [2018],3698121840.9571428994,3698121840.9571429,4259744382.3500271,4259744382.3500271,-0.0000000006,0.000000042,0,0.01
region.imereti,2018,subsidies_on_products,19746212.215818478,source.geostat_regional_gdp_by_activity,Imereti!K25 [2018],3698121840.9571428994,3698121840.9571429,4259744382.3500271,4259744382.3500271,-0.0000000006,0.000000042,0,0.01
region.imereti,2018,net_product_taxes,561622541.392884242,source.fiscal_regional_economy_share,Imereti!K24 [2018]; Imereti!K25 [2018],3698121840.9571428994,3698121840.9571429,4259744382.3500271,4259744382.3500271,-0.0000000006,0.000000042,0,0.01
region.imereti,2019,taxes_on_products,558252436.62508535,source.geostat_regional_gdp_by_activity,Imereti!L24 [2019],3747277842.4482856002,3747277842.4482849,4285411719.6942443,4285411719.6942443,0.0000007002,0.000000087,0,0.01
region.imereti,2019,subsidies_on_products,20118559.379125863,source.geostat_regional_gdp_by_activity,Imereti!L25 [2019],3747277842.4482856002,3747277842.4482849,4285411719.6942443,4285411719.6942443,0.0000007002,0.000000087,0,0.01
region.imereti,2019,net_product_taxes,538133877.245959487,source.fiscal_regional_economy_share,Imereti!L24 [2019]; Imereti!L25 [2019],3747277842.4482856002,3747277842.4482849,4285411719.6942443,4285411719.6942443,0.0000007002,0.000000087,0,0.01
region.imereti,2020,taxes_on_products,566230409.5544763,source.geostat_regional_gdp_by_activity,Imereti!M24 [2020],3731217436.720587369,3731217436.7205871,4275192802.9004148,4275192802.9004148,0.000000269,0.000000269,0,0.01
region.imereti,2020,subsidies_on_products,22255043.374648331,source.geostat_regional_gdp_by_activity,Imereti!M25 [2020],3731217436.720587369,3731217436.7205871,4275192802.9004148,4275192802.9004148,0.000000269,0.000000269,0,0.01
region.imereti,2020,net_product_taxes,543975366.179827969,source.fiscal_regional_economy_share,Imereti!M24 [2020]; Imereti!M25 [2020],3731217436.720587369,3731217436.7205871,4275192802.9004148,4275192802.9004148,0.000000269,0.000000269,0,0.01
region.imereti,2021,taxes_on_products,734808443.89827303,source.geostat_regional_gdp_by_activity,Imereti!N24 [2021],4741765034.6097750043,4741765034.6097753,5450711909.0656661,5450711909.0656661,-0.0000002957,-0.000000593,0,0.01
region.imereti,2021,subsidies_on_products,25861569.442382823,source.geostat_regional_gdp_by_activity,Imereti!N25 [2021],4741765034.6097750043,4741765034.6097753,5450711909.0656661,5450711909.0656661,-0.0000002957,-0.000000593,0,0.01
region.imereti,2021,net_product_taxes,708946874.455890207,source.fiscal_regional_economy_share,Imereti!N24 [2021]; Imereti!N25 [2021],4741765034.6097750043,4741765034.6097753,5450711909.0656661,5450711909.0656661,-0.0000002957,-0.000000593,0,0.01
region.imereti,2022,taxes_on_products,880377354.34771332,source.geostat_regional_gdp_by_activity,Imereti!O24 [2022],5704492665.790357265,5704492665.7903579,6556029679.4617643,6556029679.4617643,-0.000000635,0.000000015,0,0.01
region.imereti,2022,subsidies_on_products,28840340.676306905,source.geostat_regional_gdp_by_activity,Imereti!O25 [2022],5704492665.790357265,5704492665.7903579,6556029679.4617643,6556029679.4617643,-0.000000635,0.000000015,0,0.01
region.imereti,2022,net_product_taxes,851537013.671406415,source.fiscal_regional_economy_share,Imereti!O24 [2022]; Imereti!O25 [2022],5704492665.790357265,5704492665.7903579,6556029679.4617643,6556029679.4617643,-0.000000635,0.000000015,0,0.01
region.imereti,2023,taxes_on_products,856195125.00528003,source.geostat_regional_gdp_by_activity,Imereti!P24 [2023],5518890673.0076537954,5518890673.0076542,6347078757.7077144,6347078757.7077144,-0.0000004046,0.000000204,0,0.01
region.imereti,2023,subsidies_on_products,28007040.305219626,source.geostat_regional_gdp_by_activity,Imereti!P25 [2023],5518890673.0076537954,5518890673.0076542,6347078757.7077144,6347078757.7077144,-0.0000004046,0.000000204,0,0.01
region.imereti,2023,net_product_taxes,828188084.700060404,source.fiscal_regional_economy_share,Imereti!P24 [2023]; Imereti!P25 [2023],5518890673.0076537954,5518890673.0076542,6347078757.7077144,6347078757.7077144,-0.0000004046,0.000000204,0,0.01
region.imereti,2024,taxes_on_products,963333281.49365036,source.geostat_regional_gdp_by_activity,Imereti!Q24 [2024],6270616663.1383493313,6270616663.1383485,7203151022.6438331,7203151022.6438331,0.0000008313,0.000000594,0,0.01
region.imereti,2024,subsidies_on_products,30798921.988165166,source.geostat_regional_gdp_by_activity,Imereti!Q25 [2024],6270616663.1383493313,6270616663.1383485,7203151022.6438331,7203151022.6438331,0.0000008313,0.000000594,0,0.01
region.imereti,2024,net_product_taxes,932534359.505485194,source.fiscal_regional_economy_share,Imereti!Q24 [2024]; Imereti!Q25 [2024],6270616663.1383493313,6270616663.1383485,7203151022.6438331,7203151022.6438331,0.0000008313,0.000000594,0,0.01
region.kakheti,2010,taxes_on_products,115689612.76712058,source.geostat_regional_gdp_by_activity,Kakheti!C24 [2010],830456164.8271449935,830456164.82714502,941668508.03198213,941668508.03198213,-0.0000000265,-0.0000000197,0,0.01
region.kakheti,2010,subsidies_on_products,4477269.5622834897,source.geostat_regional_gdp_by_activity,Kakheti!C25 [2010],830456164.8271449935,830456164.82714502,941668508.03198213,941668508.03198213,-0.0000000265,-0.0000000197,0,0.01
region.kakheti,2010,net_product_taxes,111212343.2048370903,source.fiscal_regional_economy_share,Kakheti!C24 [2010]; Kakheti!C25 [2010],830456164.8271449935,830456164.82714502,941668508.03198213,941668508.03198213,-0.0000000265,-0.0000000197,0,0.01
region.kakheti,2011,taxes_on_products,133987330.17978984,source.geostat_regional_gdp_by_activity,Kakheti!D24 [2011],1003056749.61752745486,1003056749.6175273,1131663512.5081846,1131663512.5081846,0.00000015486,-0.0000001397,0,0.01
region.kakheti,2011,subsidies_on_products,5380567.2891326797,source.geostat_regional_gdp_by_activity,Kakheti!D25 [2011],1003056749.61752745486,1003056749.6175273,1131663512.5081846,1131663512.5081846,0.00000015486,-0.0000001397,0,0.01
region.kakheti,2011,net_product_taxes,128606762.8906571603,source.fiscal_regional_economy_share,Kakheti!D24 [2011]; Kakheti!D25 [2011],1003056749.61752745486,1003056749.6175273,1131663512.5081846,1131663512.5081846,0.00000015486,-0.0000001397,0,0.01
region.kakheti,2012,taxes_on_products,139559005.80821123,source.geostat_regional_gdp_by_activity,Kakheti!E24 [2012],1071328721.0070604641,1071328721.0070605,1205356099.5887865,1205356099.5887865,-0.0000000359,0.0000000684,0,0.01
region.kakheti,2012,subsidies_on_products,5531627.2264851616,source.geostat_regional_gdp_by_activity,Kakheti!E25 [2012],1071328721.0070604641,1071328721.0070605,1205356099.5887865,1205356099.5887865,-0.0000000359,0.0000000684,0,0.01
region.kakheti,2012,net_product_taxes,134027378.5817260684,source.fiscal_regional_economy_share,Kakheti!E24 [2012]; Kakheti!E25 [2012],1071328721.0070604641,1071328721.0070605,1205356099.5887865,1205356099.5887865,-0.0000000359,0.0000000684,0,0.01
region.kakheti,2013,taxes_on_products,176865922.70976678,source.geostat_regional_gdp_by_activity,Kakheti!F24 [2013],1369394762.1282826013,1369394762.1282823,1538489764.5379674,1538489764.5379674,0.0000003013,-0.0000001383,0,0.01
region.kakheti,2013,subsidies_on_products,7770920.3000818183,source.geostat_regional_gdp_by_activity,Kakheti!F25 [2013],1369394762.1282826013,1369394762.1282823,1538489764.5379674,1538489764.5379674,0.0000003013,-0.0000001383,0,0.01
region.kakheti,2013,net_product_taxes,169095002.4096849617,source.fiscal_regional_economy_share,Kakheti!F24 [2013]; Kakheti!F25 [2013],1369394762.1282826013,1369394762.1282823,1538489764.5379674,1538489764.5379674,0.0000003013,-0.0000001383,0,0.01
region.kakheti,2014,taxes_on_products,208614902.31077215,source.geostat_regional_gdp_by_activity,Kakheti!G24 [2014],1546095706.9433898823,1546095706.94339,1746517042.683286,1746517042.683286,-0.0000001177,-0.0000000644,0,0.01
region.kakheti,2014,subsidies_on_products,8193566.5708762144,source.geostat_regional_gdp_by_activity,Kakheti!G25 [2014],1546095706.9433898823,1546095706.94339,1746517042.683286,1746517042.683286,-0.0000001177,-0.0000000644,0,0.01
region.kakheti,2014,net_product_taxes,200421335.7398959356,source.fiscal_regional_economy_share,Kakheti!G24 [2014]; Kakheti!G25 [2014],1546095706.9433898823,1546095706.94339,1746517042.683286,1746517042.683286,-0.0000001177,-0.0000000644,0,0.01
region.kakheti,2015,taxes_on_products,203515837.86931076,source.geostat_regional_gdp_by_activity,Kakheti!H24 [2015],1535861126.54542333807,1535861126.5454238,1731444909.4693259,1731444909.4693259,-0.00000046193,0.000000042,0,0.01
region.kakheti,2015,subsidies_on_products,7932054.945408618,source.geostat_regional_gdp_by_activity,Kakheti!H25 [2015],1535861126.54542333807,1535861126.5454238,1731444909.4693259,1731444909.4693259,-0.00000046193,0.000000042,0,0.01
region.kakheti,2015,net_product_taxes,195583782.923902142,source.fiscal_regional_economy_share,Kakheti!H24 [2015]; Kakheti!H25 [2015],1535861126.54542333807,1535861126.5454238,1731444909.4693259,1731444909.4693259,-0.00000046193,0.000000042,0,0.01
region.kakheti,2016,taxes_on_products,238780614.79764878,source.geostat_regional_gdp_by_activity,Kakheti!I24 [2016],1661575455.9780242102,1661575455.9780239,1891631378.3088015,1891631378.3088015,0.0000003102,0.0000000079,0,0.01
region.kakheti,2016,subsidies_on_products,8724692.4668711721,source.geostat_regional_gdp_by_activity,Kakheti!I25 [2016],1661575455.9780242102,1661575455.9780239,1891631378.3088015,1891631378.3088015,0.0000003102,0.0000000079,0,0.01
region.kakheti,2016,net_product_taxes,230055922.3307776079,source.fiscal_regional_economy_share,Kakheti!I24 [2016]; Kakheti!I25 [2016],1661575455.9780242102,1661575455.9780239,1891631378.3088015,1891631378.3088015,0.0000003102,0.0000000079,0,0.01
region.kakheti,2017,taxes_on_products,322689845.07374876,source.geostat_regional_gdp_by_activity,Kakheti!J24 [2017],2001628142.1517584048,2001628142.151759,2313686496.9062822,2313686496.9062822,-0.0000005952,0.000000054,0,0.01
region.kakheti,2017,subsidies_on_products,10631490.319225506,source.geostat_regional_gdp_by_activity,Kakheti!J25 [2017],2001628142.1517584048,2001628142.151759,2313686496.9062822,2313686496.9062822,-0.0000005952,0.000000054,0,0.01
region.kakheti,2017,net_product_taxes,312058354.754523254,source.fiscal_regional_economy_share,Kakheti!J24 [2017]; Kakheti!J25 [2017],2001628142.1517584048,2001628142.151759,2313686496.9062822,2313686496.9062822,-0.0000005952,0.000000054,0,0.01
region.kakheti,2018,taxes_on_products,337155720.80851547,source.geostat_regional_gdp_by_activity,Kakheti!K24 [2018],2144667953.3190436295,2144667953.3190436,2470372167.0220652,2470372167.0220652,0.0000000295,-0.000000031,0,0.01
region.kakheti,2018,subsidies_on_products,11451507.105493901,source.geostat_regional_gdp_by_activity,Kakheti!K25 [2018],2144667953.3190436295,2144667953.3190436,2470372167.0220652,2470372167.0220652,0.0000000295,-0.000000031,0,0.01
region.kakheti,2018,net_product_taxes,325704213.703021569,source.fiscal_regional_economy_share,Kakheti!K24 [2018]; Kakheti!K25 [2018],2144667953.3190436295,2144667953.3190436,2470372167.0220652,2470372167.0220652,0.0000000295,-0.000000031,0,0.01
region.kakheti,2019,taxes_on_products,344364983.39424497,source.geostat_regional_gdp_by_activity,Kakheti!L24 [2019],2311555108.9926757026,2311555108.9926753,2643509707.9228726,2643509707.9228726,0.0000004026,-0.000000167,0,0.01
region.kakheti,2019,subsidies_on_products,12410384.464047837,source.geostat_regional_gdp_by_activity,Kakheti!L25 [2019],2311555108.9926757026,2311555108.9926753,2643509707.9228726,2643509707.9228726,0.0000004026,-0.000000167,0,0.01
region.kakheti,2019,net_product_taxes,331954598.930197133,source.fiscal_regional_economy_share,Kakheti!L24 [2019]; Kakheti!L25 [2019],2311555108.9926757026,2311555108.9926753,2643509707.9228726,2643509707.9228726,0.0000004026,-0.000000167,0,0.01
region.kakheti,2020,taxes_on_products,338283985.77369859,source.geostat_regional_gdp_by_activity,Kakheti!M24 [2020],2229147507.7703813615,2229147507.7703813,2554135625.5558767,2554135625.5558767,0.0000000615,-0.000000067,0,0.01
region.kakheti,2020,subsidies_on_products,13295867.988203257,source.geostat_regional_gdp_by_activity,Kakheti!M25 [2020],2229147507.7703813615,2229147507.7703813,2554135625.5558767,2554135625.5558767,0.0000000615,-0.000000067,0,0.01
region.kakheti,2020,net_product_taxes,324988117.785495333,source.fiscal_regional_economy_share,Kakheti!M24 [2020]; Kakheti!M25 [2020],2229147507.7703813615,2229147507.7703813,2554135625.5558767,2554135625.5558767,0.0000000615,-0.000000067,0,0.01
region.kakheti,2021,taxes_on_products,447948773.82942627,source.geostat_regional_gdp_by_activity,Kakheti!N24 [2021],2890641568.8042255352,2890641568.8042262,3322824793.9151847,3322824793.9151847,-0.0000006648,-0.000000314,0,0.01
region.kakheti,2021,subsidies_on_products,15765548.718468084,source.geostat_regional_gdp_by_activity,Kakheti!N25 [2021],2890641568.8042255352,2890641568.8042262,3322824793.9151847,3322824793.9151847,-0.0000006648,-0.000000314,0,0.01
region.kakheti,2021,net_product_taxes,432183225.110958186,source.fiscal_regional_economy_share,Kakheti!N24 [2021]; Kakheti!N25 [2021],2890641568.8042255352,2890641568.8042262,3322824793.9151847,3322824793.9151847,-0.0000006648,-0.000000314,0,0.01
region.kakheti,2022,taxes_on_products,498540752.74100575,source.geostat_regional_gdp_by_activity,Kakheti!O24 [2022],3230344412.6135910386,3230344412.6135914,3712553435.4673309,3712553435.4673309,-0.0000003614,-0.00000017,0,0.01
region.kakheti,2022,subsidies_on_products,16331729.88726642,source.geostat_regional_gdp_by_activity,Kakheti!O25 [2022],3230344412.6135910386,3230344412.6135914,3712553435.4673309,3712553435.4673309,-0.0000003614,-0.00000017,0,0.01
region.kakheti,2022,net_product_taxes,482209022.85373933,source.fiscal_regional_economy_share,Kakheti!O24 [2022]; Kakheti!O25 [2022],3230344412.6135910386,3230344412.6135914,3712553435.4673309,3712553435.4673309,-0.0000003614,-0.00000017,0,0.01
region.kakheti,2023,taxes_on_products,548881007.72489054,source.geostat_regional_gdp_by_activity,Kakheti!P24 [2023],3537995236.8979681858,3537995236.8979675,4068921771.3291378,4068921771.3291378,0.0000006858,0.000000219,0,0.01
region.kakheti,2023,subsidies_on_products,17954473.293720021,source.geostat_regional_gdp_by_activity,Kakheti!P25 [2023],3537995236.8979681858,3537995236.8979675,4068921771.3291378,4068921771.3291378,0.0000006858,0.000000219,0,0.01
region.kakheti,2023,net_product_taxes,530926534.431170519,source.fiscal_regional_economy_share,Kakheti!P24 [2023]; Kakheti!P25 [2023],3537995236.8979681858,3537995236.8979675,4068921771.3291378,4068921771.3291378,0.0000006858,0.000000219,0,0.01
region.kakheti,2024,taxes_on_products,620415193.5705961,source.geostat_regional_gdp_by_activity,Kakheti!Q24 [2024],4038463038.2913086995,4038463038.2913083,4639042812.994795,4639042812.994795,0.0000003995,0.000000398,0,0.01
region.kakheti,2024,subsidies_on_products,19835418.867109002,source.geostat_regional_gdp_by_activity,Kakheti!Q25 [2024],4038463038.2913086995,4038463038.2913083,4639042812.994795,4639042812.994795,0.0000003995,0.000000398,0,0.01
region.kakheti,2024,net_product_taxes,600579774.703487098,source.fiscal_regional_economy_share,Kakheti!Q24 [2024]; Kakheti!Q25 [2024],4038463038.2913086995,4038463038.2913083,4639042812.994795,4639042812.994795,0.0000003995,0.000000398,0,0.01
region.mtskheta_mtianeti,2010,taxes_on_products,47372990.733168386,source.geostat_regional_gdp_by_activity,Mtskheta-Mtianeti!C24 [2010],340058119.823180985,340058119.82318096,385597742.42233277,385597742.42233277,0.000000025,0.00000003,0,0.01
region.mtskheta_mtianeti,2010,subsidies_on_products,1833368.134016546,source.geostat_regional_gdp_by_activity,Mtskheta-Mtianeti!C25 [2010],340058119.823180985,340058119.82318096,385597742.42233277,385597742.42233277,0.000000025,0.00000003,0,0.01
region.mtskheta_mtianeti,2010,net_product_taxes,45539622.59915184,source.fiscal_regional_economy_share,Mtskheta-Mtianeti!C24 [2010]; Mtskheta-Mtianeti!C25 [2010],340058119.823180985,340058119.82318096,385597742.42233277,385597742.42233277,0.000000025,0.00000003,0,0.01
region.mtskheta_mtianeti,2011,taxes_on_products,54747355.692155459,source.geostat_regional_gdp_by_activity,Mtskheta-Mtianeti!D24 [2011],409849980.42009807631,409849980.42009812,462398830.99383337,462398830.99383337,-0.00000004369,0.000000023,0,0.01
region.mtskheta_mtianeti,2011,subsidies_on_products,2198505.118420186,source.geostat_regional_gdp_by_activity,Mtskheta-Mtianeti!D25 [2011],409849980.42009807631,409849980.42009812,462398830.99383337,462398830.99383337,-0.00000004369,0.000000023,0,0.01
region.mtskheta_mtianeti,2011,net_product_taxes,52548850.573735273,source.fiscal_regional_economy_share,Mtskheta-Mtianeti!D24 [2011]; Mtskheta-Mtianeti!D25 [2011],409849980.42009807631,409849980.42009812,462398830.99383337,462398830.99383337,-0.00000004369,0.000000023,0,0.01
region.mtskheta_mtianeti,2012,taxes_on_products,69218612.692457867,source.geostat_regional_gdp_by_activity,Mtskheta-Mtianeti!E24 [2012],531358670.66581563916,531358670.66581568,597833701.4566132,597833701.4566132,-0.00000004084,-0.0000000845,0,0.01
region.mtskheta_mtianeti,2012,subsidies_on_products,2743581.9016604315,source.geostat_regional_gdp_by_activity,Mtskheta-Mtianeti!E25 [2012],531358670.66581563916,531358670.66581568,597833701.4566132,597833701.4566132,-0.00000004084,-0.0000000845,0,0.01
region.mtskheta_mtianeti,2012,net_product_taxes,66475030.7907974355,source.fiscal_regional_economy_share,Mtskheta-Mtianeti!E24 [2012]; Mtskheta-Mtianeti!E25 [2012],531358670.66581563916,531358670.66581568,597833701.4566132,597833701.4566132,-0.00000004084,-0.0000000845,0,0.01
region.mtskheta_mtianeti,2013,taxes_on_products,69187896.953182204,source.geostat_regional_gdp_by_activity,Mtskheta-Mtianeti!F24 [2013],535691343.13021092109,535691343.13021095,601839346.22076515,601839346.22076515,-0.00000002891,0.0000000361,0,0.01
region.mtskheta_mtianeti,2013,subsidies_on_products,3039893.8626279679,source.geostat_regional_gdp_by_activity,Mtskheta-Mtianeti!F25 [2013],535691343.13021092109,535691343.13021095,601839346.22076515,601839346.22076515,-0.00000002891,0.0000000361,0,0.01
region.mtskheta_mtianeti,2013,net_product_taxes,66148003.0905542361,source.fiscal_regional_economy_share,Mtskheta-Mtianeti!F24 [2013]; Mtskheta-Mtianeti!F25 [2013],535691343.13021092109,535691343.13021095,601839346.22076515,601839346.22076515,-0.00000002891,0.0000000361,0,0.01
region.mtskheta_mtianeti,2014,taxes_on_products,91460175.104921532,source.geostat_regional_gdp_by_activity,Mtskheta-Mtianeti!G24 [2014],677833570.467358554022,677833570.46735853,765701552.37320637,765701552.37320637,0.000000024022,0.0000000402,0,0.01
region.mtskheta_mtianeti,2014,subsidies_on_products,3592193.1990736518,source.geostat_regional_gdp_by_activity,Mtskheta-Mtianeti!G25 [2014],677833570.467358554022,677833570.46735853,765701552.37320637,765701552.37320637,0.000000024022,0.0000000402,0,0.01
region.mtskheta_mtianeti,2014,net_product_taxes,87867981.9058478802,source.fiscal_regional_economy_share,Mtskheta-Mtianeti!G24 [2014]; Mtskheta-Mtianeti!G25 [2014],677833570.467358554022,677833570.46735853,765701552.37320637,765701552.37320637,0.000000024022,0.0000000402,0,0.01
region.mtskheta_mtianeti,2015,taxes_on_products,101429918.05493421,source.geostat_regional_gdp_by_activity,Mtskheta-Mtianeti!H24 [2015],765455258.12737023267,765455258.12737014,862931932.58444398,862931932.58444398,0.00000009267,0.0000000491,0,0.01
region.mtskheta_mtianeti,2015,subsidies_on_products,3953243.5978603209,source.geostat_regional_gdp_by_activity,Mtskheta-Mtianeti!H25 [2015],765455258.12737023267,765455258.12737014,862931932.58444398,862931932.58444398,0.00000009267,0.0000000491,0,0.01
region.mtskheta_mtianeti,2015,net_product_taxes,97476674.4570738891,source.fiscal_regional_economy_share,Mtskheta-Mtianeti!H24 [2015]; Mtskheta-Mtianeti!H25 [2015],765455258.12737023267,765455258.12737014,862931932.58444398,862931932.58444398,0.00000009267,0.0000000491,0,0.01
region.mtskheta_mtianeti,2016,taxes_on_products,99683972.352175104,source.geostat_regional_gdp_by_activity,Mtskheta-Mtianeti!I24 [2016],693659499.76772171016,693659499.76772163,789701166.38504544,789701166.38504544,0.00000008016,-0.0000000936,0,0.01
region.mtskheta_mtianeti,2016,subsidies_on_products,3642305.7348513876,source.geostat_regional_gdp_by_activity,Mtskheta-Mtianeti!I25 [2016],693659499.76772171016,693659499.76772163,789701166.38504544,789701166.38504544,0.00000008016,-0.0000000936,0,0.01
region.mtskheta_mtianeti,2016,net_product_taxes,96041666.6173237164,source.fiscal_regional_economy_share,Mtskheta-Mtianeti!I24 [2016]; Mtskheta-Mtianeti!I25 [2016],693659499.76772171016,693659499.76772163,789701166.38504544,789701166.38504544,0.00000008016,-0.0000000936,0,0.01
region.mtskheta_mtianeti,2017,taxes_on_products,131933090.1458307,source.geostat_regional_gdp_by_activity,Mtskheta-Mtianeti!J24 [2017],818374021.21094196035,818374021.21094203,945960382.16128068,945960382.16128068,-0.00000006965,-0.0000001083,0,0.01
region.mtskheta_mtianeti,2017,subsidies_on_products,4346729.1954921583,source.geostat_regional_gdp_by_activity,Mtskheta-Mtianeti!J25 [2017],818374021.21094196035,818374021.21094203,945960382.16128068,945960382.16128068,-0.00000006965,-0.0000001083,0,0.01
region.mtskheta_mtianeti,2017,net_product_taxes,127586360.9503385417,source.fiscal_regional_economy_share,Mtskheta-Mtianeti!J24 [2017]; Mtskheta-Mtianeti!J25 [2017],818374021.21094196035,818374021.21094203,945960382.16128068,945960382.16128068,-0.00000006965,-0.0000001083,0,0.01
region.mtskheta_mtianeti,2018,taxes_on_products,148778590.26099341,source.geostat_regional_gdp_by_activity,Mtskheta-Mtianeti!K24 [2018],946389620.52183719841,946389620.52183706,1090114940.2067492,1090114940.2067492,0.00000013841,0.0000000318,0,0.01
region.mtskheta_mtianeti,2018,subsidies_on_products,5053270.5760812382,source.geostat_regional_gdp_by_activity,Mtskheta-Mtianeti!K25 [2018],946389620.52183719841,946389620.52183706,1090114940.2067492,1090114940.2067492,0.00000013841,0.0000000318,0,0.01
region.mtskheta_mtianeti,2018,net_product_taxes,143725319.6849121718,source.fiscal_regional_economy_share,Mtskheta-Mtianeti!K24 [2018]; Mtskheta-Mtianeti!K25 [2018],946389620.52183719841,946389620.52183706,1090114940.2067492,1090114940.2067492,0.00000013841,0.0000000318,0,0.01
region.mtskheta_mtianeti,2019,taxes_on_products,155240484.25564391,source.geostat_regional_gdp_by_activity,Mtskheta-Mtianeti!L24 [2019],1042054075.7850693228,1042054075.7850692,1191699931.7047889,1191699931.7047889,0.0000001228,0.00000002,0,0.01
region.mtskheta_mtianeti,2019,subsidies_on_products,5594628.33592419,source.geostat_regional_gdp_by_activity,Mtskheta-Mtianeti!L25 [2019],1042054075.7850693228,1042054075.7850692,1191699931.7047889,1191699931.7047889,0.0000001228,0.00000002,0,0.01
region.mtskheta_mtianeti,2019,net_product_taxes,149645855.91971972,source.fiscal_regional_economy_share,Mtskheta-Mtianeti!L24 [2019]; Mtskheta-Mtianeti!L25 [2019],1042054075.7850693228,1042054075.7850692,1191699931.7047889,1191699931.7047889,0.0000001228,0.00000002,0,0.01
region.mtskheta_mtianeti,2020,taxes_on_products,170409042.10077471,source.geostat_regional_gdp_by_activity,Mtskheta-Mtianeti!M24 [2020],1122923069.00569315261,1122923069.0056934,1286634377.1815646,1286634377.1815646,-0.00000024739,0.0000000172,0,0.01
region.mtskheta_mtianeti,2020,subsidies_on_products,6697733.9249034928,source.geostat_regional_gdp_by_activity,Mtskheta-Mtianeti!M25 [2020],1122923069.00569315261,1122923069.0056934,1286634377.1815646,1286634377.1815646,-0.00000024739,0.0000000172,0,0.01
region.mtskheta_mtianeti,2020,net_product_taxes,163711308.1758712172,source.fiscal_regional_economy_share,Mtskheta-Mtianeti!M24 [2020]; Mtskheta-Mtianeti!M25 [2020],1122923069.00569315261,1122923069.0056934,1286634377.1815646,1286634377.1815646,-0.00000024739,0.0000000172,0,0.01
region.mtskheta_mtianeti,2021,taxes_on_products,198218712.2505207,source.geostat_regional_gdp_by_activity,Mtskheta-Mtianeti!N24 [2021],1279117798.33196381613,1279117798.331964,1470360206.7114361,1470360206.7114361,-0.00000018387,0.0000002451,0,0.01
region.mtskheta_mtianeti,2021,subsidies_on_products,6976303.8710483549,source.geostat_regional_gdp_by_activity,Mtskheta-Mtianeti!N25 [2021],1279117798.33196381613,1279117798.331964,1470360206.7114361,1470360206.7114361,-0.00000018387,0.0000002451,0,0.01
region.mtskheta_mtianeti,2021,net_product_taxes,191242408.3794723451,source.fiscal_regional_economy_share,Mtskheta-Mtianeti!N24 [2021]; Mtskheta-Mtianeti!N25 [2021],1279117798.33196381613,1279117798.331964,1470360206.7114361,1470360206.7114361,-0.00000018387,0.0000002451,0,0.01
region.mtskheta_mtianeti,2022,taxes_on_products,244274992.57852133,source.geostat_regional_gdp_by_activity,Mtskheta-Mtianeti!O24 [2022],1582804119.98172184806,1582804119.9817221,1819076891.7286016,1819076891.7286016,-0.00000025194,0.0000001097,0,0.01
region.mtskheta_mtianeti,2022,subsidies_on_products,8002220.8316417203,source.geostat_regional_gdp_by_activity,Mtskheta-Mtianeti!O25 [2022],1582804119.98172184806,1582804119.9817221,1819076891.7286016,1819076891.7286016,-0.00000025194,0.0000001097,0,0.01
region.mtskheta_mtianeti,2022,net_product_taxes,236272771.7468796097,source.fiscal_regional_economy_share,Mtskheta-Mtianeti!O24 [2022]; Mtskheta-Mtianeti!O25 [2022],1582804119.98172184806,1582804119.9817221,1819076891.7286016,1819076891.7286016,-0.00000025194,0.0000001097,0,0.01
region.mtskheta_mtianeti,2023,taxes_on_products,296248104.14670145,source.geostat_regional_gdp_by_activity,Mtskheta-Mtianeti!P24 [2023],1909565765.0016968598,1909565765.0016965,2196123283.0298068,2196123283.0298068,0.0000003598,0.0000000152,0,0.01
region.mtskheta_mtianeti,2023,subsidies_on_products,9690586.1185911348,source.geostat_regional_gdp_by_activity,Mtskheta-Mtianeti!P25 [2023],1909565765.0016968598,1909565765.0016965,2196123283.0298068,2196123283.0298068,0.0000003598,0.0000000152,0,0.01
region.mtskheta_mtianeti,2023,net_product_taxes,286557518.0281103152,source.fiscal_regional_economy_share,Mtskheta-Mtianeti!P24 [2023]; Mtskheta-Mtianeti!P25 [2023],1909565765.0016968598,1909565765.0016965,2196123283.0298068,2196123283.0298068,0.0000003598,0.0000000152,0,0.01
region.mtskheta_mtianeti,2024,taxes_on_products,340467272.43015152,source.geostat_regional_gdp_by_activity,Mtskheta-Mtianeti!Q24 [2024],2216200553.6064771895,2216200553.6064767,2545782678.4303488,2545782678.4303488,0.0000004895,0.000000306,0,0.01
region.mtskheta_mtianeti,2024,subsidies_on_products,10885147.606279114,source.geostat_regional_gdp_by_activity,Mtskheta-Mtianeti!Q25 [2024],2216200553.6064771895,2216200553.6064767,2545782678.4303488,2545782678.4303488,0.0000004895,0.000000306,0,0.01
region.mtskheta_mtianeti,2024,net_product_taxes,329582124.823872406,source.fiscal_regional_economy_share,Mtskheta-Mtianeti!Q24 [2024]; Mtskheta-Mtianeti!Q25 [2024],2216200553.6064771895,2216200553.6064767,2545782678.4303488,2545782678.4303488,0.0000004895,0.000000306,0,0.01
region.racha_lechkhumi_kvemo_svaneti,2010,taxes_on_products,14119419.00888052,source.geostat_regional_gdp_by_activity,Racha!C24 [2010],101353598.471330148704,101353598.47133013,114926586.01196085,114926586.01196085,0.000000018704,0.00000000717,0,0.01
region.racha_lechkhumi_kvemo_svaneti,2010,subsidies_on_products,546431.46824979283,source.geostat_regional_gdp_by_activity,Racha!C25 [2010],101353598.471330148704,101353598.47133013,114926586.01196085,114926586.01196085,0.000000018704,0.00000000717,0,0.01
region.racha_lechkhumi_kvemo_svaneti,2010,net_product_taxes,13572987.54063072717,source.fiscal_regional_economy_share,Racha!C24 [2010]; Racha!C25 [2010],101353598.471330148704,101353598.47133013,114926586.01196085,114926586.01196085,0.000000018704,0.00000000717,0,0.01
region.racha_lechkhumi_kvemo_svaneti,2011,taxes_on_products,14636748.182293868,source.geostat_regional_gdp_by_activity,Racha!D24 [2011],109573711.4621337644457,109573711.46213376,123622687.58879186,123622687.58879186,0.0000000044457,0.00000000649,0,0.01
region.racha_lechkhumi_kvemo_svaneti,2011,subsidies_on_products,587772.05563576151,source.geostat_regional_gdp_by_activity,Racha!D25 [2011],109573711.4621337644457,109573711.46213376,123622687.58879186,123622687.58879186,0.0000000044457,0.00000000649,0,0.01
region.racha_lechkhumi_kvemo_svaneti,2011,net_product_taxes,14048976.12665810649,source.fiscal_regional_economy_share,Racha!D24 [2011]; Racha!D25 [2011],109573711.4621337644457,109573711.46213376,123622687.58879186,123622687.58879186,0.0000000044457,0.00000000649,0,0.01
region.racha_lechkhumi_kvemo_svaneti,2012,taxes_on_products,16547076.069101212,source.geostat_regional_gdp_by_activity,Racha!E24 [2012],127024105.24390331848,127024105.24390332,142915313.52451977,142915313.52451977,-0.00000000152,0.00000001597,0,0.01
region.racha_lechkhumi_kvemo_svaneti,2012,subsidies_on_products,655867.78848474603,source.geostat_regional_gdp_by_activity,Racha!E25 [2012],127024105.24390331848,127024105.24390332,142915313.52451977,142915313.52451977,-0.00000000152,0.00000001597,0,0.01
region.racha_lechkhumi_kvemo_svaneti,2012,net_product_taxes,15891208.28061646597,source.fiscal_regional_economy_share,Racha!E24 [2012]; Racha!E25 [2012],127024105.24390331848,127024105.24390332,142915313.52451977,142915313.52451977,-0.00000000152,0.00000001597,0,0.01
region.racha_lechkhumi_kvemo_svaneti,2013,taxes_on_products,16849811.458086052,source.geostat_regional_gdp_by_activity,Racha!F24 [2013],130460651.77527820241,130460651.77527822,146570136.66334964,146570136.66334964,-0.00000001759,0.00000001423,0,0.01
region.racha_lechkhumi_kvemo_svaneti,2013,subsidies_on_products,740326.57001461777,source.geostat_regional_gdp_by_activity,Racha!F25 [2013],130460651.77527820241,130460651.77527822,146570136.66334964,146570136.66334964,-0.00000001759,0.00000001423,0,0.01
region.racha_lechkhumi_kvemo_svaneti,2013,net_product_taxes,16109484.88807143423,source.fiscal_regional_economy_share,Racha!F24 [2013]; Racha!F25 [2013],130460651.77527820241,130460651.77527822,146570136.66334964,146570136.66334964,-0.00000001759,0.00000001423,0,0.01
region.racha_lechkhumi_kvemo_svaneti,2014,taxes_on_products,18700145.423529285,source.geostat_regional_gdp_by_activity,Racha!G24 [2014],138591319.403756648683,138591319.40375661,156556997.22830056,156556997.22830056,0.000000038683,-0.00000000153,0,0.01
region.racha_lechkhumi_kvemo_svaneti,2014,subsidies_on_products,734467.59898533653,source.geostat_regional_gdp_by_activity,Racha!G25 [2014],138591319.403756648683,138591319.40375661,156556997.22830056,156556997.22830056,0.000000038683,-0.00000000153,0,0.01
region.racha_lechkhumi_kvemo_svaneti,2014,net_product_taxes,17965677.82454394847,source.fiscal_regional_economy_share,Racha!G24 [2014]; Racha!G25 [2014],138591319.403756648683,138591319.40375661,156556997.22830056,156556997.22830056,0.000000038683,-0.00000000153,0,0.01
region.racha_lechkhumi_kvemo_svaneti,2015,taxes_on_products,21089397.269703767,source.geostat_regional_gdp_by_activity,Racha!H24 [2015],159154126.715243401796,159154126.71524339,179421562.11868561,179421562.11868561,0.000000011796,0.00000000156,0,0.01
region.racha_lechkhumi_kvemo_svaneti,2015,subsidies_on_products,821961.86626154544,source.geostat_regional_gdp_by_activity,Racha!H25 [2015],159154126.715243401796,159154126.71524339,179421562.11868561,179421562.11868561,0.000000011796,0.00000000156,0,0.01
region.racha_lechkhumi_kvemo_svaneti,2015,net_product_taxes,20267435.40344222156,source.fiscal_regional_economy_share,Racha!H24 [2015]; Racha!H25 [2015],159154126.715243401796,159154126.71524339,179421562.11868561,179421562.11868561,0.000000011796,0.00000000156,0,0.01
region.racha_lechkhumi_kvemo_svaneti,2016,taxes_on_products,22990673.415781355,source.geostat_regional_gdp_by_activity,Racha!I24 [2016],159982579.39172078752,159982579.39172075,182133207.41550515,182133207.41550515,0.00000003752,0.00000000794,0,0.01
region.racha_lechkhumi_kvemo_svaneti,2016,subsidies_on_products,840045.39199694706,source.geostat_regional_gdp_by_activity,Racha!I25 [2016],159982579.39172078752,159982579.39172075,182133207.41550515,182133207.41550515,0.00000003752,0.00000000794,0,0.01
region.racha_lechkhumi_kvemo_svaneti,2016,net_product_taxes,22150628.02378440794,source.fiscal_regional_economy_share,Racha!I24 [2016]; Racha!I25 [2016],159982579.39172078752,159982579.39172075,182133207.41550515,182133207.41550515,0.00000003752,0.00000000794,0,0.01
region.racha_lechkhumi_kvemo_svaneti,2017,taxes_on_products,29254793.058621239,source.geostat_regional_gdp_by_activity,Racha!J24 [2017],181465943.14295611279,181465943.14295612,209756894.12863392,209756894.12863392,-0.00000000721,0.00000000584,0,0.01
region.racha_lechkhumi_kvemo_svaneti,2017,subsidies_on_products,963842.07294343316,source.geostat_regional_gdp_by_activity,Racha!J25 [2017],181465943.14295611279,181465943.14295612,209756894.12863392,209756894.12863392,-0.00000000721,0.00000000584,0,0.01
region.racha_lechkhumi_kvemo_svaneti,2017,net_product_taxes,28290950.98567780584,source.fiscal_regional_economy_share,Racha!J24 [2017]; Racha!J25 [2017],181465943.14295611279,181465943.14295612,209756894.12863392,209756894.12863392,-0.00000000721,0.00000000584,0,0.01
region.racha_lechkhumi_kvemo_svaneti,2018,taxes_on_products,33989304.655443135,source.geostat_regional_gdp_by_activity,Racha!K24 [2018],216208024.81215253988,216208024.81215253,249042881.41955658,249042881.41955658,0.00000000988,-0.0000000078,0,0.01
region.racha_lechkhumi_kvemo_svaneti,2018,subsidies_on_products,1154448.0480390928,source.geostat_regional_gdp_by_activity,Racha!K25 [2018],216208024.81215253988,216208024.81215253,249042881.41955658,249042881.41955658,0.00000000988,-0.0000000078,0,0.01
region.racha_lechkhumi_kvemo_svaneti,2018,net_product_taxes,32834856.6074040422,source.fiscal_regional_economy_share,Racha!K24 [2018]; Racha!K25 [2018],216208024.81215253988,216208024.81215253,249042881.41955658,249042881.41955658,0.00000000988,-0.0000000078,0,0.01
region.racha_lechkhumi_kvemo_svaneti,2019,taxes_on_products,39725250.585475159,source.geostat_regional_gdp_by_activity,Racha!L24 [2019],266656339.566736591556,266656339.56673656,304949953.20748797,304949953.20748797,0.000000031556,-0.0000000197,0,0.01
region.racha_lechkhumi_kvemo_svaneti,2019,subsidies_on_products,1431636.9447237687,source.geostat_regional_gdp_by_activity,Racha!L25 [2019],266656339.566736591556,266656339.56673656,304949953.20748797,304949953.20748797,0.000000031556,-0.0000000197,0,0.01
region.racha_lechkhumi_kvemo_svaneti,2019,net_product_taxes,38293613.6407513903,source.fiscal_regional_economy_share,Racha!L24 [2019]; Racha!L25 [2019],266656339.566736591556,266656339.56673656,304949953.20748797,304949953.20748797,0.000000031556,-0.0000000197,0,0.01
region.racha_lechkhumi_kvemo_svaneti,2020,taxes_on_products,39192169.447543684,source.geostat_regional_gdp_by_activity,Racha!M24 [2020],258259718.231388633495,258259718.23138866,295911483.95584736,295911483.95584736,-0.000000026505,-0.0000000023,0,0.01
region.racha_lechkhumi_kvemo_svaneti,2020,subsidies_on_products,1540403.7230849863,source.geostat_regional_gdp_by_activity,Racha!M25 [2020],258259718.231388633495,258259718.23138866,295911483.95584736,295911483.95584736,-0.000000026505,-0.0000000023,0,0.01
region.racha_lechkhumi_kvemo_svaneti,2020,net_product_taxes,37651765.7244586977,source.fiscal_regional_economy_share,Racha!M24 [2020]; Racha!M25 [2020],258259718.231388633495,258259718.23138866,295911483.95584736,295911483.95584736,-0.000000026505,-0.0000000023,0,0.01
region.racha_lechkhumi_kvemo_svaneti,2021,taxes_on_products,48454766.128501767,source.geostat_regional_gdp_by_activity,Racha!N24 [2021],312681648.797345576566,312681648.79734553,359431050.33803897,359431050.33803897,0.000000046566,-0.0000000151,0,0.01
region.racha_lechkhumi_kvemo_svaneti,2021,subsidies_on_products,1705364.5878083421,source.geostat_regional_gdp_by_activity,Racha!N25 [2021],312681648.797345576566,312681648.79734553,359431050.33803897,359431050.33803897,0.000000046566,-0.0000000151,0,0.01
region.racha_lechkhumi_kvemo_svaneti,2021,net_product_taxes,46749401.5406934249,source.fiscal_regional_economy_share,Racha!N24 [2021]; Racha!N25 [2021],312681648.797345576566,312681648.79734553,359431050.33803897,359431050.33803897,0.000000046566,-0.0000000151,0,0.01
region.racha_lechkhumi_kvemo_svaneti,2022,taxes_on_products,58959777.029016394,source.geostat_regional_gdp_by_activity,Racha!O24 [2022],382035741.807393103208,382035741.80739309,439064051.55443264,439064051.55443264,0.000000013208,0.0000000181,0,0.01
region.racha_lechkhumi_kvemo_svaneti,2022,subsidies_on_products,1931467.2819768259,source.geostat_regional_gdp_by_activity,Racha!O25 [2022],382035741.807393103208,382035741.80739309,439064051.55443264,439064051.55443264,0.000000013208,0.0000000181,0,0.01
region.racha_lechkhumi_kvemo_svaneti,2022,net_product_taxes,57028309.7470395681,source.fiscal_regional_economy_share,Racha!O24 [2022]; Racha!O25 [2022],382035741.807393103208,382035741.80739309,439064051.55443264,439064051.55443264,0.000000013208,0.0000000181,0,0.01
region.racha_lechkhumi_kvemo_svaneti,2023,taxes_on_products,64587235.226976404,source.geostat_regional_gdp_by_activity,Racha!P24 [2023],416318523.28908466117,416318523.28908468,478793042.32862256,478793042.32862256,-0.00000001883,-0.0000000272,0,0.01
region.racha_lechkhumi_kvemo_svaneti,2023,subsidies_on_products,2112716.1874385512,source.geostat_regional_gdp_by_activity,Racha!P25 [2023],416318523.28908466117,416318523.28908468,478793042.32862256,478793042.32862256,-0.00000001883,-0.0000000272,0,0.01
region.racha_lechkhumi_kvemo_svaneti,2023,net_product_taxes,62474519.0395378528,source.fiscal_regional_economy_share,Racha!P24 [2023]; Racha!P25 [2023],416318523.28908466117,416318523.28908468,478793042.32862256,478793042.32862256,-0.00000001883,-0.0000000272,0,0.01
region.racha_lechkhumi_kvemo_svaneti,2024,taxes_on_products,73245383.850272162,source.geostat_regional_gdp_by_activity,Racha!Q24 [2024],476775518.18550801729,476775518.18550808,547679159.14519926,547679159.14519926,-0.00000006271,0.000000061,0,0.01
region.racha_lechkhumi_kvemo_svaneti,2024,subsidies_on_products,2341742.890580921,source.geostat_regional_gdp_by_activity,Racha!Q25 [2024],476775518.18550801729,476775518.18550808,547679159.14519926,547679159.14519926,-0.00000006271,0.000000061,0,0.01
region.racha_lechkhumi_kvemo_svaneti,2024,net_product_taxes,70903640.959691241,source.fiscal_regional_economy_share,Racha!Q24 [2024]; Racha!Q25 [2024],476775518.18550801729,476775518.18550808,547679159.14519926,547679159.14519926,-0.00000006271,0.000000061,0,0.01
region.samegrelo_zemo_svaneti,2010,taxes_on_products,179787043.24483613,source.geostat_regional_gdp_by_activity,Samegrelo!C24 [2010],1290567535.38682272499,1290567535.3868226,1463396693.3283912,1463396693.3283912,0.00000012499,0.0000000823,0,0.01
region.samegrelo_zemo_svaneti,2010,subsidies_on_products,6957885.3032674477,source.geostat_regional_gdp_by_activity,Samegrelo!C25 [2010],1290567535.38682272499,1290567535.3868226,1463396693.3283912,1463396693.3283912,0.00000012499,0.0000000823,0,0.01
region.samegrelo_zemo_svaneti,2010,net_product_taxes,172829157.9415686823,source.fiscal_regional_economy_share,Samegrelo!C24 [2010]; Samegrelo!C25 [2010],1290567535.38682272499,1290567535.3868226,1463396693.3283912,1463396693.3283912,0.00000012499,0.0000000823,0,0.01
region.samegrelo_zemo_svaneti,2011,taxes_on_products,195130223.77446643,source.geostat_regional_gdp_by_activity,Samegrelo!D24 [2011],1460785043.99425456615,1460785043.9942549,1648079367.9283915,1648079367.9283915,-0.00000033385,0.0000000114,0,0.01
region.samegrelo_zemo_svaneti,2011,subsidies_on_products,7835899.8403298186,source.geostat_regional_gdp_by_activity,Samegrelo!D25 [2011],1460785043.99425456615,1460785043.9942549,1648079367.9283915,1648079367.9283915,-0.00000033385,0.0000000114,0,0.01
region.samegrelo_zemo_svaneti,2011,net_product_taxes,187294323.9341366114,source.fiscal_regional_economy_share,Samegrelo!D24 [2011]; Samegrelo!D25 [2011],1460785043.99425456615,1460785043.9942549,1648079367.9283915,1648079367.9283915,-0.00000033385,0.0000000114,0,0.01
region.samegrelo_zemo_svaneti,2012,taxes_on_products,185470585.20492374,source.geostat_regional_gdp_by_activity,Samegrelo!E24 [2012],1423770280.40085813965,1423770280.4008586,1601889465.1505398,1601889465.1505398,-0.00000046035,-0.0000000849,0,0.01
region.samegrelo_zemo_svaneti,2012,subsidies_on_products,7351400.4552426249,source.geostat_regional_gdp_by_activity,Samegrelo!E25 [2012],1423770280.40085813965,1423770280.4008586,1601889465.1505398,1601889465.1505398,-0.00000046035,-0.0000000849,0,0.01
region.samegrelo_zemo_svaneti,2012,net_product_taxes,178119184.7496811151,source.fiscal_regional_economy_share,Samegrelo!E24 [2012]; Samegrelo!E25 [2012],1423770280.40085813965,1423770280.4008586,1601889465.1505398,1601889465.1505398,-0.00000046035,-0.0000000849,0,0.01
region.samegrelo_zemo_svaneti,2013,taxes_on_products,220631162.44111117,source.geostat_regional_gdp_by_activity,Samegrelo!F24 [2013],1708249693.21491452346,1708249693.2149143,1919187031.3580698,1919187031.3580698,0.00000022346,0.0000000372,0,0.01
region.samegrelo_zemo_svaneti,2013,subsidies_on_products,9693824.2979556328,source.geostat_regional_gdp_by_activity,Samegrelo!F25 [2013],1708249693.21491452346,1708249693.2149143,1919187031.3580698,1919187031.3580698,0.00000022346,0.0000000372,0,0.01
region.samegrelo_zemo_svaneti,2013,net_product_taxes,210937338.1431555372,source.fiscal_regional_economy_share,Samegrelo!F24 [2013]; Samegrelo!F25 [2013],1708249693.21491452346,1708249693.2149143,1919187031.3580698,1919187031.3580698,0.00000022346,0.0000000372,0,0.01
region.samegrelo_zemo_svaneti,2014,taxes_on_products,234400225.13123481,source.geostat_regional_gdp_by_activity,Samegrelo!G24 [2014],1737196996.79984387367,1737196996.7998441,1962390910.073357,1962390910.073357,-0.00000022633,0.0000000739,0,0.01
region.samegrelo_zemo_svaneti,2014,subsidies_on_products,9206311.8577218361,source.geostat_regional_gdp_by_activity,Samegrelo!G25 [2014],1737196996.79984387367,1737196996.7998441,1962390910.073357,1962390910.073357,-0.00000022633,0.0000000739,0,0.01
region.samegrelo_zemo_svaneti,2014,net_product_taxes,225193913.2735129739,source.fiscal_regional_economy_share,Samegrelo!G24 [2014]; Samegrelo!G25 [2014],1737196996.79984387367,1737196996.7998441,1962390910.073357,1962390910.073357,-0.00000022633,0.0000000739,0,0.01
region.samegrelo_zemo_svaneti,2015,taxes_on_products,250850281.56485615,source.geostat_regional_gdp_by_activity,Samegrelo!H24 [2015],1893077217.3409008773,1893077217.3409009,2134150578.164476,2134150578.164476,-0.0000000227,-0.0000000297,0,0.01
region.samegrelo_zemo_svaneti,2015,subsidies_on_products,9776920.7412810797,source.geostat_regional_gdp_by_activity,Samegrelo!H25 [2015],1893077217.3409008773,1893077217.3409009,2134150578.164476,2134150578.164476,-0.0000000227,-0.0000000297,0,0.01
region.samegrelo_zemo_svaneti,2015,net_product_taxes,241073360.8235750703,source.fiscal_regional_economy_share,Samegrelo!H24 [2015]; Samegrelo!H25 [2015],1893077217.3409008773,1893077217.3409009,2134150578.164476,2134150578.164476,-0.0000000227,-0.0000000297,0,0.01
region.samegrelo_zemo_svaneti,2016,taxes_on_products,270174044.9062072,source.geostat_regional_gdp_by_activity,Samegrelo!I24 [2016],1880029340.9030905997,1880029340.9030903,2140331623.5796251,2140331623.5796251,0.0000002997,0.0000003511,0,0.01
region.samegrelo_zemo_svaneti,2016,subsidies_on_products,9871762.2296720489,source.geostat_regional_gdp_by_activity,Samegrelo!I25 [2016],1880029340.9030905997,1880029340.9030903,2140331623.5796251,2140331623.5796251,0.0000002997,0.0000003511,0,0.01
region.samegrelo_zemo_svaneti,2016,net_product_taxes,260302282.6765351511,source.fiscal_regional_economy_share,Samegrelo!I24 [2016]; Samegrelo!I25 [2016],1880029340.9030905997,1880029340.9030903,2140331623.5796251,2140331623.5796251,0.0000002997,0.0000003511,0,0.01
region.samegrelo_zemo_svaneti,2017,taxes_on_products,331335385.96862638,source.geostat_regional_gdp_by_activity,Samegrelo!J24 [2017],2055255977.7452716514,2055255977.7452716,2375675033.367223,2375675033.367223,0.0000000514,0.000000349,0,0.01
region.samegrelo_zemo_svaneti,2017,subsidies_on_products,10916330.346674631,source.geostat_regional_gdp_by_activity,Samegrelo!J25 [2017],2055255977.7452716514,2055255977.7452716,2375675033.367223,2375675033.367223,0.0000000514,0.000000349,0,0.01
region.samegrelo_zemo_svaneti,2017,net_product_taxes,320419055.621951749,source.fiscal_regional_economy_share,Samegrelo!J24 [2017]; Samegrelo!J25 [2017],2055255977.7452716514,2055255977.7452716,2375675033.367223,2375675033.367223,0.0000000514,0.000000349,0,0.01
region.samegrelo_zemo_svaneti,2018,taxes_on_products,324062359.89451699,source.geostat_regional_gdp_by_activity,Samegrelo!K24 [2018],2061380291.8012344189,2061380291.8012343,2374435861.1004263,2374435861.1004263,0.0000001189,0.000000009,0,0.01
region.samegrelo_zemo_svaneti,2018,subsidies_on_products,11006790.595324981,source.geostat_regional_gdp_by_activity,Samegrelo!K25 [2018],2061380291.8012344189,2061380291.8012343,2374435861.1004263,2374435861.1004263,0.0000001189,0.000000009,0,0.01
region.samegrelo_zemo_svaneti,2018,net_product_taxes,313055569.299192009,source.fiscal_regional_economy_share,Samegrelo!K24 [2018]; Samegrelo!K25 [2018],2061380291.8012344189,2061380291.8012343,2374435861.1004263,2374435861.1004263,0.0000001189,0.000000009,0,0.01
region.samegrelo_zemo_svaneti,2019,taxes_on_products,371607566.96705778,source.geostat_regional_gdp_by_activity,Samegrelo!L24 [2019],2494421359.2693516281,2494421359.2693513,2852636760.9519066,2852636760.9519066,0.0000003281,0.000000262,0,0.01
region.samegrelo_zemo_svaneti,2019,subsidies_on_products,13392165.284502218,source.geostat_regional_gdp_by_activity,Samegrelo!L25 [2019],2494421359.2693516281,2494421359.2693513,2852636760.9519066,2852636760.9519066,0.0000003281,0.000000262,0,0.01
region.samegrelo_zemo_svaneti,2019,net_product_taxes,358215401.682555562,source.fiscal_regional_economy_share,Samegrelo!L24 [2019]; Samegrelo!L25 [2019],2494421359.2693516281,2494421359.2693513,2852636760.9519066,2852636760.9519066,0.0000003281,0.000000262,0,0.01
region.samegrelo_zemo_svaneti,2020,taxes_on_products,421994287.37912524,source.geostat_regional_gdp_by_activity,Samegrelo!M24 [2020],2780762772.0036553946,2780762772.0036553,3186171053.0309392,3186171053.0309392,0.0000000946,0.000000038,0,0.01
region.samegrelo_zemo_svaneti,2020,subsidies_on_products,16586006.351841302,source.geostat_regional_gdp_by_activity,Samegrelo!M25 [2020],2780762772.0036553946,2780762772.0036553,3186171053.0309392,3186171053.0309392,0.0000000946,0.000000038,0,0.01
region.samegrelo_zemo_svaneti,2020,net_product_taxes,405408281.027283938,source.fiscal_regional_economy_share,Samegrelo!M24 [2020]; Samegrelo!M25 [2020],2780762772.0036553946,2780762772.0036553,3186171053.0309392,3186171053.0309392,0.0000000946,0.000000038,0,0.01
region.samegrelo_zemo_svaneti,2021,taxes_on_products,466562205.17700757,source.geostat_regional_gdp_by_activity,Samegrelo!N24 [2021],3010755210.2178092753,3010755210.2178097,3460896767.3081343,3460896767.3081343,-0.0000004247,0.000000305,0,0.01
region.samegrelo_zemo_svaneti,2021,subsidies_on_products,16420648.086682665,source.geostat_regional_gdp_by_activity,Samegrelo!N25 [2021],3010755210.2178092753,3010755210.2178097,3460896767.3081343,3460896767.3081343,-0.0000004247,0.000000305,0,0.01
region.samegrelo_zemo_svaneti,2021,net_product_taxes,450141557.090324905,source.fiscal_regional_economy_share,Samegrelo!N24 [2021]; Samegrelo!N25 [2021],3010755210.2178092753,3010755210.2178097,3460896767.3081343,3460896767.3081343,-0.0000004247,0.000000305,0,0.01
region.samegrelo_zemo_svaneti,2022,taxes_on_products,514123886.75859142,source.geostat_regional_gdp_by_activity,Samegrelo!O24 [2022],3331316880.0156062331,3331316880.0156054,3828598547.9566416,3828598547.9566416,0.0000008331,-0.00000031,0,0.01
region.samegrelo_zemo_svaneti,2022,subsidies_on_products,16842218.81755553,source.geostat_regional_gdp_by_activity,Samegrelo!O25 [2022],3331316880.0156062331,3331316880.0156054,3828598547.9566416,3828598547.9566416,0.0000008331,-0.00000031,0,0.01
region.samegrelo_zemo_svaneti,2022,net_product_taxes,497281667.94103589,source.fiscal_regional_economy_share,Samegrelo!O24 [2022]; Samegrelo!O25 [2022],3331316880.0156062331,3331316880.0156054,3828598547.9566416,3828598547.9566416,0.0000008331,-0.00000031,0,0.01
region.samegrelo_zemo_svaneti,2023,taxes_on_products,593978872.00222499,source.geostat_regional_gdp_by_activity,Samegrelo!P24 [2023],3828688532.4609504713,3828688532.4609511,4403237732.741426,4403237732.741426,-0.0000006287,0.000000199,0,0.01
region.samegrelo_zemo_svaneti,2023,subsidies_on_products,19429671.721749891,source.geostat_regional_gdp_by_activity,Samegrelo!P25 [2023],3828688532.4609504713,3828688532.4609511,4403237732.741426,4403237732.741426,-0.0000006287,0.000000199,0,0.01
region.samegrelo_zemo_svaneti,2023,net_product_taxes,574549200.280475099,source.fiscal_regional_economy_share,Samegrelo!P24 [2023]; Samegrelo!P25 [2023],3828688532.4609504713,3828688532.4609511,4403237732.741426,4403237732.741426,-0.0000006287,0.000000199,0,0.01
region.samegrelo_zemo_svaneti,2024,taxes_on_products,682381461.33434384,source.geostat_regional_gdp_by_activity,Samegrelo!Q24 [2024],4441819507.6010528975,4441819507.6010534,5102384414.0653937,5102384414.0653937,-0.0000005025,0.000000196,0,0.01
region.samegrelo_zemo_svaneti,2024,subsidies_on_products,21816554.870003344,source.geostat_regional_gdp_by_activity,Samegrelo!Q25 [2024],4441819507.6010528975,4441819507.6010534,5102384414.0653937,5102384414.0653937,-0.0000005025,0.000000196,0,0.01
region.samegrelo_zemo_svaneti,2024,net_product_taxes,660564906.464340496,source.fiscal_regional_economy_share,Samegrelo!Q24 [2024]; Samegrelo!Q25 [2024],4441819507.6010528975,4441819507.6010534,5102384414.0653937,5102384414.0653937,-0.0000005025,0.000000196,0,0.01
region.samtskhe_javakheti,2010,taxes_on_products,96964550.479860378,source.geostat_regional_gdp_by_activity,Samtskhe!C24 [2010],696041820.7794228982,696041820.77942266,789253774.80658437,789253774.80658437,0.0000002382,-0.0000000053,0,0.01
region.samtskhe_javakheti,2010,subsidies_on_products,3752596.4526986733,source.geostat_regional_gdp_by_activity,Samtskhe!C25 [2010],696041820.7794228982,696041820.77942266,789253774.80658437,789253774.80658437,0.0000002382,-0.0000000053,0,0.01
region.samtskhe_javakheti,2010,net_product_taxes,93211954.0271617047,source.fiscal_regional_economy_share,Samtskhe!C24 [2010]; Samtskhe!C25 [2010],696041820.7794228982,696041820.77942266,789253774.80658437,789253774.80658437,0.0000002382,-0.0000000053,0,0.01
region.samtskhe_javakheti,2011,taxes_on_products,102075668.35219181,source.geostat_regional_gdp_by_activity,Samtskhe!D24 [2011],764159476.68334074974,764159476.68334093,862136063.41777688,862136063.41777688,-0.00000018026,0.000000018,0,0.01
region.samtskhe_javakheti,2011,subsidies_on_products,4099081.617755842,source.geostat_regional_gdp_by_activity,Samtskhe!D25 [2011],764159476.68334074974,764159476.68334093,862136063.41777688,862136063.41777688,-0.00000018026,0.000000018,0,0.01
region.samtskhe_javakheti,2011,net_product_taxes,97976586.734435968,source.fiscal_regional_economy_share,Samtskhe!D24 [2011]; Samtskhe!D25 [2011],764159476.68334074974,764159476.68334093,862136063.41777688,862136063.41777688,-0.00000018026,0.000000018,0,0.01
region.samtskhe_javakheti,2012,taxes_on_products,100624245.04250393,source.geostat_regional_gdp_by_activity,Samtskhe!E24 [2012],772444910.4476499536,772444910.44764993,869080764.98609319,869080764.98609319,0.0000000236,-0.0000000843,0,0.01
region.samtskhe_javakheti,2012,subsidies_on_products,3988390.5040607543,source.geostat_regional_gdp_by_activity,Samtskhe!E25 [2012],772444910.4476499536,772444910.44764993,869080764.98609319,869080764.98609319,0.0000000236,-0.0000000843,0,0.01
region.samtskhe_javakheti,2012,net_product_taxes,96635854.5384431757,source.fiscal_regional_economy_share,Samtskhe!E24 [2012]; Samtskhe!E25 [2012],772444910.4476499536,772444910.44764993,869080764.98609319,869080764.98609319,0.0000000236,-0.0000000843,0,0.01
region.samtskhe_javakheti,2013,taxes_on_products,123164837.07688161,source.geostat_regional_gdp_by_activity,Samtskhe!F24 [2013],953610962.40248892842,953610962.40248901,1071364332.3180702,1071364332.3180702,-0.00000008158,-0.0000000455,0,0.01
region.samtskhe_javakheti,2013,subsidies_on_products,5411467.1613004655,source.geostat_regional_gdp_by_activity,Samtskhe!F25 [2013],953610962.40248892842,953610962.40248901,1071364332.3180702,1071364332.3180702,-0.00000008158,-0.0000000455,0,0.01
region.samtskhe_javakheti,2013,net_product_taxes,117753369.9155811445,source.fiscal_regional_economy_share,Samtskhe!F24 [2013]; Samtskhe!F25 [2013],953610962.40248892842,953610962.40248901,1071364332.3180702,1071364332.3180702,-0.00000008158,-0.0000000455,0,0.01
region.samtskhe_javakheti,2014,taxes_on_products,150865121.56220877,source.geostat_regional_gdp_by_activity,Samtskhe!G24 [2014],1118098056.23257892448,1118098056.2325788,1263037793.7352066,1263037793.7352066,0.00000012448,0.0000000021,0,0.01
region.samtskhe_javakheti,2014,subsidies_on_products,5925384.0595809679,source.geostat_regional_gdp_by_activity,Samtskhe!G25 [2014],1118098056.23257892448,1118098056.2325788,1263037793.7352066,1263037793.7352066,0.00000012448,0.0000000021,0,0.01
region.samtskhe_javakheti,2014,net_product_taxes,144939737.5026278021,source.fiscal_regional_economy_share,Samtskhe!G24 [2014]; Samtskhe!G25 [2014],1118098056.23257892448,1118098056.2325788,1263037793.7352066,1263037793.7352066,0.00000012448,0.0000000021,0,0.01
region.samtskhe_javakheti,2015,taxes_on_products,122484242.36743406,source.geostat_regional_gdp_by_activity,Samtskhe!H24 [2015],924344701.7981564214,924344701.79815651,1042055105.6743125,1042055105.6743125,-0.0000000886,-0.0000000509,0,0.01
region.samtskhe_javakheti,2015,subsidies_on_products,4773838.4912781209,source.geostat_regional_gdp_by_activity,Samtskhe!H25 [2015],924344701.7981564214,924344701.79815651,1042055105.6743125,1042055105.6743125,-0.0000000886,-0.0000000509,0,0.01
region.samtskhe_javakheti,2015,net_product_taxes,117710403.8761559391,source.fiscal_regional_economy_share,Samtskhe!H24 [2015]; Samtskhe!H25 [2015],924344701.7981564214,924344701.79815651,1042055105.6743125,1042055105.6743125,-0.0000000886,-0.0000000509,0,0.01
region.samtskhe_javakheti,2016,taxes_on_products,152025978.38048447,source.geostat_regional_gdp_by_activity,Samtskhe!I24 [2016],1057885852.9287358051,1057885852.9287361,1204357025.6585654,1204357025.6585654,-0.0000002949,-0.0000001569,0,0.01
region.samtskhe_javakheti,2016,subsidies_on_products,5554805.6506553269,source.geostat_regional_gdp_by_activity,Samtskhe!I25 [2016],1057885852.9287358051,1057885852.9287361,1204357025.6585654,1204357025.6585654,-0.0000002949,-0.0000001569,0,0.01
region.samtskhe_javakheti,2016,net_product_taxes,146471172.7298291431,source.fiscal_regional_economy_share,Samtskhe!I24 [2016]; Samtskhe!I25 [2016],1057885852.9287358051,1057885852.9287361,1204357025.6585654,1204357025.6585654,-0.0000002949,-0.0000001569,0,0.01
region.samtskhe_javakheti,2017,taxes_on_products,186815474.88597465,source.geostat_regional_gdp_by_activity,Samtskhe!J24 [2017],1158806568.07080964026,1158806568.0708096,1339467133.085735,1339467133.085735,0.00000004026,0.0000000439,0,0.01
region.samtskhe_javakheti,2017,subsidies_on_products,6154909.8710492061,source.geostat_regional_gdp_by_activity,Samtskhe!J25 [2017],1158806568.07080964026,1158806568.0708096,1339467133.085735,1339467133.085735,0.00000004026,0.0000000439,0,0.01
region.samtskhe_javakheti,2017,net_product_taxes,180660565.0149254439,source.fiscal_regional_economy_share,Samtskhe!J24 [2017]; Samtskhe!J25 [2017],1158806568.07080964026,1158806568.0708096,1339467133.085735,1339467133.085735,0.00000004026,0.0000000439,0,0.01
region.samtskhe_javakheti,2018,taxes_on_products,198402134.26486073,source.geostat_regional_gdp_by_activity,Samtskhe!K24 [2018],1262047988.41189352823,1262047988.4118936,1453711386.5081055,1453711386.5081055,-0.00000007177,0.0000000068,0,0.01
region.samtskhe_javakheti,2018,subsidies_on_products,6738736.1686488232,source.geostat_regional_gdp_by_activity,Samtskhe!K25 [2018],1262047988.41189352823,1262047988.4118936,1453711386.5081055,1453711386.5081055,-0.00000007177,0.0000000068,0,0.01
region.samtskhe_javakheti,2018,net_product_taxes,191663398.0962119068,source.fiscal_regional_economy_share,Samtskhe!K24 [2018]; Samtskhe!K25 [2018],1262047988.41189352823,1262047988.4118936,1453711386.5081055,1453711386.5081055,-0.00000007177,0.0000000068,0,0.01
region.samtskhe_javakheti,2019,taxes_on_products,218221531.02378564,source.geostat_regional_gdp_by_activity,Samtskhe!L24 [2019],1464815295.55732815235,1464815295.5573282,1675172458.1669832,1675172458.1669832,-0.00000004765,-0.0000000007,0,0.01
region.samtskhe_javakheti,2019,subsidies_on_products,7864368.4141306407,source.geostat_regional_gdp_by_activity,Samtskhe!L25 [2019],1464815295.55732815235,1464815295.5573282,1675172458.1669832,1675172458.1669832,-0.00000004765,-0.0000000007,0,0.01
region.samtskhe_javakheti,2019,net_product_taxes,210357162.6096549993,source.fiscal_regional_economy_share,Samtskhe!L24 [2019]; Samtskhe!L25 [2019],1464815295.55732815235,1464815295.5573282,1675172458.1669832,1675172458.1669832,-0.00000004765,-0.0000000007,0,0.01
region.samtskhe_javakheti,2020,taxes_on_products,233222392.92772031,source.geostat_regional_gdp_by_activity,Samtskhe!M24 [2020],1536836320.4129343004,1536836320.4129344,1760892171.9769905,1760892171.9769905,-0.0000000996,-0.0000001034,0,0.01
region.samtskhe_javakheti,2020,subsidies_on_products,9166541.3636643134,source.geostat_regional_gdp_by_activity,Samtskhe!M25 [2020],1536836320.4129343004,1536836320.4129344,1760892171.9769905,1760892171.9769905,-0.0000000996,-0.0000001034,0,0.01
region.samtskhe_javakheti,2020,net_product_taxes,224055851.5640559966,source.fiscal_regional_economy_share,Samtskhe!M24 [2020]; Samtskhe!M25 [2020],1536836320.4129343004,1536836320.4129344,1760892171.9769905,1760892171.9769905,-0.0000000996,-0.0000001034,0,0.01
region.samtskhe_javakheti,2021,taxes_on_products,285157734.13281045,source.geostat_regional_gdp_by_activity,Samtskhe!N24 [2021],1840140766.32835070529,1840140766.3283508,2115262379.3406897,2115262379.3406897,-0.00000009471,0.000000104,0,0.01
region.samtskhe_javakheti,2021,subsidies_on_products,10036121.120471446,source.geostat_regional_gdp_by_activity,Samtskhe!N25 [2021],1840140766.32835070529,1840140766.3283508,2115262379.3406897,2115262379.3406897,-0.00000009471,0.000000104,0,0.01
region.samtskhe_javakheti,2021,net_product_taxes,275121613.012339004,source.fiscal_regional_economy_share,Samtskhe!N24 [2021]; Samtskhe!N25 [2021],1840140766.32835070529,1840140766.3283508,2115262379.3406897,2115262379.3406897,-0.00000009471,0.000000104,0,0.01
region.samtskhe_javakheti,2022,taxes_on_products,293005419.21007755,source.geostat_regional_gdp_by_activity,Samtskhe!O24 [2022],1898557768.05972096949,1898557768.059721,2181964603.1305192,2181964603.1305192,-0.00000003051,-0.0000000902,0,0.01
region.samtskhe_javakheti,2022,subsidies_on_products,9598584.1392794402,source.geostat_regional_gdp_by_activity,Samtskhe!O25 [2022],1898557768.05972096949,1898557768.059721,2181964603.1305192,2181964603.1305192,-0.00000003051,-0.0000000902,0,0.01
region.samtskhe_javakheti,2022,net_product_taxes,283406835.0707981098,source.fiscal_regional_economy_share,Samtskhe!O24 [2022]; Samtskhe!O25 [2022],1898557768.05972096949,1898557768.059721,2181964603.1305192,2181964603.1305192,-0.00000003051,-0.0000000902,0,0.01
region.samtskhe_javakheti,2023,taxes_on_products,315082447.38776682,source.geostat_regional_gdp_by_activity,Samtskhe!P24 [2023],2030968793.598360170196,2030968793.5983604,2335744563.7513065,2335744563.7513065,-0.000000229804,-0.000000032,0,0.01
region.samtskhe_javakheti,2023,subsidies_on_products,10306677.234820752,source.geostat_regional_gdp_by_activity,Samtskhe!P25 [2023],2030968793.598360170196,2030968793.5983604,2335744563.7513065,2335744563.7513065,-0.000000229804,-0.000000032,0,0.01
region.samtskhe_javakheti,2023,net_product_taxes,304775770.152946068,source.fiscal_regional_economy_share,Samtskhe!P24 [2023]; Samtskhe!P25 [2023],2030968793.598360170196,2030968793.5983604,2335744563.7513065,2335744563.7513065,-0.000000229804,-0.000000032,0,0.01
region.samtskhe_javakheti,2024,taxes_on_products,381879747.67325954,source.geostat_regional_gdp_by_activity,Samtskhe!Q24 [2024],2485766406.162303468375,2485766406.1623027,2855436999.6587102,2855436999.6587102,0.000000768375,-0.000000139,0,0.01
region.samtskhe_javakheti,2024,subsidies_on_products,12209154.176852179,source.geostat_regional_gdp_by_activity,Samtskhe!Q25 [2024],2485766406.162303468375,2485766406.1623027,2855436999.6587102,2855436999.6587102,0.000000768375,-0.000000139,0,0.01
region.samtskhe_javakheti,2024,net_product_taxes,369670593.496407361,source.fiscal_regional_economy_share,Samtskhe!Q24 [2024]; Samtskhe!Q25 [2024],2485766406.162303468375,2485766406.1623027,2855436999.6587102,2855436999.6587102,0.000000768375,-0.000000139,0,0.01
region.kvemo_kartli,2010,taxes_on_products,230565470.73984569,source.geostat_regional_gdp_by_activity,Kvemo Kartli!C24 [2010],1655070943.6430522921,1655070943.6430523,1876713368.14248,1876713368.14248,-0.0000000079,-0.0000000628,0,0.01
region.kvemo_kartli,2010,subsidies_on_products,8923046.2404180528,source.geostat_regional_gdp_by_activity,Kvemo Kartli!C25 [2010],1655070943.6430522921,1655070943.6430523,1876713368.14248,1876713368.14248,-0.0000000079,-0.0000000628,0,0.01
region.kvemo_kartli,2010,net_product_taxes,221642424.4994276372,source.fiscal_regional_economy_share,Kvemo Kartli!C24 [2010]; Kvemo Kartli!C25 [2010],1655070943.6430522921,1655070943.6430523,1876713368.14248,1876713368.14248,-0.0000000079,-0.0000000628,0,0.01
region.kvemo_kartli,2011,taxes_on_products,254880089.70341585,source.geostat_regional_gdp_by_activity,Kvemo Kartli!D24 [2011],1908084846.35881470186,1908084846.358815,2152729643.8784906,2152729643.8784906,-0.00000029814,0.000000186,0,0.01
region.kvemo_kartli,2011,subsidies_on_products,10235292.183740064,source.geostat_regional_gdp_by_activity,Kvemo Kartli!D25 [2011],1908084846.35881470186,1908084846.358815,2152729643.8784906,2152729643.8784906,-0.00000029814,0.000000186,0,0.01
region.kvemo_kartli,2011,net_product_taxes,244644797.519675786,source.fiscal_regional_economy_share,Kvemo Kartli!D24 [2011]; Kvemo Kartli!D25 [2011],1908084846.35881470186,1908084846.358815,2152729643.8784906,2152729643.8784906,-0.00000029814,0.000000186,0,0.01
region.kvemo_kartli,2012,taxes_on_products,243715977.02256975,source.geostat_regional_gdp_by_activity,Kvemo Kartli!E24 [2012],1870892705.49398977632,1870892705.4939898,2104948639.9688203,2104948639.9688203,-0.00000002368,0.0000002201,0,0.01
region.kvemo_kartli,2012,subsidies_on_products,9660042.5477390299,source.geostat_regional_gdp_by_activity,Kvemo Kartli!E25 [2012],1870892705.49398977632,1870892705.4939898,2104948639.9688203,2104948639.9688203,-0.00000002368,0.0000002201,0,0.01
region.kvemo_kartli,2012,net_product_taxes,234055934.4748307201,source.fiscal_regional_economy_share,Kvemo Kartli!E24 [2012]; Kvemo Kartli!E25 [2012],1870892705.49398977632,1870892705.4939898,2104948639.9688203,2104948639.9688203,-0.00000002368,0.0000002201,0,0.01
region.kvemo_kartli,2013,taxes_on_products,238493023.71795508,source.geostat_regional_gdp_by_activity,Kvemo Kartli!F24 [2013],1846546199.96771764276,1846546199.9677175,2074560606.6008031,2074560606.6008031,0.00000014276,0.000000087,0,0.01
region.kvemo_kartli,2013,subsidies_on_products,10478617.084869393,source.geostat_regional_gdp_by_activity,Kvemo Kartli!F25 [2013],1846546199.96771764276,1846546199.9677175,2074560606.6008031,2074560606.6008031,0.00000014276,0.000000087,0,0.01
region.kvemo_kartli,2013,net_product_taxes,228014406.633085687,source.fiscal_regional_economy_share,Kvemo Kartli!F24 [2013]; Kvemo Kartli!F25 [2013],1846546199.96771764276,1846546199.9677175,2074560606.6008031,2074560606.6008031,0.00000014276,0.000000087,0,0.01
region.kvemo_kartli,2014,taxes_on_products,278073125.24468267,source.geostat_regional_gdp_by_activity,Kvemo Kartli!G24 [2014],2060867466.29766299933,2060867466.2976632,2328018981.2545545,2328018981.2545545,-0.00000020067,0.000000067,0,0.01
region.kvemo_kartli,2014,subsidies_on_products,10921610.287791303,source.geostat_regional_gdp_by_activity,Kvemo Kartli!G25 [2014],2060867466.29766299933,2060867466.2976632,2328018981.2545545,2328018981.2545545,-0.00000020067,0.000000067,0,0.01
region.kvemo_kartli,2014,net_product_taxes,267151514.956891367,source.fiscal_regional_economy_share,Kvemo Kartli!G24 [2014]; Kvemo Kartli!G25 [2014],2060867466.29766299933,2060867466.2976632,2328018981.2545545,2328018981.2545545,-0.00000020067,0.000000067,0,0.01
region.kvemo_kartli,2015,taxes_on_products,284025033.29438036,source.geostat_regional_gdp_by_activity,Kvemo Kartli!H24 [2015],2143435185.04310425584,2143435185.0431049,2416390307.5455341,2416390307.5455341,-0.00000064416,-0.000000353,0,0.01
region.kvemo_kartli,2015,subsidies_on_products,11069910.791951513,source.geostat_regional_gdp_by_activity,Kvemo Kartli!H25 [2015],2143435185.04310425584,2143435185.0431049,2416390307.5455341,2416390307.5455341,-0.00000064416,-0.000000353,0,0.01
region.kvemo_kartli,2015,net_product_taxes,272955122.502428847,source.fiscal_regional_economy_share,Kvemo Kartli!H24 [2015]; Kvemo Kartli!H25 [2015],2143435185.04310425584,2143435185.0431049,2416390307.5455341,2416390307.5455341,-0.00000064416,-0.000000353,0,0.01
region.kvemo_kartli,2016,taxes_on_products,322653880.71073232,source.geostat_regional_gdp_by_activity,Kvemo Kartli!I24 [2016],2245214794.4226382211,2245214794.4226376,2556079376.8905905,2556079376.8905905,0.0000006211,0.000000144,0,0.01
region.kvemo_kartli,2016,subsidies_on_products,11789298.242779276,source.geostat_regional_gdp_by_activity,Kvemo Kartli!I25 [2016],2245214794.4226382211,2245214794.4226376,2556079376.8905905,2556079376.8905905,0.0000006211,0.000000144,0,0.01
region.kvemo_kartli,2016,net_product_taxes,310864582.467953044,source.fiscal_regional_economy_share,Kvemo Kartli!I24 [2016]; Kvemo Kartli!I25 [2016],2245214794.4226382211,2245214794.4226376,2556079376.8905905,2556079376.8905905,0.0000006211,0.000000144,0,0.01
region.kvemo_kartli,2017,taxes_on_products,488619316.89157939,source.geostat_regional_gdp_by_activity,Kvemo Kartli!J24 [2017],3030879931.3645279694,3030879931.3645281,3503400968.075855,3503400968.075855,-0.0000001306,0.000000216,0,0.01
region.kvemo_kartli,2017,subsidies_on_products,16098280.180252274,source.geostat_regional_gdp_by_activity,Kvemo Kartli!J25 [2017],3030879931.3645279694,3030879931.3645281,3503400968.075855,3503400968.075855,-0.0000001306,0.000000216,0,0.01
region.kvemo_kartli,2017,net_product_taxes,472521036.711327116,source.fiscal_regional_economy_share,Kvemo Kartli!J24 [2017]; Kvemo Kartli!J25 [2017],3030879931.3645279694,3030879931.3645281,3503400968.075855,3503400968.075855,-0.0000001306,0.000000216,0,0.01
region.kvemo_kartli,2018,taxes_on_products,483662664.66481483,source.geostat_regional_gdp_by_activity,Kvemo Kartli!K24 [2018],3076607493.5226924031,3076607493.522692,3543842537.0639816,3543842537.0639816,0.0000004031,0.000000304,0,0.01
region.kvemo_kartli,2018,subsidies_on_products,16427621.123524926,source.geostat_regional_gdp_by_activity,Kvemo Kartli!K25 [2018],3076607493.5226924031,3076607493.522692,3543842537.0639816,3543842537.0639816,0.0000004031,0.000000304,0,0.01
region.kvemo_kartli,2018,net_product_taxes,467235043.541289904,source.fiscal_regional_economy_share,Kvemo Kartli!K24 [2018]; Kvemo Kartli!K25 [2018],3076607493.5226924031,3076607493.522692,3543842537.0639816,3543842537.0639816,0.0000004031,0.000000304,0,0.01
region.kvemo_kartli,2019,taxes_on_products,484198416.26486709,source.geostat_regional_gdp_by_activity,Kvemo Kartli!L24 [2019],3250189121.586282791,3250189121.586282,3716937771.4913376,3716937771.4913376,0.000000791,-0.000000396,0,0.01
region.kvemo_kartli,2019,subsidies_on_products,17449766.359811886,source.geostat_regional_gdp_by_activity,Kvemo Kartli!L25 [2019],3250189121.586282791,3250189121.586282,3716937771.4913376,3716937771.4913376,0.000000791,-0.000000396,0,0.01
region.kvemo_kartli,2019,net_product_taxes,466748649.905055204,source.fiscal_regional_economy_share,Kvemo Kartli!L24 [2019]; Kvemo Kartli!L25 [2019],3250189121.586282791,3250189121.586282,3716937771.4913376,3716937771.4913376,0.000000791,-0.000000396,0,0.01
region.kvemo_kartli,2020,taxes_on_products,535517879.7873391,source.geostat_regional_gdp_by_activity,Kvemo Kartli!M24 [2020],3528834935.4290924024,3528834935.4290926,4043304892.9546367,4043304892.9546367,-0.0000001976,0.00000003,0,0.01
region.kvemo_kartli,2020,subsidies_on_products,21047922.26179497,source.geostat_regional_gdp_by_activity,Kvemo Kartli!M25 [2020],3528834935.4290924024,3528834935.4290926,4043304892.9546367,4043304892.9546367,-0.0000001976,0.00000003,0,0.01
region.kvemo_kartli,2020,net_product_taxes,514469957.52554413,source.fiscal_regional_economy_share,Kvemo Kartli!M24 [2020]; Kvemo Kartli!M25 [2020],3528834935.4290924024,3528834935.4290926,4043304892.9546367,4043304892.9546367,-0.0000001976,0.00000003,0,0.01
region.kvemo_kartli,2021,taxes_on_products,696788543.03358253,source.geostat_regional_gdp_by_activity,Kvemo Kartli!N24 [2021],4496420226.6716699397,4496420226.6716711,5168685309.962847,5168685309.962847,-0.0000011603,0.000000015,0,0.01
region.kvemo_kartli,2021,subsidies_on_products,24523459.742406615,source.geostat_regional_gdp_by_activity,Kvemo Kartli!N25 [2021],4496420226.6716699397,4496420226.6716711,5168685309.962847,5168685309.962847,-0.0000011603,0.000000015,0,0.01
region.kvemo_kartli,2021,net_product_taxes,672265083.291175915,source.fiscal_regional_economy_share,Kvemo Kartli!N24 [2021]; Kvemo Kartli!N25 [2021],4496420226.6716699397,4496420226.6716711,5168685309.962847,5168685309.962847,-0.0000011603,0.000000015,0,0.01
region.kvemo_kartli,2022,taxes_on_products,846732770.90973556,source.geostat_regional_gdp_by_activity,Kvemo Kartli!O24 [2022],5486489239.7393589562,5486489239.7393596,6305483835.1335247,6305483835.1335247,-0.0000006438,0.000000383,0,0.01
region.kvemo_kartli,2022,subsidies_on_products,27738175.515570077,source.geostat_regional_gdp_by_activity,Kvemo Kartli!O25 [2022],5486489239.7393589562,5486489239.7393596,6305483835.1335247,6305483835.1335247,-0.0000006438,0.000000383,0,0.01
region.kvemo_kartli,2022,net_product_taxes,818994595.394165483,source.fiscal_regional_economy_share,Kvemo Kartli!O24 [2022]; Kvemo Kartli!O25 [2022],5486489239.7393589562,5486489239.7393596,6305483835.1335247,6305483835.1335247,-0.0000006438,0.000000383,0,0.01
region.kvemo_kartli,2023,taxes_on_products,819147907.46180415,source.geostat_regional_gdp_by_activity,Kvemo Kartli!P24 [2023],5280090500.7217925042,5280090500.7217934,6072443221.2102101,6072443221.2102101,-0.0000008958,0.000000297,0,0.01
region.kvemo_kartli,2023,subsidies_on_products,26795186.973387153,source.geostat_regional_gdp_by_activity,Kvemo Kartli!P25 [2023],5280090500.7217925042,5280090500.7217934,6072443221.2102101,6072443221.2102101,-0.0000008958,0.000000297,0,0.01
region.kvemo_kartli,2023,net_product_taxes,792352720.488416997,source.fiscal_regional_economy_share,Kvemo Kartli!P24 [2023]; Kvemo Kartli!P25 [2023],5280090500.7217925042,5280090500.7217934,6072443221.2102101,6072443221.2102101,-0.0000008958,0.000000297,0,0.01
region.kvemo_kartli,2024,taxes_on_products,887756290.97114165,source.geostat_regional_gdp_by_activity,Kvemo Kartli!Q24 [2024],5778664038.6162447499,5778664038.6162435,6638037694.7554096,6638037694.7554096,0.0000012499,-0.000000058,0,0.01
region.kvemo_kartli,2024,subsidies_on_products,28382634.831975608,source.geostat_regional_gdp_by_activity,Kvemo Kartli!Q25 [2024],5778664038.6162447499,5778664038.6162435,6638037694.7554096,6638037694.7554096,0.0000012499,-0.000000058,0,0.01
region.kvemo_kartli,2024,net_product_taxes,859373656.139166042,source.fiscal_regional_economy_share,Kvemo Kartli!Q24 [2024]; Kvemo Kartli!Q25 [2024],5778664038.6162447499,5778664038.6162435,6638037694.7554096,6638037694.7554096,0.0000012499,-0.000000058,0,0.01
region.shida_kartli,2010,taxes_on_products,111747855.51745816,source.geostat_regional_gdp_by_activity,Shida Kartli!C24 [2010],802161000.46503761558,802161000.46503755,909584135.20427064,909584135.20427064,0.00000006558,0.0000000876,0,0.01
region.shida_kartli,2010,subsidies_on_products,4324720.7782249824,source.geostat_regional_gdp_by_activity,Shida Kartli!C25 [2010],802161000.46503761558,802161000.46503755,909584135.20427064,909584135.20427064,0.00000006558,0.0000000876,0,0.01
region.shida_kartli,2010,net_product_taxes,107423134.7392331776,source.fiscal_regional_economy_share,Shida Kartli!C24 [2010]; Shida Kartli!C25 [2010],802161000.46503761558,802161000.46503755,909584135.20427064,909584135.20427064,0.00000006558,0.0000000876,0,0.01
region.shida_kartli,2011,taxes_on_products,138911630.48613552,source.geostat_regional_gdp_by_activity,Shida Kartli!D24 [2011],1039921075.91461732585,1039921075.9146172,1173254392.5850293,1173254392.5850293,0.00000012585,0.0000002292,0,0.01
region.shida_kartli,2011,subsidies_on_products,5578313.8157231908,source.geostat_regional_gdp_by_activity,Shida Kartli!D25 [2011],1039921075.91461732585,1039921075.9146172,1173254392.5850293,1173254392.5850293,0.00000012585,0.0000002292,0,0.01
region.shida_kartli,2011,net_product_taxes,133333316.6704123292,source.fiscal_regional_economy_share,Shida Kartli!D24 [2011]; Shida Kartli!D25 [2011],1039921075.91461732585,1039921075.9146172,1173254392.5850293,1173254392.5850293,0.00000012585,0.0000002292,0,0.01
region.shida_kartli,2012,taxes_on_products,159575961.13705895,source.geostat_regional_gdp_by_activity,Shida Kartli!E24 [2012],1224989454.1623273639,1224989454.1623275,1378240386.497366,1378240386.497366,-0.0000001361,-0.0000001303,0,0.01
region.shida_kartli,2012,subsidies_on_products,6325028.8020205803,source.geostat_regional_gdp_by_activity,Shida Kartli!E25 [2012],1224989454.1623273639,1224989454.1623275,1378240386.497366,1378240386.497366,-0.0000001361,-0.0000001303,0,0.01
region.shida_kartli,2012,net_product_taxes,153250932.3350383697,source.fiscal_regional_economy_share,Shida Kartli!E24 [2012]; Shida Kartli!E25 [2012],1224989454.1623273639,1224989454.1623275,1378240386.497366,1378240386.497366,-0.0000001361,-0.0000001303,0,0.01
region.shida_kartli,2013,taxes_on_products,173844246.39541643,source.geostat_regional_gdp_by_activity,Shida Kartli!F24 [2013],1345999256.34445395418,1345999256.3444539,1512205345.1871379,1512205345.1871379,0.00000005418,0.0000001606,0,0.01
region.shida_kartli,2013,subsidies_on_products,7638157.5527322694,source.geostat_regional_gdp_by_activity,Shida Kartli!F25 [2013],1345999256.34445395418,1345999256.3444539,1512205345.1871379,1512205345.1871379,0.00000005418,0.0000001606,0,0.01
region.shida_kartli,2013,net_product_taxes,166206088.8426841606,source.fiscal_regional_economy_share,Shida Kartli!F24 [2013]; Shida Kartli!F25 [2013],1345999256.34445395418,1345999256.3444539,1512205345.1871379,1512205345.1871379,0.00000005418,0.0000001606,0,0.01
region.shida_kartli,2014,taxes_on_products,204239490.72310111,source.geostat_regional_gdp_by_activity,Shida Kartli!G24 [2014],1513668469.01898200294,1513668469.0189818,1709886241.9975439,1709886241.9975439,0.00000020294,0.0000000455,0,0.01
region.shida_kartli,2014,subsidies_on_products,8021717.7445389645,source.geostat_regional_gdp_by_activity,Shida Kartli!G25 [2014],1513668469.01898200294,1513668469.0189818,1709886241.9975439,1709886241.9975439,0.00000020294,0.0000000455,0,0.01
region.shida_kartli,2014,net_product_taxes,196217772.9785621455,source.fiscal_regional_economy_share,Shida Kartli!G24 [2014]; Shida Kartli!G25 [2014],1513668469.01898200294,1513668469.0189818,1709886241.9975439,1709886241.9975439,0.00000020294,0.0000000455,0,0.01
region.shida_kartli,2015,taxes_on_products,192201632.03542242,source.geostat_regional_gdp_by_activity,Shida Kartli!H24 [2015],1450476868.0035343539,1450476868.0035343,1635187417.6649096,1635187417.6649096,0.0000000539,0.0000002221,0,0.01
region.shida_kartli,2015,subsidies_on_products,7491082.3740468979,source.geostat_regional_gdp_by_activity,Shida Kartli!H25 [2015],1450476868.0035343539,1450476868.0035343,1635187417.6649096,1635187417.6649096,0.0000000539,0.0000002221,0,0.01
region.shida_kartli,2015,net_product_taxes,184710549.6613755221,source.fiscal_regional_economy_share,Shida Kartli!H24 [2015]; Shida Kartli!H25 [2015],1450476868.0035343539,1450476868.0035343,1635187417.6649096,1635187417.6649096,0.0000000539,0.0000002221,0,0.01
region.shida_kartli,2016,taxes_on_products,204289357.55395162,source.geostat_regional_gdp_by_activity,Shida Kartli!I24 [2016],1421565074.35421459216,1421565074.3542146,1618389999.2513386,1618389999.2513386,-0.00000000784,0.0000001392,0,0.01
region.shida_kartli,2016,subsidies_on_products,7464432.6568274808,source.geostat_regional_gdp_by_activity,Shida Kartli!I25 [2016],1421565074.35421459216,1421565074.3542146,1618389999.2513386,1618389999.2513386,-0.00000000784,0.0000001392,0,0.01
region.shida_kartli,2016,net_product_taxes,196824924.8971241392,source.fiscal_regional_economy_share,Shida Kartli!I24 [2016]; Shida Kartli!I25 [2016],1421565074.35421459216,1421565074.3542146,1618389999.2513386,1618389999.2513386,-0.00000000784,0.0000001392,0,0.01
region.shida_kartli,2017,taxes_on_products,193643129.79916261,source.geostat_regional_gdp_by_activity,Shida Kartli!J24 [2017],1201158152.50326776938,1201158152.503268,1388421425.3243661,1388421425.3243661,-0.00000023062,-0.0000000431,0,0.01
region.shida_kartli,2017,subsidies_on_products,6379856.9780645531,source.geostat_regional_gdp_by_activity,Shida Kartli!J25 [2017],1201158152.50326776938,1201158152.503268,1388421425.3243661,1388421425.3243661,-0.00000023062,-0.0000000431,0,0.01
region.shida_kartli,2017,net_product_taxes,187263272.8210980569,source.fiscal_regional_economy_share,Shida Kartli!J24 [2017]; Shida Kartli!J25 [2017],1201158152.50326776938,1201158152.503268,1388421425.3243661,1388421425.3243661,-0.00000023062,-0.0000000431,0,0.01
region.shida_kartli,2018,taxes_on_products,248288535.80853564,source.geostat_regional_gdp_by_activity,Shida Kartli!K24 [2018],1579378409.027503248459,1579378409.0275033,1819233815.1083102,1819233815.1083102,-0.000000051541,-0.0000000591,0,0.01
region.shida_kartli,2018,subsidies_on_products,8433129.7277287991,source.geostat_regional_gdp_by_activity,Shida Kartli!K25 [2018],1579378409.027503248459,1579378409.0275033,1819233815.1083102,1819233815.1083102,-0.000000051541,-0.0000000591,0,0.01
region.shida_kartli,2018,net_product_taxes,239855406.0808068409,source.fiscal_regional_economy_share,Shida Kartli!K24 [2018]; Shida Kartli!K25 [2018],1579378409.027503248459,1579378409.0275033,1819233815.1083102,1819233815.1083102,-0.000000051541,-0.0000000591,0,0.01
region.shida_kartli,2019,taxes_on_products,261261366.69879929,source.geostat_regional_gdp_by_activity,Shida Kartli!L24 [2019],1753720837.18402564729,1753720837.1840256,2005566745.9742526,2005566745.9742526,0.00000004729,0.0000000735,0,0.01
region.shida_kartli,2019,subsidies_on_products,9415457.9085722165,source.geostat_regional_gdp_by_activity,Shida Kartli!L25 [2019],1753720837.18402564729,1753720837.1840256,2005566745.9742526,2005566745.9742526,0.00000004729,0.0000000735,0,0.01
region.shida_kartli,2019,net_product_taxes,251845908.7902270735,source.fiscal_regional_economy_share,Shida Kartli!L24 [2019]; Shida Kartli!L25 [2019],1753720837.18402564729,1753720837.1840256,2005566745.9742526,2005566745.9742526,0.00000004729,0.0000000735,0,0.01
region.shida_kartli,2020,taxes_on_products,302076893.47130093,source.geostat_regional_gdp_by_activity,Shida Kartli!M24 [2020],1990558177.61067669165,1990558177.6106765,2280762281.7487936,2280762281.7487936,0.00000019165,-0.000000225,0,0.01
region.shida_kartli,2020,subsidies_on_products,11872789.333184055,source.geostat_regional_gdp_by_activity,Shida Kartli!M25 [2020],1990558177.61067669165,1990558177.6106765,2280762281.7487936,2280762281.7487936,0.00000019165,-0.000000225,0,0.01
region.shida_kartli,2020,net_product_taxes,290204104.138116875,source.fiscal_regional_economy_share,Shida Kartli!M24 [2020]; Shida Kartli!M25 [2020],1990558177.61067669165,1990558177.6106765,2280762281.7487936,2280762281.7487936,0.00000019165,-0.000000225,0,0.01
region.shida_kartli,2021,taxes_on_products,333689238.81467936,source.geostat_regional_gdp_by_activity,Shida Kartli!N24 [2021],2153317613.82977350366,2153317613.8297731,2475262666.1242221,2475262666.1242221,0.00000040366,-0.000000207,0,0.01
region.shida_kartli,2021,subsidies_on_products,11744186.520230567,source.geostat_regional_gdp_by_activity,Shida Kartli!N25 [2021],2153317613.82977350366,2153317613.8297731,2475262666.1242221,2475262666.1242221,0.00000040366,-0.000000207,0,0.01
region.shida_kartli,2021,net_product_taxes,321945052.294448793,source.fiscal_regional_economy_share,Shida Kartli!N24 [2021]; Shida Kartli!N25 [2021],2153317613.82977350366,2153317613.8297731,2475262666.1242221,2475262666.1242221,0.00000040366,-0.000000207,0,0.01
region.shida_kartli,2022,taxes_on_products,393049599.16861651,source.geostat_regional_gdp_by_activity,Shida Kartli!O24 [2022],2546803986.58193462153,2546803986.5819346,2926977647.6238744,2926977647.6238744,0.00000002153,-0.000000319,0,0.01
region.shida_kartli,2022,subsidies_on_products,12875938.126677029,source.geostat_regional_gdp_by_activity,Shida Kartli!O25 [2022],2546803986.58193462153,2546803986.5819346,2926977647.6238744,2926977647.6238744,0.00000002153,-0.000000319,0,0.01
region.shida_kartli,2022,net_product_taxes,380173661.041939481,source.fiscal_regional_economy_share,Shida Kartli!O24 [2022]; Shida Kartli!O25 [2022],2546803986.58193462153,2546803986.5819346,2926977647.6238744,2926977647.6238744,0.00000002153,-0.000000319,0,0.01
region.shida_kartli,2023,taxes_on_products,442257666.32609918,source.geostat_regional_gdp_by_activity,Shida Kartli!P24 [2023],2850718999.0578237242,2850718999.0578236,3278509953.3876228,3278509953.3876228,0.0000001242,0.000000016,0,0.01
region.shida_kartli,2023,subsidies_on_products,14466711.996299964,source.geostat_regional_gdp_by_activity,Shida Kartli!P25 [2023],2850718999.0578237242,2850718999.0578236,3278509953.3876228,3278509953.3876228,0.0000001242,0.000000016,0,0.01
region.shida_kartli,2023,net_product_taxes,427790954.329799216,source.fiscal_regional_economy_share,Shida Kartli!P24 [2023]; Shida Kartli!P25 [2023],2850718999.0578237242,2850718999.0578236,3278509953.3876228,3278509953.3876228,0.0000001242,0.000000016,0,0.01
region.shida_kartli,2024,taxes_on_products,524620892.5392051,source.geostat_regional_gdp_by_activity,Shida Kartli!Q24 [2024],3414910056.3474454059,3414910056.3474462,3922758188.8740169,3922758188.8740169,-0.0000007941,0.000000021,0,0.01
region.shida_kartli,2024,subsidies_on_products,16772760.012634379,source.geostat_regional_gdp_by_activity,Shida Kartli!Q25 [2024],3414910056.3474454059,3414910056.3474462,3922758188.8740169,3922758188.8740169,-0.0000007941,0.000000021,0,0.01
region.shida_kartli,2024,net_product_taxes,507848132.526570721,source.fiscal_regional_economy_share,Shida Kartli!Q24 [2024]; Shida Kartli!Q25 [2024],3414910056.3474454059,3414910056.3474462,3922758188.8740169,3922758188.8740169,-0.0000007941,0.000000021,0,0.01
