year,item_id,parent_item_id,level,amount_gel,basis,source_id,official_code,official_label_ka,official_institution_code,official_institution_label_ka,mapping_confidence,mapping_notes
2005,admin_spending.culture,,admin_category,24630200,actual,source.mof_2005_programmatic_fact_actual,,,,,high,Aggregated from official tavi 6 leaf rows by administrative owner.
2005,admin_spending.debt_service,,admin_category,282040400,actual,source.mof_2005_programmatic_fact_actual,,,,,high,Aggregated from official tavi 6 leaf rows by administrative owner.
2005,admin_spending.defence,,admin_category,366765000,actual,source.mof_2005_programmatic_fact_actual,,,,,high,Aggregated from official tavi 6 leaf rows by administrative owner.
2005,admin_spending.economy_sustainable_development,,admin_category,414318500,actual,source.mof_2005_programmatic_fact_actual,,,,,high,Aggregated from official tavi 6 leaf rows by administrative owner.
2005,admin_spending.education_science_youth,,admin_category,83834700,actual,source.mof_2005_programmatic_fact_actual,,,,,high,Aggregated from official tavi 6 leaf rows by administrative owner.
2005,admin_spending.environment_agriculture,,admin_category,65834400,actual,source.mof_2005_programmatic_fact_actual,,,,,high,Aggregated from official tavi 6 leaf rows by administrative owner.
2005,admin_spending.finance,,admin_category,113362100,actual,source.mof_2005_programmatic_fact_actual,,,,,high,Aggregated from official tavi 6 leaf rows by administrative owner.
2005,admin_spending.foreign_affairs,,admin_category,33115300,actual,source.mof_2005_programmatic_fact_actual,,,,,high,Aggregated from official tavi 6 leaf rows by administrative owner.
2005,admin_spending.health_social_affairs,,admin_category,693674400,actual,source.mof_2005_programmatic_fact_actual,,,,,high,Aggregated from official tavi 6 leaf rows by administrative owner.
2005,admin_spending.internal_affairs,,admin_category,182161700,actual,source.mof_2005_programmatic_fact_actual,,,,,high,Aggregated from official tavi 6 leaf rows by administrative owner.
2005,admin_spending.justice,,admin_category,50482800,actual,source.mof_2005_programmatic_fact_actual,,,,,high,Aggregated from official tavi 6 leaf rows by administrative owner.
2005,admin_spending.other_costs,,admin_category,291888300,actual,source.mof_2005_programmatic_fact_actual,,,,,medium,Aggregated from official tavi 6 leaf rows by administrative owner.
2005,admin_spending.sport,,admin_category,6915100,actual,source.mof_2005_programmatic_fact_actual,,,,,high,Aggregated from official tavi 6 leaf rows by administrative owner.
2006,admin_spending.culture,,admin_category,48982000,actual,source.mof_2006_programmatic_fact_actual,,,,,high,Aggregated from official tavi 6 leaf rows by administrative owner.
2006,admin_spending.debt_service,,admin_category,334908600,actual,source.mof_2006_programmatic_fact_actual,,,,,high,Aggregated from official tavi 6 leaf rows by administrative owner.
2006,admin_spending.defence,,admin_category,684039600,actual,source.mof_2006_programmatic_fact_actual,,,,,high,Aggregated from official tavi 6 leaf rows by administrative owner.
2006,admin_spending.economy_sustainable_development,,admin_category,481779100,actual,source.mof_2006_programmatic_fact_actual,,,,,high,Aggregated from official tavi 6 leaf rows by administrative owner.
2006,admin_spending.education_science_youth,,admin_category,358235100,actual,source.mof_2006_programmatic_fact_actual,,,,,high,Aggregated from official tavi 6 leaf rows by administrative owner.
2006,admin_spending.environment_agriculture,,admin_category,92323600,actual,source.mof_2006_programmatic_fact_actual,,,,,high,Aggregated from official tavi 6 leaf rows by administrative owner.
2006,admin_spending.finance,,admin_category,80502200,actual,source.mof_2006_programmatic_fact_actual,,,,,high,Aggregated from official tavi 6 leaf rows by administrative owner.
2006,admin_spending.foreign_affairs,,admin_category,43858900,actual,source.mof_2006_programmatic_fact_actual,,,,,high,Aggregated from official tavi 6 leaf rows by administrative owner.
2006,admin_spending.health_social_affairs,,admin_category,825657500,actual,source.mof_2006_programmatic_fact_actual,,,,,high,Aggregated from official tavi 6 leaf rows by administrative owner.
2006,admin_spending.internal_affairs,,admin_category,277702100,actual,source.mof_2006_programmatic_fact_actual,,,,,high,Aggregated from official tavi 6 leaf rows by administrative owner.
2006,admin_spending.justice,,admin_category,78623500,actual,source.mof_2006_programmatic_fact_actual,,,,,high,Aggregated from official tavi 6 leaf rows by administrative owner.
2006,admin_spending.other_costs,,admin_category,511195200,actual,source.mof_2006_programmatic_fact_actual,,,,,medium,Aggregated from official tavi 6 leaf rows by administrative owner.
2006,admin_spending.sport,,admin_category,4705300,actual,source.mof_2006_programmatic_fact_actual,,,,,high,Aggregated from official tavi 6 leaf rows by administrative owner.
2007,admin_spending.culture,,admin_category,70092000,actual,source.mof_2007_programmatic_fact_actual,,,,,high,Aggregated from official tavi 6 leaf rows by administrative owner.
2007,admin_spending.debt_service,,admin_category,249205000,actual,source.mof_2007_programmatic_fact_actual,,,,,high,Aggregated from official tavi 6 leaf rows by administrative owner.
2007,admin_spending.defence,,admin_category,1494535300,actual,source.mof_2007_programmatic_fact_actual,,,,,high,Aggregated from official tavi 6 leaf rows by administrative owner.
2007,admin_spending.economy_sustainable_development,,admin_category,555403700,actual,source.mof_2007_programmatic_fact_actual,,,,,high,Aggregated from official tavi 6 leaf rows by administrative owner.
2007,admin_spending.education_science_youth,,admin_category,410898800,actual,source.mof_2007_programmatic_fact_actual,,,,,high,Aggregated from official tavi 6 leaf rows by administrative owner.
2007,admin_spending.environment_agriculture,,admin_category,148646300,actual,source.mof_2007_programmatic_fact_actual,,,,,high,Aggregated from official tavi 6 leaf rows by administrative owner.
2007,admin_spending.finance,,admin_category,107992100,actual,source.mof_2007_programmatic_fact_actual,,,,,high,Aggregated from official tavi 6 leaf rows by administrative owner.
2007,admin_spending.foreign_affairs,,admin_category,58104900,actual,source.mof_2007_programmatic_fact_actual,,,,,high,Aggregated from official tavi 6 leaf rows by administrative owner.
2007,admin_spending.health_social_affairs,,admin_category,1028783100,actual,source.mof_2007_programmatic_fact_actual,,,,,high,Aggregated from official tavi 6 leaf rows by administrative owner.
2007,admin_spending.internal_affairs,,admin_category,470414600,actual,source.mof_2007_programmatic_fact_actual,,,,,high,Aggregated from official tavi 6 leaf rows by administrative owner.
2007,admin_spending.justice,,admin_category,140818300,actual,source.mof_2007_programmatic_fact_actual,,,,,high,Aggregated from official tavi 6 leaf rows by administrative owner.
2007,admin_spending.other_costs,,admin_category,493554400,actual,source.mof_2007_programmatic_fact_actual,,,,,medium,Aggregated from official tavi 6 leaf rows by administrative owner.
2007,admin_spending.sport,,admin_category,8682600,actual,source.mof_2007_programmatic_fact_actual,,,,,high,Aggregated from official tavi 6 leaf rows by administrative owner.
2008,admin_spending.culture,,admin_category,66635100,actual,source.mof_2008_programmatic_fact_actual,,,,,high,Aggregated from official tavi 6 leaf rows by administrative owner.
2008,admin_spending.debt_service,,admin_category,203689100,actual,source.mof_2008_programmatic_fact_actual,,,,,high,Aggregated from official tavi 6 leaf rows by administrative owner.
2008,admin_spending.defence,,admin_category,1547183100,actual,source.mof_2008_programmatic_fact_actual,,,,,high,Aggregated from official tavi 6 leaf rows by administrative owner.
2008,admin_spending.economy_sustainable_development,,admin_category,509393600,actual,source.mof_2008_programmatic_fact_actual,,,,,high,Aggregated from official tavi 6 leaf rows by administrative owner.
2008,admin_spending.education_science_youth,,admin_category,458998600,actual,source.mof_2008_programmatic_fact_actual,,,,,high,Aggregated from official tavi 6 leaf rows by administrative owner.
2008,admin_spending.environment_agriculture,,admin_category,99880600,actual,source.mof_2008_programmatic_fact_actual,,,,,high,Aggregated from official tavi 6 leaf rows by administrative owner.
2008,admin_spending.finance,,admin_category,107917400,actual,source.mof_2008_programmatic_fact_actual,,,,,high,Aggregated from official tavi 6 leaf rows by administrative owner.
2008,admin_spending.foreign_affairs,,admin_category,57177500,actual,source.mof_2008_programmatic_fact_actual,,,,,high,Aggregated from official tavi 6 leaf rows by administrative owner.
2008,admin_spending.health_social_affairs,,admin_category,1415151200,actual,source.mof_2008_programmatic_fact_actual,,,,,high,Aggregated from official tavi 6 leaf rows by administrative owner.
2008,admin_spending.internal_affairs,,admin_category,739264800,actual,source.mof_2008_programmatic_fact_actual,,,,,high,Aggregated from official tavi 6 leaf rows by administrative owner.
2008,admin_spending.justice,,admin_category,155186000,actual,source.mof_2008_programmatic_fact_actual,,,,,high,Aggregated from official tavi 6 leaf rows by administrative owner.
2008,admin_spending.other_costs,,admin_category,1383229000,actual,source.mof_2008_programmatic_fact_actual,,,,,medium,Aggregated from official tavi 6 leaf rows by administrative owner.
2008,admin_spending.sport,,admin_category,15125800,actual,source.mof_2008_programmatic_fact_actual,,,,,high,Aggregated from official tavi 6 leaf rows by administrative owner.
2009,admin_spending.culture,,admin_category,84266000,actual,source.mof_2009_programmatic_fact_actual,,,,,high,Aggregated from official tavi 6 leaf rows by administrative owner.
2009,admin_spending.debt_service,,admin_category,318057600,actual,source.mof_2009_programmatic_fact_actual,,,,,high,Aggregated from official tavi 6 leaf rows by administrative owner.
2009,admin_spending.defence,,admin_category,869015700,actual,source.mof_2009_programmatic_fact_actual,,,,,high,Aggregated from official tavi 6 leaf rows by administrative owner.
2009,admin_spending.economy_sustainable_development,,admin_category,116415800,actual,source.mof_2009_programmatic_fact_actual,,,,,high,Aggregated from official tavi 6 leaf rows by administrative owner.
2009,admin_spending.education_science_youth,,admin_category,490737900,actual,source.mof_2009_programmatic_fact_actual,,,,,high,Aggregated from official tavi 6 leaf rows by administrative owner.
2009,admin_spending.environment_agriculture,,admin_category,111415800,actual,source.mof_2009_programmatic_fact_actual,,,,,high,Aggregated from official tavi 6 leaf rows by administrative owner.
2009,admin_spending.finance,,admin_category,142157500,actual,source.mof_2009_programmatic_fact_actual,,,,,high,Aggregated from official tavi 6 leaf rows by administrative owner.
2009,admin_spending.foreign_affairs,,admin_category,66104700,actual,source.mof_2009_programmatic_fact_actual,,,,,high,Aggregated from official tavi 6 leaf rows by administrative owner.
2009,admin_spending.health_social_affairs,,admin_category,1570043200,actual,source.mof_2009_programmatic_fact_actual,,,,,high,Aggregated from official tavi 6 leaf rows by administrative owner.
2009,admin_spending.internal_affairs,,admin_category,573373200,actual,source.mof_2009_programmatic_fact_actual,,,,,high,Aggregated from official tavi 6 leaf rows by administrative owner.
2009,admin_spending.justice,,admin_category,191248700,actual,source.mof_2009_programmatic_fact_actual,,,,,high,Aggregated from official tavi 6 leaf rows by administrative owner.
2009,admin_spending.other_costs,,admin_category,1690041100,actual,source.mof_2009_programmatic_fact_actual,,,,,medium,Aggregated from official tavi 6 leaf rows by administrative owner.
2009,admin_spending.regional_development_infrastructure,,admin_category,519445400,actual,source.mof_2009_programmatic_fact_actual,,,,,high,Aggregated from official tavi 6 leaf rows by administrative owner.
2009,admin_spending.sport,,admin_category,11784000,actual,source.mof_2009_programmatic_fact_actual,,,,,high,Aggregated from official tavi 6 leaf rows by administrative owner.
2010,admin_spending.culture,,admin_category,66586100,actual,source.mof_2010_programmatic_fact_actual,,,,,high,Aggregated from official tavi 6 leaf rows by administrative owner.
2010,admin_spending.debt_service,,admin_category,358555800,actual,source.mof_2010_programmatic_fact_actual,,,,,high,Aggregated from official tavi 6 leaf rows by administrative owner.
2010,admin_spending.defence,,admin_category,728007500,actual,source.mof_2010_programmatic_fact_actual,,,,,high,Aggregated from official tavi 6 leaf rows by administrative owner.
2010,admin_spending.economy_sustainable_development,,admin_category,265529000,actual,source.mof_2010_programmatic_fact_actual,,,,,high,Aggregated from official tavi 6 leaf rows by administrative owner.
2010,admin_spending.education_science_youth,,admin_category,537999000,actual,source.mof_2010_programmatic_fact_actual,,,,,high,Aggregated from official tavi 6 leaf rows by administrative owner.
2010,admin_spending.environment_agriculture,,admin_category,59211100,actual,source.mof_2010_programmatic_fact_actual,,,,,high,Aggregated from official tavi 6 leaf rows by administrative owner.
2010,admin_spending.finance,,admin_category,303066800,actual,source.mof_2010_programmatic_fact_actual,,,,,high,Aggregated from official tavi 6 leaf rows by administrative owner.
2010,admin_spending.foreign_affairs,,admin_category,67979500,actual,source.mof_2010_programmatic_fact_actual,,,,,high,Aggregated from official tavi 6 leaf rows by administrative owner.
2010,admin_spending.health_social_affairs,,admin_category,1646712000,actual,source.mof_2010_programmatic_fact_actual,,,,,high,Aggregated from official tavi 6 leaf rows by administrative owner.
2010,admin_spending.internal_affairs,,admin_category,549235700,actual,source.mof_2010_programmatic_fact_actual,,,,,high,Aggregated from official tavi 6 leaf rows by administrative owner.
2010,admin_spending.justice,,admin_category,183183800,actual,source.mof_2010_programmatic_fact_actual,,,,,high,Aggregated from official tavi 6 leaf rows by administrative owner.
2010,admin_spending.other_costs,,admin_category,1447530800,actual,source.mof_2010_programmatic_fact_actual,,,,,medium,Aggregated from official tavi 6 leaf rows by administrative owner.
2010,admin_spending.regional_development_infrastructure,,admin_category,716704500,actual,source.mof_2010_programmatic_fact_actual,,,,,high,Aggregated from official tavi 6 leaf rows by administrative owner.
2010,admin_spending.sport,,admin_category,42042200,actual,source.mof_2010_programmatic_fact_actual,,,,,high,Aggregated from official tavi 6 leaf rows by administrative owner.
2011,admin_spending.culture,,admin_category,69381200,actual,source.mof_2011_programmatic_fact_actual,,,,,high,Aggregated from official tavi 6 leaf rows by administrative owner.
2011,admin_spending.debt_service,,admin_category,428356200,actual,source.mof_2011_programmatic_fact_actual,,,,,high,Aggregated from official tavi 6 leaf rows by administrative owner.
2011,admin_spending.defence,,admin_category,728427000,actual,source.mof_2011_programmatic_fact_actual,,,,,high,Aggregated from official tavi 6 leaf rows by administrative owner.
2011,admin_spending.economy_sustainable_development,,admin_category,385869900,actual,source.mof_2011_programmatic_fact_actual,,,,,high,Aggregated from official tavi 6 leaf rows by administrative owner.
2011,admin_spending.education_science_youth,,admin_category,552515700,actual,source.mof_2011_programmatic_fact_actual,,,,,high,Aggregated from official tavi 6 leaf rows by administrative owner.
2011,admin_spending.environment_agriculture,,admin_category,99222800,actual,source.mof_2011_programmatic_fact_actual,,,,,high,Aggregated from official tavi 6 leaf rows by administrative owner.
2011,admin_spending.finance,,admin_category,223867200,actual,source.mof_2011_programmatic_fact_actual,,,,,high,Aggregated from official tavi 6 leaf rows by administrative owner.
2011,admin_spending.foreign_affairs,,admin_category,74628900,actual,source.mof_2011_programmatic_fact_actual,,,,,high,Aggregated from official tavi 6 leaf rows by administrative owner.
2011,admin_spending.health_social_affairs,,admin_category,1710427200,actual,source.mof_2011_programmatic_fact_actual,,,,,high,Aggregated from official tavi 6 leaf rows by administrative owner.
2011,admin_spending.internal_affairs,,admin_category,567423900,actual,source.mof_2011_programmatic_fact_actual,,,,,high,Aggregated from official tavi 6 leaf rows by administrative owner.
2011,admin_spending.justice,,admin_category,243374600,actual,source.mof_2011_programmatic_fact_actual,,,,,high,Aggregated from official tavi 6 leaf rows by administrative owner.
2011,admin_spending.other_costs,,admin_category,1490928100,actual,source.mof_2011_programmatic_fact_actual,,,,,medium,Aggregated from official tavi 6 leaf rows by administrative owner.
2011,admin_spending.regional_development_infrastructure,,admin_category,834568500,actual,source.mof_2011_programmatic_fact_actual,,,,,high,Aggregated from official tavi 6 leaf rows by administrative owner.
2011,admin_spending.sport,,admin_category,50288100,actual,source.mof_2011_programmatic_fact_actual,,,,,high,Aggregated from official tavi 6 leaf rows by administrative owner.
2012,admin_spending.culture,,admin_category,100057200,actual,source.mof_2012_programmatic_fact_actual,,,,,high,Aggregated from official tavi 6 leaf rows by administrative owner.
2012,admin_spending.debt_service,,admin_category,378554600,actual,source.mof_2012_programmatic_fact_actual,,,,,high,Aggregated from official tavi 6 leaf rows by administrative owner.
2012,admin_spending.defence,,admin_category,734733800,actual,source.mof_2012_programmatic_fact_actual,,,,,high,Aggregated from official tavi 6 leaf rows by administrative owner.
2012,admin_spending.economy_sustainable_development,,admin_category,470404900,actual,source.mof_2012_programmatic_fact_actual,,,,,high,Aggregated from official tavi 6 leaf rows by administrative owner.
2012,admin_spending.education_science_youth,,admin_category,626777300,actual,source.mof_2012_programmatic_fact_actual,,,,,high,Aggregated from official tavi 6 leaf rows by administrative owner.
2012,admin_spending.environment_agriculture,,admin_category,245191600,actual,source.mof_2012_programmatic_fact_actual,,,,,high,Aggregated from official tavi 6 leaf rows by administrative owner.
2012,admin_spending.finance,,admin_category,105215700,actual,source.mof_2012_programmatic_fact_actual,,,,,high,Aggregated from official tavi 6 leaf rows by administrative owner.
2012,admin_spending.foreign_affairs,,admin_category,83302500,actual,source.mof_2012_programmatic_fact_actual,,,,,high,Aggregated from official tavi 6 leaf rows by administrative owner.
2012,admin_spending.health_social_affairs,,admin_category,1832230100,actual,source.mof_2012_programmatic_fact_actual,,,,,high,Aggregated from official tavi 6 leaf rows by administrative owner.
2012,admin_spending.internal_affairs,,admin_category,584887900,actual,source.mof_2012_programmatic_fact_actual,,,,,high,Aggregated from official tavi 6 leaf rows by administrative owner.
2012,admin_spending.justice,,admin_category,194390400,actual,source.mof_2012_programmatic_fact_actual,,,,,high,Aggregated from official tavi 6 leaf rows by administrative owner.
2012,admin_spending.other_costs,,admin_category,1723553900,actual,source.mof_2012_programmatic_fact_actual,,,,,medium,Aggregated from official tavi 6 leaf rows by administrative owner.
2012,admin_spending.regional_development_infrastructure,,admin_category,655075100,actual,source.mof_2012_programmatic_fact_actual,,,,,high,Aggregated from official tavi 6 leaf rows by administrative owner.
2012,admin_spending.sport,,admin_category,72426500,actual,source.mof_2012_programmatic_fact_actual,,,,,high,Aggregated from official tavi 6 leaf rows by administrative owner.
2012,admin_program.09_01.f5bec61a,admin_spending.other_costs,major_program,35059300,actual,source.mof_2012_programmatic_fact_actual,09 01,საერთო სასამართლოების სისტემის განვითარება და ხელშეწყობა,09 00,საერთო სასამართლოები,medium,Official depth-2 program. Included because this source-code series reaches at least 100000000 GEL in one or more years.
2012,admin_program.24_01.e75d1cbc,admin_spending.economy_sustainable_development,major_program,125037300,actual,source.mof_2012_programmatic_fact_actual,24 01,ეკონომიკური პოლიტიკა და სახელმწიფო ქონების მართვა,24 00,საქართველოს ეკონომიკისა და მდგრადი განვითარების სამინისტრო,medium,Official depth-2 program. Included because this source-code series reaches at least 100000000 GEL in one or more years.
2012,admin_program.25_02.4cffd876,admin_spending.regional_development_infrastructure,major_program,375030400,actual,source.mof_2012_programmatic_fact_actual,25 02,საგზაო ინფრასტრუქტურის გაუმჯობესების ღონისძიებები,25 00,საქართველოს რეგიონული განვითარებისა და ინფრასტრუქტურის სამინისტრო,medium,Official depth-2 program. Included because this source-code series reaches at least 100000000 GEL in one or more years.
2012,admin_program.25_03.beff3036,admin_spending.regional_development_infrastructure,major_program,75295500,actual,source.mof_2012_programmatic_fact_actual,25 03,რეგიონული და მუნიციპალური ინფრასტრუქტურის რეაბილიტაცია,25 00,საქართველოს რეგიონული განვითარებისა და ინფრასტრუქტურის სამინისტრო,medium,Official depth-2 program. Included because this source-code series reaches at least 100000000 GEL in one or more years.
2012,admin_program.25_04.eee6b72f,admin_spending.regional_development_infrastructure,major_program,72943300,actual,source.mof_2012_programmatic_fact_actual,25 04,წყალმომარაგების ინფრასტრუქტურის აღდგენა- რეაბილიტაცია,25 00,საქართველოს რეგიონული განვითარებისა და ინფრასტრუქტურის სამინისტრო,medium,Official depth-2 program. Included because this source-code series reaches at least 100000000 GEL in one or more years.
2012,admin_program.26_01.d068f094,admin_spending.justice,major_program,17947000,actual,source.mof_2012_programmatic_fact_actual,26 01,სამართალშემოქმედებისა და ქვეყნის ინტერესების სამართლებრივი მხარდაჭერის მიზნით სახელმწიფო პოლიტიკის შემუშავება და მართვა,26 00,საქართველოს იუსტიციის სამინისტრო,medium,Official depth-2 program. Included because this source-code series reaches at least 100000000 GEL in one or more years.
2012,admin_program.27_01.e72c11e5,admin_spending.justice,major_program,3358500,actual,source.mof_2012_programmatic_fact_actual,27 01,პენიტენციური სისტემის პოლიტიკის შემუშავება და მართვა,27 00,"საქართველოს სასჯელაღსრულების, პრობაციისა და იურიდიული დახმარების საკითხთა სამინისტრო",medium,Official depth-2 program. Included because this source-code series reaches at least 100000000 GEL in one or more years.
2012,admin_program.28_01.10c69e87,admin_spending.foreign_affairs,major_program,83103300,actual,source.mof_2012_programmatic_fact_actual,28 01,საგარეო პოლიტიკის განხორციელება,28 00,საქართველოს საგარეო საქმეთა სამინისტრო,medium,Official depth-2 program. Included because this source-code series reaches at least 100000000 GEL in one or more years.
2012,admin_program.29_01.c41caf84,admin_spending.defence,major_program,676112000,actual,source.mof_2012_programmatic_fact_actual,29 01,შეიარაღებული ძალების მზადყოფნის შენარჩუნება და ამაღლება,29 00,საქართველოს თავდაცვის სამინისტრო,medium,Official depth-2 program. Included because this source-code series reaches at least 100000000 GEL in one or more years.
2012,admin_program.29_02.c4a63f07,admin_spending.defence,major_program,12834300,actual,source.mof_2012_programmatic_fact_actual,29 02,სამხედრო განათლების განვითარება,29 00,საქართველოს თავდაცვის სამინისტრო,medium,Official depth-2 program. Included because this source-code series reaches at least 100000000 GEL in one or more years.
2012,admin_program.32_02.f56c9741,admin_spending.education_science_youth,major_program,372083600,actual,source.mof_2012_programmatic_fact_actual,32 02,ზოგადი განათლება,32 00,საქართველოს განათლებისა და მეცნიერების სამინისტრო,medium,Official depth-2 program. Included because this source-code series reaches at least 100000000 GEL in one or more years.
2012,admin_program.32_03.85c13dd5,admin_spending.education_science_youth,major_program,18356700,actual,source.mof_2012_programmatic_fact_actual,32 03,პროფესიული განათლება,32 00,საქართველოს განათლებისა და მეცნიერების სამინისტრო,medium,Official depth-2 program. Included because this source-code series reaches at least 100000000 GEL in one or more years.
2012,admin_program.32_04.2900df2d,admin_spending.education_science_youth,major_program,112337500,actual,source.mof_2012_programmatic_fact_actual,32 04,უმაღლესი საგანმანათლებლო და სამეცნიერო კვლევების პროგრამა,32 00,საქართველოს განათლებისა და მეცნიერების სამინისტრო,medium,Official depth-2 program. Included because this source-code series reaches at least 100000000 GEL in one or more years.
2012,admin_program.34_02.d311ea88,admin_spending.health_social_affairs,major_program,29695500,actual,source.mof_2012_programmatic_fact_actual,34 02,განსახლების ადგილებში დევნილთა შენახვა და მათი საცხოვრებელი პირობების გაუმჯობესება,34 00,"საქართველოს ოკუპირებული ტერიტორიებიდან იძულებით გადაადგილებულ პირთა, განსახლებისა და ლტოლვილთა სამინისტრო",medium,Official depth-2 program. Included because this source-code series reaches at least 100000000 GEL in one or more years.
2012,admin_program.35_02.b05a6933,admin_spending.health_social_affairs,major_program,1398583800,actual,source.mof_2012_programmatic_fact_actual,35 02,სოციალური დაცვა და საპენსიო უზრუნველყოფა,35 00,"საქართველოს შრომის, ჯანმრთელობისა და სოციალური დაცვის სამინისტრო",medium,Official depth-2 program. Included because this source-code series reaches at least 100000000 GEL in one or more years.
2012,admin_program.35_03.97e08d1d,admin_spending.health_social_affairs,major_program,332782000,actual,source.mof_2012_programmatic_fact_actual,35 03,ჯანმრთელობის დაცვის პროგრამა,35 00,"საქართველოს შრომის, ჯანმრთელობისა და სოციალური დაცვის სამინისტრო",medium,Official depth-2 program. Included because this source-code series reaches at least 100000000 GEL in one or more years.
2012,admin_program.39_02.5051f55c,admin_spending.sport,major_program,47990400,actual,source.mof_2012_programmatic_fact_actual,39 02,სპორტის განვითარების ხელშეწყობის ღონისძიებები,39 00,საქართველოს სპორტისა და ახალგაზრდობის საქმეთა სამინისტრო,medium,Official depth-2 program. Included because this source-code series reaches at least 100000000 GEL in one or more years.
2013,admin_spending.culture,,admin_category,77663300,actual,source.mof_2013_programmatic_fact_actual,,,,,high,Aggregated from official tavi 6 leaf rows by administrative owner.
2013,admin_spending.debt_service,,admin_category,698263100,actual,source.mof_2013_programmatic_fact_actual,,,,,high,Aggregated from official tavi 6 leaf rows by administrative owner.
2013,admin_spending.defence,,admin_category,661129800,actual,source.mof_2013_programmatic_fact_actual,,,,,high,Aggregated from official tavi 6 leaf rows by administrative owner.
2013,admin_spending.economy_sustainable_development,,admin_category,254213300,actual,source.mof_2013_programmatic_fact_actual,,,,,high,Aggregated from official tavi 6 leaf rows by administrative owner.
2013,admin_spending.education_science_youth,,admin_category,675923000,actual,source.mof_2013_programmatic_fact_actual,,,,,high,Aggregated from official tavi 6 leaf rows by administrative owner.
2013,admin_spending.environment_agriculture,,admin_category,248030900,actual,source.mof_2013_programmatic_fact_actual,,,,,high,Aggregated from official tavi 6 leaf rows by administrative owner.
2013,admin_spending.finance,,admin_category,95922500,actual,source.mof_2013_programmatic_fact_actual,,,,,high,Aggregated from official tavi 6 leaf rows by administrative owner.
2013,admin_spending.foreign_affairs,,admin_category,76425000,actual,source.mof_2013_programmatic_fact_actual,,,,,high,Aggregated from official tavi 6 leaf rows by administrative owner.
2013,admin_spending.health_social_affairs,,admin_category,2174269400,actual,source.mof_2013_programmatic_fact_actual,,,,,high,Aggregated from official tavi 6 leaf rows by administrative owner.
2013,admin_spending.internal_affairs,,admin_category,585525900,actual,source.mof_2013_programmatic_fact_actual,,,,,high,Aggregated from official tavi 6 leaf rows by administrative owner.
2013,admin_spending.justice,,admin_category,237017100,actual,source.mof_2013_programmatic_fact_actual,,,,,high,Aggregated from official tavi 6 leaf rows by administrative owner.
2013,admin_spending.other_costs,,admin_category,1455146400,actual,source.mof_2013_programmatic_fact_actual,,,,,medium,Aggregated from official tavi 6 leaf rows by administrative owner.
2013,admin_spending.regional_development_infrastructure,,admin_category,798595100,actual,source.mof_2013_programmatic_fact_actual,,,,,high,Aggregated from official tavi 6 leaf rows by administrative owner.
2013,admin_spending.sport,,admin_category,66092900,actual,source.mof_2013_programmatic_fact_actual,,,,,high,Aggregated from official tavi 6 leaf rows by administrative owner.
2013,admin_program.09_01.f5bec61a,admin_spending.other_costs,major_program,36533800,actual,source.mof_2013_programmatic_fact_actual,09 01,საერთო სასამართლოების სისტემის განვითარება და ხელშეწყობა,09 00,საერთო სასამართლოები,medium,Official depth-2 program. Included because this source-code series reaches at least 100000000 GEL in one or more years.
2013,admin_program.24_01.e75d1cbc,admin_spending.economy_sustainable_development,major_program,42694200,actual,source.mof_2013_programmatic_fact_actual,24 01,ეკონომიკური პოლიტიკა და სახელმწიფო ქონების მართვა,24 00,საქართველოს ეკონომიკისა და მდგრადი განვითარების სამინისტრო,medium,Official depth-2 program. Included because this source-code series reaches at least 100000000 GEL in one or more years.
2013,admin_program.25_02.4cffd876,admin_spending.regional_development_infrastructure,major_program,522990200,actual,source.mof_2013_programmatic_fact_actual,25 02,საგზაო ინფრასტრუქტურის გაუმჯობესების ღონისძიებები,25 00,საქართველოს რეგიონული განვითარებისა და ინფრასტრუქტურის სამინისტრო,medium,Official depth-2 program. Included because this source-code series reaches at least 100000000 GEL in one or more years.
2013,admin_program.25_03.beff3036,admin_spending.regional_development_infrastructure,major_program,127082100,actual,source.mof_2013_programmatic_fact_actual,25 03,რეგიონული და მუნიციპალური ინფრასტრუქტურის რეაბილიტაცია,25 00,საქართველოს რეგიონული განვითარებისა და ინფრასტრუქტურის სამინისტრო,medium,Official depth-2 program. Included because this source-code series reaches at least 100000000 GEL in one or more years.
2013,admin_program.25_04.eee6b72f,admin_spending.regional_development_infrastructure,major_program,71469600,actual,source.mof_2013_programmatic_fact_actual,25 04,წყალმომარაგების ინფრასტრუქტურის აღდგენა-რეაბილიტაცია,25 00,საქართველოს რეგიონული განვითარებისა და ინფრასტრუქტურის სამინისტრო,medium,Official depth-2 program. Included because this source-code series reaches at least 100000000 GEL in one or more years.
2013,admin_program.26_01.d068f094,admin_spending.justice,major_program,31009500,actual,source.mof_2013_programmatic_fact_actual,26 01,სამართალშემოქმედებისა და ქვეყნის ინტერესების სამართლებრივი მხარდაჭერის მიზნით სახელმწიფო პოლიტიკის შემუშავება და მართვა,26 00,საქართველოს იუსტიციის სამინისტრო,medium,Official depth-2 program. Included because this source-code series reaches at least 100000000 GEL in one or more years.
2013,admin_program.27_01.e72c11e5,admin_spending.justice,major_program,8471200,actual,source.mof_2013_programmatic_fact_actual,27 01,პენიტენციური სისტემის პოლიტიკის შემუშავება და მართვა,27 00,"საქართველოს სასჯელაღსრულების, პრობაციისა და იურიდიული დახმარების საკითხთა სამინისტრო",medium,Official depth-2 program. Included because this source-code series reaches at least 100000000 GEL in one or more years.
2013,admin_program.28_01.10c69e87,admin_spending.foreign_affairs,major_program,76163900,actual,source.mof_2013_programmatic_fact_actual,28 01,საგარეო პოლიტიკის განხორციელება,28 00,საქართველოს საგარეო საქმეთა სამინისტრო,medium,Official depth-2 program. Included because this source-code series reaches at least 100000000 GEL in one or more years.
2013,admin_program.29_01.c41caf84,admin_spending.defence,major_program,578225900,actual,source.mof_2013_programmatic_fact_actual,29 01,შეიარაღებული ძალების მზადყოფნის შენარჩუნება და ამაღლება,29 00,საქართველოს თავდაცვის სამინისტრო,medium,Official depth-2 program. Included because this source-code series reaches at least 100000000 GEL in one or more years.
2013,admin_program.29_02.c4a63f07,admin_spending.defence,major_program,19426500,actual,source.mof_2013_programmatic_fact_actual,29 02,სამხედრო განათლების განვითარება,29 00,საქართველოს თავდაცვის სამინისტრო,medium,Official depth-2 program. Included because this source-code series reaches at least 100000000 GEL in one or more years.
2013,admin_program.32_02.f56c9741,admin_spending.education_science_youth,major_program,469565900,actual,source.mof_2013_programmatic_fact_actual,32 02,ზოგადი განათლება,32 00,საქართველოს განათლებისა და მეცნიერების სამინისტრო,medium,Official depth-2 program. Included because this source-code series reaches at least 100000000 GEL in one or more years.
2013,admin_program.32_03.85c13dd5,admin_spending.education_science_youth,major_program,14301600,actual,source.mof_2013_programmatic_fact_actual,32 03,პროფესიული განათლება,32 00,საქართველოს განათლებისა და მეცნიერების სამინისტრო,medium,Official depth-2 program. Included because this source-code series reaches at least 100000000 GEL in one or more years.
2013,admin_program.32_04.2900df2d,admin_spending.education_science_youth,major_program,117022900,actual,source.mof_2013_programmatic_fact_actual,32 04,უმაღლესი საგანმანათლებლო და სამეცნიერო კვლევების პროგრამა,32 00,საქართველოს განათლებისა და მეცნიერების სამინისტრო,medium,Official depth-2 program. Included because this source-code series reaches at least 100000000 GEL in one or more years.
2013,admin_program.34_02.d311ea88,admin_spending.health_social_affairs,major_program,39263100,actual,source.mof_2013_programmatic_fact_actual,34 02,განსახლების ადგილებში დევნილთა შენახვა და მათი საცხოვრებელი პირობების გაუმჯობესება,34 00,"საქართველოს ოკუპირებული ტერიტორიებიდან იძულებით გადაადგილებულ პირთა, განსახლებისა და ლტოლვილთა სამინისტრო",medium,Official depth-2 program. Included because this source-code series reaches at least 100000000 GEL in one or more years.
2013,admin_program.35_02.b05a6933,admin_spending.health_social_affairs,major_program,1638535000,actual,source.mof_2013_programmatic_fact_actual,35 02,სოციალური დაცვა და საპენსიო უზრუნველყოფა,35 00,"საქართველოს შრომის, ჯანმრთელობისა და სოციალური დაცვის სამინისტრო",medium,Official depth-2 program. Included because this source-code series reaches at least 100000000 GEL in one or more years.
2013,admin_program.35_03.97e08d1d,admin_spending.health_social_affairs,major_program,435516200,actual,source.mof_2013_programmatic_fact_actual,35 03,ჯანმრთელობის დაცვის პროგრამა,35 00,"საქართველოს შრომის, ჯანმრთელობისა და სოციალური დაცვის სამინისტრო",medium,Official depth-2 program. Included because this source-code series reaches at least 100000000 GEL in one or more years.
2013,admin_program.39_02.5051f55c,admin_spending.sport,major_program,46204600,actual,source.mof_2013_programmatic_fact_actual,39 02,სპორტის განვითარების ხელშეწყობის ღონისძიებები,39 00,საქართველოს სპორტისა და ახალგაზრდობის საქმეთა სამინისტრო,medium,Official depth-2 program. Included because this source-code series reaches at least 100000000 GEL in one or more years.
2014,admin_spending.culture,,admin_category,94063800,actual,source.mof_2014_programmatic_fact_actual,,,,,high,Aggregated from official tavi 6 leaf rows by administrative owner.
2014,admin_spending.debt_service,,admin_category,779134400,actual,source.mof_2014_programmatic_fact_actual,,,,,high,Aggregated from official tavi 6 leaf rows by administrative owner.
2014,admin_spending.defence,,admin_category,667412900,actual,source.mof_2014_programmatic_fact_actual,,,,,high,Aggregated from official tavi 6 leaf rows by administrative owner.
2014,admin_spending.economy_sustainable_development,,admin_category,257055600,actual,source.mof_2014_programmatic_fact_actual,,,,,high,Aggregated from official tavi 6 leaf rows by administrative owner.
2014,admin_spending.education_science_youth,,admin_category,741112800,actual,source.mof_2014_programmatic_fact_actual,,,,,high,Aggregated from official tavi 6 leaf rows by administrative owner.
2014,admin_spending.environment_agriculture,,admin_category,298141200,actual,source.mof_2014_programmatic_fact_actual,,,,,high,Aggregated from official tavi 6 leaf rows by administrative owner.
2014,admin_spending.finance,,admin_category,94521200,actual,source.mof_2014_programmatic_fact_actual,,,,,high,Aggregated from official tavi 6 leaf rows by administrative owner.
2014,admin_spending.foreign_affairs,,admin_category,89372000,actual,source.mof_2014_programmatic_fact_actual,,,,,high,Aggregated from official tavi 6 leaf rows by administrative owner.
2014,admin_spending.health_social_affairs,,admin_category,2692148600,actual,source.mof_2014_programmatic_fact_actual,,,,,high,Aggregated from official tavi 6 leaf rows by administrative owner.
2014,admin_spending.internal_affairs,,admin_category,607111300,actual,source.mof_2014_programmatic_fact_actual,,,,,high,Aggregated from official tavi 6 leaf rows by administrative owner.
2014,admin_spending.justice,,admin_category,220771900,actual,source.mof_2014_programmatic_fact_actual,,,,,high,Aggregated from official tavi 6 leaf rows by administrative owner.
2014,admin_spending.other_costs,,admin_category,1473321200,actual,source.mof_2014_programmatic_fact_actual,,,,,medium,Aggregated from official tavi 6 leaf rows by administrative owner.
2014,admin_spending.regional_development_infrastructure,,admin_category,904963000,actual,source.mof_2014_programmatic_fact_actual,,,,,high,Aggregated from official tavi 6 leaf rows by administrative owner.
2014,admin_spending.sport,,admin_category,90682400,actual,source.mof_2014_programmatic_fact_actual,,,,,high,Aggregated from official tavi 6 leaf rows by administrative owner.
2014,admin_program.09_01.f5bec61a,admin_spending.other_costs,major_program,45818800,actual,source.mof_2014_programmatic_fact_actual,09 01,საერთო სასამართლოების სისტემის განვითარება და ხელშეწყობა,09 00,საერთო სასამართლოები,medium,Official depth-2 program. Included because this source-code series reaches at least 100000000 GEL in one or more years.
2014,admin_program.24_01.e75d1cbc,admin_spending.economy_sustainable_development,major_program,67863400,actual,source.mof_2014_programmatic_fact_actual,24 01,"ეკონომიკური და სექტორული (ტრანსპორტი, მშენებლობა) პოლიტიკა და მისი განხორციელების კოორდინაცია",24 00,საქართველოს ეკონომიკისა და მდგრადი განვითარების სამინისტრო,medium,Official depth-2 program. Included because this source-code series reaches at least 100000000 GEL in one or more years.
2014,admin_program.25_02.4cffd876,admin_spending.regional_development_infrastructure,major_program,526434100,actual,source.mof_2014_programmatic_fact_actual,25 02,საგზაო ინფრასტრუქტურის გაუმჯობესების ღონისძიებები,25 00,საქართველოს რეგიონული განვითარებისა და ინფრასტრუქტურის სამინისტრო,medium,Official depth-2 program. Included because this source-code series reaches at least 100000000 GEL in one or more years.
2014,admin_program.25_03.beff3036,admin_spending.regional_development_infrastructure,major_program,168257500,actual,source.mof_2014_programmatic_fact_actual,25 03,რეგიონული და მუნიციპალური ინფრასტრუქტურის რეაბილიტაცია,25 00,საქართველოს რეგიონული განვითარებისა და ინფრასტრუქტურის სამინისტრო,medium,Official depth-2 program. Included because this source-code series reaches at least 100000000 GEL in one or more years.
2014,admin_program.25_04.eee6b72f,admin_spending.regional_development_infrastructure,major_program,106945400,actual,source.mof_2014_programmatic_fact_actual,25 04,წყალმომარაგების ინფრასტრუქტურის აღდგენა-რეაბილიტაცია,25 00,საქართველოს რეგიონული განვითარებისა და ინფრასტრუქტურის სამინისტრო,medium,Official depth-2 program. Included because this source-code series reaches at least 100000000 GEL in one or more years.
2014,admin_program.26_01.d068f094,admin_spending.justice,major_program,15031400,actual,source.mof_2014_programmatic_fact_actual,26 01,"სამართალშემოქმედებისა და ქვეყნის ინტერესების სამართლებრივი მხარდაჭერის მიზნით სახელმწიფო პოლიტიკის შემუშავება და მართვა, მათ შორის, სისხლის სამართლის სისტემის რეფორმის განხორციელება",26 00,საქართველოს იუსტიციის სამინისტრო,medium,Official depth-2 program. Included because this source-code series reaches at least 100000000 GEL in one or more years.
2014,admin_program.27_01.e72c11e5,admin_spending.justice,major_program,4492500,actual,source.mof_2014_programmatic_fact_actual,27 01,პენიტენციური სისტემის პოლიტიკის შემუშავება და მართვა,27 00,საქართველოს სასჯელაღსრულებისა და პრობაციის სამინისტრო,medium,Official depth-2 program. Included because this source-code series reaches at least 100000000 GEL in one or more years.
2014,admin_program.28_01.10c69e87,admin_spending.foreign_affairs,major_program,89097300,actual,source.mof_2014_programmatic_fact_actual,28 01,საგარეო პოლიტიკის განხორციელება,28 00,საქართველოს საგარეო საქმეთა სამინისტრო,medium,Official depth-2 program. Included because this source-code series reaches at least 100000000 GEL in one or more years.
2014,admin_program.29_01.c41caf84,admin_spending.defence,major_program,599085200,actual,source.mof_2014_programmatic_fact_actual,29 01,შეიარაღებული ძალების მზადყოფნის შენარჩუნება და ამაღლება,29 00,საქართველოს თავდაცვის სამინისტრო,medium,Official depth-2 program. Included because this source-code series reaches at least 100000000 GEL in one or more years.
2014,admin_program.29_02.c4a63f07,admin_spending.defence,major_program,19005600,actual,source.mof_2014_programmatic_fact_actual,29 02,სამხედრო განათლების განვითარება,29 00,საქართველოს თავდაცვის სამინისტრო,medium,Official depth-2 program. Included because this source-code series reaches at least 100000000 GEL in one or more years.
2014,admin_program.32_02.f56c9741,admin_spending.education_science_youth,major_program,435889800,actual,source.mof_2014_programmatic_fact_actual,32 02,ზოგადი განათლება,32 00,საქართველოს განათლებისა და მეცნიერების სამინისტრო,medium,Official depth-2 program. Included because this source-code series reaches at least 100000000 GEL in one or more years.
2014,admin_program.32_03.85c13dd5,admin_spending.education_science_youth,major_program,24582500,actual,source.mof_2014_programmatic_fact_actual,32 03,პროფესიული განათლება,32 00,საქართველოს განათლებისა და მეცნიერების სამინისტრო,medium,Official depth-2 program. Included because this source-code series reaches at least 100000000 GEL in one or more years.
2014,admin_program.32_04.2900df2d,admin_spending.education_science_youth,major_program,134825100,actual,source.mof_2014_programmatic_fact_actual,32 04,უმაღლესი საგანმანათლებლო და სამეცნიერო კვლევების პროგრამა,32 00,საქართველოს განათლებისა და მეცნიერების სამინისტრო,medium,Official depth-2 program. Included because this source-code series reaches at least 100000000 GEL in one or more years.
2014,admin_program.34_02.d311ea88,admin_spending.health_social_affairs,major_program,41090500,actual,source.mof_2014_programmatic_fact_actual,34 02,განსახლების ადგილებში დევნილთა შენახვა და მათი საცხოვრებელი პირობების გაუმჯობესება,34 00,"საქართველოს ოკუპირებული ტერიტორიებიდან იძულებით გადაადგილებულ პირთა, განსახლებისა და ლტოლვილთა სამინისტრო",medium,Official depth-2 program. Included because this source-code series reaches at least 100000000 GEL in one or more years.
2014,admin_program.35_02.b05a6933,admin_spending.health_social_affairs,major_program,1971490600,actual,source.mof_2014_programmatic_fact_actual,35 02,სოციალური დაცვა და საპენსიო უზრუნველყოფა,35 00,"საქართველოს შრომის, ჯანმრთელობისა და სოციალური დაცვის სამინისტრო",medium,Official depth-2 program. Included because this source-code series reaches at least 100000000 GEL in one or more years.
2014,admin_program.35_03.97e08d1d,admin_spending.health_social_affairs,major_program,588279200,actual,source.mof_2014_programmatic_fact_actual,35 03,ჯანმრთელობის დაცვის პროგრამა,35 00,"საქართველოს შრომის, ჯანმრთელობისა და სოციალური დაცვის სამინისტრო",medium,Official depth-2 program. Included because this source-code series reaches at least 100000000 GEL in one or more years.
2014,admin_program.36_03.32145a7e,admin_spending.economy_sustainable_development,major_program,37887800,actual,source.mof_2014_programmatic_fact_actual,36 03,სასისტემო მნიშვნელობის ელექტროგადამცემი ქსელის განვითარება,36 00,საქართველოს ენერგეტიკის სამინისტრო,medium,Official depth-2 program. Included because this source-code series reaches at least 100000000 GEL in one or more years.
2014,admin_program.39_02.5051f55c,admin_spending.sport,major_program,59849000,actual,source.mof_2014_programmatic_fact_actual,39 02,სპორტის განვითარების ხელშეწყობის ღონისძიებები,39 00,საქართველოს სპორტისა და ახალგაზრდობის საქმეთა სამინისტრო,medium,Official depth-2 program. Included because this source-code series reaches at least 100000000 GEL in one or more years.
2015,admin_spending.culture,,admin_category,108493900,actual,source.mof_2015_programmatic_fact_actual,,,,,high,Aggregated from official tavi 6 leaf rows by administrative owner.
2015,admin_spending.debt_service,,admin_category,731023700,actual,source.mof_2015_programmatic_fact_actual,,,,,high,Aggregated from official tavi 6 leaf rows by administrative owner.
2015,admin_spending.defence,,admin_category,679707000,actual,source.mof_2015_programmatic_fact_actual,,,,,high,Aggregated from official tavi 6 leaf rows by administrative owner.
2015,admin_spending.economy_sustainable_development,,admin_category,273529500,actual,source.mof_2015_programmatic_fact_actual,,,,,high,Aggregated from official tavi 6 leaf rows by administrative owner.
2015,admin_spending.education_science_youth,,admin_category,829802400,actual,source.mof_2015_programmatic_fact_actual,,,,,high,Aggregated from official tavi 6 leaf rows by administrative owner.
2015,admin_spending.environment_agriculture,,admin_category,351940000,actual,source.mof_2015_programmatic_fact_actual,,,,,high,Aggregated from official tavi 6 leaf rows by administrative owner.
2015,admin_spending.finance,,admin_category,112711000,actual,source.mof_2015_programmatic_fact_actual,,,,,high,Aggregated from official tavi 6 leaf rows by administrative owner.
2015,admin_spending.foreign_affairs,,admin_category,89498600,actual,source.mof_2015_programmatic_fact_actual,,,,,high,Aggregated from official tavi 6 leaf rows by administrative owner.
2015,admin_spending.health_social_affairs,,admin_category,2979755100,actual,source.mof_2015_programmatic_fact_actual,,,,,high,Aggregated from official tavi 6 leaf rows by administrative owner.
2015,admin_spending.internal_affairs,,admin_category,593666300,actual,source.mof_2015_programmatic_fact_actual,,,,,high,Aggregated from official tavi 6 leaf rows by administrative owner.
2015,admin_spending.justice,,admin_category,244929800,actual,source.mof_2015_programmatic_fact_actual,,,,,high,Aggregated from official tavi 6 leaf rows by administrative owner.
2015,admin_spending.other_costs,,admin_category,1707521400,actual,source.mof_2015_programmatic_fact_actual,,,,,medium,Aggregated from official tavi 6 leaf rows by administrative owner.
2015,admin_spending.regional_development_infrastructure,,admin_category,898398000,actual,source.mof_2015_programmatic_fact_actual,,,,,high,Aggregated from official tavi 6 leaf rows by administrative owner.
2015,admin_spending.sport,,admin_category,102150400,actual,source.mof_2015_programmatic_fact_actual,,,,,high,Aggregated from official tavi 6 leaf rows by administrative owner.
2016,admin_spending.culture,,admin_category,128847700,actual,source.mof_2016_programmatic_fact_actual,,,,,high,Aggregated from official tavi 6 leaf rows by administrative owner.
2016,admin_spending.debt_service,,admin_category,740185700,actual,source.mof_2016_programmatic_fact_actual,,,,,high,Aggregated from official tavi 6 leaf rows by administrative owner.
2016,admin_spending.defence,,admin_category,745977100,actual,source.mof_2016_programmatic_fact_actual,,,,,high,Aggregated from official tavi 6 leaf rows by administrative owner.
2016,admin_spending.economy_sustainable_development,,admin_category,331471600,actual,source.mof_2016_programmatic_fact_actual,,,,,high,Aggregated from official tavi 6 leaf rows by administrative owner.
2016,admin_spending.education_science_youth,,admin_category,954294400,actual,source.mof_2016_programmatic_fact_actual,,,,,high,Aggregated from official tavi 6 leaf rows by administrative owner.
2016,admin_spending.environment_agriculture,,admin_category,371911200,actual,source.mof_2016_programmatic_fact_actual,,,,,high,Aggregated from official tavi 6 leaf rows by administrative owner.
2016,admin_spending.finance,,admin_category,78862500,actual,source.mof_2016_programmatic_fact_actual,,,,,high,Aggregated from official tavi 6 leaf rows by administrative owner.
2016,admin_spending.foreign_affairs,,admin_category,107108100,actual,source.mof_2016_programmatic_fact_actual,,,,,high,Aggregated from official tavi 6 leaf rows by administrative owner.
2016,admin_spending.health_social_affairs,,admin_category,3350477900,actual,source.mof_2016_programmatic_fact_actual,,,,,high,Aggregated from official tavi 6 leaf rows by administrative owner.
2016,admin_spending.internal_affairs,,admin_category,589530800,actual,source.mof_2016_programmatic_fact_actual,,,,,high,Aggregated from official tavi 6 leaf rows by administrative owner.
2016,admin_spending.justice,,admin_category,248236400,actual,source.mof_2016_programmatic_fact_actual,,,,,high,Aggregated from official tavi 6 leaf rows by administrative owner.
2016,admin_spending.other_costs,,admin_category,1544656200,actual,source.mof_2016_programmatic_fact_actual,,,,,medium,Aggregated from official tavi 6 leaf rows by administrative owner.
2016,admin_spending.regional_development_infrastructure,,admin_category,971817600,actual,source.mof_2016_programmatic_fact_actual,,,,,high,Aggregated from official tavi 6 leaf rows by administrative owner.
2016,admin_spending.sport,,admin_category,128856300,actual,source.mof_2016_programmatic_fact_actual,,,,,high,Aggregated from official tavi 6 leaf rows by administrative owner.
2016,admin_program.09_01.f5bec61a,admin_spending.other_costs,major_program,51386100,actual,source.mof_2016_programmatic_fact_actual,09 01,საერთო სასამართლოების სისტემის განვითარება და ხელშეწყობა,09 00,საერთო სასამართლოები,medium,Official depth-2 program. Included because this source-code series reaches at least 100000000 GEL in one or more years.
2016,admin_program.24_01.e75d1cbc,admin_spending.economy_sustainable_development,major_program,109108300,actual,source.mof_2016_programmatic_fact_actual,24 01,"ეკონომიკური და სექტორული (ტრანსპორტი, მშენებლობა) პოლიტიკა და მისი განხორციელების კოორდინაცია",24 00,საქართველოს ეკონომიკისა და მდგრადი განვითარების სამინისტრო,medium,Official depth-2 program. Included because this source-code series reaches at least 100000000 GEL in one or more years.
2016,admin_program.25_02.4cffd876,admin_spending.regional_development_infrastructure,major_program,529797200,actual,source.mof_2016_programmatic_fact_actual,25 02,საგზაო ინფრასტრუქტურის გაუმჯობესების ღონისძიებები,25 00,საქართველოს რეგიონული განვითარებისა და ინფრასტრუქტურის სამინისტრო,medium,Official depth-2 program. Included because this source-code series reaches at least 100000000 GEL in one or more years.
2016,admin_program.25_03.beff3036,admin_spending.regional_development_infrastructure,major_program,245985600,actual,source.mof_2016_programmatic_fact_actual,25 03,რეგიონული და მუნიციპალური ინფრასტრუქტურის რეაბილიტაცია,25 00,საქართველოს რეგიონული განვითარებისა და ინფრასტრუქტურის სამინისტრო,medium,Official depth-2 program. Included because this source-code series reaches at least 100000000 GEL in one or more years.
2016,admin_program.25_04.eee6b72f,admin_spending.regional_development_infrastructure,major_program,166081200,actual,source.mof_2016_programmatic_fact_actual,25 04,წყალმომარაგების ინფრასტრუქტურის აღდგენა-რეაბილიტაცია,25 00,საქართველოს რეგიონული განვითარებისა და ინფრასტრუქტურის სამინისტრო,medium,Official depth-2 program. Included because this source-code series reaches at least 100000000 GEL in one or more years.
2016,admin_program.26_01.d068f094,admin_spending.justice,major_program,38382600,actual,source.mof_2016_programmatic_fact_actual,26 01,"სამართალშემოქმედებისა და ქვეყნის ინტერესების სამართლებრივი მხარდაჭერის მიზნით სახელმწიფო პოლიტიკის შემუშავება და მართვა, მათ შორის, სისხლის სამართლის სისტემის რეფორმის განხორციელება",26 00,საქართველოს იუსტიციის სამინისტრო,medium,Official depth-2 program. Included because this source-code series reaches at least 100000000 GEL in one or more years.
2016,admin_program.27_01.e72c11e5,admin_spending.justice,major_program,134154900,actual,source.mof_2016_programmatic_fact_actual,27 01,საერთაშორისო სტანდარტების შესაბამისი პენიტენციური სისტემის ჩამოყალიბება,27 00,საქართველოს სასჯელაღსრულებისა და პრობაციის სამინისტრო,medium,Official depth-2 program. Included because this source-code series reaches at least 100000000 GEL in one or more years.
2016,admin_program.28_01.10c69e87,admin_spending.foreign_affairs,major_program,106781800,actual,source.mof_2016_programmatic_fact_actual,28 01,საგარეო პოლიტიკის განხორციელება,28 00,საქართველოს საგარეო საქმეთა სამინისტრო,medium,Official depth-2 program. Included because this source-code series reaches at least 100000000 GEL in one or more years.
2016,admin_program.29_01.c41caf84,admin_spending.defence,major_program,494404600,actual,source.mof_2016_programmatic_fact_actual,29 01,შეიარაღებული ძალების საბრძოლო მზადყოფნის შენარჩუნების მხარდაჭერა და შესაძლებლობების განვითარება,29 00,საქართველოს თავდაცვის სამინისტრო,medium,Official depth-2 program. Included because this source-code series reaches at least 100000000 GEL in one or more years.
2016,admin_program.29_02.c4a63f07,admin_spending.defence,major_program,18677500,actual,source.mof_2016_programmatic_fact_actual,29 02,სამხედრო წვრთნა და განათლება,29 00,საქართველოს თავდაცვის სამინისტრო,medium,Official depth-2 program. Included because this source-code series reaches at least 100000000 GEL in one or more years.
2016,admin_program.30_06.99ee9b0c,admin_spending.internal_affairs,major_program,58918600,actual,source.mof_2016_programmatic_fact_actual,30 06,სამოქალაქო უსაფრთხოების დონის ამაღლება,30 00,საქართველოს შინაგან საქმეთა სამინისტრო,medium,Official depth-2 program. Included because this source-code series reaches at least 100000000 GEL in one or more years.
2016,admin_program.32_02.f56c9741,admin_spending.education_science_youth,major_program,576446700,actual,source.mof_2016_programmatic_fact_actual,32 02,ზოგადი განათლება,32 00,საქართველოს განათლებისა და მეცნიერების სამინისტრო,medium,Official depth-2 program. Included because this source-code series reaches at least 100000000 GEL in one or more years.
2016,admin_program.32_03.85c13dd5,admin_spending.education_science_youth,major_program,31474000,actual,source.mof_2016_programmatic_fact_actual,32 03,პროფესიული განათლება,32 00,საქართველოს განათლებისა და მეცნიერების სამინისტრო,medium,Official depth-2 program. Included because this source-code series reaches at least 100000000 GEL in one or more years.
2016,admin_program.32_04.2900df2d,admin_spending.education_science_youth,major_program,114085100,actual,source.mof_2016_programmatic_fact_actual,32 04,უმაღლესი განათლება,32 00,საქართველოს განათლებისა და მეცნიერების სამინისტრო,medium,Official depth-2 program. Included because this source-code series reaches at least 100000000 GEL in one or more years.
2016,admin_program.34_02.d311ea88,admin_spending.health_social_affairs,major_program,73422000,actual,source.mof_2016_programmatic_fact_actual,34 02,განსახლების ადგილებში დევნილთა შენახვა და მათი საცხოვრებელი პირობების გაუმჯობესება,34 00,"საქართველოს ოკუპირებული ტერიტორიებიდან იძულებით გადაადგილებულ პირთა, განსახლებისა და ლტოლვილთა სამინისტრო",medium,Official depth-2 program. Included because this source-code series reaches at least 100000000 GEL in one or more years.
2016,admin_program.35_02.b05a6933,admin_spending.health_social_affairs,major_program,2256684400,actual,source.mof_2016_programmatic_fact_actual,35 02,მოსახლეობის სოციალური დაცვა,35 00,"საქართველოს შრომის, ჯანმრთელობისა და სოციალური დაცვის სამინისტრო",medium,Official depth-2 program. Included because this source-code series reaches at least 100000000 GEL in one or more years.
2016,admin_program.35_03.97e08d1d,admin_spending.health_social_affairs,major_program,920946600,actual,source.mof_2016_programmatic_fact_actual,35 03,მოსახლეობის ჯანმრთელობის დაცვა,35 00,"საქართველოს შრომის, ჯანმრთელობისა და სოციალური დაცვის სამინისტრო",medium,Official depth-2 program. Included because this source-code series reaches at least 100000000 GEL in one or more years.
2016,admin_program.36_03.32145a7e,admin_spending.economy_sustainable_development,major_program,154381700,actual,source.mof_2016_programmatic_fact_actual,36 03,სასისტემო მნიშვნელობის ელექტროგადამცემი ქსელის განვითარება,36 00,საქართველოს ენერგეტიკის სამინისტრო,medium,Official depth-2 program. Included because this source-code series reaches at least 100000000 GEL in one or more years.
2016,admin_program.39_02.5051f55c,admin_spending.sport,major_program,90954100,actual,source.mof_2016_programmatic_fact_actual,39 02,სპორტის განვითარების ხელშეწყობის ღონისძიებები,39 00,საქართველოს სპორტისა და ახალგაზრდობის საქმეთა სამინისტრო,medium,Official depth-2 program. Included because this source-code series reaches at least 100000000 GEL in one or more years.
2017,admin_spending.culture,,admin_category,111180200,actual,source.mof_2017_programmatic_fact_actual,,,,,high,Aggregated from official tavi 6 leaf rows by administrative owner.
2017,admin_spending.debt_service,,admin_category,938986000,actual,source.mof_2017_programmatic_fact_actual,,,,,high,Aggregated from official tavi 6 leaf rows by administrative owner.
2017,admin_spending.defence,,admin_category,770623600,actual,source.mof_2017_programmatic_fact_actual,,,,,high,Aggregated from official tavi 6 leaf rows by administrative owner.
2017,admin_spending.economy_sustainable_development,,admin_category,690024500,actual,source.mof_2017_programmatic_fact_actual,,,,,high,Aggregated from official tavi 6 leaf rows by administrative owner.
2017,admin_spending.education_science_youth,,admin_category,1103575100,actual,source.mof_2017_programmatic_fact_actual,,,,,high,Aggregated from official tavi 6 leaf rows by administrative owner.
2017,admin_spending.environment_agriculture,,admin_category,368068400,actual,source.mof_2017_programmatic_fact_actual,,,,,high,Aggregated from official tavi 6 leaf rows by administrative owner.
2017,admin_spending.finance,,admin_category,80745200,actual,source.mof_2017_programmatic_fact_actual,,,,,high,Aggregated from official tavi 6 leaf rows by administrative owner.
2017,admin_spending.foreign_affairs,,admin_category,116140100,actual,source.mof_2017_programmatic_fact_actual,,,,,high,Aggregated from official tavi 6 leaf rows by administrative owner.
2017,admin_spending.health_social_affairs,,admin_category,3548805100,actual,source.mof_2017_programmatic_fact_actual,,,,,high,Aggregated from official tavi 6 leaf rows by administrative owner.
2017,admin_spending.internal_affairs,,admin_category,607741000,actual,source.mof_2017_programmatic_fact_actual,,,,,high,Aggregated from official tavi 6 leaf rows by administrative owner.
2017,admin_spending.justice,,admin_category,247755500,actual,source.mof_2017_programmatic_fact_actual,,,,,high,Aggregated from official tavi 6 leaf rows by administrative owner.
2017,admin_spending.other_costs,,admin_category,1643584900,actual,source.mof_2017_programmatic_fact_actual,,,,,medium,Aggregated from official tavi 6 leaf rows by administrative owner.
2017,admin_spending.regional_development_infrastructure,,admin_category,1355150300,actual,source.mof_2017_programmatic_fact_actual,,,,,high,Aggregated from official tavi 6 leaf rows by administrative owner.
2017,admin_spending.sport,,admin_category,182455500,actual,source.mof_2017_programmatic_fact_actual,,,,,high,Aggregated from official tavi 6 leaf rows by administrative owner.
2017,admin_program.09_01.f5bec61a,admin_spending.other_costs,major_program,57426100,actual,source.mof_2017_programmatic_fact_actual,09 01,საერთო სასამართლოების სისტემის განვითარება და ხელშეწყობა,09 00,საერთო სასამართლოები,medium,Official depth-2 program. Included because this source-code series reaches at least 100000000 GEL in one or more years.
2017,admin_program.24_01.e75d1cbc,admin_spending.economy_sustainable_development,major_program,27650800,actual,source.mof_2017_programmatic_fact_actual,24 01,ეკონომიკური პოლიტიკის შემუშავება და განხორციელება,24 00,საქართველოს ეკონომიკისა და მდგრადი განვითარების სამინისტრო,medium,Official depth-2 program. Included because this source-code series reaches at least 100000000 GEL in one or more years.
2017,admin_program.24_06.5a885022,admin_spending.economy_sustainable_development,major_program,292228200,actual,source.mof_2017_programmatic_fact_actual,24 06,სახელმწიფო ქონების მართვა,24 00,საქართველოს ეკონომიკისა და მდგრადი განვითარების სამინისტრო,medium,Official depth-2 program. Included because this source-code series reaches at least 100000000 GEL in one or more years.
2017,admin_program.24_07.28016cec,admin_spending.economy_sustainable_development,major_program,39348400,actual,source.mof_2017_programmatic_fact_actual,24 07,მეწარმეობის განვითარება,24 00,საქართველოს ეკონომიკისა და მდგრადი განვითარების სამინისტრო,medium,Official depth-2 program. Included because this source-code series reaches at least 100000000 GEL in one or more years.
2017,admin_program.25_02.4cffd876,admin_spending.regional_development_infrastructure,major_program,873826200,actual,source.mof_2017_programmatic_fact_actual,25 02,საგზაო ინფრასტრუქტურის გაუმჯობესების ღონისძიებები,25 00,საქართველოს რეგიონული განვითარებისა და ინფრასტრუქტურის სამინისტრო,medium,Official depth-2 program. Included because this source-code series reaches at least 100000000 GEL in one or more years.
2017,admin_program.25_03.beff3036,admin_spending.regional_development_infrastructure,major_program,249698300,actual,source.mof_2017_programmatic_fact_actual,25 03,რეგიონული და მუნიციპალური ინფრასტრუქტურის რეაბილიტაცია,25 00,საქართველოს რეგიონული განვითარებისა და ინფრასტრუქტურის სამინისტრო,medium,Official depth-2 program. Included because this source-code series reaches at least 100000000 GEL in one or more years.
2017,admin_program.25_04.eee6b72f,admin_spending.regional_development_infrastructure,major_program,184304800,actual,source.mof_2017_programmatic_fact_actual,25 04,წყალმომარაგების ინფრასტრუქტურის აღდგენა-რეაბილიტაცია,25 00,საქართველოს რეგიონული განვითარებისა და ინფრასტრუქტურის სამინისტრო,medium,Official depth-2 program. Included because this source-code series reaches at least 100000000 GEL in one or more years.
2017,admin_program.25_05.fa6f4fd1,admin_spending.regional_development_infrastructure,major_program,42606000,actual,source.mof_2017_programmatic_fact_actual,25 05,მყარი ნარჩენების მართვის პროგრამა,25 00,საქართველოს რეგიონული განვითარებისა და ინფრასტრუქტურის სამინისტრო,medium,Official depth-2 program. Included because this source-code series reaches at least 100000000 GEL in one or more years.
2017,admin_program.26_01.d068f094,admin_spending.justice,major_program,43242700,actual,source.mof_2017_programmatic_fact_actual,26 01,"სამართალშემოქმედებისა და ქვეყნის ინტერესების სამართლებრივი მხარდაჭერის მიზნით სახელმწიფო პოლიტიკის შემუშავება და მართვა, მათ შორის, სისხლის სამართლის სისტემის რეფორმის განხორციელება",26 00,საქართველოს იუსტიციის სამინისტრო,medium,Official depth-2 program. Included because this source-code series reaches at least 100000000 GEL in one or more years.
2017,admin_program.27_01.e72c11e5,admin_spending.justice,major_program,135655200,actual,source.mof_2017_programmatic_fact_actual,27 01,საერთაშორისო სტანდარტების შესაბამისი პენიტენციური სისტემის ჩამოყალიბება,27 00,საქართველოს სასჯელაღსრულებისა და პრობაციის სამინისტრო,medium,Official depth-2 program. Included because this source-code series reaches at least 100000000 GEL in one or more years.
2017,admin_program.28_01.10c69e87,admin_spending.foreign_affairs,major_program,115823500,actual,source.mof_2017_programmatic_fact_actual,28 01,საგარეო პოლიტიკის განხორციელება,28 00,საქართველოს საგარეო საქმეთა სამინისტრო,medium,Official depth-2 program. Included because this source-code series reaches at least 100000000 GEL in one or more years.
2017,admin_program.29_01.c41caf84,admin_spending.defence,major_program,454469800,actual,source.mof_2017_programmatic_fact_actual,29 01,თავდაცვის მართვა და შესაძლებლობები,29 00,საქართველოს თავდაცვის სამინისტრო,medium,Official depth-2 program. Included because this source-code series reaches at least 100000000 GEL in one or more years.
2017,admin_program.29_02.c4a63f07,admin_spending.defence,major_program,39165300,actual,source.mof_2017_programmatic_fact_actual,29 02,წვრთნა და სამხედრო განათლება,29 00,საქართველოს თავდაცვის სამინისტრო,medium,Official depth-2 program. Included because this source-code series reaches at least 100000000 GEL in one or more years.
2017,admin_program.29_05.a7ad04fb,admin_spending.defence,major_program,38593300,actual,source.mof_2017_programmatic_fact_actual,29 05,ინფრასტრუქტურის განვითარება,29 00,საქართველოს თავდაცვის სამინისტრო,medium,Official depth-2 program. Included because this source-code series reaches at least 100000000 GEL in one or more years.
2017,admin_program.29_08.a366e793,admin_spending.defence,major_program,99079500,actual,source.mof_2017_programmatic_fact_actual,29 08,საქართველოს შეიარაღებული ძალების შესაძლებლობის გაძლიერება (SG),29 00,საქართველოს თავდაცვის სამინისტრო,medium,Official depth-2 program. Included because this source-code series reaches at least 100000000 GEL in one or more years.
2017,admin_program.30_01.acadacc0,admin_spending.internal_affairs,major_program,524332500,actual,source.mof_2017_programmatic_fact_actual,30 01,"საზოგადოებრივი წესრიგი, სახელმწიფო საზღვრის დაცვა და საერთაშორისო თანამშრომლობის განვითარება/გაღრმავება",30 00,საქართველოს შინაგან საქმეთა სამინისტრო,medium,Official depth-2 program. Included because this source-code series reaches at least 100000000 GEL in one or more years.
2017,admin_program.30_06.99ee9b0c,admin_spending.internal_affairs,major_program,61345700,actual,source.mof_2017_programmatic_fact_actual,30 06,სამოქალაქო უსაფრთხოების დონის ამაღლება,30 00,საქართველოს შინაგან საქმეთა სამინისტრო,medium,Official depth-2 program. Included because this source-code series reaches at least 100000000 GEL in one or more years.
2017,admin_program.32_02.f56c9741,admin_spending.education_science_youth,major_program,642603000,actual,source.mof_2017_programmatic_fact_actual,32 02,ზოგადი განათლება,32 00,საქართველოს განათლებისა და მეცნიერების სამინისტრო,medium,Official depth-2 program. Included because this source-code series reaches at least 100000000 GEL in one or more years.
2017,admin_program.32_03.85c13dd5,admin_spending.education_science_youth,major_program,31024800,actual,source.mof_2017_programmatic_fact_actual,32 03,პროფესიული განათლება,32 00,საქართველოს განათლებისა და მეცნიერების სამინისტრო,medium,Official depth-2 program. Included because this source-code series reaches at least 100000000 GEL in one or more years.
2017,admin_program.32_04.2900df2d,admin_spending.education_science_youth,major_program,120066200,actual,source.mof_2017_programmatic_fact_actual,32 04,უმაღლესი განათლება,32 00,საქართველოს განათლებისა და მეცნიერების სამინისტრო,medium,Official depth-2 program. Included because this source-code series reaches at least 100000000 GEL in one or more years.
2017,admin_program.32_07.1f0c1c68,admin_spending.education_science_youth,major_program,116447900,actual,source.mof_2017_programmatic_fact_actual,32 07,საგანმანათლებლო და სამეცნიერო დაწესებულებათა ინფრასტრუქტურის განვითარება,32 00,საქართველოს განათლებისა და მეცნიერების სამინისტრო,medium,Official depth-2 program. Included because this source-code series reaches at least 100000000 GEL in one or more years.
2017,admin_program.32_08.6e97413d,admin_spending.education_science_youth,major_program,100898300,actual,source.mof_2017_programmatic_fact_actual,32 08,ათასწლეულის გამოწვევა საქართველოს,32 00,საქართველოს განათლებისა და მეცნიერების სამინისტრო,medium,Official depth-2 program. Included because this source-code series reaches at least 100000000 GEL in one or more years.
2017,admin_program.34_02.d311ea88,admin_spending.health_social_affairs,major_program,87269800,actual,source.mof_2017_programmatic_fact_actual,34 02,განსახლების ადგილებში დევნილთა შენახვა და მათი საცხოვრებელი პირობების გაუმჯობესება,34 00,"საქართველოს ოკუპირებული ტერიტორიებიდან იძულებით გადაადგილებულ პირთა, განსახლებისა და ლტოლვილთა სამინისტრო",medium,Official depth-2 program. Included because this source-code series reaches at least 100000000 GEL in one or more years.
2017,admin_program.35_02.b05a6933,admin_spending.health_social_affairs,major_program,2400747300,actual,source.mof_2017_programmatic_fact_actual,35 02,მოსახლეობის სოციალური დაცვა,35 00,"საქართველოს შრომის, ჯანმრთელობისა და სოციალური დაცვის სამინისტრო",medium,Official depth-2 program. Included because this source-code series reaches at least 100000000 GEL in one or more years.
2017,admin_program.35_03.97e08d1d,admin_spending.health_social_affairs,major_program,964119500,actual,source.mof_2017_programmatic_fact_actual,35 03,მოსახლეობის ჯანმრთელობის დაცვა,35 00,"საქართველოს შრომის, ჯანმრთელობისა და სოციალური დაცვის სამინისტრო",medium,Official depth-2 program. Included because this source-code series reaches at least 100000000 GEL in one or more years.
2017,admin_program.36_03.32145a7e,admin_spending.economy_sustainable_development,major_program,112414200,actual,source.mof_2017_programmatic_fact_actual,36 03,სასისტემო მნიშვნელობის ელექტროგადამცემი ქსელის განვითარება,36 00,საქართველოს ენერგეტიკის სამინისტრო,medium,Official depth-2 program. Included because this source-code series reaches at least 100000000 GEL in one or more years.
2017,admin_program.37_05.6bd133f0,admin_spending.environment_agriculture,major_program,115613700,actual,source.mof_2017_programmatic_fact_actual,37 05,ერთიანი აგროპროექტი,37 00,საქართველოს სოფლის მეურნეობის სამინისტრო,medium,Official depth-2 program. Included because this source-code series reaches at least 100000000 GEL in one or more years.
2017,admin_program.37_07.cfadca23,admin_spending.environment_agriculture,major_program,106518000,actual,source.mof_2017_programmatic_fact_actual,37 07,სამელიორაციო სისტემების მოდერნიზაცია და აგროსექტორის განვითარების ხელშეწყობა,37 00,საქართველოს სოფლის მეურნეობის სამინისტრო,medium,Official depth-2 program. Included because this source-code series reaches at least 100000000 GEL in one or more years.
2017,admin_program.39_02.5051f55c,admin_spending.sport,major_program,149987300,actual,source.mof_2017_programmatic_fact_actual,39 02,სპორტის განვითარების ხელშეწყობის ღონისძიებები,39 00,საქართველოს სპორტისა და ახალგაზრდობის საქმეთა სამინისტრო,medium,Official depth-2 program. Included because this source-code series reaches at least 100000000 GEL in one or more years.
2017,admin_program.60_01.9a7ae70b,admin_spending.debt_service,major_program,664910900,actual,source.mof_2017_programmatic_fact_actual,60 01,საგარეო სახელმწიფო ვალდებულებების მომსახურება და დაფარვა,60 00,საერთო სახელმწიფოებრივი მნიშვნელობის გადასახდელები,medium,Official depth-2 program. Included because this source-code series reaches at least 100000000 GEL in one or more years.
2017,admin_program.60_02.5bd3b32a,admin_spending.debt_service,major_program,274075100,actual,source.mof_2017_programmatic_fact_actual,60 02,საშინაო სახელმწიფო ვალდებულებების მომსახურება და დაფარვა,60 00,საერთო სახელმწიფოებრივი მნიშვნელობის გადასახდელები,medium,Official depth-2 program. Included because this source-code series reaches at least 100000000 GEL in one or more years.
2017,admin_program.60_04.c1a789e0,admin_spending.other_costs,major_program,941967400,actual,source.mof_2017_programmatic_fact_actual,60 04,ავტონომიური რესპუბლიკებისა და ადგილობრივი თვითმმართველი ერთეულებისათვის გადასაცემი ტრანსფერები,60 00,საერთო სახელმწიფოებრივი მნიშვნელობის გადასახდელები,medium,Official depth-2 program. Included because this source-code series reaches at least 100000000 GEL in one or more years.
2017,admin_program.60_12.777eaddb,admin_spending.other_costs,major_program,104450100,actual,source.mof_2017_programmatic_fact_actual,60 12,დონორების მიერ დაფინანსებული საერთო სახელმწიფოებრივი გადასახდელები,60 00,საერთო სახელმწიფოებრივი მნიშვნელობის გადასახდელები,medium,Official depth-2 program. Included because this source-code series reaches at least 100000000 GEL in one or more years.
2018,admin_spending.culture,,admin_category,160103420,actual,source.mof_2018_programmatic_fact_actual,,,,,high,Aggregated from official tavi 6 leaf rows by administrative owner.
2018,admin_spending.debt_service,,admin_category,1262890471,actual,source.mof_2018_programmatic_fact_actual,,,,,high,Aggregated from official tavi 6 leaf rows by administrative owner.
2018,admin_spending.defence,,admin_category,814737700,actual,source.mof_2018_programmatic_fact_actual,,,,,high,Aggregated from official tavi 6 leaf rows by administrative owner.
2018,admin_spending.economy_sustainable_development,,admin_category,227528257,actual,source.mof_2018_programmatic_fact_actual,,,,,high,Aggregated from official tavi 6 leaf rows by administrative owner.
2018,admin_spending.education_science_youth,,admin_category,1199799684,actual,source.mof_2018_programmatic_fact_actual,,,,,high,Aggregated from official tavi 6 leaf rows by administrative owner.
2018,admin_spending.environment_agriculture,,admin_category,263009181,actual,source.mof_2018_programmatic_fact_actual,,,,,high,Aggregated from official tavi 6 leaf rows by administrative owner.
2018,admin_spending.finance,,admin_category,76380450,actual,source.mof_2018_programmatic_fact_actual,,,,,high,Aggregated from official tavi 6 leaf rows by administrative owner.
2018,admin_spending.foreign_affairs,,admin_category,143707086,actual,source.mof_2018_programmatic_fact_actual,,,,,high,Aggregated from official tavi 6 leaf rows by administrative owner.
2018,admin_spending.health_social_affairs,,admin_category,3695606017,actual,source.mof_2018_programmatic_fact_actual,,,,,high,Aggregated from official tavi 6 leaf rows by administrative owner.
2018,admin_spending.internal_affairs,,admin_category,603761846,actual,source.mof_2018_programmatic_fact_actual,,,,,high,Aggregated from official tavi 6 leaf rows by administrative owner.
2018,admin_spending.justice,,admin_category,240353968,actual,source.mof_2018_programmatic_fact_actual,,,,,high,Aggregated from official tavi 6 leaf rows by administrative owner.
2018,admin_spending.other_costs,,admin_category,2088761917,actual,source.mof_2018_programmatic_fact_actual,,,,,medium,Aggregated from official tavi 6 leaf rows by administrative owner.
2018,admin_spending.regional_development_infrastructure,,admin_category,1661664449,actual,source.mof_2018_programmatic_fact_actual,,,,,high,Aggregated from official tavi 6 leaf rows by administrative owner.
2018,admin_spending.sport,,admin_category,151877171,actual,source.mof_2018_programmatic_fact_actual,,,,,high,Aggregated from official tavi 6 leaf rows by administrative owner.
2018,admin_program.09_01.f5bec61a,admin_spending.other_costs,major_program,65375941,actual,source.mof_2018_programmatic_fact_actual,09 01,საერთო სასამართლოების სისტემის განვითარება და ხელშეწყობა,09 00,საერთო სასამართლოები,medium,Official depth-2 program. Included because this source-code series reaches at least 100000000 GEL in one or more years.
2018,admin_program.20_01.64d3902d,admin_spending.other_costs,major_program,111660015,actual,source.mof_2018_programmatic_fact_actual,20 01,სახელმწიფო უსაფრთხოების უზრუნველყოფა,20 00,საქართველოს სახელმწიფო უსაფრთხოების სამსახური,medium,Official depth-2 program. Included because this source-code series reaches at least 100000000 GEL in one or more years.
2018,admin_program.24_01.e75d1cbc,admin_spending.economy_sustainable_development,major_program,15904397,actual,source.mof_2018_programmatic_fact_actual,24 01,ეკონომიკური პოლიტიკის შემუშავება და განხორციელება,24 00,საქართველოს ეკონომიკისა და მდგრადი განვითარების სამინისტრო,medium,Official depth-2 program. Included because this source-code series reaches at least 100000000 GEL in one or more years.
2018,admin_program.24_06.5a885022,admin_spending.economy_sustainable_development,major_program,60842055,actual,source.mof_2018_programmatic_fact_actual,24 06,სახელმწიფო ქონების მართვა,24 00,საქართველოს ეკონომიკისა და მდგრადი განვითარების სამინისტრო,medium,Official depth-2 program. Included because this source-code series reaches at least 100000000 GEL in one or more years.
2018,admin_program.24_07.28016cec,admin_spending.economy_sustainable_development,major_program,39229054,actual,source.mof_2018_programmatic_fact_actual,24 07,მეწარმეობის განვითარება,24 00,საქართველოს ეკონომიკისა და მდგრადი განვითარების სამინისტრო,medium,Official depth-2 program. Included because this source-code series reaches at least 100000000 GEL in one or more years.
2018,admin_program.24_14.6c3a02c8,admin_spending.economy_sustainable_development,major_program,34269526,actual,source.mof_2018_programmatic_fact_actual,24 14,სასისტემო მნიშვნელობის ელექტროგადამცემი ქსელის განვითარება,24 00,საქართველოს ეკონომიკისა და მდგრადი განვითარების სამინისტრო,medium,Official depth-2 program. Included because this source-code series reaches at least 100000000 GEL in one or more years.
2018,admin_program.24_15.155784ea,admin_spending.economy_sustainable_development,major_program,5116076,actual,source.mof_2018_programmatic_fact_actual,24 15,მოსახლეობის ელეტროენერგიითა და ბუნებრივი აირით მომარაგების გაუმჯობესება,24 00,საქართველოს ეკონომიკისა და მდგრადი განვითარების სამინისტრო,medium,Official depth-2 program. Included because this source-code series reaches at least 100000000 GEL in one or more years.
2018,admin_program.25_02.4cffd876,admin_spending.regional_development_infrastructure,major_program,1204329593,actual,source.mof_2018_programmatic_fact_actual,25 02,საგზაო ინფრასტრუქტურის გაუმჯობესების ღონისძიებები,25 00,საქართველოს რეგიონული განვითარებისა და ინფრასტრუქტურის სამინისტრო,medium,Official depth-2 program. Included because this source-code series reaches at least 100000000 GEL in one or more years.
2018,admin_program.25_03.beff3036,admin_spending.regional_development_infrastructure,major_program,245786873,actual,source.mof_2018_programmatic_fact_actual,25 03,რეგიონული და მუნიციპალური ინფრასტრუქტურის რეაბილიტაცია,25 00,საქართველოს რეგიონული განვითარებისა და ინფრასტრუქტურის სამინისტრო,medium,Official depth-2 program. Included because this source-code series reaches at least 100000000 GEL in one or more years.
2018,admin_program.25_04.eee6b72f,admin_spending.regional_development_infrastructure,major_program,195229005,actual,source.mof_2018_programmatic_fact_actual,25 04,წყალმომარაგების ინფრასტრუქტურის აღდგენა-რეაბილიტაცია,25 00,საქართველოს რეგიონული განვითარებისა და ინფრასტრუქტურის სამინისტრო,medium,Official depth-2 program. Included because this source-code series reaches at least 100000000 GEL in one or more years.
2018,admin_program.25_05.fa6f4fd1,admin_spending.regional_development_infrastructure,major_program,9861027,actual,source.mof_2018_programmatic_fact_actual,25 05,მყარი ნარჩენების მართვის პროგრამა,25 00,საქართველოს რეგიონული განვითარებისა და ინფრასტრუქტურის სამინისტრო,medium,Official depth-2 program. Included because this source-code series reaches at least 100000000 GEL in one or more years.
2018,admin_program.26_01.d068f094,admin_spending.justice,major_program,28298149,actual,source.mof_2018_programmatic_fact_actual,26 01,"სამართალშემოქმედებისა და ქვეყნის ინტერესების სამართლებრივი მხარდაჭერის მიზნით სახელმწიფო პოლიტიკის შემუშავება და მართვა, მათ შორის, სისხლის სამართლის სისტემის რეფორმის განხორციელება",26 00,საქართველოს იუსტიციის სამინისტრო,medium,Official depth-2 program. Included because this source-code series reaches at least 100000000 GEL in one or more years.
2018,admin_program.27_01.e72c11e5,admin_spending.justice,major_program,143433690,actual,source.mof_2018_programmatic_fact_actual,27 01,საერთაშორისო სტანდარტების შესაბამისი პენიტენციური სისტემის ჩამოყალიბება,27 00,საქართველოს სასჯელაღსრულებისა და პრობაციის სამინისტრო,medium,Official depth-2 program. Included because this source-code series reaches at least 100000000 GEL in one or more years.
2018,admin_program.28_01.10c69e87,admin_spending.foreign_affairs,major_program,142155718,actual,source.mof_2018_programmatic_fact_actual,28 01,საგარეო პოლიტიკის განხორციელება,28 00,საქართველოს საგარეო საქმეთა სამინისტრო,medium,Official depth-2 program. Included because this source-code series reaches at least 100000000 GEL in one or more years.
2018,admin_program.29_01.c41caf84,admin_spending.defence,major_program,307468783,actual,source.mof_2018_programmatic_fact_actual,29 01,თავდაცვის მართვა,29 00,საქართველოს თავდაცვის სამინისტრო,medium,Official depth-2 program. Included because this source-code series reaches at least 100000000 GEL in one or more years.
2018,admin_program.29_02.c4a63f07,admin_spending.defence,major_program,43541284,actual,source.mof_2018_programmatic_fact_actual,29 02,პროფესიული სამხედრო განათლება,29 00,საქართველოს თავდაცვის სამინისტრო,medium,Official depth-2 program. Included because this source-code series reaches at least 100000000 GEL in one or more years.
2018,admin_program.29_05.a7ad04fb,admin_spending.defence,major_program,20168296,actual,source.mof_2018_programmatic_fact_actual,29 05,ინფრასტრუქტურის განვითარება,29 00,საქართველოს თავდაცვის სამინისტრო,medium,Official depth-2 program. Included because this source-code series reaches at least 100000000 GEL in one or more years.
2018,admin_program.29_08.a366e793,admin_spending.defence,major_program,124550427,actual,source.mof_2018_programmatic_fact_actual,29 08,თავდაცვის შესაძლებლობების შენარჩუნება/განვითარება,29 00,საქართველოს თავდაცვის სამინისტრო,medium,Official depth-2 program. Included because this source-code series reaches at least 100000000 GEL in one or more years.
2018,admin_program.29_09.6c92e31a,admin_spending.defence,major_program,140868914,actual,source.mof_2018_programmatic_fact_actual,29 09,ლოგისტიკური უზრუნველყოფა,29 00,საქართველოს თავდაცვის სამინისტრო,medium,Official depth-2 program. Included because this source-code series reaches at least 100000000 GEL in one or more years.
2018,admin_program.30_01.acadacc0,admin_spending.internal_affairs,major_program,582890059,actual,source.mof_2018_programmatic_fact_actual,30 01,"საზოგადოებრივი წესრიგი, სახელმწიფო საზღვრის დაცვა და საერთაშორისო თანამშრომლობის განვითარება/გაღრმავება",30 00,საქართველოს შინაგან საქმეთა სამინისტრო,medium,Official depth-2 program. Included because this source-code series reaches at least 100000000 GEL in one or more years.
2018,admin_program.31_03.c8e552ff,admin_spending.environment_agriculture,major_program,9168058,actual,source.mof_2018_programmatic_fact_actual,31 03,მევენახეობა-მეღვინეობის განვითარება,31 00,საქართველოს გარემოს დაცვისა და სოფლის მეურნეობის სამინისტრო,medium,Official depth-2 program. Included because this source-code series reaches at least 100000000 GEL in one or more years.
2018,admin_program.31_05.ab7362d3,admin_spending.environment_agriculture,major_program,101688710,actual,source.mof_2018_programmatic_fact_actual,31 05,ერთიანი აგროპროექტი,31 00,საქართველოს გარემოს დაცვისა და სოფლის მეურნეობის სამინისტრო,medium,Official depth-2 program. Included because this source-code series reaches at least 100000000 GEL in one or more years.
2018,admin_program.32_02.f56c9741,admin_spending.education_science_youth,major_program,676207282,actual,source.mof_2018_programmatic_fact_actual,32 02,სკოლამდელი და ზოგადი განათლება,32 00,საქართველოს განათლებისა და მეცნიერების სამინისტრო,medium,Official depth-2 program. Included because this source-code series reaches at least 100000000 GEL in one or more years.
2018,admin_program.32_03.85c13dd5,admin_spending.education_science_youth,major_program,31586993,actual,source.mof_2018_programmatic_fact_actual,32 03,პროფესიული განათლება,32 00,საქართველოს განათლებისა და მეცნიერების სამინისტრო,medium,Official depth-2 program. Included because this source-code series reaches at least 100000000 GEL in one or more years.
2018,admin_program.32_04.2900df2d,admin_spending.education_science_youth,major_program,153765593,actual,source.mof_2018_programmatic_fact_actual,32 04,უმაღლესი განათლება,32 00,საქართველოს განათლებისა და მეცნიერების სამინისტრო,medium,Official depth-2 program. Included because this source-code series reaches at least 100000000 GEL in one or more years.
2018,admin_program.32_07.1f0c1c68,admin_spending.education_science_youth,major_program,102858319,actual,source.mof_2018_programmatic_fact_actual,32 07,საგანმანათლებლო და სამეცნიერო დაწესებულებათა ინფრასტრუქტურის განვითარება,32 00,საქართველოს განათლებისა და მეცნიერების სამინისტრო,medium,Official depth-2 program. Included because this source-code series reaches at least 100000000 GEL in one or more years.
2018,admin_program.32_09.22d64905,admin_spending.education_science_youth,major_program,111357873,actual,source.mof_2018_programmatic_fact_actual,32 09,ათასწლეულის გამოწვევა საქართველოს - მეორე პროექტი,32 00,საქართველოს განათლებისა და მეცნიერების სამინისტრო,medium,Official depth-2 program. Included because this source-code series reaches at least 100000000 GEL in one or more years.
2018,admin_program.33_05.fe70dbe3,admin_spending.sport,major_program,151877171,actual,source.mof_2018_programmatic_fact_actual,33 05,სპორტის განვითარების ხელშეწყობა,33 00,საქართველოს კულტურისა და სპორტის სამინისტრო,medium,Official depth-2 program. Included because this source-code series reaches at least 100000000 GEL in one or more years.
2018,admin_program.34_02.d311ea88,admin_spending.health_social_affairs,major_program,127130681,actual,source.mof_2018_programmatic_fact_actual,34 02,განსახლების ადგილებში დევნილთა შენახვა და მათი საცხოვრებელი პირობების გაუმჯობესება,34 00,"საქართველოს ოკუპირებული ტერიტორიებიდან იძულებით გადაადგილებულ პირთა, განსახლებისა და ლტოლვილთა სამინისტრო",medium,Official depth-2 program. Included because this source-code series reaches at least 100000000 GEL in one or more years.
2018,admin_program.35_02.b05a6933,admin_spending.health_social_affairs,major_program,2439064904,actual,source.mof_2018_programmatic_fact_actual,35 02,მოსახლეობის სოციალური დაცვა,35 00,"საქართველოს შრომის, ჯანმრთელობისა და სოციალური დაცვის სამინისტრო",medium,Official depth-2 program. Included because this source-code series reaches at least 100000000 GEL in one or more years.
2018,admin_program.35_03.97e08d1d,admin_spending.health_social_affairs,major_program,1031573006,actual,source.mof_2018_programmatic_fact_actual,35 03,მოსახლეობის ჯანმრთელობის დაცვა,35 00,"საქართველოს შრომის, ჯანმრთელობისა და სოციალური დაცვის სამინისტრო",medium,Official depth-2 program. Included because this source-code series reaches at least 100000000 GEL in one or more years.
2018,admin_program.56_01.8f7686af,admin_spending.debt_service,major_program,983556204,actual,source.mof_2018_programmatic_fact_actual,56 01,საგარეო სახელმწიფო ვალდებულებების მომსახურება და დაფარვა,56 00,საერთო-სახელმწიფოებრივი მნიშვნელობის გადასახდელები,medium,Official depth-2 program. Included because this source-code series reaches at least 100000000 GEL in one or more years.
2018,admin_program.56_02.52901c5f,admin_spending.debt_service,major_program,279334267,actual,source.mof_2018_programmatic_fact_actual,56 02,საშინაო სახელმწიფო ვალდებულებების მომსახურება და დაფარვა,56 00,საერთო-სახელმწიფოებრივი მნიშვნელობის გადასახდელები,medium,Official depth-2 program. Included because this source-code series reaches at least 100000000 GEL in one or more years.
2018,admin_program.56_04.95c530cc,admin_spending.other_costs,major_program,1241708134,actual,source.mof_2018_programmatic_fact_actual,56 04,ავტონომიური რესპუბლიკებისა და ადგილობრივი თვითმმართველი ერთეულებისათვის გადასაცემი ტრანსფერები,56 00,საერთო-სახელმწიფოებრივი მნიშვნელობის გადასახდელები,medium,Official depth-2 program. Included because this source-code series reaches at least 100000000 GEL in one or more years.
2018,admin_program.56_13.d924c9b8,admin_spending.other_costs,major_program,45728882,actual,source.mof_2018_programmatic_fact_actual,56 13,დონორების მიერ დაფინანსებული საერთო-სახელმწიფოებრივი გადასახდელები,56 00,საერთო-სახელმწიფოებრივი მნიშვნელობის გადასახდელები,medium,Official depth-2 program. Included because this source-code series reaches at least 100000000 GEL in one or more years.
2019,admin_spending.culture,,admin_category,151293400,actual,source.mof_2019_programmatic_fact_actual,,,,,high,Aggregated from official tavi 6 leaf rows by administrative owner.
2019,admin_spending.debt_service,,admin_category,1561462900,actual,source.mof_2019_programmatic_fact_actual,,,,,high,Aggregated from official tavi 6 leaf rows by administrative owner.
2019,admin_spending.defence,,admin_category,822882700,actual,source.mof_2019_programmatic_fact_actual,,,,,high,Aggregated from official tavi 6 leaf rows by administrative owner.
2019,admin_spending.economy_sustainable_development,,admin_category,260409400,actual,source.mof_2019_programmatic_fact_actual,,,,,high,Aggregated from official tavi 6 leaf rows by administrative owner.
2019,admin_spending.education_science_youth,,admin_category,1367359100,actual,source.mof_2019_programmatic_fact_actual,,,,,high,Aggregated from official tavi 6 leaf rows by administrative owner.
2019,admin_spending.environment_agriculture,,admin_category,358044700,actual,source.mof_2019_programmatic_fact_actual,,,,,high,Aggregated from official tavi 6 leaf rows by administrative owner.
2019,admin_spending.finance,,admin_category,86059000,actual,source.mof_2019_programmatic_fact_actual,,,,,high,Aggregated from official tavi 6 leaf rows by administrative owner.
2019,admin_spending.foreign_affairs,,admin_category,148256700,actual,source.mof_2019_programmatic_fact_actual,,,,,high,Aggregated from official tavi 6 leaf rows by administrative owner.
2019,admin_spending.health_social_affairs,,admin_category,4055432300,actual,source.mof_2019_programmatic_fact_actual,,,,,high,Aggregated from official tavi 6 leaf rows by administrative owner.
2019,admin_spending.internal_affairs,,admin_category,774400300,actual,source.mof_2019_programmatic_fact_actual,,,,,high,Aggregated from official tavi 6 leaf rows by administrative owner.
2019,admin_spending.justice,,admin_category,221110800,actual,source.mof_2019_programmatic_fact_actual,,,,,high,Aggregated from official tavi 6 leaf rows by administrative owner.
2019,admin_spending.other_costs,,admin_category,1410332900,actual,source.mof_2019_programmatic_fact_actual,,,,,medium,Aggregated from official tavi 6 leaf rows by administrative owner.
2019,admin_spending.regional_development_infrastructure,,admin_category,2121193300,actual,source.mof_2019_programmatic_fact_actual,,,,,high,Aggregated from official tavi 6 leaf rows by administrative owner.
2019,admin_spending.sport,,admin_category,131451700,actual,source.mof_2019_programmatic_fact_actual,,,,,high,Aggregated from official tavi 6 leaf rows by administrative owner.
2019,admin_program.06_04.674b2aee,admin_spending.other_costs,major_program,4672500,actual,source.mof_2019_programmatic_fact_actual,06 04,არჩევნების ჩატარების ღონისძიებები,06 00,საქართველოს ცენტრალური საარჩევნო კომისია,medium,Official depth-2 program. Included because this source-code series reaches at least 100000000 GEL in one or more years.
2019,admin_program.09_01.f5bec61a,admin_spending.other_costs,major_program,70927500,actual,source.mof_2019_programmatic_fact_actual,09 01,საერთო სასამართლოების სისტემის განვითარება და ხელშეწყობა,09 00,საერთო სასამართლოები,medium,Official depth-2 program. Included because this source-code series reaches at least 100000000 GEL in one or more years.
2019,admin_program.20_01.64d3902d,admin_spending.other_costs,major_program,114971100,actual,source.mof_2019_programmatic_fact_actual,20 01,სახელმწიფო უსაფრთხოების უზრუნველყოფა,20 00,საქართველოს სახელმწიფო უსაფრთხოების სამსახური,medium,Official depth-2 program. Included because this source-code series reaches at least 100000000 GEL in one or more years.
2019,admin_program.24_01.e75d1cbc,admin_spending.economy_sustainable_development,major_program,20906300,actual,source.mof_2019_programmatic_fact_actual,24 01,ეკონომიკური პოლიტიკის შემუშავება და განხორციელება,24 00,საქართველოს ეკონომიკისა და მდგრადი განვითარების სამინისტრო,medium,Official depth-2 program. Included because this source-code series reaches at least 100000000 GEL in one or more years.
2019,admin_program.24_06.5a885022,admin_spending.economy_sustainable_development,major_program,28714000,actual,source.mof_2019_programmatic_fact_actual,24 06,სახელმწიფო ქონების მართვა,24 00,საქართველოს ეკონომიკისა და მდგრადი განვითარების სამინისტრო,medium,Official depth-2 program. Included because this source-code series reaches at least 100000000 GEL in one or more years.
2019,admin_program.24_07.28016cec,admin_spending.economy_sustainable_development,major_program,42434200,actual,source.mof_2019_programmatic_fact_actual,24 07,მეწარმეობის განვითარება,24 00,საქართველოს ეკონომიკისა და მდგრადი განვითარების სამინისტრო,medium,Official depth-2 program. Included because this source-code series reaches at least 100000000 GEL in one or more years.
2019,admin_program.24_14.6c3a02c8,admin_spending.economy_sustainable_development,major_program,21046700,actual,source.mof_2019_programmatic_fact_actual,24 14,სასისტემო მნიშვნელობის ელექტროგადამცემი ქსელის განვითარება,24 00,საქართველოს ეკონომიკისა და მდგრადი განვითარების სამინისტრო,medium,Official depth-2 program. Included because this source-code series reaches at least 100000000 GEL in one or more years.
2019,admin_program.24_15.155784ea,admin_spending.economy_sustainable_development,major_program,44677800,actual,source.mof_2019_programmatic_fact_actual,24 15,მოსახლეობის ელექტროენერგიითა და ბუნებრივი აირით მომარაგების გაუმჯობესება,24 00,საქართველოს ეკონომიკისა და მდგრადი განვითარების სამინისტრო,medium,Official depth-2 program. Included because this source-code series reaches at least 100000000 GEL in one or more years.
2019,admin_program.25_02.4cffd876,admin_spending.regional_development_infrastructure,major_program,1395841200,actual,source.mof_2019_programmatic_fact_actual,25 02,საგზაო ინფრასტრუქტურის გაუმჯობესების ღონისძიებები,25 00,საქართველოს რეგიონული განვითარებისა და ინფრასტრუქტურის სამინისტრო,medium,Official depth-2 program. Included because this source-code series reaches at least 100000000 GEL in one or more years.
2019,admin_program.25_03.beff3036,admin_spending.regional_development_infrastructure,major_program,253899400,actual,source.mof_2019_programmatic_fact_actual,25 03,რეგიონული და მუნიციპალური ინფრასტრუქტურის რეაბილიტაცია,25 00,საქართველოს რეგიონული განვითარებისა და ინფრასტრუქტურის სამინისტრო,medium,Official depth-2 program. Included because this source-code series reaches at least 100000000 GEL in one or more years.
2019,admin_program.25_04.eee6b72f,admin_spending.regional_development_infrastructure,major_program,294169700,actual,source.mof_2019_programmatic_fact_actual,25 04,წყალმომარაგების ინფრასტრუქტურის აღდგენა-რეაბილიტაცია,25 00,საქართველოს რეგიონული განვითარებისა და ინფრასტრუქტურის სამინისტრო,medium,Official depth-2 program. Included because this source-code series reaches at least 100000000 GEL in one or more years.
2019,admin_program.25_05.fa6f4fd1,admin_spending.regional_development_infrastructure,major_program,21099300,actual,source.mof_2019_programmatic_fact_actual,25 05,მყარი ნარჩენების მართვის პროგრამა,25 00,საქართველოს რეგიონული განვითარებისა და ინფრასტრუქტურის სამინისტრო,medium,Official depth-2 program. Included because this source-code series reaches at least 100000000 GEL in one or more years.
2019,admin_program.25_07.b8f22b79,admin_spending.regional_development_infrastructure,major_program,77211800,actual,source.mof_2019_programmatic_fact_actual,25 07,ზოგადსაგანმანათლებლო ინფრასტრუქტურის მშენებლობა და რეაბილიტაცია,25 00,საქართველოს რეგიონული განვითარებისა და ინფრასტრუქტურის სამინისტრო,medium,Official depth-2 program. Included because this source-code series reaches at least 100000000 GEL in one or more years.
2019,admin_program.26_01.d068f094,admin_spending.justice,major_program,35827000,actual,source.mof_2019_programmatic_fact_actual,26 01,"სამართალშემოქმედებისა და ქვეყნის ინტერესების სამართლებრივი მხარდაჭერის მიზნით სახელმწიფო პოლიტიკის შემუშავება და მართვა, მათ შორის, სისხლის სამართლის სისტემის რეფორმის განხორციელება",26 00,საქართველოს იუსტიციის სამინისტრო,medium,Official depth-2 program. Included because this source-code series reaches at least 100000000 GEL in one or more years.
2019,admin_program.26_02.652b3ee4,admin_spending.justice,major_program,143706300,actual,source.mof_2019_programmatic_fact_actual,26 02,საერთაშორისო სტანდარტების შესაბამისი პენიტენციური სისტემის ჩამოყალიბება,26 00,საქართველოს იუსტიციის სამინისტრო,medium,Official depth-2 program. Included because this source-code series reaches at least 100000000 GEL in one or more years.
2019,admin_program.27_01.985ee587,admin_spending.health_social_affairs,major_program,63943700,actual,source.mof_2019_programmatic_fact_actual,27 01,"ოკუპირებული ტერიტორიებიდან დევნილთა, შრომის, ჯანმრთელობისა და სოციალური დაცვის პროგრამების მართვა",27 00,"საქართველოს ოკუპირებული ტერიტორიებიდან დევნილთა, შრომის, ჯანმრთელობისა და სოციალური დაცვის სამინისტრო",medium,Official depth-2 program. Included because this source-code series reaches at least 100000000 GEL in one or more years.
2019,admin_program.27_02.56e31b26,admin_spending.health_social_affairs,major_program,2770422000,actual,source.mof_2019_programmatic_fact_actual,27 02,მოსახლეობის სოციალური დაცვა,27 00,"საქართველოს ოკუპირებული ტერიტორიებიდან დევნილთა, შრომის, ჯანმრთელობისა და სოციალური დაცვის სამინისტრო",medium,Official depth-2 program. Included because this source-code series reaches at least 100000000 GEL in one or more years.
2019,admin_program.27_03.0e2913c7,admin_spending.health_social_affairs,major_program,1136849500,actual,source.mof_2019_programmatic_fact_actual,27 03,მოსახლეობის ჯანმრთელობის დაცვა,27 00,"საქართველოს ოკუპირებული ტერიტორიებიდან დევნილთა, შრომის, ჯანმრთელობისა და სოციალური დაცვის სამინისტრო",medium,Official depth-2 program. Included because this source-code series reaches at least 100000000 GEL in one or more years.
2019,admin_program.27_05.35edf475,admin_spending.health_social_affairs,major_program,3023000,actual,source.mof_2019_programmatic_fact_actual,27 05,შრომისა და დასაქმების სისტემის რეფორმების პროგრამა,27 00,"საქართველოს ოკუპირებული ტერიტორიებიდან დევნილთა, შრომის, ჯანმრთელობისა და სოციალური დაცვის სამინისტრო",medium,Official depth-2 program. Included because this source-code series reaches at least 100000000 GEL in one or more years.
2019,admin_program.27_06.792ab896,admin_spending.health_social_affairs,major_program,74946400,actual,source.mof_2019_programmatic_fact_actual,27 06,იძულებით გადაადგილებულ პირთა და მიგრანტთა ხელშეწყობა,27 00,"საქართველოს ოკუპირებული ტერიტორიებიდან დევნილთა, შრომის, ჯანმრთელობისა და სოციალური დაცვის სამინისტრო",medium,Official depth-2 program. Included because this source-code series reaches at least 100000000 GEL in one or more years.
2019,admin_program.28_01.10c69e87,admin_spending.foreign_affairs,major_program,147370900,actual,source.mof_2019_programmatic_fact_actual,28 01,საგარეო პოლიტიკის განხორციელება,28 00,საქართველოს საგარეო საქმეთა სამინისტრო,medium,Official depth-2 program. Included because this source-code series reaches at least 100000000 GEL in one or more years.
2019,admin_program.29_01.c41caf84,admin_spending.defence,major_program,316424200,actual,source.mof_2019_programmatic_fact_actual,29 01,თავდაცვის მართვა,29 00,საქართველოს თავდაცვის სამინისტრო,medium,Official depth-2 program. Included because this source-code series reaches at least 100000000 GEL in one or more years.
2019,admin_program.29_02.c4a63f07,admin_spending.defence,major_program,46759600,actual,source.mof_2019_programmatic_fact_actual,29 02,პროფესიული სამხედრო განათლება,29 00,საქართველოს თავდაცვის სამინისტრო,medium,Official depth-2 program. Included because this source-code series reaches at least 100000000 GEL in one or more years.
2019,admin_program.29_05.a7ad04fb,admin_spending.defence,major_program,34785600,actual,source.mof_2019_programmatic_fact_actual,29 05,ინფრასტრუქტურის განვითარება,29 00,საქართველოს თავდაცვის სამინისტრო,medium,Official depth-2 program. Included because this source-code series reaches at least 100000000 GEL in one or more years.
2019,admin_program.29_08.a366e793,admin_spending.defence,major_program,110837300,actual,source.mof_2019_programmatic_fact_actual,29 08,თავდაცვის შესაძლებლობების შენარჩუნება/განვითარება,29 00,საქართველოს თავდაცვის სამინისტრო,medium,Official depth-2 program. Included because this source-code series reaches at least 100000000 GEL in one or more years.
2019,admin_program.29_09.6c92e31a,admin_spending.defence,major_program,159699800,actual,source.mof_2019_programmatic_fact_actual,29 09,ლოჯისტიკური უზრუნველყოფა,29 00,საქართველოს თავდაცვის სამინისტრო,medium,Official depth-2 program. Included because this source-code series reaches at least 100000000 GEL in one or more years.
2019,admin_program.30_01.43adff48,admin_spending.internal_affairs,major_program,551143700,actual,source.mof_2019_programmatic_fact_actual,30 01,საზოგადოებრივი წესრიგი და საერთაშორისო თანამშრომლობის განვითარება/გაღრმავება,30 00,საქართველოს შინაგან საქმეთა სამინისტრო,medium,Official depth-2 program. Included because this source-code series reaches at least 100000000 GEL in one or more years.
2019,admin_program.30_02.fb0988d1,admin_spending.internal_affairs,major_program,102650300,actual,source.mof_2019_programmatic_fact_actual,30 02,სახელმწიფო საზღვრის დაცვა,30 00,საქართველოს შინაგან საქმეთა სამინისტრო,medium,Official depth-2 program. Included because this source-code series reaches at least 100000000 GEL in one or more years.
2019,admin_program.30_06.99ee9b0c,admin_spending.internal_affairs,major_program,99857900,actual,source.mof_2019_programmatic_fact_actual,30 06,"სამოქალაქო უსაფრთხოების დონის ამაღლება, სახელმწიფო მატერიალური რეზერვების შექმნა და მართვა",30 00,საქართველოს შინაგან საქმეთა სამინისტრო,medium,Official depth-2 program. Included because this source-code series reaches at least 100000000 GEL in one or more years.
2019,admin_program.31_03.c8e552ff,admin_spending.environment_agriculture,major_program,16868800,actual,source.mof_2019_programmatic_fact_actual,31 03,მევენახეობა-მეღვინეობის განვითარება,31 00,საქართველოს გარემოს დაცვისა და სოფლის მეურნეობის სამინისტრო,medium,Official depth-2 program. Included because this source-code series reaches at least 100000000 GEL in one or more years.
2019,admin_program.31_05.ab7362d3,admin_spending.environment_agriculture,major_program,117563800,actual,source.mof_2019_programmatic_fact_actual,31 05,ერთიანი აგროპროექტი,31 00,საქართველოს გარემოს დაცვისა და სოფლის მეურნეობის სამინისტრო,medium,Official depth-2 program. Included because this source-code series reaches at least 100000000 GEL in one or more years.
2019,admin_program.32_02.f56c9741,admin_spending.education_science_youth,major_program,855334700,actual,source.mof_2019_programmatic_fact_actual,32 02,სკოლამდელი და ზოგადი განათლება,32 00,"საქართველოს განათლების, მეცნიერების, კულტურისა და სპორტის სამინისტრო",medium,Official depth-2 program. Included because this source-code series reaches at least 100000000 GEL in one or more years.
2019,admin_program.32_03.85c13dd5,admin_spending.education_science_youth,major_program,43570500,actual,source.mof_2019_programmatic_fact_actual,32 03,პროფესიული განათლება,32 00,"საქართველოს განათლების, მეცნიერების, კულტურისა და სპორტის სამინისტრო",medium,Official depth-2 program. Included because this source-code series reaches at least 100000000 GEL in one or more years.
2019,admin_program.32_04.2900df2d,admin_spending.education_science_youth,major_program,170096600,actual,source.mof_2019_programmatic_fact_actual,32 04,უმაღლესი განათლება,32 00,"საქართველოს განათლების, მეცნიერების, კულტურისა და სპორტის სამინისტრო",medium,Official depth-2 program. Included because this source-code series reaches at least 100000000 GEL in one or more years.
2019,admin_program.32_07.1f0c1c68,admin_spending.education_science_youth,major_program,111466700,actual,source.mof_2019_programmatic_fact_actual,32 07,ინფრასტრუქტურის განვითარება,32 00,"საქართველოს განათლების, მეცნიერების, კულტურისა და სპორტის სამინისტრო",medium,Official depth-2 program. Included because this source-code series reaches at least 100000000 GEL in one or more years.
2019,admin_program.32_12.c65ea3a3,admin_spending.sport,major_program,126809700,actual,source.mof_2019_programmatic_fact_actual,32 12,მასობრივი და მაღალი მიღწევების სპორტის განვითარება და პოპულარიზაცია,32 00,"საქართველოს განათლების, მეცნიერების, კულტურისა და სპორტის სამინისტრო",medium,Official depth-2 program. Included because this source-code series reaches at least 100000000 GEL in one or more years.
2019,admin_program.54_01.6b432ed4,admin_spending.debt_service,major_program,1240843200,actual,source.mof_2019_programmatic_fact_actual,54 01,საგარეო სახელმწიფო ვალდებულებების მომსახურება და დაფარვა,54 00,საერთო-სახელმწიფოებრივი მნიშვნელობის გადასახდელები,medium,Official depth-2 program. Included because this source-code series reaches at least 100000000 GEL in one or more years.
2019,admin_program.54_02.1524c9a6,admin_spending.debt_service,major_program,320619700,actual,source.mof_2019_programmatic_fact_actual,54 02,საშინაო სახელმწიფო ვალდებულებების მომსახურება და დაფარვა,54 00,საერთო-სახელმწიფოებრივი მნიშვნელობის გადასახდელები,medium,Official depth-2 program. Included because this source-code series reaches at least 100000000 GEL in one or more years.
2019,admin_program.54_04.4e1015f4,admin_spending.other_costs,major_program,593958900,actual,source.mof_2019_programmatic_fact_actual,54 04,ავტონომიური რესპუბლიკებისა და ადგილობრივი თვითმმართველი ერთეულებისათვის გადასაცემი ტრანსფერები,54 00,საერთო-სახელმწიფოებრივი მნიშვნელობის გადასახდელები,medium,Official depth-2 program. Included because this source-code series reaches at least 100000000 GEL in one or more years.
2019,admin_program.54_11.00e66501,admin_spending.other_costs,major_program,110000000,actual,source.mof_2019_programmatic_fact_actual,54 11,დაგროვებითი საპენსიო სქემის თანადაფინანსება,54 00,საერთო-სახელმწიფოებრივი მნიშვნელობის გადასახდელები,medium,Official depth-2 program. Included because this source-code series reaches at least 100000000 GEL in one or more years.
2020,admin_spending.culture,,admin_category,122595100,actual,source.mof_2020_programmatic_fact_actual,,,,,high,Aggregated from official tavi 6 leaf rows by administrative owner.
2020,admin_spending.debt_service,,admin_category,1705582800,actual,source.mof_2020_programmatic_fact_actual,,,,,high,Aggregated from official tavi 6 leaf rows by administrative owner.
2020,admin_spending.defence,,admin_category,842378800,actual,source.mof_2020_programmatic_fact_actual,,,,,high,Aggregated from official tavi 6 leaf rows by administrative owner.
2020,admin_spending.economy_sustainable_development,,admin_category,759363900,actual,source.mof_2020_programmatic_fact_actual,,,,,high,Aggregated from official tavi 6 leaf rows by administrative owner.
2020,admin_spending.education_science_youth,,admin_category,1314667400,actual,source.mof_2020_programmatic_fact_actual,,,,,high,Aggregated from official tavi 6 leaf rows by administrative owner.
2020,admin_spending.environment_agriculture,,admin_category,496804000,actual,source.mof_2020_programmatic_fact_actual,,,,,high,Aggregated from official tavi 6 leaf rows by administrative owner.
2020,admin_spending.finance,,admin_category,77228400,actual,source.mof_2020_programmatic_fact_actual,,,,,high,Aggregated from official tavi 6 leaf rows by administrative owner.
2020,admin_spending.foreign_affairs,,admin_category,156573400,actual,source.mof_2020_programmatic_fact_actual,,,,,high,Aggregated from official tavi 6 leaf rows by administrative owner.
2020,admin_spending.health_social_affairs,,admin_category,5631137500,actual,source.mof_2020_programmatic_fact_actual,,,,,high,Aggregated from official tavi 6 leaf rows by administrative owner.
2020,admin_spending.internal_affairs,,admin_category,765835600,actual,source.mof_2020_programmatic_fact_actual,,,,,high,Aggregated from official tavi 6 leaf rows by administrative owner.
2020,admin_spending.justice,,admin_category,243344900,actual,source.mof_2020_programmatic_fact_actual,,,,,high,Aggregated from official tavi 6 leaf rows by administrative owner.
2020,admin_spending.other_costs,,admin_category,1742828000,actual,source.mof_2020_programmatic_fact_actual,,,,,medium,Aggregated from official tavi 6 leaf rows by administrative owner.
2020,admin_spending.regional_development_infrastructure,,admin_category,2202373400,actual,source.mof_2020_programmatic_fact_actual,,,,,high,Aggregated from official tavi 6 leaf rows by administrative owner.
2020,admin_spending.sport,,admin_category,113923500,actual,source.mof_2020_programmatic_fact_actual,,,,,high,Aggregated from official tavi 6 leaf rows by administrative owner.
2020,admin_program.06_04.674b2aee,admin_spending.other_costs,major_program,50536300,actual,source.mof_2020_programmatic_fact_actual,06 04,არჩევნების ჩატარების ღონისძიებები,06 00,საქართველოს ცენტრალური საარჩევნო კომისია,medium,Official depth-2 program. Included because this source-code series reaches at least 100000000 GEL in one or more years.
2020,admin_program.09_01.f5bec61a,admin_spending.other_costs,major_program,63642600,actual,source.mof_2020_programmatic_fact_actual,09 01,საერთო სასამართლოების სისტემის განვითარება და ხელშეწყობა,09 00,საერთო სასამართლოები,medium,Official depth-2 program. Included because this source-code series reaches at least 100000000 GEL in one or more years.
2020,admin_program.20_01.64d3902d,admin_spending.other_costs,major_program,111815800,actual,source.mof_2020_programmatic_fact_actual,20 01,სახელმწიფო უსაფრთხოების უზრუნველყოფა,20 00,საქართველოს სახელმწიფო უსაფრთხოების სამსახური,medium,Official depth-2 program. Included because this source-code series reaches at least 100000000 GEL in one or more years.
2020,admin_program.24_01.e75d1cbc,admin_spending.economy_sustainable_development,major_program,11511200,actual,source.mof_2020_programmatic_fact_actual,24 01,ეკონომიკური პოლიტიკის შემუშავება და განხორციელება,24 00,საქართველოს ეკონომიკისა და მდგრადი განვითარების სამინისტრო,medium,Official depth-2 program. Included because this source-code series reaches at least 100000000 GEL in one or more years.
2020,admin_program.24_06.5a885022,admin_spending.economy_sustainable_development,major_program,76777100,actual,source.mof_2020_programmatic_fact_actual,24 06,სახელმწიფო ქონების მართვა,24 00,საქართველოს ეკონომიკისა და მდგრადი განვითარების სამინისტრო,medium,Official depth-2 program. Included because this source-code series reaches at least 100000000 GEL in one or more years.
2020,admin_program.24_07.28016cec,admin_spending.economy_sustainable_development,major_program,426857000,actual,source.mof_2020_programmatic_fact_actual,24 07,მეწარმეობის განვითარება,24 00,საქართველოს ეკონომიკისა და მდგრადი განვითარების სამინისტრო,medium,Official depth-2 program. Included because this source-code series reaches at least 100000000 GEL in one or more years.
2020,admin_program.24_14.6c3a02c8,admin_spending.economy_sustainable_development,major_program,30062500,actual,source.mof_2020_programmatic_fact_actual,24 14,სასისტემო მნიშვნელობის ელექტროგადამცემი ქსელის განვითარება,24 00,საქართველოს ეკონომიკისა და მდგრადი განვითარების სამინისტრო,medium,Official depth-2 program. Included because this source-code series reaches at least 100000000 GEL in one or more years.
2020,admin_program.24_15.155784ea,admin_spending.economy_sustainable_development,major_program,63336500,actual,source.mof_2020_programmatic_fact_actual,24 15,მოსახლეობის ელექტროენერგიითა და ბუნებრივი აირით მომარაგების გაუმჯობესება,24 00,საქართველოს ეკონომიკისა და მდგრადი განვითარების სამინისტრო,medium,Official depth-2 program. Included because this source-code series reaches at least 100000000 GEL in one or more years.
2020,admin_program.25_02.4cffd876,admin_spending.regional_development_infrastructure,major_program,1493864900,actual,source.mof_2020_programmatic_fact_actual,25 02,საგზაო ინფრასტრუქტურის გაუმჯობესების ღონისძიებები,25 00,საქართველოს რეგიონული განვითარებისა და ინფრასტრუქტურის სამინისტრო,medium,Official depth-2 program. Included because this source-code series reaches at least 100000000 GEL in one or more years.
2020,admin_program.25_03.beff3036,admin_spending.regional_development_infrastructure,major_program,279302500,actual,source.mof_2020_programmatic_fact_actual,25 03,რეგიონული და მუნიციპალური ინფრასტრუქტურის რეაბილიტაცია,25 00,საქართველოს რეგიონული განვითარებისა და ინფრასტრუქტურის სამინისტრო,medium,Official depth-2 program. Included because this source-code series reaches at least 100000000 GEL in one or more years.
2020,admin_program.25_04.eee6b72f,admin_spending.regional_development_infrastructure,major_program,245315000,actual,source.mof_2020_programmatic_fact_actual,25 04,წყალმომარაგების ინფრასტრუქტურის აღდგენა-რეაბილიტაცია,25 00,საქართველოს რეგიონული განვითარებისა და ინფრასტრუქტურის სამინისტრო,medium,Official depth-2 program. Included because this source-code series reaches at least 100000000 GEL in one or more years.
2020,admin_program.25_05.fa6f4fd1,admin_spending.regional_development_infrastructure,major_program,20655300,actual,source.mof_2020_programmatic_fact_actual,25 05,მყარი ნარჩენების მართვის პროგრამა,25 00,საქართველოს რეგიონული განვითარებისა და ინფრასტრუქტურის სამინისტრო,medium,Official depth-2 program. Included because this source-code series reaches at least 100000000 GEL in one or more years.
2020,admin_program.25_07.b8f22b79,admin_spending.regional_development_infrastructure,major_program,135853800,actual,source.mof_2020_programmatic_fact_actual,25 07,ზოგადსაგანმანათლებლო ინფრასტრუქტურის მშენებლობა და რეაბილიტაცია,25 00,საქართველოს რეგიონული განვითარებისა და ინფრასტრუქტურის სამინისტრო,medium,Official depth-2 program. Included because this source-code series reaches at least 100000000 GEL in one or more years.
2020,admin_program.26_01.d068f094,admin_spending.justice,major_program,48226400,actual,source.mof_2020_programmatic_fact_actual,26 01,"სამართალშემოქმედებისა და ქვეყნის ინტერესების სამართლებრივი მხარდაჭერის მიზნით სახელმწიფო პოლიტიკის შემუშავება და მართვა, მათ შორის, სისხლის სამართლის სისტემის რეფორმის განხორციელება",26 00,საქართველოს იუსტიციის სამინისტრო,medium,Official depth-2 program. Included because this source-code series reaches at least 100000000 GEL in one or more years.
2020,admin_program.26_02.652b3ee4,admin_spending.justice,major_program,147712000,actual,source.mof_2020_programmatic_fact_actual,26 02,საერთაშორისო სტანდარტების შესაბამისი პენიტენციური სისტემის ჩამოყალიბება,26 00,საქართველოს იუსტიციის სამინისტრო,medium,Official depth-2 program. Included because this source-code series reaches at least 100000000 GEL in one or more years.
2020,admin_program.27_01.985ee587,admin_spending.health_social_affairs,major_program,66687700,actual,source.mof_2020_programmatic_fact_actual,27 01,"ოკუპირებული ტერიტორიებიდან დევნილთა, შრომის, ჯანმრთელობისა და სოციალური დაცვის პროგრამების მართვა",27 00,"საქართველოს ოკუპირებული ტერიტორიებიდან დევნილთა, შრომის, ჯანმრთელობისა და სოციალური დაცვის სამინისტრო",medium,Official depth-2 program. Included because this source-code series reaches at least 100000000 GEL in one or more years.
2020,admin_program.27_02.56e31b26,admin_spending.health_social_affairs,major_program,3848765200,actual,source.mof_2020_programmatic_fact_actual,27 02,მოსახლეობის სოციალური დაცვა,27 00,"საქართველოს ოკუპირებული ტერიტორიებიდან დევნილთა, შრომის, ჯანმრთელობისა და სოციალური დაცვის სამინისტრო",medium,Official depth-2 program. Included because this source-code series reaches at least 100000000 GEL in one or more years.
2020,admin_program.27_03.0e2913c7,admin_spending.health_social_affairs,major_program,1571315400,actual,source.mof_2020_programmatic_fact_actual,27 03,მოსახლეობის ჯანმრთელობის დაცვა,27 00,"საქართველოს ოკუპირებული ტერიტორიებიდან დევნილთა, შრომის, ჯანმრთელობისა და სოციალური დაცვის სამინისტრო",medium,Official depth-2 program. Included because this source-code series reaches at least 100000000 GEL in one or more years.
2020,admin_program.27_05.35edf475,admin_spending.health_social_affairs,major_program,2086700,actual,source.mof_2020_programmatic_fact_actual,27 05,შრომისა და დასაქმების სისტემის რეფორმების პროგრამა,27 00,"საქართველოს ოკუპირებული ტერიტორიებიდან დევნილთა, შრომის, ჯანმრთელობისა და სოციალური დაცვის სამინისტრო",medium,Official depth-2 program. Included because this source-code series reaches at least 100000000 GEL in one or more years.
2020,admin_program.27_06.792ab896,admin_spending.health_social_affairs,major_program,91557400,actual,source.mof_2020_programmatic_fact_actual,27 06,იძულებით გადაადგილებულ პირთა და მიგრანტთა ხელშეწყობა,27 00,"საქართველოს ოკუპირებული ტერიტორიებიდან დევნილთა, შრომის, ჯანმრთელობისა და სოციალური დაცვის სამინისტრო",medium,Official depth-2 program. Included because this source-code series reaches at least 100000000 GEL in one or more years.
2020,admin_program.28_01.10c69e87,admin_spending.foreign_affairs,major_program,155868200,actual,source.mof_2020_programmatic_fact_actual,28 01,საგარეო პოლიტიკის განხორციელება,28 00,საქართველოს საგარეო საქმეთა სამინისტრო,medium,Official depth-2 program. Included because this source-code series reaches at least 100000000 GEL in one or more years.
2020,admin_program.29_01.c41caf84,admin_spending.defence,major_program,349970200,actual,source.mof_2020_programmatic_fact_actual,29 01,თავდაცვის მართვა,29 00,საქართველოს თავდაცვის სამინისტრო,medium,Official depth-2 program. Included because this source-code series reaches at least 100000000 GEL in one or more years.
2020,admin_program.29_02.c4a63f07,admin_spending.defence,major_program,51104800,actual,source.mof_2020_programmatic_fact_actual,29 02,პროფესიული სამხედრო განათლება,29 00,საქართველოს თავდაცვის სამინისტრო,medium,Official depth-2 program. Included because this source-code series reaches at least 100000000 GEL in one or more years.
2020,admin_program.29_05.a7ad04fb,admin_spending.defence,major_program,69135300,actual,source.mof_2020_programmatic_fact_actual,29 05,ინფრასტრუქტურის განვითარება,29 00,საქართველოს თავდაცვის სამინისტრო,medium,Official depth-2 program. Included because this source-code series reaches at least 100000000 GEL in one or more years.
2020,admin_program.29_08.a366e793,admin_spending.defence,major_program,56884200,actual,source.mof_2020_programmatic_fact_actual,29 08,თავდაცვის შესაძლებლობების შენარჩუნება/განვითარება,29 00,საქართველოს თავდაცვის სამინისტრო,medium,Official depth-2 program. Included because this source-code series reaches at least 100000000 GEL in one or more years.
2020,admin_program.29_09.6c92e31a,admin_spending.defence,major_program,150410900,actual,source.mof_2020_programmatic_fact_actual,29 09,ლოჯისტიკური უზრუნველყოფა,29 00,საქართველოს თავდაცვის სამინისტრო,medium,Official depth-2 program. Included because this source-code series reaches at least 100000000 GEL in one or more years.
2020,admin_program.30_01.43adff48,admin_spending.internal_affairs,major_program,560526400,actual,source.mof_2020_programmatic_fact_actual,30 01,საზოგადოებრივი წესრიგი და საერთაშორისო თანამშრომლობის განვითარება/გაღრმავება,30 00,საქართველოს შინაგან საქმეთა სამინისტრო,medium,Official depth-2 program. Included because this source-code series reaches at least 100000000 GEL in one or more years.
2020,admin_program.30_02.fb0988d1,admin_spending.internal_affairs,major_program,101490300,actual,source.mof_2020_programmatic_fact_actual,30 02,სახელმწიფო საზღვრის დაცვა,30 00,საქართველოს შინაგან საქმეთა სამინისტრო,medium,Official depth-2 program. Included because this source-code series reaches at least 100000000 GEL in one or more years.
2020,admin_program.30_06.99ee9b0c,admin_spending.internal_affairs,major_program,82085100,actual,source.mof_2020_programmatic_fact_actual,30 06,"სამოქალაქო უსაფრთხოების დონის ამაღლება, სახელმწიფო მატერიალური რეზერვების შექმნა და მართვა",30 00,საქართველოს შინაგან საქმეთა სამინისტრო,medium,Official depth-2 program. Included because this source-code series reaches at least 100000000 GEL in one or more years.
2020,admin_program.31_03.c8e552ff,admin_spending.environment_agriculture,major_program,94946100,actual,source.mof_2020_programmatic_fact_actual,31 03,მევენახეობა-მეღვინეობის განვითარება,31 00,საქართველოს გარემოს დაცვისა და სოფლის მეურნეობის სამინისტრო,medium,Official depth-2 program. Included because this source-code series reaches at least 100000000 GEL in one or more years.
2020,admin_program.31_05.ab7362d3,admin_spending.environment_agriculture,major_program,228325400,actual,source.mof_2020_programmatic_fact_actual,31 05,ერთიანი აგროპროექტი,31 00,საქართველოს გარემოს დაცვისა და სოფლის მეურნეობის სამინისტრო,medium,Official depth-2 program. Included because this source-code series reaches at least 100000000 GEL in one or more years.
2020,admin_program.31_06.8aad417e,admin_spending.environment_agriculture,major_program,62172700,actual,source.mof_2020_programmatic_fact_actual,31 06,სამელიორაციო სისტემების მოდერნიზაცია,31 00,საქართველოს გარემოს დაცვისა და სოფლის მეურნეობის სამინისტრო,medium,Official depth-2 program. Included because this source-code series reaches at least 100000000 GEL in one or more years.
2020,admin_program.32_02.f56c9741,admin_spending.education_science_youth,major_program,908338800,actual,source.mof_2020_programmatic_fact_actual,32 02,სკოლამდელი და ზოგადი განათლება,32 00,"საქართველოს განათლების, მეცნიერების, კულტურისა და სპორტის სამინისტრო",medium,Official depth-2 program. Included because this source-code series reaches at least 100000000 GEL in one or more years.
2020,admin_program.32_03.85c13dd5,admin_spending.education_science_youth,major_program,44557200,actual,source.mof_2020_programmatic_fact_actual,32 03,პროფესიული განათლება,32 00,"საქართველოს განათლების, მეცნიერების, კულტურისა და სპორტის სამინისტრო",medium,Official depth-2 program. Included because this source-code series reaches at least 100000000 GEL in one or more years.
2020,admin_program.32_04.2900df2d,admin_spending.education_science_youth,major_program,147026800,actual,source.mof_2020_programmatic_fact_actual,32 04,უმაღლესი განათლება,32 00,"საქართველოს განათლების, მეცნიერების, კულტურისა და სპორტის სამინისტრო",medium,Official depth-2 program. Included because this source-code series reaches at least 100000000 GEL in one or more years.
2020,admin_program.32_07.1f0c1c68,admin_spending.education_science_youth,major_program,128601700,actual,source.mof_2020_programmatic_fact_actual,32 07,ინფრასტრუქტურის განვითარება,32 00,"საქართველოს განათლების, მეცნიერების, კულტურისა და სპორტის სამინისტრო",medium,Official depth-2 program. Included because this source-code series reaches at least 100000000 GEL in one or more years.
2020,admin_program.32_11.41fae9cc,admin_spending.sport,major_program,87626200,actual,source.mof_2020_programmatic_fact_actual,32 11,მასობრივი და მაღალი მიღწევების სპორტის განვითარება და პოპულარიზაცია,32 00,"საქართველოს განათლების, მეცნიერების, კულტურისა და სპორტის სამინისტრო",medium,Official depth-2 program. Included because this source-code series reaches at least 100000000 GEL in one or more years.
2020,admin_program.56_01.8f7686af,admin_spending.debt_service,major_program,1238414700,actual,source.mof_2020_programmatic_fact_actual,56 01,საგარეო სახელმწიფო ვალდებულებების მომსახურება და დაფარვა,56 00,საერთო-სახელმწიფოებრივი მნიშვნელობის გადასახდელები,medium,Official depth-2 program. Included because this source-code series reaches at least 100000000 GEL in one or more years.
2020,admin_program.56_02.52901c5f,admin_spending.debt_service,major_program,467168100,actual,source.mof_2020_programmatic_fact_actual,56 02,საშინაო სახელმწიფო ვალდებულებების მომსახურება და დაფარვა,56 00,საერთო-სახელმწიფოებრივი მნიშვნელობის გადასახდელები,medium,Official depth-2 program. Included because this source-code series reaches at least 100000000 GEL in one or more years.
2020,admin_program.56_04.95c530cc,admin_spending.other_costs,major_program,637838900,actual,source.mof_2020_programmatic_fact_actual,56 04,ავტონომიური რესპუბლიკებისა და ადგილობრივი თვითმმართველი ერთეულებისათვის გადასაცემი ტრანსფერები,56 00,საერთო-სახელმწიფოებრივი მნიშვნელობის გადასახდელები,medium,Official depth-2 program. Included because this source-code series reaches at least 100000000 GEL in one or more years.
2020,admin_program.56_11.5b553247,admin_spending.other_costs,major_program,211000000,actual,source.mof_2020_programmatic_fact_actual,56 11,დაგროვებითი საპენსიო სქემის თანადაფინანსება,56 00,საერთო-სახელმწიფოებრივი მნიშვნელობის გადასახდელები,medium,Official depth-2 program. Included because this source-code series reaches at least 100000000 GEL in one or more years.
2020,admin_program.56_13.d924c9b8,admin_spending.other_costs,major_program,213223000,actual,source.mof_2020_programmatic_fact_actual,56 13,დონორების მიერ დაფინანსებული საერთო-სახელმწიფოებრივი გადასახდელები,56 00,საერთო-სახელმწიფოებრივი მნიშვნელობის გადასახდელები,medium,Official depth-2 program. Included because this source-code series reaches at least 100000000 GEL in one or more years.
2021,admin_spending.culture,,admin_category,153204100,actual,source.mof_2021_programmatic_fact_actual,,,,,high,Aggregated from official tavi 6 leaf rows by administrative owner.
2021,admin_spending.debt_service,,admin_category,3483405500,actual,source.mof_2021_programmatic_fact_actual,,,,,high,Aggregated from official tavi 6 leaf rows by administrative owner.
2021,admin_spending.defence,,admin_category,983737600,actual,source.mof_2021_programmatic_fact_actual,,,,,high,Aggregated from official tavi 6 leaf rows by administrative owner.
2021,admin_spending.economy_sustainable_development,,admin_category,621101000,actual,source.mof_2021_programmatic_fact_actual,,,,,high,Aggregated from official tavi 6 leaf rows by administrative owner.
2021,admin_spending.education_science_youth,,admin_category,1544723900,actual,source.mof_2021_programmatic_fact_actual,,,,,high,Aggregated from official tavi 6 leaf rows by administrative owner.
2021,admin_spending.environment_agriculture,,admin_category,665379600,actual,source.mof_2021_programmatic_fact_actual,,,,,high,Aggregated from official tavi 6 leaf rows by administrative owner.
2021,admin_spending.finance,,admin_category,88847700,actual,source.mof_2021_programmatic_fact_actual,,,,,high,Aggregated from official tavi 6 leaf rows by administrative owner.
2021,admin_spending.foreign_affairs,,admin_category,169213500,actual,source.mof_2021_programmatic_fact_actual,,,,,high,Aggregated from official tavi 6 leaf rows by administrative owner.
2021,admin_spending.health_social_affairs,,admin_category,6466099300,actual,source.mof_2021_programmatic_fact_actual,,,,,high,Aggregated from official tavi 6 leaf rows by administrative owner.
2021,admin_spending.internal_affairs,,admin_category,788905800,actual,source.mof_2021_programmatic_fact_actual,,,,,high,Aggregated from official tavi 6 leaf rows by administrative owner.
2021,admin_spending.justice,,admin_category,328963000,actual,source.mof_2021_programmatic_fact_actual,,,,,high,Aggregated from official tavi 6 leaf rows by administrative owner.
2021,admin_spending.other_costs,,admin_category,1815645800,actual,source.mof_2021_programmatic_fact_actual,,,,,medium,Aggregated from official tavi 6 leaf rows by administrative owner.
2021,admin_spending.regional_development_infrastructure,,admin_category,2513545200,actual,source.mof_2021_programmatic_fact_actual,,,,,high,Aggregated from official tavi 6 leaf rows by administrative owner.
2021,admin_spending.sport,,admin_category,184730700,actual,source.mof_2021_programmatic_fact_actual,,,,,high,Aggregated from official tavi 6 leaf rows by administrative owner.
2021,admin_program.06_04.674b2aee,admin_spending.other_costs,major_program,54243000,actual,source.mof_2021_programmatic_fact_actual,06 04,არჩევნების ჩატარების ღონისძიებები,06 00,საქართველოს ცენტრალური საარჩევნო კომისია,medium,Official depth-2 program. Included because this source-code series reaches at least 100000000 GEL in one or more years.
2021,admin_program.09_01.f5bec61a,admin_spending.other_costs,major_program,69720500,actual,source.mof_2021_programmatic_fact_actual,09 01,საერთო სასამართლოების სისტემის განვითარება და ხელშეწყობა,09 00,საერთო სასამართლოები,medium,Official depth-2 program. Included because this source-code series reaches at least 100000000 GEL in one or more years.
2021,admin_program.20_01.64d3902d,admin_spending.other_costs,major_program,113709400,actual,source.mof_2021_programmatic_fact_actual,20 01,სახელმწიფო უსაფრთხოების უზრუნველყოფა,20 00,საქართველოს სახელმწიფო უსაფრთხოების სამსახური,medium,Official depth-2 program. Included because this source-code series reaches at least 100000000 GEL in one or more years.
2021,admin_program.24_01.e75d1cbc,admin_spending.economy_sustainable_development,major_program,22724500,actual,source.mof_2021_programmatic_fact_actual,24 01,ეკონომიკური პოლიტიკის შემუშავება და განხორციელება,24 00,საქართველოს ეკონომიკისა და მდგრადი განვითარების სამინისტრო,medium,Official depth-2 program. Included because this source-code series reaches at least 100000000 GEL in one or more years.
2021,admin_program.24_06.5a885022,admin_spending.economy_sustainable_development,major_program,63987300,actual,source.mof_2021_programmatic_fact_actual,24 06,სახელმწიფო ქონების მართვა,24 00,საქართველოს ეკონომიკისა და მდგრადი განვითარების სამინისტრო,medium,Official depth-2 program. Included because this source-code series reaches at least 100000000 GEL in one or more years.
2021,admin_program.24_07.28016cec,admin_spending.economy_sustainable_development,major_program,305206300,actual,source.mof_2021_programmatic_fact_actual,24 07,მეწარმეობის განვითარება,24 00,საქართველოს ეკონომიკისა და მდგრადი განვითარების სამინისტრო,medium,Official depth-2 program. Included because this source-code series reaches at least 100000000 GEL in one or more years.
2021,admin_program.24_14.6c3a02c8,admin_spending.economy_sustainable_development,major_program,66699400,actual,source.mof_2021_programmatic_fact_actual,24 14,სასისტემო მნიშვნელობის ელექტროგადამცემი ქსელის განვითარება,24 00,საქართველოს ეკონომიკისა და მდგრადი განვითარების სამინისტრო,medium,Official depth-2 program. Included because this source-code series reaches at least 100000000 GEL in one or more years.
2021,admin_program.24_15.155784ea,admin_spending.economy_sustainable_development,major_program,20627300,actual,source.mof_2021_programmatic_fact_actual,24 15,მოსახლეობის ელექტროენერგიითა და ბუნებრივი აირით მომარაგების გაუმჯობესება,24 00,საქართველოს ეკონომიკისა და მდგრადი განვითარების სამინისტრო,medium,Official depth-2 program. Included because this source-code series reaches at least 100000000 GEL in one or more years.
2021,admin_program.24_17.b4c8cc98,admin_spending.economy_sustainable_development,major_program,703100,actual,source.mof_2021_programmatic_fact_actual,24 17,ანაკლიის ღრმაწყლოვანი ნავსადგურის განვითარება,24 00,საქართველოს ეკონომიკისა და მდგრადი განვითარების სამინისტრო,medium,Official depth-2 program. Included because this source-code series reaches at least 100000000 GEL in one or more years.
2021,admin_program.25_02.4cffd876,admin_spending.regional_development_infrastructure,major_program,1614137300,actual,source.mof_2021_programmatic_fact_actual,25 02,საგზაო ინფრასტრუქტურის გაუმჯობესების ღონისძიებები,25 00,საქართველოს რეგიონული განვითარებისა და ინფრასტრუქტურის სამინისტრო,medium,Official depth-2 program. Included because this source-code series reaches at least 100000000 GEL in one or more years.
2021,admin_program.25_03.beff3036,admin_spending.regional_development_infrastructure,major_program,339458600,actual,source.mof_2021_programmatic_fact_actual,25 03,რეგიონული და მუნიციპალური ინფრასტრუქტურის რეაბილიტაცია,25 00,საქართველოს რეგიონული განვითარებისა და ინფრასტრუქტურის სამინისტრო,medium,Official depth-2 program. Included because this source-code series reaches at least 100000000 GEL in one or more years.
2021,admin_program.25_04.eee6b72f,admin_spending.regional_development_infrastructure,major_program,329713300,actual,source.mof_2021_programmatic_fact_actual,25 04,წყალმომარაგების ინფრასტრუქტურის აღდგენა-რეაბილიტაცია,25 00,საქართველოს რეგიონული განვითარებისა და ინფრასტრუქტურის სამინისტრო,medium,Official depth-2 program. Included because this source-code series reaches at least 100000000 GEL in one or more years.
2021,admin_program.25_05.fa6f4fd1,admin_spending.regional_development_infrastructure,major_program,29306900,actual,source.mof_2021_programmatic_fact_actual,25 05,მყარი ნარჩენების მართვის პროგრამა,25 00,საქართველოს რეგიონული განვითარებისა და ინფრასტრუქტურის სამინისტრო,medium,Official depth-2 program. Included because this source-code series reaches at least 100000000 GEL in one or more years.
2021,admin_program.25_07.b8f22b79,admin_spending.regional_development_infrastructure,major_program,170941500,actual,source.mof_2021_programmatic_fact_actual,25 07,ზოგადსაგანმანათლებლო ინფრასტრუქტურის მშენებლობა და რეაბილიტაცია,25 00,საქართველოს რეგიონული განვითარებისა და ინფრასტრუქტურის სამინისტრო,medium,Official depth-2 program. Included because this source-code series reaches at least 100000000 GEL in one or more years.
2021,admin_program.26_01.d068f094,admin_spending.justice,major_program,119015800,actual,source.mof_2021_programmatic_fact_actual,26 01,"სამართალშემოქმედებისა და ქვეყნის ინტერესების სამართლებრივი მხარდაჭერის მიზნით სახელმწიფო პოლიტიკის შემუშავება და მართვა, მათ შორის, სისხლის სამართლის სისტემის რეფორმის განხორციელება",26 00,საქართველოს იუსტიციის სამინისტრო,medium,Official depth-2 program. Included because this source-code series reaches at least 100000000 GEL in one or more years.
2021,admin_program.26_02.652b3ee4,admin_spending.justice,major_program,156737400,actual,source.mof_2021_programmatic_fact_actual,26 02,საერთაშორისო სტანდარტების შესაბამისი პენიტენციური სისტემის ჩამოყალიბება,26 00,საქართველოს იუსტიციის სამინისტრო,medium,Official depth-2 program. Included because this source-code series reaches at least 100000000 GEL in one or more years.
2021,admin_program.27_01.985ee587,admin_spending.health_social_affairs,major_program,82745700,actual,source.mof_2021_programmatic_fact_actual,27 01,"ოკუპირებული ტერიტორიებიდან დევნილთა, შრომის, ჯანმრთელობისა და სოციალური დაცვის პროგრამების მართვა",27 00,"საქართველოს ოკუპირებული ტერიტორიებიდან დევნილთა, შრომის, ჯანმრთელობისა და სოციალური დაცვის სამინისტრო",medium,Official depth-2 program. Included because this source-code series reaches at least 100000000 GEL in one or more years.
2021,admin_program.27_02.56e31b26,admin_spending.health_social_affairs,major_program,3871692300,actual,source.mof_2021_programmatic_fact_actual,27 02,მოსახლეობის სოციალური დაცვა,27 00,"საქართველოს ოკუპირებული ტერიტორიებიდან დევნილთა, შრომის, ჯანმრთელობისა და სოციალური დაცვის სამინისტრო",medium,Official depth-2 program. Included because this source-code series reaches at least 100000000 GEL in one or more years.
2021,admin_program.27_03.0e2913c7,admin_spending.health_social_affairs,major_program,2401799400,actual,source.mof_2021_programmatic_fact_actual,27 03,მოსახლეობის ჯანმრთელობის დაცვა,27 00,"საქართველოს ოკუპირებული ტერიტორიებიდან დევნილთა, შრომის, ჯანმრთელობისა და სოციალური დაცვის სამინისტრო",medium,Official depth-2 program. Included because this source-code series reaches at least 100000000 GEL in one or more years.
2021,admin_program.27_05.35edf475,admin_spending.health_social_affairs,major_program,6994600,actual,source.mof_2021_programmatic_fact_actual,27 05,შრომისა და დასაქმების სისტემის რეფორმების პროგრამა,27 00,"საქართველოს ოკუპირებული ტერიტორიებიდან დევნილთა, შრომის, ჯანმრთელობისა და სოციალური დაცვის სამინისტრო",medium,Official depth-2 program. Included because this source-code series reaches at least 100000000 GEL in one or more years.
2021,admin_program.27_06.792ab896,admin_spending.health_social_affairs,major_program,63907900,actual,source.mof_2021_programmatic_fact_actual,27 06,იძულებით გადაადგილებულ პირთა და მიგრანტთა ხელშეწყობა,27 00,"საქართველოს ოკუპირებული ტერიტორიებიდან დევნილთა, შრომის, ჯანმრთელობისა და სოციალური დაცვის სამინისტრო",medium,Official depth-2 program. Included because this source-code series reaches at least 100000000 GEL in one or more years.
2021,admin_program.28_01.10c69e87,admin_spending.foreign_affairs,major_program,168383700,actual,source.mof_2021_programmatic_fact_actual,28 01,საგარეო პოლიტიკის განხორციელება,28 00,საქართველოს საგარეო საქმეთა სამინისტრო,medium,Official depth-2 program. Included because this source-code series reaches at least 100000000 GEL in one or more years.
2021,admin_program.29_01.c41caf84,admin_spending.defence,major_program,370373700,actual,source.mof_2021_programmatic_fact_actual,29 01,თავდაცვის მართვა,29 00,საქართველოს თავდაცვის სამინისტრო,medium,Official depth-2 program. Included because this source-code series reaches at least 100000000 GEL in one or more years.
2021,admin_program.29_02.c4a63f07,admin_spending.defence,major_program,56238500,actual,source.mof_2021_programmatic_fact_actual,29 02,პროფესიული სამხედრო განათლება,29 00,საქართველოს თავდაცვის სამინისტრო,medium,Official depth-2 program. Included because this source-code series reaches at least 100000000 GEL in one or more years.
2021,admin_program.29_05.a7ad04fb,admin_spending.defence,major_program,83090300,actual,source.mof_2021_programmatic_fact_actual,29 05,ინფრასტრუქტურის განვითარება,29 00,საქართველოს თავდაცვის სამინისტრო,medium,Official depth-2 program. Included because this source-code series reaches at least 100000000 GEL in one or more years.
2021,admin_program.29_08.a366e793,admin_spending.defence,major_program,118404100,actual,source.mof_2021_programmatic_fact_actual,29 08,თავდაცვის შესაძლებლობების განვითარება,29 00,საქართველოს თავდაცვის სამინისტრო,medium,Official depth-2 program. Included because this source-code series reaches at least 100000000 GEL in one or more years.
2021,admin_program.29_09.6c92e31a,admin_spending.defence,major_program,185067000,actual,source.mof_2021_programmatic_fact_actual,29 09,ლოჯისტიკური უზრუნველყოფა,29 00,საქართველოს თავდაცვის სამინისტრო,medium,Official depth-2 program. Included because this source-code series reaches at least 100000000 GEL in one or more years.
2021,admin_program.30_01.43adff48,admin_spending.internal_affairs,major_program,581318500,actual,source.mof_2021_programmatic_fact_actual,30 01,საზოგადოებრივი წესრიგი და საერთაშორისო თანამშრომლობის განვითარება/გაღრმავება,30 00,საქართველოს შინაგან საქმეთა სამინისტრო,medium,Official depth-2 program. Included because this source-code series reaches at least 100000000 GEL in one or more years.
2021,admin_program.30_02.fb0988d1,admin_spending.internal_affairs,major_program,97734100,actual,source.mof_2021_programmatic_fact_actual,30 02,სახელმწიფო საზღვრის დაცვა,30 00,საქართველოს შინაგან საქმეთა სამინისტრო,medium,Official depth-2 program. Included because this source-code series reaches at least 100000000 GEL in one or more years.
2021,admin_program.30_06.99ee9b0c,admin_spending.internal_affairs,major_program,88436600,actual,source.mof_2021_programmatic_fact_actual,30 06,"სამოქალაქო უსაფრთხოების დონის ამაღლება, სახელმწიფო მატერიალური რეზერვების შექმნა და მართვა",30 00,საქართველოს შინაგან საქმეთა სამინისტრო,medium,Official depth-2 program. Included because this source-code series reaches at least 100000000 GEL in one or more years.
2021,admin_program.31_03.c8e552ff,admin_spending.environment_agriculture,major_program,155213600,actual,source.mof_2021_programmatic_fact_actual,31 03,მევენახეობა-მეღვინეობის განვითარება,31 00,საქართველოს გარემოს დაცვისა და სოფლის მეურნეობის სამინისტრო,medium,Official depth-2 program. Included because this source-code series reaches at least 100000000 GEL in one or more years.
2021,admin_program.31_05.ab7362d3,admin_spending.environment_agriculture,major_program,296033900,actual,source.mof_2021_programmatic_fact_actual,31 05,ერთიანი აგროპროექტი,31 00,საქართველოს გარემოს დაცვისა და სოფლის მეურნეობის სამინისტრო,medium,Official depth-2 program. Included because this source-code series reaches at least 100000000 GEL in one or more years.
2021,admin_program.31_06.8aad417e,admin_spending.environment_agriculture,major_program,80278100,actual,source.mof_2021_programmatic_fact_actual,31 06,სამელიორაციო სისტემების მოდერნიზაცია,31 00,საქართველოს გარემოს დაცვისა და სოფლის მეურნეობის სამინისტრო,medium,Official depth-2 program. Included because this source-code series reaches at least 100000000 GEL in one or more years.
2021,admin_program.32_02.f56c9741,admin_spending.education_science_youth,major_program,1069899800,actual,source.mof_2021_programmatic_fact_actual,32 02,სკოლამდელი და ზოგადი განათლება,32 00,"საქართველოს განათლების, მეცნიერების, კულტურისა და სპორტის სამინისტრო",medium,Official depth-2 program. Included because this source-code series reaches at least 100000000 GEL in one or more years.
2021,admin_program.32_03.85c13dd5,admin_spending.education_science_youth,major_program,60438600,actual,source.mof_2021_programmatic_fact_actual,32 03,პროფესიული განათლება,32 00,"საქართველოს განათლების, მეცნიერების, კულტურისა და სპორტის სამინისტრო",medium,Official depth-2 program. Included because this source-code series reaches at least 100000000 GEL in one or more years.
2021,admin_program.32_04.2900df2d,admin_spending.education_science_youth,major_program,165425500,actual,source.mof_2021_programmatic_fact_actual,32 04,უმაღლესი განათლება,32 00,"საქართველოს განათლების, მეცნიერების, კულტურისა და სპორტის სამინისტრო",medium,Official depth-2 program. Included because this source-code series reaches at least 100000000 GEL in one or more years.
2021,admin_program.32_07.1f0c1c68,admin_spending.education_science_youth,major_program,136337800,actual,source.mof_2021_programmatic_fact_actual,32 07,ინფრასტრუქტურის განვითარება,32 00,"საქართველოს განათლების, მეცნიერების, კულტურისა და სპორტის სამინისტრო",medium,Official depth-2 program. Included because this source-code series reaches at least 100000000 GEL in one or more years.
2021,admin_program.32_11.41fae9cc,admin_spending.sport,major_program,137047500,actual,source.mof_2021_programmatic_fact_actual,32 11,მასობრივი და მაღალი მიღწევების სპორტის განვითარება და პოპულარიზაცია,32 00,"საქართველოს განათლების, მეცნიერების, კულტურისა და სპორტის სამინისტრო",medium,Official depth-2 program. Included because this source-code series reaches at least 100000000 GEL in one or more years.
2021,admin_program.56_01.8f7686af,admin_spending.debt_service,major_program,2936811800,actual,source.mof_2021_programmatic_fact_actual,56 01,საგარეო სახელმწიფო ვალდებულებების მომსახურება და დაფარვა,56 00,საერთო-სახელმწიფოებრივი მნიშვნელობის გადასახდელები,medium,Official depth-2 program. Included because this source-code series reaches at least 100000000 GEL in one or more years.
2021,admin_program.56_02.52901c5f,admin_spending.debt_service,major_program,546593700,actual,source.mof_2021_programmatic_fact_actual,56 02,საშინაო სახელმწიფო ვალდებულებების მომსახურება და დაფარვა,56 00,საერთო-სახელმწიფოებრივი მნიშვნელობის გადასახდელები,medium,Official depth-2 program. Included because this source-code series reaches at least 100000000 GEL in one or more years.
2021,admin_program.56_04.95c530cc,admin_spending.other_costs,major_program,634287000,actual,source.mof_2021_programmatic_fact_actual,56 04,ავტონომიური რესპუბლიკებისა და მუნიციპალიტეტებისთვის გადასაცემი ტრანსფერები,56 00,საერთო-სახელმწიფოებრივი მნიშვნელობის გადასახდელები,medium,Official depth-2 program. Included because this source-code series reaches at least 100000000 GEL in one or more years.
2021,admin_program.56_11.5b553247,admin_spending.other_costs,major_program,236000000,actual,source.mof_2021_programmatic_fact_actual,56 11,დაგროვებითი საპენსიო სქემის თანადაფინანსება,56 00,საერთო-სახელმწიფოებრივი მნიშვნელობის გადასახდელები,medium,Official depth-2 program. Included because this source-code series reaches at least 100000000 GEL in one or more years.
2021,admin_program.56_13.d924c9b8,admin_spending.other_costs,major_program,168000100,actual,source.mof_2021_programmatic_fact_actual,56 13,დონორების მიერ დაფინანსებული საერთო-სახელმწიფოებრივი გადასახდელები,56 00,საერთო-სახელმწიფოებრივი მნიშვნელობის გადასახდელები,medium,Official depth-2 program. Included because this source-code series reaches at least 100000000 GEL in one or more years.
2022,admin_spending.culture,,admin_category,325203873,actual,source.mof_2022_programmatic_fact_actual,,,,,high,Aggregated from official tavi 6 leaf rows by administrative owner.
2022,admin_spending.debt_service,,admin_category,1757623785,actual,source.mof_2022_programmatic_fact_actual,,,,,high,Aggregated from official tavi 6 leaf rows by administrative owner.
2022,admin_spending.defence,,admin_category,1089355282,actual,source.mof_2022_programmatic_fact_actual,,,,,high,Aggregated from official tavi 6 leaf rows by administrative owner.
2022,admin_spending.economy_sustainable_development,,admin_category,1270227061,actual,source.mof_2022_programmatic_fact_actual,,,,,high,Aggregated from official tavi 6 leaf rows by administrative owner.
2022,admin_spending.education_science_youth,,admin_category,1697345360,actual,source.mof_2022_programmatic_fact_actual,,,,,high,Aggregated from official tavi 6 leaf rows by administrative owner.
2022,admin_spending.environment_agriculture,,admin_category,760420315,actual,source.mof_2022_programmatic_fact_actual,,,,,high,Aggregated from official tavi 6 leaf rows by administrative owner.
2022,admin_spending.finance,,admin_category,102102032,actual,source.mof_2022_programmatic_fact_actual,,,,,high,Aggregated from official tavi 6 leaf rows by administrative owner.
2022,admin_spending.foreign_affairs,,admin_category,177974086,actual,source.mof_2022_programmatic_fact_actual,,,,,high,Aggregated from official tavi 6 leaf rows by administrative owner.
2022,admin_spending.health_social_affairs,,admin_category,6361827251,actual,source.mof_2022_programmatic_fact_actual,,,,,high,Aggregated from official tavi 6 leaf rows by administrative owner.
2022,admin_spending.internal_affairs,,admin_category,967163899,actual,source.mof_2022_programmatic_fact_actual,,,,,high,Aggregated from official tavi 6 leaf rows by administrative owner.
2022,admin_spending.justice,,admin_category,345319212,actual,source.mof_2022_programmatic_fact_actual,,,,,high,Aggregated from official tavi 6 leaf rows by administrative owner.
2022,admin_spending.other_costs,,admin_category,2077027448,actual,source.mof_2022_programmatic_fact_actual,,,,,medium,Aggregated from official tavi 6 leaf rows by administrative owner.
2022,admin_spending.regional_development_infrastructure,,admin_category,3080396407,actual,source.mof_2022_programmatic_fact_actual,,,,,high,Aggregated from official tavi 6 leaf rows by administrative owner.
2022,admin_spending.sport,,admin_category,151026496,actual,source.mof_2022_programmatic_fact_actual,,,,,high,Aggregated from official tavi 6 leaf rows by administrative owner.
2022,admin_program.06_04.674b2aee,admin_spending.other_costs,major_program,2713654,actual,source.mof_2022_programmatic_fact_actual,06 04,არჩევნების ჩატარების ღონისძიებები,06 00,საქართველოს ცენტრალური საარჩევნო კომისია,medium,Official depth-2 program. Included because this source-code series reaches at least 100000000 GEL in one or more years.
2022,admin_program.09_01.f5bec61a,admin_spending.other_costs,major_program,87076995,actual,source.mof_2022_programmatic_fact_actual,09 01,საერთო სასამართლოების სისტემის განვითარება და ხელშეწყობა,09 00,საერთო სასამართლოები,medium,Official depth-2 program. Included because this source-code series reaches at least 100000000 GEL in one or more years.
2022,admin_program.20_01.64d3902d,admin_spending.other_costs,major_program,119987432,actual,source.mof_2022_programmatic_fact_actual,20 01,სახელმწიფო უსაფრთხოების უზრუნველყოფა,20 00,საქართველოს სახელმწიფო უსაფრთხოების სამსახური,medium,Official depth-2 program. Included because this source-code series reaches at least 100000000 GEL in one or more years.
2022,admin_program.24_01.e75d1cbc,admin_spending.economy_sustainable_development,major_program,246366785,actual,source.mof_2022_programmatic_fact_actual,24 01,ეკონომიკური პოლიტიკის შემუშავება და განხორციელება,24 00,საქართველოს ეკონომიკისა და მდგრადი განვითარების სამინისტრო,medium,Official depth-2 program. Included because this source-code series reaches at least 100000000 GEL in one or more years.
2022,admin_program.24_06.5a885022,admin_spending.economy_sustainable_development,major_program,369866270,actual,source.mof_2022_programmatic_fact_actual,24 06,სახელმწიფო ქონების მართვა,24 00,საქართველოს ეკონომიკისა და მდგრადი განვითარების სამინისტრო,medium,Official depth-2 program. Included because this source-code series reaches at least 100000000 GEL in one or more years.
2022,admin_program.24_07.28016cec,admin_spending.economy_sustainable_development,major_program,231526941,actual,source.mof_2022_programmatic_fact_actual,24 07,მეწარმეობის განვითარება,24 00,საქართველოს ეკონომიკისა და მდგრადი განვითარების სამინისტრო,medium,Official depth-2 program. Included because this source-code series reaches at least 100000000 GEL in one or more years.
2022,admin_program.24_14.6c3a02c8,admin_spending.economy_sustainable_development,major_program,137887883,actual,source.mof_2022_programmatic_fact_actual,24 14,სასისტემო მნიშვნელობის ელექტროგადამცემი ქსელის განვითარება,24 00,საქართველოს ეკონომიკისა და მდგრადი განვითარების სამინისტრო,medium,Official depth-2 program. Included because this source-code series reaches at least 100000000 GEL in one or more years.
2022,admin_program.24_15.155784ea,admin_spending.economy_sustainable_development,major_program,175863968,actual,source.mof_2022_programmatic_fact_actual,24 15,მოსახლეობის ელექტროენერგიითა და ბუნებრივი აირით მომარაგების გაუმჯობესება,24 00,საქართველოს ეკონომიკისა და მდგრადი განვითარების სამინისტრო,medium,Official depth-2 program. Included because this source-code series reaches at least 100000000 GEL in one or more years.
2022,admin_program.24_17.b4c8cc98,admin_spending.economy_sustainable_development,major_program,538197,actual,source.mof_2022_programmatic_fact_actual,24 17,ანაკლიის ღრმაწყლოვანი ნავსადგურის განვითარება,24 00,საქართველოს ეკონომიკისა და მდგრადი განვითარების სამინისტრო,medium,Official depth-2 program. Included because this source-code series reaches at least 100000000 GEL in one or more years.
2022,admin_program.25_02.4cffd876,admin_spending.regional_development_infrastructure,major_program,1955835018,actual,source.mof_2022_programmatic_fact_actual,25 02,საგზაო ინფრასტრუქტურის გაუმჯობესების ღონისძიებები,25 00,საქართველოს რეგიონული განვითარებისა და ინფრასტრუქტურის სამინისტრო,medium,Official depth-2 program. Included because this source-code series reaches at least 100000000 GEL in one or more years.
2022,admin_program.25_03.beff3036,admin_spending.regional_development_infrastructure,major_program,543131470,actual,source.mof_2022_programmatic_fact_actual,25 03,რეგიონული და მუნიციპალური ინფრასტრუქტურის რეაბილიტაცია,25 00,საქართველოს რეგიონული განვითარებისა და ინფრასტრუქტურის სამინისტრო,medium,Official depth-2 program. Included because this source-code series reaches at least 100000000 GEL in one or more years.
2022,admin_program.25_04.eee6b72f,admin_spending.regional_development_infrastructure,major_program,445471061,actual,source.mof_2022_programmatic_fact_actual,25 04,წყალმომარაგების ინფრასტრუქტურის აღდგენა-რეაბილიტაცია,25 00,საქართველოს რეგიონული განვითარებისა და ინფრასტრუქტურის სამინისტრო,medium,Official depth-2 program. Included because this source-code series reaches at least 100000000 GEL in one or more years.
2022,admin_program.25_05.fa6f4fd1,admin_spending.regional_development_infrastructure,major_program,30724684,actual,source.mof_2022_programmatic_fact_actual,25 05,მყარი ნარჩენების მართვის პროგრამა,25 00,საქართველოს რეგიონული განვითარებისა და ინფრასტრუქტურის სამინისტრო,medium,Official depth-2 program. Included because this source-code series reaches at least 100000000 GEL in one or more years.
2022,admin_program.25_07.b8f22b79,admin_spending.regional_development_infrastructure,major_program,88566694,actual,source.mof_2022_programmatic_fact_actual,25 07,ზოგადსაგანმანათლებლო ინფრასტრუქტურის მშენებლობა და რეაბილიტაცია,25 00,საქართველოს რეგიონული განვითარებისა და ინფრასტრუქტურის სამინისტრო,medium,Official depth-2 program. Included because this source-code series reaches at least 100000000 GEL in one or more years.
2022,admin_program.26_01.d068f094,admin_spending.justice,major_program,69688197,actual,source.mof_2022_programmatic_fact_actual,26 01,"სამართალშემოქმედებისა და ქვეყნის ინტერესების სამართლებრივი მხარდაჭერის მიზნით სახელმწიფო პოლიტიკის შემუშავება და მართვა, მათ შორის, სისხლის სამართლის სისტემის რეფორმის განხორციელება",26 00,საქართველოს იუსტიციის სამინისტრო,medium,Official depth-2 program. Included because this source-code series reaches at least 100000000 GEL in one or more years.
2022,admin_program.26_02.652b3ee4,admin_spending.justice,major_program,203519850,actual,source.mof_2022_programmatic_fact_actual,26 02,საერთაშორისო სტანდარტების შესაბამისი პენიტენციური სისტემის ჩამოყალიბება,26 00,საქართველოს იუსტიციის სამინისტრო,medium,Official depth-2 program. Included because this source-code series reaches at least 100000000 GEL in one or more years.
2022,admin_program.27_01.985ee587,admin_spending.health_social_affairs,major_program,90169426,actual,source.mof_2022_programmatic_fact_actual,27 01,"ოკუპირებული ტერიტორიებიდან დევნილთა, შრომის, ჯანმრთელობისა და სოციალური დაცვის პროგრამების მართვა",27 00,"საქართველოს ოკუპირებული ტერიტორიებიდან დევნილთა, შრომის, ჯანმრთელობისა და სოციალური დაცვის სამინისტრო",medium,Official depth-2 program. Included because this source-code series reaches at least 100000000 GEL in one or more years.
2022,admin_program.27_02.56e31b26,admin_spending.health_social_affairs,major_program,4135068923,actual,source.mof_2022_programmatic_fact_actual,27 02,მოსახლეობის სოციალური დაცვა,27 00,"საქართველოს ოკუპირებული ტერიტორიებიდან დევნილთა, შრომის, ჯანმრთელობისა და სოციალური დაცვის სამინისტრო",medium,Official depth-2 program. Included because this source-code series reaches at least 100000000 GEL in one or more years.
2022,admin_program.27_03.0e2913c7,admin_spending.health_social_affairs,major_program,1937329706,actual,source.mof_2022_programmatic_fact_actual,27 03,მოსახლეობის ჯანმრთელობის დაცვა,27 00,"საქართველოს ოკუპირებული ტერიტორიებიდან დევნილთა, შრომის, ჯანმრთელობისა და სოციალური დაცვის სამინისტრო",medium,Official depth-2 program. Included because this source-code series reaches at least 100000000 GEL in one or more years.
2022,admin_program.27_05.35edf475,admin_spending.health_social_affairs,major_program,48103406,actual,source.mof_2022_programmatic_fact_actual,27 05,შრომისა და დასაქმების სისტემის რეფორმების პროგრამა,27 00,"საქართველოს ოკუპირებული ტერიტორიებიდან დევნილთა, შრომის, ჯანმრთელობისა და სოციალური დაცვის სამინისტრო",medium,Official depth-2 program. Included because this source-code series reaches at least 100000000 GEL in one or more years.
2022,admin_program.27_06.792ab896,admin_spending.health_social_affairs,major_program,119457743,actual,source.mof_2022_programmatic_fact_actual,27 06,იძულებით გადაადგილებულ პირთა და მიგრანტთა ხელშეწყობა,27 00,"საქართველოს ოკუპირებული ტერიტორიებიდან დევნილთა, შრომის, ჯანმრთელობისა და სოციალური დაცვის სამინისტრო",medium,Official depth-2 program. Included because this source-code series reaches at least 100000000 GEL in one or more years.
2022,admin_program.28_01.10c69e87,admin_spending.foreign_affairs,major_program,177116085,actual,source.mof_2022_programmatic_fact_actual,28 01,საგარეო პოლიტიკის განხორციელება,28 00,საქართველოს საგარეო საქმეთა სამინისტრო,medium,Official depth-2 program. Included because this source-code series reaches at least 100000000 GEL in one or more years.
2022,admin_program.29_01.c41caf84,admin_spending.defence,major_program,390750398,actual,source.mof_2022_programmatic_fact_actual,29 01,თავდაცვის მართვა,29 00,საქართველოს თავდაცვის სამინისტრო,medium,Official depth-2 program. Included because this source-code series reaches at least 100000000 GEL in one or more years.
2022,admin_program.29_02.c4a63f07,admin_spending.defence,major_program,64660525,actual,source.mof_2022_programmatic_fact_actual,29 02,პროფესიული სამხედრო განათლება,29 00,საქართველოს თავდაცვის სამინისტრო,medium,Official depth-2 program. Included because this source-code series reaches at least 100000000 GEL in one or more years.
2022,admin_program.29_05.a7ad04fb,admin_spending.defence,major_program,111979699,actual,source.mof_2022_programmatic_fact_actual,29 05,ინფრასტრუქტურის განვითარება,29 00,საქართველოს თავდაცვის სამინისტრო,medium,Official depth-2 program. Included because this source-code series reaches at least 100000000 GEL in one or more years.
2022,admin_program.29_08.a366e793,admin_spending.defence,major_program,168589168,actual,source.mof_2022_programmatic_fact_actual,29 08,თავდაცვის შესაძლებლობების განვითარება,29 00,საქართველოს თავდაცვის სამინისტრო,medium,Official depth-2 program. Included because this source-code series reaches at least 100000000 GEL in one or more years.
2022,admin_program.29_09.6c92e31a,admin_spending.defence,major_program,233526165,actual,source.mof_2022_programmatic_fact_actual,29 09,ლოჯისტიკური უზრუნველყოფა,29 00,საქართველოს თავდაცვის სამინისტრო,medium,Official depth-2 program. Included because this source-code series reaches at least 100000000 GEL in one or more years.
2022,admin_program.30_01.43adff48,admin_spending.internal_affairs,major_program,687936149,actual,source.mof_2022_programmatic_fact_actual,30 01,საზოგადოებრივი წესრიგი და საერთაშორისო თანამშრომლობის განვითარება/გაღრმავება,30 00,საქართველოს შინაგან საქმეთა სამინისტრო,medium,Official depth-2 program. Included because this source-code series reaches at least 100000000 GEL in one or more years.
2022,admin_program.30_02.fb0988d1,admin_spending.internal_affairs,major_program,154479952,actual,source.mof_2022_programmatic_fact_actual,30 02,სახელმწიფო საზღვრის დაცვა,30 00,საქართველოს შინაგან საქმეთა სამინისტრო,medium,Official depth-2 program. Included because this source-code series reaches at least 100000000 GEL in one or more years.
2022,admin_program.30_06.99ee9b0c,admin_spending.internal_affairs,major_program,100651450,actual,source.mof_2022_programmatic_fact_actual,30 06,"სამოქალაქო უსაფრთხოების დონის ამაღლება, სახელმწიფო მატერიალური რეზერვების შექმნა და მართვა",30 00,საქართველოს შინაგან საქმეთა სამინისტრო,medium,Official depth-2 program. Included because this source-code series reaches at least 100000000 GEL in one or more years.
2022,admin_program.31_03.c8e552ff,admin_spending.environment_agriculture,major_program,109560680,actual,source.mof_2022_programmatic_fact_actual,31 03,მევენახეობა-მეღვინეობის განვითარება,31 00,საქართველოს გარემოს დაცვისა და სოფლის მეურნეობის სამინისტრო,medium,Official depth-2 program. Included because this source-code series reaches at least 100000000 GEL in one or more years.
2022,admin_program.31_05.ab7362d3,admin_spending.environment_agriculture,major_program,367851310,actual,source.mof_2022_programmatic_fact_actual,31 05,ერთიანი აგროპროექტი,31 00,საქართველოს გარემოს დაცვისა და სოფლის მეურნეობის სამინისტრო,medium,Official depth-2 program. Included because this source-code series reaches at least 100000000 GEL in one or more years.
2022,admin_program.31_06.8aad417e,admin_spending.environment_agriculture,major_program,80391695,actual,source.mof_2022_programmatic_fact_actual,31 06,სამელიორაციო სისტემების მოდერნიზაცია,31 00,საქართველოს გარემოს დაცვისა და სოფლის მეურნეობის სამინისტრო,medium,Official depth-2 program. Included because this source-code series reaches at least 100000000 GEL in one or more years.
2022,admin_program.32_02.f56c9741,admin_spending.education_science_youth,major_program,1172855749,actual,source.mof_2022_programmatic_fact_actual,32 02,სკოლამდელი და ზოგადი განათლება,32 00,საქართველოს განათლებისა და მეცნიერების სამინისტრო,medium,Official depth-2 program. Included because this source-code series reaches at least 100000000 GEL in one or more years.
2022,admin_program.32_03.85c13dd5,admin_spending.education_science_youth,major_program,79047771,actual,source.mof_2022_programmatic_fact_actual,32 03,პროფესიული განათლება,32 00,საქართველოს განათლებისა და მეცნიერების სამინისტრო,medium,Official depth-2 program. Included because this source-code series reaches at least 100000000 GEL in one or more years.
2022,admin_program.32_04.2900df2d,admin_spending.education_science_youth,major_program,142501925,actual,source.mof_2022_programmatic_fact_actual,32 04,უმაღლესი განათლება,32 00,საქართველოს განათლებისა და მეცნიერების სამინისტრო,medium,Official depth-2 program. Included because this source-code series reaches at least 100000000 GEL in one or more years.
2022,admin_program.32_07.1f0c1c68,admin_spending.education_science_youth,major_program,134467021,actual,source.mof_2022_programmatic_fact_actual,32 07,ინფრასტრუქტურის განვითარება,32 00,საქართველოს განათლებისა და მეცნიერების სამინისტრო,medium,Official depth-2 program. Included because this source-code series reaches at least 100000000 GEL in one or more years.
2022,admin_program.33_05.38bcf264,admin_spending.culture,major_program,150626963,actual,source.mof_2022_programmatic_fact_actual,33 05,კულტურის განვითარების ხელშეწყობა,33 00,"საქართველოს კულტურის, სპორტისა და ახალგაზრდობის სამინისტრო",medium,Official depth-2 program. Included because this source-code series reaches at least 100000000 GEL in one or more years.
2022,admin_program.33_07.a667ca3a,admin_spending.sport,major_program,151026496,actual,source.mof_2022_programmatic_fact_actual,33 07,მასობრივი და მაღალი მიღწევების სპორტის განვითარება და პოპულარიზაცია,33 00,"საქართველოს კულტურის, სპორტისა და ახალგაზრდობის სამინისტრო",medium,Official depth-2 program. Included because this source-code series reaches at least 100000000 GEL in one or more years.
2022,admin_program.55_01.7728ed3a,admin_spending.debt_service,major_program,1207226845,actual,source.mof_2022_programmatic_fact_actual,55 01,საგარეო სახელმწიფო ვალდებულებების მომსახურება და დაფარვა,55 00,საერთო-სახელმწიფოებრივი მნიშვნელობის გადასახდელები,medium,Official depth-2 program. Included because this source-code series reaches at least 100000000 GEL in one or more years.
2022,admin_program.55_02.1b66fa6c,admin_spending.debt_service,major_program,550396940,actual,source.mof_2022_programmatic_fact_actual,55 02,საშინაო სახელმწიფო ვალდებულებების მომსახურება და დაფარვა,55 00,საერთო-სახელმწიფოებრივი მნიშვნელობის გადასახდელები,medium,Official depth-2 program. Included because this source-code series reaches at least 100000000 GEL in one or more years.
2022,admin_program.55_04.8e494eeb,admin_spending.other_costs,major_program,829090510,actual,source.mof_2022_programmatic_fact_actual,55 04,ავტონომიური რესპუბლიკებისა და მუნიციპალიტეტებისათვის გადასაცემი ტრანსფერები,55 00,საერთო-სახელმწიფოებრივი მნიშვნელობის გადასახდელები,medium,Official depth-2 program. Included because this source-code series reaches at least 100000000 GEL in one or more years.
2022,admin_program.55_11.d5daf835,admin_spending.other_costs,major_program,275000000,actual,source.mof_2022_programmatic_fact_actual,55 11,დაგროვებითი საპენსიო სქემის თანადაფინანსება,55 00,საერთო-სახელმწიფოებრივი მნიშვნელობის გადასახდელები,medium,Official depth-2 program. Included because this source-code series reaches at least 100000000 GEL in one or more years.
2022,admin_program.55_14.7452e9e9,admin_spending.other_costs,major_program,123424026,actual,source.mof_2022_programmatic_fact_actual,55 14,2020-2022 წლების საპილოტე რეგიონების ინტეგრირებული განვითარების პროგრამის ფარგლებში შერჩეული პროექტების დაფინანსება მუნიციპალიტეტებში,55 00,საერთო-სახელმწიფოებრივი მნიშვნელობის გადასახდელები,medium,Official depth-2 program. Included because this source-code series reaches at least 100000000 GEL in one or more years.
2023,admin_spending.culture,,admin_category,287104847,actual,source.mof_2023_programmatic_fact_actual,,,,,high,Aggregated from official tavi 6 leaf rows by administrative owner.
2023,admin_spending.debt_service,,admin_category,2267401111,actual,source.mof_2023_programmatic_fact_actual,,,,,high,Aggregated from official tavi 6 leaf rows by administrative owner.
2023,admin_spending.defence,,admin_category,1274214775,actual,source.mof_2023_programmatic_fact_actual,,,,,high,Aggregated from official tavi 6 leaf rows by administrative owner.
2023,admin_spending.economy_sustainable_development,,admin_category,593382926,actual,source.mof_2023_programmatic_fact_actual,,,,,high,Aggregated from official tavi 6 leaf rows by administrative owner.
2023,admin_spending.education_science_youth,,admin_category,2081244155,actual,source.mof_2023_programmatic_fact_actual,,,,,high,Aggregated from official tavi 6 leaf rows by administrative owner.
2023,admin_spending.environment_agriculture,,admin_category,725558236,actual,source.mof_2023_programmatic_fact_actual,,,,,high,Aggregated from official tavi 6 leaf rows by administrative owner.
2023,admin_spending.finance,,admin_category,100326037,actual,source.mof_2023_programmatic_fact_actual,,,,,high,Aggregated from official tavi 6 leaf rows by administrative owner.
2023,admin_spending.foreign_affairs,,admin_category,188706608,actual,source.mof_2023_programmatic_fact_actual,,,,,high,Aggregated from official tavi 6 leaf rows by administrative owner.
2023,admin_spending.health_social_affairs,,admin_category,7117759833,actual,source.mof_2023_programmatic_fact_actual,,,,,high,Aggregated from official tavi 6 leaf rows by administrative owner.
2023,admin_spending.internal_affairs,,admin_category,1149607808,actual,source.mof_2023_programmatic_fact_actual,,,,,high,Aggregated from official tavi 6 leaf rows by administrative owner.
2023,admin_spending.justice,,admin_category,398515264,actual,source.mof_2023_programmatic_fact_actual,,,,,high,Aggregated from official tavi 6 leaf rows by administrative owner.
2023,admin_spending.other_costs,,admin_category,2546075021,actual,source.mof_2023_programmatic_fact_actual,,,,,medium,Aggregated from official tavi 6 leaf rows by administrative owner.
2023,admin_spending.regional_development_infrastructure,,admin_category,3438030968,actual,source.mof_2023_programmatic_fact_actual,,,,,high,Aggregated from official tavi 6 leaf rows by administrative owner.
2023,admin_spending.sport,,admin_category,182251821,actual,source.mof_2023_programmatic_fact_actual,,,,,high,Aggregated from official tavi 6 leaf rows by administrative owner.
2023,admin_program.06_04.674b2aee,admin_spending.other_costs,major_program,56232303,actual,source.mof_2023_programmatic_fact_actual,06 04,არჩევნების ჩატარების ღონისძიებები,06 00,საქართველოს ცენტრალური საარჩევნო კომისია,medium,Official depth-2 program. Included because this source-code series reaches at least 100000000 GEL in one or more years.
2023,admin_program.09_01.f5bec61a,admin_spending.other_costs,major_program,98672781,actual,source.mof_2023_programmatic_fact_actual,09 01,საერთო სასამართლოების სისტემის განვითარება და ხელშეწყობა,09 00,საერთო სასამართლოები,medium,Official depth-2 program. Included because this source-code series reaches at least 100000000 GEL in one or more years.
2023,admin_program.20_01.64d3902d,admin_spending.other_costs,major_program,142930395,actual,source.mof_2023_programmatic_fact_actual,20 01,სახელმწიფო უსაფრთხოების უზრუნველყოფა,20 00,საქართველოს სახელმწიფო უსაფრთხოების სამსახური,medium,Official depth-2 program. Included because this source-code series reaches at least 100000000 GEL in one or more years.
2023,admin_program.24_01.e75d1cbc,admin_spending.economy_sustainable_development,major_program,16300142,actual,source.mof_2023_programmatic_fact_actual,24 01,ეკონომიკური პოლიტიკის შემუშავება და განხორციელება,24 00,საქართველოს ეკონომიკისა და მდგრადი განვითარების სამინისტრო,medium,Official depth-2 program. Included because this source-code series reaches at least 100000000 GEL in one or more years.
2023,admin_program.24_06.5a885022,admin_spending.economy_sustainable_development,major_program,40734793,actual,source.mof_2023_programmatic_fact_actual,24 06,სახელმწიფო ქონების მართვა,24 00,საქართველოს ეკონომიკისა და მდგრადი განვითარების სამინისტრო,medium,Official depth-2 program. Included because this source-code series reaches at least 100000000 GEL in one or more years.
2023,admin_program.24_07.28016cec,admin_spending.economy_sustainable_development,major_program,253176555,actual,source.mof_2023_programmatic_fact_actual,24 07,მეწარმეობის განვითარება,24 00,საქართველოს ეკონომიკისა და მდგრადი განვითარების სამინისტრო,medium,Official depth-2 program. Included because this source-code series reaches at least 100000000 GEL in one or more years.
2023,admin_program.24_14.6c3a02c8,admin_spending.economy_sustainable_development,major_program,120563269,actual,source.mof_2023_programmatic_fact_actual,24 14,სასისტემო მნიშვნელობის ელექტროგადამცემი ქსელის განვითარება,24 00,საქართველოს ეკონომიკისა და მდგრადი განვითარების სამინისტრო,medium,Official depth-2 program. Included because this source-code series reaches at least 100000000 GEL in one or more years.
2023,admin_program.24_15.155784ea,admin_spending.economy_sustainable_development,major_program,3247701,actual,source.mof_2023_programmatic_fact_actual,24 15,მოსახლეობის ელექტროენერგიითა და ბუნებრივი აირით მომარაგების გაუმჯობესება,24 00,საქართველოს ეკონომიკისა და მდგრადი განვითარების სამინისტრო,medium,Official depth-2 program. Included because this source-code series reaches at least 100000000 GEL in one or more years.
2023,admin_program.24_17.b4c8cc98,admin_spending.economy_sustainable_development,major_program,2472218,actual,source.mof_2023_programmatic_fact_actual,24 17,ანაკლიის ღრმაწყლოვანი ნავსადგურის განვითარება,24 00,საქართველოს ეკონომიკისა და მდგრადი განვითარების სამინისტრო,medium,Official depth-2 program. Included because this source-code series reaches at least 100000000 GEL in one or more years.
2023,admin_program.25_02.4cffd876,admin_spending.regional_development_infrastructure,major_program,2022088422,actual,source.mof_2023_programmatic_fact_actual,25 02,საგზაო ინფრასტრუქტურის გაუმჯობესების ღონისძიებები,25 00,საქართველოს რეგიონული განვითარებისა და ინფრასტრუქტურის სამინისტრო,medium,Official depth-2 program. Included because this source-code series reaches at least 100000000 GEL in one or more years.
2023,admin_program.25_03.beff3036,admin_spending.regional_development_infrastructure,major_program,448814183,actual,source.mof_2023_programmatic_fact_actual,25 03,რეგიონული და მუნიციპალური ინფრასტრუქტურის რეაბილიტაცია,25 00,საქართველოს რეგიონული განვითარებისა და ინფრასტრუქტურის სამინისტრო,medium,Official depth-2 program. Included because this source-code series reaches at least 100000000 GEL in one or more years.
2023,admin_program.25_04.eee6b72f,admin_spending.regional_development_infrastructure,major_program,521137866,actual,source.mof_2023_programmatic_fact_actual,25 04,წყალმომარაგების ინფრასტრუქტურის აღდგენა-რეაბილიტაცია,25 00,საქართველოს რეგიონული განვითარებისა და ინფრასტრუქტურის სამინისტრო,medium,Official depth-2 program. Included because this source-code series reaches at least 100000000 GEL in one or more years.
2023,admin_program.25_05.fa6f4fd1,admin_spending.regional_development_infrastructure,major_program,43024142,actual,source.mof_2023_programmatic_fact_actual,25 05,მყარი ნარჩენების მართვის პროგრამა,25 00,საქართველოს რეგიონული განვითარებისა და ინფრასტრუქტურის სამინისტრო,medium,Official depth-2 program. Included because this source-code series reaches at least 100000000 GEL in one or more years.
2023,admin_program.25_07.b8f22b79,admin_spending.regional_development_infrastructure,major_program,179423914,actual,source.mof_2023_programmatic_fact_actual,25 07,ზოგადსაგანმანათლებლო და სკოლამდელი აღზრდის დაწესებულებების მშენებლობა-რეაბილიტაცია,25 00,საქართველოს რეგიონული განვითარებისა და ინფრასტრუქტურის სამინისტრო,medium,Official depth-2 program. Included because this source-code series reaches at least 100000000 GEL in one or more years.
2023,admin_program.25_08.04e51d59,admin_spending.regional_development_infrastructure,major_program,205699300,actual,source.mof_2023_programmatic_fact_actual,25 08,ტურისტული ინფრასტრუქტურის გაუმჯობესების ღონისძიებები,25 00,საქართველოს რეგიონული განვითარებისა და ინფრასტრუქტურის სამინისტრო,medium,Official depth-2 program. Included because this source-code series reaches at least 100000000 GEL in one or more years.
2023,admin_program.26_01.d068f094,admin_spending.justice,major_program,74052307,actual,source.mof_2023_programmatic_fact_actual,26 01,"სამართალშემოქმედებისა და ქვეყნის ინტერესების სამართლებრივი მხარდაჭერის მიზნით სახელმწიფო პოლიტიკის შემუშავება და მართვა, მათ შორის, სისხლის სამართლის სისტემის რეფორმის განხორციელება",26 00,საქართველოს იუსტიციის სამინისტრო,medium,Official depth-2 program. Included because this source-code series reaches at least 100000000 GEL in one or more years.
2023,admin_program.26_02.652b3ee4,admin_spending.justice,major_program,247553318,actual,source.mof_2023_programmatic_fact_actual,26 02,საერთაშორისო სტანდარტების შესაბამისი პენიტენციური სისტემის ჩამოყალიბება,26 00,საქართველოს იუსტიციის სამინისტრო,medium,Official depth-2 program. Included because this source-code series reaches at least 100000000 GEL in one or more years.
2023,admin_program.27_01.985ee587,admin_spending.health_social_affairs,major_program,106087312,actual,source.mof_2023_programmatic_fact_actual,27 01,"ოკუპირებული ტერიტორიებიდან დევნილთა, შრომის, ჯანმრთელობისა და სოციალური დაცვის პროგრამების მართვა",27 00,"საქართველოს ოკუპირებული ტერიტორიებიდან დევნილთა, შრომის, ჯანმრთელობისა და სოციალური დაცვის სამინისტრო",medium,Official depth-2 program. Included because this source-code series reaches at least 100000000 GEL in one or more years.
2023,admin_program.27_02.56e31b26,admin_spending.health_social_affairs,major_program,4987587414,actual,source.mof_2023_programmatic_fact_actual,27 02,მოსახლეობის სოციალური დაცვა,27 00,"საქართველოს ოკუპირებული ტერიტორიებიდან დევნილთა, შრომის, ჯანმრთელობისა და სოციალური დაცვის სამინისტრო",medium,Official depth-2 program. Included because this source-code series reaches at least 100000000 GEL in one or more years.
2023,admin_program.27_03.0e2913c7,admin_spending.health_social_affairs,major_program,1600288722,actual,source.mof_2023_programmatic_fact_actual,27 03,მოსახლეობის ჯანმრთელობის დაცვა,27 00,"საქართველოს ოკუპირებული ტერიტორიებიდან დევნილთა, შრომის, ჯანმრთელობისა და სოციალური დაცვის სამინისტრო",medium,Official depth-2 program. Included because this source-code series reaches at least 100000000 GEL in one or more years.
2023,admin_program.27_05.35edf475,admin_spending.health_social_affairs,major_program,115231336,actual,source.mof_2023_programmatic_fact_actual,27 05,შრომისა და დასაქმების სისტემის რეფორმების პროგრამა,27 00,"საქართველოს ოკუპირებული ტერიტორიებიდან დევნილთა, შრომის, ჯანმრთელობისა და სოციალური დაცვის სამინისტრო",medium,Official depth-2 program. Included because this source-code series reaches at least 100000000 GEL in one or more years.
2023,admin_program.27_06.792ab896,admin_spending.health_social_affairs,major_program,266813049,actual,source.mof_2023_programmatic_fact_actual,27 06,იძულებით გადაადგილებულ პირთა და მიგრანტთა ხელშეწყობა,27 00,"საქართველოს ოკუპირებული ტერიტორიებიდან დევნილთა, შრომის, ჯანმრთელობისა და სოციალური დაცვის სამინისტრო",medium,Official depth-2 program. Included because this source-code series reaches at least 100000000 GEL in one or more years.
2023,admin_program.28_01.10c69e87,admin_spending.foreign_affairs,major_program,187661790,actual,source.mof_2023_programmatic_fact_actual,28 01,საგარეო პოლიტიკის განხორციელება,28 00,საქართველოს საგარეო საქმეთა სამინისტრო,medium,Official depth-2 program. Included because this source-code series reaches at least 100000000 GEL in one or more years.
2023,admin_program.29_01.c41caf84,admin_spending.defence,major_program,482272641,actual,source.mof_2023_programmatic_fact_actual,29 01,თავდაცვის მართვა,29 00,საქართველოს თავდაცვის სამინისტრო,medium,Official depth-2 program. Included because this source-code series reaches at least 100000000 GEL in one or more years.
2023,admin_program.29_02.c4a63f07,admin_spending.defence,major_program,82680268,actual,source.mof_2023_programmatic_fact_actual,29 02,პროფესიული სამხედრო განათლება,29 00,საქართველოს თავდაცვის სამინისტრო,medium,Official depth-2 program. Included because this source-code series reaches at least 100000000 GEL in one or more years.
2023,admin_program.29_05.a7ad04fb,admin_spending.defence,major_program,100033389,actual,source.mof_2023_programmatic_fact_actual,29 05,ინფრასტრუქტურის განვითარება,29 00,საქართველოს თავდაცვის სამინისტრო,medium,Official depth-2 program. Included because this source-code series reaches at least 100000000 GEL in one or more years.
2023,admin_program.29_08.a366e793,admin_spending.defence,major_program,201335071,actual,source.mof_2023_programmatic_fact_actual,29 08,თავდაცვის შესაძლებლობების განვითარება,29 00,საქართველოს თავდაცვის სამინისტრო,medium,Official depth-2 program. Included because this source-code series reaches at least 100000000 GEL in one or more years.
2023,admin_program.29_09.6c92e31a,admin_spending.defence,major_program,274071138,actual,source.mof_2023_programmatic_fact_actual,29 09,ლოჯისტიკური უზრუნველყოფა,29 00,საქართველოს თავდაცვის სამინისტრო,medium,Official depth-2 program. Included because this source-code series reaches at least 100000000 GEL in one or more years.
2023,admin_program.30_01.43adff48,admin_spending.internal_affairs,major_program,866739781,actual,source.mof_2023_programmatic_fact_actual,30 01,საზოგადოებრივი წესრიგი და საერთაშორისო თანამშრომლობის განვითარება/გაღრმავება,30 00,საქართველოს შინაგან საქმეთა სამინისტრო,medium,Official depth-2 program. Included because this source-code series reaches at least 100000000 GEL in one or more years.
2023,admin_program.30_02.fb0988d1,admin_spending.internal_affairs,major_program,125391254,actual,source.mof_2023_programmatic_fact_actual,30 02,სახელმწიფო საზღვრის დაცვა,30 00,საქართველოს შინაგან საქმეთა სამინისტრო,medium,Official depth-2 program. Included because this source-code series reaches at least 100000000 GEL in one or more years.
2023,admin_program.30_06.99ee9b0c,admin_spending.internal_affairs,major_program,130919554,actual,source.mof_2023_programmatic_fact_actual,30 06,"სამოქალაქო უსაფრთხოების დონის ამაღლება, სახელმწიფო მატერიალური რეზერვების შექმნა და მართვა",30 00,საქართველოს შინაგან საქმეთა სამინისტრო,medium,Official depth-2 program. Included because this source-code series reaches at least 100000000 GEL in one or more years.
2023,admin_program.31_03.c8e552ff,admin_spending.environment_agriculture,major_program,52177937,actual,source.mof_2023_programmatic_fact_actual,31 03,მევენახეობა-მეღვინეობის განვითარება,31 00,საქართველოს გარემოს დაცვისა და სოფლის მეურნეობის სამინისტრო,medium,Official depth-2 program. Included because this source-code series reaches at least 100000000 GEL in one or more years.
2023,admin_program.31_05.ab7362d3,admin_spending.environment_agriculture,major_program,335754313,actual,source.mof_2023_programmatic_fact_actual,31 05,ერთიანი აგროპროექტი,31 00,საქართველოს გარემოს დაცვისა და სოფლის მეურნეობის სამინისტრო,medium,Official depth-2 program. Included because this source-code series reaches at least 100000000 GEL in one or more years.
2023,admin_program.31_06.8aad417e,admin_spending.environment_agriculture,major_program,110183604,actual,source.mof_2023_programmatic_fact_actual,31 06,სამელიორაციო სისტემების მოდერნიზაცია,31 00,საქართველოს გარემოს დაცვისა და სოფლის მეურნეობის სამინისტრო,medium,Official depth-2 program. Included because this source-code series reaches at least 100000000 GEL in one or more years.
2023,admin_program.32_02.f56c9741,admin_spending.education_science_youth,major_program,1362662512,actual,source.mof_2023_programmatic_fact_actual,32 02,სკოლამდელი და ზოგადი განათლება,32 00,საქართველოს განათლებისა და მეცნიერების სამინისტრო,medium,Official depth-2 program. Included because this source-code series reaches at least 100000000 GEL in one or more years.
2023,admin_program.32_03.85c13dd5,admin_spending.education_science_youth,major_program,103308876,actual,source.mof_2023_programmatic_fact_actual,32 03,პროფესიული განათლება,32 00,საქართველოს განათლებისა და მეცნიერების სამინისტრო,medium,Official depth-2 program. Included because this source-code series reaches at least 100000000 GEL in one or more years.
2023,admin_program.32_04.2900df2d,admin_spending.education_science_youth,major_program,153157598,actual,source.mof_2023_programmatic_fact_actual,32 04,უმაღლესი განათლება,32 00,საქართველოს განათლებისა და მეცნიერების სამინისტრო,medium,Official depth-2 program. Included because this source-code series reaches at least 100000000 GEL in one or more years.
2023,admin_program.32_07.1f0c1c68,admin_spending.education_science_youth,major_program,268283213,actual,source.mof_2023_programmatic_fact_actual,32 07,ინფრასტრუქტურის განვითარება,32 00,საქართველოს განათლებისა და მეცნიერების სამინისტრო,medium,Official depth-2 program. Included because this source-code series reaches at least 100000000 GEL in one or more years.
2023,admin_program.33_05.38bcf264,admin_spending.culture,major_program,95032575,actual,source.mof_2023_programmatic_fact_actual,33 05,კულტურის განვითარების ხელშეწყობა,33 00,"საქართველოს კულტურის, სპორტისა და ახალგაზრდობის სამინისტრო",medium,Official depth-2 program. Included because this source-code series reaches at least 100000000 GEL in one or more years.
2023,admin_program.33_07.a667ca3a,admin_spending.sport,major_program,182251821,actual,source.mof_2023_programmatic_fact_actual,33 07,მასობრივი და მაღალი მიღწევების სპორტის განვითარება და პოპულარიზაცია,33 00,"საქართველოს კულტურის, სპორტისა და ახალგაზრდობის სამინისტრო",medium,Official depth-2 program. Included because this source-code series reaches at least 100000000 GEL in one or more years.
2023,admin_program.55_01.7728ed3a,admin_spending.debt_service,major_program,1561940967,actual,source.mof_2023_programmatic_fact_actual,55 01,საგარეო სახელმწიფო ვალდებულებების მომსახურება და დაფარვა,55 00,საერთო-სახელმწიფოებრივი მნიშვნელობის გადასახდელები,medium,Official depth-2 program. Included because this source-code series reaches at least 100000000 GEL in one or more years.
2023,admin_program.55_02.1b66fa6c,admin_spending.debt_service,major_program,705460144,actual,source.mof_2023_programmatic_fact_actual,55 02,საშინაო სახელმწიფო ვალდებულებების მომსახურება და დაფარვა,55 00,საერთო-სახელმწიფოებრივი მნიშვნელობის გადასახდელები,medium,Official depth-2 program. Included because this source-code series reaches at least 100000000 GEL in one or more years.
2023,admin_program.55_04.8e494eeb,admin_spending.other_costs,major_program,1090770413,actual,source.mof_2023_programmatic_fact_actual,55 04,ავტონომიური რესპუბლიკებისა და მუნიციპალიტეტებისათვის გადასაცემი ტრანსფერები,55 00,საერთო-სახელმწიფოებრივი მნიშვნელობის გადასახდელები,medium,Official depth-2 program. Included because this source-code series reaches at least 100000000 GEL in one or more years.
2023,admin_program.55_11.d5daf835,admin_spending.other_costs,major_program,369500000,actual,source.mof_2023_programmatic_fact_actual,55 11,დაგროვებითი საპენსიო სქემის თანადაფინანსება,55 00,საერთო-სახელმწიფოებრივი მნიშვნელობის გადასახდელები,medium,Official depth-2 program. Included because this source-code series reaches at least 100000000 GEL in one or more years.
2024,admin_spending.culture,,admin_category,307970811,actual,source.mof_2024_programmatic_fact_actual,,,,,high,Aggregated from official tavi 6 leaf rows by administrative owner.
2024,admin_spending.debt_service,,admin_category,2751412282,actual,source.mof_2024_programmatic_fact_actual,,,,,high,Aggregated from official tavi 6 leaf rows by administrative owner.
2024,admin_spending.defence,,admin_category,1591402389,actual,source.mof_2024_programmatic_fact_actual,,,,,high,Aggregated from official tavi 6 leaf rows by administrative owner.
2024,admin_spending.economy_sustainable_development,,admin_category,743039983,actual,source.mof_2024_programmatic_fact_actual,,,,,high,Aggregated from official tavi 6 leaf rows by administrative owner.
2024,admin_spending.education_science_youth,,admin_category,2564612827,actual,source.mof_2024_programmatic_fact_actual,,,,,high,Aggregated from official tavi 6 leaf rows by administrative owner.
2024,admin_spending.environment_agriculture,,admin_category,757415193,actual,source.mof_2024_programmatic_fact_actual,,,,,high,Aggregated from official tavi 6 leaf rows by administrative owner.
2024,admin_spending.finance,,admin_category,119394538,actual,source.mof_2024_programmatic_fact_actual,,,,,high,Aggregated from official tavi 6 leaf rows by administrative owner.
2024,admin_spending.foreign_affairs,,admin_category,191871929,actual,source.mof_2024_programmatic_fact_actual,,,,,high,Aggregated from official tavi 6 leaf rows by administrative owner.
2024,admin_spending.health_social_affairs,,admin_category,8081854782,actual,source.mof_2024_programmatic_fact_actual,,,,,high,Aggregated from official tavi 6 leaf rows by administrative owner.
2024,admin_spending.internal_affairs,,admin_category,1284034111,actual,source.mof_2024_programmatic_fact_actual,,,,,high,Aggregated from official tavi 6 leaf rows by administrative owner.
2024,admin_spending.justice,,admin_category,431366249,actual,source.mof_2024_programmatic_fact_actual,,,,,high,Aggregated from official tavi 6 leaf rows by administrative owner.
2024,admin_spending.other_costs,,admin_category,3002323225,actual,source.mof_2024_programmatic_fact_actual,,,,,medium,Aggregated from official tavi 6 leaf rows by administrative owner.
2024,admin_spending.regional_development_infrastructure,,admin_category,3901639757,actual,source.mof_2024_programmatic_fact_actual,,,,,high,Aggregated from official tavi 6 leaf rows by administrative owner.
2024,admin_spending.sport,,admin_category,218004843,actual,source.mof_2024_programmatic_fact_actual,,,,,high,Aggregated from official tavi 6 leaf rows by administrative owner.
2024,admin_program.06_04.674b2aee,admin_spending.other_costs,major_program,140661081,actual,source.mof_2024_programmatic_fact_actual,06 04,არჩევნების ჩატარების ღონისძიებები,06 00,საქართველოს ცენტრალური საარჩევნო კომისია,medium,Official depth-2 program. Included because this source-code series reaches at least 100000000 GEL in one or more years.
2024,admin_program.09_01.f5bec61a,admin_spending.other_costs,major_program,105707728,actual,source.mof_2024_programmatic_fact_actual,09 01,საერთო სასამართლოების სისტემის განვითარება და ხელშეწყობა,09 00,საერთო სასამართლოები,medium,Official depth-2 program. Included because this source-code series reaches at least 100000000 GEL in one or more years.
2024,admin_program.20_01.64d3902d,admin_spending.other_costs,major_program,163607502,actual,source.mof_2024_programmatic_fact_actual,20 01,სახელმწიფო უსაფრთხოების უზრუნველყოფა,20 00,საქართველოს სახელმწიფო უსაფრთხოების სამსახური,medium,Official depth-2 program. Included because this source-code series reaches at least 100000000 GEL in one or more years.
2024,admin_program.24_01.e75d1cbc,admin_spending.economy_sustainable_development,major_program,15792164,actual,source.mof_2024_programmatic_fact_actual,24 01,ეკონომიკური პოლიტიკის შემუშავება და განხორციელება,24 00,საქართველოს ეკონომიკისა და მდგრადი განვითარების სამინისტრო,medium,Official depth-2 program. Included because this source-code series reaches at least 100000000 GEL in one or more years.
2024,admin_program.24_06.5a885022,admin_spending.economy_sustainable_development,major_program,158347473,actual,source.mof_2024_programmatic_fact_actual,24 06,სახელმწიფო ქონების მართვა,24 00,საქართველოს ეკონომიკისა და მდგრადი განვითარების სამინისტრო,medium,Official depth-2 program. Included because this source-code series reaches at least 100000000 GEL in one or more years.
2024,admin_program.24_07.28016cec,admin_spending.economy_sustainable_development,major_program,222054542,actual,source.mof_2024_programmatic_fact_actual,24 07,მეწარმეობის განვითარება,24 00,საქართველოს ეკონომიკისა და მდგრადი განვითარების სამინისტრო,medium,Official depth-2 program. Included because this source-code series reaches at least 100000000 GEL in one or more years.
2024,admin_program.24_14.6c3a02c8,admin_spending.economy_sustainable_development,major_program,102324318,actual,source.mof_2024_programmatic_fact_actual,24 14,სასისტემო მნიშვნელობის ელექტროგადამცემი ქსელის განვითარება,24 00,საქართველოს ეკონომიკისა და მდგრადი განვითარების სამინისტრო,medium,Official depth-2 program. Included because this source-code series reaches at least 100000000 GEL in one or more years.
2024,admin_program.24_15.155784ea,admin_spending.economy_sustainable_development,major_program,53145008,actual,source.mof_2024_programmatic_fact_actual,24 15,მოსახლეობის ელექტროენერგიითა და ბუნებრივი აირით მომარაგების გაუმჯობესება,24 00,საქართველოს ეკონომიკისა და მდგრადი განვითარების სამინისტრო,medium,Official depth-2 program. Included because this source-code series reaches at least 100000000 GEL in one or more years.
2024,admin_program.24_17.b4c8cc98,admin_spending.economy_sustainable_development,major_program,2699853,actual,source.mof_2024_programmatic_fact_actual,24 17,ანაკლიის ღრმაწყლოვანი ნავსადგურის განვითარება,24 00,საქართველოს ეკონომიკისა და მდგრადი განვითარების სამინისტრო,medium,Official depth-2 program. Included because this source-code series reaches at least 100000000 GEL in one or more years.
2024,admin_program.25_02.4cffd876,admin_spending.regional_development_infrastructure,major_program,2159975318,actual,source.mof_2024_programmatic_fact_actual,25 02,საგზაო ინფრასტრუქტურის გაუმჯობესების ღონისძიებები,25 00,საქართველოს რეგიონული განვითარებისა და ინფრასტრუქტურის სამინისტრო,medium,Official depth-2 program. Included because this source-code series reaches at least 100000000 GEL in one or more years.
2024,admin_program.25_03.beff3036,admin_spending.regional_development_infrastructure,major_program,329553481,actual,source.mof_2024_programmatic_fact_actual,25 03,რეგიონული და მუნიციპალური ინფრასტრუქტურის რეაბილიტაცია,25 00,საქართველოს რეგიონული განვითარებისა და ინფრასტრუქტურის სამინისტრო,medium,Official depth-2 program. Included because this source-code series reaches at least 100000000 GEL in one or more years.
2024,admin_program.25_04.eee6b72f,admin_spending.regional_development_infrastructure,major_program,834060617,actual,source.mof_2024_programmatic_fact_actual,25 04,წყალმომარაგების ინფრასტრუქტურის აღდგენა-რეაბილიტაცია,25 00,საქართველოს რეგიონული განვითარებისა და ინფრასტრუქტურის სამინისტრო,medium,Official depth-2 program. Included because this source-code series reaches at least 100000000 GEL in one or more years.
2024,admin_program.25_05.fa6f4fd1,admin_spending.regional_development_infrastructure,major_program,51577031,actual,source.mof_2024_programmatic_fact_actual,25 05,მყარი ნარჩენების მართვის პროგრამა,25 00,საქართველოს რეგიონული განვითარებისა და ინფრასტრუქტურის სამინისტრო,medium,Official depth-2 program. Included because this source-code series reaches at least 100000000 GEL in one or more years.
2024,admin_program.25_07.b8f22b79,admin_spending.regional_development_infrastructure,major_program,303100050,actual,source.mof_2024_programmatic_fact_actual,25 07,ზოგადსაგანმანათლებლო და სკოლამდელი აღზრდის დაწესებულებების მშენებლობა-რეაბილიტაცია,25 00,საქართველოს რეგიონული განვითარებისა და ინფრასტრუქტურის სამინისტრო,medium,Official depth-2 program. Included because this source-code series reaches at least 100000000 GEL in one or more years.
2024,admin_program.25_08.04e51d59,admin_spending.regional_development_infrastructure,major_program,209453890,actual,source.mof_2024_programmatic_fact_actual,25 08,ტურისტული ინფრასტრუქტურის გაუმჯობესების ღონისძიებები,25 00,საქართველოს რეგიონული განვითარებისა და ინფრასტრუქტურის სამინისტრო,medium,Official depth-2 program. Included because this source-code series reaches at least 100000000 GEL in one or more years.
2024,admin_program.26_01.d068f094,admin_spending.justice,major_program,80173519,actual,source.mof_2024_programmatic_fact_actual,26 01,"სამართალშემოქმედებისა და ქვეყნის ინტერესების სამართლებრივი მხარდაჭერის მიზნით სახელმწიფო პოლიტიკის შემუშავება და მართვა, მათ შორის, სისხლის სამართლის სისტემის რეფორმის განხორციელება",26 00,საქართველოს იუსტიციის სამინისტრო,medium,Official depth-2 program. Included because this source-code series reaches at least 100000000 GEL in one or more years.
2024,admin_program.26_02.652b3ee4,admin_spending.justice,major_program,274317967,actual,source.mof_2024_programmatic_fact_actual,26 02,საერთაშორისო სტანდარტების შესაბამისი პენიტენციური სისტემის ჩამოყალიბება,26 00,საქართველოს იუსტიციის სამინისტრო,medium,Official depth-2 program. Included because this source-code series reaches at least 100000000 GEL in one or more years.
2024,admin_program.27_01.985ee587,admin_spending.health_social_affairs,major_program,113774885,actual,source.mof_2024_programmatic_fact_actual,27 01,"ოკუპირებული ტერიტორიებიდან დევნილთა, შრომის, ჯანმრთელობისა და სოციალური დაცვის პროგრამების მართვა",27 00,"საქართველოს ოკუპირებული ტერიტორიებიდან დევნილთა, შრომის, ჯანმრთელობისა და სოციალური დაცვის სამინისტრო",medium,Official depth-2 program. Included because this source-code series reaches at least 100000000 GEL in one or more years.
2024,admin_program.27_02.56e31b26,admin_spending.health_social_affairs,major_program,5673549120,actual,source.mof_2024_programmatic_fact_actual,27 02,მოსახლეობის სოციალური დაცვა,27 00,"საქართველოს ოკუპირებული ტერიტორიებიდან დევნილთა, შრომის, ჯანმრთელობისა და სოციალური დაცვის სამინისტრო",medium,Official depth-2 program. Included because this source-code series reaches at least 100000000 GEL in one or more years.
2024,admin_program.27_03.0e2913c7,admin_spending.health_social_affairs,major_program,1916792666,actual,source.mof_2024_programmatic_fact_actual,27 03,მოსახლეობის ჯანმრთელობის დაცვა,27 00,"საქართველოს ოკუპირებული ტერიტორიებიდან დევნილთა, შრომის, ჯანმრთელობისა და სოციალური დაცვის სამინისტრო",medium,Official depth-2 program. Included because this source-code series reaches at least 100000000 GEL in one or more years.
2024,admin_program.27_05.35edf475,admin_spending.health_social_affairs,major_program,115806558,actual,source.mof_2024_programmatic_fact_actual,27 05,შრომისა და დასაქმების სისტემის რეფორმების პროგრამა,27 00,"საქართველოს ოკუპირებული ტერიტორიებიდან დევნილთა, შრომის, ჯანმრთელობისა და სოციალური დაცვის სამინისტრო",medium,Official depth-2 program. Included because this source-code series reaches at least 100000000 GEL in one or more years.
2024,admin_program.27_06.792ab896,admin_spending.health_social_affairs,major_program,219948018,actual,source.mof_2024_programmatic_fact_actual,27 06,იძულებით გადაადგილებულ პირთა და მიგრანტთა ხელშეწყობა,27 00,"საქართველოს ოკუპირებული ტერიტორიებიდან დევნილთა, შრომის, ჯანმრთელობისა და სოციალური დაცვის სამინისტრო",medium,Official depth-2 program. Included because this source-code series reaches at least 100000000 GEL in one or more years.
2024,admin_program.28_01.10c69e87,admin_spending.foreign_affairs,major_program,190615743,actual,source.mof_2024_programmatic_fact_actual,28 01,საგარეო პოლიტიკის განხორციელება,28 00,საქართველოს საგარეო საქმეთა სამინისტრო,medium,Official depth-2 program. Included because this source-code series reaches at least 100000000 GEL in one or more years.
2024,admin_program.29_01.c41caf84,admin_spending.defence,major_program,588835451,actual,source.mof_2024_programmatic_fact_actual,29 01,თავდაცვის მართვა,29 00,საქართველოს თავდაცვის სამინისტრო,medium,Official depth-2 program. Included because this source-code series reaches at least 100000000 GEL in one or more years.
2024,admin_program.29_02.c4a63f07,admin_spending.defence,major_program,96103006,actual,source.mof_2024_programmatic_fact_actual,29 02,პროფესიული სამხედრო განათლება,29 00,საქართველოს თავდაცვის სამინისტრო,medium,Official depth-2 program. Included because this source-code series reaches at least 100000000 GEL in one or more years.
2024,admin_program.29_05.a7ad04fb,admin_spending.defence,major_program,164483093,actual,source.mof_2024_programmatic_fact_actual,29 05,ინფრასტრუქტურის განვითარება,29 00,საქართველოს თავდაცვის სამინისტრო,medium,Official depth-2 program. Included because this source-code series reaches at least 100000000 GEL in one or more years.
2024,admin_program.29_07.bfb32976,admin_spending.defence,major_program,317903764,actual,source.mof_2024_programmatic_fact_actual,29 07,თავდაცვის შესაძლებლობების განვითარება,29 00,საქართველოს თავდაცვის სამინისტრო,medium,Official depth-2 program. Included because this source-code series reaches at least 100000000 GEL in one or more years.
2024,admin_program.29_08.5c94a9b3,admin_spending.defence,major_program,292201939,actual,source.mof_2024_programmatic_fact_actual,29 08,ლოჯისტიკური უზრუნველყოფა,29 00,საქართველოს თავდაცვის სამინისტრო,medium,Official depth-2 program. Included because this source-code series reaches at least 100000000 GEL in one or more years.
2024,admin_program.30_01.43adff48,admin_spending.internal_affairs,major_program,969618032,actual,source.mof_2024_programmatic_fact_actual,30 01,საზოგადოებრივი წესრიგი და საერთაშორისო თანამშრომლობის განვითარება/გაღრმავება,30 00,საქართველოს შინაგან საქმეთა სამინისტრო,medium,Official depth-2 program. Included because this source-code series reaches at least 100000000 GEL in one or more years.
2024,admin_program.30_02.fb0988d1,admin_spending.internal_affairs,major_program,156290609,actual,source.mof_2024_programmatic_fact_actual,30 02,სახელმწიფო საზღვრის დაცვა,30 00,საქართველოს შინაგან საქმეთა სამინისტრო,medium,Official depth-2 program. Included because this source-code series reaches at least 100000000 GEL in one or more years.
2024,admin_program.30_06.99ee9b0c,admin_spending.internal_affairs,major_program,135096381,actual,source.mof_2024_programmatic_fact_actual,30 06,"სამოქალაქო უსაფრთხოების დონის ამაღლება, სახელმწიფო მატერიალური რეზერვების შექმნა და მართვა",30 00,საქართველოს შინაგან საქმეთა სამინისტრო,medium,Official depth-2 program. Included because this source-code series reaches at least 100000000 GEL in one or more years.
2024,admin_program.31_03.c8e552ff,admin_spending.environment_agriculture,major_program,72558030,actual,source.mof_2024_programmatic_fact_actual,31 03,მევენახეობა-მეღვინეობის განვითარება,31 00,საქართველოს გარემოს დაცვისა და სოფლის მეურნეობის სამინისტრო,medium,Official depth-2 program. Included because this source-code series reaches at least 100000000 GEL in one or more years.
2024,admin_program.31_05.ab7362d3,admin_spending.environment_agriculture,major_program,381198276,actual,source.mof_2024_programmatic_fact_actual,31 05,ერთიანი აგროპროექტი,31 00,საქართველოს გარემოს დაცვისა და სოფლის მეურნეობის სამინისტრო,medium,Official depth-2 program. Included because this source-code series reaches at least 100000000 GEL in one or more years.
2024,admin_program.31_06.8aad417e,admin_spending.environment_agriculture,major_program,73289791,actual,source.mof_2024_programmatic_fact_actual,31 06,სამელიორაციო სისტემების მოდერნიზაცია,31 00,საქართველოს გარემოს დაცვისა და სოფლის მეურნეობის სამინისტრო,medium,Official depth-2 program. Included because this source-code series reaches at least 100000000 GEL in one or more years.
2024,admin_program.32_02.f56c9741,admin_spending.education_science_youth,major_program,1600656650,actual,source.mof_2024_programmatic_fact_actual,32 02,სკოლამდელი და ზოგადი განათლება,32 00,"საქართველოს განათლების, მეცნიერებისა და ახალგაზრდობის სამინისტრო",medium,Official depth-2 program. Included because this source-code series reaches at least 100000000 GEL in one or more years.
2024,admin_program.32_03.85c13dd5,admin_spending.education_science_youth,major_program,131672629,actual,source.mof_2024_programmatic_fact_actual,32 03,პროფესიული განათლება,32 00,"საქართველოს განათლების, მეცნიერებისა და ახალგაზრდობის სამინისტრო",medium,Official depth-2 program. Included because this source-code series reaches at least 100000000 GEL in one or more years.
2024,admin_program.32_04.2900df2d,admin_spending.education_science_youth,major_program,166706087,actual,source.mof_2024_programmatic_fact_actual,32 04,უმაღლესი განათლება,32 00,"საქართველოს განათლების, მეცნიერებისა და ახალგაზრდობის სამინისტრო",medium,Official depth-2 program. Included because this source-code series reaches at least 100000000 GEL in one or more years.
2024,admin_program.32_07.1f0c1c68,admin_spending.education_science_youth,major_program,401435271,actual,source.mof_2024_programmatic_fact_actual,32 07,ინფრასტრუქტურის განვითარება,32 00,"საქართველოს განათლების, მეცნიერებისა და ახალგაზრდობის სამინისტრო",medium,Official depth-2 program. Included because this source-code series reaches at least 100000000 GEL in one or more years.
2024,admin_program.33_05.38bcf264,admin_spending.culture,major_program,93346740,actual,source.mof_2024_programmatic_fact_actual,33 05,კულტურის განვითარების ხელშეწყობა,33 00,საქართველოს კულტურისა და სპორტის სამინისტრო,medium,Official depth-2 program. Included because this source-code series reaches at least 100000000 GEL in one or more years.
2024,admin_program.33_07.a667ca3a,admin_spending.sport,major_program,218004843,actual,source.mof_2024_programmatic_fact_actual,33 07,მასობრივი და მაღალი მიღწევების სპორტის განვითარება და პოპულარიზაცია,33 00,საქართველოს კულტურისა და სპორტის სამინისტრო,medium,Official depth-2 program. Included because this source-code series reaches at least 100000000 GEL in one or more years.
2024,admin_program.56_01.8f7686af,admin_spending.debt_service,major_program,1957120457,actual,source.mof_2024_programmatic_fact_actual,56 01,საგარეო სახელმწიფო ვალდებულებების მომსახურება და დაფარვა,56 00,საერთო-სახელმწიფოებრივი მნიშვნელობის გადასახდელები,medium,Official depth-2 program. Included because this source-code series reaches at least 100000000 GEL in one or more years.
2024,admin_program.56_02.52901c5f,admin_spending.debt_service,major_program,794291825,actual,source.mof_2024_programmatic_fact_actual,56 02,საშინაო სახელმწიფო ვალდებულებების მომსახურება და დაფარვა,56 00,საერთო-სახელმწიფოებრივი მნიშვნელობის გადასახდელები,medium,Official depth-2 program. Included because this source-code series reaches at least 100000000 GEL in one or more years.
2024,admin_program.56_04.95c530cc,admin_spending.other_costs,major_program,1345354849,actual,source.mof_2024_programmatic_fact_actual,56 04,ავტონომიური რესპუბლიკებისა და მუნიციპალიტეტებისათვის გადასაცემი ტრანსფერები,56 00,საერთო-სახელმწიფოებრივი მნიშვნელობის გადასახდელები,medium,Official depth-2 program. Included because this source-code series reaches at least 100000000 GEL in one or more years.
2024,admin_program.56_11.5b553247,admin_spending.other_costs,major_program,390000000,actual,source.mof_2024_programmatic_fact_actual,56 11,დაგროვებითი საპენსიო სქემის თანადაფინანსება,56 00,საერთო-სახელმწიფოებრივი მნიშვნელობის გადასახდელები,medium,Official depth-2 program. Included because this source-code series reaches at least 100000000 GEL in one or more years.
2024,admin_program.56_13.d924c9b8,admin_spending.other_costs,major_program,66278895,actual,source.mof_2024_programmatic_fact_actual,56 13,დონორების მიერ დაფინანსებული საერთო-სახელმწიფოებრივი მნიშვნელობის გადასახდელები,56 00,საერთო-სახელმწიფოებრივი მნიშვნელობის გადასახდელები,medium,Official depth-2 program. Included because this source-code series reaches at least 100000000 GEL in one or more years.
2025,admin_spending.culture,,admin_category,317336000,actual,source.mof_2025_programmatic_fact_actual,,,,,high,Aggregated from official tavi 6 leaf rows by administrative owner.
2025,admin_spending.debt_service,,admin_category,3031258900,actual,source.mof_2025_programmatic_fact_actual,,,,,high,Aggregated from official tavi 6 leaf rows by administrative owner.
2025,admin_spending.defence,,admin_category,1841285400,actual,source.mof_2025_programmatic_fact_actual,,,,,high,Aggregated from official tavi 6 leaf rows by administrative owner.
2025,admin_spending.economy_sustainable_development,,admin_category,902204200,actual,source.mof_2025_programmatic_fact_actual,,,,,high,Aggregated from official tavi 6 leaf rows by administrative owner.
2025,admin_spending.education_science_youth,,admin_category,2738586200,actual,source.mof_2025_programmatic_fact_actual,,,,,high,Aggregated from official tavi 6 leaf rows by administrative owner.
2025,admin_spending.environment_agriculture,,admin_category,1063259700,actual,source.mof_2025_programmatic_fact_actual,,,,,high,Aggregated from official tavi 6 leaf rows by administrative owner.
2025,admin_spending.finance,,admin_category,114015500,actual,source.mof_2025_programmatic_fact_actual,,,,,high,Aggregated from official tavi 6 leaf rows by administrative owner.
2025,admin_spending.foreign_affairs,,admin_category,203643400,actual,source.mof_2025_programmatic_fact_actual,,,,,high,Aggregated from official tavi 6 leaf rows by administrative owner.
2025,admin_spending.health_social_affairs,,admin_category,8976498000,actual,source.mof_2025_programmatic_fact_actual,,,,,high,Aggregated from official tavi 6 leaf rows by administrative owner.
2025,admin_spending.internal_affairs,,admin_category,1399254500,actual,source.mof_2025_programmatic_fact_actual,,,,,high,Aggregated from official tavi 6 leaf rows by administrative owner.
2025,admin_spending.justice,,admin_category,413803700,actual,source.mof_2025_programmatic_fact_actual,,,,,high,Aggregated from official tavi 6 leaf rows by administrative owner.
2025,admin_spending.other_costs,,admin_category,3422666100,actual,source.mof_2025_programmatic_fact_actual,,,,,medium,Aggregated from official tavi 6 leaf rows by administrative owner.
2025,admin_spending.regional_development_infrastructure,,admin_category,2959278300,actual,source.mof_2025_programmatic_fact_actual,,,,,high,Aggregated from official tavi 6 leaf rows by administrative owner.
2025,admin_spending.sport,,admin_category,340229100,actual,source.mof_2025_programmatic_fact_actual,,,,,high,Aggregated from official tavi 6 leaf rows by administrative owner.
2025,admin_program.06_04.674b2aee,admin_spending.other_costs,major_program,72648400,actual,source.mof_2025_programmatic_fact_actual,06 04,არჩევნების ჩატარების ღონისძიებები,06 00,საქართველოს ცენტრალური საარჩევნო კომისია,medium,Official depth-2 program. Included because this source-code series reaches at least 100000000 GEL in one or more years.
2025,admin_program.09_01.f5bec61a,admin_spending.other_costs,major_program,129917800,actual,source.mof_2025_programmatic_fact_actual,09 01,საერთო სასამართლოების სისტემის განვითარება და ხელშეწყობა,09 00,საერთო სასამართლოები,medium,Official depth-2 program. Included because this source-code series reaches at least 100000000 GEL in one or more years.
2025,admin_program.20_01.64d3902d,admin_spending.other_costs,major_program,202534600,actual,source.mof_2025_programmatic_fact_actual,20 01,სახელმწიფო უსაფრთხოების უზრუნველყოფა,20 00,საქართველოს სახელმწიფო უსაფრთხოების სამსახური,medium,Official depth-2 program. Included because this source-code series reaches at least 100000000 GEL in one or more years.
2025,admin_program.24_01.e75d1cbc,admin_spending.economy_sustainable_development,major_program,19928500,actual,source.mof_2025_programmatic_fact_actual,24 01,ეკონომიკური პოლიტიკის შემუშავება და განხორციელება,24 00,საქართველოს ეკონომიკისა და მდგრადი განვითარების სამინისტრო,medium,Official depth-2 program. Included because this source-code series reaches at least 100000000 GEL in one or more years.
2025,admin_program.24_06.5a885022,admin_spending.economy_sustainable_development,major_program,243323300,actual,source.mof_2025_programmatic_fact_actual,24 06,სახელმწიფო ქონების მართვა,24 00,საქართველოს ეკონომიკისა და მდგრადი განვითარების სამინისტრო,medium,Official depth-2 program. Included because this source-code series reaches at least 100000000 GEL in one or more years.
2025,admin_program.24_07.28016cec,admin_spending.economy_sustainable_development,major_program,229759500,actual,source.mof_2025_programmatic_fact_actual,24 07,მეწარმეობის განვითარება,24 00,საქართველოს ეკონომიკისა და მდგრადი განვითარების სამინისტრო,medium,Official depth-2 program. Included because this source-code series reaches at least 100000000 GEL in one or more years.
2025,admin_program.24_14.6c3a02c8,admin_spending.economy_sustainable_development,major_program,66594900,actual,source.mof_2025_programmatic_fact_actual,24 14,სასისტემო მნიშვნელობის ელექტროგადამცემი ქსელის განვითარება,24 00,საქართველოს ეკონომიკისა და მდგრადი განვითარების სამინისტრო,medium,Official depth-2 program. Included because this source-code series reaches at least 100000000 GEL in one or more years.
2025,admin_program.24_15.155784ea,admin_spending.economy_sustainable_development,major_program,3192000,actual,source.mof_2025_programmatic_fact_actual,24 15,მოსახლეობის ელექტროენერგიითა და ბუნებრივი აირით მომარაგების გაუმჯობესება,24 00,საქართველოს ეკონომიკისა და მდგრადი განვითარების სამინისტრო,medium,Official depth-2 program. Included because this source-code series reaches at least 100000000 GEL in one or more years.
2025,admin_program.24_17.b4c8cc98,admin_spending.economy_sustainable_development,major_program,150927300,actual,source.mof_2025_programmatic_fact_actual,24 17,ანაკლიის ღრმაწყლოვანი პორტის განვითარება,24 00,საქართველოს ეკონომიკისა და მდგრადი განვითარების სამინისტრო,medium,Official depth-2 program. Included because this source-code series reaches at least 100000000 GEL in one or more years.
2025,admin_program.25_02.4cffd876,admin_spending.regional_development_infrastructure,major_program,1501196600,actual,source.mof_2025_programmatic_fact_actual,25 02,საგზაო ინფრასტრუქტურის გაუმჯობესების ღონისძიებები,25 00,საქართველოს რეგიონული განვითარებისა და ინფრასტრუქტურის სამინისტრო,medium,Official depth-2 program. Included because this source-code series reaches at least 100000000 GEL in one or more years.
2025,admin_program.25_03.beff3036,admin_spending.regional_development_infrastructure,major_program,133060200,actual,source.mof_2025_programmatic_fact_actual,25 03,რეგიონული და მუნიციპალური ინფრასტრუქტურის რეაბილიტაცია,25 00,საქართველოს რეგიონული განვითარებისა და ინფრასტრუქტურის სამინისტრო,medium,Official depth-2 program. Included because this source-code series reaches at least 100000000 GEL in one or more years.
2025,admin_program.25_04.eee6b72f,admin_spending.regional_development_infrastructure,major_program,882103500,actual,source.mof_2025_programmatic_fact_actual,25 04,წყალმომარაგების ინფრასტრუქტურის აღდგენა-რეაბილიტაცია,25 00,საქართველოს რეგიონული განვითარებისა და ინფრასტრუქტურის სამინისტრო,medium,Official depth-2 program. Included because this source-code series reaches at least 100000000 GEL in one or more years.
2025,admin_program.25_05.fa6f4fd1,admin_spending.regional_development_infrastructure,major_program,108651500,actual,source.mof_2025_programmatic_fact_actual,25 05,მყარი ნარჩენების მართვის პროგრამა,25 00,საქართველოს რეგიონული განვითარებისა და ინფრასტრუქტურის სამინისტრო,medium,Official depth-2 program. Included because this source-code series reaches at least 100000000 GEL in one or more years.
2025,admin_program.25_06.b29bf400,admin_spending.regional_development_infrastructure,major_program,246673400,actual,source.mof_2025_programmatic_fact_actual,25 06,ზოგადსაგანმანათლებლო და სკოლამდელი აღზრდის დაწესებულებების მშენებლობა-რეაბილიტაცია,25 00,საქართველოს რეგიონული განვითარებისა და ინფრასტრუქტურის სამინისტრო,medium,Official depth-2 program. Included because this source-code series reaches at least 100000000 GEL in one or more years.
2025,admin_program.26_01.d068f094,admin_spending.justice,major_program,62350200,actual,source.mof_2025_programmatic_fact_actual,26 01,"სამართალშემოქმედებისა და ქვეყნის ინტერესების სამართლებრივი მხარდაჭერის მიზნით სახელმწიფო პოლიტიკის შემუშავება და მართვა, მათ შორის, სისხლის სამართლის სისტემის რეფორმის განხორციელება",26 00,საქართველოს იუსტიციის სამინისტრო,medium,Official depth-2 program. Included because this source-code series reaches at least 100000000 GEL in one or more years.
2025,admin_program.26_02.652b3ee4,admin_spending.justice,major_program,290639200,actual,source.mof_2025_programmatic_fact_actual,26 02,საერთაშორისო სტანდარტების შესაბამისი პენიტენციური სისტემის ჩამოყალიბება,26 00,საქართველოს იუსტიციის სამინისტრო,medium,Official depth-2 program. Included because this source-code series reaches at least 100000000 GEL in one or more years.
2025,admin_program.27_01.985ee587,admin_spending.health_social_affairs,major_program,132127100,actual,source.mof_2025_programmatic_fact_actual,27 01,"ოკუპირებული ტერიტორიებიდან დევნილთა, შრომის, ჯანმრთელობისა და სოციალური დაცვის პროგრამების მართვა",27 00,"საქართველოს ოკუპირებული ტერიტორიებიდან დევნილთა, შრომის, ჯანმრთელობისა და სოციალური დაცვის სამინისტრო",medium,Official depth-2 program. Included because this source-code series reaches at least 100000000 GEL in one or more years.
2025,admin_program.27_02.56e31b26,admin_spending.health_social_affairs,major_program,6327171600,actual,source.mof_2025_programmatic_fact_actual,27 02,მოსახლეობის სოციალური დაცვა,27 00,"საქართველოს ოკუპირებული ტერიტორიებიდან დევნილთა, შრომის, ჯანმრთელობისა და სოციალური დაცვის სამინისტრო",medium,Official depth-2 program. Included because this source-code series reaches at least 100000000 GEL in one or more years.
2025,admin_program.27_03.0e2913c7,admin_spending.health_social_affairs,major_program,2154438000,actual,source.mof_2025_programmatic_fact_actual,27 03,მოსახლეობის ჯანმრთელობის დაცვა,27 00,"საქართველოს ოკუპირებული ტერიტორიებიდან დევნილთა, შრომის, ჯანმრთელობისა და სოციალური დაცვის სამინისტრო",medium,Official depth-2 program. Included because this source-code series reaches at least 100000000 GEL in one or more years.
2025,admin_program.27_05.35edf475,admin_spending.health_social_affairs,major_program,108979200,actual,source.mof_2025_programmatic_fact_actual,27 05,დასაქმების სისტემის რეფორმების პროგრამა,27 00,"საქართველოს ოკუპირებული ტერიტორიებიდან დევნილთა, შრომის, ჯანმრთელობისა და სოციალური დაცვის სამინისტრო",medium,Official depth-2 program. Included because this source-code series reaches at least 100000000 GEL in one or more years.
2025,admin_program.27_06.792ab896,admin_spending.health_social_affairs,major_program,245912200,actual,source.mof_2025_programmatic_fact_actual,27 06,იძულებით გადაადგილებულ პირთა და მიგრანტთა ხელშეწყობა,27 00,"საქართველოს ოკუპირებული ტერიტორიებიდან დევნილთა, შრომის, ჯანმრთელობისა და სოციალური დაცვის სამინისტრო",medium,Official depth-2 program. Included because this source-code series reaches at least 100000000 GEL in one or more years.
2025,admin_program.28_01.10c69e87,admin_spending.foreign_affairs,major_program,203059900,actual,source.mof_2025_programmatic_fact_actual,28 01,საგარეო პოლიტიკის განხორციელება,28 00,საქართველოს საგარეო საქმეთა სამინისტრო,medium,Official depth-2 program. Included because this source-code series reaches at least 100000000 GEL in one or more years.
2025,admin_program.29_01.c41caf84,admin_spending.defence,major_program,676583900,actual,source.mof_2025_programmatic_fact_actual,29 01,თავდაცვის მართვა,29 00,საქართველოს თავდაცვის სამინისტრო,medium,Official depth-2 program. Included because this source-code series reaches at least 100000000 GEL in one or more years.
2025,admin_program.29_02.c4a63f07,admin_spending.defence,major_program,110482000,actual,source.mof_2025_programmatic_fact_actual,29 02,პროფესიული სამხედრო განათლება,29 00,საქართველოს თავდაცვის სამინისტრო,medium,Official depth-2 program. Included because this source-code series reaches at least 100000000 GEL in one or more years.
2025,admin_program.29_05.a7ad04fb,admin_spending.defence,major_program,193209100,actual,source.mof_2025_programmatic_fact_actual,29 05,ინფრასტრუქტურის განვითარება,29 00,საქართველოს თავდაცვის სამინისტრო,medium,Official depth-2 program. Included because this source-code series reaches at least 100000000 GEL in one or more years.
2025,admin_program.29_07.bfb32976,admin_spending.defence,major_program,338777800,actual,source.mof_2025_programmatic_fact_actual,29 07,თავდაცვის შესაძლებლობების განვითარება,29 00,საქართველოს თავდაცვის სამინისტრო,medium,Official depth-2 program. Included because this source-code series reaches at least 100000000 GEL in one or more years.
2025,admin_program.29_08.5c94a9b3,admin_spending.defence,major_program,380881000,actual,source.mof_2025_programmatic_fact_actual,29 08,ლოჯისტიკური უზრუნველყოფა,29 00,საქართველოს თავდაცვის სამინისტრო,medium,Official depth-2 program. Included because this source-code series reaches at least 100000000 GEL in one or more years.
2025,admin_program.30_01.43adff48,admin_spending.internal_affairs,major_program,1074340100,actual,source.mof_2025_programmatic_fact_actual,30 01,საზოგადოებრივი წესრიგი და საერთაშორისო თანამშრომლობის განვითარება/გაღრმავება,30 00,საქართველოს შინაგან საქმეთა სამინისტრო,medium,Official depth-2 program. Included because this source-code series reaches at least 100000000 GEL in one or more years.
2025,admin_program.30_02.fb0988d1,admin_spending.internal_affairs,major_program,155751300,actual,source.mof_2025_programmatic_fact_actual,30 02,სახელმწიფო საზღვრის დაცვა,30 00,საქართველოს შინაგან საქმეთა სამინისტრო,medium,Official depth-2 program. Included because this source-code series reaches at least 100000000 GEL in one or more years.
2025,admin_program.30_06.99ee9b0c,admin_spending.internal_affairs,major_program,143475800,actual,source.mof_2025_programmatic_fact_actual,30 06,"სამოქალაქო უსაფრთხოების დონის ამაღლება, სახელმწიფო მატერიალური რეზერვების შექმნა და მართვა",30 00,საქართველოს შინაგან საქმეთა სამინისტრო,medium,Official depth-2 program. Included because this source-code series reaches at least 100000000 GEL in one or more years.
2025,admin_program.31_03.c8e552ff,admin_spending.environment_agriculture,major_program,269601800,actual,source.mof_2025_programmatic_fact_actual,31 03,მევენახეობა-მეღვინეობის განვითარება,31 00,საქართველოს გარემოს დაცვისა და სოფლის მეურნეობის სამინისტრო,medium,Official depth-2 program. Included because this source-code series reaches at least 100000000 GEL in one or more years.
2025,admin_program.31_05.ab7362d3,admin_spending.environment_agriculture,major_program,339473300,actual,source.mof_2025_programmatic_fact_actual,31 05,ერთიანი აგროპროექტი,31 00,საქართველოს გარემოს დაცვისა და სოფლის მეურნეობის სამინისტრო,medium,Official depth-2 program. Included because this source-code series reaches at least 100000000 GEL in one or more years.
2025,admin_program.31_06.8aad417e,admin_spending.environment_agriculture,major_program,209495500,actual,source.mof_2025_programmatic_fact_actual,31 06,სამელიორაციო სისტემების მოდერნიზაცია,31 00,საქართველოს გარემოს დაცვისა და სოფლის მეურნეობის სამინისტრო,medium,Official depth-2 program. Included because this source-code series reaches at least 100000000 GEL in one or more years.
2025,admin_program.32_02.f56c9741,admin_spending.education_science_youth,major_program,1820606900,actual,source.mof_2025_programmatic_fact_actual,32 02,სკოლამდელი და ზოგადი განათლება,32 00,"საქართველოს განათლების, მეცნიერებისა და ახალგაზრდობის სამინისტრო",medium,Official depth-2 program. Included because this source-code series reaches at least 100000000 GEL in one or more years.
2025,admin_program.32_03.85c13dd5,admin_spending.education_science_youth,major_program,147212100,actual,source.mof_2025_programmatic_fact_actual,32 03,პროფესიული განათლება,32 00,"საქართველოს განათლების, მეცნიერებისა და ახალგაზრდობის სამინისტრო",medium,Official depth-2 program. Included because this source-code series reaches at least 100000000 GEL in one or more years.
2025,admin_program.32_04.2900df2d,admin_spending.education_science_youth,major_program,181833700,actual,source.mof_2025_programmatic_fact_actual,32 04,უმაღლესი განათლება,32 00,"საქართველოს განათლების, მეცნიერებისა და ახალგაზრდობის სამინისტრო",medium,Official depth-2 program. Included because this source-code series reaches at least 100000000 GEL in one or more years.
2025,admin_program.32_07.1f0c1c68,admin_spending.education_science_youth,major_program,298423200,actual,source.mof_2025_programmatic_fact_actual,32 07,ინფრასტრუქტურის განვითარება,32 00,"საქართველოს განათლების, მეცნიერებისა და ახალგაზრდობის სამინისტრო",medium,Official depth-2 program. Included because this source-code series reaches at least 100000000 GEL in one or more years.
2025,admin_program.33_02.4cf80367,admin_spending.culture,major_program,147269000,actual,source.mof_2025_programmatic_fact_actual,33 02,კულტურის განვითარების ხელშეწყობა,33 00,საქართველოს კულტურის სამინისტრო,medium,Official depth-2 program. Included because this source-code series reaches at least 100000000 GEL in one or more years.
2025,admin_program.34_02.2dcd3ddf,admin_spending.sport,major_program,269604500,actual,source.mof_2025_programmatic_fact_actual,34 02,მასობრივი და მაღალი მიღწევების სპორტის განვითარება და პოპულარიზაცია,34 00,საქართველოს სპორტის სამინისტრო,medium,Official depth-2 program. Included because this source-code series reaches at least 100000000 GEL in one or more years.
2025,admin_program.57_01.7d5f705a,admin_spending.debt_service,major_program,2077815400,actual,source.mof_2025_programmatic_fact_actual,57 01,საგარეო სახელმწიფო ვალდებულებების მომსახურება და დაფარვა,57 00,საერთო-სახელმწიფოებრივი მნიშვნელობის გადასახდელები,medium,Official depth-2 program. Included because this source-code series reaches at least 100000000 GEL in one or more years.
2025,admin_program.57_02.a3dc00f4,admin_spending.debt_service,major_program,953443500,actual,source.mof_2025_programmatic_fact_actual,57 02,საშინაო სახელმწიფო ვალდებულებების მომსახურება და დაფარვა,57 00,საერთო-სახელმწიფოებრივი მნიშვნელობის გადასახდელები,medium,Official depth-2 program. Included because this source-code series reaches at least 100000000 GEL in one or more years.
2025,admin_program.57_04.0a3e2d38,admin_spending.other_costs,major_program,1568315600,actual,source.mof_2025_programmatic_fact_actual,57 04,ავტონომიური რესპუბლიკებისა და მუნიციპალიტეტებისათვის გადასაცემი ტრანსფერები,57 00,საერთო-სახელმწიფოებრივი მნიშვნელობის გადასახდელები,medium,Official depth-2 program. Included because this source-code series reaches at least 100000000 GEL in one or more years.
2025,admin_program.57_11.c2eeef9e,admin_spending.other_costs,major_program,470000000,actual,source.mof_2025_programmatic_fact_actual,57 11,დაგროვებითი საპენსიო სქემის თანადაფინანსება,57 00,საერთო-სახელმწიფოებრივი მნიშვნელობის გადასახდელები,medium,Official depth-2 program. Included because this source-code series reaches at least 100000000 GEL in one or more years.
2025,admin_program.57_14.fca55205,admin_spending.other_costs,major_program,172136500,actual,source.mof_2025_programmatic_fact_actual,57 14,დონორების მიერ დაფინანსებული საერთო-სახელმწიფოებრივი მნიშვნელობის გადასახდელები,57 00,საერთო-სახელმწიფოებრივი მნიშვნელობის გადასახდელები,medium,Official depth-2 program. Included because this source-code series reaches at least 100000000 GEL in one or more years.