series_id,geography_id,year,sex,age_group,value,unit,estimate_basis,status,source_id,source_locator,last_reviewed_at
demography.population_by_age_sex,country.georgia,2004,total,total,3937716,persons,retro_projection,published,source.geostat_demography_population_age_sex,1!AF6 [2004-01-01],2026-10-01
demography.population_by_age_sex,country.georgia,2005,total,total,3916963,persons,retro_projection,published,source.geostat_demography_population_age_sex,1!AI6 [2005-01-01],2026-10-01
demography.population_by_age_sex,country.georgia,2006,total,total,3887974,persons,retro_projection,published,source.geostat_demography_population_age_sex,1!AL6 [2006-01-01],2026-10-01
demography.population_by_age_sex,country.georgia,2007,total,total,3872719,persons,retro_projection,published,source.geostat_demography_population_age_sex,1!AO6 [2007-01-01],2026-10-01
demography.population_by_age_sex,country.georgia,2008,total,total,3847596,persons,retro_projection,published,source.geostat_demography_population_age_sex,1!AR6 [2008-01-01],2026-10-01
demography.population_by_age_sex,country.georgia,2009,total,total,3829006,persons,retro_projection,published,source.geostat_demography_population_age_sex,1!AU6 [2009-01-01],2026-10-01
demography.population_by_age_sex,country.georgia,2010,total,total,3799832,persons,retro_projection,published,source.geostat_demography_population_age_sex,1!AX6 [2010-01-01],2026-10-01
demography.population_by_age_sex,country.georgia,2011,total,total,3773558,persons,retro_projection,published,source.geostat_demography_population_age_sex,1!BA6 [2011-01-01],2026-10-01
demography.population_by_age_sex,country.georgia,2012,total,total,3739323,persons,retro_projection,published,source.geostat_demography_population_age_sex,1!BD6 [2012-01-01],2026-10-01
demography.population_by_age_sex,country.georgia,2013,total,total,3718424,persons,retro_projection,published,source.geostat_demography_population_age_sex,1!BG6 [2013-01-01],2026-10-01
demography.population_by_age_sex,country.georgia,2014,total,total,3716911,persons,retro_projection,published,source.geostat_demography_population_age_sex,1!BJ6 [2014-01-01],2026-10-01
demography.population_by_age_sex,country.georgia,2015,total,total,3721916,persons,pre_census,published,source.geostat_demography_population_age_sex,1!BM6 [2015-01-01],2026-10-01
demography.population_by_age_sex,country.georgia,2016,total,total,3728636,persons,pre_census,published,source.geostat_demography_population_age_sex,1!BP6 [2016-01-01],2026-10-01
demography.population_by_age_sex,country.georgia,2017,total,total,3726374,persons,pre_census,published,source.geostat_demography_population_age_sex,1!BS6 [2017-01-01],2026-10-01
demography.population_by_age_sex,country.georgia,2018,total,total,3729633,persons,pre_census,published,source.geostat_demography_population_age_sex,1!BV6 [2018-01-01],2026-10-01
demography.population_by_age_sex,country.georgia,2019,total,total,3723464,persons,pre_census,published,source.geostat_demography_population_age_sex,1!BY6 [2019-01-01],2026-10-01
demography.population_by_age_sex,country.georgia,2020,total,total,3716858,persons,pre_census,published,source.geostat_demography_population_age_sex,1!CB6 [2020-01-01],2026-10-01
demography.population_by_age_sex,country.georgia,2021,total,total,3728573,persons,pre_census,published,source.geostat_demography_population_age_sex,1!CE6 [2021-01-01],2026-10-01
demography.population_by_age_sex,country.georgia,2022,total,total,3688647,persons,pre_census,published,source.geostat_demography_population_age_sex,1!CH6 [2022-01-01],2026-10-01
demography.population_by_age_sex,country.georgia,2023,total,total,3736357,persons,pre_census,published,source.geostat_demography_population_age_sex,1!CK6 [2023-01-01],2026-10-01
demography.population_by_age_sex,country.georgia,2024,total,total,3694608,persons,pre_census,published,source.geostat_demography_population_age_sex,1!CN6 [2024-01-01],2026-10-01
demography.population_by_age_sex,country.georgia,2025,total,total,3930428,persons,census_based,published,source.geostat_demography_population_age_sex,1!CQ6 [2025-01-01],2026-10-01
demography.population_by_age_sex,country.georgia,2026,total,total,3941103,persons,census_based,published,source.geostat_demography_population_age_sex,1!CT6 [2026-01-01],2026-10-01
demography.population_by_age_sex,country.georgia,2004,total,age_0,44603,persons,retro_projection,published,source.geostat_demography_population_age_sex,1!AF7 [2004-01-01],2026-10-01
demography.population_by_age_sex,country.georgia,2005,total,age_0,44884,persons,retro_projection,published,source.geostat_demography_population_age_sex,1!AI7 [2005-01-01],2026-10-01
demography.population_by_age_sex,country.georgia,2006,total,age_0,45237,persons,retro_projection,published,source.geostat_demography_population_age_sex,1!AL7 [2006-01-01],2026-10-01
demography.population_by_age_sex,country.georgia,2007,total,age_0,46171,persons,retro_projection,published,source.geostat_demography_population_age_sex,1!AO7 [2007-01-01],2026-10-01
demography.population_by_age_sex,country.georgia,2008,total,age_0,47827,persons,retro_projection,published,source.geostat_demography_population_age_sex,1!AR7 [2008-01-01],2026-10-01
demography.population_by_age_sex,country.georgia,2009,total,age_0,51612,persons,retro_projection,published,source.geostat_demography_population_age_sex,1!AU7 [2009-01-01],2026-10-01
demography.population_by_age_sex,country.georgia,2010,total,age_0,55752,persons,retro_projection,published,source.geostat_demography_population_age_sex,1!AX7 [2010-01-01],2026-10-01
demography.population_by_age_sex,country.georgia,2011,total,age_0,54556,persons,retro_projection,published,source.geostat_demography_population_age_sex,1!BA7 [2011-01-01],2026-10-01
demography.population_by_age_sex,country.georgia,2012,total,age_0,50964,persons,retro_projection,published,source.geostat_demography_population_age_sex,1!BD7 [2012-01-01],2026-10-01
demography.population_by_age_sex,country.georgia,2013,total,age_0,49643,persons,retro_projection,published,source.geostat_demography_population_age_sex,1!BG7 [2013-01-01],2026-10-01
demography.population_by_age_sex,country.georgia,2014,total,age_0,49536,persons,retro_projection,published,source.geostat_demography_population_age_sex,1!BJ7 [2014-01-01],2026-10-01
demography.population_by_age_sex,country.georgia,2015,total,age_0,60486,persons,pre_census,published,source.geostat_demography_population_age_sex,1!BM7 [2015-01-01],2026-10-01
demography.population_by_age_sex,country.georgia,2016,total,age_0,59075,persons,pre_census,published,source.geostat_demography_population_age_sex,1!BP7 [2016-01-01],2026-10-01
demography.population_by_age_sex,country.georgia,2017,total,age_0,56465,persons,pre_census,published,source.geostat_demography_population_age_sex,1!BS7 [2017-01-01],2026-10-01
demography.population_by_age_sex,country.georgia,2018,total,age_0,53208,persons,pre_census,published,source.geostat_demography_population_age_sex,1!BV7 [2018-01-01],2026-10-01
demography.population_by_age_sex,country.georgia,2019,total,age_0,50991,persons,pre_census,published,source.geostat_demography_population_age_sex,1!BY7 [2019-01-01],2026-10-01
demography.population_by_age_sex,country.georgia,2020,total,age_0,48141,persons,pre_census,published,source.geostat_demography_population_age_sex,1!CB7 [2020-01-01],2026-10-01
demography.population_by_age_sex,country.georgia,2021,total,age_0,46278,persons,pre_census,published,source.geostat_demography_population_age_sex,1!CE7 [2021-01-01],2026-10-01
demography.population_by_age_sex,country.georgia,2022,total,age_0,45829,persons,pre_census,published,source.geostat_demography_population_age_sex,1!CH7 [2022-01-01],2026-10-01
demography.population_by_age_sex,country.georgia,2023,total,age_0,42506,persons,pre_census,published,source.geostat_demography_population_age_sex,1!CK7 [2023-01-01],2026-10-01
demography.population_by_age_sex,country.georgia,2024,total,age_0,39759,persons,pre_census,published,source.geostat_demography_population_age_sex,1!CN7 [2024-01-01],2026-10-01
demography.population_by_age_sex,country.georgia,2025,total,age_0,40242,persons,census_based,published,source.geostat_demography_population_age_sex,1!CQ7 [2025-01-01],2026-10-01
demography.population_by_age_sex,country.georgia,2026,total,age_0,36934,persons,census_based,published,source.geostat_demography_population_age_sex,1!CT7 [2026-01-01],2026-10-01
demography.population_by_age_sex,country.georgia,2004,total,age_1_4,174159,persons,retro_projection,published,source.geostat_demography_population_age_sex,1!AF8 [2004-01-01],2026-10-01
demography.population_by_age_sex,country.georgia,2005,total,age_1_4,173071,persons,retro_projection,published,source.geostat_demography_population_age_sex,1!AI8 [2005-01-01],2026-10-01
demography.population_by_age_sex,country.georgia,2006,total,age_1_4,172478,persons,retro_projection,published,source.geostat_demography_population_age_sex,1!AL8 [2006-01-01],2026-10-01
demography.population_by_age_sex,country.georgia,2007,total,age_1_4,173057,persons,retro_projection,published,source.geostat_demography_population_age_sex,1!AO8 [2007-01-01],2026-10-01
demography.population_by_age_sex,country.georgia,2008,total,age_1_4,174220,persons,retro_projection,published,source.geostat_demography_population_age_sex,1!AR8 [2008-01-01],2026-10-01
demography.population_by_age_sex,country.georgia,2009,total,age_1_4,177417,persons,retro_projection,published,source.geostat_demography_population_age_sex,1!AU8 [2009-01-01],2026-10-01
demography.population_by_age_sex,country.georgia,2010,total,age_1_4,183831,persons,retro_projection,published,source.geostat_demography_population_age_sex,1!AX8 [2010-01-01],2026-10-01
demography.population_by_age_sex,country.georgia,2011,total,age_1_4,193931,persons,retro_projection,published,source.geostat_demography_population_age_sex,1!BA8 [2011-01-01],2026-10-01
demography.population_by_age_sex,country.georgia,2012,total,age_1_4,201878,persons,retro_projection,published,source.geostat_demography_population_age_sex,1!BD8 [2012-01-01],2026-10-01
demography.population_by_age_sex,country.georgia,2013,total,age_1_4,207264,persons,retro_projection,published,source.geostat_demography_population_age_sex,1!BG8 [2013-01-01],2026-10-01
demography.population_by_age_sex,country.georgia,2014,total,age_1_4,207497,persons,retro_projection,published,source.geostat_demography_population_age_sex,1!BJ8 [2014-01-01],2026-10-01
demography.population_by_age_sex,country.georgia,2015,total,age_1_4,202939,persons,pre_census,published,source.geostat_demography_population_age_sex,1!BM8 [2015-01-01],2026-10-01
demography.population_by_age_sex,country.georgia,2016,total,age_1_4,209646,persons,pre_census,published,source.geostat_demography_population_age_sex,1!BP8 [2016-01-01],2026-10-01
demography.population_by_age_sex,country.georgia,2017,total,age_1_4,217919,persons,pre_census,published,source.geostat_demography_population_age_sex,1!BS8 [2017-01-01],2026-10-01
demography.population_by_age_sex,country.georgia,2018,total,age_1_4,224997,persons,pre_census,published,source.geostat_demography_population_age_sex,1!BV8 [2018-01-01],2026-10-01
demography.population_by_age_sex,country.georgia,2019,total,age_1_4,228645,persons,pre_census,published,source.geostat_demography_population_age_sex,1!BY8 [2019-01-01],2026-10-01
demography.population_by_age_sex,country.georgia,2020,total,age_1_4,218641,persons,pre_census,published,source.geostat_demography_population_age_sex,1!CB8 [2020-01-01],2026-10-01
demography.population_by_age_sex,country.georgia,2021,total,age_1_4,208063,persons,pre_census,published,source.geostat_demography_population_age_sex,1!CE8 [2021-01-01],2026-10-01
demography.population_by_age_sex,country.georgia,2022,total,age_1_4,198026,persons,pre_census,published,source.geostat_demography_population_age_sex,1!CH8 [2022-01-01],2026-10-01
demography.population_by_age_sex,country.georgia,2023,total,age_1_4,193616,persons,pre_census,published,source.geostat_demography_population_age_sex,1!CK8 [2023-01-01],2026-10-01
demography.population_by_age_sex,country.georgia,2024,total,age_1_4,178199,persons,pre_census,published,source.geostat_demography_population_age_sex,1!CN8 [2024-01-01],2026-10-01
demography.population_by_age_sex,country.georgia,2025,total,age_1_4,173866,persons,census_based,published,source.geostat_demography_population_age_sex,1!CQ8 [2025-01-01],2026-10-01
demography.population_by_age_sex,country.georgia,2026,total,age_1_4,167166,persons,census_based,published,source.geostat_demography_population_age_sex,1!CT8 [2026-01-01],2026-10-01
demography.population_by_age_sex,country.georgia,2004,total,age_5_9,245664,persons,retro_projection,published,source.geostat_demography_population_age_sex,1!AF9 [2004-01-01],2026-10-01
demography.population_by_age_sex,country.georgia,2005,total,age_5_9,239593,persons,retro_projection,published,source.geostat_demography_population_age_sex,1!AI9 [2005-01-01],2026-10-01
demography.population_by_age_sex,country.georgia,2006,total,age_5_9,232475,persons,retro_projection,published,source.geostat_demography_population_age_sex,1!AL9 [2006-01-01],2026-10-01
demography.population_by_age_sex,country.georgia,2007,total,age_5_9,225612,persons,retro_projection,published,source.geostat_demography_population_age_sex,1!AO9 [2007-01-01],2026-10-01
demography.population_by_age_sex,country.georgia,2008,total,age_5_9,217108,persons,retro_projection,published,source.geostat_demography_population_age_sex,1!AR9 [2008-01-01],2026-10-01
demography.population_by_age_sex,country.georgia,2009,total,age_5_9,212727,persons,retro_projection,published,source.geostat_demography_population_age_sex,1!AU9 [2009-01-01],2026-10-01
demography.population_by_age_sex,country.georgia,2010,total,age_5_9,210636,persons,retro_projection,published,source.geostat_demography_population_age_sex,1!AX9 [2010-01-01],2026-10-01
demography.population_by_age_sex,country.georgia,2011,total,age_5_9,209349,persons,retro_projection,published,source.geostat_demography_population_age_sex,1!BA9 [2011-01-01],2026-10-01
demography.population_by_age_sex,country.georgia,2012,total,age_5_9,209108,persons,retro_projection,published,source.geostat_demography_population_age_sex,1!BD9 [2012-01-01],2026-10-01
demography.population_by_age_sex,country.georgia,2013,total,age_5_9,212092,persons,retro_projection,published,source.geostat_demography_population_age_sex,1!BG9 [2013-01-01],2026-10-01
demography.population_by_age_sex,country.georgia,2014,total,age_5_9,219986,persons,retro_projection,published,source.geostat_demography_population_age_sex,1!BJ9 [2014-01-01],2026-10-01
demography.population_by_age_sex,country.georgia,2015,total,age_5_9,232546,persons,pre_census,published,source.geostat_demography_population_age_sex,1!BM9 [2015-01-01],2026-10-01
demography.population_by_age_sex,country.georgia,2016,total,age_5_9,244035,persons,pre_census,published,source.geostat_demography_population_age_sex,1!BP9 [2016-01-01],2026-10-01
demography.population_by_age_sex,country.georgia,2017,total,age_5_9,251316,persons,pre_census,published,source.geostat_demography_population_age_sex,1!BS9 [2017-01-01],2026-10-01
demography.population_by_age_sex,country.georgia,2018,total,age_5_9,255985,persons,pre_census,published,source.geostat_demography_population_age_sex,1!BV9 [2018-01-01],2026-10-01
demography.population_by_age_sex,country.georgia,2019,total,age_5_9,256101,persons,pre_census,published,source.geostat_demography_population_age_sex,1!BY9 [2019-01-01],2026-10-01
demography.population_by_age_sex,country.georgia,2020,total,age_5_9,261624,persons,pre_census,published,source.geostat_demography_population_age_sex,1!CB9 [2020-01-01],2026-10-01
demography.population_by_age_sex,country.georgia,2021,total,age_5_9,267840,persons,pre_census,published,source.geostat_demography_population_age_sex,1!CE9 [2021-01-01],2026-10-01
demography.population_by_age_sex,country.georgia,2022,total,age_5_9,273620,persons,pre_census,published,source.geostat_demography_population_age_sex,1!CH9 [2022-01-01],2026-10-01
demography.population_by_age_sex,country.georgia,2023,total,age_5_9,280529,persons,pre_census,published,source.geostat_demography_population_age_sex,1!CK9 [2023-01-01],2026-10-01
demography.population_by_age_sex,country.georgia,2024,total,age_5_9,269046,persons,pre_census,published,source.geostat_demography_population_age_sex,1!CN9 [2024-01-01],2026-10-01
demography.population_by_age_sex,country.georgia,2025,total,age_5_9,269088,persons,census_based,published,source.geostat_demography_population_age_sex,1!CQ9 [2025-01-01],2026-10-01
demography.population_by_age_sex,country.georgia,2026,total,age_5_9,256895,persons,census_based,published,source.geostat_demography_population_age_sex,1!CT9 [2026-01-01],2026-10-01
demography.population_by_age_sex,country.georgia,2004,total,age_10_14,309820,persons,retro_projection,published,source.geostat_demography_population_age_sex,1!AF10 [2004-01-01],2026-10-01
demography.population_by_age_sex,country.georgia,2005,total,age_10_14,294211,persons,retro_projection,published,source.geostat_demography_population_age_sex,1!AI10 [2005-01-01],2026-10-01
demography.population_by_age_sex,country.georgia,2006,total,age_10_14,275996,persons,retro_projection,published,source.geostat_demography_population_age_sex,1!AL10 [2006-01-01],2026-10-01
demography.population_by_age_sex,country.georgia,2007,total,age_10_14,258672,persons,retro_projection,published,source.geostat_demography_population_age_sex,1!AO10 [2007-01-01],2026-10-01
demography.population_by_age_sex,country.georgia,2008,total,age_10_14,248193,persons,retro_projection,published,source.geostat_demography_population_age_sex,1!AR10 [2008-01-01],2026-10-01
demography.population_by_age_sex,country.georgia,2009,total,age_10_14,241470,persons,retro_projection,published,source.geostat_demography_population_age_sex,1!AU10 [2009-01-01],2026-10-01
demography.population_by_age_sex,country.georgia,2010,total,age_10_14,234848,persons,retro_projection,published,source.geostat_demography_population_age_sex,1!AX10 [2010-01-01],2026-10-01
demography.population_by_age_sex,country.georgia,2011,total,age_10_14,227572,persons,retro_projection,published,source.geostat_demography_population_age_sex,1!BA10 [2011-01-01],2026-10-01
demography.population_by_age_sex,country.georgia,2012,total,age_10_14,220088,persons,retro_projection,published,source.geostat_demography_population_age_sex,1!BD10 [2012-01-01],2026-10-01
demography.population_by_age_sex,country.georgia,2013,total,age_10_14,212480,persons,retro_projection,published,source.geostat_demography_population_age_sex,1!BG10 [2013-01-01],2026-10-01
demography.population_by_age_sex,country.georgia,2014,total,age_10_14,208280,persons,retro_projection,published,source.geostat_demography_population_age_sex,1!BJ10 [2014-01-01],2026-10-01
demography.population_by_age_sex,country.georgia,2015,total,age_10_14,206853,persons,pre_census,published,source.geostat_demography_population_age_sex,1!BM10 [2015-01-01],2026-10-01
demography.population_by_age_sex,country.georgia,2016,total,age_10_14,206456,persons,pre_census,published,source.geostat_demography_population_age_sex,1!BP10 [2016-01-01],2026-10-01
demography.population_by_age_sex,country.georgia,2017,total,age_10_14,207189,persons,pre_census,published,source.geostat_demography_population_age_sex,1!BS10 [2017-01-01],2026-10-01
demography.population_by_age_sex,country.georgia,2018,total,age_10_14,210749,persons,pre_census,published,source.geostat_demography_population_age_sex,1!BV10 [2018-01-01],2026-10-01
demography.population_by_age_sex,country.georgia,2019,total,age_10_14,218763,persons,pre_census,published,source.geostat_demography_population_age_sex,1!BY10 [2019-01-01],2026-10-01
demography.population_by_age_sex,country.georgia,2020,total,age_10_14,230612,persons,pre_census,published,source.geostat_demography_population_age_sex,1!CB10 [2020-01-01],2026-10-01
demography.population_by_age_sex,country.georgia,2021,total,age_10_14,242697,persons,pre_census,published,source.geostat_demography_population_age_sex,1!CE10 [2021-01-01],2026-10-01
demography.population_by_age_sex,country.georgia,2022,total,age_10_14,249560,persons,pre_census,published,source.geostat_demography_population_age_sex,1!CH10 [2022-01-01],2026-10-01
demography.population_by_age_sex,country.georgia,2023,total,age_10_14,255667,persons,pre_census,published,source.geostat_demography_population_age_sex,1!CK10 [2023-01-01],2026-10-01
demography.population_by_age_sex,country.georgia,2024,total,age_10_14,234616,persons,pre_census,published,source.geostat_demography_population_age_sex,1!CN10 [2024-01-01],2026-10-01
demography.population_by_age_sex,country.georgia,2025,total,age_10_14,290126,persons,census_based,published,source.geostat_demography_population_age_sex,1!CQ10 [2025-01-01],2026-10-01
demography.population_by_age_sex,country.georgia,2026,total,age_10_14,289264,persons,census_based,published,source.geostat_demography_population_age_sex,1!CT10 [2026-01-01],2026-10-01
demography.population_by_age_sex,country.georgia,2004,total,age_15_19,324172,persons,retro_projection,published,source.geostat_demography_population_age_sex,1!AF11 [2004-01-01],2026-10-01
demography.population_by_age_sex,country.georgia,2005,total,age_15_19,321224,persons,retro_projection,published,source.geostat_demography_population_age_sex,1!AI11 [2005-01-01],2026-10-01
demography.population_by_age_sex,country.georgia,2006,total,age_15_19,319017,persons,retro_projection,published,source.geostat_demography_population_age_sex,1!AL11 [2006-01-01],2026-10-01
demography.population_by_age_sex,country.georgia,2007,total,age_15_19,317653,persons,retro_projection,published,source.geostat_demography_population_age_sex,1!AO11 [2007-01-01],2026-10-01
demography.population_by_age_sex,country.georgia,2008,total,age_15_19,311341,persons,retro_projection,published,source.geostat_demography_population_age_sex,1!AR11 [2008-01-01],2026-10-01
demography.population_by_age_sex,country.georgia,2009,total,age_15_19,298770,persons,retro_projection,published,source.geostat_demography_population_age_sex,1!AU11 [2009-01-01],2026-10-01
demography.population_by_age_sex,country.georgia,2010,total,age_15_19,281790,persons,retro_projection,published,source.geostat_demography_population_age_sex,1!AX11 [2010-01-01],2026-10-01
demography.population_by_age_sex,country.georgia,2011,total,age_15_19,262982,persons,retro_projection,published,source.geostat_demography_population_age_sex,1!BA11 [2011-01-01],2026-10-01
demography.population_by_age_sex,country.georgia,2012,total,age_15_19,244442,persons,retro_projection,published,source.geostat_demography_population_age_sex,1!BD11 [2012-01-01],2026-10-01
demography.population_by_age_sex,country.georgia,2013,total,age_15_19,235548,persons,retro_projection,published,source.geostat_demography_population_age_sex,1!BG11 [2013-01-01],2026-10-01
demography.population_by_age_sex,country.georgia,2014,total,age_15_19,230899,persons,retro_projection,published,source.geostat_demography_population_age_sex,1!BJ11 [2014-01-01],2026-10-01
demography.population_by_age_sex,country.georgia,2015,total,age_15_19,226792,persons,pre_census,published,source.geostat_demography_population_age_sex,1!BM11 [2015-01-01],2026-10-01
demography.population_by_age_sex,country.georgia,2016,total,age_15_19,221551,persons,pre_census,published,source.geostat_demography_population_age_sex,1!BP11 [2016-01-01],2026-10-01
demography.population_by_age_sex,country.georgia,2017,total,age_15_19,215695,persons,pre_census,published,source.geostat_demography_population_age_sex,1!BS11 [2017-01-01],2026-10-01
demography.population_by_age_sex,country.georgia,2018,total,age_15_19,208580,persons,pre_census,published,source.geostat_demography_population_age_sex,1!BV11 [2018-01-01],2026-10-01
demography.population_by_age_sex,country.georgia,2019,total,age_15_19,205771,persons,pre_census,published,source.geostat_demography_population_age_sex,1!BY11 [2019-01-01],2026-10-01
demography.population_by_age_sex,country.georgia,2020,total,age_15_19,205378,persons,pre_census,published,source.geostat_demography_population_age_sex,1!CB11 [2020-01-01],2026-10-01
demography.population_by_age_sex,country.georgia,2021,total,age_15_19,204921,persons,pre_census,published,source.geostat_demography_population_age_sex,1!CE11 [2021-01-01],2026-10-01
demography.population_by_age_sex,country.georgia,2022,total,age_15_19,204797,persons,pre_census,published,source.geostat_demography_population_age_sex,1!CH11 [2022-01-01],2026-10-01
demography.population_by_age_sex,country.georgia,2023,total,age_15_19,210885,persons,pre_census,published,source.geostat_demography_population_age_sex,1!CK11 [2023-01-01],2026-10-01
demography.population_by_age_sex,country.georgia,2024,total,age_15_19,202628,persons,pre_census,published,source.geostat_demography_population_age_sex,1!CN11 [2024-01-01],2026-10-01
demography.population_by_age_sex,country.georgia,2025,total,age_15_19,251835,persons,census_based,published,source.geostat_demography_population_age_sex,1!CQ11 [2025-01-01],2026-10-01
demography.population_by_age_sex,country.georgia,2026,total,age_15_19,268199,persons,census_based,published,source.geostat_demography_population_age_sex,1!CT11 [2026-01-01],2026-10-01
demography.population_by_age_sex,country.georgia,2004,total,age_20_24,297657,persons,retro_projection,published,source.geostat_demography_population_age_sex,1!AF12 [2004-01-01],2026-10-01
demography.population_by_age_sex,country.georgia,2005,total,age_20_24,300897,persons,retro_projection,published,source.geostat_demography_population_age_sex,1!AI12 [2005-01-01],2026-10-01
demography.population_by_age_sex,country.georgia,2006,total,age_20_24,303921,persons,retro_projection,published,source.geostat_demography_population_age_sex,1!AL12 [2006-01-01],2026-10-01
demography.population_by_age_sex,country.georgia,2007,total,age_20_24,306985,persons,retro_projection,published,source.geostat_demography_population_age_sex,1!AO12 [2007-01-01],2026-10-01
demography.population_by_age_sex,country.georgia,2008,total,age_20_24,306520,persons,retro_projection,published,source.geostat_demography_population_age_sex,1!AR12 [2008-01-01],2026-10-01
demography.population_by_age_sex,country.georgia,2009,total,age_20_24,304239,persons,retro_projection,published,source.geostat_demography_population_age_sex,1!AU12 [2009-01-01],2026-10-01
demography.population_by_age_sex,country.georgia,2010,total,age_20_24,298961,persons,retro_projection,published,source.geostat_demography_population_age_sex,1!AX12 [2010-01-01],2026-10-01
demography.population_by_age_sex,country.georgia,2011,total,age_20_24,295879,persons,retro_projection,published,source.geostat_demography_population_age_sex,1!BA12 [2011-01-01],2026-10-01
demography.population_by_age_sex,country.georgia,2012,total,age_20_24,292109,persons,retro_projection,published,source.geostat_demography_population_age_sex,1!BD12 [2012-01-01],2026-10-01
demography.population_by_age_sex,country.georgia,2013,total,age_20_24,286265,persons,retro_projection,published,source.geostat_demography_population_age_sex,1!BG12 [2013-01-01],2026-10-01
demography.population_by_age_sex,country.georgia,2014,total,age_20_24,275981,persons,retro_projection,published,source.geostat_demography_population_age_sex,1!BJ12 [2014-01-01],2026-10-01
demography.population_by_age_sex,country.georgia,2015,total,age_20_24,261946,persons,pre_census,published,source.geostat_demography_population_age_sex,1!BM12 [2015-01-01],2026-10-01
demography.population_by_age_sex,country.georgia,2016,total,age_20_24,246339,persons,pre_census,published,source.geostat_demography_population_age_sex,1!BP12 [2016-01-01],2026-10-01
demography.population_by_age_sex,country.georgia,2017,total,age_20_24,231905,persons,pre_census,published,source.geostat_demography_population_age_sex,1!BS12 [2017-01-01],2026-10-01
demography.population_by_age_sex,country.georgia,2018,total,age_20_24,224685,persons,pre_census,published,source.geostat_demography_population_age_sex,1!BV12 [2018-01-01],2026-10-01
demography.population_by_age_sex,country.georgia,2019,total,age_20_24,220569,persons,pre_census,published,source.geostat_demography_population_age_sex,1!BY12 [2019-01-01],2026-10-01
demography.population_by_age_sex,country.georgia,2020,total,age_20_24,218346,persons,pre_census,published,source.geostat_demography_population_age_sex,1!CB12 [2020-01-01],2026-10-01
demography.population_by_age_sex,country.georgia,2021,total,age_20_24,215981,persons,pre_census,published,source.geostat_demography_population_age_sex,1!CE12 [2021-01-01],2026-10-01
demography.population_by_age_sex,country.georgia,2022,total,age_20_24,209503,persons,pre_census,published,source.geostat_demography_population_age_sex,1!CH12 [2022-01-01],2026-10-01
demography.population_by_age_sex,country.georgia,2023,total,age_20_24,212005,persons,pre_census,published,source.geostat_demography_population_age_sex,1!CK12 [2023-01-01],2026-10-01
demography.population_by_age_sex,country.georgia,2024,total,age_20_24,215183,persons,pre_census,published,source.geostat_demography_population_age_sex,1!CN12 [2024-01-01],2026-10-01
demography.population_by_age_sex,country.georgia,2025,total,age_20_24,216065,persons,census_based,published,source.geostat_demography_population_age_sex,1!CQ12 [2025-01-01],2026-10-01
demography.population_by_age_sex,country.georgia,2026,total,age_20_24,223513,persons,census_based,published,source.geostat_demography_population_age_sex,1!CT12 [2026-01-01],2026-10-01
demography.population_by_age_sex,country.georgia,2004,total,age_25_29,279509,persons,retro_projection,published,source.geostat_demography_population_age_sex,1!AF13 [2004-01-01],2026-10-01
demography.population_by_age_sex,country.georgia,2005,total,age_25_29,278200,persons,retro_projection,published,source.geostat_demography_population_age_sex,1!AI13 [2005-01-01],2026-10-01
demography.population_by_age_sex,country.georgia,2006,total,age_25_29,276902,persons,retro_projection,published,source.geostat_demography_population_age_sex,1!AL13 [2006-01-01],2026-10-01
demography.population_by_age_sex,country.georgia,2007,total,age_25_29,277203,persons,retro_projection,published,source.geostat_demography_population_age_sex,1!AO13 [2007-01-01],2026-10-01
demography.population_by_age_sex,country.georgia,2008,total,age_25_29,277490,persons,retro_projection,published,source.geostat_demography_population_age_sex,1!AR13 [2008-01-01],2026-10-01
demography.population_by_age_sex,country.georgia,2009,total,age_25_29,277681,persons,retro_projection,published,source.geostat_demography_population_age_sex,1!AU13 [2009-01-01],2026-10-01
demography.population_by_age_sex,country.georgia,2010,total,age_25_29,278338,persons,retro_projection,published,source.geostat_demography_population_age_sex,1!AX13 [2010-01-01],2026-10-01
demography.population_by_age_sex,country.georgia,2011,total,age_25_29,280679,persons,retro_projection,published,source.geostat_demography_population_age_sex,1!BA13 [2011-01-01],2026-10-01
demography.population_by_age_sex,country.georgia,2012,total,age_25_29,280870,persons,retro_projection,published,source.geostat_demography_population_age_sex,1!BD13 [2012-01-01],2026-10-01
demography.population_by_age_sex,country.georgia,2013,total,age_25_29,280060,persons,retro_projection,published,source.geostat_demography_population_age_sex,1!BG13 [2013-01-01],2026-10-01
demography.population_by_age_sex,country.georgia,2014,total,age_25_29,279923,persons,retro_projection,published,source.geostat_demography_population_age_sex,1!BJ13 [2014-01-01],2026-10-01
demography.population_by_age_sex,country.georgia,2015,total,age_25_29,277650,persons,pre_census,published,source.geostat_demography_population_age_sex,1!BM13 [2015-01-01],2026-10-01
demography.population_by_age_sex,country.georgia,2016,total,age_25_29,277431,persons,pre_census,published,source.geostat_demography_population_age_sex,1!BP13 [2016-01-01],2026-10-01
demography.population_by_age_sex,country.georgia,2017,total,age_25_29,276654,persons,pre_census,published,source.geostat_demography_population_age_sex,1!BS13 [2017-01-01],2026-10-01
demography.population_by_age_sex,country.georgia,2018,total,age_25_29,273295,persons,pre_census,published,source.geostat_demography_population_age_sex,1!BV13 [2018-01-01],2026-10-01
demography.population_by_age_sex,country.georgia,2019,total,age_25_29,262452,persons,pre_census,published,source.geostat_demography_population_age_sex,1!BY13 [2019-01-01],2026-10-01
demography.population_by_age_sex,country.georgia,2020,total,age_25_29,249108,persons,pre_census,published,source.geostat_demography_population_age_sex,1!CB13 [2020-01-01],2026-10-01
demography.population_by_age_sex,country.georgia,2021,total,age_25_29,237363,persons,pre_census,published,source.geostat_demography_population_age_sex,1!CE13 [2021-01-01],2026-10-01
demography.population_by_age_sex,country.georgia,2022,total,age_25_29,219796,persons,pre_census,published,source.geostat_demography_population_age_sex,1!CH13 [2022-01-01],2026-10-01
demography.population_by_age_sex,country.georgia,2023,total,age_25_29,227426,persons,pre_census,published,source.geostat_demography_population_age_sex,1!CK13 [2023-01-01],2026-10-01
demography.population_by_age_sex,country.georgia,2024,total,age_25_29,226447,persons,pre_census,published,source.geostat_demography_population_age_sex,1!CN13 [2024-01-01],2026-10-01
demography.population_by_age_sex,country.georgia,2025,total,age_25_29,220799,persons,census_based,published,source.geostat_demography_population_age_sex,1!CQ13 [2025-01-01],2026-10-01
demography.population_by_age_sex,country.georgia,2026,total,age_25_29,211959,persons,census_based,published,source.geostat_demography_population_age_sex,1!CT13 [2026-01-01],2026-10-01
demography.population_by_age_sex,country.georgia,2004,total,age_30_34,269084,persons,retro_projection,published,source.geostat_demography_population_age_sex,1!AF14 [2004-01-01],2026-10-01
demography.population_by_age_sex,country.georgia,2005,total,age_30_34,268794,persons,retro_projection,published,source.geostat_demography_population_age_sex,1!AI14 [2005-01-01],2026-10-01
demography.population_by_age_sex,country.georgia,2006,total,age_30_34,266204,persons,retro_projection,published,source.geostat_demography_population_age_sex,1!AL14 [2006-01-01],2026-10-01
demography.population_by_age_sex,country.georgia,2007,total,age_30_34,266244,persons,retro_projection,published,source.geostat_demography_population_age_sex,1!AO14 [2007-01-01],2026-10-01
demography.population_by_age_sex,country.georgia,2008,total,age_30_34,265132,persons,retro_projection,published,source.geostat_demography_population_age_sex,1!AR14 [2008-01-01],2026-10-01
demography.population_by_age_sex,country.georgia,2009,total,age_30_34,264405,persons,retro_projection,published,source.geostat_demography_population_age_sex,1!AU14 [2009-01-01],2026-10-01
demography.population_by_age_sex,country.georgia,2010,total,age_30_34,260966,persons,retro_projection,published,source.geostat_demography_population_age_sex,1!AX14 [2010-01-01],2026-10-01
demography.population_by_age_sex,country.georgia,2011,total,age_30_34,259394,persons,retro_projection,published,source.geostat_demography_population_age_sex,1!BA14 [2011-01-01],2026-10-01
demography.population_by_age_sex,country.georgia,2012,total,age_30_34,257074,persons,retro_projection,published,source.geostat_demography_population_age_sex,1!BD14 [2012-01-01],2026-10-01
demography.population_by_age_sex,country.georgia,2013,total,age_30_34,257229,persons,retro_projection,published,source.geostat_demography_population_age_sex,1!BG14 [2013-01-01],2026-10-01
demography.population_by_age_sex,country.georgia,2014,total,age_30_34,258992,persons,retro_projection,published,source.geostat_demography_population_age_sex,1!BJ14 [2014-01-01],2026-10-01
demography.population_by_age_sex,country.georgia,2015,total,age_30_34,262780,persons,pre_census,published,source.geostat_demography_population_age_sex,1!BM14 [2015-01-01],2026-10-01
demography.population_by_age_sex,country.georgia,2016,total,age_30_34,268359,persons,pre_census,published,source.geostat_demography_population_age_sex,1!BP14 [2016-01-01],2026-10-01
demography.population_by_age_sex,country.georgia,2017,total,age_30_34,271301,persons,pre_census,published,source.geostat_demography_population_age_sex,1!BS14 [2017-01-01],2026-10-01
demography.population_by_age_sex,country.georgia,2018,total,age_30_34,273052,persons,pre_census,published,source.geostat_demography_population_age_sex,1!BV14 [2018-01-01],2026-10-01
demography.population_by_age_sex,country.georgia,2019,total,age_30_34,271863,persons,pre_census,published,source.geostat_demography_population_age_sex,1!BY14 [2019-01-01],2026-10-01
demography.population_by_age_sex,country.georgia,2020,total,age_30_34,270180,persons,pre_census,published,source.geostat_demography_population_age_sex,1!CB14 [2020-01-01],2026-10-01
demography.population_by_age_sex,country.georgia,2021,total,age_30_34,273291,persons,pre_census,published,source.geostat_demography_population_age_sex,1!CE14 [2021-01-01],2026-10-01
demography.population_by_age_sex,country.georgia,2022,total,age_30_34,268775,persons,pre_census,published,source.geostat_demography_population_age_sex,1!CH14 [2022-01-01],2026-10-01
demography.population_by_age_sex,country.georgia,2023,total,age_30_34,276341,persons,pre_census,published,source.geostat_demography_population_age_sex,1!CK14 [2023-01-01],2026-10-01
demography.population_by_age_sex,country.georgia,2024,total,age_30_34,270398,persons,pre_census,published,source.geostat_demography_population_age_sex,1!CN14 [2024-01-01],2026-10-01
demography.population_by_age_sex,country.georgia,2025,total,age_30_34,282745,persons,census_based,published,source.geostat_demography_population_age_sex,1!CQ14 [2025-01-01],2026-10-01
demography.population_by_age_sex,country.georgia,2026,total,age_30_34,267214,persons,census_based,published,source.geostat_demography_population_age_sex,1!CT14 [2026-01-01],2026-10-01
demography.population_by_age_sex,country.georgia,2004,total,age_35_39,273529,persons,retro_projection,published,source.geostat_demography_population_age_sex,1!AF15 [2004-01-01],2026-10-01
demography.population_by_age_sex,country.georgia,2005,total,age_35_39,265678,persons,retro_projection,published,source.geostat_demography_population_age_sex,1!AI15 [2005-01-01],2026-10-01
demography.population_by_age_sex,country.georgia,2006,total,age_35_39,261258,persons,retro_projection,published,source.geostat_demography_population_age_sex,1!AL15 [2006-01-01],2026-10-01
demography.population_by_age_sex,country.georgia,2007,total,age_35_39,260178,persons,retro_projection,published,source.geostat_demography_population_age_sex,1!AO15 [2007-01-01],2026-10-01
demography.population_by_age_sex,country.georgia,2008,total,age_35_39,257899,persons,retro_projection,published,source.geostat_demography_population_age_sex,1!AR15 [2008-01-01],2026-10-01
demography.population_by_age_sex,country.georgia,2009,total,age_35_39,256550,persons,retro_projection,published,source.geostat_demography_population_age_sex,1!AU15 [2009-01-01],2026-10-01
demography.population_by_age_sex,country.georgia,2010,total,age_35_39,254486,persons,retro_projection,published,source.geostat_demography_population_age_sex,1!AX15 [2010-01-01],2026-10-01
demography.population_by_age_sex,country.georgia,2011,total,age_35_39,251772,persons,retro_projection,published,source.geostat_demography_population_age_sex,1!BA15 [2011-01-01],2026-10-01
demography.population_by_age_sex,country.georgia,2012,total,age_35_39,249755,persons,retro_projection,published,source.geostat_demography_population_age_sex,1!BD15 [2012-01-01],2026-10-01
demography.population_by_age_sex,country.georgia,2013,total,age_35_39,248511,persons,retro_projection,published,source.geostat_demography_population_age_sex,1!BG15 [2013-01-01],2026-10-01
demography.population_by_age_sex,country.georgia,2014,total,age_35_39,249267,persons,retro_projection,published,source.geostat_demography_population_age_sex,1!BJ15 [2014-01-01],2026-10-01
demography.population_by_age_sex,country.georgia,2015,total,age_35_39,248494,persons,pre_census,published,source.geostat_demography_population_age_sex,1!BM15 [2015-01-01],2026-10-01
demography.population_by_age_sex,country.georgia,2016,total,age_35_39,249239,persons,pre_census,published,source.geostat_demography_population_age_sex,1!BP15 [2016-01-01],2026-10-01
demography.population_by_age_sex,country.georgia,2017,total,age_35_39,249451,persons,pre_census,published,source.geostat_demography_population_age_sex,1!BS15 [2017-01-01],2026-10-01
demography.population_by_age_sex,country.georgia,2018,total,age_35_39,251654,persons,pre_census,published,source.geostat_demography_population_age_sex,1!BV15 [2018-01-01],2026-10-01
demography.population_by_age_sex,country.georgia,2019,total,age_35_39,252347,persons,pre_census,published,source.geostat_demography_population_age_sex,1!BY15 [2019-01-01],2026-10-01
demography.population_by_age_sex,country.georgia,2020,total,age_35_39,255689,persons,pre_census,published,source.geostat_demography_population_age_sex,1!CB15 [2020-01-01],2026-10-01
demography.population_by_age_sex,country.georgia,2021,total,age_35_39,263503,persons,pre_census,published,source.geostat_demography_population_age_sex,1!CE15 [2021-01-01],2026-10-01
demography.population_by_age_sex,country.georgia,2022,total,age_35_39,263002,persons,pre_census,published,source.geostat_demography_population_age_sex,1!CH15 [2022-01-01],2026-10-01
demography.population_by_age_sex,country.georgia,2023,total,age_35_39,270235,persons,pre_census,published,source.geostat_demography_population_age_sex,1!CK15 [2023-01-01],2026-10-01
demography.population_by_age_sex,country.georgia,2024,total,age_35_39,273617,persons,pre_census,published,source.geostat_demography_population_age_sex,1!CN15 [2024-01-01],2026-10-01
demography.population_by_age_sex,country.georgia,2025,total,age_35_39,298688,persons,census_based,published,source.geostat_demography_population_age_sex,1!CQ15 [2025-01-01],2026-10-01
demography.population_by_age_sex,country.georgia,2026,total,age_35_39,303160,persons,census_based,published,source.geostat_demography_population_age_sex,1!CT15 [2026-01-01],2026-10-01
demography.population_by_age_sex,country.georgia,2004,total,age_40_44,307350,persons,retro_projection,published,source.geostat_demography_population_age_sex,1!AF16 [2004-01-01],2026-10-01
demography.population_by_age_sex,country.georgia,2005,total,age_40_44,302495,persons,retro_projection,published,source.geostat_demography_population_age_sex,1!AI16 [2005-01-01],2026-10-01
demography.population_by_age_sex,country.georgia,2006,total,age_40_44,292058,persons,retro_projection,published,source.geostat_demography_population_age_sex,1!AL16 [2006-01-01],2026-10-01
demography.population_by_age_sex,country.georgia,2007,total,age_40_44,281914,persons,retro_projection,published,source.geostat_demography_population_age_sex,1!AO16 [2007-01-01],2026-10-01
demography.population_by_age_sex,country.georgia,2008,total,age_40_44,270868,persons,retro_projection,published,source.geostat_demography_population_age_sex,1!AR16 [2008-01-01],2026-10-01
demography.population_by_age_sex,country.georgia,2009,total,age_40_44,260933,persons,retro_projection,published,source.geostat_demography_population_age_sex,1!AU16 [2009-01-01],2026-10-01
demography.population_by_age_sex,country.georgia,2010,total,age_40_44,251574,persons,retro_projection,published,source.geostat_demography_population_age_sex,1!AX16 [2010-01-01],2026-10-01
demography.population_by_age_sex,country.georgia,2011,total,age_40_44,247262,persons,retro_projection,published,source.geostat_demography_population_age_sex,1!BA16 [2011-01-01],2026-10-01
demography.population_by_age_sex,country.georgia,2012,total,age_40_44,244476,persons,retro_projection,published,source.geostat_demography_population_age_sex,1!BD16 [2012-01-01],2026-10-01
demography.population_by_age_sex,country.georgia,2013,total,age_40_44,242029,persons,retro_projection,published,source.geostat_demography_population_age_sex,1!BG16 [2013-01-01],2026-10-01
demography.population_by_age_sex,country.georgia,2014,total,age_40_44,242404,persons,retro_projection,published,source.geostat_demography_population_age_sex,1!BJ16 [2014-01-01],2026-10-01
demography.population_by_age_sex,country.georgia,2015,total,age_40_44,242902,persons,pre_census,published,source.geostat_demography_population_age_sex,1!BM16 [2015-01-01],2026-10-01
demography.population_by_age_sex,country.georgia,2016,total,age_40_44,242368,persons,pre_census,published,source.geostat_demography_population_age_sex,1!BP16 [2016-01-01],2026-10-01
demography.population_by_age_sex,country.georgia,2017,total,age_40_44,242045,persons,pre_census,published,source.geostat_demography_population_age_sex,1!BS16 [2017-01-01],2026-10-01
demography.population_by_age_sex,country.georgia,2018,total,age_40_44,242098,persons,pre_census,published,source.geostat_demography_population_age_sex,1!BV16 [2018-01-01],2026-10-01
demography.population_by_age_sex,country.georgia,2019,total,age_40_44,241238,persons,pre_census,published,source.geostat_demography_population_age_sex,1!BY16 [2019-01-01],2026-10-01
demography.population_by_age_sex,country.georgia,2020,total,age_40_44,239857,persons,pre_census,published,source.geostat_demography_population_age_sex,1!CB16 [2020-01-01],2026-10-01
demography.population_by_age_sex,country.georgia,2021,total,age_40_44,242653,persons,pre_census,published,source.geostat_demography_population_age_sex,1!CE16 [2021-01-01],2026-10-01
demography.population_by_age_sex,country.georgia,2022,total,age_40_44,239962,persons,pre_census,published,source.geostat_demography_population_age_sex,1!CH16 [2022-01-01],2026-10-01
demography.population_by_age_sex,country.georgia,2023,total,age_40_44,243435,persons,pre_census,published,source.geostat_demography_population_age_sex,1!CK16 [2023-01-01],2026-10-01
demography.population_by_age_sex,country.georgia,2024,total,age_40_44,247459,persons,pre_census,published,source.geostat_demography_population_age_sex,1!CN16 [2024-01-01],2026-10-01
demography.population_by_age_sex,country.georgia,2025,total,age_40_44,269834,persons,census_based,published,source.geostat_demography_population_age_sex,1!CQ16 [2025-01-01],2026-10-01
demography.population_by_age_sex,country.georgia,2026,total,age_40_44,280270,persons,census_based,published,source.geostat_demography_population_age_sex,1!CT16 [2026-01-01],2026-10-01
demography.population_by_age_sex,country.georgia,2004,total,age_45_49,274663,persons,retro_projection,published,source.geostat_demography_population_age_sex,1!AF17 [2004-01-01],2026-10-01
demography.population_by_age_sex,country.georgia,2005,total,age_45_49,280319,persons,retro_projection,published,source.geostat_demography_population_age_sex,1!AI17 [2005-01-01],2026-10-01
demography.population_by_age_sex,country.georgia,2006,total,age_45_49,285843,persons,retro_projection,published,source.geostat_demography_population_age_sex,1!AL17 [2006-01-01],2026-10-01
demography.population_by_age_sex,country.georgia,2007,total,age_45_49,289659,persons,retro_projection,published,source.geostat_demography_population_age_sex,1!AO17 [2007-01-01],2026-10-01
demography.population_by_age_sex,country.georgia,2008,total,age_45_49,291877,persons,retro_projection,published,source.geostat_demography_population_age_sex,1!AR17 [2008-01-01],2026-10-01
demography.population_by_age_sex,country.georgia,2009,total,age_45_49,291363,persons,retro_projection,published,source.geostat_demography_population_age_sex,1!AU17 [2009-01-01],2026-10-01
demography.population_by_age_sex,country.georgia,2010,total,age_45_49,285366,persons,retro_projection,published,source.geostat_demography_population_age_sex,1!AX17 [2010-01-01],2026-10-01
demography.population_by_age_sex,country.georgia,2011,total,age_45_49,275023,persons,retro_projection,published,source.geostat_demography_population_age_sex,1!BA17 [2011-01-01],2026-10-01
demography.population_by_age_sex,country.georgia,2012,total,age_45_49,263604,persons,retro_projection,published,source.geostat_demography_population_age_sex,1!BD17 [2012-01-01],2026-10-01
demography.population_by_age_sex,country.georgia,2013,total,age_45_49,252438,persons,retro_projection,published,source.geostat_demography_population_age_sex,1!BG17 [2013-01-01],2026-10-01
demography.population_by_age_sex,country.georgia,2014,total,age_45_49,245057,persons,retro_projection,published,source.geostat_demography_population_age_sex,1!BJ17 [2014-01-01],2026-10-01
demography.population_by_age_sex,country.georgia,2015,total,age_45_49,238653,persons,pre_census,published,source.geostat_demography_population_age_sex,1!BM17 [2015-01-01],2026-10-01
demography.population_by_age_sex,country.georgia,2016,total,age_45_49,236951,persons,pre_census,published,source.geostat_demography_population_age_sex,1!BP17 [2016-01-01],2026-10-01
demography.population_by_age_sex,country.georgia,2017,total,age_45_49,236383,persons,pre_census,published,source.geostat_demography_population_age_sex,1!BS17 [2017-01-01],2026-10-01
demography.population_by_age_sex,country.georgia,2018,total,age_45_49,235510,persons,pre_census,published,source.geostat_demography_population_age_sex,1!BV17 [2018-01-01],2026-10-01
demography.population_by_age_sex,country.georgia,2019,total,age_45_49,234369,persons,pre_census,published,source.geostat_demography_population_age_sex,1!BY17 [2019-01-01],2026-10-01
demography.population_by_age_sex,country.georgia,2020,total,age_45_49,234113,persons,pre_census,published,source.geostat_demography_population_age_sex,1!CB17 [2020-01-01],2026-10-01
demography.population_by_age_sex,country.georgia,2021,total,age_45_49,234926,persons,pre_census,published,source.geostat_demography_population_age_sex,1!CE17 [2021-01-01],2026-10-01
demography.population_by_age_sex,country.georgia,2022,total,age_45_49,232448,persons,pre_census,published,source.geostat_demography_population_age_sex,1!CH17 [2022-01-01],2026-10-01
demography.population_by_age_sex,country.georgia,2023,total,age_45_49,232285,persons,pre_census,published,source.geostat_demography_population_age_sex,1!CK17 [2023-01-01],2026-10-01
demography.population_by_age_sex,country.georgia,2024,total,age_45_49,233942,persons,pre_census,published,source.geostat_demography_population_age_sex,1!CN17 [2024-01-01],2026-10-01
demography.population_by_age_sex,country.georgia,2025,total,age_45_49,238422,persons,census_based,published,source.geostat_demography_population_age_sex,1!CQ17 [2025-01-01],2026-10-01
demography.population_by_age_sex,country.georgia,2026,total,age_45_49,244790,persons,census_based,published,source.geostat_demography_population_age_sex,1!CT17 [2026-01-01],2026-10-01
demography.population_by_age_sex,country.georgia,2004,total,age_50_54,237095,persons,retro_projection,published,source.geostat_demography_population_age_sex,1!AF18 [2004-01-01],2026-10-01
demography.population_by_age_sex,country.georgia,2005,total,age_50_54,241755,persons,retro_projection,published,source.geostat_demography_population_age_sex,1!AI18 [2005-01-01],2026-10-01
demography.population_by_age_sex,country.georgia,2006,total,age_50_54,244487,persons,retro_projection,published,source.geostat_demography_population_age_sex,1!AL18 [2006-01-01],2026-10-01
demography.population_by_age_sex,country.georgia,2007,total,age_50_54,249907,persons,retro_projection,published,source.geostat_demography_population_age_sex,1!AO18 [2007-01-01],2026-10-01
demography.population_by_age_sex,country.georgia,2008,total,age_50_54,252298,persons,retro_projection,published,source.geostat_demography_population_age_sex,1!AR18 [2008-01-01],2026-10-01
demography.population_by_age_sex,country.georgia,2009,total,age_50_54,258003,persons,retro_projection,published,source.geostat_demography_population_age_sex,1!AU18 [2009-01-01],2026-10-01
demography.population_by_age_sex,country.georgia,2010,total,age_50_54,262179,persons,retro_projection,published,source.geostat_demography_population_age_sex,1!AX18 [2010-01-01],2026-10-01
demography.population_by_age_sex,country.georgia,2011,total,age_50_54,267244,persons,retro_projection,published,source.geostat_demography_population_age_sex,1!BA18 [2011-01-01],2026-10-01
demography.population_by_age_sex,country.georgia,2012,total,age_50_54,269795,persons,retro_projection,published,source.geostat_demography_population_age_sex,1!BD18 [2012-01-01],2026-10-01
demography.population_by_age_sex,country.georgia,2013,total,age_50_54,271616,persons,retro_projection,published,source.geostat_demography_population_age_sex,1!BG18 [2013-01-01],2026-10-01
demography.population_by_age_sex,country.georgia,2014,total,age_50_54,273244,persons,retro_projection,published,source.geostat_demography_population_age_sex,1!BJ18 [2014-01-01],2026-10-01
demography.population_by_age_sex,country.georgia,2015,total,age_50_54,269843,persons,pre_census,published,source.geostat_demography_population_age_sex,1!BM18 [2015-01-01],2026-10-01
demography.population_by_age_sex,country.georgia,2016,total,age_50_54,262083,persons,pre_census,published,source.geostat_demography_population_age_sex,1!BP18 [2016-01-01],2026-10-01
demography.population_by_age_sex,country.georgia,2017,total,age_50_54,253076,persons,pre_census,published,source.geostat_demography_population_age_sex,1!BS18 [2017-01-01],2026-10-01
demography.population_by_age_sex,country.georgia,2018,total,age_50_54,244772,persons,pre_census,published,source.geostat_demography_population_age_sex,1!BV18 [2018-01-01],2026-10-01
demography.population_by_age_sex,country.georgia,2019,total,age_50_54,236258,persons,pre_census,published,source.geostat_demography_population_age_sex,1!BY18 [2019-01-01],2026-10-01
demography.population_by_age_sex,country.georgia,2020,total,age_50_54,230041,persons,pre_census,published,source.geostat_demography_population_age_sex,1!CB18 [2020-01-01],2026-10-01
demography.population_by_age_sex,country.georgia,2021,total,age_50_54,229306,persons,pre_census,published,source.geostat_demography_population_age_sex,1!CE18 [2021-01-01],2026-10-01
demography.population_by_age_sex,country.georgia,2022,total,age_50_54,226759,persons,pre_census,published,source.geostat_demography_population_age_sex,1!CH18 [2022-01-01],2026-10-01
demography.population_by_age_sex,country.georgia,2023,total,age_50_54,226589,persons,pre_census,published,source.geostat_demography_population_age_sex,1!CK18 [2023-01-01],2026-10-01
demography.population_by_age_sex,country.georgia,2024,total,age_50_54,227423,persons,pre_census,published,source.geostat_demography_population_age_sex,1!CN18 [2024-01-01],2026-10-01
demography.population_by_age_sex,country.georgia,2025,total,age_50_54,221196,persons,census_based,published,source.geostat_demography_population_age_sex,1!CQ18 [2025-01-01],2026-10-01
demography.population_by_age_sex,country.georgia,2026,total,age_50_54,223472,persons,census_based,published,source.geostat_demography_population_age_sex,1!CT18 [2026-01-01],2026-10-01
demography.population_by_age_sex,country.georgia,2004,total,age_55_59,161566,persons,retro_projection,published,source.geostat_demography_population_age_sex,1!AF19 [2004-01-01],2026-10-01
demography.population_by_age_sex,country.georgia,2005,total,age_55_59,182921,persons,retro_projection,published,source.geostat_demography_population_age_sex,1!AI19 [2005-01-01],2026-10-01
demography.population_by_age_sex,country.georgia,2006,total,age_55_59,200059,persons,retro_projection,published,source.geostat_demography_population_age_sex,1!AL19 [2006-01-01],2026-10-01
demography.population_by_age_sex,country.georgia,2007,total,age_55_59,211512,persons,retro_projection,published,source.geostat_demography_population_age_sex,1!AO19 [2007-01-01],2026-10-01
demography.population_by_age_sex,country.georgia,2008,total,age_55_59,218300,persons,retro_projection,published,source.geostat_demography_population_age_sex,1!AR19 [2008-01-01],2026-10-01
demography.population_by_age_sex,country.georgia,2009,total,age_55_59,223347,persons,retro_projection,published,source.geostat_demography_population_age_sex,1!AU19 [2009-01-01],2026-10-01
demography.population_by_age_sex,country.georgia,2010,total,age_55_59,226578,persons,retro_projection,published,source.geostat_demography_population_age_sex,1!AX19 [2010-01-01],2026-10-01
demography.population_by_age_sex,country.georgia,2011,total,age_55_59,228834,persons,retro_projection,published,source.geostat_demography_population_age_sex,1!BA19 [2011-01-01],2026-10-01
demography.population_by_age_sex,country.georgia,2012,total,age_55_59,232643,persons,retro_projection,published,source.geostat_demography_population_age_sex,1!BD19 [2012-01-01],2026-10-01
demography.population_by_age_sex,country.georgia,2013,total,age_55_59,234596,persons,retro_projection,published,source.geostat_demography_population_age_sex,1!BG19 [2013-01-01],2026-10-01
demography.population_by_age_sex,country.georgia,2014,total,age_55_59,241065,persons,retro_projection,published,source.geostat_demography_population_age_sex,1!BJ19 [2014-01-01],2026-10-01
demography.population_by_age_sex,country.georgia,2015,total,age_55_59,246772,persons,pre_census,published,source.geostat_demography_population_age_sex,1!BM19 [2015-01-01],2026-10-01
demography.population_by_age_sex,country.georgia,2016,total,age_55_59,253432,persons,pre_census,published,source.geostat_demography_population_age_sex,1!BP19 [2016-01-01],2026-10-01
demography.population_by_age_sex,country.georgia,2017,total,age_55_59,257641,persons,pre_census,published,source.geostat_demography_population_age_sex,1!BS19 [2017-01-01],2026-10-01
demography.population_by_age_sex,country.georgia,2018,total,age_55_59,261602,persons,pre_census,published,source.geostat_demography_population_age_sex,1!BV19 [2018-01-01],2026-10-01
demography.population_by_age_sex,country.georgia,2019,total,age_55_59,262403,persons,pre_census,published,source.geostat_demography_population_age_sex,1!BY19 [2019-01-01],2026-10-01
demography.population_by_age_sex,country.georgia,2020,total,age_55_59,258783,persons,pre_census,published,source.geostat_demography_population_age_sex,1!CB19 [2020-01-01],2026-10-01
demography.population_by_age_sex,country.georgia,2021,total,age_55_59,251970,persons,pre_census,published,source.geostat_demography_population_age_sex,1!CE19 [2021-01-01],2026-10-01
demography.population_by_age_sex,country.georgia,2022,total,age_55_59,241913,persons,pre_census,published,source.geostat_demography_population_age_sex,1!CH19 [2022-01-01],2026-10-01
demography.population_by_age_sex,country.georgia,2023,total,age_55_59,234563,persons,pre_census,published,source.geostat_demography_population_age_sex,1!CK19 [2023-01-01],2026-10-01
demography.population_by_age_sex,country.georgia,2024,total,age_55_59,228209,persons,pre_census,published,source.geostat_demography_population_age_sex,1!CN19 [2024-01-01],2026-10-01
demography.population_by_age_sex,country.georgia,2025,total,age_55_59,212362,persons,census_based,published,source.geostat_demography_population_age_sex,1!CQ19 [2025-01-01],2026-10-01
demography.population_by_age_sex,country.georgia,2026,total,age_55_59,209826,persons,census_based,published,source.geostat_demography_population_age_sex,1!CT19 [2026-01-01],2026-10-01
demography.population_by_age_sex,country.georgia,2004,total,age_60_64,184796,persons,retro_projection,published,source.geostat_demography_population_age_sex,1!AF20 [2004-01-01],2026-10-01
demography.population_by_age_sex,country.georgia,2005,total,age_60_64,158912,persons,retro_projection,published,source.geostat_demography_population_age_sex,1!AI20 [2005-01-01],2026-10-01
demography.population_by_age_sex,country.georgia,2006,total,age_60_64,136815,persons,retro_projection,published,source.geostat_demography_population_age_sex,1!AL20 [2006-01-01],2026-10-01
demography.population_by_age_sex,country.georgia,2007,total,age_60_64,129569,persons,retro_projection,published,source.geostat_demography_population_age_sex,1!AO20 [2007-01-01],2026-10-01
demography.population_by_age_sex,country.georgia,2008,total,age_60_64,136557,persons,retro_projection,published,source.geostat_demography_population_age_sex,1!AR20 [2008-01-01],2026-10-01
demography.population_by_age_sex,country.georgia,2009,total,age_60_64,154264,persons,retro_projection,published,source.geostat_demography_population_age_sex,1!AU20 [2009-01-01],2026-10-01
demography.population_by_age_sex,country.georgia,2010,total,age_60_64,173736,persons,retro_projection,published,source.geostat_demography_population_age_sex,1!AX20 [2010-01-01],2026-10-01
demography.population_by_age_sex,country.georgia,2011,total,age_60_64,189261,persons,retro_projection,published,source.geostat_demography_population_age_sex,1!BA20 [2011-01-01],2026-10-01
demography.population_by_age_sex,country.georgia,2012,total,age_60_64,197866,persons,retro_projection,published,source.geostat_demography_population_age_sex,1!BD20 [2012-01-01],2026-10-01
demography.population_by_age_sex,country.georgia,2013,total,age_60_64,203195,persons,retro_projection,published,source.geostat_demography_population_age_sex,1!BG20 [2013-01-01],2026-10-01
demography.population_by_age_sex,country.georgia,2014,total,age_60_64,207815,persons,retro_projection,published,source.geostat_demography_population_age_sex,1!BJ20 [2014-01-01],2026-10-01
demography.population_by_age_sex,country.georgia,2015,total,age_60_64,211932,persons,pre_census,published,source.geostat_demography_population_age_sex,1!BM20 [2015-01-01],2026-10-01
demography.population_by_age_sex,country.georgia,2016,total,age_60_64,215198,persons,pre_census,published,source.geostat_demography_population_age_sex,1!BP20 [2016-01-01],2026-10-01
demography.population_by_age_sex,country.georgia,2017,total,age_60_64,220029,persons,pre_census,published,source.geostat_demography_population_age_sex,1!BS20 [2017-01-01],2026-10-01
demography.population_by_age_sex,country.georgia,2018,total,age_60_64,223233,persons,pre_census,published,source.geostat_demography_population_age_sex,1!BV20 [2018-01-01],2026-10-01
demography.population_by_age_sex,country.georgia,2019,total,age_60_64,229009,persons,pre_census,published,source.geostat_demography_population_age_sex,1!BY20 [2019-01-01],2026-10-01
demography.population_by_age_sex,country.georgia,2020,total,age_60_64,234634,persons,pre_census,published,source.geostat_demography_population_age_sex,1!CB20 [2020-01-01],2026-10-01
demography.population_by_age_sex,country.georgia,2021,total,age_60_64,241248,persons,pre_census,published,source.geostat_demography_population_age_sex,1!CE20 [2021-01-01],2026-10-01
demography.population_by_age_sex,country.georgia,2022,total,age_60_64,244348,persons,pre_census,published,source.geostat_demography_population_age_sex,1!CH20 [2022-01-01],2026-10-01
demography.population_by_age_sex,country.georgia,2023,total,age_60_64,249174,persons,pre_census,published,source.geostat_demography_population_age_sex,1!CK20 [2023-01-01],2026-10-01
demography.population_by_age_sex,country.georgia,2024,total,age_60_64,250987,persons,pre_census,published,source.geostat_demography_population_age_sex,1!CN20 [2024-01-01],2026-10-01
demography.population_by_age_sex,country.georgia,2025,total,age_60_64,254753,persons,census_based,published,source.geostat_demography_population_age_sex,1!CQ20 [2025-01-01],2026-10-01
demography.population_by_age_sex,country.georgia,2026,total,age_60_64,245930,persons,census_based,published,source.geostat_demography_population_age_sex,1!CT20 [2026-01-01],2026-10-01
demography.population_by_age_sex,country.georgia,2004,total,age_65_69,202085,persons,retro_projection,published,source.geostat_demography_population_age_sex,1!AF21 [2004-01-01],2026-10-01
demography.population_by_age_sex,country.georgia,2005,total,age_65_69,209803,persons,retro_projection,published,source.geostat_demography_population_age_sex,1!AI21 [2005-01-01],2026-10-01
demography.population_by_age_sex,country.georgia,2006,total,age_65_69,214653,persons,retro_projection,published,source.geostat_demography_population_age_sex,1!AL21 [2006-01-01],2026-10-01
demography.population_by_age_sex,country.georgia,2007,total,age_65_69,209791,persons,retro_projection,published,source.geostat_demography_population_age_sex,1!AO21 [2007-01-01],2026-10-01
demography.population_by_age_sex,country.georgia,2008,total,age_65_69,192918,persons,retro_projection,published,source.geostat_demography_population_age_sex,1!AR21 [2008-01-01],2026-10-01
demography.population_by_age_sex,country.georgia,2009,total,age_65_69,165477,persons,retro_projection,published,source.geostat_demography_population_age_sex,1!AU21 [2009-01-01],2026-10-01
demography.population_by_age_sex,country.georgia,2010,total,age_65_69,140229,persons,retro_projection,published,source.geostat_demography_population_age_sex,1!AX21 [2010-01-01],2026-10-01
demography.population_by_age_sex,country.georgia,2011,total,age_65_69,121934,persons,retro_projection,published,source.geostat_demography_population_age_sex,1!BA21 [2011-01-01],2026-10-01
demography.population_by_age_sex,country.georgia,2012,total,age_65_69,116858,persons,retro_projection,published,source.geostat_demography_population_age_sex,1!BD21 [2012-01-01],2026-10-01
demography.population_by_age_sex,country.georgia,2013,total,age_65_69,124530,persons,retro_projection,published,source.geostat_demography_population_age_sex,1!BG21 [2013-01-01],2026-10-01
demography.population_by_age_sex,country.georgia,2014,total,age_65_69,141070,persons,retro_projection,published,source.geostat_demography_population_age_sex,1!BJ21 [2014-01-01],2026-10-01
demography.population_by_age_sex,country.georgia,2015,total,age_65_69,158849,persons,pre_census,published,source.geostat_demography_population_age_sex,1!BM21 [2015-01-01],2026-10-01
demography.population_by_age_sex,country.georgia,2016,total,age_65_69,173404,persons,pre_census,published,source.geostat_demography_population_age_sex,1!BP21 [2016-01-01],2026-10-01
demography.population_by_age_sex,country.georgia,2017,total,age_65_69,181731,persons,pre_census,published,source.geostat_demography_population_age_sex,1!BS21 [2017-01-01],2026-10-01
demography.population_by_age_sex,country.georgia,2018,total,age_65_69,187462,persons,pre_census,published,source.geostat_demography_population_age_sex,1!BV21 [2018-01-01],2026-10-01
demography.population_by_age_sex,country.georgia,2019,total,age_65_69,191733,persons,pre_census,published,source.geostat_demography_population_age_sex,1!BY21 [2019-01-01],2026-10-01
demography.population_by_age_sex,country.georgia,2020,total,age_65_69,195518,persons,pre_census,published,source.geostat_demography_population_age_sex,1!CB21 [2020-01-01],2026-10-01
demography.population_by_age_sex,country.georgia,2021,total,age_65_69,198400,persons,pre_census,published,source.geostat_demography_population_age_sex,1!CE21 [2021-01-01],2026-10-01
demography.population_by_age_sex,country.georgia,2022,total,age_65_69,202268,persons,pre_census,published,source.geostat_demography_population_age_sex,1!CH21 [2022-01-01],2026-10-01
demography.population_by_age_sex,country.georgia,2023,total,age_65_69,206034,persons,pre_census,published,source.geostat_demography_population_age_sex,1!CK21 [2023-01-01],2026-10-01
demography.population_by_age_sex,country.georgia,2024,total,age_65_69,212391,persons,pre_census,published,source.geostat_demography_population_age_sex,1!CN21 [2024-01-01],2026-10-01
demography.population_by_age_sex,country.georgia,2025,total,age_65_69,240102,persons,census_based,published,source.geostat_demography_population_age_sex,1!CQ21 [2025-01-01],2026-10-01
demography.population_by_age_sex,country.georgia,2026,total,age_65_69,246084,persons,census_based,published,source.geostat_demography_population_age_sex,1!CT21 [2026-01-01],2026-10-01
demography.population_by_age_sex,country.georgia,2004,total,age_70_74,157999,persons,retro_projection,published,source.geostat_demography_population_age_sex,1!AF22 [2004-01-01],2026-10-01
demography.population_by_age_sex,country.georgia,2005,total,age_70_74,154684,persons,retro_projection,published,source.geostat_demography_population_age_sex,1!AI22 [2005-01-01],2026-10-01
demography.population_by_age_sex,country.georgia,2006,total,age_70_74,153750,persons,retro_projection,published,source.geostat_demography_population_age_sex,1!AL22 [2006-01-01],2026-10-01
demography.population_by_age_sex,country.georgia,2007,total,age_70_74,157203,persons,retro_projection,published,source.geostat_demography_population_age_sex,1!AO22 [2007-01-01],2026-10-01
demography.population_by_age_sex,country.georgia,2008,total,age_70_74,162684,persons,retro_projection,published,source.geostat_demography_population_age_sex,1!AR22 [2008-01-01],2026-10-01
demography.population_by_age_sex,country.georgia,2009,total,age_70_74,170859,persons,retro_projection,published,source.geostat_demography_population_age_sex,1!AU22 [2009-01-01],2026-10-01
demography.population_by_age_sex,country.georgia,2010,total,age_70_74,177888,persons,retro_projection,published,source.geostat_demography_population_age_sex,1!AX22 [2010-01-01],2026-10-01
demography.population_by_age_sex,country.georgia,2011,total,age_70_74,181509,persons,retro_projection,published,source.geostat_demography_population_age_sex,1!BA22 [2011-01-01],2026-10-01
demography.population_by_age_sex,country.georgia,2012,total,age_70_74,176705,persons,retro_projection,published,source.geostat_demography_population_age_sex,1!BD22 [2012-01-01],2026-10-01
demography.population_by_age_sex,country.georgia,2013,total,age_70_74,162147,persons,retro_projection,published,source.geostat_demography_population_age_sex,1!BG22 [2013-01-01],2026-10-01
demography.population_by_age_sex,country.georgia,2014,total,age_70_74,139435,persons,retro_projection,published,source.geostat_demography_population_age_sex,1!BJ22 [2014-01-01],2026-10-01
demography.population_by_age_sex,country.georgia,2015,total,age_70_74,120117,persons,pre_census,published,source.geostat_demography_population_age_sex,1!BM22 [2015-01-01],2026-10-01
demography.population_by_age_sex,country.georgia,2016,total,age_70_74,105053,persons,pre_census,published,source.geostat_demography_population_age_sex,1!BP22 [2016-01-01],2026-10-01
demography.population_by_age_sex,country.georgia,2017,total,age_70_74,101432,persons,pre_census,published,source.geostat_demography_population_age_sex,1!BS22 [2017-01-01],2026-10-01
demography.population_by_age_sex,country.georgia,2018,total,age_70_74,108753,persons,pre_census,published,source.geostat_demography_population_age_sex,1!BV22 [2018-01-01],2026-10-01
demography.population_by_age_sex,country.georgia,2019,total,age_70_74,123632,persons,pre_census,published,source.geostat_demography_population_age_sex,1!BY22 [2019-01-01],2026-10-01
demography.population_by_age_sex,country.georgia,2020,total,age_70_74,139361,persons,pre_census,published,source.geostat_demography_population_age_sex,1!CB22 [2020-01-01],2026-10-01
demography.population_by_age_sex,country.georgia,2021,total,age_70_74,151678,persons,pre_census,published,source.geostat_demography_population_age_sex,1!CE22 [2021-01-01],2026-10-01
demography.population_by_age_sex,country.georgia,2022,total,age_70_74,157622,persons,pre_census,published,source.geostat_demography_population_age_sex,1!CH22 [2022-01-01],2026-10-01
demography.population_by_age_sex,country.georgia,2023,total,age_70_74,163337,persons,pre_census,published,source.geostat_demography_population_age_sex,1!CK22 [2023-01-01],2026-10-01
demography.population_by_age_sex,country.georgia,2024,total,age_70_74,167924,persons,pre_census,published,source.geostat_demography_population_age_sex,1!CN22 [2024-01-01],2026-10-01
demography.population_by_age_sex,country.georgia,2025,total,age_70_74,195606,persons,census_based,published,source.geostat_demography_population_age_sex,1!CQ22 [2025-01-01],2026-10-01
demography.population_by_age_sex,country.georgia,2026,total,age_70_74,199364,persons,census_based,published,source.geostat_demography_population_age_sex,1!CT22 [2026-01-01],2026-10-01
demography.population_by_age_sex,country.georgia,2004,total,age_75_79,115678,persons,retro_projection,published,source.geostat_demography_population_age_sex,1!AF23 [2004-01-01],2026-10-01
demography.population_by_age_sex,country.georgia,2005,total,age_75_79,119416,persons,retro_projection,published,source.geostat_demography_population_age_sex,1!AI23 [2005-01-01],2026-10-01
demography.population_by_age_sex,country.georgia,2006,total,age_75_79,122296,persons,retro_projection,published,source.geostat_demography_population_age_sex,1!AL23 [2006-01-01],2026-10-01
demography.population_by_age_sex,country.georgia,2007,total,age_75_79,121789,persons,retro_projection,published,source.geostat_demography_population_age_sex,1!AO23 [2007-01-01],2026-10-01
demography.population_by_age_sex,country.georgia,2008,total,age_75_79,120539,persons,retro_projection,published,source.geostat_demography_population_age_sex,1!AR23 [2008-01-01],2026-10-01
demography.population_by_age_sex,country.georgia,2009,total,age_75_79,116948,persons,retro_projection,published,source.geostat_demography_population_age_sex,1!AU23 [2009-01-01],2026-10-01
demography.population_by_age_sex,country.georgia,2010,total,age_75_79,113878,persons,retro_projection,published,source.geostat_demography_population_age_sex,1!AX23 [2010-01-01],2026-10-01
demography.population_by_age_sex,country.georgia,2011,total,age_75_79,113750,persons,retro_projection,published,source.geostat_demography_population_age_sex,1!BA23 [2011-01-01],2026-10-01
demography.population_by_age_sex,country.georgia,2012,total,age_75_79,117674,persons,retro_projection,published,source.geostat_demography_population_age_sex,1!BD23 [2012-01-01],2026-10-01
demography.population_by_age_sex,country.georgia,2013,total,age_75_79,123516,persons,retro_projection,published,source.geostat_demography_population_age_sex,1!BG23 [2013-01-01],2026-10-01
demography.population_by_age_sex,country.georgia,2014,total,age_75_79,130869,persons,retro_projection,published,source.geostat_demography_population_age_sex,1!BJ23 [2014-01-01],2026-10-01
demography.population_by_age_sex,country.georgia,2015,total,age_75_79,136821,persons,pre_census,published,source.geostat_demography_population_age_sex,1!BM23 [2015-01-01],2026-10-01
demography.population_by_age_sex,country.georgia,2016,total,age_75_79,140728,persons,pre_census,published,source.geostat_demography_population_age_sex,1!BP23 [2016-01-01],2026-10-01
demography.population_by_age_sex,country.georgia,2017,total,age_75_79,136987,persons,pre_census,published,source.geostat_demography_population_age_sex,1!BS23 [2017-01-01],2026-10-01
demography.population_by_age_sex,country.georgia,2018,total,age_75_79,126133,persons,pre_census,published,source.geostat_demography_population_age_sex,1!BV23 [2018-01-01],2026-10-01
demography.population_by_age_sex,country.georgia,2019,total,age_75_79,108187,persons,pre_census,published,source.geostat_demography_population_age_sex,1!BY23 [2019-01-01],2026-10-01
demography.population_by_age_sex,country.georgia,2020,total,age_75_79,93609,persons,pre_census,published,source.geostat_demography_population_age_sex,1!CB23 [2020-01-01],2026-10-01
demography.population_by_age_sex,country.georgia,2021,total,age_75_79,82219,persons,pre_census,published,source.geostat_demography_population_age_sex,1!CE23 [2021-01-01],2026-10-01
demography.population_by_age_sex,country.georgia,2022,total,age_75_79,79453,persons,pre_census,published,source.geostat_demography_population_age_sex,1!CH23 [2022-01-01],2026-10-01
demography.population_by_age_sex,country.georgia,2023,total,age_75_79,86410,persons,pre_census,published,source.geostat_demography_population_age_sex,1!CK23 [2023-01-01],2026-10-01
demography.population_by_age_sex,country.georgia,2024,total,age_75_79,98988,persons,pre_census,published,source.geostat_demography_population_age_sex,1!CN23 [2024-01-01],2026-10-01
demography.population_by_age_sex,country.georgia,2025,total,age_75_79,123583,persons,census_based,published,source.geostat_demography_population_age_sex,1!CQ23 [2025-01-01],2026-10-01
demography.population_by_age_sex,country.georgia,2026,total,age_75_79,138092,persons,census_based,published,source.geostat_demography_population_age_sex,1!CT23 [2026-01-01],2026-10-01
demography.population_by_age_sex,country.georgia,2004,total,age_80_84,48768,persons,retro_projection,published,source.geostat_demography_population_age_sex,1!AF24 [2004-01-01],2026-10-01
demography.population_by_age_sex,country.georgia,2005,total,age_80_84,51451,persons,retro_projection,published,source.geostat_demography_population_age_sex,1!AI24 [2005-01-01],2026-10-01
demography.population_by_age_sex,country.georgia,2006,total,age_80_84,55433,persons,retro_projection,published,source.geostat_demography_population_age_sex,1!AL24 [2006-01-01],2026-10-01
demography.population_by_age_sex,country.georgia,2007,total,age_80_84,60039,persons,retro_projection,published,source.geostat_demography_population_age_sex,1!AO24 [2007-01-01],2026-10-01
demography.population_by_age_sex,country.georgia,2008,total,age_80_84,65510,persons,retro_projection,published,source.geostat_demography_population_age_sex,1!AR24 [2008-01-01],2026-10-01
demography.population_by_age_sex,country.georgia,2009,total,age_80_84,71410,persons,retro_projection,published,source.geostat_demography_population_age_sex,1!AU24 [2009-01-01],2026-10-01
demography.population_by_age_sex,country.georgia,2010,total,age_80_84,75499,persons,retro_projection,published,source.geostat_demography_population_age_sex,1!AX24 [2010-01-01],2026-10-01
demography.population_by_age_sex,country.georgia,2011,total,age_80_84,76989,persons,retro_projection,published,source.geostat_demography_population_age_sex,1!BA24 [2011-01-01],2026-10-01
demography.population_by_age_sex,country.georgia,2012,total,age_80_84,75523,persons,retro_projection,published,source.geostat_demography_population_age_sex,1!BD24 [2012-01-01],2026-10-01
demography.population_by_age_sex,country.georgia,2013,total,age_80_84,74839,persons,retro_projection,published,source.geostat_demography_population_age_sex,1!BG24 [2013-01-01],2026-10-01
demography.population_by_age_sex,country.georgia,2014,total,age_80_84,72830,persons,retro_projection,published,source.geostat_demography_population_age_sex,1!BJ24 [2014-01-01],2026-10-01
demography.population_by_age_sex,country.georgia,2015,total,age_80_84,71595,persons,pre_census,published,source.geostat_demography_population_age_sex,1!BM24 [2015-01-01],2026-10-01
demography.population_by_age_sex,country.georgia,2016,total,age_80_84,71984,persons,pre_census,published,source.geostat_demography_population_age_sex,1!BP24 [2016-01-01],2026-10-01
demography.population_by_age_sex,country.georgia,2017,total,age_80_84,75072,persons,pre_census,published,source.geostat_demography_population_age_sex,1!BS24 [2017-01-01],2026-10-01
demography.population_by_age_sex,country.georgia,2018,total,age_80_84,79530,persons,pre_census,published,source.geostat_demography_population_age_sex,1!BV24 [2018-01-01],2026-10-01
demography.population_by_age_sex,country.georgia,2019,total,age_80_84,85385,persons,pre_census,published,source.geostat_demography_population_age_sex,1!BY24 [2019-01-01],2026-10-01
demography.population_by_age_sex,country.georgia,2020,total,age_80_84,89884,persons,pre_census,published,source.geostat_demography_population_age_sex,1!CB24 [2020-01-01],2026-10-01
demography.population_by_age_sex,country.georgia,2021,total,age_80_84,92613,persons,pre_census,published,source.geostat_demography_population_age_sex,1!CE24 [2021-01-01],2026-10-01
demography.population_by_age_sex,country.georgia,2022,total,age_80_84,88434,persons,pre_census,published,source.geostat_demography_population_age_sex,1!CH24 [2022-01-01],2026-10-01
demography.population_by_age_sex,country.georgia,2023,total,age_80_84,81362,persons,pre_census,published,source.geostat_demography_population_age_sex,1!CK24 [2023-01-01],2026-10-01
demography.population_by_age_sex,country.georgia,2024,total,age_80_84,70133,persons,pre_census,published,source.geostat_demography_population_age_sex,1!CN24 [2024-01-01],2026-10-01
demography.population_by_age_sex,country.georgia,2025,total,age_80_84,66678,persons,census_based,published,source.geostat_demography_population_age_sex,1!CQ24 [2025-01-01],2026-10-01
demography.population_by_age_sex,country.georgia,2026,total,age_80_84,60757,persons,census_based,published,source.geostat_demography_population_age_sex,1!CT24 [2026-01-01],2026-10-01
demography.population_by_age_sex,country.georgia,2004,total,age_85_plus,29519,persons,retro_projection,published,source.geostat_demography_population_age_sex,1!AF25 [2004-01-01],2026-10-01
demography.population_by_age_sex,country.georgia,2005,total,age_85_plus,28655,persons,retro_projection,published,source.geostat_demography_population_age_sex,1!AI25 [2005-01-01],2026-10-01
demography.population_by_age_sex,country.georgia,2006,total,age_85_plus,29092,persons,retro_projection,published,source.geostat_demography_population_age_sex,1!AL25 [2006-01-01],2026-10-01
demography.population_by_age_sex,country.georgia,2007,total,age_85_plus,29561,persons,retro_projection,published,source.geostat_demography_population_age_sex,1!AO25 [2007-01-01],2026-10-01
demography.population_by_age_sex,country.georgia,2008,total,age_85_plus,30315,persons,retro_projection,published,source.geostat_demography_population_age_sex,1!AR25 [2008-01-01],2026-10-01
demography.population_by_age_sex,country.georgia,2009,total,age_85_plus,31531,persons,retro_projection,published,source.geostat_demography_population_age_sex,1!AU25 [2009-01-01],2026-10-01
demography.population_by_age_sex,country.georgia,2010,total,age_85_plus,33297,persons,retro_projection,published,source.geostat_demography_population_age_sex,1!AX25 [2010-01-01],2026-10-01
demography.population_by_age_sex,country.georgia,2011,total,age_85_plus,35638,persons,retro_projection,published,source.geostat_demography_population_age_sex,1!BA25 [2011-01-01],2026-10-01
demography.population_by_age_sex,country.georgia,2012,total,age_85_plus,37891,persons,retro_projection,published,source.geostat_demography_population_age_sex,1!BD25 [2012-01-01],2026-10-01
demography.population_by_age_sex,country.georgia,2013,total,age_85_plus,40426,persons,retro_projection,published,source.geostat_demography_population_age_sex,1!BG25 [2013-01-01],2026-10-01
demography.population_by_age_sex,country.georgia,2014,total,age_85_plus,42761,persons,retro_projection,published,source.geostat_demography_population_age_sex,1!BJ25 [2014-01-01],2026-10-01
demography.population_by_age_sex,country.georgia,2015,total,age_85_plus,43946,persons,pre_census,published,source.geostat_demography_population_age_sex,1!BM25 [2015-01-01],2026-10-01
demography.population_by_age_sex,country.georgia,2016,total,age_85_plus,45304,persons,pre_census,published,source.geostat_demography_population_age_sex,1!BP25 [2016-01-01],2026-10-01
demography.population_by_age_sex,country.georgia,2017,total,age_85_plus,44083,persons,pre_census,published,source.geostat_demography_population_age_sex,1!BS25 [2017-01-01],2026-10-01
demography.population_by_age_sex,country.georgia,2018,total,age_85_plus,44335,persons,pre_census,published,source.geostat_demography_population_age_sex,1!BV25 [2018-01-01],2026-10-01
demography.population_by_age_sex,country.georgia,2019,total,age_85_plus,43748,persons,pre_census,published,source.geostat_demography_population_age_sex,1!BY25 [2019-01-01],2026-10-01
demography.population_by_age_sex,country.georgia,2020,total,age_85_plus,43339,persons,pre_census,published,source.geostat_demography_population_age_sex,1!CB25 [2020-01-01],2026-10-01
demography.population_by_age_sex,country.georgia,2021,total,age_85_plus,43623,persons,pre_census,published,source.geostat_demography_population_age_sex,1!CE25 [2021-01-01],2026-10-01
demography.population_by_age_sex,country.georgia,2022,total,age_85_plus,42532,persons,pre_census,published,source.geostat_demography_population_age_sex,1!CH25 [2022-01-01],2026-10-01
demography.population_by_age_sex,country.georgia,2023,total,age_85_plus,43958,persons,pre_census,published,source.geostat_demography_population_age_sex,1!CK25 [2023-01-01],2026-10-01
demography.population_by_age_sex,country.georgia,2024,total,age_85_plus,47259,persons,pre_census,published,source.geostat_demography_population_age_sex,1!CN25 [2024-01-01],2026-10-01
demography.population_by_age_sex,country.georgia,2025,total,age_85_plus,64438,persons,census_based,published,source.geostat_demography_population_age_sex,1!CQ25 [2025-01-01],2026-10-01
demography.population_by_age_sex,country.georgia,2026,total,age_85_plus,68214,persons,census_based,published,source.geostat_demography_population_age_sex,1!CT25 [2026-01-01],2026-10-01
demography.population_age_band,country.georgia,2004,total,band_0_14,774246,persons,retro_projection,published,source.geostat_demography_population_age_sex,1!AF7:AF10 (sum) [2004-01-01],2026-10-01
demography.population_age_band,country.georgia,2005,total,band_0_14,751759,persons,retro_projection,published,source.geostat_demography_population_age_sex,1!AI7:AI10 (sum) [2005-01-01],2026-10-01
demography.population_age_band,country.georgia,2006,total,band_0_14,726186,persons,retro_projection,published,source.geostat_demography_population_age_sex,1!AL7:AL10 (sum) [2006-01-01],2026-10-01
demography.population_age_band,country.georgia,2007,total,band_0_14,703512,persons,retro_projection,published,source.geostat_demography_population_age_sex,1!AO7:AO10 (sum) [2007-01-01],2026-10-01
demography.population_age_band,country.georgia,2008,total,band_0_14,687348,persons,retro_projection,published,source.geostat_demography_population_age_sex,1!AR7:AR10 (sum) [2008-01-01],2026-10-01
demography.population_age_band,country.georgia,2009,total,band_0_14,683226,persons,retro_projection,published,source.geostat_demography_population_age_sex,1!AU7:AU10 (sum) [2009-01-01],2026-10-01
demography.population_age_band,country.georgia,2010,total,band_0_14,685067,persons,retro_projection,published,source.geostat_demography_population_age_sex,1!AX7:AX10 (sum) [2010-01-01],2026-10-01
demography.population_age_band,country.georgia,2011,total,band_0_14,685408,persons,retro_projection,published,source.geostat_demography_population_age_sex,1!BA7:BA10 (sum) [2011-01-01],2026-10-01
demography.population_age_band,country.georgia,2012,total,band_0_14,682038,persons,retro_projection,published,source.geostat_demography_population_age_sex,1!BD7:BD10 (sum) [2012-01-01],2026-10-01
demography.population_age_band,country.georgia,2013,total,band_0_14,681479,persons,retro_projection,published,source.geostat_demography_population_age_sex,1!BG7:BG10 (sum) [2013-01-01],2026-10-01
demography.population_age_band,country.georgia,2014,total,band_0_14,685299,persons,retro_projection,published,source.geostat_demography_population_age_sex,1!BJ7:BJ10 (sum) [2014-01-01],2026-10-01
demography.population_age_band,country.georgia,2015,total,band_0_14,702824,persons,pre_census,published,source.geostat_demography_population_age_sex,1!BM7:BM10 (sum) [2015-01-01],2026-10-01
demography.population_age_band,country.georgia,2016,total,band_0_14,719212,persons,pre_census,published,source.geostat_demography_population_age_sex,1!BP7:BP10 (sum) [2016-01-01],2026-10-01
demography.population_age_band,country.georgia,2017,total,band_0_14,732889,persons,pre_census,published,source.geostat_demography_population_age_sex,1!BS7:BS10 (sum) [2017-01-01],2026-10-01
demography.population_age_band,country.georgia,2018,total,band_0_14,744939,persons,pre_census,published,source.geostat_demography_population_age_sex,1!BV7:BV10 (sum) [2018-01-01],2026-10-01
demography.population_age_band,country.georgia,2019,total,band_0_14,754500,persons,pre_census,published,source.geostat_demography_population_age_sex,1!BY7:BY10 (sum) [2019-01-01],2026-10-01
demography.population_age_band,country.georgia,2020,total,band_0_14,759018,persons,pre_census,published,source.geostat_demography_population_age_sex,1!CB7:CB10 (sum) [2020-01-01],2026-10-01
demography.population_age_band,country.georgia,2021,total,band_0_14,764878,persons,pre_census,published,source.geostat_demography_population_age_sex,1!CE7:CE10 (sum) [2021-01-01],2026-10-01
demography.population_age_band,country.georgia,2022,total,band_0_14,767035,persons,pre_census,published,source.geostat_demography_population_age_sex,1!CH7:CH10 (sum) [2022-01-01],2026-10-01
demography.population_age_band,country.georgia,2023,total,band_0_14,772318,persons,pre_census,published,source.geostat_demography_population_age_sex,1!CK7:CK10 (sum) [2023-01-01],2026-10-01
demography.population_age_band,country.georgia,2024,total,band_0_14,721620,persons,pre_census,published,source.geostat_demography_population_age_sex,1!CN7:CN10 (sum) [2024-01-01],2026-10-01
demography.population_age_band,country.georgia,2025,total,band_0_14,773322,persons,census_based,published,source.geostat_demography_population_age_sex,1!CQ7:CQ10 (sum) [2025-01-01],2026-10-01
demography.population_age_band,country.georgia,2026,total,band_0_14,750259,persons,census_based,published,source.geostat_demography_population_age_sex,1!CT7:CT10 (sum) [2026-01-01],2026-10-01
demography.population_age_band,country.georgia,2004,total,band_15_64,2609421,persons,retro_projection,published,source.geostat_demography_population_age_sex,1!AF11:AF20 (sum) [2004-01-01],2026-10-01
demography.population_age_band,country.georgia,2005,total,band_15_64,2601195,persons,retro_projection,published,source.geostat_demography_population_age_sex,1!AI11:AI20 (sum) [2005-01-01],2026-10-01
demography.population_age_band,country.georgia,2006,total,band_15_64,2586564,persons,retro_projection,published,source.geostat_demography_population_age_sex,1!AL11:AL20 (sum) [2006-01-01],2026-10-01
demography.population_age_band,country.georgia,2007,total,band_15_64,2590824,persons,retro_projection,published,source.geostat_demography_population_age_sex,1!AO11:AO20 (sum) [2007-01-01],2026-10-01
demography.population_age_band,country.georgia,2008,total,band_15_64,2588282,persons,retro_projection,published,source.geostat_demography_population_age_sex,1!AR11:AR20 (sum) [2008-01-01],2026-10-01
demography.population_age_band,country.georgia,2009,total,band_15_64,2589555,persons,retro_projection,published,source.geostat_demography_population_age_sex,1!AU11:AU20 (sum) [2009-01-01],2026-10-01
demography.population_age_band,country.georgia,2010,total,band_15_64,2573974,persons,retro_projection,published,source.geostat_demography_population_age_sex,1!AX11:AX20 (sum) [2010-01-01],2026-10-01
demography.population_age_band,country.georgia,2011,total,band_15_64,2558330,persons,retro_projection,published,source.geostat_demography_population_age_sex,1!BA11:BA20 (sum) [2011-01-01],2026-10-01
demography.population_age_band,country.georgia,2012,total,band_15_64,2532634,persons,retro_projection,published,source.geostat_demography_population_age_sex,1!BD11:BD20 (sum) [2012-01-01],2026-10-01
demography.population_age_band,country.georgia,2013,total,band_15_64,2511487,persons,retro_projection,published,source.geostat_demography_population_age_sex,1!BG11:BG20 (sum) [2013-01-01],2026-10-01
demography.population_age_band,country.georgia,2014,total,band_15_64,2504647,persons,retro_projection,published,source.geostat_demography_population_age_sex,1!BJ11:BJ20 (sum) [2014-01-01],2026-10-01
demography.population_age_band,country.georgia,2015,total,band_15_64,2487764,persons,pre_census,published,source.geostat_demography_population_age_sex,1!BM11:BM20 (sum) [2015-01-01],2026-10-01
demography.population_age_band,country.georgia,2016,total,band_15_64,2472951,persons,pre_census,published,source.geostat_demography_population_age_sex,1!BP11:BP20 (sum) [2016-01-01],2026-10-01
demography.population_age_band,country.georgia,2017,total,band_15_64,2454180,persons,pre_census,published,source.geostat_demography_population_age_sex,1!BS11:BS20 (sum) [2017-01-01],2026-10-01
demography.population_age_band,country.georgia,2018,total,band_15_64,2438481,persons,pre_census,published,source.geostat_demography_population_age_sex,1!BV11:BV20 (sum) [2018-01-01],2026-10-01
demography.population_age_band,country.georgia,2019,total,band_15_64,2416279,persons,pre_census,published,source.geostat_demography_population_age_sex,1!BY11:BY20 (sum) [2019-01-01],2026-10-01
demography.population_age_band,country.georgia,2020,total,band_15_64,2396129,persons,pre_census,published,source.geostat_demography_population_age_sex,1!CB11:CB20 (sum) [2020-01-01],2026-10-01
demography.population_age_band,country.georgia,2021,total,band_15_64,2395162,persons,pre_census,published,source.geostat_demography_population_age_sex,1!CE11:CE20 (sum) [2021-01-01],2026-10-01
demography.population_age_band,country.georgia,2022,total,band_15_64,2351303,persons,pre_census,published,source.geostat_demography_population_age_sex,1!CH11:CH20 (sum) [2022-01-01],2026-10-01
demography.population_age_band,country.georgia,2023,total,band_15_64,2382938,persons,pre_census,published,source.geostat_demography_population_age_sex,1!CK11:CK20 (sum) [2023-01-01],2026-10-01
demography.population_age_band,country.georgia,2024,total,band_15_64,2376293,persons,pre_census,published,source.geostat_demography_population_age_sex,1!CN11:CN20 (sum) [2024-01-01],2026-10-01
demography.population_age_band,country.georgia,2025,total,band_15_64,2466699,persons,census_based,published,source.geostat_demography_population_age_sex,1!CQ11:CQ20 (sum) [2025-01-01],2026-10-01
demography.population_age_band,country.georgia,2026,total,band_15_64,2478333,persons,census_based,published,source.geostat_demography_population_age_sex,1!CT11:CT20 (sum) [2026-01-01],2026-10-01
demography.population_age_band,country.georgia,2004,total,band_65_plus,554049,persons,retro_projection,published,source.geostat_demography_population_age_sex,1!AF21:AF25 (sum) [2004-01-01],2026-10-01
demography.population_age_band,country.georgia,2005,total,band_65_plus,564009,persons,retro_projection,published,source.geostat_demography_population_age_sex,1!AI21:AI25 (sum) [2005-01-01],2026-10-01
demography.population_age_band,country.georgia,2006,total,band_65_plus,575224,persons,retro_projection,published,source.geostat_demography_population_age_sex,1!AL21:AL25 (sum) [2006-01-01],2026-10-01
demography.population_age_band,country.georgia,2007,total,band_65_plus,578383,persons,retro_projection,published,source.geostat_demography_population_age_sex,1!AO21:AO25 (sum) [2007-01-01],2026-10-01
demography.population_age_band,country.georgia,2008,total,band_65_plus,571966,persons,retro_projection,published,source.geostat_demography_population_age_sex,1!AR21:AR25 (sum) [2008-01-01],2026-10-01
demography.population_age_band,country.georgia,2009,total,band_65_plus,556225,persons,retro_projection,published,source.geostat_demography_population_age_sex,1!AU21:AU25 (sum) [2009-01-01],2026-10-01
demography.population_age_band,country.georgia,2010,total,band_65_plus,540791,persons,retro_projection,published,source.geostat_demography_population_age_sex,1!AX21:AX25 (sum) [2010-01-01],2026-10-01
demography.population_age_band,country.georgia,2011,total,band_65_plus,529820,persons,retro_projection,published,source.geostat_demography_population_age_sex,1!BA21:BA25 (sum) [2011-01-01],2026-10-01
demography.population_age_band,country.georgia,2012,total,band_65_plus,524651,persons,retro_projection,published,source.geostat_demography_population_age_sex,1!BD21:BD25 (sum) [2012-01-01],2026-10-01
demography.population_age_band,country.georgia,2013,total,band_65_plus,525458,persons,retro_projection,published,source.geostat_demography_population_age_sex,1!BG21:BG25 (sum) [2013-01-01],2026-10-01
demography.population_age_band,country.georgia,2014,total,band_65_plus,526965,persons,retro_projection,published,source.geostat_demography_population_age_sex,1!BJ21:BJ25 (sum) [2014-01-01],2026-10-01
demography.population_age_band,country.georgia,2015,total,band_65_plus,531328,persons,pre_census,published,source.geostat_demography_population_age_sex,1!BM21:BM25 (sum) [2015-01-01],2026-10-01
demography.population_age_band,country.georgia,2016,total,band_65_plus,536473,persons,pre_census,published,source.geostat_demography_population_age_sex,1!BP21:BP25 (sum) [2016-01-01],2026-10-01
demography.population_age_band,country.georgia,2017,total,band_65_plus,539305,persons,pre_census,published,source.geostat_demography_population_age_sex,1!BS21:BS25 (sum) [2017-01-01],2026-10-01
demography.population_age_band,country.georgia,2018,total,band_65_plus,546213,persons,pre_census,published,source.geostat_demography_population_age_sex,1!BV21:BV25 (sum) [2018-01-01],2026-10-01
demography.population_age_band,country.georgia,2019,total,band_65_plus,552685,persons,pre_census,published,source.geostat_demography_population_age_sex,1!BY21:BY25 (sum) [2019-01-01],2026-10-01
demography.population_age_band,country.georgia,2020,total,band_65_plus,561711,persons,pre_census,published,source.geostat_demography_population_age_sex,1!CB21:CB25 (sum) [2020-01-01],2026-10-01
demography.population_age_band,country.georgia,2021,total,band_65_plus,568533,persons,pre_census,published,source.geostat_demography_population_age_sex,1!CE21:CE25 (sum) [2021-01-01],2026-10-01
demography.population_age_band,country.georgia,2022,total,band_65_plus,570309,persons,pre_census,published,source.geostat_demography_population_age_sex,1!CH21:CH25 (sum) [2022-01-01],2026-10-01
demography.population_age_band,country.georgia,2023,total,band_65_plus,581101,persons,pre_census,published,source.geostat_demography_population_age_sex,1!CK21:CK25 (sum) [2023-01-01],2026-10-01
demography.population_age_band,country.georgia,2024,total,band_65_plus,596695,persons,pre_census,published,source.geostat_demography_population_age_sex,1!CN21:CN25 (sum) [2024-01-01],2026-10-01
demography.population_age_band,country.georgia,2025,total,band_65_plus,690407,persons,census_based,published,source.geostat_demography_population_age_sex,1!CQ21:CQ25 (sum) [2025-01-01],2026-10-01
demography.population_age_band,country.georgia,2026,total,band_65_plus,712511,persons,census_based,published,source.geostat_demography_population_age_sex,1!CT21:CT25 (sum) [2026-01-01],2026-10-01
demography.population_by_age_sex,country.georgia,2004,male,total,1874757,persons,retro_projection,published,source.geostat_demography_population_age_sex,1!AG6 [2004-01-01],2026-10-01
demography.population_by_age_sex,country.georgia,2005,male,total,1866498,persons,retro_projection,published,source.geostat_demography_population_age_sex,1!AJ6 [2005-01-01],2026-10-01
demography.population_by_age_sex,country.georgia,2006,male,total,1852570,persons,retro_projection,published,source.geostat_demography_population_age_sex,1!AM6 [2006-01-01],2026-10-01
demography.population_by_age_sex,country.georgia,2007,male,total,1846563,persons,retro_projection,published,source.geostat_demography_population_age_sex,1!AP6 [2007-01-01],2026-10-01
demography.population_by_age_sex,country.georgia,2008,male,total,1834216,persons,retro_projection,published,source.geostat_demography_population_age_sex,1!AS6 [2008-01-01],2026-10-01
demography.population_by_age_sex,country.georgia,2009,male,total,1825326,persons,retro_projection,published,source.geostat_demography_population_age_sex,1!AV6 [2009-01-01],2026-10-01
demography.population_by_age_sex,country.georgia,2010,male,total,1810586,persons,retro_projection,published,source.geostat_demography_population_age_sex,1!AY6 [2010-01-01],2026-10-01
demography.population_by_age_sex,country.georgia,2011,male,total,1798107,persons,retro_projection,published,source.geostat_demography_population_age_sex,1!BB6 [2011-01-01],2026-10-01
demography.population_by_age_sex,country.georgia,2012,male,total,1781355,persons,retro_projection,published,source.geostat_demography_population_age_sex,1!BE6 [2012-01-01],2026-10-01
demography.population_by_age_sex,country.georgia,2013,male,total,1772713,persons,retro_projection,published,source.geostat_demography_population_age_sex,1!BH6 [2013-01-01],2026-10-01
demography.population_by_age_sex,country.georgia,2014,male,total,1773584,persons,retro_projection,published,source.geostat_demography_population_age_sex,1!BK6 [2014-01-01],2026-10-01
demography.population_by_age_sex,country.georgia,2015,male,total,1777138,persons,pre_census,published,source.geostat_demography_population_age_sex,1!BN6 [2015-01-01],2026-10-01
demography.population_by_age_sex,country.georgia,2016,male,total,1783717,persons,pre_census,published,source.geostat_demography_population_age_sex,1!BQ6 [2016-01-01],2026-10-01
demography.population_by_age_sex,country.georgia,2017,male,total,1785606,persons,pre_census,published,source.geostat_demography_population_age_sex,1!BT6 [2017-01-01],2026-10-01
demography.population_by_age_sex,country.georgia,2018,male,total,1791559,persons,pre_census,published,source.geostat_demography_population_age_sex,1!BW6 [2018-01-01],2026-10-01
demography.population_by_age_sex,country.georgia,2019,male,total,1790899,persons,pre_census,published,source.geostat_demography_population_age_sex,1!BZ6 [2019-01-01],2026-10-01
demography.population_by_age_sex,country.georgia,2020,male,total,1790279,persons,pre_census,published,source.geostat_demography_population_age_sex,1!CC6 [2020-01-01],2026-10-01
demography.population_by_age_sex,country.georgia,2021,male,total,1796223,persons,pre_census,published,source.geostat_demography_population_age_sex,1!CF6 [2021-01-01],2026-10-01
demography.population_by_age_sex,country.georgia,2022,male,total,1769995,persons,pre_census,published,source.geostat_demography_population_age_sex,1!CI6 [2022-01-01],2026-10-01
demography.population_by_age_sex,country.georgia,2023,male,total,1793820,persons,pre_census,published,source.geostat_demography_population_age_sex,1!CL6 [2023-01-01],2026-10-01
demography.population_by_age_sex,country.georgia,2024,male,total,1774469,persons,pre_census,published,source.geostat_demography_population_age_sex,1!CO6 [2024-01-01],2026-10-01
demography.population_by_age_sex,country.georgia,2025,male,total,1881441,persons,census_based,published,source.geostat_demography_population_age_sex,1!CR6 [2025-01-01],2026-10-01
demography.population_by_age_sex,country.georgia,2026,male,total,1887646,persons,census_based,published,source.geostat_demography_population_age_sex,1!CU6 [2026-01-01],2026-10-01
demography.population_by_age_sex,country.georgia,2004,male,age_0,23749,persons,retro_projection,published,source.geostat_demography_population_age_sex,1!AG7 [2004-01-01],2026-10-01
demography.population_by_age_sex,country.georgia,2005,male,age_0,23992,persons,retro_projection,published,source.geostat_demography_population_age_sex,1!AJ7 [2005-01-01],2026-10-01
demography.population_by_age_sex,country.georgia,2006,male,age_0,24000,persons,retro_projection,published,source.geostat_demography_population_age_sex,1!AM7 [2006-01-01],2026-10-01
demography.population_by_age_sex,country.georgia,2007,male,age_0,24431,persons,retro_projection,published,source.geostat_demography_population_age_sex,1!AP7 [2007-01-01],2026-10-01
demography.population_by_age_sex,country.georgia,2008,male,age_0,25283,persons,retro_projection,published,source.geostat_demography_population_age_sex,1!AS7 [2008-01-01],2026-10-01
demography.population_by_age_sex,country.georgia,2009,male,age_0,27225,persons,retro_projection,published,source.geostat_demography_population_age_sex,1!AV7 [2009-01-01],2026-10-01
demography.population_by_age_sex,country.georgia,2010,male,age_0,29195,persons,retro_projection,published,source.geostat_demography_population_age_sex,1!AY7 [2010-01-01],2026-10-01
demography.population_by_age_sex,country.georgia,2011,male,age_0,28406,persons,retro_projection,published,source.geostat_demography_population_age_sex,1!BB7 [2011-01-01],2026-10-01
demography.population_by_age_sex,country.georgia,2012,male,age_0,26597,persons,retro_projection,published,source.geostat_demography_population_age_sex,1!BE7 [2012-01-01],2026-10-01
demography.population_by_age_sex,country.georgia,2013,male,age_0,25952,persons,retro_projection,published,source.geostat_demography_population_age_sex,1!BH7 [2013-01-01],2026-10-01
demography.population_by_age_sex,country.georgia,2014,male,age_0,25667,persons,retro_projection,published,source.geostat_demography_population_age_sex,1!BK7 [2014-01-01],2026-10-01
demography.population_by_age_sex,country.georgia,2015,male,age_0,31247,persons,pre_census,published,source.geostat_demography_population_age_sex,1!BN7 [2015-01-01],2026-10-01
demography.population_by_age_sex,country.georgia,2016,male,age_0,30819,persons,pre_census,published,source.geostat_demography_population_age_sex,1!BQ7 [2016-01-01],2026-10-01
demography.population_by_age_sex,country.georgia,2017,male,age_0,28802,persons,pre_census,published,source.geostat_demography_population_age_sex,1!BT7 [2017-01-01],2026-10-01
demography.population_by_age_sex,country.georgia,2018,male,age_0,27615,persons,pre_census,published,source.geostat_demography_population_age_sex,1!BW7 [2018-01-01],2026-10-01
demography.population_by_age_sex,country.georgia,2019,male,age_0,26450,persons,pre_census,published,source.geostat_demography_population_age_sex,1!BZ7 [2019-01-01],2026-10-01
demography.population_by_age_sex,country.georgia,2020,male,age_0,24948,persons,pre_census,published,source.geostat_demography_population_age_sex,1!CC7 [2020-01-01],2026-10-01
demography.population_by_age_sex,country.georgia,2021,male,age_0,24146,persons,pre_census,published,source.geostat_demography_population_age_sex,1!CF7 [2021-01-01],2026-10-01
demography.population_by_age_sex,country.georgia,2022,male,age_0,23844,persons,pre_census,published,source.geostat_demography_population_age_sex,1!CI7 [2022-01-01],2026-10-01
demography.population_by_age_sex,country.georgia,2023,male,age_0,21982,persons,pre_census,published,source.geostat_demography_population_age_sex,1!CL7 [2023-01-01],2026-10-01
demography.population_by_age_sex,country.georgia,2024,male,age_0,20730,persons,pre_census,published,source.geostat_demography_population_age_sex,1!CO7 [2024-01-01],2026-10-01
demography.population_by_age_sex,country.georgia,2025,male,age_0,20967,persons,census_based,published,source.geostat_demography_population_age_sex,1!CR7 [2025-01-01],2026-10-01
demography.population_by_age_sex,country.georgia,2026,male,age_0,19315,persons,census_based,published,source.geostat_demography_population_age_sex,1!CU7 [2026-01-01],2026-10-01
demography.population_by_age_sex,country.georgia,2004,male,age_1_4,92479,persons,retro_projection,published,source.geostat_demography_population_age_sex,1!AG8 [2004-01-01],2026-10-01
demography.population_by_age_sex,country.georgia,2005,male,age_1_4,91813,persons,retro_projection,published,source.geostat_demography_population_age_sex,1!AJ8 [2005-01-01],2026-10-01
demography.population_by_age_sex,country.georgia,2006,male,age_1_4,91579,persons,retro_projection,published,source.geostat_demography_population_age_sex,1!AM8 [2006-01-01],2026-10-01
demography.population_by_age_sex,country.georgia,2007,male,age_1_4,92007,persons,retro_projection,published,source.geostat_demography_population_age_sex,1!AP8 [2007-01-01],2026-10-01
demography.population_by_age_sex,country.georgia,2008,male,age_1_4,92570,persons,retro_projection,published,source.geostat_demography_population_age_sex,1!AS8 [2008-01-01],2026-10-01
demography.population_by_age_sex,country.georgia,2009,male,age_1_4,94059,persons,retro_projection,published,source.geostat_demography_population_age_sex,1!AV8 [2009-01-01],2026-10-01
demography.population_by_age_sex,country.georgia,2010,male,age_1_4,97093,persons,retro_projection,published,source.geostat_demography_population_age_sex,1!AY8 [2010-01-01],2026-10-01
demography.population_by_age_sex,country.georgia,2011,male,age_1_4,102028,persons,retro_projection,published,source.geostat_demography_population_age_sex,1!BB8 [2011-01-01],2026-10-01
demography.population_by_age_sex,country.georgia,2012,male,age_1_4,105771,persons,retro_projection,published,source.geostat_demography_population_age_sex,1!BE8 [2012-01-01],2026-10-01
demography.population_by_age_sex,country.georgia,2013,male,age_1_4,108315,persons,retro_projection,published,source.geostat_demography_population_age_sex,1!BH8 [2013-01-01],2026-10-01
demography.population_by_age_sex,country.georgia,2014,male,age_1_4,108278,persons,retro_projection,published,source.geostat_demography_population_age_sex,1!BK8 [2014-01-01],2026-10-01
demography.population_by_age_sex,country.georgia,2015,male,age_1_4,105608,persons,pre_census,published,source.geostat_demography_population_age_sex,1!BN8 [2015-01-01],2026-10-01
demography.population_by_age_sex,country.georgia,2016,male,age_1_4,108914,persons,pre_census,published,source.geostat_demography_population_age_sex,1!BQ8 [2016-01-01],2026-10-01
demography.population_by_age_sex,country.georgia,2017,male,age_1_4,113182,persons,pre_census,published,source.geostat_demography_population_age_sex,1!BT8 [2017-01-01],2026-10-01
demography.population_by_age_sex,country.georgia,2018,male,age_1_4,116247,persons,pre_census,published,source.geostat_demography_population_age_sex,1!BW8 [2018-01-01],2026-10-01
demography.population_by_age_sex,country.georgia,2019,male,age_1_4,118180,persons,pre_census,published,source.geostat_demography_population_age_sex,1!BZ8 [2019-01-01],2026-10-01
demography.population_by_age_sex,country.georgia,2020,male,age_1_4,113057,persons,pre_census,published,source.geostat_demography_population_age_sex,1!CC8 [2020-01-01],2026-10-01
demography.population_by_age_sex,country.georgia,2021,male,age_1_4,107378,persons,pre_census,published,source.geostat_demography_population_age_sex,1!CF8 [2021-01-01],2026-10-01
demography.population_by_age_sex,country.georgia,2022,male,age_1_4,102774,persons,pre_census,published,source.geostat_demography_population_age_sex,1!CI8 [2022-01-01],2026-10-01
demography.population_by_age_sex,country.georgia,2023,male,age_1_4,100522,persons,pre_census,published,source.geostat_demography_population_age_sex,1!CL8 [2023-01-01],2026-10-01
demography.population_by_age_sex,country.georgia,2024,male,age_1_4,92325,persons,pre_census,published,source.geostat_demography_population_age_sex,1!CO8 [2024-01-01],2026-10-01
demography.population_by_age_sex,country.georgia,2025,male,age_1_4,90345,persons,census_based,published,source.geostat_demography_population_age_sex,1!CR8 [2025-01-01],2026-10-01
demography.population_by_age_sex,country.georgia,2026,male,age_1_4,86855,persons,census_based,published,source.geostat_demography_population_age_sex,1!CU8 [2026-01-01],2026-10-01
demography.population_by_age_sex,country.georgia,2004,male,age_5_9,130336,persons,retro_projection,published,source.geostat_demography_population_age_sex,1!AG9 [2004-01-01],2026-10-01
demography.population_by_age_sex,country.georgia,2005,male,age_5_9,127346,persons,retro_projection,published,source.geostat_demography_population_age_sex,1!AJ9 [2005-01-01],2026-10-01
demography.population_by_age_sex,country.georgia,2006,male,age_5_9,123823,persons,retro_projection,published,source.geostat_demography_population_age_sex,1!AM9 [2006-01-01],2026-10-01
demography.population_by_age_sex,country.georgia,2007,male,age_5_9,119944,persons,retro_projection,published,source.geostat_demography_population_age_sex,1!AP9 [2007-01-01],2026-10-01
demography.population_by_age_sex,country.georgia,2008,male,age_5_9,115355,persons,retro_projection,published,source.geostat_demography_population_age_sex,1!AS9 [2008-01-01],2026-10-01
demography.population_by_age_sex,country.georgia,2009,male,age_5_9,113021,persons,retro_projection,published,source.geostat_demography_population_age_sex,1!AV9 [2009-01-01],2026-10-01
demography.population_by_age_sex,country.georgia,2010,male,age_5_9,111890,persons,retro_projection,published,source.geostat_demography_population_age_sex,1!AY9 [2010-01-01],2026-10-01
demography.population_by_age_sex,country.georgia,2011,male,age_5_9,111047,persons,retro_projection,published,source.geostat_demography_population_age_sex,1!BB9 [2011-01-01],2026-10-01
demography.population_by_age_sex,country.georgia,2012,male,age_5_9,110905,persons,retro_projection,published,source.geostat_demography_population_age_sex,1!BE9 [2012-01-01],2026-10-01
demography.population_by_age_sex,country.georgia,2013,male,age_5_9,112389,persons,retro_projection,published,source.geostat_demography_population_age_sex,1!BH9 [2013-01-01],2026-10-01
demography.population_by_age_sex,country.georgia,2014,male,age_5_9,116379,persons,retro_projection,published,source.geostat_demography_population_age_sex,1!BK9 [2014-01-01],2026-10-01
demography.population_by_age_sex,country.georgia,2015,male,age_5_9,122540,persons,pre_census,published,source.geostat_demography_population_age_sex,1!BN9 [2015-01-01],2026-10-01
demography.population_by_age_sex,country.georgia,2016,male,age_5_9,128009,persons,pre_census,published,source.geostat_demography_population_age_sex,1!BQ9 [2016-01-01],2026-10-01
demography.population_by_age_sex,country.georgia,2017,male,age_5_9,131527,persons,pre_census,published,source.geostat_demography_population_age_sex,1!BT9 [2017-01-01],2026-10-01
demography.population_by_age_sex,country.georgia,2018,male,age_5_9,133711,persons,pre_census,published,source.geostat_demography_population_age_sex,1!BW9 [2018-01-01],2026-10-01
demography.population_by_age_sex,country.georgia,2019,male,age_5_9,133324,persons,pre_census,published,source.geostat_demography_population_age_sex,1!BZ9 [2019-01-01],2026-10-01
demography.population_by_age_sex,country.georgia,2020,male,age_5_9,135880,persons,pre_census,published,source.geostat_demography_population_age_sex,1!CC9 [2020-01-01],2026-10-01
demography.population_by_age_sex,country.georgia,2021,male,age_5_9,139239,persons,pre_census,published,source.geostat_demography_population_age_sex,1!CF9 [2021-01-01],2026-10-01
demography.population_by_age_sex,country.georgia,2022,male,age_5_9,141679,persons,pre_census,published,source.geostat_demography_population_age_sex,1!CI9 [2022-01-01],2026-10-01
demography.population_by_age_sex,country.georgia,2023,male,age_5_9,145075,persons,pre_census,published,source.geostat_demography_population_age_sex,1!CL9 [2023-01-01],2026-10-01
demography.population_by_age_sex,country.georgia,2024,male,age_5_9,139060,persons,pre_census,published,source.geostat_demography_population_age_sex,1!CO9 [2024-01-01],2026-10-01
demography.population_by_age_sex,country.georgia,2025,male,age_5_9,139215,persons,census_based,published,source.geostat_demography_population_age_sex,1!CR9 [2025-01-01],2026-10-01
demography.population_by_age_sex,country.georgia,2026,male,age_5_9,132761,persons,census_based,published,source.geostat_demography_population_age_sex,1!CU9 [2026-01-01],2026-10-01
demography.population_by_age_sex,country.georgia,2004,male,age_10_14,161853,persons,retro_projection,published,source.geostat_demography_population_age_sex,1!AG10 [2004-01-01],2026-10-01
demography.population_by_age_sex,country.georgia,2005,male,age_10_14,153955,persons,retro_projection,published,source.geostat_demography_population_age_sex,1!AJ10 [2005-01-01],2026-10-01
demography.population_by_age_sex,country.georgia,2006,male,age_10_14,144782,persons,retro_projection,published,source.geostat_demography_population_age_sex,1!AM10 [2006-01-01],2026-10-01
demography.population_by_age_sex,country.georgia,2007,male,age_10_14,136302,persons,retro_projection,published,source.geostat_demography_population_age_sex,1!AP10 [2007-01-01],2026-10-01
demography.population_by_age_sex,country.georgia,2008,male,age_10_14,131277,persons,retro_projection,published,source.geostat_demography_population_age_sex,1!AS10 [2008-01-01],2026-10-01
demography.population_by_age_sex,country.georgia,2009,male,age_10_14,127913,persons,retro_projection,published,source.geostat_demography_population_age_sex,1!AV10 [2009-01-01],2026-10-01
demography.population_by_age_sex,country.georgia,2010,male,age_10_14,124625,persons,retro_projection,published,source.geostat_demography_population_age_sex,1!AY10 [2010-01-01],2026-10-01
demography.population_by_age_sex,country.georgia,2011,male,age_10_14,121018,persons,retro_projection,published,source.geostat_demography_population_age_sex,1!BB10 [2011-01-01],2026-10-01
demography.population_by_age_sex,country.georgia,2012,male,age_10_14,116790,persons,retro_projection,published,source.geostat_demography_population_age_sex,1!BE10 [2012-01-01],2026-10-01
demography.population_by_age_sex,country.georgia,2013,male,age_10_14,112693,persons,retro_projection,published,source.geostat_demography_population_age_sex,1!BH10 [2013-01-01],2026-10-01
demography.population_by_age_sex,country.georgia,2014,male,age_10_14,110462,persons,retro_projection,published,source.geostat_demography_population_age_sex,1!BK10 [2014-01-01],2026-10-01
demography.population_by_age_sex,country.georgia,2015,male,age_10_14,109711,persons,pre_census,published,source.geostat_demography_population_age_sex,1!BN10 [2015-01-01],2026-10-01
demography.population_by_age_sex,country.georgia,2016,male,age_10_14,109422,persons,pre_census,published,source.geostat_demography_population_age_sex,1!BQ10 [2016-01-01],2026-10-01
demography.population_by_age_sex,country.georgia,2017,male,age_10_14,109840,persons,pre_census,published,source.geostat_demography_population_age_sex,1!BT10 [2017-01-01],2026-10-01
demography.population_by_age_sex,country.georgia,2018,male,age_10_14,111649,persons,pre_census,published,source.geostat_demography_population_age_sex,1!BW10 [2018-01-01],2026-10-01
demography.population_by_age_sex,country.georgia,2019,male,age_10_14,115653,persons,pre_census,published,source.geostat_demography_population_age_sex,1!BZ10 [2019-01-01],2026-10-01
demography.population_by_age_sex,country.georgia,2020,male,age_10_14,121353,persons,pre_census,published,source.geostat_demography_population_age_sex,1!CC10 [2020-01-01],2026-10-01
demography.population_by_age_sex,country.georgia,2021,male,age_10_14,127172,persons,pre_census,published,source.geostat_demography_population_age_sex,1!CF10 [2021-01-01],2026-10-01
demography.population_by_age_sex,country.georgia,2022,male,age_10_14,130515,persons,pre_census,published,source.geostat_demography_population_age_sex,1!CI10 [2022-01-01],2026-10-01
demography.population_by_age_sex,country.georgia,2023,male,age_10_14,133428,persons,pre_census,published,source.geostat_demography_population_age_sex,1!CL10 [2023-01-01],2026-10-01
demography.population_by_age_sex,country.georgia,2024,male,age_10_14,122345,persons,pre_census,published,source.geostat_demography_population_age_sex,1!CO10 [2024-01-01],2026-10-01
demography.population_by_age_sex,country.georgia,2025,male,age_10_14,150373,persons,census_based,published,source.geostat_demography_population_age_sex,1!CR10 [2025-01-01],2026-10-01
demography.population_by_age_sex,country.georgia,2026,male,age_10_14,150148,persons,census_based,published,source.geostat_demography_population_age_sex,1!CU10 [2026-01-01],2026-10-01
demography.population_by_age_sex,country.georgia,2004,male,age_15_19,168836,persons,retro_projection,published,source.geostat_demography_population_age_sex,1!AG11 [2004-01-01],2026-10-01
demography.population_by_age_sex,country.georgia,2005,male,age_15_19,167149,persons,retro_projection,published,source.geostat_demography_population_age_sex,1!AJ11 [2005-01-01],2026-10-01
demography.population_by_age_sex,country.georgia,2006,male,age_15_19,165795,persons,retro_projection,published,source.geostat_demography_population_age_sex,1!AM11 [2006-01-01],2026-10-01
demography.population_by_age_sex,country.georgia,2007,male,age_15_19,165015,persons,retro_projection,published,source.geostat_demography_population_age_sex,1!AP11 [2007-01-01],2026-10-01
demography.population_by_age_sex,country.georgia,2008,male,age_15_19,161352,persons,retro_projection,published,source.geostat_demography_population_age_sex,1!AS11 [2008-01-01],2026-10-01
demography.population_by_age_sex,country.georgia,2009,male,age_15_19,154747,persons,retro_projection,published,source.geostat_demography_population_age_sex,1!AV11 [2009-01-01],2026-10-01
demography.population_by_age_sex,country.georgia,2010,male,age_15_19,146019,persons,retro_projection,published,source.geostat_demography_population_age_sex,1!AY11 [2010-01-01],2026-10-01
demography.population_by_age_sex,country.georgia,2011,male,age_15_19,136448,persons,retro_projection,published,source.geostat_demography_population_age_sex,1!BB11 [2011-01-01],2026-10-01
demography.population_by_age_sex,country.georgia,2012,male,age_15_19,127222,persons,retro_projection,published,source.geostat_demography_population_age_sex,1!BE11 [2012-01-01],2026-10-01
demography.population_by_age_sex,country.georgia,2013,male,age_15_19,123249,persons,retro_projection,published,source.geostat_demography_population_age_sex,1!BH11 [2013-01-01],2026-10-01
demography.population_by_age_sex,country.georgia,2014,male,age_15_19,121294,persons,retro_projection,published,source.geostat_demography_population_age_sex,1!BK11 [2014-01-01],2026-10-01
demography.population_by_age_sex,country.georgia,2015,male,age_15_19,119729,persons,pre_census,published,source.geostat_demography_population_age_sex,1!BN11 [2015-01-01],2026-10-01
demography.population_by_age_sex,country.georgia,2016,male,age_15_19,117367,persons,pre_census,published,source.geostat_demography_population_age_sex,1!BQ11 [2016-01-01],2026-10-01
demography.population_by_age_sex,country.georgia,2017,male,age_15_19,114132,persons,pre_census,published,source.geostat_demography_population_age_sex,1!BT11 [2017-01-01],2026-10-01
demography.population_by_age_sex,country.georgia,2018,male,age_15_19,110419,persons,pre_census,published,source.geostat_demography_population_age_sex,1!BW11 [2018-01-01],2026-10-01
demography.population_by_age_sex,country.georgia,2019,male,age_15_19,109149,persons,pre_census,published,source.geostat_demography_population_age_sex,1!BZ11 [2019-01-01],2026-10-01
demography.population_by_age_sex,country.georgia,2020,male,age_15_19,108983,persons,pre_census,published,source.geostat_demography_population_age_sex,1!CC11 [2020-01-01],2026-10-01
demography.population_by_age_sex,country.georgia,2021,male,age_15_19,108643,persons,pre_census,published,source.geostat_demography_population_age_sex,1!CF11 [2021-01-01],2026-10-01
demography.population_by_age_sex,country.georgia,2022,male,age_15_19,108383,persons,pre_census,published,source.geostat_demography_population_age_sex,1!CI11 [2022-01-01],2026-10-01
demography.population_by_age_sex,country.georgia,2023,male,age_15_19,111354,persons,pre_census,published,source.geostat_demography_population_age_sex,1!CL11 [2023-01-01],2026-10-01
demography.population_by_age_sex,country.georgia,2024,male,age_15_19,107515,persons,pre_census,published,source.geostat_demography_population_age_sex,1!CO11 [2024-01-01],2026-10-01
demography.population_by_age_sex,country.georgia,2025,male,age_15_19,129740,persons,census_based,published,source.geostat_demography_population_age_sex,1!CR11 [2025-01-01],2026-10-01
demography.population_by_age_sex,country.georgia,2026,male,age_15_19,138522,persons,census_based,published,source.geostat_demography_population_age_sex,1!CU11 [2026-01-01],2026-10-01
demography.population_by_age_sex,country.georgia,2004,male,age_20_24,151653,persons,retro_projection,published,source.geostat_demography_population_age_sex,1!AG12 [2004-01-01],2026-10-01
demography.population_by_age_sex,country.georgia,2005,male,age_20_24,153726,persons,retro_projection,published,source.geostat_demography_population_age_sex,1!AJ12 [2005-01-01],2026-10-01
demography.population_by_age_sex,country.georgia,2006,male,age_20_24,155425,persons,retro_projection,published,source.geostat_demography_population_age_sex,1!AM12 [2006-01-01],2026-10-01
demography.population_by_age_sex,country.georgia,2007,male,age_20_24,157122,persons,retro_projection,published,source.geostat_demography_population_age_sex,1!AP12 [2007-01-01],2026-10-01
demography.population_by_age_sex,country.georgia,2008,male,age_20_24,157190,persons,retro_projection,published,source.geostat_demography_population_age_sex,1!AS12 [2008-01-01],2026-10-01
demography.population_by_age_sex,country.georgia,2009,male,age_20_24,156054,persons,retro_projection,published,source.geostat_demography_population_age_sex,1!AV12 [2009-01-01],2026-10-01
demography.population_by_age_sex,country.georgia,2010,male,age_20_24,152879,persons,retro_projection,published,source.geostat_demography_population_age_sex,1!AY12 [2010-01-01],2026-10-01
demography.population_by_age_sex,country.georgia,2011,male,age_20_24,150899,persons,retro_projection,published,source.geostat_demography_population_age_sex,1!BB12 [2011-01-01],2026-10-01
demography.population_by_age_sex,country.georgia,2012,male,age_20_24,148627,persons,retro_projection,published,source.geostat_demography_population_age_sex,1!BE12 [2012-01-01],2026-10-01
demography.population_by_age_sex,country.georgia,2013,male,age_20_24,145292,persons,retro_projection,published,source.geostat_demography_population_age_sex,1!BH12 [2013-01-01],2026-10-01
demography.population_by_age_sex,country.georgia,2014,male,age_20_24,140185,persons,retro_projection,published,source.geostat_demography_population_age_sex,1!BK12 [2014-01-01],2026-10-01
demography.population_by_age_sex,country.georgia,2015,male,age_20_24,133383,persons,pre_census,published,source.geostat_demography_population_age_sex,1!BN12 [2015-01-01],2026-10-01
demography.population_by_age_sex,country.georgia,2016,male,age_20_24,126174,persons,pre_census,published,source.geostat_demography_population_age_sex,1!BQ12 [2016-01-01],2026-10-01
demography.population_by_age_sex,country.georgia,2017,male,age_20_24,119964,persons,pre_census,published,source.geostat_demography_population_age_sex,1!BT12 [2017-01-01],2026-10-01
demography.population_by_age_sex,country.georgia,2018,male,age_20_24,117237,persons,pre_census,published,source.geostat_demography_population_age_sex,1!BW12 [2018-01-01],2026-10-01
demography.population_by_age_sex,country.georgia,2019,male,age_20_24,115686,persons,pre_census,published,source.geostat_demography_population_age_sex,1!BZ12 [2019-01-01],2026-10-01
demography.population_by_age_sex,country.georgia,2020,male,age_20_24,115169,persons,pre_census,published,source.geostat_demography_population_age_sex,1!CC12 [2020-01-01],2026-10-01
demography.population_by_age_sex,country.georgia,2021,male,age_20_24,114388,persons,pre_census,published,source.geostat_demography_population_age_sex,1!CF12 [2021-01-01],2026-10-01
demography.population_by_age_sex,country.georgia,2022,male,age_20_24,109823,persons,pre_census,published,source.geostat_demography_population_age_sex,1!CI12 [2022-01-01],2026-10-01
demography.population_by_age_sex,country.georgia,2023,male,age_20_24,110851,persons,pre_census,published,source.geostat_demography_population_age_sex,1!CL12 [2023-01-01],2026-10-01
demography.population_by_age_sex,country.georgia,2024,male,age_20_24,112554,persons,pre_census,published,source.geostat_demography_population_age_sex,1!CO12 [2024-01-01],2026-10-01
demography.population_by_age_sex,country.georgia,2025,male,age_20_24,110290,persons,census_based,published,source.geostat_demography_population_age_sex,1!CR12 [2025-01-01],2026-10-01
demography.population_by_age_sex,country.georgia,2026,male,age_20_24,113646,persons,census_based,published,source.geostat_demography_population_age_sex,1!CU12 [2026-01-01],2026-10-01
demography.population_by_age_sex,country.georgia,2004,male,age_25_29,138707,persons,retro_projection,published,source.geostat_demography_population_age_sex,1!AG13 [2004-01-01],2026-10-01
demography.population_by_age_sex,country.georgia,2005,male,age_25_29,138368,persons,retro_projection,published,source.geostat_demography_population_age_sex,1!AJ13 [2005-01-01],2026-10-01
demography.population_by_age_sex,country.georgia,2006,male,age_25_29,137868,persons,retro_projection,published,source.geostat_demography_population_age_sex,1!AM13 [2006-01-01],2026-10-01
demography.population_by_age_sex,country.georgia,2007,male,age_25_29,138600,persons,retro_projection,published,source.geostat_demography_population_age_sex,1!AP13 [2007-01-01],2026-10-01
demography.population_by_age_sex,country.georgia,2008,male,age_25_29,138831,persons,retro_projection,published,source.geostat_demography_population_age_sex,1!AS13 [2008-01-01],2026-10-01
demography.population_by_age_sex,country.georgia,2009,male,age_25_29,139208,persons,retro_projection,published,source.geostat_demography_population_age_sex,1!AV13 [2009-01-01],2026-10-01
demography.population_by_age_sex,country.georgia,2010,male,age_25_29,139582,persons,retro_projection,published,source.geostat_demography_population_age_sex,1!AY13 [2010-01-01],2026-10-01
demography.population_by_age_sex,country.georgia,2011,male,age_25_29,140833,persons,retro_projection,published,source.geostat_demography_population_age_sex,1!BB13 [2011-01-01],2026-10-01
demography.population_by_age_sex,country.georgia,2012,male,age_25_29,140688,persons,retro_projection,published,source.geostat_demography_population_age_sex,1!BE13 [2012-01-01],2026-10-01
demography.population_by_age_sex,country.georgia,2013,male,age_25_29,140511,persons,retro_projection,published,source.geostat_demography_population_age_sex,1!BH13 [2013-01-01],2026-10-01
demography.population_by_age_sex,country.georgia,2014,male,age_25_29,140563,persons,retro_projection,published,source.geostat_demography_population_age_sex,1!BK13 [2014-01-01],2026-10-01
demography.population_by_age_sex,country.georgia,2015,male,age_25_29,138958,persons,pre_census,published,source.geostat_demography_population_age_sex,1!BN13 [2015-01-01],2026-10-01
demography.population_by_age_sex,country.georgia,2016,male,age_25_29,138941,persons,pre_census,published,source.geostat_demography_population_age_sex,1!BQ13 [2016-01-01],2026-10-01
demography.population_by_age_sex,country.georgia,2017,male,age_25_29,138832,persons,pre_census,published,source.geostat_demography_population_age_sex,1!BT13 [2017-01-01],2026-10-01
demography.population_by_age_sex,country.georgia,2018,male,age_25_29,137657,persons,pre_census,published,source.geostat_demography_population_age_sex,1!BW13 [2018-01-01],2026-10-01
demography.population_by_age_sex,country.georgia,2019,male,age_25_29,132675,persons,pre_census,published,source.geostat_demography_population_age_sex,1!BZ13 [2019-01-01],2026-10-01
demography.population_by_age_sex,country.georgia,2020,male,age_25_29,126738,persons,pre_census,published,source.geostat_demography_population_age_sex,1!CC13 [2020-01-01],2026-10-01
demography.population_by_age_sex,country.georgia,2021,male,age_25_29,121970,persons,pre_census,published,source.geostat_demography_population_age_sex,1!CF13 [2021-01-01],2026-10-01
demography.population_by_age_sex,country.georgia,2022,male,age_25_29,112412,persons,pre_census,published,source.geostat_demography_population_age_sex,1!CI13 [2022-01-01],2026-10-01
demography.population_by_age_sex,country.georgia,2023,male,age_25_29,117719,persons,pre_census,published,source.geostat_demography_population_age_sex,1!CL13 [2023-01-01],2026-10-01
demography.population_by_age_sex,country.georgia,2024,male,age_25_29,117531,persons,pre_census,published,source.geostat_demography_population_age_sex,1!CO13 [2024-01-01],2026-10-01
demography.population_by_age_sex,country.georgia,2025,male,age_25_29,112102,persons,census_based,published,source.geostat_demography_population_age_sex,1!CR13 [2025-01-01],2026-10-01
demography.population_by_age_sex,country.georgia,2026,male,age_25_29,108262,persons,census_based,published,source.geostat_demography_population_age_sex,1!CU13 [2026-01-01],2026-10-01
demography.population_by_age_sex,country.georgia,2004,male,age_30_34,129595,persons,retro_projection,published,source.geostat_demography_population_age_sex,1!AG14 [2004-01-01],2026-10-01
demography.population_by_age_sex,country.georgia,2005,male,age_30_34,130259,persons,retro_projection,published,source.geostat_demography_population_age_sex,1!AJ14 [2005-01-01],2026-10-01
demography.population_by_age_sex,country.georgia,2006,male,age_30_34,129466,persons,retro_projection,published,source.geostat_demography_population_age_sex,1!AM14 [2006-01-01],2026-10-01
demography.population_by_age_sex,country.georgia,2007,male,age_30_34,130068,persons,retro_projection,published,source.geostat_demography_population_age_sex,1!AP14 [2007-01-01],2026-10-01
demography.population_by_age_sex,country.georgia,2008,male,age_30_34,129973,persons,retro_projection,published,source.geostat_demography_population_age_sex,1!AS14 [2008-01-01],2026-10-01
demography.population_by_age_sex,country.georgia,2009,male,age_30_34,130001,persons,retro_projection,published,source.geostat_demography_population_age_sex,1!AV14 [2009-01-01],2026-10-01
demography.population_by_age_sex,country.georgia,2010,male,age_30_34,128260,persons,retro_projection,published,source.geostat_demography_population_age_sex,1!AY14 [2010-01-01],2026-10-01
demography.population_by_age_sex,country.georgia,2011,male,age_30_34,127626,persons,retro_projection,published,source.geostat_demography_population_age_sex,1!BB14 [2011-01-01],2026-10-01
demography.population_by_age_sex,country.georgia,2012,male,age_30_34,126686,persons,retro_projection,published,source.geostat_demography_population_age_sex,1!BE14 [2012-01-01],2026-10-01
demography.population_by_age_sex,country.georgia,2013,male,age_30_34,126723,persons,retro_projection,published,source.geostat_demography_population_age_sex,1!BH14 [2013-01-01],2026-10-01
demography.population_by_age_sex,country.georgia,2014,male,age_30_34,127976,persons,retro_projection,published,source.geostat_demography_population_age_sex,1!BK14 [2014-01-01],2026-10-01
demography.population_by_age_sex,country.georgia,2015,male,age_30_34,130153,persons,pre_census,published,source.geostat_demography_population_age_sex,1!BN14 [2015-01-01],2026-10-01
demography.population_by_age_sex,country.georgia,2016,male,age_30_34,133423,persons,pre_census,published,source.geostat_demography_population_age_sex,1!BQ14 [2016-01-01],2026-10-01
demography.population_by_age_sex,country.georgia,2017,male,age_30_34,135277,persons,pre_census,published,source.geostat_demography_population_age_sex,1!BT14 [2017-01-01],2026-10-01
demography.population_by_age_sex,country.georgia,2018,male,age_30_34,136928,persons,pre_census,published,source.geostat_demography_population_age_sex,1!BW14 [2018-01-01],2026-10-01
demography.population_by_age_sex,country.georgia,2019,male,age_30_34,136404,persons,pre_census,published,source.geostat_demography_population_age_sex,1!BZ14 [2019-01-01],2026-10-01
demography.population_by_age_sex,country.georgia,2020,male,age_30_34,135507,persons,pre_census,published,source.geostat_demography_population_age_sex,1!CC14 [2020-01-01],2026-10-01
demography.population_by_age_sex,country.georgia,2021,male,age_30_34,137424,persons,pre_census,published,source.geostat_demography_population_age_sex,1!CF14 [2021-01-01],2026-10-01
demography.population_by_age_sex,country.georgia,2022,male,age_30_34,133719,persons,pre_census,published,source.geostat_demography_population_age_sex,1!CI14 [2022-01-01],2026-10-01
demography.population_by_age_sex,country.georgia,2023,male,age_30_34,138191,persons,pre_census,published,source.geostat_demography_population_age_sex,1!CL14 [2023-01-01],2026-10-01
demography.population_by_age_sex,country.georgia,2024,male,age_30_34,136124,persons,pre_census,published,source.geostat_demography_population_age_sex,1!CO14 [2024-01-01],2026-10-01
demography.population_by_age_sex,country.georgia,2025,male,age_30_34,141247,persons,census_based,published,source.geostat_demography_population_age_sex,1!CR14 [2025-01-01],2026-10-01
demography.population_by_age_sex,country.georgia,2026,male,age_30_34,133546,persons,census_based,published,source.geostat_demography_population_age_sex,1!CU14 [2026-01-01],2026-10-01
demography.population_by_age_sex,country.georgia,2004,male,age_35_39,129092,persons,retro_projection,published,source.geostat_demography_population_age_sex,1!AG15 [2004-01-01],2026-10-01
demography.population_by_age_sex,country.georgia,2005,male,age_35_39,125626,persons,retro_projection,published,source.geostat_demography_population_age_sex,1!AJ15 [2005-01-01],2026-10-01
demography.population_by_age_sex,country.georgia,2006,male,age_35_39,123836,persons,retro_projection,published,source.geostat_demography_population_age_sex,1!AM15 [2006-01-01],2026-10-01
demography.population_by_age_sex,country.georgia,2007,male,age_35_39,124070,persons,retro_projection,published,source.geostat_demography_population_age_sex,1!AP15 [2007-01-01],2026-10-01
demography.population_by_age_sex,country.georgia,2008,male,age_35_39,123505,persons,retro_projection,published,source.geostat_demography_population_age_sex,1!AS15 [2008-01-01],2026-10-01
demography.population_by_age_sex,country.georgia,2009,male,age_35_39,123505,persons,retro_projection,published,source.geostat_demography_population_age_sex,1!AV15 [2009-01-01],2026-10-01
demography.population_by_age_sex,country.georgia,2010,male,age_35_39,123054,persons,retro_projection,published,source.geostat_demography_population_age_sex,1!AY15 [2010-01-01],2026-10-01
demography.population_by_age_sex,country.georgia,2011,male,age_35_39,122281,persons,retro_projection,published,source.geostat_demography_population_age_sex,1!BB15 [2011-01-01],2026-10-01
demography.population_by_age_sex,country.georgia,2012,male,age_35_39,121616,persons,retro_projection,published,source.geostat_demography_population_age_sex,1!BE15 [2012-01-01],2026-10-01
demography.population_by_age_sex,country.georgia,2013,male,age_35_39,121395,persons,retro_projection,published,source.geostat_demography_population_age_sex,1!BH15 [2013-01-01],2026-10-01
demography.population_by_age_sex,country.georgia,2014,male,age_35_39,122128,persons,retro_projection,published,source.geostat_demography_population_age_sex,1!BK15 [2014-01-01],2026-10-01
demography.population_by_age_sex,country.georgia,2015,male,age_35_39,121776,persons,pre_census,published,source.geostat_demography_population_age_sex,1!BN15 [2015-01-01],2026-10-01
demography.population_by_age_sex,country.georgia,2016,male,age_35_39,122379,persons,pre_census,published,source.geostat_demography_population_age_sex,1!BQ15 [2016-01-01],2026-10-01
demography.population_by_age_sex,country.georgia,2017,male,age_35_39,123063,persons,pre_census,published,source.geostat_demography_population_age_sex,1!BT15 [2017-01-01],2026-10-01
demography.population_by_age_sex,country.georgia,2018,male,age_35_39,124592,persons,pre_census,published,source.geostat_demography_population_age_sex,1!BW15 [2018-01-01],2026-10-01
demography.population_by_age_sex,country.georgia,2019,male,age_35_39,125265,persons,pre_census,published,source.geostat_demography_population_age_sex,1!BZ15 [2019-01-01],2026-10-01
demography.population_by_age_sex,country.georgia,2020,male,age_35_39,127666,persons,pre_census,published,source.geostat_demography_population_age_sex,1!CC15 [2020-01-01],2026-10-01
demography.population_by_age_sex,country.georgia,2021,male,age_35_39,132113,persons,pre_census,published,source.geostat_demography_population_age_sex,1!CF15 [2021-01-01],2026-10-01
demography.population_by_age_sex,country.georgia,2022,male,age_35_39,130680,persons,pre_census,published,source.geostat_demography_population_age_sex,1!CI15 [2022-01-01],2026-10-01
demography.population_by_age_sex,country.georgia,2023,male,age_35_39,134566,persons,pre_census,published,source.geostat_demography_population_age_sex,1!CL15 [2023-01-01],2026-10-01
demography.population_by_age_sex,country.georgia,2024,male,age_35_39,136821,persons,pre_census,published,source.geostat_demography_population_age_sex,1!CO15 [2024-01-01],2026-10-01
demography.population_by_age_sex,country.georgia,2025,male,age_35_39,149622,persons,census_based,published,source.geostat_demography_population_age_sex,1!CR15 [2025-01-01],2026-10-01
demography.population_by_age_sex,country.georgia,2026,male,age_35_39,151896,persons,census_based,published,source.geostat_demography_population_age_sex,1!CU15 [2026-01-01],2026-10-01
demography.population_by_age_sex,country.georgia,2004,male,age_40_44,144831,persons,retro_projection,published,source.geostat_demography_population_age_sex,1!AG16 [2004-01-01],2026-10-01
demography.population_by_age_sex,country.georgia,2005,male,age_40_44,142865,persons,retro_projection,published,source.geostat_demography_population_age_sex,1!AJ16 [2005-01-01],2026-10-01
demography.population_by_age_sex,country.georgia,2006,male,age_40_44,137814,persons,retro_projection,published,source.geostat_demography_population_age_sex,1!AM16 [2006-01-01],2026-10-01
demography.population_by_age_sex,country.georgia,2007,male,age_40_44,133261,persons,retro_projection,published,source.geostat_demography_population_age_sex,1!AP16 [2007-01-01],2026-10-01
demography.population_by_age_sex,country.georgia,2008,male,age_40_44,128292,persons,retro_projection,published,source.geostat_demography_population_age_sex,1!AS16 [2008-01-01],2026-10-01
demography.population_by_age_sex,country.georgia,2009,male,age_40_44,123847,persons,retro_projection,published,source.geostat_demography_population_age_sex,1!AV16 [2009-01-01],2026-10-01
demography.population_by_age_sex,country.georgia,2010,male,age_40_44,119524,persons,retro_projection,published,source.geostat_demography_population_age_sex,1!AY16 [2010-01-01],2026-10-01
demography.population_by_age_sex,country.georgia,2011,male,age_40_44,117947,persons,retro_projection,published,source.geostat_demography_population_age_sex,1!BB16 [2011-01-01],2026-10-01
demography.population_by_age_sex,country.georgia,2012,male,age_40_44,117221,persons,retro_projection,published,source.geostat_demography_population_age_sex,1!BE16 [2012-01-01],2026-10-01
demography.population_by_age_sex,country.georgia,2013,male,age_40_44,116639,persons,retro_projection,published,source.geostat_demography_population_age_sex,1!BH16 [2013-01-01],2026-10-01
demography.population_by_age_sex,country.georgia,2014,male,age_40_44,117369,persons,retro_projection,published,source.geostat_demography_population_age_sex,1!BK16 [2014-01-01],2026-10-01
demography.population_by_age_sex,country.georgia,2015,male,age_40_44,118202,persons,pre_census,published,source.geostat_demography_population_age_sex,1!BN16 [2015-01-01],2026-10-01
demography.population_by_age_sex,country.georgia,2016,male,age_40_44,118658,persons,pre_census,published,source.geostat_demography_population_age_sex,1!BQ16 [2016-01-01],2026-10-01
demography.population_by_age_sex,country.georgia,2017,male,age_40_44,119049,persons,pre_census,published,source.geostat_demography_population_age_sex,1!BT16 [2017-01-01],2026-10-01
demography.population_by_age_sex,country.georgia,2018,male,age_40_44,119665,persons,pre_census,published,source.geostat_demography_population_age_sex,1!BW16 [2018-01-01],2026-10-01
demography.population_by_age_sex,country.georgia,2019,male,age_40_44,119450,persons,pre_census,published,source.geostat_demography_population_age_sex,1!BZ16 [2019-01-01],2026-10-01
demography.population_by_age_sex,country.georgia,2020,male,age_40_44,118804,persons,pre_census,published,source.geostat_demography_population_age_sex,1!CC16 [2020-01-01],2026-10-01
demography.population_by_age_sex,country.georgia,2021,male,age_40_44,120268,persons,pre_census,published,source.geostat_demography_population_age_sex,1!CF16 [2021-01-01],2026-10-01
demography.population_by_age_sex,country.georgia,2022,male,age_40_44,118469,persons,pre_census,published,source.geostat_demography_population_age_sex,1!CI16 [2022-01-01],2026-10-01
demography.population_by_age_sex,country.georgia,2023,male,age_40_44,119781,persons,pre_census,published,source.geostat_demography_population_age_sex,1!CL16 [2023-01-01],2026-10-01
demography.population_by_age_sex,country.georgia,2024,male,age_40_44,122271,persons,pre_census,published,source.geostat_demography_population_age_sex,1!CO16 [2024-01-01],2026-10-01
demography.population_by_age_sex,country.georgia,2025,male,age_40_44,135485,persons,census_based,published,source.geostat_demography_population_age_sex,1!CR16 [2025-01-01],2026-10-01
demography.population_by_age_sex,country.georgia,2026,male,age_40_44,141144,persons,census_based,published,source.geostat_demography_population_age_sex,1!CU16 [2026-01-01],2026-10-01
demography.population_by_age_sex,country.georgia,2004,male,age_45_49,126721,persons,retro_projection,published,source.geostat_demography_population_age_sex,1!AG17 [2004-01-01],2026-10-01
demography.population_by_age_sex,country.georgia,2005,male,age_45_49,129865,persons,retro_projection,published,source.geostat_demography_population_age_sex,1!AJ17 [2005-01-01],2026-10-01
demography.population_by_age_sex,country.georgia,2006,male,age_45_49,133051,persons,retro_projection,published,source.geostat_demography_population_age_sex,1!AM17 [2006-01-01],2026-10-01
demography.population_by_age_sex,country.georgia,2007,male,age_45_49,135210,persons,retro_projection,published,source.geostat_demography_population_age_sex,1!AP17 [2007-01-01],2026-10-01
demography.population_by_age_sex,country.georgia,2008,male,age_45_49,136509,persons,retro_projection,published,source.geostat_demography_population_age_sex,1!AS17 [2008-01-01],2026-10-01
demography.population_by_age_sex,country.georgia,2009,male,age_45_49,136638,persons,retro_projection,published,source.geostat_demography_population_age_sex,1!AV17 [2009-01-01],2026-10-01
demography.population_by_age_sex,country.georgia,2010,male,age_45_49,134102,persons,retro_projection,published,source.geostat_demography_population_age_sex,1!AY17 [2010-01-01],2026-10-01
demography.population_by_age_sex,country.georgia,2011,male,age_45_49,129293,persons,retro_projection,published,source.geostat_demography_population_age_sex,1!BB17 [2011-01-01],2026-10-01
demography.population_by_age_sex,country.georgia,2012,male,age_45_49,124110,persons,retro_projection,published,source.geostat_demography_population_age_sex,1!BE17 [2012-01-01],2026-10-01
demography.population_by_age_sex,country.georgia,2013,male,age_45_49,119598,persons,retro_projection,published,source.geostat_demography_population_age_sex,1!BH17 [2013-01-01],2026-10-01
demography.population_by_age_sex,country.georgia,2014,male,age_45_49,116621,persons,retro_projection,published,source.geostat_demography_population_age_sex,1!BK17 [2014-01-01],2026-10-01
demography.population_by_age_sex,country.georgia,2015,male,age_45_49,113989,persons,pre_census,published,source.geostat_demography_population_age_sex,1!BN17 [2015-01-01],2026-10-01
demography.population_by_age_sex,country.georgia,2016,male,age_45_49,113897,persons,pre_census,published,source.geostat_demography_population_age_sex,1!BQ17 [2016-01-01],2026-10-01
demography.population_by_age_sex,country.georgia,2017,male,age_45_49,114366,persons,pre_census,published,source.geostat_demography_population_age_sex,1!BT17 [2017-01-01],2026-10-01
demography.population_by_age_sex,country.georgia,2018,male,age_45_49,114670,persons,pre_census,published,source.geostat_demography_population_age_sex,1!BW17 [2018-01-01],2026-10-01
demography.population_by_age_sex,country.georgia,2019,male,age_45_49,114750,persons,pre_census,published,source.geostat_demography_population_age_sex,1!BZ17 [2019-01-01],2026-10-01
demography.population_by_age_sex,country.georgia,2020,male,age_45_49,115433,persons,pre_census,published,source.geostat_demography_population_age_sex,1!CC17 [2020-01-01],2026-10-01
demography.population_by_age_sex,country.georgia,2021,male,age_45_49,116042,persons,pre_census,published,source.geostat_demography_population_age_sex,1!CF17 [2021-01-01],2026-10-01
demography.population_by_age_sex,country.georgia,2022,male,age_45_49,114543,persons,pre_census,published,source.geostat_demography_population_age_sex,1!CI17 [2022-01-01],2026-10-01
demography.population_by_age_sex,country.georgia,2023,male,age_45_49,114210,persons,pre_census,published,source.geostat_demography_population_age_sex,1!CL17 [2023-01-01],2026-10-01
demography.population_by_age_sex,country.georgia,2024,male,age_45_49,115143,persons,pre_census,published,source.geostat_demography_population_age_sex,1!CO17 [2024-01-01],2026-10-01
demography.population_by_age_sex,country.georgia,2025,male,age_45_49,119513,persons,census_based,published,source.geostat_demography_population_age_sex,1!CR17 [2025-01-01],2026-10-01
demography.population_by_age_sex,country.georgia,2026,male,age_45_49,122897,persons,census_based,published,source.geostat_demography_population_age_sex,1!CU17 [2026-01-01],2026-10-01
demography.population_by_age_sex,country.georgia,2004,male,age_50_54,106136,persons,retro_projection,published,source.geostat_demography_population_age_sex,1!AG18 [2004-01-01],2026-10-01
demography.population_by_age_sex,country.georgia,2005,male,age_50_54,108702,persons,retro_projection,published,source.geostat_demography_population_age_sex,1!AJ18 [2005-01-01],2026-10-01
demography.population_by_age_sex,country.georgia,2006,male,age_50_54,110278,persons,retro_projection,published,source.geostat_demography_population_age_sex,1!AM18 [2006-01-01],2026-10-01
demography.population_by_age_sex,country.georgia,2007,male,age_50_54,113373,persons,retro_projection,published,source.geostat_demography_population_age_sex,1!AP18 [2007-01-01],2026-10-01
demography.population_by_age_sex,country.georgia,2008,male,age_50_54,114980,persons,retro_projection,published,source.geostat_demography_population_age_sex,1!AS18 [2008-01-01],2026-10-01
demography.population_by_age_sex,country.georgia,2009,male,age_50_54,118106,persons,retro_projection,published,source.geostat_demography_population_age_sex,1!AV18 [2009-01-01],2026-10-01
demography.population_by_age_sex,country.georgia,2010,male,age_50_54,120430,persons,retro_projection,published,source.geostat_demography_population_age_sex,1!AY18 [2010-01-01],2026-10-01
demography.population_by_age_sex,country.georgia,2011,male,age_50_54,123377,persons,retro_projection,published,source.geostat_demography_population_age_sex,1!BB18 [2011-01-01],2026-10-01
demography.population_by_age_sex,country.georgia,2012,male,age_50_54,124897,persons,retro_projection,published,source.geostat_demography_population_age_sex,1!BE18 [2012-01-01],2026-10-01
demography.population_by_age_sex,country.georgia,2013,male,age_50_54,126113,persons,retro_projection,published,source.geostat_demography_population_age_sex,1!BH18 [2013-01-01],2026-10-01
demography.population_by_age_sex,country.georgia,2014,male,age_50_54,127216,persons,retro_projection,published,source.geostat_demography_population_age_sex,1!BK18 [2014-01-01],2026-10-01
demography.population_by_age_sex,country.georgia,2015,male,age_50_54,126062,persons,pre_census,published,source.geostat_demography_population_age_sex,1!BN18 [2015-01-01],2026-10-01
demography.population_by_age_sex,country.georgia,2016,male,age_50_54,122970,persons,pre_census,published,source.geostat_demography_population_age_sex,1!BQ18 [2016-01-01],2026-10-01
demography.population_by_age_sex,country.georgia,2017,male,age_50_54,119440,persons,pre_census,published,source.geostat_demography_population_age_sex,1!BT18 [2017-01-01],2026-10-01
demography.population_by_age_sex,country.georgia,2018,male,age_50_54,116533,persons,pre_census,published,source.geostat_demography_population_age_sex,1!BW18 [2018-01-01],2026-10-01
demography.population_by_age_sex,country.georgia,2019,male,age_50_54,113033,persons,pre_census,published,source.geostat_demography_population_age_sex,1!BZ18 [2019-01-01],2026-10-01
demography.population_by_age_sex,country.georgia,2020,male,age_50_54,110649,persons,pre_census,published,source.geostat_demography_population_age_sex,1!CC18 [2020-01-01],2026-10-01
demography.population_by_age_sex,country.georgia,2021,male,age_50_54,110161,persons,pre_census,published,source.geostat_demography_population_age_sex,1!CF18 [2021-01-01],2026-10-01
demography.population_by_age_sex,country.georgia,2022,male,age_50_54,109078,persons,pre_census,published,source.geostat_demography_population_age_sex,1!CI18 [2022-01-01],2026-10-01
demography.population_by_age_sex,country.georgia,2023,male,age_50_54,109199,persons,pre_census,published,source.geostat_demography_population_age_sex,1!CL18 [2023-01-01],2026-10-01
demography.population_by_age_sex,country.georgia,2024,male,age_50_54,110164,persons,pre_census,published,source.geostat_demography_population_age_sex,1!CO18 [2024-01-01],2026-10-01
demography.population_by_age_sex,country.georgia,2025,male,age_50_54,110136,persons,census_based,published,source.geostat_demography_population_age_sex,1!CR18 [2025-01-01],2026-10-01
demography.population_by_age_sex,country.georgia,2026,male,age_50_54,111569,persons,census_based,published,source.geostat_demography_population_age_sex,1!CU18 [2026-01-01],2026-10-01
demography.population_by_age_sex,country.georgia,2004,male,age_55_59,71136,persons,retro_projection,published,source.geostat_demography_population_age_sex,1!AG19 [2004-01-01],2026-10-01
demography.population_by_age_sex,country.georgia,2005,male,age_55_59,80602,persons,retro_projection,published,source.geostat_demography_population_age_sex,1!AJ19 [2005-01-01],2026-10-01
demography.population_by_age_sex,country.georgia,2006,male,age_55_59,88391,persons,retro_projection,published,source.geostat_demography_population_age_sex,1!AM19 [2006-01-01],2026-10-01
demography.population_by_age_sex,country.georgia,2007,male,age_55_59,93848,persons,retro_projection,published,source.geostat_demography_population_age_sex,1!AP19 [2007-01-01],2026-10-01
demography.population_by_age_sex,country.georgia,2008,male,age_55_59,97093,persons,retro_projection,published,source.geostat_demography_population_age_sex,1!AS19 [2008-01-01],2026-10-01
demography.population_by_age_sex,country.georgia,2009,male,age_55_59,99729,persons,retro_projection,published,source.geostat_demography_population_age_sex,1!AV19 [2009-01-01],2026-10-01
demography.population_by_age_sex,country.georgia,2010,male,age_55_59,101527,persons,retro_projection,published,source.geostat_demography_population_age_sex,1!AY19 [2010-01-01],2026-10-01
demography.population_by_age_sex,country.georgia,2011,male,age_55_59,102856,persons,retro_projection,published,source.geostat_demography_population_age_sex,1!BB19 [2011-01-01],2026-10-01
demography.population_by_age_sex,country.georgia,2012,male,age_55_59,105120,persons,retro_projection,published,source.geostat_demography_population_age_sex,1!BE19 [2012-01-01],2026-10-01
demography.population_by_age_sex,country.georgia,2013,male,age_55_59,106502,persons,retro_projection,published,source.geostat_demography_population_age_sex,1!BH19 [2013-01-01],2026-10-01
demography.population_by_age_sex,country.georgia,2014,male,age_55_59,109593,persons,retro_projection,published,source.geostat_demography_population_age_sex,1!BK19 [2014-01-01],2026-10-01
demography.population_by_age_sex,country.georgia,2015,male,age_55_59,112368,persons,pre_census,published,source.geostat_demography_population_age_sex,1!BN19 [2015-01-01],2026-10-01
demography.population_by_age_sex,country.georgia,2016,male,age_55_59,115953,persons,pre_census,published,source.geostat_demography_population_age_sex,1!BQ19 [2016-01-01],2026-10-01
demography.population_by_age_sex,country.georgia,2017,male,age_55_59,118312,persons,pre_census,published,source.geostat_demography_population_age_sex,1!BT19 [2017-01-01],2026-10-01
demography.population_by_age_sex,country.georgia,2018,male,age_55_59,120456,persons,pre_census,published,source.geostat_demography_population_age_sex,1!BW19 [2018-01-01],2026-10-01
demography.population_by_age_sex,country.georgia,2019,male,age_55_59,121364,persons,pre_census,published,source.geostat_demography_population_age_sex,1!BZ19 [2019-01-01],2026-10-01
demography.population_by_age_sex,country.georgia,2020,male,age_55_59,120224,persons,pre_census,published,source.geostat_demography_population_age_sex,1!CC19 [2020-01-01],2026-10-01
demography.population_by_age_sex,country.georgia,2021,male,age_55_59,116709,persons,pre_census,published,source.geostat_demography_population_age_sex,1!CF19 [2021-01-01],2026-10-01
demography.population_by_age_sex,country.georgia,2022,male,age_55_59,112217,persons,pre_census,published,source.geostat_demography_population_age_sex,1!CI19 [2022-01-01],2026-10-01
demography.population_by_age_sex,country.georgia,2023,male,age_55_59,109277,persons,pre_census,published,source.geostat_demography_population_age_sex,1!CL19 [2023-01-01],2026-10-01
demography.population_by_age_sex,country.georgia,2024,male,age_55_59,106801,persons,pre_census,published,source.geostat_demography_population_age_sex,1!CO19 [2024-01-01],2026-10-01
demography.population_by_age_sex,country.georgia,2025,male,age_55_59,100692,persons,census_based,published,source.geostat_demography_population_age_sex,1!CR19 [2025-01-01],2026-10-01
demography.population_by_age_sex,country.georgia,2026,male,age_55_59,101180,persons,census_based,published,source.geostat_demography_population_age_sex,1!CU19 [2026-01-01],2026-10-01
demography.population_by_age_sex,country.georgia,2004,male,age_60_64,81457,persons,retro_projection,published,source.geostat_demography_population_age_sex,1!AG20 [2004-01-01],2026-10-01
demography.population_by_age_sex,country.georgia,2005,male,age_60_64,70224,persons,retro_projection,published,source.geostat_demography_population_age_sex,1!AJ20 [2005-01-01],2026-10-01
demography.population_by_age_sex,country.georgia,2006,male,age_60_64,60398,persons,retro_projection,published,source.geostat_demography_population_age_sex,1!AM20 [2006-01-01],2026-10-01
demography.population_by_age_sex,country.georgia,2007,male,age_60_64,56866,persons,retro_projection,published,source.geostat_demography_population_age_sex,1!AP20 [2007-01-01],2026-10-01
demography.population_by_age_sex,country.georgia,2008,male,age_60_64,59663,persons,retro_projection,published,source.geostat_demography_population_age_sex,1!AS20 [2008-01-01],2026-10-01
demography.population_by_age_sex,country.georgia,2009,male,age_60_64,67102,persons,retro_projection,published,source.geostat_demography_population_age_sex,1!AV20 [2009-01-01],2026-10-01
demography.population_by_age_sex,country.georgia,2010,male,age_60_64,75684,persons,retro_projection,published,source.geostat_demography_population_age_sex,1!AY20 [2010-01-01],2026-10-01
demography.population_by_age_sex,country.georgia,2011,male,age_60_64,82487,persons,retro_projection,published,source.geostat_demography_population_age_sex,1!BB20 [2011-01-01],2026-10-01
demography.population_by_age_sex,country.georgia,2012,male,age_60_64,86288,persons,retro_projection,published,source.geostat_demography_population_age_sex,1!BE20 [2012-01-01],2026-10-01
demography.population_by_age_sex,country.georgia,2013,male,age_60_64,88629,persons,retro_projection,published,source.geostat_demography_population_age_sex,1!BH20 [2013-01-01],2026-10-01
demography.population_by_age_sex,country.georgia,2014,male,age_60_64,90825,persons,retro_projection,published,source.geostat_demography_population_age_sex,1!BK20 [2014-01-01],2026-10-01
demography.population_by_age_sex,country.georgia,2015,male,age_60_64,92648,persons,pre_census,published,source.geostat_demography_population_age_sex,1!BN20 [2015-01-01],2026-10-01
demography.population_by_age_sex,country.georgia,2016,male,age_60_64,94163,persons,pre_census,published,source.geostat_demography_population_age_sex,1!BQ20 [2016-01-01],2026-10-01
demography.population_by_age_sex,country.georgia,2017,male,age_60_64,96598,persons,pre_census,published,source.geostat_demography_population_age_sex,1!BT20 [2017-01-01],2026-10-01
demography.population_by_age_sex,country.georgia,2018,male,age_60_64,98302,persons,pre_census,published,source.geostat_demography_population_age_sex,1!BW20 [2018-01-01],2026-10-01
demography.population_by_age_sex,country.georgia,2019,male,age_60_64,101154,persons,pre_census,published,source.geostat_demography_population_age_sex,1!BZ20 [2019-01-01],2026-10-01
demography.population_by_age_sex,country.georgia,2020,male,age_60_64,103896,persons,pre_census,published,source.geostat_demography_population_age_sex,1!CC20 [2020-01-01],2026-10-01
demography.population_by_age_sex,country.georgia,2021,male,age_60_64,106883,persons,pre_census,published,source.geostat_demography_population_age_sex,1!CF20 [2021-01-01],2026-10-01
demography.population_by_age_sex,country.georgia,2022,male,age_60_64,108169,persons,pre_census,published,source.geostat_demography_population_age_sex,1!CI20 [2022-01-01],2026-10-01
demography.population_by_age_sex,country.georgia,2023,male,age_60_64,110251,persons,pre_census,published,source.geostat_demography_population_age_sex,1!CL20 [2023-01-01],2026-10-01
demography.population_by_age_sex,country.georgia,2024,male,age_60_64,111356,persons,pre_census,published,source.geostat_demography_population_age_sex,1!CO20 [2024-01-01],2026-10-01
demography.population_by_age_sex,country.georgia,2025,male,age_60_64,106789,persons,census_based,published,source.geostat_demography_population_age_sex,1!CR20 [2025-01-01],2026-10-01
demography.population_by_age_sex,country.georgia,2026,male,age_60_64,102741,persons,census_based,published,source.geostat_demography_population_age_sex,1!CU20 [2026-01-01],2026-10-01
demography.population_by_age_sex,country.georgia,2004,male,age_65_69,86171,persons,retro_projection,published,source.geostat_demography_population_age_sex,1!AG21 [2004-01-01],2026-10-01
demography.population_by_age_sex,country.georgia,2005,male,age_65_69,88895,persons,retro_projection,published,source.geostat_demography_population_age_sex,1!AJ21 [2005-01-01],2026-10-01
demography.population_by_age_sex,country.georgia,2006,male,age_65_69,90558,persons,retro_projection,published,source.geostat_demography_population_age_sex,1!AM21 [2006-01-01],2026-10-01
demography.population_by_age_sex,country.georgia,2007,male,age_65_69,88342,persons,retro_projection,published,source.geostat_demography_population_age_sex,1!AP21 [2007-01-01],2026-10-01
demography.population_by_age_sex,country.georgia,2008,male,age_65_69,81075,persons,retro_projection,published,source.geostat_demography_population_age_sex,1!AS21 [2008-01-01],2026-10-01
demography.population_by_age_sex,country.georgia,2009,male,age_65_69,69571,persons,retro_projection,published,source.geostat_demography_population_age_sex,1!AV21 [2009-01-01],2026-10-01
demography.population_by_age_sex,country.georgia,2010,male,age_65_69,58666,persons,retro_projection,published,source.geostat_demography_population_age_sex,1!AY21 [2010-01-01],2026-10-01
demography.population_by_age_sex,country.georgia,2011,male,age_65_69,51032,persons,retro_projection,published,source.geostat_demography_population_age_sex,1!BB21 [2011-01-01],2026-10-01
demography.population_by_age_sex,country.georgia,2012,male,age_65_69,48876,persons,retro_projection,published,source.geostat_demography_population_age_sex,1!BE21 [2012-01-01],2026-10-01
demography.population_by_age_sex,country.georgia,2013,male,age_65_69,52121,persons,retro_projection,published,source.geostat_demography_population_age_sex,1!BH21 [2013-01-01],2026-10-01
demography.population_by_age_sex,country.georgia,2014,male,age_65_69,58876,persons,retro_projection,published,source.geostat_demography_population_age_sex,1!BK21 [2014-01-01],2026-10-01
demography.population_by_age_sex,country.georgia,2015,male,age_65_69,66186,persons,pre_census,published,source.geostat_demography_population_age_sex,1!BN21 [2015-01-01],2026-10-01
demography.population_by_age_sex,country.georgia,2016,male,age_65_69,72234,persons,pre_census,published,source.geostat_demography_population_age_sex,1!BQ21 [2016-01-01],2026-10-01
demography.population_by_age_sex,country.georgia,2017,male,age_65_69,75686,persons,pre_census,published,source.geostat_demography_population_age_sex,1!BT21 [2017-01-01],2026-10-01
demography.population_by_age_sex,country.georgia,2018,male,age_65_69,78040,persons,pre_census,published,source.geostat_demography_population_age_sex,1!BW21 [2018-01-01],2026-10-01
demography.population_by_age_sex,country.georgia,2019,male,age_65_69,79925,persons,pre_census,published,source.geostat_demography_population_age_sex,1!BZ21 [2019-01-01],2026-10-01
demography.population_by_age_sex,country.georgia,2020,male,age_65_69,81659,persons,pre_census,published,source.geostat_demography_population_age_sex,1!CC21 [2020-01-01],2026-10-01
demography.population_by_age_sex,country.georgia,2021,male,age_65_69,82542,persons,pre_census,published,source.geostat_demography_population_age_sex,1!CF21 [2021-01-01],2026-10-01
demography.population_by_age_sex,country.georgia,2022,male,age_65_69,84243,persons,pre_census,published,source.geostat_demography_population_age_sex,1!CI21 [2022-01-01],2026-10-01
demography.population_by_age_sex,country.georgia,2023,male,age_65_69,85869,persons,pre_census,published,source.geostat_demography_population_age_sex,1!CL21 [2023-01-01],2026-10-01
demography.population_by_age_sex,country.georgia,2024,male,age_65_69,88801,persons,pre_census,published,source.geostat_demography_population_age_sex,1!CO21 [2024-01-01],2026-10-01
demography.population_by_age_sex,country.georgia,2025,male,age_65_69,105653,persons,census_based,published,source.geostat_demography_population_age_sex,1!CR21 [2025-01-01],2026-10-01
demography.population_by_age_sex,country.georgia,2026,male,age_65_69,107268,persons,census_based,published,source.geostat_demography_population_age_sex,1!CU21 [2026-01-01],2026-10-01
demography.population_by_age_sex,country.georgia,2004,male,age_70_74,66382,persons,retro_projection,published,source.geostat_demography_population_age_sex,1!AG22 [2004-01-01],2026-10-01
demography.population_by_age_sex,country.georgia,2005,male,age_70_74,64964,persons,retro_projection,published,source.geostat_demography_population_age_sex,1!AJ22 [2005-01-01],2026-10-01
demography.population_by_age_sex,country.georgia,2006,male,age_70_74,64400,persons,retro_projection,published,source.geostat_demography_population_age_sex,1!AM22 [2006-01-01],2026-10-01
demography.population_by_age_sex,country.georgia,2007,male,age_70_74,64930,persons,retro_projection,published,source.geostat_demography_population_age_sex,1!AP22 [2007-01-01],2026-10-01
demography.population_by_age_sex,country.georgia,2008,male,age_70_74,66351,persons,retro_projection,published,source.geostat_demography_population_age_sex,1!AS22 [2008-01-01],2026-10-01
demography.population_by_age_sex,country.georgia,2009,male,age_70_74,68541,persons,retro_projection,published,source.geostat_demography_population_age_sex,1!AV22 [2009-01-01],2026-10-01
demography.population_by_age_sex,country.georgia,2010,male,age_70_74,70900,persons,retro_projection,published,source.geostat_demography_population_age_sex,1!AY22 [2010-01-01],2026-10-01
demography.population_by_age_sex,country.georgia,2011,male,age_70_74,71695,persons,retro_projection,published,source.geostat_demography_population_age_sex,1!BB22 [2011-01-01],2026-10-01
demography.population_by_age_sex,country.georgia,2012,male,age_70_74,69408,persons,retro_projection,published,source.geostat_demography_population_age_sex,1!BE22 [2012-01-01],2026-10-01
demography.population_by_age_sex,country.georgia,2013,male,age_70_74,63435,persons,retro_projection,published,source.geostat_demography_population_age_sex,1!BH22 [2013-01-01],2026-10-01
demography.population_by_age_sex,country.georgia,2014,male,age_70_74,54705,persons,retro_projection,published,source.geostat_demography_population_age_sex,1!BK22 [2014-01-01],2026-10-01
demography.population_by_age_sex,country.georgia,2015,male,age_70_74,47106,persons,pre_census,published,source.geostat_demography_population_age_sex,1!BN22 [2015-01-01],2026-10-01
demography.population_by_age_sex,country.georgia,2016,male,age_70_74,41203,persons,pre_census,published,source.geostat_demography_population_age_sex,1!BQ22 [2016-01-01],2026-10-01
demography.population_by_age_sex,country.georgia,2017,male,age_70_74,39705,persons,pre_census,published,source.geostat_demography_population_age_sex,1!BT22 [2017-01-01],2026-10-01
demography.population_by_age_sex,country.georgia,2018,male,age_70_74,42649,persons,pre_census,published,source.geostat_demography_population_age_sex,1!BW22 [2018-01-01],2026-10-01
demography.population_by_age_sex,country.georgia,2019,male,age_70_74,48307,persons,pre_census,published,source.geostat_demography_population_age_sex,1!BZ22 [2019-01-01],2026-10-01
demography.population_by_age_sex,country.georgia,2020,male,age_70_74,54381,persons,pre_census,published,source.geostat_demography_population_age_sex,1!CC22 [2020-01-01],2026-10-01
demography.population_by_age_sex,country.georgia,2021,male,age_70_74,58915,persons,pre_census,published,source.geostat_demography_population_age_sex,1!CF22 [2021-01-01],2026-10-01
demography.population_by_age_sex,country.georgia,2022,male,age_70_74,60970,persons,pre_census,published,source.geostat_demography_population_age_sex,1!CI22 [2022-01-01],2026-10-01
demography.population_by_age_sex,country.georgia,2023,male,age_70_74,62982,persons,pre_census,published,source.geostat_demography_population_age_sex,1!CL22 [2023-01-01],2026-10-01
demography.population_by_age_sex,country.georgia,2024,male,age_70_74,64878,persons,pre_census,published,source.geostat_demography_population_age_sex,1!CO22 [2024-01-01],2026-10-01
demography.population_by_age_sex,country.georgia,2025,male,age_70_74,75477,persons,census_based,published,source.geostat_demography_population_age_sex,1!CR22 [2025-01-01],2026-10-01
demography.population_by_age_sex,country.georgia,2026,male,age_70_74,77879,persons,census_based,published,source.geostat_demography_population_age_sex,1!CU22 [2026-01-01],2026-10-01
demography.population_by_age_sex,country.georgia,2004,male,age_75_79,43142,persons,retro_projection,published,source.geostat_demography_population_age_sex,1!AG23 [2004-01-01],2026-10-01
demography.population_by_age_sex,country.georgia,2005,male,age_75_79,44969,persons,retro_projection,published,source.geostat_demography_population_age_sex,1!AJ23 [2005-01-01],2026-10-01
demography.population_by_age_sex,country.georgia,2006,male,age_75_79,46599,persons,retro_projection,published,source.geostat_demography_population_age_sex,1!AM23 [2006-01-01],2026-10-01
demography.population_by_age_sex,country.georgia,2007,male,age_75_79,46890,persons,retro_projection,published,source.geostat_demography_population_age_sex,1!AP23 [2007-01-01],2026-10-01
demography.population_by_age_sex,country.georgia,2008,male,age_75_79,46573,persons,retro_projection,published,source.geostat_demography_population_age_sex,1!AS23 [2008-01-01],2026-10-01
demography.population_by_age_sex,country.georgia,2009,male,age_75_79,45226,persons,retro_projection,published,source.geostat_demography_population_age_sex,1!AV23 [2009-01-01],2026-10-01
demography.population_by_age_sex,country.georgia,2010,male,age_75_79,43882,persons,retro_projection,published,source.geostat_demography_population_age_sex,1!AY23 [2010-01-01],2026-10-01
demography.population_by_age_sex,country.georgia,2011,male,age_75_79,43842,persons,retro_projection,published,source.geostat_demography_population_age_sex,1!BB23 [2011-01-01],2026-10-01
demography.population_by_age_sex,country.georgia,2012,male,age_75_79,44915,persons,retro_projection,published,source.geostat_demography_population_age_sex,1!BE23 [2012-01-01],2026-10-01
demography.population_by_age_sex,country.georgia,2013,male,age_75_79,46551,persons,retro_projection,published,source.geostat_demography_population_age_sex,1!BH23 [2013-01-01],2026-10-01
demography.population_by_age_sex,country.georgia,2014,male,age_75_79,48457,persons,retro_projection,published,source.geostat_demography_population_age_sex,1!BK23 [2014-01-01],2026-10-01
demography.population_by_age_sex,country.georgia,2015,male,age_75_79,50186,persons,pre_census,published,source.geostat_demography_population_age_sex,1!BN23 [2015-01-01],2026-10-01
demography.population_by_age_sex,country.georgia,2016,male,age_75_79,51101,persons,pre_census,published,source.geostat_demography_population_age_sex,1!BQ23 [2016-01-01],2026-10-01
demography.population_by_age_sex,country.georgia,2017,male,age_75_79,49307,persons,pre_census,published,source.geostat_demography_population_age_sex,1!BT23 [2017-01-01],2026-10-01
demography.population_by_age_sex,country.georgia,2018,male,age_75_79,45148,persons,pre_census,published,source.geostat_demography_population_age_sex,1!BW23 [2018-01-01],2026-10-01
demography.population_by_age_sex,country.georgia,2019,male,age_75_79,38731,persons,pre_census,published,source.geostat_demography_population_age_sex,1!BZ23 [2019-01-01],2026-10-01
demography.population_by_age_sex,country.georgia,2020,male,age_75_79,33502,persons,pre_census,published,source.geostat_demography_population_age_sex,1!CC23 [2020-01-01],2026-10-01
demography.population_by_age_sex,country.georgia,2021,male,age_75_79,29271,persons,pre_census,published,source.geostat_demography_population_age_sex,1!CF23 [2021-01-01],2026-10-01
demography.population_by_age_sex,country.georgia,2022,male,age_75_79,28114,persons,pre_census,published,source.geostat_demography_population_age_sex,1!CI23 [2022-01-01],2026-10-01
demography.population_by_age_sex,country.georgia,2023,male,age_75_79,30597,persons,pre_census,published,source.geostat_demography_population_age_sex,1!CL23 [2023-01-01],2026-10-01
demography.population_by_age_sex,country.georgia,2024,male,age_75_79,34957,persons,pre_census,published,source.geostat_demography_population_age_sex,1!CO23 [2024-01-01],2026-10-01
demography.population_by_age_sex,country.georgia,2025,male,age_75_79,43882,persons,census_based,published,source.geostat_demography_population_age_sex,1!CR23 [2025-01-01],2026-10-01
demography.population_by_age_sex,country.georgia,2026,male,age_75_79,48859,persons,census_based,published,source.geostat_demography_population_age_sex,1!CU23 [2026-01-01],2026-10-01
demography.population_by_age_sex,country.georgia,2004,male,age_80_84,14672,persons,retro_projection,published,source.geostat_demography_population_age_sex,1!AG24 [2004-01-01],2026-10-01
demography.population_by_age_sex,country.georgia,2005,male,age_80_84,15790,persons,retro_projection,published,source.geostat_demography_population_age_sex,1!AJ24 [2005-01-01],2026-10-01
demography.population_by_age_sex,country.georgia,2006,male,age_80_84,17345,persons,retro_projection,published,source.geostat_demography_population_age_sex,1!AM24 [2006-01-01],2026-10-01
demography.population_by_age_sex,country.georgia,2007,male,age_80_84,19107,persons,retro_projection,published,source.geostat_demography_population_age_sex,1!AP24 [2007-01-01],2026-10-01
demography.population_by_age_sex,country.georgia,2008,male,age_80_84,21153,persons,retro_projection,published,source.geostat_demography_population_age_sex,1!AS24 [2008-01-01],2026-10-01
demography.population_by_age_sex,country.georgia,2009,male,age_80_84,23465,persons,retro_projection,published,source.geostat_demography_population_age_sex,1!AV24 [2009-01-01],2026-10-01
demography.population_by_age_sex,country.georgia,2010,male,age_80_84,25383,persons,retro_projection,published,source.geostat_demography_population_age_sex,1!AY24 [2010-01-01],2026-10-01
demography.population_by_age_sex,country.georgia,2011,male,age_80_84,26301,persons,retro_projection,published,source.geostat_demography_population_age_sex,1!BB24 [2011-01-01],2026-10-01
demography.population_by_age_sex,country.georgia,2012,male,age_80_84,26104,persons,retro_projection,published,source.geostat_demography_population_age_sex,1!BE24 [2012-01-01],2026-10-01
demography.population_by_age_sex,country.georgia,2013,male,age_80_84,26097,persons,retro_projection,published,source.geostat_demography_population_age_sex,1!BH24 [2013-01-01],2026-10-01
demography.population_by_age_sex,country.georgia,2014,male,age_80_84,25511,persons,retro_projection,published,source.geostat_demography_population_age_sex,1!BK24 [2014-01-01],2026-10-01
demography.population_by_age_sex,country.georgia,2015,male,age_80_84,25101,persons,pre_census,published,source.geostat_demography_population_age_sex,1!BN24 [2015-01-01],2026-10-01
demography.population_by_age_sex,country.georgia,2016,male,age_80_84,25255,persons,pre_census,published,source.geostat_demography_population_age_sex,1!BQ24 [2016-01-01],2026-10-01
demography.population_by_age_sex,country.georgia,2017,male,age_80_84,25976,persons,pre_census,published,source.geostat_demography_population_age_sex,1!BT24 [2017-01-01],2026-10-01
demography.population_by_age_sex,country.georgia,2018,male,age_80_84,27115,persons,pre_census,published,source.geostat_demography_population_age_sex,1!BW24 [2018-01-01],2026-10-01
demography.population_by_age_sex,country.georgia,2019,male,age_80_84,28418,persons,pre_census,published,source.geostat_demography_population_age_sex,1!BZ24 [2019-01-01],2026-10-01
demography.population_by_age_sex,country.georgia,2020,male,age_80_84,29476,persons,pre_census,published,source.geostat_demography_population_age_sex,1!CC24 [2020-01-01],2026-10-01
demography.population_by_age_sex,country.georgia,2021,male,age_80_84,29919,persons,pre_census,published,source.geostat_demography_population_age_sex,1!CF24 [2021-01-01],2026-10-01
demography.population_by_age_sex,country.georgia,2022,male,age_80_84,28017,persons,pre_census,published,source.geostat_demography_population_age_sex,1!CI24 [2022-01-01],2026-10-01
demography.population_by_age_sex,country.georgia,2023,male,age_80_84,25499,persons,pre_census,published,source.geostat_demography_population_age_sex,1!CL24 [2023-01-01],2026-10-01
demography.population_by_age_sex,country.georgia,2024,male,age_80_84,21964,persons,pre_census,published,source.geostat_demography_population_age_sex,1!CO24 [2024-01-01],2026-10-01
demography.population_by_age_sex,country.georgia,2025,male,age_80_84,22173,persons,census_based,published,source.geostat_demography_population_age_sex,1!CR24 [2025-01-01],2026-10-01
demography.population_by_age_sex,country.georgia,2026,male,age_80_84,20075,persons,census_based,published,source.geostat_demography_population_age_sex,1!CU24 [2026-01-01],2026-10-01
demography.population_by_age_sex,country.georgia,2004,male,age_85_plus,7809,persons,retro_projection,published,source.geostat_demography_population_age_sex,1!AG25 [2004-01-01],2026-10-01
demography.population_by_age_sex,country.georgia,2005,male,age_85_plus,7388,persons,retro_projection,published,source.geostat_demography_population_age_sex,1!AJ25 [2005-01-01],2026-10-01
demography.population_by_age_sex,country.georgia,2006,male,age_85_plus,7162,persons,retro_projection,published,source.geostat_demography_population_age_sex,1!AM25 [2006-01-01],2026-10-01
demography.population_by_age_sex,country.georgia,2007,male,age_85_plus,7177,persons,retro_projection,published,source.geostat_demography_population_age_sex,1!AP25 [2007-01-01],2026-10-01
demography.population_by_age_sex,country.georgia,2008,male,age_85_plus,7191,persons,retro_projection,published,source.geostat_demography_population_age_sex,1!AS25 [2008-01-01],2026-10-01
demography.population_by_age_sex,country.georgia,2009,male,age_85_plus,7368,persons,retro_projection,published,source.geostat_demography_population_age_sex,1!AV25 [2009-01-01],2026-10-01
demography.population_by_age_sex,country.georgia,2010,male,age_85_plus,7891,persons,retro_projection,published,source.geostat_demography_population_age_sex,1!AY25 [2010-01-01],2026-10-01
demography.population_by_age_sex,country.georgia,2011,male,age_85_plus,8691,persons,retro_projection,published,source.geostat_demography_population_age_sex,1!BB25 [2011-01-01],2026-10-01
demography.population_by_age_sex,country.georgia,2012,male,age_85_plus,9514,persons,retro_projection,published,source.geostat_demography_population_age_sex,1!BE25 [2012-01-01],2026-10-01
demography.population_by_age_sex,country.georgia,2013,male,age_85_plus,10509,persons,retro_projection,published,source.geostat_demography_population_age_sex,1!BH25 [2013-01-01],2026-10-01
demography.population_by_age_sex,country.georgia,2014,male,age_85_plus,11479,persons,retro_projection,published,source.geostat_demography_population_age_sex,1!BK25 [2014-01-01],2026-10-01
demography.population_by_age_sex,country.georgia,2015,male,age_85_plus,12185,persons,pre_census,published,source.geostat_demography_population_age_sex,1!BN25 [2015-01-01],2026-10-01
demography.population_by_age_sex,country.georgia,2016,male,age_85_plus,12835,persons,pre_census,published,source.geostat_demography_population_age_sex,1!BQ25 [2016-01-01],2026-10-01
demography.population_by_age_sex,country.georgia,2017,male,age_85_plus,12548,persons,pre_census,published,source.geostat_demography_population_age_sex,1!BT25 [2017-01-01],2026-10-01
demography.population_by_age_sex,country.georgia,2018,male,age_85_plus,12926,persons,pre_census,published,source.geostat_demography_population_age_sex,1!BW25 [2018-01-01],2026-10-01
demography.population_by_age_sex,country.georgia,2019,male,age_85_plus,12981,persons,pre_census,published,source.geostat_demography_population_age_sex,1!BZ25 [2019-01-01],2026-10-01
demography.population_by_age_sex,country.georgia,2020,male,age_85_plus,12954,persons,pre_census,published,source.geostat_demography_population_age_sex,1!CC25 [2020-01-01],2026-10-01
demography.population_by_age_sex,country.georgia,2021,male,age_85_plus,13040,persons,pre_census,published,source.geostat_demography_population_age_sex,1!CF25 [2021-01-01],2026-10-01
demography.population_by_age_sex,country.georgia,2022,male,age_85_plus,12346,persons,pre_census,published,source.geostat_demography_population_age_sex,1!CI25 [2022-01-01],2026-10-01
demography.population_by_age_sex,country.georgia,2023,male,age_85_plus,12467,persons,pre_census,published,source.geostat_demography_population_age_sex,1!CL25 [2023-01-01],2026-10-01
demography.population_by_age_sex,country.georgia,2024,male,age_85_plus,13129,persons,pre_census,published,source.geostat_demography_population_age_sex,1!CO25 [2024-01-01],2026-10-01
demography.population_by_age_sex,country.georgia,2025,male,age_85_plus,17740,persons,census_based,published,source.geostat_demography_population_age_sex,1!CR25 [2025-01-01],2026-10-01
demography.population_by_age_sex,country.georgia,2026,male,age_85_plus,19083,persons,census_based,published,source.geostat_demography_population_age_sex,1!CU25 [2026-01-01],2026-10-01
demography.population_age_band,country.georgia,2004,male,band_0_14,408417,persons,retro_projection,published,source.geostat_demography_population_age_sex,1!AG7:AG10 (sum) [2004-01-01],2026-10-01
demography.population_age_band,country.georgia,2005,male,band_0_14,397106,persons,retro_projection,published,source.geostat_demography_population_age_sex,1!AJ7:AJ10 (sum) [2005-01-01],2026-10-01
demography.population_age_band,country.georgia,2006,male,band_0_14,384184,persons,retro_projection,published,source.geostat_demography_population_age_sex,1!AM7:AM10 (sum) [2006-01-01],2026-10-01
demography.population_age_band,country.georgia,2007,male,band_0_14,372684,persons,retro_projection,published,source.geostat_demography_population_age_sex,1!AP7:AP10 (sum) [2007-01-01],2026-10-01
demography.population_age_band,country.georgia,2008,male,band_0_14,364485,persons,retro_projection,published,source.geostat_demography_population_age_sex,1!AS7:AS10 (sum) [2008-01-01],2026-10-01
demography.population_age_band,country.georgia,2009,male,band_0_14,362218,persons,retro_projection,published,source.geostat_demography_population_age_sex,1!AV7:AV10 (sum) [2009-01-01],2026-10-01
demography.population_age_band,country.georgia,2010,male,band_0_14,362803,persons,retro_projection,published,source.geostat_demography_population_age_sex,1!AY7:AY10 (sum) [2010-01-01],2026-10-01
demography.population_age_band,country.georgia,2011,male,band_0_14,362499,persons,retro_projection,published,source.geostat_demography_population_age_sex,1!BB7:BB10 (sum) [2011-01-01],2026-10-01
demography.population_age_band,country.georgia,2012,male,band_0_14,360063,persons,retro_projection,published,source.geostat_demography_population_age_sex,1!BE7:BE10 (sum) [2012-01-01],2026-10-01
demography.population_age_band,country.georgia,2013,male,band_0_14,359349,persons,retro_projection,published,source.geostat_demography_population_age_sex,1!BH7:BH10 (sum) [2013-01-01],2026-10-01
demography.population_age_band,country.georgia,2014,male,band_0_14,360786,persons,retro_projection,published,source.geostat_demography_population_age_sex,1!BK7:BK10 (sum) [2014-01-01],2026-10-01
demography.population_age_band,country.georgia,2015,male,band_0_14,369106,persons,pre_census,published,source.geostat_demography_population_age_sex,1!BN7:BN10 (sum) [2015-01-01],2026-10-01
demography.population_age_band,country.georgia,2016,male,band_0_14,377164,persons,pre_census,published,source.geostat_demography_population_age_sex,1!BQ7:BQ10 (sum) [2016-01-01],2026-10-01
demography.population_age_band,country.georgia,2017,male,band_0_14,383351,persons,pre_census,published,source.geostat_demography_population_age_sex,1!BT7:BT10 (sum) [2017-01-01],2026-10-01
demography.population_age_band,country.georgia,2018,male,band_0_14,389222,persons,pre_census,published,source.geostat_demography_population_age_sex,1!BW7:BW10 (sum) [2018-01-01],2026-10-01
demography.population_age_band,country.georgia,2019,male,band_0_14,393607,persons,pre_census,published,source.geostat_demography_population_age_sex,1!BZ7:BZ10 (sum) [2019-01-01],2026-10-01
demography.population_age_band,country.georgia,2020,male,band_0_14,395238,persons,pre_census,published,source.geostat_demography_population_age_sex,1!CC7:CC10 (sum) [2020-01-01],2026-10-01
demography.population_age_band,country.georgia,2021,male,band_0_14,397935,persons,pre_census,published,source.geostat_demography_population_age_sex,1!CF7:CF10 (sum) [2021-01-01],2026-10-01
demography.population_age_band,country.georgia,2022,male,band_0_14,398812,persons,pre_census,published,source.geostat_demography_population_age_sex,1!CI7:CI10 (sum) [2022-01-01],2026-10-01
demography.population_age_band,country.georgia,2023,male,band_0_14,401007,persons,pre_census,published,source.geostat_demography_population_age_sex,1!CL7:CL10 (sum) [2023-01-01],2026-10-01
demography.population_age_band,country.georgia,2024,male,band_0_14,374460,persons,pre_census,published,source.geostat_demography_population_age_sex,1!CO7:CO10 (sum) [2024-01-01],2026-10-01
demography.population_age_band,country.georgia,2025,male,band_0_14,400900,persons,census_based,published,source.geostat_demography_population_age_sex,1!CR7:CR10 (sum) [2025-01-01],2026-10-01
demography.population_age_band,country.georgia,2026,male,band_0_14,389079,persons,census_based,published,source.geostat_demography_population_age_sex,1!CU7:CU10 (sum) [2026-01-01],2026-10-01
demography.population_age_band,country.georgia,2004,male,band_15_64,1248164,persons,retro_projection,published,source.geostat_demography_population_age_sex,1!AG11:AG20 (sum) [2004-01-01],2026-10-01
demography.population_age_band,country.georgia,2005,male,band_15_64,1247386,persons,retro_projection,published,source.geostat_demography_population_age_sex,1!AJ11:AJ20 (sum) [2005-01-01],2026-10-01
demography.population_age_band,country.georgia,2006,male,band_15_64,1242322,persons,retro_projection,published,source.geostat_demography_population_age_sex,1!AM11:AM20 (sum) [2006-01-01],2026-10-01
demography.population_age_band,country.georgia,2007,male,band_15_64,1247433,persons,retro_projection,published,source.geostat_demography_population_age_sex,1!AP11:AP20 (sum) [2007-01-01],2026-10-01
demography.population_age_band,country.georgia,2008,male,band_15_64,1247388,persons,retro_projection,published,source.geostat_demography_population_age_sex,1!AS11:AS20 (sum) [2008-01-01],2026-10-01
demography.population_age_band,country.georgia,2009,male,band_15_64,1248937,persons,retro_projection,published,source.geostat_demography_population_age_sex,1!AV11:AV20 (sum) [2009-01-01],2026-10-01
demography.population_age_band,country.georgia,2010,male,band_15_64,1241061,persons,retro_projection,published,source.geostat_demography_population_age_sex,1!AY11:AY20 (sum) [2010-01-01],2026-10-01
demography.population_age_band,country.georgia,2011,male,band_15_64,1234047,persons,retro_projection,published,source.geostat_demography_population_age_sex,1!BB11:BB20 (sum) [2011-01-01],2026-10-01
demography.population_age_band,country.georgia,2012,male,band_15_64,1222475,persons,retro_projection,published,source.geostat_demography_population_age_sex,1!BE11:BE20 (sum) [2012-01-01],2026-10-01
demography.population_age_band,country.georgia,2013,male,band_15_64,1214651,persons,retro_projection,published,source.geostat_demography_population_age_sex,1!BH11:BH20 (sum) [2013-01-01],2026-10-01
demography.population_age_band,country.georgia,2014,male,band_15_64,1213770,persons,retro_projection,published,source.geostat_demography_population_age_sex,1!BK11:BK20 (sum) [2014-01-01],2026-10-01
demography.population_age_band,country.georgia,2015,male,band_15_64,1207268,persons,pre_census,published,source.geostat_demography_population_age_sex,1!BN11:BN20 (sum) [2015-01-01],2026-10-01
demography.population_age_band,country.georgia,2016,male,band_15_64,1203925,persons,pre_census,published,source.geostat_demography_population_age_sex,1!BQ11:BQ20 (sum) [2016-01-01],2026-10-01
demography.population_age_band,country.georgia,2017,male,band_15_64,1199033,persons,pre_census,published,source.geostat_demography_population_age_sex,1!BT11:BT20 (sum) [2017-01-01],2026-10-01
demography.population_age_band,country.georgia,2018,male,band_15_64,1196459,persons,pre_census,published,source.geostat_demography_population_age_sex,1!BW11:BW20 (sum) [2018-01-01],2026-10-01
demography.population_age_band,country.georgia,2019,male,band_15_64,1188930,persons,pre_census,published,source.geostat_demography_population_age_sex,1!BZ11:BZ20 (sum) [2019-01-01],2026-10-01
demography.population_age_band,country.georgia,2020,male,band_15_64,1183069,persons,pre_census,published,source.geostat_demography_population_age_sex,1!CC11:CC20 (sum) [2020-01-01],2026-10-01
demography.population_age_band,country.georgia,2021,male,band_15_64,1184601,persons,pre_census,published,source.geostat_demography_population_age_sex,1!CF11:CF20 (sum) [2021-01-01],2026-10-01
demography.population_age_band,country.georgia,2022,male,band_15_64,1157493,persons,pre_census,published,source.geostat_demography_population_age_sex,1!CI11:CI20 (sum) [2022-01-01],2026-10-01
demography.population_age_band,country.georgia,2023,male,band_15_64,1175399,persons,pre_census,published,source.geostat_demography_population_age_sex,1!CL11:CL20 (sum) [2023-01-01],2026-10-01
demography.population_age_band,country.georgia,2024,male,band_15_64,1176280,persons,pre_census,published,source.geostat_demography_population_age_sex,1!CO11:CO20 (sum) [2024-01-01],2026-10-01
demography.population_age_band,country.georgia,2025,male,band_15_64,1215616,persons,census_based,published,source.geostat_demography_population_age_sex,1!CR11:CR20 (sum) [2025-01-01],2026-10-01
demography.population_age_band,country.georgia,2026,male,band_15_64,1225403,persons,census_based,published,source.geostat_demography_population_age_sex,1!CU11:CU20 (sum) [2026-01-01],2026-10-01
demography.population_age_band,country.georgia,2004,male,band_65_plus,218176,persons,retro_projection,published,source.geostat_demography_population_age_sex,1!AG21:AG25 (sum) [2004-01-01],2026-10-01
demography.population_age_band,country.georgia,2005,male,band_65_plus,222006,persons,retro_projection,published,source.geostat_demography_population_age_sex,1!AJ21:AJ25 (sum) [2005-01-01],2026-10-01
demography.population_age_band,country.georgia,2006,male,band_65_plus,226064,persons,retro_projection,published,source.geostat_demography_population_age_sex,1!AM21:AM25 (sum) [2006-01-01],2026-10-01
demography.population_age_band,country.georgia,2007,male,band_65_plus,226446,persons,retro_projection,published,source.geostat_demography_population_age_sex,1!AP21:AP25 (sum) [2007-01-01],2026-10-01
demography.population_age_band,country.georgia,2008,male,band_65_plus,222343,persons,retro_projection,published,source.geostat_demography_population_age_sex,1!AS21:AS25 (sum) [2008-01-01],2026-10-01
demography.population_age_band,country.georgia,2009,male,band_65_plus,214171,persons,retro_projection,published,source.geostat_demography_population_age_sex,1!AV21:AV25 (sum) [2009-01-01],2026-10-01
demography.population_age_band,country.georgia,2010,male,band_65_plus,206722,persons,retro_projection,published,source.geostat_demography_population_age_sex,1!AY21:AY25 (sum) [2010-01-01],2026-10-01
demography.population_age_band,country.georgia,2011,male,band_65_plus,201561,persons,retro_projection,published,source.geostat_demography_population_age_sex,1!BB21:BB25 (sum) [2011-01-01],2026-10-01
demography.population_age_band,country.georgia,2012,male,band_65_plus,198817,persons,retro_projection,published,source.geostat_demography_population_age_sex,1!BE21:BE25 (sum) [2012-01-01],2026-10-01
demography.population_age_band,country.georgia,2013,male,band_65_plus,198713,persons,retro_projection,published,source.geostat_demography_population_age_sex,1!BH21:BH25 (sum) [2013-01-01],2026-10-01
demography.population_age_band,country.georgia,2014,male,band_65_plus,199028,persons,retro_projection,published,source.geostat_demography_population_age_sex,1!BK21:BK25 (sum) [2014-01-01],2026-10-01
demography.population_age_band,country.georgia,2015,male,band_65_plus,200764,persons,pre_census,published,source.geostat_demography_population_age_sex,1!BN21:BN25 (sum) [2015-01-01],2026-10-01
demography.population_age_band,country.georgia,2016,male,band_65_plus,202628,persons,pre_census,published,source.geostat_demography_population_age_sex,1!BQ21:BQ25 (sum) [2016-01-01],2026-10-01
demography.population_age_band,country.georgia,2017,male,band_65_plus,203222,persons,pre_census,published,source.geostat_demography_population_age_sex,1!BT21:BT25 (sum) [2017-01-01],2026-10-01
demography.population_age_band,country.georgia,2018,male,band_65_plus,205878,persons,pre_census,published,source.geostat_demography_population_age_sex,1!BW21:BW25 (sum) [2018-01-01],2026-10-01
demography.population_age_band,country.georgia,2019,male,band_65_plus,208362,persons,pre_census,published,source.geostat_demography_population_age_sex,1!BZ21:BZ25 (sum) [2019-01-01],2026-10-01
demography.population_age_band,country.georgia,2020,male,band_65_plus,211972,persons,pre_census,published,source.geostat_demography_population_age_sex,1!CC21:CC25 (sum) [2020-01-01],2026-10-01
demography.population_age_band,country.georgia,2021,male,band_65_plus,213687,persons,pre_census,published,source.geostat_demography_population_age_sex,1!CF21:CF25 (sum) [2021-01-01],2026-10-01
demography.population_age_band,country.georgia,2022,male,band_65_plus,213690,persons,pre_census,published,source.geostat_demography_population_age_sex,1!CI21:CI25 (sum) [2022-01-01],2026-10-01
demography.population_age_band,country.georgia,2023,male,band_65_plus,217414,persons,pre_census,published,source.geostat_demography_population_age_sex,1!CL21:CL25 (sum) [2023-01-01],2026-10-01
demography.population_age_band,country.georgia,2024,male,band_65_plus,223729,persons,pre_census,published,source.geostat_demography_population_age_sex,1!CO21:CO25 (sum) [2024-01-01],2026-10-01
demography.population_age_band,country.georgia,2025,male,band_65_plus,264925,persons,census_based,published,source.geostat_demography_population_age_sex,1!CR21:CR25 (sum) [2025-01-01],2026-10-01
demography.population_age_band,country.georgia,2026,male,band_65_plus,273164,persons,census_based,published,source.geostat_demography_population_age_sex,1!CU21:CU25 (sum) [2026-01-01],2026-10-01
demography.population_by_age_sex,country.georgia,2004,female,total,2062959,persons,retro_projection,published,source.geostat_demography_population_age_sex,1!AH6 [2004-01-01],2026-10-01
demography.population_by_age_sex,country.georgia,2005,female,total,2050465,persons,retro_projection,published,source.geostat_demography_population_age_sex,1!AK6 [2005-01-01],2026-10-01
demography.population_by_age_sex,country.georgia,2006,female,total,2035404,persons,retro_projection,published,source.geostat_demography_population_age_sex,1!AN6 [2006-01-01],2026-10-01
demography.population_by_age_sex,country.georgia,2007,female,total,2026156,persons,retro_projection,published,source.geostat_demography_population_age_sex,1!AQ6 [2007-01-01],2026-10-01
demography.population_by_age_sex,country.georgia,2008,female,total,2013380,persons,retro_projection,published,source.geostat_demography_population_age_sex,1!AT6 [2008-01-01],2026-10-01
demography.population_by_age_sex,country.georgia,2009,female,total,2003680,persons,retro_projection,published,source.geostat_demography_population_age_sex,1!AW6 [2009-01-01],2026-10-01
demography.population_by_age_sex,country.georgia,2010,female,total,1989246,persons,retro_projection,published,source.geostat_demography_population_age_sex,1!AZ6 [2010-01-01],2026-10-01
demography.population_by_age_sex,country.georgia,2011,female,total,1975451,persons,retro_projection,published,source.geostat_demography_population_age_sex,1!BC6 [2011-01-01],2026-10-01
demography.population_by_age_sex,country.georgia,2012,female,total,1957968,persons,retro_projection,published,source.geostat_demography_population_age_sex,1!BF6 [2012-01-01],2026-10-01
demography.population_by_age_sex,country.georgia,2013,female,total,1945711,persons,retro_projection,published,source.geostat_demography_population_age_sex,1!BI6 [2013-01-01],2026-10-01
demography.population_by_age_sex,country.georgia,2014,female,total,1943327,persons,retro_projection,published,source.geostat_demography_population_age_sex,1!BL6 [2014-01-01],2026-10-01
demography.population_by_age_sex,country.georgia,2015,female,total,1944778,persons,pre_census,published,source.geostat_demography_population_age_sex,1!BO6 [2015-01-01],2026-10-01
demography.population_by_age_sex,country.georgia,2016,female,total,1944919,persons,pre_census,published,source.geostat_demography_population_age_sex,1!BR6 [2016-01-01],2026-10-01
demography.population_by_age_sex,country.georgia,2017,female,total,1940768,persons,pre_census,published,source.geostat_demography_population_age_sex,1!BU6 [2017-01-01],2026-10-01
demography.population_by_age_sex,country.georgia,2018,female,total,1938074,persons,pre_census,published,source.geostat_demography_population_age_sex,1!BX6 [2018-01-01],2026-10-01
demography.population_by_age_sex,country.georgia,2019,female,total,1932565,persons,pre_census,published,source.geostat_demography_population_age_sex,1!CA6 [2019-01-01],2026-10-01
demography.population_by_age_sex,country.georgia,2020,female,total,1926579,persons,pre_census,published,source.geostat_demography_population_age_sex,1!CD6 [2020-01-01],2026-10-01
demography.population_by_age_sex,country.georgia,2021,female,total,1932350,persons,pre_census,published,source.geostat_demography_population_age_sex,1!CG6 [2021-01-01],2026-10-01
demography.population_by_age_sex,country.georgia,2022,female,total,1918652,persons,pre_census,published,source.geostat_demography_population_age_sex,1!CJ6 [2022-01-01],2026-10-01
demography.population_by_age_sex,country.georgia,2023,female,total,1942537,persons,pre_census,published,source.geostat_demography_population_age_sex,1!CM6 [2023-01-01],2026-10-01
demography.population_by_age_sex,country.georgia,2024,female,total,1920139,persons,pre_census,published,source.geostat_demography_population_age_sex,1!CP6 [2024-01-01],2026-10-01
demography.population_by_age_sex,country.georgia,2025,female,total,2048987,persons,census_based,published,source.geostat_demography_population_age_sex,1!CS6 [2025-01-01],2026-10-01
demography.population_by_age_sex,country.georgia,2026,female,total,2053457,persons,census_based,published,source.geostat_demography_population_age_sex,1!CV6 [2026-01-01],2026-10-01
demography.population_by_age_sex,country.georgia,2004,female,age_0,20854,persons,retro_projection,published,source.geostat_demography_population_age_sex,1!AH7 [2004-01-01],2026-10-01
demography.population_by_age_sex,country.georgia,2005,female,age_0,20892,persons,retro_projection,published,source.geostat_demography_population_age_sex,1!AK7 [2005-01-01],2026-10-01
demography.population_by_age_sex,country.georgia,2006,female,age_0,21237,persons,retro_projection,published,source.geostat_demography_population_age_sex,1!AN7 [2006-01-01],2026-10-01
demography.population_by_age_sex,country.georgia,2007,female,age_0,21740,persons,retro_projection,published,source.geostat_demography_population_age_sex,1!AQ7 [2007-01-01],2026-10-01
demography.population_by_age_sex,country.georgia,2008,female,age_0,22544,persons,retro_projection,published,source.geostat_demography_population_age_sex,1!AT7 [2008-01-01],2026-10-01
demography.population_by_age_sex,country.georgia,2009,female,age_0,24387,persons,retro_projection,published,source.geostat_demography_population_age_sex,1!AW7 [2009-01-01],2026-10-01
demography.population_by_age_sex,country.georgia,2010,female,age_0,26557,persons,retro_projection,published,source.geostat_demography_population_age_sex,1!AZ7 [2010-01-01],2026-10-01
demography.population_by_age_sex,country.georgia,2011,female,age_0,26150,persons,retro_projection,published,source.geostat_demography_population_age_sex,1!BC7 [2011-01-01],2026-10-01
demography.population_by_age_sex,country.georgia,2012,female,age_0,24367,persons,retro_projection,published,source.geostat_demography_population_age_sex,1!BF7 [2012-01-01],2026-10-01
demography.population_by_age_sex,country.georgia,2013,female,age_0,23691,persons,retro_projection,published,source.geostat_demography_population_age_sex,1!BI7 [2013-01-01],2026-10-01
demography.population_by_age_sex,country.georgia,2014,female,age_0,23869,persons,retro_projection,published,source.geostat_demography_population_age_sex,1!BL7 [2014-01-01],2026-10-01
demography.population_by_age_sex,country.georgia,2015,female,age_0,29239,persons,pre_census,published,source.geostat_demography_population_age_sex,1!BO7 [2015-01-01],2026-10-01
demography.population_by_age_sex,country.georgia,2016,female,age_0,28256,persons,pre_census,published,source.geostat_demography_population_age_sex,1!BR7 [2016-01-01],2026-10-01
demography.population_by_age_sex,country.georgia,2017,female,age_0,27663,persons,pre_census,published,source.geostat_demography_population_age_sex,1!BU7 [2017-01-01],2026-10-01
demography.population_by_age_sex,country.georgia,2018,female,age_0,25593,persons,pre_census,published,source.geostat_demography_population_age_sex,1!BX7 [2018-01-01],2026-10-01
demography.population_by_age_sex,country.georgia,2019,female,age_0,24541,persons,pre_census,published,source.geostat_demography_population_age_sex,1!CA7 [2019-01-01],2026-10-01
demography.population_by_age_sex,country.georgia,2020,female,age_0,23193,persons,pre_census,published,source.geostat_demography_population_age_sex,1!CD7 [2020-01-01],2026-10-01
demography.population_by_age_sex,country.georgia,2021,female,age_0,22132,persons,pre_census,published,source.geostat_demography_population_age_sex,1!CG7 [2021-01-01],2026-10-01
demography.population_by_age_sex,country.georgia,2022,female,age_0,21985,persons,pre_census,published,source.geostat_demography_population_age_sex,1!CJ7 [2022-01-01],2026-10-01
demography.population_by_age_sex,country.georgia,2023,female,age_0,20524,persons,pre_census,published,source.geostat_demography_population_age_sex,1!CM7 [2023-01-01],2026-10-01
demography.population_by_age_sex,country.georgia,2024,female,age_0,19029,persons,pre_census,published,source.geostat_demography_population_age_sex,1!CP7 [2024-01-01],2026-10-01
demography.population_by_age_sex,country.georgia,2025,female,age_0,19275,persons,census_based,published,source.geostat_demography_population_age_sex,1!CS7 [2025-01-01],2026-10-01
demography.population_by_age_sex,country.georgia,2026,female,age_0,17619,persons,census_based,published,source.geostat_demography_population_age_sex,1!CV7 [2026-01-01],2026-10-01
demography.population_by_age_sex,country.georgia,2004,female,age_1_4,81680,persons,retro_projection,published,source.geostat_demography_population_age_sex,1!AH8 [2004-01-01],2026-10-01
demography.population_by_age_sex,country.georgia,2005,female,age_1_4,81258,persons,retro_projection,published,source.geostat_demography_population_age_sex,1!AK8 [2005-01-01],2026-10-01
demography.population_by_age_sex,country.georgia,2006,female,age_1_4,80899,persons,retro_projection,published,source.geostat_demography_population_age_sex,1!AN8 [2006-01-01],2026-10-01
demography.population_by_age_sex,country.georgia,2007,female,age_1_4,81050,persons,retro_projection,published,source.geostat_demography_population_age_sex,1!AQ8 [2007-01-01],2026-10-01
demography.population_by_age_sex,country.georgia,2008,female,age_1_4,81650,persons,retro_projection,published,source.geostat_demography_population_age_sex,1!AT8 [2008-01-01],2026-10-01
demography.population_by_age_sex,country.georgia,2009,female,age_1_4,83358,persons,retro_projection,published,source.geostat_demography_population_age_sex,1!AW8 [2009-01-01],2026-10-01
demography.population_by_age_sex,country.georgia,2010,female,age_1_4,86738,persons,retro_projection,published,source.geostat_demography_population_age_sex,1!AZ8 [2010-01-01],2026-10-01
demography.population_by_age_sex,country.georgia,2011,female,age_1_4,91903,persons,retro_projection,published,source.geostat_demography_population_age_sex,1!BC8 [2011-01-01],2026-10-01
demography.population_by_age_sex,country.georgia,2012,female,age_1_4,96107,persons,retro_projection,published,source.geostat_demography_population_age_sex,1!BF8 [2012-01-01],2026-10-01
demography.population_by_age_sex,country.georgia,2013,female,age_1_4,98949,persons,retro_projection,published,source.geostat_demography_population_age_sex,1!BI8 [2013-01-01],2026-10-01
demography.population_by_age_sex,country.georgia,2014,female,age_1_4,99219,persons,retro_projection,published,source.geostat_demography_population_age_sex,1!BL8 [2014-01-01],2026-10-01
demography.population_by_age_sex,country.georgia,2015,female,age_1_4,97331,persons,pre_census,published,source.geostat_demography_population_age_sex,1!BO8 [2015-01-01],2026-10-01
demography.population_by_age_sex,country.georgia,2016,female,age_1_4,100732,persons,pre_census,published,source.geostat_demography_population_age_sex,1!BR8 [2016-01-01],2026-10-01
demography.population_by_age_sex,country.georgia,2017,female,age_1_4,104737,persons,pre_census,published,source.geostat_demography_population_age_sex,1!BU8 [2017-01-01],2026-10-01
demography.population_by_age_sex,country.georgia,2018,female,age_1_4,108750,persons,pre_census,published,source.geostat_demography_population_age_sex,1!BX8 [2018-01-01],2026-10-01
demography.population_by_age_sex,country.georgia,2019,female,age_1_4,110465,persons,pre_census,published,source.geostat_demography_population_age_sex,1!CA8 [2019-01-01],2026-10-01
demography.population_by_age_sex,country.georgia,2020,female,age_1_4,105584,persons,pre_census,published,source.geostat_demography_population_age_sex,1!CD8 [2020-01-01],2026-10-01
demography.population_by_age_sex,country.georgia,2021,female,age_1_4,100685,persons,pre_census,published,source.geostat_demography_population_age_sex,1!CG8 [2021-01-01],2026-10-01
demography.population_by_age_sex,country.georgia,2022,female,age_1_4,95252,persons,pre_census,published,source.geostat_demography_population_age_sex,1!CJ8 [2022-01-01],2026-10-01
demography.population_by_age_sex,country.georgia,2023,female,age_1_4,93094,persons,pre_census,published,source.geostat_demography_population_age_sex,1!CM8 [2023-01-01],2026-10-01
demography.population_by_age_sex,country.georgia,2024,female,age_1_4,85874,persons,pre_census,published,source.geostat_demography_population_age_sex,1!CP8 [2024-01-01],2026-10-01
demography.population_by_age_sex,country.georgia,2025,female,age_1_4,83521,persons,census_based,published,source.geostat_demography_population_age_sex,1!CS8 [2025-01-01],2026-10-01
demography.population_by_age_sex,country.georgia,2026,female,age_1_4,80311,persons,census_based,published,source.geostat_demography_population_age_sex,1!CV8 [2026-01-01],2026-10-01
demography.population_by_age_sex,country.georgia,2004,female,age_5_9,115328,persons,retro_projection,published,source.geostat_demography_population_age_sex,1!AH9 [2004-01-01],2026-10-01
demography.population_by_age_sex,country.georgia,2005,female,age_5_9,112247,persons,retro_projection,published,source.geostat_demography_population_age_sex,1!AK9 [2005-01-01],2026-10-01
demography.population_by_age_sex,country.georgia,2006,female,age_5_9,108652,persons,retro_projection,published,source.geostat_demography_population_age_sex,1!AN9 [2006-01-01],2026-10-01
demography.population_by_age_sex,country.georgia,2007,female,age_5_9,105668,persons,retro_projection,published,source.geostat_demography_population_age_sex,1!AQ9 [2007-01-01],2026-10-01
demography.population_by_age_sex,country.georgia,2008,female,age_5_9,101753,persons,retro_projection,published,source.geostat_demography_population_age_sex,1!AT9 [2008-01-01],2026-10-01
demography.population_by_age_sex,country.georgia,2009,female,age_5_9,99706,persons,retro_projection,published,source.geostat_demography_population_age_sex,1!AW9 [2009-01-01],2026-10-01
demography.population_by_age_sex,country.georgia,2010,female,age_5_9,98746,persons,retro_projection,published,source.geostat_demography_population_age_sex,1!AZ9 [2010-01-01],2026-10-01
demography.population_by_age_sex,country.georgia,2011,female,age_5_9,98302,persons,retro_projection,published,source.geostat_demography_population_age_sex,1!BC9 [2011-01-01],2026-10-01
demography.population_by_age_sex,country.georgia,2012,female,age_5_9,98203,persons,retro_projection,published,source.geostat_demography_population_age_sex,1!BF9 [2012-01-01],2026-10-01
demography.population_by_age_sex,country.georgia,2013,female,age_5_9,99703,persons,retro_projection,published,source.geostat_demography_population_age_sex,1!BI9 [2013-01-01],2026-10-01
demography.population_by_age_sex,country.georgia,2014,female,age_5_9,103607,persons,retro_projection,published,source.geostat_demography_population_age_sex,1!BL9 [2014-01-01],2026-10-01
demography.population_by_age_sex,country.georgia,2015,female,age_5_9,110006,persons,pre_census,published,source.geostat_demography_population_age_sex,1!BO9 [2015-01-01],2026-10-01
demography.population_by_age_sex,country.georgia,2016,female,age_5_9,116026,persons,pre_census,published,source.geostat_demography_population_age_sex,1!BR9 [2016-01-01],2026-10-01
demography.population_by_age_sex,country.georgia,2017,female,age_5_9,119789,persons,pre_census,published,source.geostat_demography_population_age_sex,1!BU9 [2017-01-01],2026-10-01
demography.population_by_age_sex,country.georgia,2018,female,age_5_9,122274,persons,pre_census,published,source.geostat_demography_population_age_sex,1!BX9 [2018-01-01],2026-10-01
demography.population_by_age_sex,country.georgia,2019,female,age_5_9,122777,persons,pre_census,published,source.geostat_demography_population_age_sex,1!CA9 [2019-01-01],2026-10-01
demography.population_by_age_sex,country.georgia,2020,female,age_5_9,125744,persons,pre_census,published,source.geostat_demography_population_age_sex,1!CD9 [2020-01-01],2026-10-01
demography.population_by_age_sex,country.georgia,2021,female,age_5_9,128601,persons,pre_census,published,source.geostat_demography_population_age_sex,1!CG9 [2021-01-01],2026-10-01
demography.population_by_age_sex,country.georgia,2022,female,age_5_9,131941,persons,pre_census,published,source.geostat_demography_population_age_sex,1!CJ9 [2022-01-01],2026-10-01
demography.population_by_age_sex,country.georgia,2023,female,age_5_9,135454,persons,pre_census,published,source.geostat_demography_population_age_sex,1!CM9 [2023-01-01],2026-10-01
demography.population_by_age_sex,country.georgia,2024,female,age_5_9,129986,persons,pre_census,published,source.geostat_demography_population_age_sex,1!CP9 [2024-01-01],2026-10-01
demography.population_by_age_sex,country.georgia,2025,female,age_5_9,129873,persons,census_based,published,source.geostat_demography_population_age_sex,1!CS9 [2025-01-01],2026-10-01
demography.population_by_age_sex,country.georgia,2026,female,age_5_9,124134,persons,census_based,published,source.geostat_demography_population_age_sex,1!CV9 [2026-01-01],2026-10-01
demography.population_by_age_sex,country.georgia,2004,female,age_10_14,147967,persons,retro_projection,published,source.geostat_demography_population_age_sex,1!AH10 [2004-01-01],2026-10-01
demography.population_by_age_sex,country.georgia,2005,female,age_10_14,140256,persons,retro_projection,published,source.geostat_demography_population_age_sex,1!AK10 [2005-01-01],2026-10-01
demography.population_by_age_sex,country.georgia,2006,female,age_10_14,131214,persons,retro_projection,published,source.geostat_demography_population_age_sex,1!AN10 [2006-01-01],2026-10-01
demography.population_by_age_sex,country.georgia,2007,female,age_10_14,122370,persons,retro_projection,published,source.geostat_demography_population_age_sex,1!AQ10 [2007-01-01],2026-10-01
demography.population_by_age_sex,country.georgia,2008,female,age_10_14,116916,persons,retro_projection,published,source.geostat_demography_population_age_sex,1!AT10 [2008-01-01],2026-10-01
demography.population_by_age_sex,country.georgia,2009,female,age_10_14,113557,persons,retro_projection,published,source.geostat_demography_population_age_sex,1!AW10 [2009-01-01],2026-10-01
demography.population_by_age_sex,country.georgia,2010,female,age_10_14,110223,persons,retro_projection,published,source.geostat_demography_population_age_sex,1!AZ10 [2010-01-01],2026-10-01
demography.population_by_age_sex,country.georgia,2011,female,age_10_14,106554,persons,retro_projection,published,source.geostat_demography_population_age_sex,1!BC10 [2011-01-01],2026-10-01
demography.population_by_age_sex,country.georgia,2012,female,age_10_14,103298,persons,retro_projection,published,source.geostat_demography_population_age_sex,1!BF10 [2012-01-01],2026-10-01
demography.population_by_age_sex,country.georgia,2013,female,age_10_14,99787,persons,retro_projection,published,source.geostat_demography_population_age_sex,1!BI10 [2013-01-01],2026-10-01
demography.population_by_age_sex,country.georgia,2014,female,age_10_14,97818,persons,retro_projection,published,source.geostat_demography_population_age_sex,1!BL10 [2014-01-01],2026-10-01
demography.population_by_age_sex,country.georgia,2015,female,age_10_14,97142,persons,pre_census,published,source.geostat_demography_population_age_sex,1!BO10 [2015-01-01],2026-10-01
demography.population_by_age_sex,country.georgia,2016,female,age_10_14,97034,persons,pre_census,published,source.geostat_demography_population_age_sex,1!BR10 [2016-01-01],2026-10-01
demography.population_by_age_sex,country.georgia,2017,female,age_10_14,97349,persons,pre_census,published,source.geostat_demography_population_age_sex,1!BU10 [2017-01-01],2026-10-01
demography.population_by_age_sex,country.georgia,2018,female,age_10_14,99100,persons,pre_census,published,source.geostat_demography_population_age_sex,1!BX10 [2018-01-01],2026-10-01
demography.population_by_age_sex,country.georgia,2019,female,age_10_14,103110,persons,pre_census,published,source.geostat_demography_population_age_sex,1!CA10 [2019-01-01],2026-10-01
demography.population_by_age_sex,country.georgia,2020,female,age_10_14,109259,persons,pre_census,published,source.geostat_demography_population_age_sex,1!CD10 [2020-01-01],2026-10-01
demography.population_by_age_sex,country.georgia,2021,female,age_10_14,115525,persons,pre_census,published,source.geostat_demography_population_age_sex,1!CG10 [2021-01-01],2026-10-01
demography.population_by_age_sex,country.georgia,2022,female,age_10_14,119045,persons,pre_census,published,source.geostat_demography_population_age_sex,1!CJ10 [2022-01-01],2026-10-01
demography.population_by_age_sex,country.georgia,2023,female,age_10_14,122239,persons,pre_census,published,source.geostat_demography_population_age_sex,1!CM10 [2023-01-01],2026-10-01
demography.population_by_age_sex,country.georgia,2024,female,age_10_14,112271,persons,pre_census,published,source.geostat_demography_population_age_sex,1!CP10 [2024-01-01],2026-10-01
demography.population_by_age_sex,country.georgia,2025,female,age_10_14,139753,persons,census_based,published,source.geostat_demography_population_age_sex,1!CS10 [2025-01-01],2026-10-01
demography.population_by_age_sex,country.georgia,2026,female,age_10_14,139116,persons,census_based,published,source.geostat_demography_population_age_sex,1!CV10 [2026-01-01],2026-10-01
demography.population_by_age_sex,country.georgia,2004,female,age_15_19,155336,persons,retro_projection,published,source.geostat_demography_population_age_sex,1!AH11 [2004-01-01],2026-10-01
demography.population_by_age_sex,country.georgia,2005,female,age_15_19,154075,persons,retro_projection,published,source.geostat_demography_population_age_sex,1!AK11 [2005-01-01],2026-10-01
demography.population_by_age_sex,country.georgia,2006,female,age_15_19,153222,persons,retro_projection,published,source.geostat_demography_population_age_sex,1!AN11 [2006-01-01],2026-10-01
demography.population_by_age_sex,country.georgia,2007,female,age_15_19,152638,persons,retro_projection,published,source.geostat_demography_population_age_sex,1!AQ11 [2007-01-01],2026-10-01
demography.population_by_age_sex,country.georgia,2008,female,age_15_19,149989,persons,retro_projection,published,source.geostat_demography_population_age_sex,1!AT11 [2008-01-01],2026-10-01
demography.population_by_age_sex,country.georgia,2009,female,age_15_19,144023,persons,retro_projection,published,source.geostat_demography_population_age_sex,1!AW11 [2009-01-01],2026-10-01
demography.population_by_age_sex,country.georgia,2010,female,age_15_19,135771,persons,retro_projection,published,source.geostat_demography_population_age_sex,1!AZ11 [2010-01-01],2026-10-01
demography.population_by_age_sex,country.georgia,2011,female,age_15_19,126534,persons,retro_projection,published,source.geostat_demography_population_age_sex,1!BC11 [2011-01-01],2026-10-01
demography.population_by_age_sex,country.georgia,2012,female,age_15_19,117220,persons,retro_projection,published,source.geostat_demography_population_age_sex,1!BF11 [2012-01-01],2026-10-01
demography.population_by_age_sex,country.georgia,2013,female,age_15_19,112299,persons,retro_projection,published,source.geostat_demography_population_age_sex,1!BI11 [2013-01-01],2026-10-01
demography.population_by_age_sex,country.georgia,2014,female,age_15_19,109605,persons,retro_projection,published,source.geostat_demography_population_age_sex,1!BL11 [2014-01-01],2026-10-01
demography.population_by_age_sex,country.georgia,2015,female,age_15_19,107063,persons,pre_census,published,source.geostat_demography_population_age_sex,1!BO11 [2015-01-01],2026-10-01
demography.population_by_age_sex,country.georgia,2016,female,age_15_19,104184,persons,pre_census,published,source.geostat_demography_population_age_sex,1!BR11 [2016-01-01],2026-10-01
demography.population_by_age_sex,country.georgia,2017,female,age_15_19,101563,persons,pre_census,published,source.geostat_demography_population_age_sex,1!BU11 [2017-01-01],2026-10-01
demography.population_by_age_sex,country.georgia,2018,female,age_15_19,98161,persons,pre_census,published,source.geostat_demography_population_age_sex,1!BX11 [2018-01-01],2026-10-01
demography.population_by_age_sex,country.georgia,2019,female,age_15_19,96622,persons,pre_census,published,source.geostat_demography_population_age_sex,1!CA11 [2019-01-01],2026-10-01
demography.population_by_age_sex,country.georgia,2020,female,age_15_19,96395,persons,pre_census,published,source.geostat_demography_population_age_sex,1!CD11 [2020-01-01],2026-10-01
demography.population_by_age_sex,country.georgia,2021,female,age_15_19,96278,persons,pre_census,published,source.geostat_demography_population_age_sex,1!CG11 [2021-01-01],2026-10-01
demography.population_by_age_sex,country.georgia,2022,female,age_15_19,96414,persons,pre_census,published,source.geostat_demography_population_age_sex,1!CJ11 [2022-01-01],2026-10-01
demography.population_by_age_sex,country.georgia,2023,female,age_15_19,99531,persons,pre_census,published,source.geostat_demography_population_age_sex,1!CM11 [2023-01-01],2026-10-01
demography.population_by_age_sex,country.georgia,2024,female,age_15_19,95113,persons,pre_census,published,source.geostat_demography_population_age_sex,1!CP11 [2024-01-01],2026-10-01
demography.population_by_age_sex,country.georgia,2025,female,age_15_19,122095,persons,census_based,published,source.geostat_demography_population_age_sex,1!CS11 [2025-01-01],2026-10-01
demography.population_by_age_sex,country.georgia,2026,female,age_15_19,129677,persons,census_based,published,source.geostat_demography_population_age_sex,1!CV11 [2026-01-01],2026-10-01
demography.population_by_age_sex,country.georgia,2004,female,age_20_24,146004,persons,retro_projection,published,source.geostat_demography_population_age_sex,1!AH12 [2004-01-01],2026-10-01
demography.population_by_age_sex,country.georgia,2005,female,age_20_24,147171,persons,retro_projection,published,source.geostat_demography_population_age_sex,1!AK12 [2005-01-01],2026-10-01
demography.population_by_age_sex,country.georgia,2006,female,age_20_24,148496,persons,retro_projection,published,source.geostat_demography_population_age_sex,1!AN12 [2006-01-01],2026-10-01
demography.population_by_age_sex,country.georgia,2007,female,age_20_24,149863,persons,retro_projection,published,source.geostat_demography_population_age_sex,1!AQ12 [2007-01-01],2026-10-01
demography.population_by_age_sex,country.georgia,2008,female,age_20_24,149330,persons,retro_projection,published,source.geostat_demography_population_age_sex,1!AT12 [2008-01-01],2026-10-01
demography.population_by_age_sex,country.georgia,2009,female,age_20_24,148185,persons,retro_projection,published,source.geostat_demography_population_age_sex,1!AW12 [2009-01-01],2026-10-01
demography.population_by_age_sex,country.georgia,2010,female,age_20_24,146082,persons,retro_projection,published,source.geostat_demography_population_age_sex,1!AZ12 [2010-01-01],2026-10-01
demography.population_by_age_sex,country.georgia,2011,female,age_20_24,144980,persons,retro_projection,published,source.geostat_demography_population_age_sex,1!BC12 [2011-01-01],2026-10-01
demography.population_by_age_sex,country.georgia,2012,female,age_20_24,143482,persons,retro_projection,published,source.geostat_demography_population_age_sex,1!BF12 [2012-01-01],2026-10-01
demography.population_by_age_sex,country.georgia,2013,female,age_20_24,140973,persons,retro_projection,published,source.geostat_demography_population_age_sex,1!BI12 [2013-01-01],2026-10-01
demography.population_by_age_sex,country.georgia,2014,female,age_20_24,135796,persons,retro_projection,published,source.geostat_demography_population_age_sex,1!BL12 [2014-01-01],2026-10-01
demography.population_by_age_sex,country.georgia,2015,female,age_20_24,128563,persons,pre_census,published,source.geostat_demography_population_age_sex,1!BO12 [2015-01-01],2026-10-01
demography.population_by_age_sex,country.georgia,2016,female,age_20_24,120165,persons,pre_census,published,source.geostat_demography_population_age_sex,1!BR12 [2016-01-01],2026-10-01
demography.population_by_age_sex,country.georgia,2017,female,age_20_24,111941,persons,pre_census,published,source.geostat_demography_population_age_sex,1!BU12 [2017-01-01],2026-10-01
demography.population_by_age_sex,country.georgia,2018,female,age_20_24,107448,persons,pre_census,published,source.geostat_demography_population_age_sex,1!BX12 [2018-01-01],2026-10-01
demography.population_by_age_sex,country.georgia,2019,female,age_20_24,104883,persons,pre_census,published,source.geostat_demography_population_age_sex,1!CA12 [2019-01-01],2026-10-01
demography.population_by_age_sex,country.georgia,2020,female,age_20_24,103177,persons,pre_census,published,source.geostat_demography_population_age_sex,1!CD12 [2020-01-01],2026-10-01
demography.population_by_age_sex,country.georgia,2021,female,age_20_24,101593,persons,pre_census,published,source.geostat_demography_population_age_sex,1!CG12 [2021-01-01],2026-10-01
demography.population_by_age_sex,country.georgia,2022,female,age_20_24,99680,persons,pre_census,published,source.geostat_demography_population_age_sex,1!CJ12 [2022-01-01],2026-10-01
demography.population_by_age_sex,country.georgia,2023,female,age_20_24,101154,persons,pre_census,published,source.geostat_demography_population_age_sex,1!CM12 [2023-01-01],2026-10-01
demography.population_by_age_sex,country.georgia,2024,female,age_20_24,102629,persons,pre_census,published,source.geostat_demography_population_age_sex,1!CP12 [2024-01-01],2026-10-01
demography.population_by_age_sex,country.georgia,2025,female,age_20_24,105775,persons,census_based,published,source.geostat_demography_population_age_sex,1!CS12 [2025-01-01],2026-10-01
demography.population_by_age_sex,country.georgia,2026,female,age_20_24,109867,persons,census_based,published,source.geostat_demography_population_age_sex,1!CV12 [2026-01-01],2026-10-01
demography.population_by_age_sex,country.georgia,2004,female,age_25_29,140802,persons,retro_projection,published,source.geostat_demography_population_age_sex,1!AH13 [2004-01-01],2026-10-01
demography.population_by_age_sex,country.georgia,2005,female,age_25_29,139832,persons,retro_projection,published,source.geostat_demography_population_age_sex,1!AK13 [2005-01-01],2026-10-01
demography.population_by_age_sex,country.georgia,2006,female,age_25_29,139034,persons,retro_projection,published,source.geostat_demography_population_age_sex,1!AN13 [2006-01-01],2026-10-01
demography.population_by_age_sex,country.georgia,2007,female,age_25_29,138603,persons,retro_projection,published,source.geostat_demography_population_age_sex,1!AQ13 [2007-01-01],2026-10-01
demography.population_by_age_sex,country.georgia,2008,female,age_25_29,138659,persons,retro_projection,published,source.geostat_demography_population_age_sex,1!AT13 [2008-01-01],2026-10-01
demography.population_by_age_sex,country.georgia,2009,female,age_25_29,138473,persons,retro_projection,published,source.geostat_demography_population_age_sex,1!AW13 [2009-01-01],2026-10-01
demography.population_by_age_sex,country.georgia,2010,female,age_25_29,138756,persons,retro_projection,published,source.geostat_demography_population_age_sex,1!AZ13 [2010-01-01],2026-10-01
demography.population_by_age_sex,country.georgia,2011,female,age_25_29,139846,persons,retro_projection,published,source.geostat_demography_population_age_sex,1!BC13 [2011-01-01],2026-10-01
demography.population_by_age_sex,country.georgia,2012,female,age_25_29,140182,persons,retro_projection,published,source.geostat_demography_population_age_sex,1!BF13 [2012-01-01],2026-10-01
demography.population_by_age_sex,country.georgia,2013,female,age_25_29,139549,persons,retro_projection,published,source.geostat_demography_population_age_sex,1!BI13 [2013-01-01],2026-10-01
demography.population_by_age_sex,country.georgia,2014,female,age_25_29,139360,persons,retro_projection,published,source.geostat_demography_population_age_sex,1!BL13 [2014-01-01],2026-10-01
demography.population_by_age_sex,country.georgia,2015,female,age_25_29,138692,persons,pre_census,published,source.geostat_demography_population_age_sex,1!BO13 [2015-01-01],2026-10-01
demography.population_by_age_sex,country.georgia,2016,female,age_25_29,138490,persons,pre_census,published,source.geostat_demography_population_age_sex,1!BR13 [2016-01-01],2026-10-01
demography.population_by_age_sex,country.georgia,2017,female,age_25_29,137822,persons,pre_census,published,source.geostat_demography_population_age_sex,1!BU13 [2017-01-01],2026-10-01
demography.population_by_age_sex,country.georgia,2018,female,age_25_29,135638,persons,pre_census,published,source.geostat_demography_population_age_sex,1!BX13 [2018-01-01],2026-10-01
demography.population_by_age_sex,country.georgia,2019,female,age_25_29,129777,persons,pre_census,published,source.geostat_demography_population_age_sex,1!CA13 [2019-01-01],2026-10-01
demography.population_by_age_sex,country.georgia,2020,female,age_25_29,122370,persons,pre_census,published,source.geostat_demography_population_age_sex,1!CD13 [2020-01-01],2026-10-01
demography.population_by_age_sex,country.georgia,2021,female,age_25_29,115393,persons,pre_census,published,source.geostat_demography_population_age_sex,1!CG13 [2021-01-01],2026-10-01
demography.population_by_age_sex,country.georgia,2022,female,age_25_29,107384,persons,pre_census,published,source.geostat_demography_population_age_sex,1!CJ13 [2022-01-01],2026-10-01
demography.population_by_age_sex,country.georgia,2023,female,age_25_29,109707,persons,pre_census,published,source.geostat_demography_population_age_sex,1!CM13 [2023-01-01],2026-10-01
demography.population_by_age_sex,country.georgia,2024,female,age_25_29,108916,persons,pre_census,published,source.geostat_demography_population_age_sex,1!CP13 [2024-01-01],2026-10-01
demography.population_by_age_sex,country.georgia,2025,female,age_25_29,108697,persons,census_based,published,source.geostat_demography_population_age_sex,1!CS13 [2025-01-01],2026-10-01
demography.population_by_age_sex,country.georgia,2026,female,age_25_29,103697,persons,census_based,published,source.geostat_demography_population_age_sex,1!CV13 [2026-01-01],2026-10-01
demography.population_by_age_sex,country.georgia,2004,female,age_30_34,139489,persons,retro_projection,published,source.geostat_demography_population_age_sex,1!AH14 [2004-01-01],2026-10-01
demography.population_by_age_sex,country.georgia,2005,female,age_30_34,138535,persons,retro_projection,published,source.geostat_demography_population_age_sex,1!AK14 [2005-01-01],2026-10-01
demography.population_by_age_sex,country.georgia,2006,female,age_30_34,136738,persons,retro_projection,published,source.geostat_demography_population_age_sex,1!AN14 [2006-01-01],2026-10-01
demography.population_by_age_sex,country.georgia,2007,female,age_30_34,136176,persons,retro_projection,published,source.geostat_demography_population_age_sex,1!AQ14 [2007-01-01],2026-10-01
demography.population_by_age_sex,country.georgia,2008,female,age_30_34,135159,persons,retro_projection,published,source.geostat_demography_population_age_sex,1!AT14 [2008-01-01],2026-10-01
demography.population_by_age_sex,country.georgia,2009,female,age_30_34,134404,persons,retro_projection,published,source.geostat_demography_population_age_sex,1!AW14 [2009-01-01],2026-10-01
demography.population_by_age_sex,country.georgia,2010,female,age_30_34,132706,persons,retro_projection,published,source.geostat_demography_population_age_sex,1!AZ14 [2010-01-01],2026-10-01
demography.population_by_age_sex,country.georgia,2011,female,age_30_34,131768,persons,retro_projection,published,source.geostat_demography_population_age_sex,1!BC14 [2011-01-01],2026-10-01
demography.population_by_age_sex,country.georgia,2012,female,age_30_34,130388,persons,retro_projection,published,source.geostat_demography_population_age_sex,1!BF14 [2012-01-01],2026-10-01
demography.population_by_age_sex,country.georgia,2013,female,age_30_34,130506,persons,retro_projection,published,source.geostat_demography_population_age_sex,1!BI14 [2013-01-01],2026-10-01
demography.population_by_age_sex,country.georgia,2014,female,age_30_34,131016,persons,retro_projection,published,source.geostat_demography_population_age_sex,1!BL14 [2014-01-01],2026-10-01
demography.population_by_age_sex,country.georgia,2015,female,age_30_34,132627,persons,pre_census,published,source.geostat_demography_population_age_sex,1!BO14 [2015-01-01],2026-10-01
demography.population_by_age_sex,country.georgia,2016,female,age_30_34,134936,persons,pre_census,published,source.geostat_demography_population_age_sex,1!BR14 [2016-01-01],2026-10-01
demography.population_by_age_sex,country.georgia,2017,female,age_30_34,136024,persons,pre_census,published,source.geostat_demography_population_age_sex,1!BU14 [2017-01-01],2026-10-01
demography.population_by_age_sex,country.georgia,2018,female,age_30_34,136124,persons,pre_census,published,source.geostat_demography_population_age_sex,1!BX14 [2018-01-01],2026-10-01
demography.population_by_age_sex,country.georgia,2019,female,age_30_34,135459,persons,pre_census,published,source.geostat_demography_population_age_sex,1!CA14 [2019-01-01],2026-10-01
demography.population_by_age_sex,country.georgia,2020,female,age_30_34,134673,persons,pre_census,published,source.geostat_demography_population_age_sex,1!CD14 [2020-01-01],2026-10-01
demography.population_by_age_sex,country.georgia,2021,female,age_30_34,135867,persons,pre_census,published,source.geostat_demography_population_age_sex,1!CG14 [2021-01-01],2026-10-01
demography.population_by_age_sex,country.georgia,2022,female,age_30_34,135056,persons,pre_census,published,source.geostat_demography_population_age_sex,1!CJ14 [2022-01-01],2026-10-01
demography.population_by_age_sex,country.georgia,2023,female,age_30_34,138150,persons,pre_census,published,source.geostat_demography_population_age_sex,1!CM14 [2023-01-01],2026-10-01
demography.population_by_age_sex,country.georgia,2024,female,age_30_34,134274,persons,pre_census,published,source.geostat_demography_population_age_sex,1!CP14 [2024-01-01],2026-10-01
demography.population_by_age_sex,country.georgia,2025,female,age_30_34,141498,persons,census_based,published,source.geostat_demography_population_age_sex,1!CS14 [2025-01-01],2026-10-01
demography.population_by_age_sex,country.georgia,2026,female,age_30_34,133668,persons,census_based,published,source.geostat_demography_population_age_sex,1!CV14 [2026-01-01],2026-10-01
demography.population_by_age_sex,country.georgia,2004,female,age_35_39,144437,persons,retro_projection,published,source.geostat_demography_population_age_sex,1!AH15 [2004-01-01],2026-10-01
demography.population_by_age_sex,country.georgia,2005,female,age_35_39,140052,persons,retro_projection,published,source.geostat_demography_population_age_sex,1!AK15 [2005-01-01],2026-10-01
demography.population_by_age_sex,country.georgia,2006,female,age_35_39,137422,persons,retro_projection,published,source.geostat_demography_population_age_sex,1!AN15 [2006-01-01],2026-10-01
demography.population_by_age_sex,country.georgia,2007,female,age_35_39,136108,persons,retro_projection,published,source.geostat_demography_population_age_sex,1!AQ15 [2007-01-01],2026-10-01
demography.population_by_age_sex,country.georgia,2008,female,age_35_39,134394,persons,retro_projection,published,source.geostat_demography_population_age_sex,1!AT15 [2008-01-01],2026-10-01
demography.population_by_age_sex,country.georgia,2009,female,age_35_39,133045,persons,retro_projection,published,source.geostat_demography_population_age_sex,1!AW15 [2009-01-01],2026-10-01
demography.population_by_age_sex,country.georgia,2010,female,age_35_39,131432,persons,retro_projection,published,source.geostat_demography_population_age_sex,1!AZ15 [2010-01-01],2026-10-01
demography.population_by_age_sex,country.georgia,2011,female,age_35_39,129491,persons,retro_projection,published,source.geostat_demography_population_age_sex,1!BC15 [2011-01-01],2026-10-01
demography.population_by_age_sex,country.georgia,2012,female,age_35_39,128139,persons,retro_projection,published,source.geostat_demography_population_age_sex,1!BF15 [2012-01-01],2026-10-01
demography.population_by_age_sex,country.georgia,2013,female,age_35_39,127116,persons,retro_projection,published,source.geostat_demography_population_age_sex,1!BI15 [2013-01-01],2026-10-01
demography.population_by_age_sex,country.georgia,2014,female,age_35_39,127139,persons,retro_projection,published,source.geostat_demography_population_age_sex,1!BL15 [2014-01-01],2026-10-01
demography.population_by_age_sex,country.georgia,2015,female,age_35_39,126718,persons,pre_census,published,source.geostat_demography_population_age_sex,1!BO15 [2015-01-01],2026-10-01
demography.population_by_age_sex,country.georgia,2016,female,age_35_39,126860,persons,pre_census,published,source.geostat_demography_population_age_sex,1!BR15 [2016-01-01],2026-10-01
demography.population_by_age_sex,country.georgia,2017,female,age_35_39,126388,persons,pre_census,published,source.geostat_demography_population_age_sex,1!BU15 [2017-01-01],2026-10-01
demography.population_by_age_sex,country.georgia,2018,female,age_35_39,127062,persons,pre_census,published,source.geostat_demography_population_age_sex,1!BX15 [2018-01-01],2026-10-01
demography.population_by_age_sex,country.georgia,2019,female,age_35_39,127082,persons,pre_census,published,source.geostat_demography_population_age_sex,1!CA15 [2019-01-01],2026-10-01
demography.population_by_age_sex,country.georgia,2020,female,age_35_39,128023,persons,pre_census,published,source.geostat_demography_population_age_sex,1!CD15 [2020-01-01],2026-10-01
demography.population_by_age_sex,country.georgia,2021,female,age_35_39,131390,persons,pre_census,published,source.geostat_demography_population_age_sex,1!CG15 [2021-01-01],2026-10-01
demography.population_by_age_sex,country.georgia,2022,female,age_35_39,132322,persons,pre_census,published,source.geostat_demography_population_age_sex,1!CJ15 [2022-01-01],2026-10-01
demography.population_by_age_sex,country.georgia,2023,female,age_35_39,135669,persons,pre_census,published,source.geostat_demography_population_age_sex,1!CM15 [2023-01-01],2026-10-01
demography.population_by_age_sex,country.georgia,2024,female,age_35_39,136796,persons,pre_census,published,source.geostat_demography_population_age_sex,1!CP15 [2024-01-01],2026-10-01
demography.population_by_age_sex,country.georgia,2025,female,age_35_39,149066,persons,census_based,published,source.geostat_demography_population_age_sex,1!CS15 [2025-01-01],2026-10-01
demography.population_by_age_sex,country.georgia,2026,female,age_35_39,151264,persons,census_based,published,source.geostat_demography_population_age_sex,1!CV15 [2026-01-01],2026-10-01
demography.population_by_age_sex,country.georgia,2004,female,age_40_44,162519,persons,retro_projection,published,source.geostat_demography_population_age_sex,1!AH16 [2004-01-01],2026-10-01
demography.population_by_age_sex,country.georgia,2005,female,age_40_44,159630,persons,retro_projection,published,source.geostat_demography_population_age_sex,1!AK16 [2005-01-01],2026-10-01
demography.population_by_age_sex,country.georgia,2006,female,age_40_44,154244,persons,retro_projection,published,source.geostat_demography_population_age_sex,1!AN16 [2006-01-01],2026-10-01
demography.population_by_age_sex,country.georgia,2007,female,age_40_44,148653,persons,retro_projection,published,source.geostat_demography_population_age_sex,1!AQ16 [2007-01-01],2026-10-01
demography.population_by_age_sex,country.georgia,2008,female,age_40_44,142576,persons,retro_projection,published,source.geostat_demography_population_age_sex,1!AT16 [2008-01-01],2026-10-01
demography.population_by_age_sex,country.georgia,2009,female,age_40_44,137086,persons,retro_projection,published,source.geostat_demography_population_age_sex,1!AW16 [2009-01-01],2026-10-01
demography.population_by_age_sex,country.georgia,2010,female,age_40_44,132050,persons,retro_projection,published,source.geostat_demography_population_age_sex,1!AZ16 [2010-01-01],2026-10-01
demography.population_by_age_sex,country.georgia,2011,female,age_40_44,129315,persons,retro_projection,published,source.geostat_demography_population_age_sex,1!BC16 [2011-01-01],2026-10-01
demography.population_by_age_sex,country.georgia,2012,female,age_40_44,127255,persons,retro_projection,published,source.geostat_demography_population_age_sex,1!BF16 [2012-01-01],2026-10-01
demography.population_by_age_sex,country.georgia,2013,female,age_40_44,125390,persons,retro_projection,published,source.geostat_demography_population_age_sex,1!BI16 [2013-01-01],2026-10-01
demography.population_by_age_sex,country.georgia,2014,female,age_40_44,125035,persons,retro_projection,published,source.geostat_demography_population_age_sex,1!BL16 [2014-01-01],2026-10-01
demography.population_by_age_sex,country.georgia,2015,female,age_40_44,124700,persons,pre_census,published,source.geostat_demography_population_age_sex,1!BO16 [2015-01-01],2026-10-01
demography.population_by_age_sex,country.georgia,2016,female,age_40_44,123710,persons,pre_census,published,source.geostat_demography_population_age_sex,1!BR16 [2016-01-01],2026-10-01
demography.population_by_age_sex,country.georgia,2017,female,age_40_44,122996,persons,pre_census,published,source.geostat_demography_population_age_sex,1!BU16 [2017-01-01],2026-10-01
demography.population_by_age_sex,country.georgia,2018,female,age_40_44,122433,persons,pre_census,published,source.geostat_demography_population_age_sex,1!BX16 [2018-01-01],2026-10-01
demography.population_by_age_sex,country.georgia,2019,female,age_40_44,121788,persons,pre_census,published,source.geostat_demography_population_age_sex,1!CA16 [2019-01-01],2026-10-01
demography.population_by_age_sex,country.georgia,2020,female,age_40_44,121053,persons,pre_census,published,source.geostat_demography_population_age_sex,1!CD16 [2020-01-01],2026-10-01
demography.population_by_age_sex,country.georgia,2021,female,age_40_44,122385,persons,pre_census,published,source.geostat_demography_population_age_sex,1!CG16 [2021-01-01],2026-10-01
demography.population_by_age_sex,country.georgia,2022,female,age_40_44,121493,persons,pre_census,published,source.geostat_demography_population_age_sex,1!CJ16 [2022-01-01],2026-10-01
demography.population_by_age_sex,country.georgia,2023,female,age_40_44,123654,persons,pre_census,published,source.geostat_demography_population_age_sex,1!CM16 [2023-01-01],2026-10-01
demography.population_by_age_sex,country.georgia,2024,female,age_40_44,125188,persons,pre_census,published,source.geostat_demography_population_age_sex,1!CP16 [2024-01-01],2026-10-01
demography.population_by_age_sex,country.georgia,2025,female,age_40_44,134349,persons,census_based,published,source.geostat_demography_population_age_sex,1!CS16 [2025-01-01],2026-10-01
demography.population_by_age_sex,country.georgia,2026,female,age_40_44,139126,persons,census_based,published,source.geostat_demography_population_age_sex,1!CV16 [2026-01-01],2026-10-01
demography.population_by_age_sex,country.georgia,2004,female,age_45_49,147942,persons,retro_projection,published,source.geostat_demography_population_age_sex,1!AH17 [2004-01-01],2026-10-01
demography.population_by_age_sex,country.georgia,2005,female,age_45_49,150454,persons,retro_projection,published,source.geostat_demography_population_age_sex,1!AK17 [2005-01-01],2026-10-01
demography.population_by_age_sex,country.georgia,2006,female,age_45_49,152792,persons,retro_projection,published,source.geostat_demography_population_age_sex,1!AN17 [2006-01-01],2026-10-01
demography.population_by_age_sex,country.georgia,2007,female,age_45_49,154449,persons,retro_projection,published,source.geostat_demography_population_age_sex,1!AQ17 [2007-01-01],2026-10-01
demography.population_by_age_sex,country.georgia,2008,female,age_45_49,155368,persons,retro_projection,published,source.geostat_demography_population_age_sex,1!AT17 [2008-01-01],2026-10-01
demography.population_by_age_sex,country.georgia,2009,female,age_45_49,154725,persons,retro_projection,published,source.geostat_demography_population_age_sex,1!AW17 [2009-01-01],2026-10-01
demography.population_by_age_sex,country.georgia,2010,female,age_45_49,151264,persons,retro_projection,published,source.geostat_demography_population_age_sex,1!AZ17 [2010-01-01],2026-10-01
demography.population_by_age_sex,country.georgia,2011,female,age_45_49,145730,persons,retro_projection,published,source.geostat_demography_population_age_sex,1!BC17 [2011-01-01],2026-10-01
demography.population_by_age_sex,country.georgia,2012,female,age_45_49,139494,persons,retro_projection,published,source.geostat_demography_population_age_sex,1!BF17 [2012-01-01],2026-10-01
demography.population_by_age_sex,country.georgia,2013,female,age_45_49,132840,persons,retro_projection,published,source.geostat_demography_population_age_sex,1!BI17 [2013-01-01],2026-10-01
demography.population_by_age_sex,country.georgia,2014,female,age_45_49,128436,persons,retro_projection,published,source.geostat_demography_population_age_sex,1!BL17 [2014-01-01],2026-10-01
demography.population_by_age_sex,country.georgia,2015,female,age_45_49,124664,persons,pre_census,published,source.geostat_demography_population_age_sex,1!BO17 [2015-01-01],2026-10-01
demography.population_by_age_sex,country.georgia,2016,female,age_45_49,123054,persons,pre_census,published,source.geostat_demography_population_age_sex,1!BR17 [2016-01-01],2026-10-01
demography.population_by_age_sex,country.georgia,2017,female,age_45_49,122017,persons,pre_census,published,source.geostat_demography_population_age_sex,1!BU17 [2017-01-01],2026-10-01
demography.population_by_age_sex,country.georgia,2018,female,age_45_49,120840,persons,pre_census,published,source.geostat_demography_population_age_sex,1!BX17 [2018-01-01],2026-10-01
demography.population_by_age_sex,country.georgia,2019,female,age_45_49,119619,persons,pre_census,published,source.geostat_demography_population_age_sex,1!CA17 [2019-01-01],2026-10-01
demography.population_by_age_sex,country.georgia,2020,female,age_45_49,118680,persons,pre_census,published,source.geostat_demography_population_age_sex,1!CD17 [2020-01-01],2026-10-01
demography.population_by_age_sex,country.georgia,2021,female,age_45_49,118884,persons,pre_census,published,source.geostat_demography_population_age_sex,1!CG17 [2021-01-01],2026-10-01
demography.population_by_age_sex,country.georgia,2022,female,age_45_49,117905,persons,pre_census,published,source.geostat_demography_population_age_sex,1!CJ17 [2022-01-01],2026-10-01
demography.population_by_age_sex,country.georgia,2023,female,age_45_49,118075,persons,pre_census,published,source.geostat_demography_population_age_sex,1!CM17 [2023-01-01],2026-10-01
demography.population_by_age_sex,country.georgia,2024,female,age_45_49,118799,persons,pre_census,published,source.geostat_demography_population_age_sex,1!CP17 [2024-01-01],2026-10-01
demography.population_by_age_sex,country.georgia,2025,female,age_45_49,118909,persons,census_based,published,source.geostat_demography_population_age_sex,1!CS17 [2025-01-01],2026-10-01
demography.population_by_age_sex,country.georgia,2026,female,age_45_49,121893,persons,census_based,published,source.geostat_demography_population_age_sex,1!CV17 [2026-01-01],2026-10-01
demography.population_by_age_sex,country.georgia,2004,female,age_50_54,130959,persons,retro_projection,published,source.geostat_demography_population_age_sex,1!AH18 [2004-01-01],2026-10-01
demography.population_by_age_sex,country.georgia,2005,female,age_50_54,133053,persons,retro_projection,published,source.geostat_demography_population_age_sex,1!AK18 [2005-01-01],2026-10-01
demography.population_by_age_sex,country.georgia,2006,female,age_50_54,134209,persons,retro_projection,published,source.geostat_demography_population_age_sex,1!AN18 [2006-01-01],2026-10-01
demography.population_by_age_sex,country.georgia,2007,female,age_50_54,136534,persons,retro_projection,published,source.geostat_demography_population_age_sex,1!AQ18 [2007-01-01],2026-10-01
demography.population_by_age_sex,country.georgia,2008,female,age_50_54,137318,persons,retro_projection,published,source.geostat_demography_population_age_sex,1!AT18 [2008-01-01],2026-10-01
demography.population_by_age_sex,country.georgia,2009,female,age_50_54,139897,persons,retro_projection,published,source.geostat_demography_population_age_sex,1!AW18 [2009-01-01],2026-10-01
demography.population_by_age_sex,country.georgia,2010,female,age_50_54,141749,persons,retro_projection,published,source.geostat_demography_population_age_sex,1!AZ18 [2010-01-01],2026-10-01
demography.population_by_age_sex,country.georgia,2011,female,age_50_54,143867,persons,retro_projection,published,source.geostat_demography_population_age_sex,1!BC18 [2011-01-01],2026-10-01
demography.population_by_age_sex,country.georgia,2012,female,age_50_54,144898,persons,retro_projection,published,source.geostat_demography_population_age_sex,1!BF18 [2012-01-01],2026-10-01
demography.population_by_age_sex,country.georgia,2013,female,age_50_54,145503,persons,retro_projection,published,source.geostat_demography_population_age_sex,1!BI18 [2013-01-01],2026-10-01
demography.population_by_age_sex,country.georgia,2014,female,age_50_54,146028,persons,retro_projection,published,source.geostat_demography_population_age_sex,1!BL18 [2014-01-01],2026-10-01
demography.population_by_age_sex,country.georgia,2015,female,age_50_54,143781,persons,pre_census,published,source.geostat_demography_population_age_sex,1!BO18 [2015-01-01],2026-10-01
demography.population_by_age_sex,country.georgia,2016,female,age_50_54,139113,persons,pre_census,published,source.geostat_demography_population_age_sex,1!BR18 [2016-01-01],2026-10-01
demography.population_by_age_sex,country.georgia,2017,female,age_50_54,133636,persons,pre_census,published,source.geostat_demography_population_age_sex,1!BU18 [2017-01-01],2026-10-01
demography.population_by_age_sex,country.georgia,2018,female,age_50_54,128239,persons,pre_census,published,source.geostat_demography_population_age_sex,1!BX18 [2018-01-01],2026-10-01
demography.population_by_age_sex,country.georgia,2019,female,age_50_54,123225,persons,pre_census,published,source.geostat_demography_population_age_sex,1!CA18 [2019-01-01],2026-10-01
demography.population_by_age_sex,country.georgia,2020,female,age_50_54,119392,persons,pre_census,published,source.geostat_demography_population_age_sex,1!CD18 [2020-01-01],2026-10-01
demography.population_by_age_sex,country.georgia,2021,female,age_50_54,119145,persons,pre_census,published,source.geostat_demography_population_age_sex,1!CG18 [2021-01-01],2026-10-01
demography.population_by_age_sex,country.georgia,2022,female,age_50_54,117681,persons,pre_census,published,source.geostat_demography_population_age_sex,1!CJ18 [2022-01-01],2026-10-01
demography.population_by_age_sex,country.georgia,2023,female,age_50_54,117390,persons,pre_census,published,source.geostat_demography_population_age_sex,1!CM18 [2023-01-01],2026-10-01
demography.population_by_age_sex,country.georgia,2024,female,age_50_54,117259,persons,pre_census,published,source.geostat_demography_population_age_sex,1!CP18 [2024-01-01],2026-10-01
demography.population_by_age_sex,country.georgia,2025,female,age_50_54,111060,persons,census_based,published,source.geostat_demography_population_age_sex,1!CS18 [2025-01-01],2026-10-01
demography.population_by_age_sex,country.georgia,2026,female,age_50_54,111903,persons,census_based,published,source.geostat_demography_population_age_sex,1!CV18 [2026-01-01],2026-10-01
demography.population_by_age_sex,country.georgia,2004,female,age_55_59,90430,persons,retro_projection,published,source.geostat_demography_population_age_sex,1!AH19 [2004-01-01],2026-10-01
demography.population_by_age_sex,country.georgia,2005,female,age_55_59,102319,persons,retro_projection,published,source.geostat_demography_population_age_sex,1!AK19 [2005-01-01],2026-10-01
demography.population_by_age_sex,country.georgia,2006,female,age_55_59,111668,persons,retro_projection,published,source.geostat_demography_population_age_sex,1!AN19 [2006-01-01],2026-10-01
demography.population_by_age_sex,country.georgia,2007,female,age_55_59,117664,persons,retro_projection,published,source.geostat_demography_population_age_sex,1!AQ19 [2007-01-01],2026-10-01
demography.population_by_age_sex,country.georgia,2008,female,age_55_59,121207,persons,retro_projection,published,source.geostat_demography_population_age_sex,1!AT19 [2008-01-01],2026-10-01
demography.population_by_age_sex,country.georgia,2009,female,age_55_59,123618,persons,retro_projection,published,source.geostat_demography_population_age_sex,1!AW19 [2009-01-01],2026-10-01
demography.population_by_age_sex,country.georgia,2010,female,age_55_59,125051,persons,retro_projection,published,source.geostat_demography_population_age_sex,1!AZ19 [2010-01-01],2026-10-01
demography.population_by_age_sex,country.georgia,2011,female,age_55_59,125978,persons,retro_projection,published,source.geostat_demography_population_age_sex,1!BC19 [2011-01-01],2026-10-01
demography.population_by_age_sex,country.georgia,2012,female,age_55_59,127523,persons,retro_projection,published,source.geostat_demography_population_age_sex,1!BF19 [2012-01-01],2026-10-01
demography.population_by_age_sex,country.georgia,2013,female,age_55_59,128094,persons,retro_projection,published,source.geostat_demography_population_age_sex,1!BI19 [2013-01-01],2026-10-01
demography.population_by_age_sex,country.georgia,2014,female,age_55_59,131472,persons,retro_projection,published,source.geostat_demography_population_age_sex,1!BL19 [2014-01-01],2026-10-01
demography.population_by_age_sex,country.georgia,2015,female,age_55_59,134404,persons,pre_census,published,source.geostat_demography_population_age_sex,1!BO19 [2015-01-01],2026-10-01
demography.population_by_age_sex,country.georgia,2016,female,age_55_59,137479,persons,pre_census,published,source.geostat_demography_population_age_sex,1!BR19 [2016-01-01],2026-10-01
demography.population_by_age_sex,country.georgia,2017,female,age_55_59,139329,persons,pre_census,published,source.geostat_demography_population_age_sex,1!BU19 [2017-01-01],2026-10-01
demography.population_by_age_sex,country.georgia,2018,female,age_55_59,141146,persons,pre_census,published,source.geostat_demography_population_age_sex,1!BX19 [2018-01-01],2026-10-01
demography.population_by_age_sex,country.georgia,2019,female,age_55_59,141039,persons,pre_census,published,source.geostat_demography_population_age_sex,1!CA19 [2019-01-01],2026-10-01
demography.population_by_age_sex,country.georgia,2020,female,age_55_59,138559,persons,pre_census,published,source.geostat_demography_population_age_sex,1!CD19 [2020-01-01],2026-10-01
demography.population_by_age_sex,country.georgia,2021,female,age_55_59,135261,persons,pre_census,published,source.geostat_demography_population_age_sex,1!CG19 [2021-01-01],2026-10-01
demography.population_by_age_sex,country.georgia,2022,female,age_55_59,129696,persons,pre_census,published,source.geostat_demography_population_age_sex,1!CJ19 [2022-01-01],2026-10-01
demography.population_by_age_sex,country.georgia,2023,female,age_55_59,125286,persons,pre_census,published,source.geostat_demography_population_age_sex,1!CM19 [2023-01-01],2026-10-01
demography.population_by_age_sex,country.georgia,2024,female,age_55_59,121408,persons,pre_census,published,source.geostat_demography_population_age_sex,1!CP19 [2024-01-01],2026-10-01
demography.population_by_age_sex,country.georgia,2025,female,age_55_59,111670,persons,census_based,published,source.geostat_demography_population_age_sex,1!CS19 [2025-01-01],2026-10-01
demography.population_by_age_sex,country.georgia,2026,female,age_55_59,108646,persons,census_based,published,source.geostat_demography_population_age_sex,1!CV19 [2026-01-01],2026-10-01
demography.population_by_age_sex,country.georgia,2004,female,age_60_64,103339,persons,retro_projection,published,source.geostat_demography_population_age_sex,1!AH20 [2004-01-01],2026-10-01
demography.population_by_age_sex,country.georgia,2005,female,age_60_64,88688,persons,retro_projection,published,source.geostat_demography_population_age_sex,1!AK20 [2005-01-01],2026-10-01
demography.population_by_age_sex,country.georgia,2006,female,age_60_64,76417,persons,retro_projection,published,source.geostat_demography_population_age_sex,1!AN20 [2006-01-01],2026-10-01
demography.population_by_age_sex,country.georgia,2007,female,age_60_64,72703,persons,retro_projection,published,source.geostat_demography_population_age_sex,1!AQ20 [2007-01-01],2026-10-01
demography.population_by_age_sex,country.georgia,2008,female,age_60_64,76894,persons,retro_projection,published,source.geostat_demography_population_age_sex,1!AT20 [2008-01-01],2026-10-01
demography.population_by_age_sex,country.georgia,2009,female,age_60_64,87162,persons,retro_projection,published,source.geostat_demography_population_age_sex,1!AW20 [2009-01-01],2026-10-01
demography.population_by_age_sex,country.georgia,2010,female,age_60_64,98052,persons,retro_projection,published,source.geostat_demography_population_age_sex,1!AZ20 [2010-01-01],2026-10-01
demography.population_by_age_sex,country.georgia,2011,female,age_60_64,106774,persons,retro_projection,published,source.geostat_demography_population_age_sex,1!BC20 [2011-01-01],2026-10-01
demography.population_by_age_sex,country.georgia,2012,female,age_60_64,111578,persons,retro_projection,published,source.geostat_demography_population_age_sex,1!BF20 [2012-01-01],2026-10-01
demography.population_by_age_sex,country.georgia,2013,female,age_60_64,114566,persons,retro_projection,published,source.geostat_demography_population_age_sex,1!BI20 [2013-01-01],2026-10-01
demography.population_by_age_sex,country.georgia,2014,female,age_60_64,116990,persons,retro_projection,published,source.geostat_demography_population_age_sex,1!BL20 [2014-01-01],2026-10-01
demography.population_by_age_sex,country.georgia,2015,female,age_60_64,119284,persons,pre_census,published,source.geostat_demography_population_age_sex,1!BO20 [2015-01-01],2026-10-01
demography.population_by_age_sex,country.georgia,2016,female,age_60_64,121035,persons,pre_census,published,source.geostat_demography_population_age_sex,1!BR20 [2016-01-01],2026-10-01
demography.population_by_age_sex,country.georgia,2017,female,age_60_64,123431,persons,pre_census,published,source.geostat_demography_population_age_sex,1!BU20 [2017-01-01],2026-10-01
demography.population_by_age_sex,country.georgia,2018,female,age_60_64,124931,persons,pre_census,published,source.geostat_demography_population_age_sex,1!BX20 [2018-01-01],2026-10-01
demography.population_by_age_sex,country.georgia,2019,female,age_60_64,127855,persons,pre_census,published,source.geostat_demography_population_age_sex,1!CA20 [2019-01-01],2026-10-01
demography.population_by_age_sex,country.georgia,2020,female,age_60_64,130738,persons,pre_census,published,source.geostat_demography_population_age_sex,1!CD20 [2020-01-01],2026-10-01
demography.population_by_age_sex,country.georgia,2021,female,age_60_64,134365,persons,pre_census,published,source.geostat_demography_population_age_sex,1!CG20 [2021-01-01],2026-10-01
demography.population_by_age_sex,country.georgia,2022,female,age_60_64,136179,persons,pre_census,published,source.geostat_demography_population_age_sex,1!CJ20 [2022-01-01],2026-10-01
demography.population_by_age_sex,country.georgia,2023,female,age_60_64,138923,persons,pre_census,published,source.geostat_demography_population_age_sex,1!CM20 [2023-01-01],2026-10-01
demography.population_by_age_sex,country.georgia,2024,female,age_60_64,139631,persons,pre_census,published,source.geostat_demography_population_age_sex,1!CP20 [2024-01-01],2026-10-01
demography.population_by_age_sex,country.georgia,2025,female,age_60_64,147964,persons,census_based,published,source.geostat_demography_population_age_sex,1!CS20 [2025-01-01],2026-10-01
demography.population_by_age_sex,country.georgia,2026,female,age_60_64,143189,persons,census_based,published,source.geostat_demography_population_age_sex,1!CV20 [2026-01-01],2026-10-01
demography.population_by_age_sex,country.georgia,2004,female,age_65_69,115914,persons,retro_projection,published,source.geostat_demography_population_age_sex,1!AH21 [2004-01-01],2026-10-01
demography.population_by_age_sex,country.georgia,2005,female,age_65_69,120908,persons,retro_projection,published,source.geostat_demography_population_age_sex,1!AK21 [2005-01-01],2026-10-01
demography.population_by_age_sex,country.georgia,2006,female,age_65_69,124095,persons,retro_projection,published,source.geostat_demography_population_age_sex,1!AN21 [2006-01-01],2026-10-01
demography.population_by_age_sex,country.georgia,2007,female,age_65_69,121449,persons,retro_projection,published,source.geostat_demography_population_age_sex,1!AQ21 [2007-01-01],2026-10-01
demography.population_by_age_sex,country.georgia,2008,female,age_65_69,111843,persons,retro_projection,published,source.geostat_demography_population_age_sex,1!AT21 [2008-01-01],2026-10-01
demography.population_by_age_sex,country.georgia,2009,female,age_65_69,95906,persons,retro_projection,published,source.geostat_demography_population_age_sex,1!AW21 [2009-01-01],2026-10-01
demography.population_by_age_sex,country.georgia,2010,female,age_65_69,81563,persons,retro_projection,published,source.geostat_demography_population_age_sex,1!AZ21 [2010-01-01],2026-10-01
demography.population_by_age_sex,country.georgia,2011,female,age_65_69,70902,persons,retro_projection,published,source.geostat_demography_population_age_sex,1!BC21 [2011-01-01],2026-10-01
demography.population_by_age_sex,country.georgia,2012,female,age_65_69,67982,persons,retro_projection,published,source.geostat_demography_population_age_sex,1!BF21 [2012-01-01],2026-10-01
demography.population_by_age_sex,country.georgia,2013,female,age_65_69,72409,persons,retro_projection,published,source.geostat_demography_population_age_sex,1!BI21 [2013-01-01],2026-10-01
demography.population_by_age_sex,country.georgia,2014,female,age_65_69,82194,persons,retro_projection,published,source.geostat_demography_population_age_sex,1!BL21 [2014-01-01],2026-10-01
demography.population_by_age_sex,country.georgia,2015,female,age_65_69,92663,persons,pre_census,published,source.geostat_demography_population_age_sex,1!BO21 [2015-01-01],2026-10-01
demography.population_by_age_sex,country.georgia,2016,female,age_65_69,101170,persons,pre_census,published,source.geostat_demography_population_age_sex,1!BR21 [2016-01-01],2026-10-01
demography.population_by_age_sex,country.georgia,2017,female,age_65_69,106045,persons,pre_census,published,source.geostat_demography_population_age_sex,1!BU21 [2017-01-01],2026-10-01
demography.population_by_age_sex,country.georgia,2018,female,age_65_69,109422,persons,pre_census,published,source.geostat_demography_population_age_sex,1!BX21 [2018-01-01],2026-10-01
demography.population_by_age_sex,country.georgia,2019,female,age_65_69,111808,persons,pre_census,published,source.geostat_demography_population_age_sex,1!CA21 [2019-01-01],2026-10-01
demography.population_by_age_sex,country.georgia,2020,female,age_65_69,113859,persons,pre_census,published,source.geostat_demography_population_age_sex,1!CD21 [2020-01-01],2026-10-01
demography.population_by_age_sex,country.georgia,2021,female,age_65_69,115858,persons,pre_census,published,source.geostat_demography_population_age_sex,1!CG21 [2021-01-01],2026-10-01
demography.population_by_age_sex,country.georgia,2022,female,age_65_69,118025,persons,pre_census,published,source.geostat_demography_population_age_sex,1!CJ21 [2022-01-01],2026-10-01
demography.population_by_age_sex,country.georgia,2023,female,age_65_69,120165,persons,pre_census,published,source.geostat_demography_population_age_sex,1!CM21 [2023-01-01],2026-10-01
demography.population_by_age_sex,country.georgia,2024,female,age_65_69,123590,persons,pre_census,published,source.geostat_demography_population_age_sex,1!CP21 [2024-01-01],2026-10-01
demography.population_by_age_sex,country.georgia,2025,female,age_65_69,134449,persons,census_based,published,source.geostat_demography_population_age_sex,1!CS21 [2025-01-01],2026-10-01
demography.population_by_age_sex,country.georgia,2026,female,age_65_69,138816,persons,census_based,published,source.geostat_demography_population_age_sex,1!CV21 [2026-01-01],2026-10-01
demography.population_by_age_sex,country.georgia,2004,female,age_70_74,91617,persons,retro_projection,published,source.geostat_demography_population_age_sex,1!AH22 [2004-01-01],2026-10-01
demography.population_by_age_sex,country.georgia,2005,female,age_70_74,89720,persons,retro_projection,published,source.geostat_demography_population_age_sex,1!AK22 [2005-01-01],2026-10-01
demography.population_by_age_sex,country.georgia,2006,female,age_70_74,89350,persons,retro_projection,published,source.geostat_demography_population_age_sex,1!AN22 [2006-01-01],2026-10-01
demography.population_by_age_sex,country.georgia,2007,female,age_70_74,92273,persons,retro_projection,published,source.geostat_demography_population_age_sex,1!AQ22 [2007-01-01],2026-10-01
demography.population_by_age_sex,country.georgia,2008,female,age_70_74,96333,persons,retro_projection,published,source.geostat_demography_population_age_sex,1!AT22 [2008-01-01],2026-10-01
demography.population_by_age_sex,country.georgia,2009,female,age_70_74,102318,persons,retro_projection,published,source.geostat_demography_population_age_sex,1!AW22 [2009-01-01],2026-10-01
demography.population_by_age_sex,country.georgia,2010,female,age_70_74,106988,persons,retro_projection,published,source.geostat_demography_population_age_sex,1!AZ22 [2010-01-01],2026-10-01
demography.population_by_age_sex,country.georgia,2011,female,age_70_74,109814,persons,retro_projection,published,source.geostat_demography_population_age_sex,1!BC22 [2011-01-01],2026-10-01
demography.population_by_age_sex,country.georgia,2012,female,age_70_74,107297,persons,retro_projection,published,source.geostat_demography_population_age_sex,1!BF22 [2012-01-01],2026-10-01
demography.population_by_age_sex,country.georgia,2013,female,age_70_74,98712,persons,retro_projection,published,source.geostat_demography_population_age_sex,1!BI22 [2013-01-01],2026-10-01
demography.population_by_age_sex,country.georgia,2014,female,age_70_74,84730,persons,retro_projection,published,source.geostat_demography_population_age_sex,1!BL22 [2014-01-01],2026-10-01
demography.population_by_age_sex,country.georgia,2015,female,age_70_74,73011,persons,pre_census,published,source.geostat_demography_population_age_sex,1!BO22 [2015-01-01],2026-10-01
demography.population_by_age_sex,country.georgia,2016,female,age_70_74,63850,persons,pre_census,published,source.geostat_demography_population_age_sex,1!BR22 [2016-01-01],2026-10-01
demography.population_by_age_sex,country.georgia,2017,female,age_70_74,61727,persons,pre_census,published,source.geostat_demography_population_age_sex,1!BU22 [2017-01-01],2026-10-01
demography.population_by_age_sex,country.georgia,2018,female,age_70_74,66104,persons,pre_census,published,source.geostat_demography_population_age_sex,1!BX22 [2018-01-01],2026-10-01
demography.population_by_age_sex,country.georgia,2019,female,age_70_74,75325,persons,pre_census,published,source.geostat_demography_population_age_sex,1!CA22 [2019-01-01],2026-10-01
demography.population_by_age_sex,country.georgia,2020,female,age_70_74,84980,persons,pre_census,published,source.geostat_demography_population_age_sex,1!CD22 [2020-01-01],2026-10-01
demography.population_by_age_sex,country.georgia,2021,female,age_70_74,92763,persons,pre_census,published,source.geostat_demography_population_age_sex,1!CG22 [2021-01-01],2026-10-01
demography.population_by_age_sex,country.georgia,2022,female,age_70_74,96652,persons,pre_census,published,source.geostat_demography_population_age_sex,1!CJ22 [2022-01-01],2026-10-01
demography.population_by_age_sex,country.georgia,2023,female,age_70_74,100355,persons,pre_census,published,source.geostat_demography_population_age_sex,1!CM22 [2023-01-01],2026-10-01
demography.population_by_age_sex,country.georgia,2024,female,age_70_74,103046,persons,pre_census,published,source.geostat_demography_population_age_sex,1!CP22 [2024-01-01],2026-10-01
demography.population_by_age_sex,country.georgia,2025,female,age_70_74,120129,persons,census_based,published,source.geostat_demography_population_age_sex,1!CS22 [2025-01-01],2026-10-01
demography.population_by_age_sex,country.georgia,2026,female,age_70_74,121485,persons,census_based,published,source.geostat_demography_population_age_sex,1!CV22 [2026-01-01],2026-10-01
demography.population_by_age_sex,country.georgia,2004,female,age_75_79,72536,persons,retro_projection,published,source.geostat_demography_population_age_sex,1!AH23 [2004-01-01],2026-10-01
demography.population_by_age_sex,country.georgia,2005,female,age_75_79,74447,persons,retro_projection,published,source.geostat_demography_population_age_sex,1!AK23 [2005-01-01],2026-10-01
demography.population_by_age_sex,country.georgia,2006,female,age_75_79,75697,persons,retro_projection,published,source.geostat_demography_population_age_sex,1!AN23 [2006-01-01],2026-10-01
demography.population_by_age_sex,country.georgia,2007,female,age_75_79,74899,persons,retro_projection,published,source.geostat_demography_population_age_sex,1!AQ23 [2007-01-01],2026-10-01
demography.population_by_age_sex,country.georgia,2008,female,age_75_79,73966,persons,retro_projection,published,source.geostat_demography_population_age_sex,1!AT23 [2008-01-01],2026-10-01
demography.population_by_age_sex,country.georgia,2009,female,age_75_79,71722,persons,retro_projection,published,source.geostat_demography_population_age_sex,1!AW23 [2009-01-01],2026-10-01
demography.population_by_age_sex,country.georgia,2010,female,age_75_79,69996,persons,retro_projection,published,source.geostat_demography_population_age_sex,1!AZ23 [2010-01-01],2026-10-01
demography.population_by_age_sex,country.georgia,2011,female,age_75_79,69908,persons,retro_projection,published,source.geostat_demography_population_age_sex,1!BC23 [2011-01-01],2026-10-01
demography.population_by_age_sex,country.georgia,2012,female,age_75_79,72759,persons,retro_projection,published,source.geostat_demography_population_age_sex,1!BF23 [2012-01-01],2026-10-01
demography.population_by_age_sex,country.georgia,2013,female,age_75_79,76965,persons,retro_projection,published,source.geostat_demography_population_age_sex,1!BI23 [2013-01-01],2026-10-01
demography.population_by_age_sex,country.georgia,2014,female,age_75_79,82412,persons,retro_projection,published,source.geostat_demography_population_age_sex,1!BL23 [2014-01-01],2026-10-01
demography.population_by_age_sex,country.georgia,2015,female,age_75_79,86635,persons,pre_census,published,source.geostat_demography_population_age_sex,1!BO23 [2015-01-01],2026-10-01
demography.population_by_age_sex,country.georgia,2016,female,age_75_79,89627,persons,pre_census,published,source.geostat_demography_population_age_sex,1!BR23 [2016-01-01],2026-10-01
demography.population_by_age_sex,country.georgia,2017,female,age_75_79,87680,persons,pre_census,published,source.geostat_demography_population_age_sex,1!BU23 [2017-01-01],2026-10-01
demography.population_by_age_sex,country.georgia,2018,female,age_75_79,80985,persons,pre_census,published,source.geostat_demography_population_age_sex,1!BX23 [2018-01-01],2026-10-01
demography.population_by_age_sex,country.georgia,2019,female,age_75_79,69456,persons,pre_census,published,source.geostat_demography_population_age_sex,1!CA23 [2019-01-01],2026-10-01
demography.population_by_age_sex,country.georgia,2020,female,age_75_79,60107,persons,pre_census,published,source.geostat_demography_population_age_sex,1!CD23 [2020-01-01],2026-10-01
demography.population_by_age_sex,country.georgia,2021,female,age_75_79,52948,persons,pre_census,published,source.geostat_demography_population_age_sex,1!CG23 [2021-01-01],2026-10-01
demography.population_by_age_sex,country.georgia,2022,female,age_75_79,51339,persons,pre_census,published,source.geostat_demography_population_age_sex,1!CJ23 [2022-01-01],2026-10-01
demography.population_by_age_sex,country.georgia,2023,female,age_75_79,55813,persons,pre_census,published,source.geostat_demography_population_age_sex,1!CM23 [2023-01-01],2026-10-01
demography.population_by_age_sex,country.georgia,2024,female,age_75_79,64031,persons,pre_census,published,source.geostat_demography_population_age_sex,1!CP23 [2024-01-01],2026-10-01
demography.population_by_age_sex,country.georgia,2025,female,age_75_79,79701,persons,census_based,published,source.geostat_demography_population_age_sex,1!CS23 [2025-01-01],2026-10-01
demography.population_by_age_sex,country.georgia,2026,female,age_75_79,89233,persons,census_based,published,source.geostat_demography_population_age_sex,1!CV23 [2026-01-01],2026-10-01
demography.population_by_age_sex,country.georgia,2004,female,age_80_84,34096,persons,retro_projection,published,source.geostat_demography_population_age_sex,1!AH24 [2004-01-01],2026-10-01
demography.population_by_age_sex,country.georgia,2005,female,age_80_84,35661,persons,retro_projection,published,source.geostat_demography_population_age_sex,1!AK24 [2005-01-01],2026-10-01
demography.population_by_age_sex,country.georgia,2006,female,age_80_84,38088,persons,retro_projection,published,source.geostat_demography_population_age_sex,1!AN24 [2006-01-01],2026-10-01
demography.population_by_age_sex,country.georgia,2007,female,age_80_84,40932,persons,retro_projection,published,source.geostat_demography_population_age_sex,1!AQ24 [2007-01-01],2026-10-01
demography.population_by_age_sex,country.georgia,2008,female,age_80_84,44357,persons,retro_projection,published,source.geostat_demography_population_age_sex,1!AT24 [2008-01-01],2026-10-01
demography.population_by_age_sex,country.georgia,2009,female,age_80_84,47945,persons,retro_projection,published,source.geostat_demography_population_age_sex,1!AW24 [2009-01-01],2026-10-01
demography.population_by_age_sex,country.georgia,2010,female,age_80_84,50116,persons,retro_projection,published,source.geostat_demography_population_age_sex,1!AZ24 [2010-01-01],2026-10-01
demography.population_by_age_sex,country.georgia,2011,female,age_80_84,50688,persons,retro_projection,published,source.geostat_demography_population_age_sex,1!BC24 [2011-01-01],2026-10-01
demography.population_by_age_sex,country.georgia,2012,female,age_80_84,49419,persons,retro_projection,published,source.geostat_demography_population_age_sex,1!BF24 [2012-01-01],2026-10-01
demography.population_by_age_sex,country.georgia,2013,female,age_80_84,48742,persons,retro_projection,published,source.geostat_demography_population_age_sex,1!BI24 [2013-01-01],2026-10-01
demography.population_by_age_sex,country.georgia,2014,female,age_80_84,47319,persons,retro_projection,published,source.geostat_demography_population_age_sex,1!BL24 [2014-01-01],2026-10-01
demography.population_by_age_sex,country.georgia,2015,female,age_80_84,46494,persons,pre_census,published,source.geostat_demography_population_age_sex,1!BO24 [2015-01-01],2026-10-01
demography.population_by_age_sex,country.georgia,2016,female,age_80_84,46729,persons,pre_census,published,source.geostat_demography_population_age_sex,1!BR24 [2016-01-01],2026-10-01
demography.population_by_age_sex,country.georgia,2017,female,age_80_84,49096,persons,pre_census,published,source.geostat_demography_population_age_sex,1!BU24 [2017-01-01],2026-10-01
demography.population_by_age_sex,country.georgia,2018,female,age_80_84,52415,persons,pre_census,published,source.geostat_demography_population_age_sex,1!BX24 [2018-01-01],2026-10-01
demography.population_by_age_sex,country.georgia,2019,female,age_80_84,56967,persons,pre_census,published,source.geostat_demography_population_age_sex,1!CA24 [2019-01-01],2026-10-01
demography.population_by_age_sex,country.georgia,2020,female,age_80_84,60408,persons,pre_census,published,source.geostat_demography_population_age_sex,1!CD24 [2020-01-01],2026-10-01
demography.population_by_age_sex,country.georgia,2021,female,age_80_84,62694,persons,pre_census,published,source.geostat_demography_population_age_sex,1!CG24 [2021-01-01],2026-10-01
demography.population_by_age_sex,country.georgia,2022,female,age_80_84,60417,persons,pre_census,published,source.geostat_demography_population_age_sex,1!CJ24 [2022-01-01],2026-10-01
demography.population_by_age_sex,country.georgia,2023,female,age_80_84,55863,persons,pre_census,published,source.geostat_demography_population_age_sex,1!CM24 [2023-01-01],2026-10-01
demography.population_by_age_sex,country.georgia,2024,female,age_80_84,48169,persons,pre_census,published,source.geostat_demography_population_age_sex,1!CP24 [2024-01-01],2026-10-01
demography.population_by_age_sex,country.georgia,2025,female,age_80_84,44505,persons,census_based,published,source.geostat_demography_population_age_sex,1!CS24 [2025-01-01],2026-10-01
demography.population_by_age_sex,country.georgia,2026,female,age_80_84,40682,persons,census_based,published,source.geostat_demography_population_age_sex,1!CV24 [2026-01-01],2026-10-01
demography.population_by_age_sex,country.georgia,2004,female,age_85_plus,21710,persons,retro_projection,published,source.geostat_demography_population_age_sex,1!AH25 [2004-01-01],2026-10-01
demography.population_by_age_sex,country.georgia,2005,female,age_85_plus,21267,persons,retro_projection,published,source.geostat_demography_population_age_sex,1!AK25 [2005-01-01],2026-10-01
demography.population_by_age_sex,country.georgia,2006,female,age_85_plus,21930,persons,retro_projection,published,source.geostat_demography_population_age_sex,1!AN25 [2006-01-01],2026-10-01
demography.population_by_age_sex,country.georgia,2007,female,age_85_plus,22384,persons,retro_projection,published,source.geostat_demography_population_age_sex,1!AQ25 [2007-01-01],2026-10-01
demography.population_by_age_sex,country.georgia,2008,female,age_85_plus,23124,persons,retro_projection,published,source.geostat_demography_population_age_sex,1!AT25 [2008-01-01],2026-10-01
demography.population_by_age_sex,country.georgia,2009,female,age_85_plus,24163,persons,retro_projection,published,source.geostat_demography_population_age_sex,1!AW25 [2009-01-01],2026-10-01
demography.population_by_age_sex,country.georgia,2010,female,age_85_plus,25406,persons,retro_projection,published,source.geostat_demography_population_age_sex,1!AZ25 [2010-01-01],2026-10-01
demography.population_by_age_sex,country.georgia,2011,female,age_85_plus,26947,persons,retro_projection,published,source.geostat_demography_population_age_sex,1!BC25 [2011-01-01],2026-10-01
demography.population_by_age_sex,country.georgia,2012,female,age_85_plus,28377,persons,retro_projection,published,source.geostat_demography_population_age_sex,1!BF25 [2012-01-01],2026-10-01
demography.population_by_age_sex,country.georgia,2013,female,age_85_plus,29917,persons,retro_projection,published,source.geostat_demography_population_age_sex,1!BI25 [2013-01-01],2026-10-01
demography.population_by_age_sex,country.georgia,2014,female,age_85_plus,31282,persons,retro_projection,published,source.geostat_demography_population_age_sex,1!BL25 [2014-01-01],2026-10-01
demography.population_by_age_sex,country.georgia,2015,female,age_85_plus,31761,persons,pre_census,published,source.geostat_demography_population_age_sex,1!BO25 [2015-01-01],2026-10-01
demography.population_by_age_sex,country.georgia,2016,female,age_85_plus,32469,persons,pre_census,published,source.geostat_demography_population_age_sex,1!BR25 [2016-01-01],2026-10-01
demography.population_by_age_sex,country.georgia,2017,female,age_85_plus,31535,persons,pre_census,published,source.geostat_demography_population_age_sex,1!BU25 [2017-01-01],2026-10-01
demography.population_by_age_sex,country.georgia,2018,female,age_85_plus,31409,persons,pre_census,published,source.geostat_demography_population_age_sex,1!BX25 [2018-01-01],2026-10-01
demography.population_by_age_sex,country.georgia,2019,female,age_85_plus,30767,persons,pre_census,published,source.geostat_demography_population_age_sex,1!CA25 [2019-01-01],2026-10-01
demography.population_by_age_sex,country.georgia,2020,female,age_85_plus,30385,persons,pre_census,published,source.geostat_demography_population_age_sex,1!CD25 [2020-01-01],2026-10-01
demography.population_by_age_sex,country.georgia,2021,female,age_85_plus,30583,persons,pre_census,published,source.geostat_demography_population_age_sex,1!CG25 [2021-01-01],2026-10-01
demography.population_by_age_sex,country.georgia,2022,female,age_85_plus,30186,persons,pre_census,published,source.geostat_demography_population_age_sex,1!CJ25 [2022-01-01],2026-10-01
demography.population_by_age_sex,country.georgia,2023,female,age_85_plus,31491,persons,pre_census,published,source.geostat_demography_population_age_sex,1!CM25 [2023-01-01],2026-10-01
demography.population_by_age_sex,country.georgia,2024,female,age_85_plus,34130,persons,pre_census,published,source.geostat_demography_population_age_sex,1!CP25 [2024-01-01],2026-10-01
demography.population_by_age_sex,country.georgia,2025,female,age_85_plus,46698,persons,census_based,published,source.geostat_demography_population_age_sex,1!CS25 [2025-01-01],2026-10-01
demography.population_by_age_sex,country.georgia,2026,female,age_85_plus,49131,persons,census_based,published,source.geostat_demography_population_age_sex,1!CV25 [2026-01-01],2026-10-01
demography.population_age_band,country.georgia,2004,female,band_0_14,365829,persons,retro_projection,published,source.geostat_demography_population_age_sex,1!AH7:AH10 (sum) [2004-01-01],2026-10-01
demography.population_age_band,country.georgia,2005,female,band_0_14,354653,persons,retro_projection,published,source.geostat_demography_population_age_sex,1!AK7:AK10 (sum) [2005-01-01],2026-10-01
demography.population_age_band,country.georgia,2006,female,band_0_14,342002,persons,retro_projection,published,source.geostat_demography_population_age_sex,1!AN7:AN10 (sum) [2006-01-01],2026-10-01
demography.population_age_band,country.georgia,2007,female,band_0_14,330828,persons,retro_projection,published,source.geostat_demography_population_age_sex,1!AQ7:AQ10 (sum) [2007-01-01],2026-10-01
demography.population_age_band,country.georgia,2008,female,band_0_14,322863,persons,retro_projection,published,source.geostat_demography_population_age_sex,1!AT7:AT10 (sum) [2008-01-01],2026-10-01
demography.population_age_band,country.georgia,2009,female,band_0_14,321008,persons,retro_projection,published,source.geostat_demography_population_age_sex,1!AW7:AW10 (sum) [2009-01-01],2026-10-01
demography.population_age_band,country.georgia,2010,female,band_0_14,322264,persons,retro_projection,published,source.geostat_demography_population_age_sex,1!AZ7:AZ10 (sum) [2010-01-01],2026-10-01
demography.population_age_band,country.georgia,2011,female,band_0_14,322909,persons,retro_projection,published,source.geostat_demography_population_age_sex,1!BC7:BC10 (sum) [2011-01-01],2026-10-01
demography.population_age_band,country.georgia,2012,female,band_0_14,321975,persons,retro_projection,published,source.geostat_demography_population_age_sex,1!BF7:BF10 (sum) [2012-01-01],2026-10-01
demography.population_age_band,country.georgia,2013,female,band_0_14,322130,persons,retro_projection,published,source.geostat_demography_population_age_sex,1!BI7:BI10 (sum) [2013-01-01],2026-10-01
demography.population_age_band,country.georgia,2014,female,band_0_14,324513,persons,retro_projection,published,source.geostat_demography_population_age_sex,1!BL7:BL10 (sum) [2014-01-01],2026-10-01
demography.population_age_band,country.georgia,2015,female,band_0_14,333718,persons,pre_census,published,source.geostat_demography_population_age_sex,1!BO7:BO10 (sum) [2015-01-01],2026-10-01
demography.population_age_band,country.georgia,2016,female,band_0_14,342048,persons,pre_census,published,source.geostat_demography_population_age_sex,1!BR7:BR10 (sum) [2016-01-01],2026-10-01
demography.population_age_band,country.georgia,2017,female,band_0_14,349538,persons,pre_census,published,source.geostat_demography_population_age_sex,1!BU7:BU10 (sum) [2017-01-01],2026-10-01
demography.population_age_band,country.georgia,2018,female,band_0_14,355717,persons,pre_census,published,source.geostat_demography_population_age_sex,1!BX7:BX10 (sum) [2018-01-01],2026-10-01
demography.population_age_band,country.georgia,2019,female,band_0_14,360893,persons,pre_census,published,source.geostat_demography_population_age_sex,1!CA7:CA10 (sum) [2019-01-01],2026-10-01
demography.population_age_band,country.georgia,2020,female,band_0_14,363780,persons,pre_census,published,source.geostat_demography_population_age_sex,1!CD7:CD10 (sum) [2020-01-01],2026-10-01
demography.population_age_band,country.georgia,2021,female,band_0_14,366943,persons,pre_census,published,source.geostat_demography_population_age_sex,1!CG7:CG10 (sum) [2021-01-01],2026-10-01
demography.population_age_band,country.georgia,2022,female,band_0_14,368223,persons,pre_census,published,source.geostat_demography_population_age_sex,1!CJ7:CJ10 (sum) [2022-01-01],2026-10-01
demography.population_age_band,country.georgia,2023,female,band_0_14,371311,persons,pre_census,published,source.geostat_demography_population_age_sex,1!CM7:CM10 (sum) [2023-01-01],2026-10-01
demography.population_age_band,country.georgia,2024,female,band_0_14,347160,persons,pre_census,published,source.geostat_demography_population_age_sex,1!CP7:CP10 (sum) [2024-01-01],2026-10-01
demography.population_age_band,country.georgia,2025,female,band_0_14,372422,persons,census_based,published,source.geostat_demography_population_age_sex,1!CS7:CS10 (sum) [2025-01-01],2026-10-01
demography.population_age_band,country.georgia,2026,female,band_0_14,361180,persons,census_based,published,source.geostat_demography_population_age_sex,1!CV7:CV10 (sum) [2026-01-01],2026-10-01
demography.population_age_band,country.georgia,2004,female,band_15_64,1361257,persons,retro_projection,published,source.geostat_demography_population_age_sex,1!AH11:AH20 (sum) [2004-01-01],2026-10-01
demography.population_age_band,country.georgia,2005,female,band_15_64,1353809,persons,retro_projection,published,source.geostat_demography_population_age_sex,1!AK11:AK20 (sum) [2005-01-01],2026-10-01
demography.population_age_band,country.georgia,2006,female,band_15_64,1344242,persons,retro_projection,published,source.geostat_demography_population_age_sex,1!AN11:AN20 (sum) [2006-01-01],2026-10-01
demography.population_age_band,country.georgia,2007,female,band_15_64,1343391,persons,retro_projection,published,source.geostat_demography_population_age_sex,1!AQ11:AQ20 (sum) [2007-01-01],2026-10-01
demography.population_age_band,country.georgia,2008,female,band_15_64,1340894,persons,retro_projection,published,source.geostat_demography_population_age_sex,1!AT11:AT20 (sum) [2008-01-01],2026-10-01
demography.population_age_band,country.georgia,2009,female,band_15_64,1340618,persons,retro_projection,published,source.geostat_demography_population_age_sex,1!AW11:AW20 (sum) [2009-01-01],2026-10-01
demography.population_age_band,country.georgia,2010,female,band_15_64,1332913,persons,retro_projection,published,source.geostat_demography_population_age_sex,1!AZ11:AZ20 (sum) [2010-01-01],2026-10-01
demography.population_age_band,country.georgia,2011,female,band_15_64,1324283,persons,retro_projection,published,source.geostat_demography_population_age_sex,1!BC11:BC20 (sum) [2011-01-01],2026-10-01
demography.population_age_band,country.georgia,2012,female,band_15_64,1310159,persons,retro_projection,published,source.geostat_demography_population_age_sex,1!BF11:BF20 (sum) [2012-01-01],2026-10-01
demography.population_age_band,country.georgia,2013,female,band_15_64,1296836,persons,retro_projection,published,source.geostat_demography_population_age_sex,1!BI11:BI20 (sum) [2013-01-01],2026-10-01
demography.population_age_band,country.georgia,2014,female,band_15_64,1290877,persons,retro_projection,published,source.geostat_demography_population_age_sex,1!BL11:BL20 (sum) [2014-01-01],2026-10-01
demography.population_age_band,country.georgia,2015,female,band_15_64,1280496,persons,pre_census,published,source.geostat_demography_population_age_sex,1!BO11:BO20 (sum) [2015-01-01],2026-10-01
demography.population_age_band,country.georgia,2016,female,band_15_64,1269026,persons,pre_census,published,source.geostat_demography_population_age_sex,1!BR11:BR20 (sum) [2016-01-01],2026-10-01
demography.population_age_band,country.georgia,2017,female,band_15_64,1255147,persons,pre_census,published,source.geostat_demography_population_age_sex,1!BU11:BU20 (sum) [2017-01-01],2026-10-01
demography.population_age_band,country.georgia,2018,female,band_15_64,1242022,persons,pre_census,published,source.geostat_demography_population_age_sex,1!BX11:BX20 (sum) [2018-01-01],2026-10-01
demography.population_age_band,country.georgia,2019,female,band_15_64,1227349,persons,pre_census,published,source.geostat_demography_population_age_sex,1!CA11:CA20 (sum) [2019-01-01],2026-10-01
demography.population_age_band,country.georgia,2020,female,band_15_64,1213060,persons,pre_census,published,source.geostat_demography_population_age_sex,1!CD11:CD20 (sum) [2020-01-01],2026-10-01
demography.population_age_band,country.georgia,2021,female,band_15_64,1210561,persons,pre_census,published,source.geostat_demography_population_age_sex,1!CG11:CG20 (sum) [2021-01-01],2026-10-01
demography.population_age_band,country.georgia,2022,female,band_15_64,1193810,persons,pre_census,published,source.geostat_demography_population_age_sex,1!CJ11:CJ20 (sum) [2022-01-01],2026-10-01
demography.population_age_band,country.georgia,2023,female,band_15_64,1207539,persons,pre_census,published,source.geostat_demography_population_age_sex,1!CM11:CM20 (sum) [2023-01-01],2026-10-01
demography.population_age_band,country.georgia,2024,female,band_15_64,1200013,persons,pre_census,published,source.geostat_demography_population_age_sex,1!CP11:CP20 (sum) [2024-01-01],2026-10-01
demography.population_age_band,country.georgia,2025,female,band_15_64,1251083,persons,census_based,published,source.geostat_demography_population_age_sex,1!CS11:CS20 (sum) [2025-01-01],2026-10-01
demography.population_age_band,country.georgia,2026,female,band_15_64,1252930,persons,census_based,published,source.geostat_demography_population_age_sex,1!CV11:CV20 (sum) [2026-01-01],2026-10-01
demography.population_age_band,country.georgia,2004,female,band_65_plus,335873,persons,retro_projection,published,source.geostat_demography_population_age_sex,1!AH21:AH25 (sum) [2004-01-01],2026-10-01
demography.population_age_band,country.georgia,2005,female,band_65_plus,342003,persons,retro_projection,published,source.geostat_demography_population_age_sex,1!AK21:AK25 (sum) [2005-01-01],2026-10-01
demography.population_age_band,country.georgia,2006,female,band_65_plus,349160,persons,retro_projection,published,source.geostat_demography_population_age_sex,1!AN21:AN25 (sum) [2006-01-01],2026-10-01
demography.population_age_band,country.georgia,2007,female,band_65_plus,351937,persons,retro_projection,published,source.geostat_demography_population_age_sex,1!AQ21:AQ25 (sum) [2007-01-01],2026-10-01
demography.population_age_band,country.georgia,2008,female,band_65_plus,349623,persons,retro_projection,published,source.geostat_demography_population_age_sex,1!AT21:AT25 (sum) [2008-01-01],2026-10-01
demography.population_age_band,country.georgia,2009,female,band_65_plus,342054,persons,retro_projection,published,source.geostat_demography_population_age_sex,1!AW21:AW25 (sum) [2009-01-01],2026-10-01
demography.population_age_band,country.georgia,2010,female,band_65_plus,334069,persons,retro_projection,published,source.geostat_demography_population_age_sex,1!AZ21:AZ25 (sum) [2010-01-01],2026-10-01
demography.population_age_band,country.georgia,2011,female,band_65_plus,328259,persons,retro_projection,published,source.geostat_demography_population_age_sex,1!BC21:BC25 (sum) [2011-01-01],2026-10-01
demography.population_age_band,country.georgia,2012,female,band_65_plus,325834,persons,retro_projection,published,source.geostat_demography_population_age_sex,1!BF21:BF25 (sum) [2012-01-01],2026-10-01
demography.population_age_band,country.georgia,2013,female,band_65_plus,326745,persons,retro_projection,published,source.geostat_demography_population_age_sex,1!BI21:BI25 (sum) [2013-01-01],2026-10-01
demography.population_age_band,country.georgia,2014,female,band_65_plus,327937,persons,retro_projection,published,source.geostat_demography_population_age_sex,1!BL21:BL25 (sum) [2014-01-01],2026-10-01
demography.population_age_band,country.georgia,2015,female,band_65_plus,330564,persons,pre_census,published,source.geostat_demography_population_age_sex,1!BO21:BO25 (sum) [2015-01-01],2026-10-01
demography.population_age_band,country.georgia,2016,female,band_65_plus,333845,persons,pre_census,published,source.geostat_demography_population_age_sex,1!BR21:BR25 (sum) [2016-01-01],2026-10-01
demography.population_age_band,country.georgia,2017,female,band_65_plus,336083,persons,pre_census,published,source.geostat_demography_population_age_sex,1!BU21:BU25 (sum) [2017-01-01],2026-10-01
demography.population_age_band,country.georgia,2018,female,band_65_plus,340335,persons,pre_census,published,source.geostat_demography_population_age_sex,1!BX21:BX25 (sum) [2018-01-01],2026-10-01
demography.population_age_band,country.georgia,2019,female,band_65_plus,344323,persons,pre_census,published,source.geostat_demography_population_age_sex,1!CA21:CA25 (sum) [2019-01-01],2026-10-01
demography.population_age_band,country.georgia,2020,female,band_65_plus,349739,persons,pre_census,published,source.geostat_demography_population_age_sex,1!CD21:CD25 (sum) [2020-01-01],2026-10-01
demography.population_age_band,country.georgia,2021,female,band_65_plus,354846,persons,pre_census,published,source.geostat_demography_population_age_sex,1!CG21:CG25 (sum) [2021-01-01],2026-10-01
demography.population_age_band,country.georgia,2022,female,band_65_plus,356619,persons,pre_census,published,source.geostat_demography_population_age_sex,1!CJ21:CJ25 (sum) [2022-01-01],2026-10-01
demography.population_age_band,country.georgia,2023,female,band_65_plus,363687,persons,pre_census,published,source.geostat_demography_population_age_sex,1!CM21:CM25 (sum) [2023-01-01],2026-10-01
demography.population_age_band,country.georgia,2024,female,band_65_plus,372966,persons,pre_census,published,source.geostat_demography_population_age_sex,1!CP21:CP25 (sum) [2024-01-01],2026-10-01
demography.population_age_band,country.georgia,2025,female,band_65_plus,425482,persons,census_based,published,source.geostat_demography_population_age_sex,1!CS21:CS25 (sum) [2025-01-01],2026-10-01
demography.population_age_band,country.georgia,2026,female,band_65_plus,439347,persons,census_based,published,source.geostat_demography_population_age_sex,1!CV21:CV25 (sum) [2026-01-01],2026-10-01
