series_id,geography_id,year,sex,citizenship_id,value,unit,estimate_basis,status,source_id,source_locator,last_reviewed_at
demography.immigrants,country.georgia,2012,total,citizenship.total,69063,persons,border_police,published,source.geostat_demography_migration_citizenship,1!B7 [2012],2026-10-01
demography.immigrants,country.georgia,2013,total,citizenship.total,92458,persons,border_police,published,source.geostat_demography_migration_citizenship,1!B23 [2013],2026-10-01
demography.immigrants,country.georgia,2014,total,citizenship.total,82161,persons,border_police,published,source.geostat_demography_migration_citizenship,1!B39 [2014],2026-10-01
demography.immigrants,country.georgia,2015,total,citizenship.total,92557,persons,border_police,published,source.geostat_demography_migration_citizenship,1!B55 [2015],2026-10-01
demography.immigrants,country.georgia,2016,total,citizenship.total,90228,persons,border_police,published,source.geostat_demography_migration_citizenship,1!B71 [2016],2026-10-01
demography.immigrants,country.georgia,2017,total,citizenship.total,83239,persons,border_police,published,source.geostat_demography_migration_citizenship,1!B87 [2017],2026-10-01
demography.immigrants,country.georgia,2018,total,citizenship.total,88152,persons,border_police,published,source.geostat_demography_migration_citizenship,1!B103 [2018],2026-10-01
demography.immigrants,country.georgia,2019,total,citizenship.total,96864,persons,border_police,published,source.geostat_demography_migration_citizenship,1!B119 [2019],2026-10-01
demography.immigrants,country.georgia,2020,total,citizenship.total,89996,persons,border_police,published,source.geostat_demography_migration_citizenship,1!B135 [2020],2026-10-01
demography.immigrants,country.georgia,2021,total,citizenship.total,74008,persons,border_police,published,source.geostat_demography_migration_citizenship,1!B151 [2021],2026-10-01
demography.immigrants,country.georgia,2022,total,citizenship.total,179778,persons,border_police,published,source.geostat_demography_migration_citizenship,1!B167 [2022],2026-10-01
demography.immigrants,country.georgia,2023,total,citizenship.total,205857,persons,border_police,published,source.geostat_demography_migration_citizenship,1!B183 [2023],2026-10-01
demography.immigrants,country.georgia,2024,total,citizenship.total,135811,persons,border_police,published,source.geostat_demography_migration_citizenship,1!B199 [2024],2026-10-01
demography.immigrants,country.georgia,2025,total,citizenship.total,131501,persons,border_police,published,source.geostat_demography_migration_citizenship,1!B215 [2025],2026-10-01
demography.immigrants,country.georgia,2012,male,citizenship.total,42754,persons,border_police,published,source.geostat_demography_migration_citizenship,1!C7 [2012],2026-10-01
demography.immigrants,country.georgia,2013,male,citizenship.total,55576,persons,border_police,published,source.geostat_demography_migration_citizenship,1!C23 [2013],2026-10-01
demography.immigrants,country.georgia,2014,male,citizenship.total,48938,persons,border_police,published,source.geostat_demography_migration_citizenship,1!C39 [2014],2026-10-01
demography.immigrants,country.georgia,2015,male,citizenship.total,56692,persons,border_police,published,source.geostat_demography_migration_citizenship,1!C55 [2015],2026-10-01
demography.immigrants,country.georgia,2016,male,citizenship.total,54355,persons,border_police,published,source.geostat_demography_migration_citizenship,1!C71 [2016],2026-10-01
demography.immigrants,country.georgia,2017,male,citizenship.total,50488,persons,border_police,published,source.geostat_demography_migration_citizenship,1!C87 [2017],2026-10-01
demography.immigrants,country.georgia,2018,male,citizenship.total,52754,persons,border_police,published,source.geostat_demography_migration_citizenship,1!C103 [2018],2026-10-01
demography.immigrants,country.georgia,2019,male,citizenship.total,57216,persons,border_police,published,source.geostat_demography_migration_citizenship,1!C119 [2019],2026-10-01
demography.immigrants,country.georgia,2020,male,citizenship.total,52089,persons,border_police,published,source.geostat_demography_migration_citizenship,1!C135 [2020],2026-10-01
demography.immigrants,country.georgia,2021,male,citizenship.total,41757,persons,border_police,published,source.geostat_demography_migration_citizenship,1!C151 [2021],2026-10-01
demography.immigrants,country.georgia,2022,male,citizenship.total,104401,persons,border_police,published,source.geostat_demography_migration_citizenship,1!C167 [2022],2026-10-01
demography.immigrants,country.georgia,2023,male,citizenship.total,119142,persons,border_police,published,source.geostat_demography_migration_citizenship,1!C183 [2023],2026-10-01
demography.immigrants,country.georgia,2024,male,citizenship.total,80952,persons,border_police,published,source.geostat_demography_migration_citizenship,1!C199 [2024],2026-10-01
demography.immigrants,country.georgia,2025,male,citizenship.total,77763,persons,border_police,published,source.geostat_demography_migration_citizenship,1!C215 [2025],2026-10-01
demography.immigrants,country.georgia,2012,female,citizenship.total,26309,persons,border_police,published,source.geostat_demography_migration_citizenship,1!D7 [2012],2026-10-01
demography.immigrants,country.georgia,2013,female,citizenship.total,36882,persons,border_police,published,source.geostat_demography_migration_citizenship,1!D23 [2013],2026-10-01
demography.immigrants,country.georgia,2014,female,citizenship.total,33223,persons,border_police,published,source.geostat_demography_migration_citizenship,1!D39 [2014],2026-10-01
demography.immigrants,country.georgia,2015,female,citizenship.total,35865,persons,border_police,published,source.geostat_demography_migration_citizenship,1!D55 [2015],2026-10-01
demography.immigrants,country.georgia,2016,female,citizenship.total,35873,persons,border_police,published,source.geostat_demography_migration_citizenship,1!D71 [2016],2026-10-01
demography.immigrants,country.georgia,2017,female,citizenship.total,32751,persons,border_police,published,source.geostat_demography_migration_citizenship,1!D87 [2017],2026-10-01
demography.immigrants,country.georgia,2018,female,citizenship.total,35398,persons,border_police,published,source.geostat_demography_migration_citizenship,1!D103 [2018],2026-10-01
demography.immigrants,country.georgia,2019,female,citizenship.total,39648,persons,border_police,published,source.geostat_demography_migration_citizenship,1!D119 [2019],2026-10-01
demography.immigrants,country.georgia,2020,female,citizenship.total,37907,persons,border_police,published,source.geostat_demography_migration_citizenship,1!D135 [2020],2026-10-01
demography.immigrants,country.georgia,2021,female,citizenship.total,32251,persons,border_police,published,source.geostat_demography_migration_citizenship,1!D151 [2021],2026-10-01
demography.immigrants,country.georgia,2022,female,citizenship.total,75377,persons,border_police,published,source.geostat_demography_migration_citizenship,1!D167 [2022],2026-10-01
demography.immigrants,country.georgia,2023,female,citizenship.total,86715,persons,border_police,published,source.geostat_demography_migration_citizenship,1!D183 [2023],2026-10-01
demography.immigrants,country.georgia,2024,female,citizenship.total,54859,persons,border_police,published,source.geostat_demography_migration_citizenship,1!D199 [2024],2026-10-01
demography.immigrants,country.georgia,2025,female,citizenship.total,53738,persons,border_police,published,source.geostat_demography_migration_citizenship,1!D215 [2025],2026-10-01
demography.immigrants,country.georgia,2012,total,citizenship.georgia,29173,persons,border_police,published,source.geostat_demography_migration_citizenship,1!B8 [2012],2026-10-01
demography.immigrants,country.georgia,2013,total,citizenship.georgia,46079,persons,border_police,published,source.geostat_demography_migration_citizenship,1!B24 [2013],2026-10-01
demography.immigrants,country.georgia,2014,total,citizenship.georgia,49706,persons,border_police,published,source.geostat_demography_migration_citizenship,1!B40 [2014],2026-10-01
demography.immigrants,country.georgia,2015,total,citizenship.georgia,50924,persons,border_police,published,source.geostat_demography_migration_citizenship,1!B56 [2015],2026-10-01
demography.immigrants,country.georgia,2016,total,citizenship.georgia,47086,persons,border_police,published,source.geostat_demography_migration_citizenship,1!B72 [2016],2026-10-01
demography.immigrants,country.georgia,2017,total,citizenship.georgia,48343,persons,border_police,published,source.geostat_demography_migration_citizenship,1!B88 [2017],2026-10-01
demography.immigrants,country.georgia,2018,total,citizenship.georgia,47883,persons,border_police,published,source.geostat_demography_migration_citizenship,1!B104 [2018],2026-10-01
demography.immigrants,country.georgia,2019,total,citizenship.georgia,54478,persons,border_police,published,source.geostat_demography_migration_citizenship,1!B120 [2019],2026-10-01
demography.immigrants,country.georgia,2020,total,citizenship.georgia,66668,persons,border_police,published,source.geostat_demography_migration_citizenship,1!B136 [2020],2026-10-01
demography.immigrants,country.georgia,2021,total,citizenship.georgia,39526,persons,border_police,published,source.geostat_demography_migration_citizenship,1!B152 [2021],2026-10-01
demography.immigrants,country.georgia,2022,total,citizenship.georgia,54405,persons,border_police,published,source.geostat_demography_migration_citizenship,1!B168 [2022],2026-10-01
demography.immigrants,country.georgia,2023,total,citizenship.georgia,91896,persons,border_police,published,source.geostat_demography_migration_citizenship,1!B184 [2023],2026-10-01
demography.immigrants,country.georgia,2024,total,citizenship.georgia,65436,persons,border_police,published,source.geostat_demography_migration_citizenship,1!B200 [2024],2026-10-01
demography.immigrants,country.georgia,2025,total,citizenship.georgia,62073,persons,border_police,published,source.geostat_demography_migration_citizenship,1!B216 [2025],2026-10-01
demography.immigrants,country.georgia,2012,male,citizenship.georgia,16714,persons,border_police,published,source.geostat_demography_migration_citizenship,1!C8 [2012],2026-10-01
demography.immigrants,country.georgia,2013,male,citizenship.georgia,25848,persons,border_police,published,source.geostat_demography_migration_citizenship,1!C24 [2013],2026-10-01
demography.immigrants,country.georgia,2014,male,citizenship.georgia,29047,persons,border_police,published,source.geostat_demography_migration_citizenship,1!C40 [2014],2026-10-01
demography.immigrants,country.georgia,2015,male,citizenship.georgia,30411,persons,border_police,published,source.geostat_demography_migration_citizenship,1!C56 [2015],2026-10-01
demography.immigrants,country.georgia,2016,male,citizenship.georgia,28263,persons,border_police,published,source.geostat_demography_migration_citizenship,1!C72 [2016],2026-10-01
demography.immigrants,country.georgia,2017,male,citizenship.georgia,28989,persons,border_police,published,source.geostat_demography_migration_citizenship,1!C88 [2017],2026-10-01
demography.immigrants,country.georgia,2018,male,citizenship.georgia,28607,persons,border_police,published,source.geostat_demography_migration_citizenship,1!C104 [2018],2026-10-01
demography.immigrants,country.georgia,2019,male,citizenship.georgia,32452,persons,border_police,published,source.geostat_demography_migration_citizenship,1!C120 [2019],2026-10-01
demography.immigrants,country.georgia,2020,male,citizenship.georgia,37957,persons,border_police,published,source.geostat_demography_migration_citizenship,1!C136 [2020],2026-10-01
demography.immigrants,country.georgia,2021,male,citizenship.georgia,22401,persons,border_police,published,source.geostat_demography_migration_citizenship,1!C152 [2021],2026-10-01
demography.immigrants,country.georgia,2022,male,citizenship.georgia,33041,persons,border_police,published,source.geostat_demography_migration_citizenship,1!C168 [2022],2026-10-01
demography.immigrants,country.georgia,2023,male,citizenship.georgia,54895,persons,border_police,published,source.geostat_demography_migration_citizenship,1!C184 [2023],2026-10-01
demography.immigrants,country.georgia,2024,male,citizenship.georgia,40596,persons,border_police,published,source.geostat_demography_migration_citizenship,1!C200 [2024],2026-10-01
demography.immigrants,country.georgia,2025,male,citizenship.georgia,38593,persons,border_police,published,source.geostat_demography_migration_citizenship,1!C216 [2025],2026-10-01
demography.immigrants,country.georgia,2012,female,citizenship.georgia,12459,persons,border_police,published,source.geostat_demography_migration_citizenship,1!D8 [2012],2026-10-01
demography.immigrants,country.georgia,2013,female,citizenship.georgia,20231,persons,border_police,published,source.geostat_demography_migration_citizenship,1!D24 [2013],2026-10-01
demography.immigrants,country.georgia,2014,female,citizenship.georgia,20659,persons,border_police,published,source.geostat_demography_migration_citizenship,1!D40 [2014],2026-10-01
demography.immigrants,country.georgia,2015,female,citizenship.georgia,20513,persons,border_police,published,source.geostat_demography_migration_citizenship,1!D56 [2015],2026-10-01
demography.immigrants,country.georgia,2016,female,citizenship.georgia,18823,persons,border_police,published,source.geostat_demography_migration_citizenship,1!D72 [2016],2026-10-01
demography.immigrants,country.georgia,2017,female,citizenship.georgia,19354,persons,border_police,published,source.geostat_demography_migration_citizenship,1!D88 [2017],2026-10-01
demography.immigrants,country.georgia,2018,female,citizenship.georgia,19276,persons,border_police,published,source.geostat_demography_migration_citizenship,1!D104 [2018],2026-10-01
demography.immigrants,country.georgia,2019,female,citizenship.georgia,22026,persons,border_police,published,source.geostat_demography_migration_citizenship,1!D120 [2019],2026-10-01
demography.immigrants,country.georgia,2020,female,citizenship.georgia,28711,persons,border_police,published,source.geostat_demography_migration_citizenship,1!D136 [2020],2026-10-01
demography.immigrants,country.georgia,2021,female,citizenship.georgia,17125,persons,border_police,published,source.geostat_demography_migration_citizenship,1!D152 [2021],2026-10-01
demography.immigrants,country.georgia,2022,female,citizenship.georgia,21364,persons,border_police,published,source.geostat_demography_migration_citizenship,1!D168 [2022],2026-10-01
demography.immigrants,country.georgia,2023,female,citizenship.georgia,37001,persons,border_police,published,source.geostat_demography_migration_citizenship,1!D184 [2023],2026-10-01
demography.immigrants,country.georgia,2024,female,citizenship.georgia,24840,persons,border_police,published,source.geostat_demography_migration_citizenship,1!D200 [2024],2026-10-01
demography.immigrants,country.georgia,2025,female,citizenship.georgia,23480,persons,border_police,published,source.geostat_demography_migration_citizenship,1!D216 [2025],2026-10-01
demography.immigrants,country.georgia,2012,total,citizenship.armenia,10724,persons,border_police,published,source.geostat_demography_migration_citizenship,1!B9 [2012],2026-10-01
demography.immigrants,country.georgia,2013,total,citizenship.armenia,7043,persons,border_police,published,source.geostat_demography_migration_citizenship,1!B27 [2013],2026-10-01
demography.immigrants,country.georgia,2014,total,citizenship.armenia,3856,persons,border_police,published,source.geostat_demography_migration_citizenship,1!B43 [2014],2026-10-01
demography.immigrants,country.georgia,2015,total,citizenship.armenia,4143,persons,border_police,published,source.geostat_demography_migration_citizenship,1!B59 [2015],2026-10-01
demography.immigrants,country.georgia,2016,total,citizenship.armenia,6241,persons,border_police,published,source.geostat_demography_migration_citizenship,1!B75 [2016],2026-10-01
demography.immigrants,country.georgia,2017,total,citizenship.armenia,2042,persons,border_police,published,source.geostat_demography_migration_citizenship,1!B94 [2017],2026-10-01
demography.immigrants,country.georgia,2018,total,citizenship.armenia,2174,persons,border_police,published,source.geostat_demography_migration_citizenship,1!B111 [2018],2026-10-01
demography.immigrants,country.georgia,2019,total,citizenship.armenia,2274,persons,border_police,published,source.geostat_demography_migration_citizenship,1!B127 [2019],2026-10-01
demography.immigrants,country.georgia,2020,total,citizenship.armenia,1770,persons,border_police,published,source.geostat_demography_migration_citizenship,1!B140 [2020],2026-10-01
demography.immigrants,country.georgia,2021,total,citizenship.armenia,987,persons,border_police,published,source.geostat_demography_migration_citizenship,1!B161 [2021],2026-10-01
demography.immigrants,country.georgia,2022,total,citizenship.armenia,1528,persons,border_police,published,source.geostat_demography_migration_citizenship,1!B175 [2022],2026-10-01
demography.immigrants,country.georgia,2023,total,citizenship.armenia,3093,persons,border_police,published,source.geostat_demography_migration_citizenship,1!B192 [2023],2026-10-01
demography.immigrants,country.georgia,2024,total,citizenship.armenia,1811,persons,border_police,published,source.geostat_demography_migration_citizenship,1!B210 [2024],2026-10-01
demography.immigrants,country.georgia,2012,male,citizenship.armenia,6283,persons,border_police,published,source.geostat_demography_migration_citizenship,1!C9 [2012],2026-10-01
demography.immigrants,country.georgia,2013,male,citizenship.armenia,4009,persons,border_police,published,source.geostat_demography_migration_citizenship,1!C27 [2013],2026-10-01
demography.immigrants,country.georgia,2014,male,citizenship.armenia,2313,persons,border_police,published,source.geostat_demography_migration_citizenship,1!C43 [2014],2026-10-01
demography.immigrants,country.georgia,2015,male,citizenship.armenia,2582,persons,border_police,published,source.geostat_demography_migration_citizenship,1!C59 [2015],2026-10-01
demography.immigrants,country.georgia,2016,male,citizenship.armenia,3550,persons,border_police,published,source.geostat_demography_migration_citizenship,1!C75 [2016],2026-10-01
demography.immigrants,country.georgia,2017,male,citizenship.armenia,1097,persons,border_police,published,source.geostat_demography_migration_citizenship,1!C94 [2017],2026-10-01
demography.immigrants,country.georgia,2018,male,citizenship.armenia,1231,persons,border_police,published,source.geostat_demography_migration_citizenship,1!C111 [2018],2026-10-01
demography.immigrants,country.georgia,2019,male,citizenship.armenia,1415,persons,border_police,published,source.geostat_demography_migration_citizenship,1!C127 [2019],2026-10-01
demography.immigrants,country.georgia,2020,male,citizenship.armenia,1316,persons,border_police,published,source.geostat_demography_migration_citizenship,1!C140 [2020],2026-10-01
demography.immigrants,country.georgia,2021,male,citizenship.armenia,529,persons,border_police,published,source.geostat_demography_migration_citizenship,1!C161 [2021],2026-10-01
demography.immigrants,country.georgia,2022,male,citizenship.armenia,981,persons,border_police,published,source.geostat_demography_migration_citizenship,1!C175 [2022],2026-10-01
demography.immigrants,country.georgia,2023,male,citizenship.armenia,2006,persons,border_police,published,source.geostat_demography_migration_citizenship,1!C192 [2023],2026-10-01
demography.immigrants,country.georgia,2024,male,citizenship.armenia,1117,persons,border_police,published,source.geostat_demography_migration_citizenship,1!C210 [2024],2026-10-01
demography.immigrants,country.georgia,2012,female,citizenship.armenia,4441,persons,border_police,published,source.geostat_demography_migration_citizenship,1!D9 [2012],2026-10-01
demography.immigrants,country.georgia,2013,female,citizenship.armenia,3034,persons,border_police,published,source.geostat_demography_migration_citizenship,1!D27 [2013],2026-10-01
demography.immigrants,country.georgia,2014,female,citizenship.armenia,1543,persons,border_police,published,source.geostat_demography_migration_citizenship,1!D43 [2014],2026-10-01
demography.immigrants,country.georgia,2015,female,citizenship.armenia,1561,persons,border_police,published,source.geostat_demography_migration_citizenship,1!D59 [2015],2026-10-01
demography.immigrants,country.georgia,2016,female,citizenship.armenia,2691,persons,border_police,published,source.geostat_demography_migration_citizenship,1!D75 [2016],2026-10-01
demography.immigrants,country.georgia,2017,female,citizenship.armenia,945,persons,border_police,published,source.geostat_demography_migration_citizenship,1!D94 [2017],2026-10-01
demography.immigrants,country.georgia,2018,female,citizenship.armenia,943,persons,border_police,published,source.geostat_demography_migration_citizenship,1!D111 [2018],2026-10-01
demography.immigrants,country.georgia,2019,female,citizenship.armenia,859,persons,border_police,published,source.geostat_demography_migration_citizenship,1!D127 [2019],2026-10-01
demography.immigrants,country.georgia,2020,female,citizenship.armenia,454,persons,border_police,published,source.geostat_demography_migration_citizenship,1!D140 [2020],2026-10-01
demography.immigrants,country.georgia,2021,female,citizenship.armenia,458,persons,border_police,published,source.geostat_demography_migration_citizenship,1!D161 [2021],2026-10-01
demography.immigrants,country.georgia,2022,female,citizenship.armenia,547,persons,border_police,published,source.geostat_demography_migration_citizenship,1!D175 [2022],2026-10-01
demography.immigrants,country.georgia,2023,female,citizenship.armenia,1087,persons,border_police,published,source.geostat_demography_migration_citizenship,1!D192 [2023],2026-10-01
demography.immigrants,country.georgia,2024,female,citizenship.armenia,694,persons,border_police,published,source.geostat_demography_migration_citizenship,1!D210 [2024],2026-10-01
demography.immigrants,country.georgia,2012,total,citizenship.russian_federation,7475,persons,border_police,published,source.geostat_demography_migration_citizenship,1!B10 [2012],2026-10-01
demography.immigrants,country.georgia,2013,total,citizenship.russian_federation,10427,persons,border_police,published,source.geostat_demography_migration_citizenship,1!B25 [2013],2026-10-01
demography.immigrants,country.georgia,2014,total,citizenship.russian_federation,9692,persons,border_police,published,source.geostat_demography_migration_citizenship,1!B41 [2014],2026-10-01
demography.immigrants,country.georgia,2015,total,citizenship.russian_federation,10552,persons,border_police,published,source.geostat_demography_migration_citizenship,1!B57 [2015],2026-10-01
demography.immigrants,country.georgia,2016,total,citizenship.russian_federation,11185,persons,border_police,published,source.geostat_demography_migration_citizenship,1!B73 [2016],2026-10-01
demography.immigrants,country.georgia,2017,total,citizenship.russian_federation,9723,persons,border_police,published,source.geostat_demography_migration_citizenship,1!B89 [2017],2026-10-01
demography.immigrants,country.georgia,2018,total,citizenship.russian_federation,10323,persons,border_police,published,source.geostat_demography_migration_citizenship,1!B105 [2018],2026-10-01
demography.immigrants,country.georgia,2019,total,citizenship.russian_federation,11515,persons,border_police,published,source.geostat_demography_migration_citizenship,1!B121 [2019],2026-10-01
demography.immigrants,country.georgia,2020,total,citizenship.russian_federation,6546,persons,border_police,published,source.geostat_demography_migration_citizenship,1!B137 [2020],2026-10-01
demography.immigrants,country.georgia,2021,total,citizenship.russian_federation,10881,persons,border_police,published,source.geostat_demography_migration_citizenship,1!B153 [2021],2026-10-01
demography.immigrants,country.georgia,2022,total,citizenship.russian_federation,62304,persons,border_police,published,source.geostat_demography_migration_citizenship,1!B169 [2022],2026-10-01
demography.immigrants,country.georgia,2023,total,citizenship.russian_federation,52627,persons,border_police,published,source.geostat_demography_migration_citizenship,1!B185 [2023],2026-10-01
demography.immigrants,country.georgia,2024,total,citizenship.russian_federation,23574,persons,border_police,published,source.geostat_demography_migration_citizenship,1!B201 [2024],2026-10-01
demography.immigrants,country.georgia,2025,total,citizenship.russian_federation,20139,persons,border_police,published,source.geostat_demography_migration_citizenship,1!B217 [2025],2026-10-01
demography.immigrants,country.georgia,2012,male,citizenship.russian_federation,3969,persons,border_police,published,source.geostat_demography_migration_citizenship,1!C10 [2012],2026-10-01
demography.immigrants,country.georgia,2013,male,citizenship.russian_federation,5690,persons,border_police,published,source.geostat_demography_migration_citizenship,1!C25 [2013],2026-10-01
demography.immigrants,country.georgia,2014,male,citizenship.russian_federation,5224,persons,border_police,published,source.geostat_demography_migration_citizenship,1!C41 [2014],2026-10-01
demography.immigrants,country.georgia,2015,male,citizenship.russian_federation,5972,persons,border_police,published,source.geostat_demography_migration_citizenship,1!C57 [2015],2026-10-01
demography.immigrants,country.georgia,2016,male,citizenship.russian_federation,6262,persons,border_police,published,source.geostat_demography_migration_citizenship,1!C73 [2016],2026-10-01
demography.immigrants,country.georgia,2017,male,citizenship.russian_federation,5391,persons,border_police,published,source.geostat_demography_migration_citizenship,1!C89 [2017],2026-10-01
demography.immigrants,country.georgia,2018,male,citizenship.russian_federation,5493,persons,border_police,published,source.geostat_demography_migration_citizenship,1!C105 [2018],2026-10-01
demography.immigrants,country.georgia,2019,male,citizenship.russian_federation,6173,persons,border_police,published,source.geostat_demography_migration_citizenship,1!C121 [2019],2026-10-01
demography.immigrants,country.georgia,2020,male,citizenship.russian_federation,3584,persons,border_police,published,source.geostat_demography_migration_citizenship,1!C137 [2020],2026-10-01
demography.immigrants,country.georgia,2021,male,citizenship.russian_federation,5275,persons,border_police,published,source.geostat_demography_migration_citizenship,1!C153 [2021],2026-10-01
demography.immigrants,country.georgia,2022,male,citizenship.russian_federation,37864,persons,border_police,published,source.geostat_demography_migration_citizenship,1!C169 [2022],2026-10-01
demography.immigrants,country.georgia,2023,male,citizenship.russian_federation,27941,persons,border_police,published,source.geostat_demography_migration_citizenship,1!C185 [2023],2026-10-01
demography.immigrants,country.georgia,2024,male,citizenship.russian_federation,11847,persons,border_police,published,source.geostat_demography_migration_citizenship,1!C201 [2024],2026-10-01
demography.immigrants,country.georgia,2025,male,citizenship.russian_federation,10223,persons,border_police,published,source.geostat_demography_migration_citizenship,1!C217 [2025],2026-10-01
demography.immigrants,country.georgia,2012,female,citizenship.russian_federation,3506,persons,border_police,published,source.geostat_demography_migration_citizenship,1!D10 [2012],2026-10-01
demography.immigrants,country.georgia,2013,female,citizenship.russian_federation,4737,persons,border_police,published,source.geostat_demography_migration_citizenship,1!D25 [2013],2026-10-01
demography.immigrants,country.georgia,2014,female,citizenship.russian_federation,4468,persons,border_police,published,source.geostat_demography_migration_citizenship,1!D41 [2014],2026-10-01
demography.immigrants,country.georgia,2015,female,citizenship.russian_federation,4580,persons,border_police,published,source.geostat_demography_migration_citizenship,1!D57 [2015],2026-10-01
demography.immigrants,country.georgia,2016,female,citizenship.russian_federation,4923,persons,border_police,published,source.geostat_demography_migration_citizenship,1!D73 [2016],2026-10-01
demography.immigrants,country.georgia,2017,female,citizenship.russian_federation,4332,persons,border_police,published,source.geostat_demography_migration_citizenship,1!D89 [2017],2026-10-01
demography.immigrants,country.georgia,2018,female,citizenship.russian_federation,4830,persons,border_police,published,source.geostat_demography_migration_citizenship,1!D105 [2018],2026-10-01
demography.immigrants,country.georgia,2019,female,citizenship.russian_federation,5342,persons,border_police,published,source.geostat_demography_migration_citizenship,1!D121 [2019],2026-10-01
demography.immigrants,country.georgia,2020,female,citizenship.russian_federation,2962,persons,border_police,published,source.geostat_demography_migration_citizenship,1!D137 [2020],2026-10-01
demography.immigrants,country.georgia,2021,female,citizenship.russian_federation,5606,persons,border_police,published,source.geostat_demography_migration_citizenship,1!D153 [2021],2026-10-01
demography.immigrants,country.georgia,2022,female,citizenship.russian_federation,24440,persons,border_police,published,source.geostat_demography_migration_citizenship,1!D169 [2022],2026-10-01
demography.immigrants,country.georgia,2023,female,citizenship.russian_federation,24686,persons,border_police,published,source.geostat_demography_migration_citizenship,1!D185 [2023],2026-10-01
demography.immigrants,country.georgia,2024,female,citizenship.russian_federation,11727,persons,border_police,published,source.geostat_demography_migration_citizenship,1!D201 [2024],2026-10-01
demography.immigrants,country.georgia,2025,female,citizenship.russian_federation,9916,persons,border_police,published,source.geostat_demography_migration_citizenship,1!D217 [2025],2026-10-01
demography.immigrants,country.georgia,2012,total,citizenship.turkey,6959,persons,border_police,published,source.geostat_demography_migration_citizenship,1!B11 [2012],2026-10-01
demography.immigrants,country.georgia,2013,total,citizenship.turkey,10007,persons,border_police,published,source.geostat_demography_migration_citizenship,1!B26 [2013],2026-10-01
demography.immigrants,country.georgia,2014,total,citizenship.turkey,4672,persons,border_police,published,source.geostat_demography_migration_citizenship,1!B42 [2014],2026-10-01
demography.immigrants,country.georgia,2015,total,citizenship.turkey,5810,persons,border_police,published,source.geostat_demography_migration_citizenship,1!B58 [2015],2026-10-01
demography.immigrants,country.georgia,2016,total,citizenship.turkey,6294,persons,border_police,published,source.geostat_demography_migration_citizenship,1!B74 [2016],2026-10-01
demography.immigrants,country.georgia,2017,total,citizenship.turkey,4365,persons,border_police,published,source.geostat_demography_migration_citizenship,1!B90 [2017],2026-10-01
demography.immigrants,country.georgia,2018,total,citizenship.turkey,3934,persons,border_police,published,source.geostat_demography_migration_citizenship,1!B106 [2018],2026-10-01
demography.immigrants,country.georgia,2019,total,citizenship.turkey,3419,persons,border_police,published,source.geostat_demography_migration_citizenship,1!B124 [2019],2026-10-01
demography.immigrants,country.georgia,2020,total,citizenship.turkey,1776,persons,border_police,published,source.geostat_demography_migration_citizenship,1!B139 [2020],2026-10-01
demography.immigrants,country.georgia,2021,total,citizenship.turkey,2813,persons,border_police,published,source.geostat_demography_migration_citizenship,1!B154 [2021],2026-10-01
demography.immigrants,country.georgia,2022,total,citizenship.turkey,3946,persons,border_police,published,source.geostat_demography_migration_citizenship,1!B173 [2022],2026-10-01
demography.immigrants,country.georgia,2023,total,citizenship.turkey,8624,persons,border_police,published,source.geostat_demography_migration_citizenship,1!B186 [2023],2026-10-01
demography.immigrants,country.georgia,2024,total,citizenship.turkey,5214,persons,border_police,published,source.geostat_demography_migration_citizenship,1!B203 [2024],2026-10-01
demography.immigrants,country.georgia,2025,total,citizenship.turkey,5341,persons,border_police,published,source.geostat_demography_migration_citizenship,1!B220 [2025],2026-10-01
demography.immigrants,country.georgia,2012,male,citizenship.turkey,6108,persons,border_police,published,source.geostat_demography_migration_citizenship,1!C11 [2012],2026-10-01
demography.immigrants,country.georgia,2013,male,citizenship.turkey,7885,persons,border_police,published,source.geostat_demography_migration_citizenship,1!C26 [2013],2026-10-01
demography.immigrants,country.georgia,2014,male,citizenship.turkey,3617,persons,border_police,published,source.geostat_demography_migration_citizenship,1!C42 [2014],2026-10-01
demography.immigrants,country.georgia,2015,male,citizenship.turkey,4687,persons,border_police,published,source.geostat_demography_migration_citizenship,1!C58 [2015],2026-10-01
demography.immigrants,country.georgia,2016,male,citizenship.turkey,4823,persons,border_police,published,source.geostat_demography_migration_citizenship,1!C74 [2016],2026-10-01
demography.immigrants,country.georgia,2017,male,citizenship.turkey,3396,persons,border_police,published,source.geostat_demography_migration_citizenship,1!C90 [2017],2026-10-01
demography.immigrants,country.georgia,2018,male,citizenship.turkey,2974,persons,border_police,published,source.geostat_demography_migration_citizenship,1!C106 [2018],2026-10-01
demography.immigrants,country.georgia,2019,male,citizenship.turkey,2590,persons,border_police,published,source.geostat_demography_migration_citizenship,1!C124 [2019],2026-10-01
demography.immigrants,country.georgia,2020,male,citizenship.turkey,1457,persons,border_police,published,source.geostat_demography_migration_citizenship,1!C139 [2020],2026-10-01
demography.immigrants,country.georgia,2021,male,citizenship.turkey,2160,persons,border_police,published,source.geostat_demography_migration_citizenship,1!C154 [2021],2026-10-01
demography.immigrants,country.georgia,2022,male,citizenship.turkey,3223,persons,border_police,published,source.geostat_demography_migration_citizenship,1!C173 [2022],2026-10-01
demography.immigrants,country.georgia,2023,male,citizenship.turkey,5957,persons,border_police,published,source.geostat_demography_migration_citizenship,1!C186 [2023],2026-10-01
demography.immigrants,country.georgia,2024,male,citizenship.turkey,4118,persons,border_police,published,source.geostat_demography_migration_citizenship,1!C203 [2024],2026-10-01
demography.immigrants,country.georgia,2025,male,citizenship.turkey,3987,persons,border_police,published,source.geostat_demography_migration_citizenship,1!C220 [2025],2026-10-01
demography.immigrants,country.georgia,2012,female,citizenship.turkey,851,persons,border_police,published,source.geostat_demography_migration_citizenship,1!D11 [2012],2026-10-01
demography.immigrants,country.georgia,2013,female,citizenship.turkey,2122,persons,border_police,published,source.geostat_demography_migration_citizenship,1!D26 [2013],2026-10-01
demography.immigrants,country.georgia,2014,female,citizenship.turkey,1055,persons,border_police,published,source.geostat_demography_migration_citizenship,1!D42 [2014],2026-10-01
demography.immigrants,country.georgia,2015,female,citizenship.turkey,1123,persons,border_police,published,source.geostat_demography_migration_citizenship,1!D58 [2015],2026-10-01
demography.immigrants,country.georgia,2016,female,citizenship.turkey,1471,persons,border_police,published,source.geostat_demography_migration_citizenship,1!D74 [2016],2026-10-01
demography.immigrants,country.georgia,2017,female,citizenship.turkey,969,persons,border_police,published,source.geostat_demography_migration_citizenship,1!D90 [2017],2026-10-01
demography.immigrants,country.georgia,2018,female,citizenship.turkey,960,persons,border_police,published,source.geostat_demography_migration_citizenship,1!D106 [2018],2026-10-01
demography.immigrants,country.georgia,2019,female,citizenship.turkey,829,persons,border_police,published,source.geostat_demography_migration_citizenship,1!D124 [2019],2026-10-01
demography.immigrants,country.georgia,2020,female,citizenship.turkey,319,persons,border_police,published,source.geostat_demography_migration_citizenship,1!D139 [2020],2026-10-01
demography.immigrants,country.georgia,2021,female,citizenship.turkey,653,persons,border_police,published,source.geostat_demography_migration_citizenship,1!D154 [2021],2026-10-01
demography.immigrants,country.georgia,2022,female,citizenship.turkey,723,persons,border_police,published,source.geostat_demography_migration_citizenship,1!D173 [2022],2026-10-01
demography.immigrants,country.georgia,2023,female,citizenship.turkey,2667,persons,border_police,published,source.geostat_demography_migration_citizenship,1!D186 [2023],2026-10-01
demography.immigrants,country.georgia,2024,female,citizenship.turkey,1096,persons,border_police,published,source.geostat_demography_migration_citizenship,1!D203 [2024],2026-10-01
demography.immigrants,country.georgia,2025,female,citizenship.turkey,1354,persons,border_police,published,source.geostat_demography_migration_citizenship,1!D220 [2025],2026-10-01
demography.immigrants,country.georgia,2012,total,citizenship.azerbaijan,1883,persons,border_police,published,source.geostat_demography_migration_citizenship,1!B12 [2012],2026-10-01
demography.immigrants,country.georgia,2013,total,citizenship.azerbaijan,3211,persons,border_police,published,source.geostat_demography_migration_citizenship,1!B28 [2013],2026-10-01
demography.immigrants,country.georgia,2014,total,citizenship.azerbaijan,2163,persons,border_police,published,source.geostat_demography_migration_citizenship,1!B44 [2014],2026-10-01
demography.immigrants,country.georgia,2015,total,citizenship.azerbaijan,2839,persons,border_police,published,source.geostat_demography_migration_citizenship,1!B61 [2015],2026-10-01
demography.immigrants,country.georgia,2016,total,citizenship.azerbaijan,3420,persons,border_police,published,source.geostat_demography_migration_citizenship,1!B76 [2016],2026-10-01
demography.immigrants,country.georgia,2017,total,citizenship.azerbaijan,3501,persons,border_police,published,source.geostat_demography_migration_citizenship,1!B91 [2017],2026-10-01
demography.immigrants,country.georgia,2018,total,citizenship.azerbaijan,3761,persons,border_police,published,source.geostat_demography_migration_citizenship,1!B108 [2018],2026-10-01
demography.immigrants,country.georgia,2019,total,citizenship.azerbaijan,3669,persons,border_police,published,source.geostat_demography_migration_citizenship,1!B123 [2019],2026-10-01
demography.immigrants,country.georgia,2020,total,citizenship.azerbaijan,1951,persons,border_police,published,source.geostat_demography_migration_citizenship,1!B138 [2020],2026-10-01
demography.immigrants,country.georgia,2021,total,citizenship.azerbaijan,2526,persons,border_police,published,source.geostat_demography_migration_citizenship,1!B155 [2021],2026-10-01
demography.immigrants,country.georgia,2022,total,citizenship.azerbaijan,2563,persons,border_police,published,source.geostat_demography_migration_citizenship,1!B174 [2022],2026-10-01
demography.immigrants,country.georgia,2023,total,citizenship.azerbaijan,4301,persons,border_police,published,source.geostat_demography_migration_citizenship,1!B189 [2023],2026-10-01
demography.immigrants,country.georgia,2024,total,citizenship.azerbaijan,4556,persons,border_police,published,source.geostat_demography_migration_citizenship,1!B205 [2024],2026-10-01
demography.immigrants,country.georgia,2025,total,citizenship.azerbaijan,5574,persons,border_police,published,source.geostat_demography_migration_citizenship,1!B221 [2025],2026-10-01
demography.immigrants,country.georgia,2012,male,citizenship.azerbaijan,1041,persons,border_police,published,source.geostat_demography_migration_citizenship,1!C12 [2012],2026-10-01
demography.immigrants,country.georgia,2013,male,citizenship.azerbaijan,1781,persons,border_police,published,source.geostat_demography_migration_citizenship,1!C28 [2013],2026-10-01
demography.immigrants,country.georgia,2014,male,citizenship.azerbaijan,1175,persons,border_police,published,source.geostat_demography_migration_citizenship,1!C44 [2014],2026-10-01
demography.immigrants,country.georgia,2015,male,citizenship.azerbaijan,1554,persons,border_police,published,source.geostat_demography_migration_citizenship,1!C61 [2015],2026-10-01
demography.immigrants,country.georgia,2016,male,citizenship.azerbaijan,1935,persons,border_police,published,source.geostat_demography_migration_citizenship,1!C76 [2016],2026-10-01
demography.immigrants,country.georgia,2017,male,citizenship.azerbaijan,2064,persons,border_police,published,source.geostat_demography_migration_citizenship,1!C91 [2017],2026-10-01
demography.immigrants,country.georgia,2018,male,citizenship.azerbaijan,2206,persons,border_police,published,source.geostat_demography_migration_citizenship,1!C108 [2018],2026-10-01
demography.immigrants,country.georgia,2019,male,citizenship.azerbaijan,2148,persons,border_police,published,source.geostat_demography_migration_citizenship,1!C123 [2019],2026-10-01
demography.immigrants,country.georgia,2020,male,citizenship.azerbaijan,979,persons,border_police,published,source.geostat_demography_migration_citizenship,1!C138 [2020],2026-10-01
demography.immigrants,country.georgia,2021,male,citizenship.azerbaijan,1303,persons,border_police,published,source.geostat_demography_migration_citizenship,1!C155 [2021],2026-10-01
demography.immigrants,country.georgia,2022,male,citizenship.azerbaijan,1487,persons,border_police,published,source.geostat_demography_migration_citizenship,1!C174 [2022],2026-10-01
demography.immigrants,country.georgia,2023,male,citizenship.azerbaijan,3096,persons,border_police,published,source.geostat_demography_migration_citizenship,1!C189 [2023],2026-10-01
demography.immigrants,country.georgia,2024,male,citizenship.azerbaijan,3343,persons,border_police,published,source.geostat_demography_migration_citizenship,1!C205 [2024],2026-10-01
demography.immigrants,country.georgia,2025,male,citizenship.azerbaijan,4131,persons,border_police,published,source.geostat_demography_migration_citizenship,1!C221 [2025],2026-10-01
demography.immigrants,country.georgia,2012,female,citizenship.azerbaijan,842,persons,border_police,published,source.geostat_demography_migration_citizenship,1!D12 [2012],2026-10-01
demography.immigrants,country.georgia,2013,female,citizenship.azerbaijan,1430,persons,border_police,published,source.geostat_demography_migration_citizenship,1!D28 [2013],2026-10-01
demography.immigrants,country.georgia,2014,female,citizenship.azerbaijan,988,persons,border_police,published,source.geostat_demography_migration_citizenship,1!D44 [2014],2026-10-01
demography.immigrants,country.georgia,2015,female,citizenship.azerbaijan,1285,persons,border_police,published,source.geostat_demography_migration_citizenship,1!D61 [2015],2026-10-01
demography.immigrants,country.georgia,2016,female,citizenship.azerbaijan,1485,persons,border_police,published,source.geostat_demography_migration_citizenship,1!D76 [2016],2026-10-01
demography.immigrants,country.georgia,2017,female,citizenship.azerbaijan,1437,persons,border_police,published,source.geostat_demography_migration_citizenship,1!D91 [2017],2026-10-01
demography.immigrants,country.georgia,2018,female,citizenship.azerbaijan,1555,persons,border_police,published,source.geostat_demography_migration_citizenship,1!D108 [2018],2026-10-01
demography.immigrants,country.georgia,2019,female,citizenship.azerbaijan,1521,persons,border_police,published,source.geostat_demography_migration_citizenship,1!D123 [2019],2026-10-01
demography.immigrants,country.georgia,2020,female,citizenship.azerbaijan,972,persons,border_police,published,source.geostat_demography_migration_citizenship,1!D138 [2020],2026-10-01
demography.immigrants,country.georgia,2021,female,citizenship.azerbaijan,1223,persons,border_police,published,source.geostat_demography_migration_citizenship,1!D155 [2021],2026-10-01
demography.immigrants,country.georgia,2022,female,citizenship.azerbaijan,1076,persons,border_police,published,source.geostat_demography_migration_citizenship,1!D174 [2022],2026-10-01
demography.immigrants,country.georgia,2023,female,citizenship.azerbaijan,1205,persons,border_police,published,source.geostat_demography_migration_citizenship,1!D189 [2023],2026-10-01
demography.immigrants,country.georgia,2024,female,citizenship.azerbaijan,1213,persons,border_police,published,source.geostat_demography_migration_citizenship,1!D205 [2024],2026-10-01
demography.immigrants,country.georgia,2025,female,citizenship.azerbaijan,1443,persons,border_police,published,source.geostat_demography_migration_citizenship,1!D221 [2025],2026-10-01
demography.immigrants,country.georgia,2012,total,citizenship.ukraine,1853,persons,border_police,published,source.geostat_demography_migration_citizenship,1!B13 [2012],2026-10-01
demography.immigrants,country.georgia,2013,total,citizenship.ukraine,1610,persons,border_police,published,source.geostat_demography_migration_citizenship,1!B29 [2013],2026-10-01
demography.immigrants,country.georgia,2014,total,citizenship.ukraine,1552,persons,border_police,published,source.geostat_demography_migration_citizenship,1!B46 [2014],2026-10-01
demography.immigrants,country.georgia,2015,total,citizenship.ukraine,2886,persons,border_police,published,source.geostat_demography_migration_citizenship,1!B60 [2015],2026-10-01
demography.immigrants,country.georgia,2016,total,citizenship.ukraine,2922,persons,border_police,published,source.geostat_demography_migration_citizenship,1!B77 [2016],2026-10-01
demography.immigrants,country.georgia,2017,total,citizenship.ukraine,2275,persons,border_police,published,source.geostat_demography_migration_citizenship,1!B93 [2017],2026-10-01
demography.immigrants,country.georgia,2018,total,citizenship.ukraine,2175,persons,border_police,published,source.geostat_demography_migration_citizenship,1!B110 [2018],2026-10-01
demography.immigrants,country.georgia,2019,total,citizenship.ukraine,2303,persons,border_police,published,source.geostat_demography_migration_citizenship,1!B126 [2019],2026-10-01
demography.immigrants,country.georgia,2020,total,citizenship.ukraine,969,persons,border_police,published,source.geostat_demography_migration_citizenship,1!B144 [2020],2026-10-01
demography.immigrants,country.georgia,2021,total,citizenship.ukraine,2006,persons,border_police,published,source.geostat_demography_migration_citizenship,1!B157 [2021],2026-10-01
demography.immigrants,country.georgia,2022,total,citizenship.ukraine,20716,persons,border_police,published,source.geostat_demography_migration_citizenship,1!B170 [2022],2026-10-01
demography.immigrants,country.georgia,2023,total,citizenship.ukraine,7516,persons,border_police,published,source.geostat_demography_migration_citizenship,1!B188 [2023],2026-10-01
demography.immigrants,country.georgia,2024,total,citizenship.ukraine,6898,persons,border_police,published,source.geostat_demography_migration_citizenship,1!B202 [2024],2026-10-01
demography.immigrants,country.georgia,2025,total,citizenship.ukraine,6937,persons,border_police,published,source.geostat_demography_migration_citizenship,1!B218 [2025],2026-10-01
demography.immigrants,country.georgia,2012,male,citizenship.ukraine,1148,persons,border_police,published,source.geostat_demography_migration_citizenship,1!C13 [2012],2026-10-01
demography.immigrants,country.georgia,2013,male,citizenship.ukraine,919,persons,border_police,published,source.geostat_demography_migration_citizenship,1!C29 [2013],2026-10-01
demography.immigrants,country.georgia,2014,male,citizenship.ukraine,757,persons,border_police,published,source.geostat_demography_migration_citizenship,1!C46 [2014],2026-10-01
demography.immigrants,country.georgia,2015,male,citizenship.ukraine,1414,persons,border_police,published,source.geostat_demography_migration_citizenship,1!C60 [2015],2026-10-01
demography.immigrants,country.georgia,2016,male,citizenship.ukraine,1445,persons,border_police,published,source.geostat_demography_migration_citizenship,1!C77 [2016],2026-10-01
demography.immigrants,country.georgia,2017,male,citizenship.ukraine,1170,persons,border_police,published,source.geostat_demography_migration_citizenship,1!C93 [2017],2026-10-01
demography.immigrants,country.georgia,2018,male,citizenship.ukraine,1052,persons,border_police,published,source.geostat_demography_migration_citizenship,1!C110 [2018],2026-10-01
demography.immigrants,country.georgia,2019,male,citizenship.ukraine,1026,persons,border_police,published,source.geostat_demography_migration_citizenship,1!C126 [2019],2026-10-01
demography.immigrants,country.georgia,2020,male,citizenship.ukraine,431,persons,border_police,published,source.geostat_demography_migration_citizenship,1!C144 [2020],2026-10-01
demography.immigrants,country.georgia,2021,male,citizenship.ukraine,836,persons,border_police,published,source.geostat_demography_migration_citizenship,1!C157 [2021],2026-10-01
demography.immigrants,country.georgia,2022,male,citizenship.ukraine,7865,persons,border_police,published,source.geostat_demography_migration_citizenship,1!C170 [2022],2026-10-01
demography.immigrants,country.georgia,2023,male,citizenship.ukraine,3759,persons,border_police,published,source.geostat_demography_migration_citizenship,1!C188 [2023],2026-10-01
demography.immigrants,country.georgia,2024,male,citizenship.ukraine,3567,persons,border_police,published,source.geostat_demography_migration_citizenship,1!C202 [2024],2026-10-01
demography.immigrants,country.georgia,2025,male,citizenship.ukraine,3566,persons,border_police,published,source.geostat_demography_migration_citizenship,1!C218 [2025],2026-10-01
demography.immigrants,country.georgia,2012,female,citizenship.ukraine,705,persons,border_police,published,source.geostat_demography_migration_citizenship,1!D13 [2012],2026-10-01
demography.immigrants,country.georgia,2013,female,citizenship.ukraine,691,persons,border_police,published,source.geostat_demography_migration_citizenship,1!D29 [2013],2026-10-01
demography.immigrants,country.georgia,2014,female,citizenship.ukraine,795,persons,border_police,published,source.geostat_demography_migration_citizenship,1!D46 [2014],2026-10-01
demography.immigrants,country.georgia,2015,female,citizenship.ukraine,1472,persons,border_police,published,source.geostat_demography_migration_citizenship,1!D60 [2015],2026-10-01
demography.immigrants,country.georgia,2016,female,citizenship.ukraine,1477,persons,border_police,published,source.geostat_demography_migration_citizenship,1!D77 [2016],2026-10-01
demography.immigrants,country.georgia,2017,female,citizenship.ukraine,1105,persons,border_police,published,source.geostat_demography_migration_citizenship,1!D93 [2017],2026-10-01
demography.immigrants,country.georgia,2018,female,citizenship.ukraine,1123,persons,border_police,published,source.geostat_demography_migration_citizenship,1!D110 [2018],2026-10-01
demography.immigrants,country.georgia,2019,female,citizenship.ukraine,1277,persons,border_police,published,source.geostat_demography_migration_citizenship,1!D126 [2019],2026-10-01
demography.immigrants,country.georgia,2020,female,citizenship.ukraine,538,persons,border_police,published,source.geostat_demography_migration_citizenship,1!D144 [2020],2026-10-01
demography.immigrants,country.georgia,2021,female,citizenship.ukraine,1170,persons,border_police,published,source.geostat_demography_migration_citizenship,1!D157 [2021],2026-10-01
demography.immigrants,country.georgia,2022,female,citizenship.ukraine,12851,persons,border_police,published,source.geostat_demography_migration_citizenship,1!D170 [2022],2026-10-01
demography.immigrants,country.georgia,2023,female,citizenship.ukraine,3757,persons,border_police,published,source.geostat_demography_migration_citizenship,1!D188 [2023],2026-10-01
demography.immigrants,country.georgia,2024,female,citizenship.ukraine,3331,persons,border_police,published,source.geostat_demography_migration_citizenship,1!D202 [2024],2026-10-01
demography.immigrants,country.georgia,2025,female,citizenship.ukraine,3371,persons,border_police,published,source.geostat_demography_migration_citizenship,1!D218 [2025],2026-10-01
demography.immigrants,country.georgia,2012,total,citizenship.india,1215,persons,border_police,published,source.geostat_demography_migration_citizenship,1!B14 [2012],2026-10-01
demography.immigrants,country.georgia,2013,total,citizenship.india,1212,persons,border_police,published,source.geostat_demography_migration_citizenship,1!B31 [2013],2026-10-01
demography.immigrants,country.georgia,2014,total,citizenship.india,679,persons,border_police,published,source.geostat_demography_migration_citizenship,1!B50 [2014],2026-10-01
demography.immigrants,country.georgia,2016,total,citizenship.india,1435,persons,border_police,published,source.geostat_demography_migration_citizenship,1!B78 [2016],2026-10-01
demography.immigrants,country.georgia,2017,total,citizenship.india,2686,persons,border_police,published,source.geostat_demography_migration_citizenship,1!B92 [2017],2026-10-01
demography.immigrants,country.georgia,2018,total,citizenship.india,3015,persons,border_police,published,source.geostat_demography_migration_citizenship,1!B109 [2018],2026-10-01
demography.immigrants,country.georgia,2019,total,citizenship.india,2846,persons,border_police,published,source.geostat_demography_migration_citizenship,1!B125 [2019],2026-10-01
demography.immigrants,country.georgia,2020,total,citizenship.india,1615,persons,border_police,published,source.geostat_demography_migration_citizenship,1!B141 [2020],2026-10-01
demography.immigrants,country.georgia,2021,total,citizenship.india,1400,persons,border_police,published,source.geostat_demography_migration_citizenship,1!B159 [2021],2026-10-01
demography.immigrants,country.georgia,2022,total,citizenship.india,3948,persons,border_police,published,source.geostat_demography_migration_citizenship,1!B172 [2022],2026-10-01
demography.immigrants,country.georgia,2023,total,citizenship.india,8406,persons,border_police,published,source.geostat_demography_migration_citizenship,1!B187 [2023],2026-10-01
demography.immigrants,country.georgia,2024,total,citizenship.india,4594,persons,border_police,published,source.geostat_demography_migration_citizenship,1!B204 [2024],2026-10-01
demography.immigrants,country.georgia,2025,total,citizenship.india,5685,persons,border_police,published,source.geostat_demography_migration_citizenship,1!B219 [2025],2026-10-01
demography.immigrants,country.georgia,2012,male,citizenship.india,1019,persons,border_police,published,source.geostat_demography_migration_citizenship,1!C14 [2012],2026-10-01
demography.immigrants,country.georgia,2013,male,citizenship.india,990,persons,border_police,published,source.geostat_demography_migration_citizenship,1!C31 [2013],2026-10-01
demography.immigrants,country.georgia,2014,male,citizenship.india,522,persons,border_police,published,source.geostat_demography_migration_citizenship,1!C50 [2014],2026-10-01
demography.immigrants,country.georgia,2016,male,citizenship.india,1016,persons,border_police,published,source.geostat_demography_migration_citizenship,1!C78 [2016],2026-10-01
demography.immigrants,country.georgia,2017,male,citizenship.india,2055,persons,border_police,published,source.geostat_demography_migration_citizenship,1!C92 [2017],2026-10-01
demography.immigrants,country.georgia,2018,male,citizenship.india,1963,persons,border_police,published,source.geostat_demography_migration_citizenship,1!C109 [2018],2026-10-01
demography.immigrants,country.georgia,2019,male,citizenship.india,1589,persons,border_police,published,source.geostat_demography_migration_citizenship,1!C125 [2019],2026-10-01
demography.immigrants,country.georgia,2020,male,citizenship.india,951,persons,border_police,published,source.geostat_demography_migration_citizenship,1!C141 [2020],2026-10-01
demography.immigrants,country.georgia,2021,male,citizenship.india,688,persons,border_police,published,source.geostat_demography_migration_citizenship,1!C159 [2021],2026-10-01
demography.immigrants,country.georgia,2022,male,citizenship.india,2030,persons,border_police,published,source.geostat_demography_migration_citizenship,1!C172 [2022],2026-10-01
demography.immigrants,country.georgia,2023,male,citizenship.india,4281,persons,border_police,published,source.geostat_demography_migration_citizenship,1!C187 [2023],2026-10-01
demography.immigrants,country.georgia,2024,male,citizenship.india,2546,persons,border_police,published,source.geostat_demography_migration_citizenship,1!C204 [2024],2026-10-01
demography.immigrants,country.georgia,2025,male,citizenship.india,2866,persons,border_police,published,source.geostat_demography_migration_citizenship,1!C219 [2025],2026-10-01
demography.immigrants,country.georgia,2012,female,citizenship.india,196,persons,border_police,published,source.geostat_demography_migration_citizenship,1!D14 [2012],2026-10-01
demography.immigrants,country.georgia,2013,female,citizenship.india,222,persons,border_police,published,source.geostat_demography_migration_citizenship,1!D31 [2013],2026-10-01
demography.immigrants,country.georgia,2014,female,citizenship.india,157,persons,border_police,published,source.geostat_demography_migration_citizenship,1!D50 [2014],2026-10-01
demography.immigrants,country.georgia,2016,female,citizenship.india,419,persons,border_police,published,source.geostat_demography_migration_citizenship,1!D78 [2016],2026-10-01
demography.immigrants,country.georgia,2017,female,citizenship.india,631,persons,border_police,published,source.geostat_demography_migration_citizenship,1!D92 [2017],2026-10-01
demography.immigrants,country.georgia,2018,female,citizenship.india,1052,persons,border_police,published,source.geostat_demography_migration_citizenship,1!D109 [2018],2026-10-01
demography.immigrants,country.georgia,2019,female,citizenship.india,1257,persons,border_police,published,source.geostat_demography_migration_citizenship,1!D125 [2019],2026-10-01
demography.immigrants,country.georgia,2020,female,citizenship.india,664,persons,border_police,published,source.geostat_demography_migration_citizenship,1!D141 [2020],2026-10-01
demography.immigrants,country.georgia,2021,female,citizenship.india,712,persons,border_police,published,source.geostat_demography_migration_citizenship,1!D159 [2021],2026-10-01
demography.immigrants,country.georgia,2022,female,citizenship.india,1918,persons,border_police,published,source.geostat_demography_migration_citizenship,1!D172 [2022],2026-10-01
demography.immigrants,country.georgia,2023,female,citizenship.india,4125,persons,border_police,published,source.geostat_demography_migration_citizenship,1!D187 [2023],2026-10-01
demography.immigrants,country.georgia,2024,female,citizenship.india,2048,persons,border_police,published,source.geostat_demography_migration_citizenship,1!D204 [2024],2026-10-01
demography.immigrants,country.georgia,2025,female,citizenship.india,2819,persons,border_police,published,source.geostat_demography_migration_citizenship,1!D219 [2025],2026-10-01
demography.immigrants,country.georgia,2012,total,citizenship.united_states,1102,persons,border_police,published,source.geostat_demography_migration_citizenship,1!B15 [2012],2026-10-01
demography.immigrants,country.georgia,2013,total,citizenship.united_states,1536,persons,border_police,published,source.geostat_demography_migration_citizenship,1!B30 [2013],2026-10-01
demography.immigrants,country.georgia,2014,total,citizenship.united_states,883,persons,border_police,published,source.geostat_demography_migration_citizenship,1!B48 [2014],2026-10-01
demography.immigrants,country.georgia,2015,total,citizenship.united_states,1081,persons,border_police,published,source.geostat_demography_migration_citizenship,1!B66 [2015],2026-10-01
demography.immigrants,country.georgia,2016,total,citizenship.united_states,1101,persons,border_police,published,source.geostat_demography_migration_citizenship,1!B79 [2016],2026-10-01
demography.immigrants,country.georgia,2017,total,citizenship.united_states,1075,persons,border_police,published,source.geostat_demography_migration_citizenship,1!B96 [2017],2026-10-01
demography.immigrants,country.georgia,2018,total,citizenship.united_states,1159,persons,border_police,published,source.geostat_demography_migration_citizenship,1!B112 [2018],2026-10-01
demography.immigrants,country.georgia,2019,total,citizenship.united_states,1349,persons,border_police,published,source.geostat_demography_migration_citizenship,1!B128 [2019],2026-10-01
demography.immigrants,country.georgia,2020,total,citizenship.united_states,1110,persons,border_police,published,source.geostat_demography_migration_citizenship,1!B142 [2020],2026-10-01
demography.immigrants,country.georgia,2021,total,citizenship.united_states,1352,persons,border_police,published,source.geostat_demography_migration_citizenship,1!B160 [2021],2026-10-01
demography.immigrants,country.georgia,2022,total,citizenship.united_states,1502,persons,border_police,published,source.geostat_demography_migration_citizenship,1!B176 [2022],2026-10-01
demography.immigrants,country.georgia,2023,total,citizenship.united_states,2004,persons,border_police,published,source.geostat_demography_migration_citizenship,1!B193 [2023],2026-10-01
demography.immigrants,country.georgia,2025,total,citizenship.united_states,1696,persons,border_police,published,source.geostat_demography_migration_citizenship,1!B226 [2025],2026-10-01
demography.immigrants,country.georgia,2012,male,citizenship.united_states,656,persons,border_police,published,source.geostat_demography_migration_citizenship,1!C15 [2012],2026-10-01
demography.immigrants,country.georgia,2013,male,citizenship.united_states,1036,persons,border_police,published,source.geostat_demography_migration_citizenship,1!C30 [2013],2026-10-01
demography.immigrants,country.georgia,2014,male,citizenship.united_states,537,persons,border_police,published,source.geostat_demography_migration_citizenship,1!C48 [2014],2026-10-01
demography.immigrants,country.georgia,2015,male,citizenship.united_states,639,persons,border_police,published,source.geostat_demography_migration_citizenship,1!C66 [2015],2026-10-01
demography.immigrants,country.georgia,2016,male,citizenship.united_states,628,persons,border_police,published,source.geostat_demography_migration_citizenship,1!C79 [2016],2026-10-01
demography.immigrants,country.georgia,2017,male,citizenship.united_states,632,persons,border_police,published,source.geostat_demography_migration_citizenship,1!C96 [2017],2026-10-01
demography.immigrants,country.georgia,2018,male,citizenship.united_states,699,persons,border_police,published,source.geostat_demography_migration_citizenship,1!C112 [2018],2026-10-01
demography.immigrants,country.georgia,2019,male,citizenship.united_states,796,persons,border_police,published,source.geostat_demography_migration_citizenship,1!C128 [2019],2026-10-01
demography.immigrants,country.georgia,2020,male,citizenship.united_states,626,persons,border_police,published,source.geostat_demography_migration_citizenship,1!C142 [2020],2026-10-01
demography.immigrants,country.georgia,2021,male,citizenship.united_states,770,persons,border_police,published,source.geostat_demography_migration_citizenship,1!C160 [2021],2026-10-01
demography.immigrants,country.georgia,2022,male,citizenship.united_states,888,persons,border_police,published,source.geostat_demography_migration_citizenship,1!C176 [2022],2026-10-01
demography.immigrants,country.georgia,2023,male,citizenship.united_states,1061,persons,border_police,published,source.geostat_demography_migration_citizenship,1!C193 [2023],2026-10-01
demography.immigrants,country.georgia,2025,male,citizenship.united_states,920,persons,border_police,published,source.geostat_demography_migration_citizenship,1!C226 [2025],2026-10-01
demography.immigrants,country.georgia,2012,female,citizenship.united_states,446,persons,border_police,published,source.geostat_demography_migration_citizenship,1!D15 [2012],2026-10-01
demography.immigrants,country.georgia,2013,female,citizenship.united_states,500,persons,border_police,published,source.geostat_demography_migration_citizenship,1!D30 [2013],2026-10-01
demography.immigrants,country.georgia,2014,female,citizenship.united_states,346,persons,border_police,published,source.geostat_demography_migration_citizenship,1!D48 [2014],2026-10-01
demography.immigrants,country.georgia,2015,female,citizenship.united_states,442,persons,border_police,published,source.geostat_demography_migration_citizenship,1!D66 [2015],2026-10-01
demography.immigrants,country.georgia,2016,female,citizenship.united_states,473,persons,border_police,published,source.geostat_demography_migration_citizenship,1!D79 [2016],2026-10-01
demography.immigrants,country.georgia,2017,female,citizenship.united_states,443,persons,border_police,published,source.geostat_demography_migration_citizenship,1!D96 [2017],2026-10-01
demography.immigrants,country.georgia,2018,female,citizenship.united_states,460,persons,border_police,published,source.geostat_demography_migration_citizenship,1!D112 [2018],2026-10-01
demography.immigrants,country.georgia,2019,female,citizenship.united_states,553,persons,border_police,published,source.geostat_demography_migration_citizenship,1!D128 [2019],2026-10-01
demography.immigrants,country.georgia,2020,female,citizenship.united_states,484,persons,border_police,published,source.geostat_demography_migration_citizenship,1!D142 [2020],2026-10-01
demography.immigrants,country.georgia,2021,female,citizenship.united_states,582,persons,border_police,published,source.geostat_demography_migration_citizenship,1!D160 [2021],2026-10-01
demography.immigrants,country.georgia,2022,female,citizenship.united_states,614,persons,border_police,published,source.geostat_demography_migration_citizenship,1!D176 [2022],2026-10-01
demography.immigrants,country.georgia,2023,female,citizenship.united_states,943,persons,border_police,published,source.geostat_demography_migration_citizenship,1!D193 [2023],2026-10-01
demography.immigrants,country.georgia,2025,female,citizenship.united_states,776,persons,border_police,published,source.geostat_demography_migration_citizenship,1!D226 [2025],2026-10-01
demography.immigrants,country.georgia,2012,total,citizenship.iran,675,persons,border_police,published,source.geostat_demography_migration_citizenship,1!B16 [2012],2026-10-01
demography.immigrants,country.georgia,2013,total,citizenship.iran,1080,persons,border_police,published,source.geostat_demography_migration_citizenship,1!B33 [2013],2026-10-01
demography.immigrants,country.georgia,2014,total,citizenship.iran,825,persons,border_police,published,source.geostat_demography_migration_citizenship,1!B49 [2014],2026-10-01
demography.immigrants,country.georgia,2015,total,citizenship.iran,1766,persons,border_police,published,source.geostat_demography_migration_citizenship,1!B62 [2015],2026-10-01
demography.immigrants,country.georgia,2017,total,citizenship.iran,1335,persons,border_police,published,source.geostat_demography_migration_citizenship,1!B95 [2017],2026-10-01
demography.immigrants,country.georgia,2018,total,citizenship.iran,3798,persons,border_police,published,source.geostat_demography_migration_citizenship,1!B107 [2018],2026-10-01
demography.immigrants,country.georgia,2019,total,citizenship.iran,5664,persons,border_police,published,source.geostat_demography_migration_citizenship,1!B122 [2019],2026-10-01
demography.immigrants,country.georgia,2020,total,citizenship.iran,397,persons,border_police,published,source.geostat_demography_migration_citizenship,1!B146 [2020],2026-10-01
demography.immigrants,country.georgia,2022,total,citizenship.iran,1177,persons,border_police,published,source.geostat_demography_migration_citizenship,1!B177 [2022],2026-10-01
demography.immigrants,country.georgia,2012,male,citizenship.iran,536,persons,border_police,published,source.geostat_demography_migration_citizenship,1!C16 [2012],2026-10-01
demography.immigrants,country.georgia,2013,male,citizenship.iran,774,persons,border_police,published,source.geostat_demography_migration_citizenship,1!C33 [2013],2026-10-01
demography.immigrants,country.georgia,2014,male,citizenship.iran,575,persons,border_police,published,source.geostat_demography_migration_citizenship,1!C49 [2014],2026-10-01
demography.immigrants,country.georgia,2015,male,citizenship.iran,1368,persons,border_police,published,source.geostat_demography_migration_citizenship,1!C62 [2015],2026-10-01
demography.immigrants,country.georgia,2017,male,citizenship.iran,833,persons,border_police,published,source.geostat_demography_migration_citizenship,1!C95 [2017],2026-10-01
demography.immigrants,country.georgia,2018,male,citizenship.iran,2296,persons,border_police,published,source.geostat_demography_migration_citizenship,1!C107 [2018],2026-10-01
demography.immigrants,country.georgia,2019,male,citizenship.iran,3399,persons,border_police,published,source.geostat_demography_migration_citizenship,1!C122 [2019],2026-10-01
demography.immigrants,country.georgia,2020,male,citizenship.iran,229,persons,border_police,published,source.geostat_demography_migration_citizenship,1!C146 [2020],2026-10-01
demography.immigrants,country.georgia,2022,male,citizenship.iran,660,persons,border_police,published,source.geostat_demography_migration_citizenship,1!C177 [2022],2026-10-01
demography.immigrants,country.georgia,2012,female,citizenship.iran,139,persons,border_police,published,source.geostat_demography_migration_citizenship,1!D16 [2012],2026-10-01
demography.immigrants,country.georgia,2013,female,citizenship.iran,306,persons,border_police,published,source.geostat_demography_migration_citizenship,1!D33 [2013],2026-10-01
demography.immigrants,country.georgia,2014,female,citizenship.iran,250,persons,border_police,published,source.geostat_demography_migration_citizenship,1!D49 [2014],2026-10-01
demography.immigrants,country.georgia,2015,female,citizenship.iran,398,persons,border_police,published,source.geostat_demography_migration_citizenship,1!D62 [2015],2026-10-01
demography.immigrants,country.georgia,2017,female,citizenship.iran,502,persons,border_police,published,source.geostat_demography_migration_citizenship,1!D95 [2017],2026-10-01
demography.immigrants,country.georgia,2018,female,citizenship.iran,1502,persons,border_police,published,source.geostat_demography_migration_citizenship,1!D107 [2018],2026-10-01
demography.immigrants,country.georgia,2019,female,citizenship.iran,2265,persons,border_police,published,source.geostat_demography_migration_citizenship,1!D122 [2019],2026-10-01
demography.immigrants,country.georgia,2020,female,citizenship.iran,168,persons,border_police,published,source.geostat_demography_migration_citizenship,1!D146 [2020],2026-10-01
demography.immigrants,country.georgia,2022,female,citizenship.iran,517,persons,border_police,published,source.geostat_demography_migration_citizenship,1!D177 [2022],2026-10-01
demography.immigrants,country.georgia,2012,total,citizenship.china,626,persons,border_police,published,source.geostat_demography_migration_citizenship,1!B17 [2012],2026-10-01
demography.immigrants,country.georgia,2013,total,citizenship.china,1143,persons,border_police,published,source.geostat_demography_migration_citizenship,1!B32 [2013],2026-10-01
demography.immigrants,country.georgia,2015,total,citizenship.china,1267,persons,border_police,published,source.geostat_demography_migration_citizenship,1!B65 [2015],2026-10-01
demography.immigrants,country.georgia,2016,total,citizenship.china,873,persons,border_police,published,source.geostat_demography_migration_citizenship,1!B80 [2016],2026-10-01
demography.immigrants,country.georgia,2017,total,citizenship.china,904,persons,border_police,published,source.geostat_demography_migration_citizenship,1!B97 [2017],2026-10-01
demography.immigrants,country.georgia,2018,total,citizenship.china,974,persons,border_police,published,source.geostat_demography_migration_citizenship,1!B113 [2018],2026-10-01
demography.immigrants,country.georgia,2019,total,citizenship.china,944,persons,border_police,published,source.geostat_demography_migration_citizenship,1!B129 [2019],2026-10-01
demography.immigrants,country.georgia,2020,total,citizenship.china,1026,persons,border_police,published,source.geostat_demography_migration_citizenship,1!B143 [2020],2026-10-01
demography.immigrants,country.georgia,2021,total,citizenship.china,2246,persons,border_police,published,source.geostat_demography_migration_citizenship,1!B156 [2021],2026-10-01
demography.immigrants,country.georgia,2022,total,citizenship.china,1095,persons,border_police,published,source.geostat_demography_migration_citizenship,1!B178 [2022],2026-10-01
demography.immigrants,country.georgia,2023,total,citizenship.china,2000,persons,border_police,published,source.geostat_demography_migration_citizenship,1!B194 [2023],2026-10-01
demography.immigrants,country.georgia,2025,total,citizenship.china,1090,persons,border_police,published,source.geostat_demography_migration_citizenship,1!B222 [2025],2026-10-01
demography.immigrants,country.georgia,2012,male,citizenship.china,531,persons,border_police,published,source.geostat_demography_migration_citizenship,1!C17 [2012],2026-10-01
demography.immigrants,country.georgia,2013,male,citizenship.china,890,persons,border_police,published,source.geostat_demography_migration_citizenship,1!C32 [2013],2026-10-01
demography.immigrants,country.georgia,2015,male,citizenship.china,1044,persons,border_police,published,source.geostat_demography_migration_citizenship,1!C65 [2015],2026-10-01
demography.immigrants,country.georgia,2016,male,citizenship.china,675,persons,border_police,published,source.geostat_demography_migration_citizenship,1!C80 [2016],2026-10-01
demography.immigrants,country.georgia,2017,male,citizenship.china,717,persons,border_police,published,source.geostat_demography_migration_citizenship,1!C97 [2017],2026-10-01
demography.immigrants,country.georgia,2018,male,citizenship.china,758,persons,border_police,published,source.geostat_demography_migration_citizenship,1!C113 [2018],2026-10-01
demography.immigrants,country.georgia,2019,male,citizenship.china,741,persons,border_police,published,source.geostat_demography_migration_citizenship,1!C129 [2019],2026-10-01
demography.immigrants,country.georgia,2020,male,citizenship.china,905,persons,border_police,published,source.geostat_demography_migration_citizenship,1!C143 [2020],2026-10-01
demography.immigrants,country.georgia,2021,male,citizenship.china,1982,persons,border_police,published,source.geostat_demography_migration_citizenship,1!C156 [2021],2026-10-01
demography.immigrants,country.georgia,2022,male,citizenship.china,942,persons,border_police,published,source.geostat_demography_migration_citizenship,1!C178 [2022],2026-10-01
demography.immigrants,country.georgia,2023,male,citizenship.china,1639,persons,border_police,published,source.geostat_demography_migration_citizenship,1!C194 [2023],2026-10-01
demography.immigrants,country.georgia,2025,male,citizenship.china,847,persons,border_police,published,source.geostat_demography_migration_citizenship,1!C222 [2025],2026-10-01
demography.immigrants,country.georgia,2012,female,citizenship.china,95,persons,border_police,published,source.geostat_demography_migration_citizenship,1!D17 [2012],2026-10-01
demography.immigrants,country.georgia,2013,female,citizenship.china,253,persons,border_police,published,source.geostat_demography_migration_citizenship,1!D32 [2013],2026-10-01
demography.immigrants,country.georgia,2015,female,citizenship.china,223,persons,border_police,published,source.geostat_demography_migration_citizenship,1!D65 [2015],2026-10-01
demography.immigrants,country.georgia,2016,female,citizenship.china,198,persons,border_police,published,source.geostat_demography_migration_citizenship,1!D80 [2016],2026-10-01
demography.immigrants,country.georgia,2017,female,citizenship.china,187,persons,border_police,published,source.geostat_demography_migration_citizenship,1!D97 [2017],2026-10-01
demography.immigrants,country.georgia,2018,female,citizenship.china,216,persons,border_police,published,source.geostat_demography_migration_citizenship,1!D113 [2018],2026-10-01
demography.immigrants,country.georgia,2019,female,citizenship.china,203,persons,border_police,published,source.geostat_demography_migration_citizenship,1!D129 [2019],2026-10-01
demography.immigrants,country.georgia,2020,female,citizenship.china,121,persons,border_police,published,source.geostat_demography_migration_citizenship,1!D143 [2020],2026-10-01
demography.immigrants,country.georgia,2021,female,citizenship.china,264,persons,border_police,published,source.geostat_demography_migration_citizenship,1!D156 [2021],2026-10-01
demography.immigrants,country.georgia,2022,female,citizenship.china,153,persons,border_police,published,source.geostat_demography_migration_citizenship,1!D178 [2022],2026-10-01
demography.immigrants,country.georgia,2023,female,citizenship.china,361,persons,border_police,published,source.geostat_demography_migration_citizenship,1!D194 [2023],2026-10-01
demography.immigrants,country.georgia,2025,female,citizenship.china,243,persons,border_police,published,source.geostat_demography_migration_citizenship,1!D222 [2025],2026-10-01
demography.immigrants,country.georgia,2012,total,citizenship.greece,582,persons,border_police,published,source.geostat_demography_migration_citizenship,1!B18 [2012],2026-10-01
demography.immigrants,country.georgia,2013,total,citizenship.greece,996,persons,border_police,published,source.geostat_demography_migration_citizenship,1!B34 [2013],2026-10-01
demography.immigrants,country.georgia,2014,total,citizenship.greece,997,persons,border_police,published,source.geostat_demography_migration_citizenship,1!B47 [2014],2026-10-01
demography.immigrants,country.georgia,2018,total,citizenship.greece,644,persons,border_police,published,source.geostat_demography_migration_citizenship,1!B114 [2018],2026-10-01
demography.immigrants,country.georgia,2012,male,citizenship.greece,329,persons,border_police,published,source.geostat_demography_migration_citizenship,1!C18 [2012],2026-10-01
demography.immigrants,country.georgia,2013,male,citizenship.greece,579,persons,border_police,published,source.geostat_demography_migration_citizenship,1!C34 [2013],2026-10-01
demography.immigrants,country.georgia,2014,male,citizenship.greece,545,persons,border_police,published,source.geostat_demography_migration_citizenship,1!C47 [2014],2026-10-01
demography.immigrants,country.georgia,2018,male,citizenship.greece,345,persons,border_police,published,source.geostat_demography_migration_citizenship,1!C114 [2018],2026-10-01
demography.immigrants,country.georgia,2012,female,citizenship.greece,253,persons,border_police,published,source.geostat_demography_migration_citizenship,1!D18 [2012],2026-10-01
demography.immigrants,country.georgia,2013,female,citizenship.greece,417,persons,border_police,published,source.geostat_demography_migration_citizenship,1!D34 [2013],2026-10-01
demography.immigrants,country.georgia,2014,female,citizenship.greece,452,persons,border_police,published,source.geostat_demography_migration_citizenship,1!D47 [2014],2026-10-01
demography.immigrants,country.georgia,2018,female,citizenship.greece,299,persons,border_police,published,source.geostat_demography_migration_citizenship,1!D114 [2018],2026-10-01
demography.immigrants,country.georgia,2014,total,citizenship.iraq,1777,persons,border_police,published,source.geostat_demography_migration_citizenship,1!B45 [2014],2026-10-01
demography.immigrants,country.georgia,2015,total,citizenship.iraq,1618,persons,border_police,published,source.geostat_demography_migration_citizenship,1!B63 [2015],2026-10-01
demography.immigrants,country.georgia,2014,male,citizenship.iraq,1491,persons,border_police,published,source.geostat_demography_migration_citizenship,1!C45 [2014],2026-10-01
demography.immigrants,country.georgia,2015,male,citizenship.iraq,1244,persons,border_police,published,source.geostat_demography_migration_citizenship,1!C63 [2015],2026-10-01
demography.immigrants,country.georgia,2014,female,citizenship.iraq,286,persons,border_police,published,source.geostat_demography_migration_citizenship,1!D45 [2014],2026-10-01
demography.immigrants,country.georgia,2015,female,citizenship.iraq,374,persons,border_police,published,source.geostat_demography_migration_citizenship,1!D63 [2015],2026-10-01
demography.immigrants,country.georgia,2015,total,citizenship.kuwait,1320,persons,border_police,published,source.geostat_demography_migration_citizenship,1!B64 [2015],2026-10-01
demography.immigrants,country.georgia,2016,total,citizenship.kuwait,643,persons,border_police,published,source.geostat_demography_migration_citizenship,1!B82 [2016],2026-10-01
demography.immigrants,country.georgia,2015,male,citizenship.kuwait,850,persons,border_police,published,source.geostat_demography_migration_citizenship,1!C64 [2015],2026-10-01
demography.immigrants,country.georgia,2016,male,citizenship.kuwait,415,persons,border_police,published,source.geostat_demography_migration_citizenship,1!C82 [2016],2026-10-01
demography.immigrants,country.georgia,2015,female,citizenship.kuwait,470,persons,border_police,published,source.geostat_demography_migration_citizenship,1!D64 [2015],2026-10-01
demography.immigrants,country.georgia,2016,female,citizenship.kuwait,228,persons,border_police,published,source.geostat_demography_migration_citizenship,1!D82 [2016],2026-10-01
demography.immigrants,country.georgia,2016,total,citizenship.israel,832,persons,border_police,published,source.geostat_demography_migration_citizenship,1!B81 [2016],2026-10-01
demography.immigrants,country.georgia,2020,total,citizenship.israel,412,persons,border_police,published,source.geostat_demography_migration_citizenship,1!B145 [2020],2026-10-01
demography.immigrants,country.georgia,2023,total,citizenship.israel,3111,persons,border_police,published,source.geostat_demography_migration_citizenship,1!B191 [2023],2026-10-01
demography.immigrants,country.georgia,2024,total,citizenship.israel,1833,persons,border_police,published,source.geostat_demography_migration_citizenship,1!B209 [2024],2026-10-01
demography.immigrants,country.georgia,2025,total,citizenship.israel,1955,persons,border_police,published,source.geostat_demography_migration_citizenship,1!B225 [2025],2026-10-01
demography.immigrants,country.georgia,2016,male,citizenship.israel,402,persons,border_police,published,source.geostat_demography_migration_citizenship,1!C81 [2016],2026-10-01
demography.immigrants,country.georgia,2020,male,citizenship.israel,249,persons,border_police,published,source.geostat_demography_migration_citizenship,1!C145 [2020],2026-10-01
demography.immigrants,country.georgia,2023,male,citizenship.israel,1804,persons,border_police,published,source.geostat_demography_migration_citizenship,1!C191 [2023],2026-10-01
demography.immigrants,country.georgia,2024,male,citizenship.israel,1111,persons,border_police,published,source.geostat_demography_migration_citizenship,1!C209 [2024],2026-10-01
demography.immigrants,country.georgia,2025,male,citizenship.israel,1173,persons,border_police,published,source.geostat_demography_migration_citizenship,1!C225 [2025],2026-10-01
demography.immigrants,country.georgia,2016,female,citizenship.israel,430,persons,border_police,published,source.geostat_demography_migration_citizenship,1!D81 [2016],2026-10-01
demography.immigrants,country.georgia,2020,female,citizenship.israel,163,persons,border_police,published,source.geostat_demography_migration_citizenship,1!D145 [2020],2026-10-01
demography.immigrants,country.georgia,2023,female,citizenship.israel,1307,persons,border_police,published,source.geostat_demography_migration_citizenship,1!D191 [2023],2026-10-01
demography.immigrants,country.georgia,2024,female,citizenship.israel,722,persons,border_police,published,source.geostat_demography_migration_citizenship,1!D209 [2024],2026-10-01
demography.immigrants,country.georgia,2025,female,citizenship.israel,782,persons,border_police,published,source.geostat_demography_migration_citizenship,1!D225 [2025],2026-10-01
demography.immigrants,country.georgia,2017,total,citizenship.moldova,709,persons,border_police,published,source.geostat_demography_migration_citizenship,1!B98 [2017],2026-10-01
demography.immigrants,country.georgia,2017,male,citizenship.moldova,366,persons,border_police,published,source.geostat_demography_migration_citizenship,1!C98 [2017],2026-10-01
demography.immigrants,country.georgia,2017,female,citizenship.moldova,343,persons,border_police,published,source.geostat_demography_migration_citizenship,1!D98 [2017],2026-10-01
demography.immigrants,country.georgia,2019,total,citizenship.kazakhstan,663,persons,border_police,published,source.geostat_demography_migration_citizenship,1!B130 [2019],2026-10-01
demography.immigrants,country.georgia,2021,total,citizenship.kazakhstan,913,persons,border_police,published,source.geostat_demography_migration_citizenship,1!B162 [2021],2026-10-01
demography.immigrants,country.georgia,2024,total,citizenship.kazakhstan,1927,persons,border_police,published,source.geostat_demography_migration_citizenship,1!B208 [2024],2026-10-01
demography.immigrants,country.georgia,2025,total,citizenship.kazakhstan,2362,persons,border_police,published,source.geostat_demography_migration_citizenship,1!B224 [2025],2026-10-01
demography.immigrants,country.georgia,2019,male,citizenship.kazakhstan,297,persons,border_police,published,source.geostat_demography_migration_citizenship,1!C130 [2019],2026-10-01
demography.immigrants,country.georgia,2021,male,citizenship.kazakhstan,411,persons,border_police,published,source.geostat_demography_migration_citizenship,1!C162 [2021],2026-10-01
demography.immigrants,country.georgia,2024,male,citizenship.kazakhstan,910,persons,border_police,published,source.geostat_demography_migration_citizenship,1!C208 [2024],2026-10-01
demography.immigrants,country.georgia,2025,male,citizenship.kazakhstan,1061,persons,border_police,published,source.geostat_demography_migration_citizenship,1!C224 [2025],2026-10-01
demography.immigrants,country.georgia,2019,female,citizenship.kazakhstan,366,persons,border_police,published,source.geostat_demography_migration_citizenship,1!D130 [2019],2026-10-01
demography.immigrants,country.georgia,2021,female,citizenship.kazakhstan,502,persons,border_police,published,source.geostat_demography_migration_citizenship,1!D162 [2021],2026-10-01
demography.immigrants,country.georgia,2024,female,citizenship.kazakhstan,1017,persons,border_police,published,source.geostat_demography_migration_citizenship,1!D208 [2024],2026-10-01
demography.immigrants,country.georgia,2025,female,citizenship.kazakhstan,1301,persons,border_police,published,source.geostat_demography_migration_citizenship,1!D224 [2025],2026-10-01
demography.immigrants,country.georgia,2021,total,citizenship.belarus,1583,persons,border_police,published,source.geostat_demography_migration_citizenship,1!B158 [2021],2026-10-01
demography.immigrants,country.georgia,2022,total,citizenship.belarus,13361,persons,border_police,published,source.geostat_demography_migration_citizenship,1!B171 [2022],2026-10-01
demography.immigrants,country.georgia,2023,total,citizenship.belarus,3557,persons,border_police,published,source.geostat_demography_migration_citizenship,1!B190 [2023],2026-10-01
demography.immigrants,country.georgia,2024,total,citizenship.belarus,2451,persons,border_police,published,source.geostat_demography_migration_citizenship,1!B206 [2024],2026-10-01
demography.immigrants,country.georgia,2025,total,citizenship.belarus,1938,persons,border_police,published,source.geostat_demography_migration_citizenship,1!B223 [2025],2026-10-01
demography.immigrants,country.georgia,2021,male,citizenship.belarus,705,persons,border_police,published,source.geostat_demography_migration_citizenship,1!C158 [2021],2026-10-01
demography.immigrants,country.georgia,2022,male,citizenship.belarus,7357,persons,border_police,published,source.geostat_demography_migration_citizenship,1!C171 [2022],2026-10-01
demography.immigrants,country.georgia,2023,male,citizenship.belarus,1735,persons,border_police,published,source.geostat_demography_migration_citizenship,1!C190 [2023],2026-10-01
demography.immigrants,country.georgia,2024,male,citizenship.belarus,1208,persons,border_police,published,source.geostat_demography_migration_citizenship,1!C206 [2024],2026-10-01
demography.immigrants,country.georgia,2025,male,citizenship.belarus,957,persons,border_police,published,source.geostat_demography_migration_citizenship,1!C223 [2025],2026-10-01
demography.immigrants,country.georgia,2021,female,citizenship.belarus,878,persons,border_police,published,source.geostat_demography_migration_citizenship,1!D158 [2021],2026-10-01
demography.immigrants,country.georgia,2022,female,citizenship.belarus,6004,persons,border_police,published,source.geostat_demography_migration_citizenship,1!D171 [2022],2026-10-01
demography.immigrants,country.georgia,2023,female,citizenship.belarus,1822,persons,border_police,published,source.geostat_demography_migration_citizenship,1!D190 [2023],2026-10-01
demography.immigrants,country.georgia,2024,female,citizenship.belarus,1243,persons,border_police,published,source.geostat_demography_migration_citizenship,1!D206 [2024],2026-10-01
demography.immigrants,country.georgia,2025,female,citizenship.belarus,981,persons,border_police,published,source.geostat_demography_migration_citizenship,1!D223 [2025],2026-10-01
demography.immigrants,country.georgia,2024,total,citizenship.turkmenistan,1978,persons,border_police,published,source.geostat_demography_migration_citizenship,1!B207 [2024],2026-10-01
demography.immigrants,country.georgia,2024,male,citizenship.turkmenistan,1720,persons,border_police,published,source.geostat_demography_migration_citizenship,1!C207 [2024],2026-10-01
demography.immigrants,country.georgia,2024,female,citizenship.turkmenistan,258,persons,border_police,published,source.geostat_demography_migration_citizenship,1!D207 [2024],2026-10-01
demography.immigrants,country.georgia,2012,total,citizenship.other,6521,persons,border_police,published,source.geostat_demography_migration_citizenship,1!B19 [2012],2026-10-01
demography.immigrants,country.georgia,2013,total,citizenship.other,7946,persons,border_police,published,source.geostat_demography_migration_citizenship,1!B35 [2013],2026-10-01
demography.immigrants,country.georgia,2014,total,citizenship.other,5244,persons,border_police,published,source.geostat_demography_migration_citizenship,1!B51 [2014],2026-10-01
demography.immigrants,country.georgia,2015,total,citizenship.other,8206,persons,border_police,published,source.geostat_demography_migration_citizenship,1!B67 [2015],2026-10-01
demography.immigrants,country.georgia,2016,total,citizenship.other,7979,persons,border_police,published,source.geostat_demography_migration_citizenship,1!B83 [2016],2026-10-01
demography.immigrants,country.georgia,2017,total,citizenship.other,6200,persons,border_police,published,source.geostat_demography_migration_citizenship,1!B99 [2017],2026-10-01
demography.immigrants,country.georgia,2018,total,citizenship.other,8217,persons,border_police,published,source.geostat_demography_migration_citizenship,1!B115 [2018],2026-10-01
demography.immigrants,country.georgia,2019,total,citizenship.other,7671,persons,border_police,published,source.geostat_demography_migration_citizenship,1!B131 [2019],2026-10-01
demography.immigrants,country.georgia,2020,total,citizenship.other,5725,persons,border_police,published,source.geostat_demography_migration_citizenship,1!B147 [2020],2026-10-01
demography.immigrants,country.georgia,2021,total,citizenship.other,7726,persons,border_police,published,source.geostat_demography_migration_citizenship,1!B163 [2021],2026-10-01
demography.immigrants,country.georgia,2022,total,citizenship.other,13173,persons,border_police,published,source.geostat_demography_migration_citizenship,1!B179 [2022],2026-10-01
demography.immigrants,country.georgia,2023,total,citizenship.other,18563,persons,border_police,published,source.geostat_demography_migration_citizenship,1!B195 [2023],2026-10-01
demography.immigrants,country.georgia,2024,total,citizenship.other,15487,persons,border_police,published,source.geostat_demography_migration_citizenship,1!B211 [2024],2026-10-01
demography.immigrants,country.georgia,2025,total,citizenship.other,16671,persons,border_police,published,source.geostat_demography_migration_citizenship,1!B227 [2025],2026-10-01
demography.immigrants,country.georgia,2012,male,citizenship.other,4268,persons,border_police,published,source.geostat_demography_migration_citizenship,1!C19 [2012],2026-10-01
demography.immigrants,country.georgia,2013,male,citizenship.other,5073,persons,border_police,published,source.geostat_demography_migration_citizenship,1!C35 [2013],2026-10-01
demography.immigrants,country.georgia,2014,male,citizenship.other,3064,persons,border_police,published,source.geostat_demography_migration_citizenship,1!C51 [2014],2026-10-01
demography.immigrants,country.georgia,2015,male,citizenship.other,4836,persons,border_police,published,source.geostat_demography_migration_citizenship,1!C67 [2015],2026-10-01
demography.immigrants,country.georgia,2016,male,citizenship.other,4811,persons,border_police,published,source.geostat_demography_migration_citizenship,1!C83 [2016],2026-10-01
demography.immigrants,country.georgia,2017,male,citizenship.other,3725,persons,border_police,published,source.geostat_demography_migration_citizenship,1!C99 [2017],2026-10-01
demography.immigrants,country.georgia,2018,male,citizenship.other,5060,persons,border_police,published,source.geostat_demography_migration_citizenship,1!C115 [2018],2026-10-01
demography.immigrants,country.georgia,2019,male,citizenship.other,4539,persons,border_police,published,source.geostat_demography_migration_citizenship,1!C131 [2019],2026-10-01
demography.immigrants,country.georgia,2020,male,citizenship.other,3384,persons,border_police,published,source.geostat_demography_migration_citizenship,1!C147 [2020],2026-10-01
demography.immigrants,country.georgia,2021,male,citizenship.other,4660,persons,border_police,published,source.geostat_demography_migration_citizenship,1!C163 [2021],2026-10-01
demography.immigrants,country.georgia,2022,male,citizenship.other,8021,persons,border_police,published,source.geostat_demography_migration_citizenship,1!C179 [2022],2026-10-01
demography.immigrants,country.georgia,2023,male,citizenship.other,10868,persons,border_police,published,source.geostat_demography_migration_citizenship,1!C195 [2023],2026-10-01
demography.immigrants,country.georgia,2024,male,citizenship.other,8834,persons,border_police,published,source.geostat_demography_migration_citizenship,1!C211 [2024],2026-10-01
demography.immigrants,country.georgia,2025,male,citizenship.other,9412,persons,border_police,published,source.geostat_demography_migration_citizenship,1!C227 [2025],2026-10-01
demography.immigrants,country.georgia,2012,female,citizenship.other,2253,persons,border_police,published,source.geostat_demography_migration_citizenship,1!D19 [2012],2026-10-01
demography.immigrants,country.georgia,2013,female,citizenship.other,2873,persons,border_police,published,source.geostat_demography_migration_citizenship,1!D35 [2013],2026-10-01
demography.immigrants,country.georgia,2014,female,citizenship.other,2180,persons,border_police,published,source.geostat_demography_migration_citizenship,1!D51 [2014],2026-10-01
demography.immigrants,country.georgia,2015,female,citizenship.other,3370,persons,border_police,published,source.geostat_demography_migration_citizenship,1!D67 [2015],2026-10-01
demography.immigrants,country.georgia,2016,female,citizenship.other,3168,persons,border_police,published,source.geostat_demography_migration_citizenship,1!D83 [2016],2026-10-01
demography.immigrants,country.georgia,2017,female,citizenship.other,2475,persons,border_police,published,source.geostat_demography_migration_citizenship,1!D99 [2017],2026-10-01
demography.immigrants,country.georgia,2018,female,citizenship.other,3157,persons,border_police,published,source.geostat_demography_migration_citizenship,1!D115 [2018],2026-10-01
demography.immigrants,country.georgia,2019,female,citizenship.other,3132,persons,border_police,published,source.geostat_demography_migration_citizenship,1!D131 [2019],2026-10-01
demography.immigrants,country.georgia,2020,female,citizenship.other,2341,persons,border_police,published,source.geostat_demography_migration_citizenship,1!D147 [2020],2026-10-01
demography.immigrants,country.georgia,2021,female,citizenship.other,3066,persons,border_police,published,source.geostat_demography_migration_citizenship,1!D163 [2021],2026-10-01
demography.immigrants,country.georgia,2022,female,citizenship.other,5152,persons,border_police,published,source.geostat_demography_migration_citizenship,1!D179 [2022],2026-10-01
demography.immigrants,country.georgia,2023,female,citizenship.other,7695,persons,border_police,published,source.geostat_demography_migration_citizenship,1!D195 [2023],2026-10-01
demography.immigrants,country.georgia,2024,female,citizenship.other,6653,persons,border_police,published,source.geostat_demography_migration_citizenship,1!D211 [2024],2026-10-01
demography.immigrants,country.georgia,2025,female,citizenship.other,7259,persons,border_police,published,source.geostat_demography_migration_citizenship,1!D227 [2025],2026-10-01
demography.immigrants,country.georgia,2012,total,citizenship.stateless,250,persons,border_police,published,source.geostat_demography_migration_citizenship,1!B20 [2012],2026-10-01
demography.immigrants,country.georgia,2013,total,citizenship.stateless,168,persons,border_police,published,source.geostat_demography_migration_citizenship,1!B36 [2013],2026-10-01
demography.immigrants,country.georgia,2014,total,citizenship.stateless,115,persons,border_police,published,source.geostat_demography_migration_citizenship,1!B52 [2014],2026-10-01
demography.immigrants,country.georgia,2015,total,citizenship.stateless,145,persons,border_police,published,source.geostat_demography_migration_citizenship,1!B68 [2015],2026-10-01
demography.immigrants,country.georgia,2016,total,citizenship.stateless,217,persons,border_police,published,source.geostat_demography_migration_citizenship,1!B84 [2016],2026-10-01
demography.immigrants,country.georgia,2017,total,citizenship.stateless,81,persons,border_police,published,source.geostat_demography_migration_citizenship,1!B100 [2017],2026-10-01
demography.immigrants,country.georgia,2018,total,citizenship.stateless,94,persons,border_police,published,source.geostat_demography_migration_citizenship,1!B116 [2018],2026-10-01
demography.immigrants,country.georgia,2019,total,citizenship.stateless,69,persons,border_police,published,source.geostat_demography_migration_citizenship,1!B132 [2019],2026-10-01
demography.immigrants,country.georgia,2020,total,citizenship.stateless,31,persons,border_police,published,source.geostat_demography_migration_citizenship,1!B148 [2020],2026-10-01
demography.immigrants,country.georgia,2021,total,citizenship.stateless,49,persons,border_police,published,source.geostat_demography_migration_citizenship,1!B164 [2021],2026-10-01
demography.immigrants,country.georgia,2022,total,citizenship.stateless,60,persons,border_police,published,source.geostat_demography_migration_citizenship,1!B180 [2022],2026-10-01
demography.immigrants,country.georgia,2023,total,citizenship.stateless,157,persons,border_police,published,source.geostat_demography_migration_citizenship,1!B196 [2023],2026-10-01
demography.immigrants,country.georgia,2024,total,citizenship.stateless,52,persons,border_police,published,source.geostat_demography_migration_citizenship,1!B212 [2024],2026-10-01
demography.immigrants,country.georgia,2025,total,citizenship.stateless,40,persons,border_police,published,source.geostat_demography_migration_citizenship,1!B228 [2025],2026-10-01
demography.immigrants,country.georgia,2012,male,citizenship.stateless,140,persons,border_police,published,source.geostat_demography_migration_citizenship,1!C20 [2012],2026-10-01
demography.immigrants,country.georgia,2013,male,citizenship.stateless,102,persons,border_police,published,source.geostat_demography_migration_citizenship,1!C36 [2013],2026-10-01
demography.immigrants,country.georgia,2014,male,citizenship.stateless,71,persons,border_police,published,source.geostat_demography_migration_citizenship,1!C52 [2014],2026-10-01
demography.immigrants,country.georgia,2015,male,citizenship.stateless,91,persons,border_police,published,source.geostat_demography_migration_citizenship,1!C68 [2015],2026-10-01
demography.immigrants,country.georgia,2016,male,citizenship.stateless,130,persons,border_police,published,source.geostat_demography_migration_citizenship,1!C84 [2016],2026-10-01
demography.immigrants,country.georgia,2017,male,citizenship.stateless,53,persons,border_police,published,source.geostat_demography_migration_citizenship,1!C100 [2017],2026-10-01
demography.immigrants,country.georgia,2018,male,citizenship.stateless,69,persons,border_police,published,source.geostat_demography_migration_citizenship,1!C116 [2018],2026-10-01
demography.immigrants,country.georgia,2019,male,citizenship.stateless,51,persons,border_police,published,source.geostat_demography_migration_citizenship,1!C132 [2019],2026-10-01
demography.immigrants,country.georgia,2020,male,citizenship.stateless,21,persons,border_police,published,source.geostat_demography_migration_citizenship,1!C148 [2020],2026-10-01
demography.immigrants,country.georgia,2021,male,citizenship.stateless,37,persons,border_police,published,source.geostat_demography_migration_citizenship,1!C164 [2021],2026-10-01
demography.immigrants,country.georgia,2022,male,citizenship.stateless,42,persons,border_police,published,source.geostat_demography_migration_citizenship,1!C180 [2022],2026-10-01
demography.immigrants,country.georgia,2023,male,citizenship.stateless,99,persons,border_police,published,source.geostat_demography_migration_citizenship,1!C196 [2023],2026-10-01
demography.immigrants,country.georgia,2024,male,citizenship.stateless,35,persons,border_police,published,source.geostat_demography_migration_citizenship,1!C212 [2024],2026-10-01
demography.immigrants,country.georgia,2025,male,citizenship.stateless,27,persons,border_police,published,source.geostat_demography_migration_citizenship,1!C228 [2025],2026-10-01
demography.immigrants,country.georgia,2012,female,citizenship.stateless,110,persons,border_police,published,source.geostat_demography_migration_citizenship,1!D20 [2012],2026-10-01
demography.immigrants,country.georgia,2013,female,citizenship.stateless,66,persons,border_police,published,source.geostat_demography_migration_citizenship,1!D36 [2013],2026-10-01
demography.immigrants,country.georgia,2014,female,citizenship.stateless,44,persons,border_police,published,source.geostat_demography_migration_citizenship,1!D52 [2014],2026-10-01
demography.immigrants,country.georgia,2015,female,citizenship.stateless,54,persons,border_police,published,source.geostat_demography_migration_citizenship,1!D68 [2015],2026-10-01
demography.immigrants,country.georgia,2016,female,citizenship.stateless,87,persons,border_police,published,source.geostat_demography_migration_citizenship,1!D84 [2016],2026-10-01
demography.immigrants,country.georgia,2017,female,citizenship.stateless,28,persons,border_police,published,source.geostat_demography_migration_citizenship,1!D100 [2017],2026-10-01
demography.immigrants,country.georgia,2018,female,citizenship.stateless,25,persons,border_police,published,source.geostat_demography_migration_citizenship,1!D116 [2018],2026-10-01
demography.immigrants,country.georgia,2019,female,citizenship.stateless,18,persons,border_police,published,source.geostat_demography_migration_citizenship,1!D132 [2019],2026-10-01
demography.immigrants,country.georgia,2020,female,citizenship.stateless,10,persons,border_police,published,source.geostat_demography_migration_citizenship,1!D148 [2020],2026-10-01
demography.immigrants,country.georgia,2021,female,citizenship.stateless,12,persons,border_police,published,source.geostat_demography_migration_citizenship,1!D164 [2021],2026-10-01
demography.immigrants,country.georgia,2022,female,citizenship.stateless,18,persons,border_police,published,source.geostat_demography_migration_citizenship,1!D180 [2022],2026-10-01
demography.immigrants,country.georgia,2023,female,citizenship.stateless,58,persons,border_police,published,source.geostat_demography_migration_citizenship,1!D196 [2023],2026-10-01
demography.immigrants,country.georgia,2024,female,citizenship.stateless,17,persons,border_police,published,source.geostat_demography_migration_citizenship,1!D212 [2024],2026-10-01
demography.immigrants,country.georgia,2025,female,citizenship.stateless,13,persons,border_police,published,source.geostat_demography_migration_citizenship,1!D228 [2025],2026-10-01
demography.immigrants,country.georgia,2012,total,citizenship.not_stated,25,persons,border_police,published,source.geostat_demography_migration_citizenship,1!B21 [2012],2026-10-01
demography.immigrants,country.georgia,2013,total,citizenship.not_stated,0,persons,border_police,published,source.geostat_demography_migration_citizenship,1!B37 [2013],2026-10-01
demography.immigrants,country.georgia,2014,total,citizenship.not_stated,0,persons,border_police,published,source.geostat_demography_migration_citizenship,1!B53 [2014],2026-10-01
demography.immigrants,country.georgia,2015,total,citizenship.not_stated,0,persons,border_police,published,source.geostat_demography_migration_citizenship,1!B69 [2015],2026-10-01
demography.immigrants,country.georgia,2016,total,citizenship.not_stated,0,persons,border_police,published,source.geostat_demography_migration_citizenship,1!B85 [2016],2026-10-01
demography.immigrants,country.georgia,2017,total,citizenship.not_stated,0,persons,border_police,published,source.geostat_demography_migration_citizenship,1!B101 [2017],2026-10-01
demography.immigrants,country.georgia,2018,total,citizenship.not_stated,1,persons,border_police,published,source.geostat_demography_migration_citizenship,1!B117 [2018],2026-10-01
demography.immigrants,country.georgia,2019,total,citizenship.not_stated,0,persons,border_police,published,source.geostat_demography_migration_citizenship,1!B133 [2019],2026-10-01
demography.immigrants,country.georgia,2020,total,citizenship.not_stated,0,persons,border_police,published,source.geostat_demography_migration_citizenship,1!B149 [2020],2026-10-01
demography.immigrants,country.georgia,2021,total,citizenship.not_stated,0,persons,border_police,published,source.geostat_demography_migration_citizenship,1!B165 [2021],2026-10-01
demography.immigrants,country.georgia,2022,total,citizenship.not_stated,0,persons,border_police,published,source.geostat_demography_migration_citizenship,1!B181 [2022],2026-10-01
demography.immigrants,country.georgia,2023,total,citizenship.not_stated,2,persons,border_police,published,source.geostat_demography_migration_citizenship,1!B197 [2023],2026-10-01
demography.immigrants,country.georgia,2024,total,citizenship.not_stated,0,persons,border_police,published,source.geostat_demography_migration_citizenship,1!B213 [2024],2026-10-01
demography.immigrants,country.georgia,2025,total,citizenship.not_stated,0,persons,border_police,published,source.geostat_demography_migration_citizenship,1!B229 [2025],2026-10-01
demography.immigrants,country.georgia,2012,male,citizenship.not_stated,12,persons,border_police,published,source.geostat_demography_migration_citizenship,1!C21 [2012],2026-10-01
demography.immigrants,country.georgia,2013,male,citizenship.not_stated,0,persons,border_police,published,source.geostat_demography_migration_citizenship,1!C37 [2013],2026-10-01
demography.immigrants,country.georgia,2014,male,citizenship.not_stated,0,persons,border_police,published,source.geostat_demography_migration_citizenship,1!C53 [2014],2026-10-01
demography.immigrants,country.georgia,2015,male,citizenship.not_stated,0,persons,border_police,published,source.geostat_demography_migration_citizenship,1!C69 [2015],2026-10-01
demography.immigrants,country.georgia,2016,male,citizenship.not_stated,0,persons,border_police,published,source.geostat_demography_migration_citizenship,1!C85 [2016],2026-10-01
demography.immigrants,country.georgia,2017,male,citizenship.not_stated,0,persons,border_police,published,source.geostat_demography_migration_citizenship,1!C101 [2017],2026-10-01
demography.immigrants,country.georgia,2018,male,citizenship.not_stated,1,persons,border_police,published,source.geostat_demography_migration_citizenship,1!C117 [2018],2026-10-01
demography.immigrants,country.georgia,2019,male,citizenship.not_stated,0,persons,border_police,published,source.geostat_demography_migration_citizenship,1!C133 [2019],2026-10-01
demography.immigrants,country.georgia,2020,male,citizenship.not_stated,0,persons,border_police,published,source.geostat_demography_migration_citizenship,1!C149 [2020],2026-10-01
demography.immigrants,country.georgia,2021,male,citizenship.not_stated,0,persons,border_police,published,source.geostat_demography_migration_citizenship,1!C165 [2021],2026-10-01
demography.immigrants,country.georgia,2022,male,citizenship.not_stated,0,persons,border_police,published,source.geostat_demography_migration_citizenship,1!C181 [2022],2026-10-01
demography.immigrants,country.georgia,2023,male,citizenship.not_stated,1,persons,border_police,published,source.geostat_demography_migration_citizenship,1!C197 [2023],2026-10-01
demography.immigrants,country.georgia,2024,male,citizenship.not_stated,0,persons,border_police,published,source.geostat_demography_migration_citizenship,1!C213 [2024],2026-10-01
demography.immigrants,country.georgia,2025,male,citizenship.not_stated,0,persons,border_police,published,source.geostat_demography_migration_citizenship,1!C229 [2025],2026-10-01
demography.immigrants,country.georgia,2012,female,citizenship.not_stated,13,persons,border_police,published,source.geostat_demography_migration_citizenship,1!D21 [2012],2026-10-01
demography.immigrants,country.georgia,2013,female,citizenship.not_stated,0,persons,border_police,published,source.geostat_demography_migration_citizenship,1!D37 [2013],2026-10-01
demography.immigrants,country.georgia,2014,female,citizenship.not_stated,0,persons,border_police,published,source.geostat_demography_migration_citizenship,1!D53 [2014],2026-10-01
demography.immigrants,country.georgia,2015,female,citizenship.not_stated,0,persons,border_police,published,source.geostat_demography_migration_citizenship,1!D69 [2015],2026-10-01
demography.immigrants,country.georgia,2016,female,citizenship.not_stated,0,persons,border_police,published,source.geostat_demography_migration_citizenship,1!D85 [2016],2026-10-01
demography.immigrants,country.georgia,2017,female,citizenship.not_stated,0,persons,border_police,published,source.geostat_demography_migration_citizenship,1!D101 [2017],2026-10-01
demography.immigrants,country.georgia,2018,female,citizenship.not_stated,0,persons,border_police,published,source.geostat_demography_migration_citizenship,1!D117 [2018],2026-10-01
demography.immigrants,country.georgia,2019,female,citizenship.not_stated,0,persons,border_police,published,source.geostat_demography_migration_citizenship,1!D133 [2019],2026-10-01
demography.immigrants,country.georgia,2020,female,citizenship.not_stated,0,persons,border_police,published,source.geostat_demography_migration_citizenship,1!D149 [2020],2026-10-01
demography.immigrants,country.georgia,2021,female,citizenship.not_stated,0,persons,border_police,published,source.geostat_demography_migration_citizenship,1!D165 [2021],2026-10-01
demography.immigrants,country.georgia,2022,female,citizenship.not_stated,0,persons,border_police,published,source.geostat_demography_migration_citizenship,1!D181 [2022],2026-10-01
demography.immigrants,country.georgia,2023,female,citizenship.not_stated,1,persons,border_police,published,source.geostat_demography_migration_citizenship,1!D197 [2023],2026-10-01
demography.immigrants,country.georgia,2024,female,citizenship.not_stated,0,persons,border_police,published,source.geostat_demography_migration_citizenship,1!D213 [2024],2026-10-01
demography.immigrants,country.georgia,2025,female,citizenship.not_stated,0,persons,border_police,published,source.geostat_demography_migration_citizenship,1!D229 [2025],2026-10-01
demography.emigrants,country.georgia,2012,total,citizenship.total,90584,persons,border_police,published,source.geostat_demography_migration_citizenship,1!E7 [2012],2026-10-01
demography.emigrants,country.georgia,2013,total,citizenship.total,95064,persons,border_police,published,source.geostat_demography_migration_citizenship,1!E23 [2013],2026-10-01
demography.emigrants,country.georgia,2014,total,citizenship.total,88704,persons,border_police,published,source.geostat_demography_migration_citizenship,1!E39 [2014],2026-10-01
demography.emigrants,country.georgia,2015,total,citizenship.total,95965,persons,border_police,published,source.geostat_demography_migration_citizenship,1!E55 [2015],2026-10-01
demography.emigrants,country.georgia,2016,total,citizenship.total,98288,persons,border_police,published,source.geostat_demography_migration_citizenship,1!E71 [2016],2026-10-01
demography.emigrants,country.georgia,2017,total,citizenship.total,85451,persons,border_police,published,source.geostat_demography_migration_citizenship,1!E87 [2017],2026-10-01
demography.emigrants,country.georgia,2018,total,citizenship.total,98935,persons,border_police,published,source.geostat_demography_migration_citizenship,1!E103 [2018],2026-10-01
demography.emigrants,country.georgia,2019,total,citizenship.total,105107,persons,border_police,published,source.geostat_demography_migration_citizenship,1!E119 [2019],2026-10-01
demography.emigrants,country.georgia,2020,total,citizenship.total,74264,persons,border_police,published,source.geostat_demography_migration_citizenship,1!E135 [2020],2026-10-01
demography.emigrants,country.georgia,2021,total,citizenship.total,99974,persons,border_police,published,source.geostat_demography_migration_citizenship,1!E151 [2021],2026-10-01
demography.emigrants,country.georgia,2022,total,citizenship.total,125269,persons,border_police,published,source.geostat_demography_migration_citizenship,1!E167 [2022],2026-10-01
demography.emigrants,country.georgia,2023,total,citizenship.total,245064,persons,border_police,published,source.geostat_demography_migration_citizenship,1!E183 [2023],2026-10-01
demography.emigrants,country.georgia,2024,total,citizenship.total,121425,persons,border_police,published,source.geostat_demography_migration_citizenship,1!E199 [2024],2026-10-01
demography.emigrants,country.georgia,2025,total,citizenship.total,114374,persons,border_police,published,source.geostat_demography_migration_citizenship,1!E215 [2025],2026-10-01
demography.emigrants,country.georgia,2012,male,citizenship.total,52084,persons,border_police,published,source.geostat_demography_migration_citizenship,1!F7 [2012],2026-10-01
demography.emigrants,country.georgia,2013,male,citizenship.total,55582,persons,border_police,published,source.geostat_demography_migration_citizenship,1!F23 [2013],2026-10-01
demography.emigrants,country.georgia,2014,male,citizenship.total,51858,persons,border_police,published,source.geostat_demography_migration_citizenship,1!F39 [2014],2026-10-01
demography.emigrants,country.georgia,2015,male,citizenship.total,55817,persons,border_police,published,source.geostat_demography_migration_citizenship,1!F55 [2015],2026-10-01
demography.emigrants,country.georgia,2016,male,citizenship.total,55255,persons,border_police,published,source.geostat_demography_migration_citizenship,1!F71 [2016],2026-10-01
demography.emigrants,country.georgia,2017,male,citizenship.total,47770,persons,border_police,published,source.geostat_demography_migration_citizenship,1!F87 [2017],2026-10-01
demography.emigrants,country.georgia,2018,male,citizenship.total,56116,persons,border_police,published,source.geostat_demography_migration_citizenship,1!F103 [2018],2026-10-01
demography.emigrants,country.georgia,2019,male,citizenship.total,58846,persons,border_police,published,source.geostat_demography_migration_citizenship,1!F119 [2019],2026-10-01
demography.emigrants,country.georgia,2020,male,citizenship.total,44223,persons,border_police,published,source.geostat_demography_migration_citizenship,1!F135 [2020],2026-10-01
demography.emigrants,country.georgia,2021,male,citizenship.total,61740,persons,border_police,published,source.geostat_demography_migration_citizenship,1!F151 [2021],2026-10-01
demography.emigrants,country.georgia,2022,male,citizenship.total,77107,persons,border_police,published,source.geostat_demography_migration_citizenship,1!F167 [2022],2026-10-01
demography.emigrants,country.georgia,2023,male,citizenship.total,137311,persons,border_police,published,source.geostat_demography_migration_citizenship,1!F183 [2023],2026-10-01
demography.emigrants,country.georgia,2024,male,citizenship.total,72782,persons,border_police,published,source.geostat_demography_migration_citizenship,1!F199 [2024],2026-10-01
demography.emigrants,country.georgia,2025,male,citizenship.total,68152,persons,border_police,published,source.geostat_demography_migration_citizenship,1!F215 [2025],2026-10-01
demography.emigrants,country.georgia,2012,female,citizenship.total,38500,persons,border_police,published,source.geostat_demography_migration_citizenship,1!G7 [2012],2026-10-01
demography.emigrants,country.georgia,2013,female,citizenship.total,39482,persons,border_police,published,source.geostat_demography_migration_citizenship,1!G23 [2013],2026-10-01
demography.emigrants,country.georgia,2014,female,citizenship.total,36846,persons,border_police,published,source.geostat_demography_migration_citizenship,1!G39 [2014],2026-10-01
demography.emigrants,country.georgia,2015,female,citizenship.total,40148,persons,border_police,published,source.geostat_demography_migration_citizenship,1!G55 [2015],2026-10-01
demography.emigrants,country.georgia,2016,female,citizenship.total,43033,persons,border_police,published,source.geostat_demography_migration_citizenship,1!G71 [2016],2026-10-01
demography.emigrants,country.georgia,2017,female,citizenship.total,37681,persons,border_police,published,source.geostat_demography_migration_citizenship,1!G87 [2017],2026-10-01
demography.emigrants,country.georgia,2018,female,citizenship.total,42819,persons,border_police,published,source.geostat_demography_migration_citizenship,1!G103 [2018],2026-10-01
demography.emigrants,country.georgia,2019,female,citizenship.total,46261,persons,border_police,published,source.geostat_demography_migration_citizenship,1!G119 [2019],2026-10-01
demography.emigrants,country.georgia,2020,female,citizenship.total,30041,persons,border_police,published,source.geostat_demography_migration_citizenship,1!G135 [2020],2026-10-01
demography.emigrants,country.georgia,2021,female,citizenship.total,38234,persons,border_police,published,source.geostat_demography_migration_citizenship,1!G151 [2021],2026-10-01
demography.emigrants,country.georgia,2022,female,citizenship.total,48162,persons,border_police,published,source.geostat_demography_migration_citizenship,1!G167 [2022],2026-10-01
demography.emigrants,country.georgia,2023,female,citizenship.total,107753,persons,border_police,published,source.geostat_demography_migration_citizenship,1!G183 [2023],2026-10-01
demography.emigrants,country.georgia,2024,female,citizenship.total,48643,persons,border_police,published,source.geostat_demography_migration_citizenship,1!G199 [2024],2026-10-01
demography.emigrants,country.georgia,2025,female,citizenship.total,46222,persons,border_police,published,source.geostat_demography_migration_citizenship,1!G215 [2025],2026-10-01
demography.emigrants,country.georgia,2012,total,citizenship.georgia,60307,persons,border_police,published,source.geostat_demography_migration_citizenship,1!E8 [2012],2026-10-01
demography.emigrants,country.georgia,2013,total,citizenship.georgia,66802,persons,border_police,published,source.geostat_demography_migration_citizenship,1!E24 [2013],2026-10-01
demography.emigrants,country.georgia,2014,total,citizenship.georgia,69855,persons,border_police,published,source.geostat_demography_migration_citizenship,1!E40 [2014],2026-10-01
demography.emigrants,country.georgia,2015,total,citizenship.georgia,67452,persons,border_police,published,source.geostat_demography_migration_citizenship,1!E56 [2015],2026-10-01
demography.emigrants,country.georgia,2016,total,citizenship.georgia,64705,persons,border_police,published,source.geostat_demography_migration_citizenship,1!E72 [2016],2026-10-01
demography.emigrants,country.georgia,2017,total,citizenship.georgia,67269,persons,border_police,published,source.geostat_demography_migration_citizenship,1!E88 [2017],2026-10-01
demography.emigrants,country.georgia,2018,total,citizenship.georgia,76367,persons,border_police,published,source.geostat_demography_migration_citizenship,1!E104 [2018],2026-10-01
demography.emigrants,country.georgia,2019,total,citizenship.georgia,81978,persons,border_police,published,source.geostat_demography_migration_citizenship,1!E120 [2019],2026-10-01
demography.emigrants,country.georgia,2020,total,citizenship.georgia,43349,persons,border_police,published,source.geostat_demography_migration_citizenship,1!E136 [2020],2026-10-01
demography.emigrants,country.georgia,2021,total,citizenship.georgia,80351,persons,border_police,published,source.geostat_demography_migration_citizenship,1!E152 [2021],2026-10-01
demography.emigrants,country.georgia,2022,total,citizenship.georgia,100802,persons,border_police,published,source.geostat_demography_migration_citizenship,1!E168 [2022],2026-10-01
demography.emigrants,country.georgia,2023,total,citizenship.georgia,163480,persons,border_police,published,source.geostat_demography_migration_citizenship,1!E184 [2023],2026-10-01
demography.emigrants,country.georgia,2024,total,citizenship.georgia,64594,persons,border_police,published,source.geostat_demography_migration_citizenship,1!E200 [2024],2026-10-01
demography.emigrants,country.georgia,2025,total,citizenship.georgia,58799,persons,border_police,published,source.geostat_demography_migration_citizenship,1!E216 [2025],2026-10-01
demography.emigrants,country.georgia,2012,male,citizenship.georgia,31937,persons,border_police,published,source.geostat_demography_migration_citizenship,1!F8 [2012],2026-10-01
demography.emigrants,country.georgia,2013,male,citizenship.georgia,37338,persons,border_police,published,source.geostat_demography_migration_citizenship,1!F24 [2013],2026-10-01
demography.emigrants,country.georgia,2014,male,citizenship.georgia,40221,persons,border_police,published,source.geostat_demography_migration_citizenship,1!F40 [2014],2026-10-01
demography.emigrants,country.georgia,2015,male,citizenship.georgia,37711,persons,border_police,published,source.geostat_demography_migration_citizenship,1!F56 [2015],2026-10-01
demography.emigrants,country.georgia,2016,male,citizenship.georgia,34869,persons,border_police,published,source.geostat_demography_migration_citizenship,1!F72 [2016],2026-10-01
demography.emigrants,country.georgia,2017,male,citizenship.georgia,36713,persons,border_police,published,source.geostat_demography_migration_citizenship,1!F88 [2017],2026-10-01
demography.emigrants,country.georgia,2018,male,citizenship.georgia,41960,persons,border_police,published,source.geostat_demography_migration_citizenship,1!F104 [2018],2026-10-01
demography.emigrants,country.georgia,2019,male,citizenship.georgia,44650,persons,border_police,published,source.geostat_demography_migration_citizenship,1!F120 [2019],2026-10-01
demography.emigrants,country.georgia,2020,male,citizenship.georgia,26137,persons,border_police,published,source.geostat_demography_migration_citizenship,1!F136 [2020],2026-10-01
demography.emigrants,country.georgia,2021,male,citizenship.georgia,49846,persons,border_police,published,source.geostat_demography_migration_citizenship,1!F152 [2021],2026-10-01
demography.emigrants,country.georgia,2022,male,citizenship.georgia,62687,persons,border_police,published,source.geostat_demography_migration_citizenship,1!F168 [2022],2026-10-01
demography.emigrants,country.georgia,2023,male,citizenship.georgia,90759,persons,border_police,published,source.geostat_demography_migration_citizenship,1!F184 [2023],2026-10-01
demography.emigrants,country.georgia,2024,male,citizenship.georgia,39424,persons,border_police,published,source.geostat_demography_migration_citizenship,1!F200 [2024],2026-10-01
demography.emigrants,country.georgia,2025,male,citizenship.georgia,35407,persons,border_police,published,source.geostat_demography_migration_citizenship,1!F216 [2025],2026-10-01
demography.emigrants,country.georgia,2012,female,citizenship.georgia,28370,persons,border_police,published,source.geostat_demography_migration_citizenship,1!G8 [2012],2026-10-01
demography.emigrants,country.georgia,2013,female,citizenship.georgia,29464,persons,border_police,published,source.geostat_demography_migration_citizenship,1!G24 [2013],2026-10-01
demography.emigrants,country.georgia,2014,female,citizenship.georgia,29634,persons,border_police,published,source.geostat_demography_migration_citizenship,1!G40 [2014],2026-10-01
demography.emigrants,country.georgia,2015,female,citizenship.georgia,29741,persons,border_police,published,source.geostat_demography_migration_citizenship,1!G56 [2015],2026-10-01
demography.emigrants,country.georgia,2016,female,citizenship.georgia,29836,persons,border_police,published,source.geostat_demography_migration_citizenship,1!G72 [2016],2026-10-01
demography.emigrants,country.georgia,2017,female,citizenship.georgia,30556,persons,border_police,published,source.geostat_demography_migration_citizenship,1!G88 [2017],2026-10-01
demography.emigrants,country.georgia,2018,female,citizenship.georgia,34407,persons,border_police,published,source.geostat_demography_migration_citizenship,1!G104 [2018],2026-10-01
demography.emigrants,country.georgia,2019,female,citizenship.georgia,37328,persons,border_police,published,source.geostat_demography_migration_citizenship,1!G120 [2019],2026-10-01
demography.emigrants,country.georgia,2020,female,citizenship.georgia,17212,persons,border_police,published,source.geostat_demography_migration_citizenship,1!G136 [2020],2026-10-01
demography.emigrants,country.georgia,2021,female,citizenship.georgia,30505,persons,border_police,published,source.geostat_demography_migration_citizenship,1!G152 [2021],2026-10-01
demography.emigrants,country.georgia,2022,female,citizenship.georgia,38115,persons,border_police,published,source.geostat_demography_migration_citizenship,1!G168 [2022],2026-10-01
demography.emigrants,country.georgia,2023,female,citizenship.georgia,72721,persons,border_police,published,source.geostat_demography_migration_citizenship,1!G184 [2023],2026-10-01
demography.emigrants,country.georgia,2024,female,citizenship.georgia,25170,persons,border_police,published,source.geostat_demography_migration_citizenship,1!G200 [2024],2026-10-01
demography.emigrants,country.georgia,2025,female,citizenship.georgia,23392,persons,border_police,published,source.geostat_demography_migration_citizenship,1!G216 [2025],2026-10-01
demography.emigrants,country.georgia,2012,total,citizenship.armenia,11131,persons,border_police,published,source.geostat_demography_migration_citizenship,1!E9 [2012],2026-10-01
demography.emigrants,country.georgia,2013,total,citizenship.armenia,5449,persons,border_police,published,source.geostat_demography_migration_citizenship,1!E27 [2013],2026-10-01
demography.emigrants,country.georgia,2014,total,citizenship.armenia,2821,persons,border_police,published,source.geostat_demography_migration_citizenship,1!E43 [2014],2026-10-01
demography.emigrants,country.georgia,2015,total,citizenship.armenia,3331,persons,border_police,published,source.geostat_demography_migration_citizenship,1!E59 [2015],2026-10-01
demography.emigrants,country.georgia,2016,total,citizenship.armenia,7887,persons,border_police,published,source.geostat_demography_migration_citizenship,1!E75 [2016],2026-10-01
demography.emigrants,country.georgia,2017,total,citizenship.armenia,1523,persons,border_police,published,source.geostat_demography_migration_citizenship,1!E94 [2017],2026-10-01
demography.emigrants,country.georgia,2018,total,citizenship.armenia,1766,persons,border_police,published,source.geostat_demography_migration_citizenship,1!E111 [2018],2026-10-01
demography.emigrants,country.georgia,2019,total,citizenship.armenia,1992,persons,border_police,published,source.geostat_demography_migration_citizenship,1!E127 [2019],2026-10-01
demography.emigrants,country.georgia,2020,total,citizenship.armenia,1394,persons,border_police,published,source.geostat_demography_migration_citizenship,1!E140 [2020],2026-10-01
demography.emigrants,country.georgia,2021,total,citizenship.armenia,1943,persons,border_police,published,source.geostat_demography_migration_citizenship,1!E161 [2021],2026-10-01
demography.emigrants,country.georgia,2022,total,citizenship.armenia,1033,persons,border_police,published,source.geostat_demography_migration_citizenship,1!E175 [2022],2026-10-01
demography.emigrants,country.georgia,2023,total,citizenship.armenia,2577,persons,border_police,published,source.geostat_demography_migration_citizenship,1!E192 [2023],2026-10-01
demography.emigrants,country.georgia,2024,total,citizenship.armenia,1300,persons,border_police,published,source.geostat_demography_migration_citizenship,1!E210 [2024],2026-10-01
demography.emigrants,country.georgia,2012,male,citizenship.armenia,6538,persons,border_police,published,source.geostat_demography_migration_citizenship,1!F9 [2012],2026-10-01
demography.emigrants,country.georgia,2013,male,citizenship.armenia,3172,persons,border_police,published,source.geostat_demography_migration_citizenship,1!F27 [2013],2026-10-01
demography.emigrants,country.georgia,2014,male,citizenship.armenia,1684,persons,border_police,published,source.geostat_demography_migration_citizenship,1!F43 [2014],2026-10-01
demography.emigrants,country.georgia,2015,male,citizenship.armenia,2006,persons,border_police,published,source.geostat_demography_migration_citizenship,1!F59 [2015],2026-10-01
demography.emigrants,country.georgia,2016,male,citizenship.armenia,4767,persons,border_police,published,source.geostat_demography_migration_citizenship,1!F75 [2016],2026-10-01
demography.emigrants,country.georgia,2017,male,citizenship.armenia,858,persons,border_police,published,source.geostat_demography_migration_citizenship,1!F94 [2017],2026-10-01
demography.emigrants,country.georgia,2018,male,citizenship.armenia,1095,persons,border_police,published,source.geostat_demography_migration_citizenship,1!F111 [2018],2026-10-01
demography.emigrants,country.georgia,2019,male,citizenship.armenia,1275,persons,border_police,published,source.geostat_demography_migration_citizenship,1!F127 [2019],2026-10-01
demography.emigrants,country.georgia,2020,male,citizenship.armenia,815,persons,border_police,published,source.geostat_demography_migration_citizenship,1!F140 [2020],2026-10-01
demography.emigrants,country.georgia,2021,male,citizenship.armenia,1489,persons,border_police,published,source.geostat_demography_migration_citizenship,1!F161 [2021],2026-10-01
demography.emigrants,country.georgia,2022,male,citizenship.armenia,677,persons,border_police,published,source.geostat_demography_migration_citizenship,1!F175 [2022],2026-10-01
demography.emigrants,country.georgia,2023,male,citizenship.armenia,1715,persons,border_police,published,source.geostat_demography_migration_citizenship,1!F192 [2023],2026-10-01
demography.emigrants,country.georgia,2024,male,citizenship.armenia,751,persons,border_police,published,source.geostat_demography_migration_citizenship,1!F210 [2024],2026-10-01
demography.emigrants,country.georgia,2012,female,citizenship.armenia,4593,persons,border_police,published,source.geostat_demography_migration_citizenship,1!G9 [2012],2026-10-01
demography.emigrants,country.georgia,2013,female,citizenship.armenia,2277,persons,border_police,published,source.geostat_demography_migration_citizenship,1!G27 [2013],2026-10-01
demography.emigrants,country.georgia,2014,female,citizenship.armenia,1137,persons,border_police,published,source.geostat_demography_migration_citizenship,1!G43 [2014],2026-10-01
demography.emigrants,country.georgia,2015,female,citizenship.armenia,1325,persons,border_police,published,source.geostat_demography_migration_citizenship,1!G59 [2015],2026-10-01
demography.emigrants,country.georgia,2016,female,citizenship.armenia,3120,persons,border_police,published,source.geostat_demography_migration_citizenship,1!G75 [2016],2026-10-01
demography.emigrants,country.georgia,2017,female,citizenship.armenia,665,persons,border_police,published,source.geostat_demography_migration_citizenship,1!G94 [2017],2026-10-01
demography.emigrants,country.georgia,2018,female,citizenship.armenia,671,persons,border_police,published,source.geostat_demography_migration_citizenship,1!G111 [2018],2026-10-01
demography.emigrants,country.georgia,2019,female,citizenship.armenia,717,persons,border_police,published,source.geostat_demography_migration_citizenship,1!G127 [2019],2026-10-01
demography.emigrants,country.georgia,2020,female,citizenship.armenia,579,persons,border_police,published,source.geostat_demography_migration_citizenship,1!G140 [2020],2026-10-01
demography.emigrants,country.georgia,2021,female,citizenship.armenia,454,persons,border_police,published,source.geostat_demography_migration_citizenship,1!G161 [2021],2026-10-01
demography.emigrants,country.georgia,2022,female,citizenship.armenia,356,persons,border_police,published,source.geostat_demography_migration_citizenship,1!G175 [2022],2026-10-01
demography.emigrants,country.georgia,2023,female,citizenship.armenia,862,persons,border_police,published,source.geostat_demography_migration_citizenship,1!G192 [2023],2026-10-01
demography.emigrants,country.georgia,2024,female,citizenship.armenia,549,persons,border_police,published,source.geostat_demography_migration_citizenship,1!G210 [2024],2026-10-01
demography.emigrants,country.georgia,2012,total,citizenship.russian_federation,4008,persons,border_police,published,source.geostat_demography_migration_citizenship,1!E10 [2012],2026-10-01
demography.emigrants,country.georgia,2013,total,citizenship.russian_federation,6135,persons,border_police,published,source.geostat_demography_migration_citizenship,1!E25 [2013],2026-10-01
demography.emigrants,country.georgia,2014,total,citizenship.russian_federation,5424,persons,border_police,published,source.geostat_demography_migration_citizenship,1!E41 [2014],2026-10-01
demography.emigrants,country.georgia,2015,total,citizenship.russian_federation,6160,persons,border_police,published,source.geostat_demography_migration_citizenship,1!E57 [2015],2026-10-01
demography.emigrants,country.georgia,2016,total,citizenship.russian_federation,8379,persons,border_police,published,source.geostat_demography_migration_citizenship,1!E73 [2016],2026-10-01
demography.emigrants,country.georgia,2017,total,citizenship.russian_federation,5105,persons,border_police,published,source.geostat_demography_migration_citizenship,1!E89 [2017],2026-10-01
demography.emigrants,country.georgia,2018,total,citizenship.russian_federation,6350,persons,border_police,published,source.geostat_demography_migration_citizenship,1!E105 [2018],2026-10-01
demography.emigrants,country.georgia,2019,total,citizenship.russian_federation,5984,persons,border_police,published,source.geostat_demography_migration_citizenship,1!E121 [2019],2026-10-01
demography.emigrants,country.georgia,2020,total,citizenship.russian_federation,7934,persons,border_police,published,source.geostat_demography_migration_citizenship,1!E137 [2020],2026-10-01
demography.emigrants,country.georgia,2021,total,citizenship.russian_federation,5337,persons,border_police,published,source.geostat_demography_migration_citizenship,1!E153 [2021],2026-10-01
demography.emigrants,country.georgia,2022,total,citizenship.russian_federation,5935,persons,border_police,published,source.geostat_demography_migration_citizenship,1!E169 [2022],2026-10-01
demography.emigrants,country.georgia,2023,total,citizenship.russian_federation,35344,persons,border_police,published,source.geostat_demography_migration_citizenship,1!E185 [2023],2026-10-01
demography.emigrants,country.georgia,2024,total,citizenship.russian_federation,25612,persons,border_police,published,source.geostat_demography_migration_citizenship,1!E201 [2024],2026-10-01
demography.emigrants,country.georgia,2025,total,citizenship.russian_federation,19226,persons,border_police,published,source.geostat_demography_migration_citizenship,1!E217 [2025],2026-10-01
demography.emigrants,country.georgia,2012,male,citizenship.russian_federation,2335,persons,border_police,published,source.geostat_demography_migration_citizenship,1!F10 [2012],2026-10-01
demography.emigrants,country.georgia,2013,male,citizenship.russian_federation,3405,persons,border_police,published,source.geostat_demography_migration_citizenship,1!F25 [2013],2026-10-01
demography.emigrants,country.georgia,2014,male,citizenship.russian_federation,3065,persons,border_police,published,source.geostat_demography_migration_citizenship,1!F41 [2014],2026-10-01
demography.emigrants,country.georgia,2015,male,citizenship.russian_federation,3485,persons,border_police,published,source.geostat_demography_migration_citizenship,1!F57 [2015],2026-10-01
demography.emigrants,country.georgia,2016,male,citizenship.russian_federation,4721,persons,border_police,published,source.geostat_demography_migration_citizenship,1!F73 [2016],2026-10-01
demography.emigrants,country.georgia,2017,male,citizenship.russian_federation,2763,persons,border_police,published,source.geostat_demography_migration_citizenship,1!F89 [2017],2026-10-01
demography.emigrants,country.georgia,2018,male,citizenship.russian_federation,3606,persons,border_police,published,source.geostat_demography_migration_citizenship,1!F105 [2018],2026-10-01
demography.emigrants,country.georgia,2019,male,citizenship.russian_federation,3338,persons,border_police,published,source.geostat_demography_migration_citizenship,1!F121 [2019],2026-10-01
demography.emigrants,country.georgia,2020,male,citizenship.russian_federation,4095,persons,border_police,published,source.geostat_demography_migration_citizenship,1!F137 [2020],2026-10-01
demography.emigrants,country.georgia,2021,male,citizenship.russian_federation,3088,persons,border_police,published,source.geostat_demography_migration_citizenship,1!F153 [2021],2026-10-01
demography.emigrants,country.georgia,2022,male,citizenship.russian_federation,2963,persons,border_police,published,source.geostat_demography_migration_citizenship,1!F169 [2022],2026-10-01
demography.emigrants,country.georgia,2023,male,citizenship.russian_federation,20258,persons,border_police,published,source.geostat_demography_migration_citizenship,1!F185 [2023],2026-10-01
demography.emigrants,country.georgia,2024,male,citizenship.russian_federation,14331,persons,border_police,published,source.geostat_demography_migration_citizenship,1!F201 [2024],2026-10-01
demography.emigrants,country.georgia,2025,male,citizenship.russian_federation,10399,persons,border_police,published,source.geostat_demography_migration_citizenship,1!F217 [2025],2026-10-01
demography.emigrants,country.georgia,2012,female,citizenship.russian_federation,1673,persons,border_police,published,source.geostat_demography_migration_citizenship,1!G10 [2012],2026-10-01
demography.emigrants,country.georgia,2013,female,citizenship.russian_federation,2730,persons,border_police,published,source.geostat_demography_migration_citizenship,1!G25 [2013],2026-10-01
demography.emigrants,country.georgia,2014,female,citizenship.russian_federation,2359,persons,border_police,published,source.geostat_demography_migration_citizenship,1!G41 [2014],2026-10-01
demography.emigrants,country.georgia,2015,female,citizenship.russian_federation,2675,persons,border_police,published,source.geostat_demography_migration_citizenship,1!G57 [2015],2026-10-01
demography.emigrants,country.georgia,2016,female,citizenship.russian_federation,3658,persons,border_police,published,source.geostat_demography_migration_citizenship,1!G73 [2016],2026-10-01
demography.emigrants,country.georgia,2017,female,citizenship.russian_federation,2342,persons,border_police,published,source.geostat_demography_migration_citizenship,1!G89 [2017],2026-10-01
demography.emigrants,country.georgia,2018,female,citizenship.russian_federation,2744,persons,border_police,published,source.geostat_demography_migration_citizenship,1!G105 [2018],2026-10-01
demography.emigrants,country.georgia,2019,female,citizenship.russian_federation,2646,persons,border_police,published,source.geostat_demography_migration_citizenship,1!G121 [2019],2026-10-01
demography.emigrants,country.georgia,2020,female,citizenship.russian_federation,3839,persons,border_police,published,source.geostat_demography_migration_citizenship,1!G137 [2020],2026-10-01
demography.emigrants,country.georgia,2021,female,citizenship.russian_federation,2249,persons,border_police,published,source.geostat_demography_migration_citizenship,1!G153 [2021],2026-10-01
demography.emigrants,country.georgia,2022,female,citizenship.russian_federation,2972,persons,border_police,published,source.geostat_demography_migration_citizenship,1!G169 [2022],2026-10-01
demography.emigrants,country.georgia,2023,female,citizenship.russian_federation,15086,persons,border_police,published,source.geostat_demography_migration_citizenship,1!G185 [2023],2026-10-01
demography.emigrants,country.georgia,2024,female,citizenship.russian_federation,11281,persons,border_police,published,source.geostat_demography_migration_citizenship,1!G201 [2024],2026-10-01
demography.emigrants,country.georgia,2025,female,citizenship.russian_federation,8827,persons,border_police,published,source.geostat_demography_migration_citizenship,1!G217 [2025],2026-10-01
demography.emigrants,country.georgia,2012,total,citizenship.turkey,5797,persons,border_police,published,source.geostat_demography_migration_citizenship,1!E11 [2012],2026-10-01
demography.emigrants,country.georgia,2013,total,citizenship.turkey,6742,persons,border_police,published,source.geostat_demography_migration_citizenship,1!E26 [2013],2026-10-01
demography.emigrants,country.georgia,2014,total,citizenship.turkey,2395,persons,border_police,published,source.geostat_demography_migration_citizenship,1!E42 [2014],2026-10-01
demography.emigrants,country.georgia,2015,total,citizenship.turkey,3631,persons,border_police,published,source.geostat_demography_migration_citizenship,1!E58 [2015],2026-10-01
demography.emigrants,country.georgia,2016,total,citizenship.turkey,4200,persons,border_police,published,source.geostat_demography_migration_citizenship,1!E74 [2016],2026-10-01
demography.emigrants,country.georgia,2017,total,citizenship.turkey,2136,persons,border_police,published,source.geostat_demography_migration_citizenship,1!E90 [2017],2026-10-01
demography.emigrants,country.georgia,2018,total,citizenship.turkey,2768,persons,border_police,published,source.geostat_demography_migration_citizenship,1!E106 [2018],2026-10-01
demography.emigrants,country.georgia,2019,total,citizenship.turkey,2499,persons,border_police,published,source.geostat_demography_migration_citizenship,1!E124 [2019],2026-10-01
demography.emigrants,country.georgia,2020,total,citizenship.turkey,3309,persons,border_police,published,source.geostat_demography_migration_citizenship,1!E139 [2020],2026-10-01
demography.emigrants,country.georgia,2021,total,citizenship.turkey,1673,persons,border_police,published,source.geostat_demography_migration_citizenship,1!E154 [2021],2026-10-01
demography.emigrants,country.georgia,2022,total,citizenship.turkey,2064,persons,border_police,published,source.geostat_demography_migration_citizenship,1!E173 [2022],2026-10-01
demography.emigrants,country.georgia,2023,total,citizenship.turkey,7049,persons,border_police,published,source.geostat_demography_migration_citizenship,1!E186 [2023],2026-10-01
demography.emigrants,country.georgia,2024,total,citizenship.turkey,2631,persons,border_police,published,source.geostat_demography_migration_citizenship,1!E203 [2024],2026-10-01
demography.emigrants,country.georgia,2025,total,citizenship.turkey,3328,persons,border_police,published,source.geostat_demography_migration_citizenship,1!E220 [2025],2026-10-01
demography.emigrants,country.georgia,2012,male,citizenship.turkey,5127,persons,border_police,published,source.geostat_demography_migration_citizenship,1!F11 [2012],2026-10-01
demography.emigrants,country.georgia,2013,male,citizenship.turkey,5211,persons,border_police,published,source.geostat_demography_migration_citizenship,1!F26 [2013],2026-10-01
demography.emigrants,country.georgia,2014,male,citizenship.turkey,1785,persons,border_police,published,source.geostat_demography_migration_citizenship,1!F42 [2014],2026-10-01
demography.emigrants,country.georgia,2015,male,citizenship.turkey,2796,persons,border_police,published,source.geostat_demography_migration_citizenship,1!F58 [2015],2026-10-01
demography.emigrants,country.georgia,2016,male,citizenship.turkey,3093,persons,border_police,published,source.geostat_demography_migration_citizenship,1!F74 [2016],2026-10-01
demography.emigrants,country.georgia,2017,male,citizenship.turkey,1646,persons,border_police,published,source.geostat_demography_migration_citizenship,1!F90 [2017],2026-10-01
demography.emigrants,country.georgia,2018,male,citizenship.turkey,2275,persons,border_police,published,source.geostat_demography_migration_citizenship,1!F106 [2018],2026-10-01
demography.emigrants,country.georgia,2019,male,citizenship.turkey,1875,persons,border_police,published,source.geostat_demography_migration_citizenship,1!F124 [2019],2026-10-01
demography.emigrants,country.georgia,2020,male,citizenship.turkey,2644,persons,border_police,published,source.geostat_demography_migration_citizenship,1!F139 [2020],2026-10-01
demography.emigrants,country.georgia,2021,male,citizenship.turkey,1201,persons,border_police,published,source.geostat_demography_migration_citizenship,1!F154 [2021],2026-10-01
demography.emigrants,country.georgia,2022,male,citizenship.turkey,1589,persons,border_police,published,source.geostat_demography_migration_citizenship,1!F173 [2022],2026-10-01
demography.emigrants,country.georgia,2023,male,citizenship.turkey,4651,persons,border_police,published,source.geostat_demography_migration_citizenship,1!F186 [2023],2026-10-01
demography.emigrants,country.georgia,2024,male,citizenship.turkey,2132,persons,border_police,published,source.geostat_demography_migration_citizenship,1!F203 [2024],2026-10-01
demography.emigrants,country.georgia,2025,male,citizenship.turkey,2720,persons,border_police,published,source.geostat_demography_migration_citizenship,1!F220 [2025],2026-10-01
demography.emigrants,country.georgia,2012,female,citizenship.turkey,670,persons,border_police,published,source.geostat_demography_migration_citizenship,1!G11 [2012],2026-10-01
demography.emigrants,country.georgia,2013,female,citizenship.turkey,1531,persons,border_police,published,source.geostat_demography_migration_citizenship,1!G26 [2013],2026-10-01
demography.emigrants,country.georgia,2014,female,citizenship.turkey,610,persons,border_police,published,source.geostat_demography_migration_citizenship,1!G42 [2014],2026-10-01
demography.emigrants,country.georgia,2015,female,citizenship.turkey,835,persons,border_police,published,source.geostat_demography_migration_citizenship,1!G58 [2015],2026-10-01
demography.emigrants,country.georgia,2016,female,citizenship.turkey,1107,persons,border_police,published,source.geostat_demography_migration_citizenship,1!G74 [2016],2026-10-01
demography.emigrants,country.georgia,2017,female,citizenship.turkey,490,persons,border_police,published,source.geostat_demography_migration_citizenship,1!G90 [2017],2026-10-01
demography.emigrants,country.georgia,2018,female,citizenship.turkey,493,persons,border_police,published,source.geostat_demography_migration_citizenship,1!G106 [2018],2026-10-01
demography.emigrants,country.georgia,2019,female,citizenship.turkey,624,persons,border_police,published,source.geostat_demography_migration_citizenship,1!G124 [2019],2026-10-01
demography.emigrants,country.georgia,2020,female,citizenship.turkey,665,persons,border_police,published,source.geostat_demography_migration_citizenship,1!G139 [2020],2026-10-01
demography.emigrants,country.georgia,2021,female,citizenship.turkey,472,persons,border_police,published,source.geostat_demography_migration_citizenship,1!G154 [2021],2026-10-01
demography.emigrants,country.georgia,2022,female,citizenship.turkey,475,persons,border_police,published,source.geostat_demography_migration_citizenship,1!G173 [2022],2026-10-01
demography.emigrants,country.georgia,2023,female,citizenship.turkey,2398,persons,border_police,published,source.geostat_demography_migration_citizenship,1!G186 [2023],2026-10-01
demography.emigrants,country.georgia,2024,female,citizenship.turkey,499,persons,border_police,published,source.geostat_demography_migration_citizenship,1!G203 [2024],2026-10-01
demography.emigrants,country.georgia,2025,female,citizenship.turkey,608,persons,border_police,published,source.geostat_demography_migration_citizenship,1!G220 [2025],2026-10-01
demography.emigrants,country.georgia,2012,total,citizenship.azerbaijan,1210,persons,border_police,published,source.geostat_demography_migration_citizenship,1!E12 [2012],2026-10-01
demography.emigrants,country.georgia,2013,total,citizenship.azerbaijan,1631,persons,border_police,published,source.geostat_demography_migration_citizenship,1!E28 [2013],2026-10-01
demography.emigrants,country.georgia,2014,total,citizenship.azerbaijan,1254,persons,border_police,published,source.geostat_demography_migration_citizenship,1!E44 [2014],2026-10-01
demography.emigrants,country.georgia,2015,total,citizenship.azerbaijan,1574,persons,border_police,published,source.geostat_demography_migration_citizenship,1!E61 [2015],2026-10-01
demography.emigrants,country.georgia,2016,total,citizenship.azerbaijan,1772,persons,border_police,published,source.geostat_demography_migration_citizenship,1!E76 [2016],2026-10-01
demography.emigrants,country.georgia,2017,total,citizenship.azerbaijan,1487,persons,border_police,published,source.geostat_demography_migration_citizenship,1!E91 [2017],2026-10-01
demography.emigrants,country.georgia,2018,total,citizenship.azerbaijan,1948,persons,border_police,published,source.geostat_demography_migration_citizenship,1!E108 [2018],2026-10-01
demography.emigrants,country.georgia,2019,total,citizenship.azerbaijan,2082,persons,border_police,published,source.geostat_demography_migration_citizenship,1!E123 [2019],2026-10-01
demography.emigrants,country.georgia,2020,total,citizenship.azerbaijan,2947,persons,border_police,published,source.geostat_demography_migration_citizenship,1!E138 [2020],2026-10-01
demography.emigrants,country.georgia,2021,total,citizenship.azerbaijan,1429,persons,border_police,published,source.geostat_demography_migration_citizenship,1!E155 [2021],2026-10-01
demography.emigrants,country.georgia,2022,total,citizenship.azerbaijan,1442,persons,border_police,published,source.geostat_demography_migration_citizenship,1!E174 [2022],2026-10-01
demography.emigrants,country.georgia,2023,total,citizenship.azerbaijan,1946,persons,border_police,published,source.geostat_demography_migration_citizenship,1!E189 [2023],2026-10-01
demography.emigrants,country.georgia,2024,total,citizenship.azerbaijan,2209,persons,border_police,published,source.geostat_demography_migration_citizenship,1!E205 [2024],2026-10-01
demography.emigrants,country.georgia,2025,total,citizenship.azerbaijan,2547,persons,border_police,published,source.geostat_demography_migration_citizenship,1!E221 [2025],2026-10-01
demography.emigrants,country.georgia,2012,male,citizenship.azerbaijan,656,persons,border_police,published,source.geostat_demography_migration_citizenship,1!F12 [2012],2026-10-01
demography.emigrants,country.georgia,2013,male,citizenship.azerbaijan,855,persons,border_police,published,source.geostat_demography_migration_citizenship,1!F28 [2013],2026-10-01
demography.emigrants,country.georgia,2014,male,citizenship.azerbaijan,697,persons,border_police,published,source.geostat_demography_migration_citizenship,1!F44 [2014],2026-10-01
demography.emigrants,country.georgia,2015,male,citizenship.azerbaijan,817,persons,border_police,published,source.geostat_demography_migration_citizenship,1!F61 [2015],2026-10-01
demography.emigrants,country.georgia,2016,male,citizenship.azerbaijan,968,persons,border_police,published,source.geostat_demography_migration_citizenship,1!F76 [2016],2026-10-01
demography.emigrants,country.georgia,2017,male,citizenship.azerbaijan,798,persons,border_police,published,source.geostat_demography_migration_citizenship,1!F91 [2017],2026-10-01
demography.emigrants,country.georgia,2018,male,citizenship.azerbaijan,1105,persons,border_police,published,source.geostat_demography_migration_citizenship,1!F108 [2018],2026-10-01
demography.emigrants,country.georgia,2019,male,citizenship.azerbaijan,1150,persons,border_police,published,source.geostat_demography_migration_citizenship,1!F123 [2019],2026-10-01
demography.emigrants,country.georgia,2020,male,citizenship.azerbaijan,1755,persons,border_police,published,source.geostat_demography_migration_citizenship,1!F138 [2020],2026-10-01
demography.emigrants,country.georgia,2021,male,citizenship.azerbaijan,759,persons,border_police,published,source.geostat_demography_migration_citizenship,1!F155 [2021],2026-10-01
demography.emigrants,country.georgia,2022,male,citizenship.azerbaijan,835,persons,border_police,published,source.geostat_demography_migration_citizenship,1!F174 [2022],2026-10-01
demography.emigrants,country.georgia,2023,male,citizenship.azerbaijan,1140,persons,border_police,published,source.geostat_demography_migration_citizenship,1!F189 [2023],2026-10-01
demography.emigrants,country.georgia,2024,male,citizenship.azerbaijan,1552,persons,border_police,published,source.geostat_demography_migration_citizenship,1!F205 [2024],2026-10-01
demography.emigrants,country.georgia,2025,male,citizenship.azerbaijan,1890,persons,border_police,published,source.geostat_demography_migration_citizenship,1!F221 [2025],2026-10-01
demography.emigrants,country.georgia,2012,female,citizenship.azerbaijan,554,persons,border_police,published,source.geostat_demography_migration_citizenship,1!G12 [2012],2026-10-01
demography.emigrants,country.georgia,2013,female,citizenship.azerbaijan,776,persons,border_police,published,source.geostat_demography_migration_citizenship,1!G28 [2013],2026-10-01
demography.emigrants,country.georgia,2014,female,citizenship.azerbaijan,557,persons,border_police,published,source.geostat_demography_migration_citizenship,1!G44 [2014],2026-10-01
demography.emigrants,country.georgia,2015,female,citizenship.azerbaijan,757,persons,border_police,published,source.geostat_demography_migration_citizenship,1!G61 [2015],2026-10-01
demography.emigrants,country.georgia,2016,female,citizenship.azerbaijan,804,persons,border_police,published,source.geostat_demography_migration_citizenship,1!G76 [2016],2026-10-01
demography.emigrants,country.georgia,2017,female,citizenship.azerbaijan,689,persons,border_police,published,source.geostat_demography_migration_citizenship,1!G91 [2017],2026-10-01
demography.emigrants,country.georgia,2018,female,citizenship.azerbaijan,843,persons,border_police,published,source.geostat_demography_migration_citizenship,1!G108 [2018],2026-10-01
demography.emigrants,country.georgia,2019,female,citizenship.azerbaijan,932,persons,border_police,published,source.geostat_demography_migration_citizenship,1!G123 [2019],2026-10-01
demography.emigrants,country.georgia,2020,female,citizenship.azerbaijan,1192,persons,border_police,published,source.geostat_demography_migration_citizenship,1!G138 [2020],2026-10-01
demography.emigrants,country.georgia,2021,female,citizenship.azerbaijan,670,persons,border_police,published,source.geostat_demography_migration_citizenship,1!G155 [2021],2026-10-01
demography.emigrants,country.georgia,2022,female,citizenship.azerbaijan,607,persons,border_police,published,source.geostat_demography_migration_citizenship,1!G174 [2022],2026-10-01
demography.emigrants,country.georgia,2023,female,citizenship.azerbaijan,806,persons,border_police,published,source.geostat_demography_migration_citizenship,1!G189 [2023],2026-10-01
demography.emigrants,country.georgia,2024,female,citizenship.azerbaijan,657,persons,border_police,published,source.geostat_demography_migration_citizenship,1!G205 [2024],2026-10-01
demography.emigrants,country.georgia,2025,female,citizenship.azerbaijan,657,persons,border_police,published,source.geostat_demography_migration_citizenship,1!G221 [2025],2026-10-01
demography.emigrants,country.georgia,2012,total,citizenship.ukraine,1428,persons,border_police,published,source.geostat_demography_migration_citizenship,1!E13 [2012],2026-10-01
demography.emigrants,country.georgia,2013,total,citizenship.ukraine,1103,persons,border_police,published,source.geostat_demography_migration_citizenship,1!E29 [2013],2026-10-01
demography.emigrants,country.georgia,2014,total,citizenship.ukraine,762,persons,border_police,published,source.geostat_demography_migration_citizenship,1!E46 [2014],2026-10-01
demography.emigrants,country.georgia,2015,total,citizenship.ukraine,1130,persons,border_police,published,source.geostat_demography_migration_citizenship,1!E60 [2015],2026-10-01
demography.emigrants,country.georgia,2016,total,citizenship.ukraine,1612,persons,border_police,published,source.geostat_demography_migration_citizenship,1!E77 [2016],2026-10-01
demography.emigrants,country.georgia,2017,total,citizenship.ukraine,1552,persons,border_police,published,source.geostat_demography_migration_citizenship,1!E93 [2017],2026-10-01
demography.emigrants,country.georgia,2018,total,citizenship.ukraine,1552,persons,border_police,published,source.geostat_demography_migration_citizenship,1!E110 [2018],2026-10-01
demography.emigrants,country.georgia,2019,total,citizenship.ukraine,1171,persons,border_police,published,source.geostat_demography_migration_citizenship,1!E126 [2019],2026-10-01
demography.emigrants,country.georgia,2020,total,citizenship.ukraine,1609,persons,border_police,published,source.geostat_demography_migration_citizenship,1!E144 [2020],2026-10-01
demography.emigrants,country.georgia,2021,total,citizenship.ukraine,919,persons,border_police,published,source.geostat_demography_migration_citizenship,1!E157 [2021],2026-10-01
demography.emigrants,country.georgia,2022,total,citizenship.ukraine,2004,persons,border_police,published,source.geostat_demography_migration_citizenship,1!E170 [2022],2026-10-01
demography.emigrants,country.georgia,2023,total,citizenship.ukraine,7675,persons,border_police,published,source.geostat_demography_migration_citizenship,1!E188 [2023],2026-10-01
demography.emigrants,country.georgia,2024,total,citizenship.ukraine,4290,persons,border_police,published,source.geostat_demography_migration_citizenship,1!E202 [2024],2026-10-01
demography.emigrants,country.georgia,2025,total,citizenship.ukraine,3658,persons,border_police,published,source.geostat_demography_migration_citizenship,1!E218 [2025],2026-10-01
demography.emigrants,country.georgia,2012,male,citizenship.ukraine,938,persons,border_police,published,source.geostat_demography_migration_citizenship,1!F13 [2012],2026-10-01
demography.emigrants,country.georgia,2013,male,citizenship.ukraine,683,persons,border_police,published,source.geostat_demography_migration_citizenship,1!F29 [2013],2026-10-01
demography.emigrants,country.georgia,2014,male,citizenship.ukraine,419,persons,border_police,published,source.geostat_demography_migration_citizenship,1!F46 [2014],2026-10-01
demography.emigrants,country.georgia,2015,male,citizenship.ukraine,755,persons,border_police,published,source.geostat_demography_migration_citizenship,1!F60 [2015],2026-10-01
demography.emigrants,country.georgia,2016,male,citizenship.ukraine,796,persons,border_police,published,source.geostat_demography_migration_citizenship,1!F77 [2016],2026-10-01
demography.emigrants,country.georgia,2017,male,citizenship.ukraine,960,persons,border_police,published,source.geostat_demography_migration_citizenship,1!F93 [2017],2026-10-01
demography.emigrants,country.georgia,2018,male,citizenship.ukraine,923,persons,border_police,published,source.geostat_demography_migration_citizenship,1!F110 [2018],2026-10-01
demography.emigrants,country.georgia,2019,male,citizenship.ukraine,583,persons,border_police,published,source.geostat_demography_migration_citizenship,1!F126 [2019],2026-10-01
demography.emigrants,country.georgia,2020,male,citizenship.ukraine,752,persons,border_police,published,source.geostat_demography_migration_citizenship,1!F144 [2020],2026-10-01
demography.emigrants,country.georgia,2021,male,citizenship.ukraine,400,persons,border_police,published,source.geostat_demography_migration_citizenship,1!F157 [2021],2026-10-01
demography.emigrants,country.georgia,2022,male,citizenship.ukraine,896,persons,border_police,published,source.geostat_demography_migration_citizenship,1!F170 [2022],2026-10-01
demography.emigrants,country.georgia,2023,male,citizenship.ukraine,3060,persons,border_police,published,source.geostat_demography_migration_citizenship,1!F188 [2023],2026-10-01
demography.emigrants,country.georgia,2024,male,citizenship.ukraine,1958,persons,border_police,published,source.geostat_demography_migration_citizenship,1!F202 [2024],2026-10-01
demography.emigrants,country.georgia,2025,male,citizenship.ukraine,1826,persons,border_police,published,source.geostat_demography_migration_citizenship,1!F218 [2025],2026-10-01
demography.emigrants,country.georgia,2012,female,citizenship.ukraine,490,persons,border_police,published,source.geostat_demography_migration_citizenship,1!G13 [2012],2026-10-01
demography.emigrants,country.georgia,2013,female,citizenship.ukraine,420,persons,border_police,published,source.geostat_demography_migration_citizenship,1!G29 [2013],2026-10-01
demography.emigrants,country.georgia,2014,female,citizenship.ukraine,343,persons,border_police,published,source.geostat_demography_migration_citizenship,1!G46 [2014],2026-10-01
demography.emigrants,country.georgia,2015,female,citizenship.ukraine,375,persons,border_police,published,source.geostat_demography_migration_citizenship,1!G60 [2015],2026-10-01
demography.emigrants,country.georgia,2016,female,citizenship.ukraine,816,persons,border_police,published,source.geostat_demography_migration_citizenship,1!G77 [2016],2026-10-01
demography.emigrants,country.georgia,2017,female,citizenship.ukraine,592,persons,border_police,published,source.geostat_demography_migration_citizenship,1!G93 [2017],2026-10-01
demography.emigrants,country.georgia,2018,female,citizenship.ukraine,629,persons,border_police,published,source.geostat_demography_migration_citizenship,1!G110 [2018],2026-10-01
demography.emigrants,country.georgia,2019,female,citizenship.ukraine,588,persons,border_police,published,source.geostat_demography_migration_citizenship,1!G126 [2019],2026-10-01
demography.emigrants,country.georgia,2020,female,citizenship.ukraine,857,persons,border_police,published,source.geostat_demography_migration_citizenship,1!G144 [2020],2026-10-01
demography.emigrants,country.georgia,2021,female,citizenship.ukraine,519,persons,border_police,published,source.geostat_demography_migration_citizenship,1!G157 [2021],2026-10-01
demography.emigrants,country.georgia,2022,female,citizenship.ukraine,1108,persons,border_police,published,source.geostat_demography_migration_citizenship,1!G170 [2022],2026-10-01
demography.emigrants,country.georgia,2023,female,citizenship.ukraine,4615,persons,border_police,published,source.geostat_demography_migration_citizenship,1!G188 [2023],2026-10-01
demography.emigrants,country.georgia,2024,female,citizenship.ukraine,2332,persons,border_police,published,source.geostat_demography_migration_citizenship,1!G202 [2024],2026-10-01
demography.emigrants,country.georgia,2025,female,citizenship.ukraine,1832,persons,border_police,published,source.geostat_demography_migration_citizenship,1!G218 [2025],2026-10-01
demography.emigrants,country.georgia,2012,total,citizenship.india,1101,persons,border_police,published,source.geostat_demography_migration_citizenship,1!E14 [2012],2026-10-01
demography.emigrants,country.georgia,2013,total,citizenship.india,563,persons,border_police,published,source.geostat_demography_migration_citizenship,1!E31 [2013],2026-10-01
demography.emigrants,country.georgia,2014,total,citizenship.india,509,persons,border_police,published,source.geostat_demography_migration_citizenship,1!E50 [2014],2026-10-01
demography.emigrants,country.georgia,2016,total,citizenship.india,710,persons,border_police,published,source.geostat_demography_migration_citizenship,1!E78 [2016],2026-10-01
demography.emigrants,country.georgia,2017,total,citizenship.india,653,persons,border_police,published,source.geostat_demography_migration_citizenship,1!E92 [2017],2026-10-01
demography.emigrants,country.georgia,2018,total,citizenship.india,1043,persons,border_police,published,source.geostat_demography_migration_citizenship,1!E109 [2018],2026-10-01
demography.emigrants,country.georgia,2019,total,citizenship.india,1089,persons,border_police,published,source.geostat_demography_migration_citizenship,1!E125 [2019],2026-10-01
demography.emigrants,country.georgia,2020,total,citizenship.india,3785,persons,border_police,published,source.geostat_demography_migration_citizenship,1!E141 [2020],2026-10-01
demography.emigrants,country.georgia,2021,total,citizenship.india,1386,persons,border_police,published,source.geostat_demography_migration_citizenship,1!E159 [2021],2026-10-01
demography.emigrants,country.georgia,2022,total,citizenship.india,1412,persons,border_police,published,source.geostat_demography_migration_citizenship,1!E172 [2022],2026-10-01
demography.emigrants,country.georgia,2023,total,citizenship.india,3274,persons,border_police,published,source.geostat_demography_migration_citizenship,1!E187 [2023],2026-10-01
demography.emigrants,country.georgia,2024,total,citizenship.india,3213,persons,border_police,published,source.geostat_demography_migration_citizenship,1!E204 [2024],2026-10-01
demography.emigrants,country.georgia,2025,total,citizenship.india,4456,persons,border_police,published,source.geostat_demography_migration_citizenship,1!E219 [2025],2026-10-01
demography.emigrants,country.georgia,2012,male,citizenship.india,950,persons,border_police,published,source.geostat_demography_migration_citizenship,1!F14 [2012],2026-10-01
demography.emigrants,country.georgia,2013,male,citizenship.india,486,persons,border_police,published,source.geostat_demography_migration_citizenship,1!F31 [2013],2026-10-01
demography.emigrants,country.georgia,2014,male,citizenship.india,429,persons,border_police,published,source.geostat_demography_migration_citizenship,1!F50 [2014],2026-10-01
demography.emigrants,country.georgia,2016,male,citizenship.india,535,persons,border_police,published,source.geostat_demography_migration_citizenship,1!F78 [2016],2026-10-01
demography.emigrants,country.georgia,2017,male,citizenship.india,533,persons,border_police,published,source.geostat_demography_migration_citizenship,1!F92 [2017],2026-10-01
demography.emigrants,country.georgia,2018,male,citizenship.india,828,persons,border_police,published,source.geostat_demography_migration_citizenship,1!F109 [2018],2026-10-01
demography.emigrants,country.georgia,2019,male,citizenship.india,783,persons,border_police,published,source.geostat_demography_migration_citizenship,1!F125 [2019],2026-10-01
demography.emigrants,country.georgia,2020,male,citizenship.india,2151,persons,border_police,published,source.geostat_demography_migration_citizenship,1!F141 [2020],2026-10-01
demography.emigrants,country.georgia,2021,male,citizenship.india,864,persons,border_police,published,source.geostat_demography_migration_citizenship,1!F159 [2021],2026-10-01
demography.emigrants,country.georgia,2022,male,citizenship.india,844,persons,border_police,published,source.geostat_demography_migration_citizenship,1!F172 [2022],2026-10-01
demography.emigrants,country.georgia,2023,male,citizenship.india,1926,persons,border_police,published,source.geostat_demography_migration_citizenship,1!F187 [2023],2026-10-01
demography.emigrants,country.georgia,2024,male,citizenship.india,1839,persons,border_police,published,source.geostat_demography_migration_citizenship,1!F204 [2024],2026-10-01
demography.emigrants,country.georgia,2025,male,citizenship.india,2687,persons,border_police,published,source.geostat_demography_migration_citizenship,1!F219 [2025],2026-10-01
demography.emigrants,country.georgia,2012,female,citizenship.india,151,persons,border_police,published,source.geostat_demography_migration_citizenship,1!G14 [2012],2026-10-01
demography.emigrants,country.georgia,2013,female,citizenship.india,77,persons,border_police,published,source.geostat_demography_migration_citizenship,1!G31 [2013],2026-10-01
demography.emigrants,country.georgia,2014,female,citizenship.india,80,persons,border_police,published,source.geostat_demography_migration_citizenship,1!G50 [2014],2026-10-01
demography.emigrants,country.georgia,2016,female,citizenship.india,175,persons,border_police,published,source.geostat_demography_migration_citizenship,1!G78 [2016],2026-10-01
demography.emigrants,country.georgia,2017,female,citizenship.india,120,persons,border_police,published,source.geostat_demography_migration_citizenship,1!G92 [2017],2026-10-01
demography.emigrants,country.georgia,2018,female,citizenship.india,215,persons,border_police,published,source.geostat_demography_migration_citizenship,1!G109 [2018],2026-10-01
demography.emigrants,country.georgia,2019,female,citizenship.india,306,persons,border_police,published,source.geostat_demography_migration_citizenship,1!G125 [2019],2026-10-01
demography.emigrants,country.georgia,2020,female,citizenship.india,1634,persons,border_police,published,source.geostat_demography_migration_citizenship,1!G141 [2020],2026-10-01
demography.emigrants,country.georgia,2021,female,citizenship.india,522,persons,border_police,published,source.geostat_demography_migration_citizenship,1!G159 [2021],2026-10-01
demography.emigrants,country.georgia,2022,female,citizenship.india,568,persons,border_police,published,source.geostat_demography_migration_citizenship,1!G172 [2022],2026-10-01
demography.emigrants,country.georgia,2023,female,citizenship.india,1348,persons,border_police,published,source.geostat_demography_migration_citizenship,1!G187 [2023],2026-10-01
demography.emigrants,country.georgia,2024,female,citizenship.india,1374,persons,border_police,published,source.geostat_demography_migration_citizenship,1!G204 [2024],2026-10-01
demography.emigrants,country.georgia,2025,female,citizenship.india,1769,persons,border_police,published,source.geostat_demography_migration_citizenship,1!G219 [2025],2026-10-01
demography.emigrants,country.georgia,2012,total,citizenship.united_states,599,persons,border_police,published,source.geostat_demography_migration_citizenship,1!E15 [2012],2026-10-01
demography.emigrants,country.georgia,2013,total,citizenship.united_states,1011,persons,border_police,published,source.geostat_demography_migration_citizenship,1!E30 [2013],2026-10-01
demography.emigrants,country.georgia,2014,total,citizenship.united_states,690,persons,border_police,published,source.geostat_demography_migration_citizenship,1!E48 [2014],2026-10-01
demography.emigrants,country.georgia,2015,total,citizenship.united_states,916,persons,border_police,published,source.geostat_demography_migration_citizenship,1!E66 [2015],2026-10-01
demography.emigrants,country.georgia,2016,total,citizenship.united_states,725,persons,border_police,published,source.geostat_demography_migration_citizenship,1!E79 [2016],2026-10-01
demography.emigrants,country.georgia,2017,total,citizenship.united_states,668,persons,border_police,published,source.geostat_demography_migration_citizenship,1!E96 [2017],2026-10-01
demography.emigrants,country.georgia,2018,total,citizenship.united_states,830,persons,border_police,published,source.geostat_demography_migration_citizenship,1!E112 [2018],2026-10-01
demography.emigrants,country.georgia,2019,total,citizenship.united_states,862,persons,border_police,published,source.geostat_demography_migration_citizenship,1!E128 [2019],2026-10-01
demography.emigrants,country.georgia,2020,total,citizenship.united_states,697,persons,border_police,published,source.geostat_demography_migration_citizenship,1!E142 [2020],2026-10-01
demography.emigrants,country.georgia,2021,total,citizenship.united_states,1007,persons,border_police,published,source.geostat_demography_migration_citizenship,1!E160 [2021],2026-10-01
demography.emigrants,country.georgia,2022,total,citizenship.united_states,1157,persons,border_police,published,source.geostat_demography_migration_citizenship,1!E176 [2022],2026-10-01
demography.emigrants,country.georgia,2023,total,citizenship.united_states,1864,persons,border_police,published,source.geostat_demography_migration_citizenship,1!E193 [2023],2026-10-01
demography.emigrants,country.georgia,2025,total,citizenship.united_states,1357,persons,border_police,published,source.geostat_demography_migration_citizenship,1!E226 [2025],2026-10-01
demography.emigrants,country.georgia,2012,male,citizenship.united_states,347,persons,border_police,published,source.geostat_demography_migration_citizenship,1!F15 [2012],2026-10-01
demography.emigrants,country.georgia,2013,male,citizenship.united_states,659,persons,border_police,published,source.geostat_demography_migration_citizenship,1!F30 [2013],2026-10-01
demography.emigrants,country.georgia,2014,male,citizenship.united_states,436,persons,border_police,published,source.geostat_demography_migration_citizenship,1!F48 [2014],2026-10-01
demography.emigrants,country.georgia,2015,male,citizenship.united_states,556,persons,border_police,published,source.geostat_demography_migration_citizenship,1!F66 [2015],2026-10-01
demography.emigrants,country.georgia,2016,male,citizenship.united_states,436,persons,border_police,published,source.geostat_demography_migration_citizenship,1!F79 [2016],2026-10-01
demography.emigrants,country.georgia,2017,male,citizenship.united_states,403,persons,border_police,published,source.geostat_demography_migration_citizenship,1!F96 [2017],2026-10-01
demography.emigrants,country.georgia,2018,male,citizenship.united_states,508,persons,border_police,published,source.geostat_demography_migration_citizenship,1!F112 [2018],2026-10-01
demography.emigrants,country.georgia,2019,male,citizenship.united_states,491,persons,border_police,published,source.geostat_demography_migration_citizenship,1!F128 [2019],2026-10-01
demography.emigrants,country.georgia,2020,male,citizenship.united_states,364,persons,border_police,published,source.geostat_demography_migration_citizenship,1!F142 [2020],2026-10-01
demography.emigrants,country.georgia,2021,male,citizenship.united_states,552,persons,border_police,published,source.geostat_demography_migration_citizenship,1!F160 [2021],2026-10-01
demography.emigrants,country.georgia,2022,male,citizenship.united_states,674,persons,border_police,published,source.geostat_demography_migration_citizenship,1!F176 [2022],2026-10-01
demography.emigrants,country.georgia,2023,male,citizenship.united_states,1018,persons,border_police,published,source.geostat_demography_migration_citizenship,1!F193 [2023],2026-10-01
demography.emigrants,country.georgia,2025,male,citizenship.united_states,745,persons,border_police,published,source.geostat_demography_migration_citizenship,1!F226 [2025],2026-10-01
demography.emigrants,country.georgia,2012,female,citizenship.united_states,252,persons,border_police,published,source.geostat_demography_migration_citizenship,1!G15 [2012],2026-10-01
demography.emigrants,country.georgia,2013,female,citizenship.united_states,352,persons,border_police,published,source.geostat_demography_migration_citizenship,1!G30 [2013],2026-10-01
demography.emigrants,country.georgia,2014,female,citizenship.united_states,254,persons,border_police,published,source.geostat_demography_migration_citizenship,1!G48 [2014],2026-10-01
demography.emigrants,country.georgia,2015,female,citizenship.united_states,360,persons,border_police,published,source.geostat_demography_migration_citizenship,1!G66 [2015],2026-10-01
demography.emigrants,country.georgia,2016,female,citizenship.united_states,289,persons,border_police,published,source.geostat_demography_migration_citizenship,1!G79 [2016],2026-10-01
demography.emigrants,country.georgia,2017,female,citizenship.united_states,265,persons,border_police,published,source.geostat_demography_migration_citizenship,1!G96 [2017],2026-10-01
demography.emigrants,country.georgia,2018,female,citizenship.united_states,322,persons,border_police,published,source.geostat_demography_migration_citizenship,1!G112 [2018],2026-10-01
demography.emigrants,country.georgia,2019,female,citizenship.united_states,371,persons,border_police,published,source.geostat_demography_migration_citizenship,1!G128 [2019],2026-10-01
demography.emigrants,country.georgia,2020,female,citizenship.united_states,333,persons,border_police,published,source.geostat_demography_migration_citizenship,1!G142 [2020],2026-10-01
demography.emigrants,country.georgia,2021,female,citizenship.united_states,455,persons,border_police,published,source.geostat_demography_migration_citizenship,1!G160 [2021],2026-10-01
demography.emigrants,country.georgia,2022,female,citizenship.united_states,483,persons,border_police,published,source.geostat_demography_migration_citizenship,1!G176 [2022],2026-10-01
demography.emigrants,country.georgia,2023,female,citizenship.united_states,846,persons,border_police,published,source.geostat_demography_migration_citizenship,1!G193 [2023],2026-10-01
demography.emigrants,country.georgia,2025,female,citizenship.united_states,612,persons,border_police,published,source.geostat_demography_migration_citizenship,1!G226 [2025],2026-10-01
demography.emigrants,country.georgia,2012,total,citizenship.iran,373,persons,border_police,published,source.geostat_demography_migration_citizenship,1!E16 [2012],2026-10-01
demography.emigrants,country.georgia,2013,total,citizenship.iran,257,persons,border_police,published,source.geostat_demography_migration_citizenship,1!E33 [2013],2026-10-01
demography.emigrants,country.georgia,2014,total,citizenship.iran,392,persons,border_police,published,source.geostat_demography_migration_citizenship,1!E49 [2014],2026-10-01
demography.emigrants,country.georgia,2015,total,citizenship.iran,1454,persons,border_police,published,source.geostat_demography_migration_citizenship,1!E62 [2015],2026-10-01
demography.emigrants,country.georgia,2017,total,citizenship.iran,212,persons,border_police,published,source.geostat_demography_migration_citizenship,1!E95 [2017],2026-10-01
demography.emigrants,country.georgia,2018,total,citizenship.iran,385,persons,border_police,published,source.geostat_demography_migration_citizenship,1!E107 [2018],2026-10-01
demography.emigrants,country.georgia,2019,total,citizenship.iran,879,persons,border_police,published,source.geostat_demography_migration_citizenship,1!E122 [2019],2026-10-01
demography.emigrants,country.georgia,2020,total,citizenship.iran,1921,persons,border_police,published,source.geostat_demography_migration_citizenship,1!E146 [2020],2026-10-01
demography.emigrants,country.georgia,2022,total,citizenship.iran,775,persons,border_police,published,source.geostat_demography_migration_citizenship,1!E177 [2022],2026-10-01
demography.emigrants,country.georgia,2012,male,citizenship.iran,288,persons,border_police,published,source.geostat_demography_migration_citizenship,1!F16 [2012],2026-10-01
demography.emigrants,country.georgia,2013,male,citizenship.iran,206,persons,border_police,published,source.geostat_demography_migration_citizenship,1!F33 [2013],2026-10-01
demography.emigrants,country.georgia,2014,male,citizenship.iran,284,persons,border_police,published,source.geostat_demography_migration_citizenship,1!F49 [2014],2026-10-01
demography.emigrants,country.georgia,2015,male,citizenship.iran,1068,persons,border_police,published,source.geostat_demography_migration_citizenship,1!F62 [2015],2026-10-01
demography.emigrants,country.georgia,2017,male,citizenship.iran,144,persons,border_police,published,source.geostat_demography_migration_citizenship,1!F95 [2017],2026-10-01
demography.emigrants,country.georgia,2018,male,citizenship.iran,243,persons,border_police,published,source.geostat_demography_migration_citizenship,1!F107 [2018],2026-10-01
demography.emigrants,country.georgia,2019,male,citizenship.iran,559,persons,border_police,published,source.geostat_demography_migration_citizenship,1!F122 [2019],2026-10-01
demography.emigrants,country.georgia,2020,male,citizenship.iran,1067,persons,border_police,published,source.geostat_demography_migration_citizenship,1!F146 [2020],2026-10-01
demography.emigrants,country.georgia,2022,male,citizenship.iran,429,persons,border_police,published,source.geostat_demography_migration_citizenship,1!F177 [2022],2026-10-01
demography.emigrants,country.georgia,2012,female,citizenship.iran,85,persons,border_police,published,source.geostat_demography_migration_citizenship,1!G16 [2012],2026-10-01
demography.emigrants,country.georgia,2013,female,citizenship.iran,51,persons,border_police,published,source.geostat_demography_migration_citizenship,1!G33 [2013],2026-10-01
demography.emigrants,country.georgia,2014,female,citizenship.iran,108,persons,border_police,published,source.geostat_demography_migration_citizenship,1!G49 [2014],2026-10-01
demography.emigrants,country.georgia,2015,female,citizenship.iran,386,persons,border_police,published,source.geostat_demography_migration_citizenship,1!G62 [2015],2026-10-01
demography.emigrants,country.georgia,2017,female,citizenship.iran,68,persons,border_police,published,source.geostat_demography_migration_citizenship,1!G95 [2017],2026-10-01
demography.emigrants,country.georgia,2018,female,citizenship.iran,142,persons,border_police,published,source.geostat_demography_migration_citizenship,1!G107 [2018],2026-10-01
demography.emigrants,country.georgia,2019,female,citizenship.iran,320,persons,border_police,published,source.geostat_demography_migration_citizenship,1!G122 [2019],2026-10-01
demography.emigrants,country.georgia,2020,female,citizenship.iran,854,persons,border_police,published,source.geostat_demography_migration_citizenship,1!G146 [2020],2026-10-01
demography.emigrants,country.georgia,2022,female,citizenship.iran,346,persons,border_police,published,source.geostat_demography_migration_citizenship,1!G177 [2022],2026-10-01
demography.emigrants,country.georgia,2012,total,citizenship.china,147,persons,border_police,published,source.geostat_demography_migration_citizenship,1!E17 [2012],2026-10-01
demography.emigrants,country.georgia,2013,total,citizenship.china,947,persons,border_police,published,source.geostat_demography_migration_citizenship,1!E32 [2013],2026-10-01
demography.emigrants,country.georgia,2015,total,citizenship.china,783,persons,border_police,published,source.geostat_demography_migration_citizenship,1!E65 [2015],2026-10-01
demography.emigrants,country.georgia,2016,total,citizenship.china,966,persons,border_police,published,source.geostat_demography_migration_citizenship,1!E80 [2016],2026-10-01
demography.emigrants,country.georgia,2017,total,citizenship.china,849,persons,border_police,published,source.geostat_demography_migration_citizenship,1!E97 [2017],2026-10-01
demography.emigrants,country.georgia,2018,total,citizenship.china,707,persons,border_police,published,source.geostat_demography_migration_citizenship,1!E113 [2018],2026-10-01
demography.emigrants,country.georgia,2019,total,citizenship.china,1104,persons,border_police,published,source.geostat_demography_migration_citizenship,1!E129 [2019],2026-10-01
demography.emigrants,country.georgia,2020,total,citizenship.china,798,persons,border_police,published,source.geostat_demography_migration_citizenship,1!E143 [2020],2026-10-01
demography.emigrants,country.georgia,2021,total,citizenship.china,587,persons,border_police,published,source.geostat_demography_migration_citizenship,1!E156 [2021],2026-10-01
demography.emigrants,country.georgia,2022,total,citizenship.china,1402,persons,border_police,published,source.geostat_demography_migration_citizenship,1!E178 [2022],2026-10-01
demography.emigrants,country.georgia,2023,total,citizenship.china,1724,persons,border_police,published,source.geostat_demography_migration_citizenship,1!E194 [2023],2026-10-01
demography.emigrants,country.georgia,2025,total,citizenship.china,3070,persons,border_police,published,source.geostat_demography_migration_citizenship,1!E222 [2025],2026-10-01
demography.emigrants,country.georgia,2012,male,citizenship.china,110,persons,border_police,published,source.geostat_demography_migration_citizenship,1!F17 [2012],2026-10-01
demography.emigrants,country.georgia,2013,male,citizenship.china,832,persons,border_police,published,source.geostat_demography_migration_citizenship,1!F32 [2013],2026-10-01
demography.emigrants,country.georgia,2015,male,citizenship.china,601,persons,border_police,published,source.geostat_demography_migration_citizenship,1!F65 [2015],2026-10-01
demography.emigrants,country.georgia,2016,male,citizenship.china,791,persons,border_police,published,source.geostat_demography_migration_citizenship,1!F80 [2016],2026-10-01
demography.emigrants,country.georgia,2017,male,citizenship.china,648,persons,border_police,published,source.geostat_demography_migration_citizenship,1!F97 [2017],2026-10-01
demography.emigrants,country.georgia,2018,male,citizenship.china,540,persons,border_police,published,source.geostat_demography_migration_citizenship,1!F113 [2018],2026-10-01
demography.emigrants,country.georgia,2019,male,citizenship.china,899,persons,border_police,published,source.geostat_demography_migration_citizenship,1!F129 [2019],2026-10-01
demography.emigrants,country.georgia,2020,male,citizenship.china,613,persons,border_police,published,source.geostat_demography_migration_citizenship,1!F143 [2020],2026-10-01
demography.emigrants,country.georgia,2021,male,citizenship.china,488,persons,border_police,published,source.geostat_demography_migration_citizenship,1!F156 [2021],2026-10-01
demography.emigrants,country.georgia,2022,male,citizenship.china,1200,persons,border_police,published,source.geostat_demography_migration_citizenship,1!F178 [2022],2026-10-01
demography.emigrants,country.georgia,2023,male,citizenship.china,1344,persons,border_police,published,source.geostat_demography_migration_citizenship,1!F194 [2023],2026-10-01
demography.emigrants,country.georgia,2025,male,citizenship.china,2157,persons,border_police,published,source.geostat_demography_migration_citizenship,1!F222 [2025],2026-10-01
demography.emigrants,country.georgia,2012,female,citizenship.china,37,persons,border_police,published,source.geostat_demography_migration_citizenship,1!G17 [2012],2026-10-01
demography.emigrants,country.georgia,2013,female,citizenship.china,115,persons,border_police,published,source.geostat_demography_migration_citizenship,1!G32 [2013],2026-10-01
demography.emigrants,country.georgia,2015,female,citizenship.china,182,persons,border_police,published,source.geostat_demography_migration_citizenship,1!G65 [2015],2026-10-01
demography.emigrants,country.georgia,2016,female,citizenship.china,175,persons,border_police,published,source.geostat_demography_migration_citizenship,1!G80 [2016],2026-10-01
demography.emigrants,country.georgia,2017,female,citizenship.china,201,persons,border_police,published,source.geostat_demography_migration_citizenship,1!G97 [2017],2026-10-01
demography.emigrants,country.georgia,2018,female,citizenship.china,167,persons,border_police,published,source.geostat_demography_migration_citizenship,1!G113 [2018],2026-10-01
demography.emigrants,country.georgia,2019,female,citizenship.china,205,persons,border_police,published,source.geostat_demography_migration_citizenship,1!G129 [2019],2026-10-01
demography.emigrants,country.georgia,2020,female,citizenship.china,185,persons,border_police,published,source.geostat_demography_migration_citizenship,1!G143 [2020],2026-10-01
demography.emigrants,country.georgia,2021,female,citizenship.china,99,persons,border_police,published,source.geostat_demography_migration_citizenship,1!G156 [2021],2026-10-01
demography.emigrants,country.georgia,2022,female,citizenship.china,202,persons,border_police,published,source.geostat_demography_migration_citizenship,1!G178 [2022],2026-10-01
demography.emigrants,country.georgia,2023,female,citizenship.china,380,persons,border_police,published,source.geostat_demography_migration_citizenship,1!G194 [2023],2026-10-01
demography.emigrants,country.georgia,2025,female,citizenship.china,913,persons,border_police,published,source.geostat_demography_migration_citizenship,1!G222 [2025],2026-10-01
demography.emigrants,country.georgia,2012,total,citizenship.greece,226,persons,border_police,published,source.geostat_demography_migration_citizenship,1!E18 [2012],2026-10-01
demography.emigrants,country.georgia,2013,total,citizenship.greece,428,persons,border_police,published,source.geostat_demography_migration_citizenship,1!E34 [2013],2026-10-01
demography.emigrants,country.georgia,2014,total,citizenship.greece,371,persons,border_police,published,source.geostat_demography_migration_citizenship,1!E47 [2014],2026-10-01
demography.emigrants,country.georgia,2018,total,citizenship.greece,460,persons,border_police,published,source.geostat_demography_migration_citizenship,1!E114 [2018],2026-10-01
demography.emigrants,country.georgia,2012,male,citizenship.greece,147,persons,border_police,published,source.geostat_demography_migration_citizenship,1!F18 [2012],2026-10-01
demography.emigrants,country.georgia,2013,male,citizenship.greece,234,persons,border_police,published,source.geostat_demography_migration_citizenship,1!F34 [2013],2026-10-01
demography.emigrants,country.georgia,2014,male,citizenship.greece,211,persons,border_police,published,source.geostat_demography_migration_citizenship,1!F47 [2014],2026-10-01
demography.emigrants,country.georgia,2018,male,citizenship.greece,256,persons,border_police,published,source.geostat_demography_migration_citizenship,1!F114 [2018],2026-10-01
demography.emigrants,country.georgia,2012,female,citizenship.greece,79,persons,border_police,published,source.geostat_demography_migration_citizenship,1!G18 [2012],2026-10-01
demography.emigrants,country.georgia,2013,female,citizenship.greece,194,persons,border_police,published,source.geostat_demography_migration_citizenship,1!G34 [2013],2026-10-01
demography.emigrants,country.georgia,2014,female,citizenship.greece,160,persons,border_police,published,source.geostat_demography_migration_citizenship,1!G47 [2014],2026-10-01
demography.emigrants,country.georgia,2018,female,citizenship.greece,204,persons,border_police,published,source.geostat_demography_migration_citizenship,1!G114 [2018],2026-10-01
demography.emigrants,country.georgia,2014,total,citizenship.iraq,333,persons,border_police,published,source.geostat_demography_migration_citizenship,1!E45 [2014],2026-10-01
demography.emigrants,country.georgia,2015,total,citizenship.iraq,988,persons,border_police,published,source.geostat_demography_migration_citizenship,1!E63 [2015],2026-10-01
demography.emigrants,country.georgia,2014,male,citizenship.iraq,261,persons,border_police,published,source.geostat_demography_migration_citizenship,1!F45 [2014],2026-10-01
demography.emigrants,country.georgia,2015,male,citizenship.iraq,770,persons,border_police,published,source.geostat_demography_migration_citizenship,1!F63 [2015],2026-10-01
demography.emigrants,country.georgia,2014,female,citizenship.iraq,72,persons,border_police,published,source.geostat_demography_migration_citizenship,1!G45 [2014],2026-10-01
demography.emigrants,country.georgia,2015,female,citizenship.iraq,218,persons,border_police,published,source.geostat_demography_migration_citizenship,1!G63 [2015],2026-10-01
demography.emigrants,country.georgia,2015,total,citizenship.kuwait,1293,persons,border_police,published,source.geostat_demography_migration_citizenship,1!E64 [2015],2026-10-01
demography.emigrants,country.georgia,2016,total,citizenship.kuwait,640,persons,border_police,published,source.geostat_demography_migration_citizenship,1!E82 [2016],2026-10-01
demography.emigrants,country.georgia,2015,male,citizenship.kuwait,840,persons,border_police,published,source.geostat_demography_migration_citizenship,1!F64 [2015],2026-10-01
demography.emigrants,country.georgia,2016,male,citizenship.kuwait,424,persons,border_police,published,source.geostat_demography_migration_citizenship,1!F82 [2016],2026-10-01
demography.emigrants,country.georgia,2015,female,citizenship.kuwait,453,persons,border_police,published,source.geostat_demography_migration_citizenship,1!G64 [2015],2026-10-01
demography.emigrants,country.georgia,2016,female,citizenship.kuwait,216,persons,border_police,published,source.geostat_demography_migration_citizenship,1!G82 [2016],2026-10-01
demography.emigrants,country.georgia,2016,total,citizenship.israel,928,persons,border_police,published,source.geostat_demography_migration_citizenship,1!E81 [2016],2026-10-01
demography.emigrants,country.georgia,2020,total,citizenship.israel,604,persons,border_police,published,source.geostat_demography_migration_citizenship,1!E145 [2020],2026-10-01
demography.emigrants,country.georgia,2023,total,citizenship.israel,1851,persons,border_police,published,source.geostat_demography_migration_citizenship,1!E191 [2023],2026-10-01
demography.emigrants,country.georgia,2024,total,citizenship.israel,1600,persons,border_police,published,source.geostat_demography_migration_citizenship,1!E209 [2024],2026-10-01
demography.emigrants,country.georgia,2025,total,citizenship.israel,1526,persons,border_police,published,source.geostat_demography_migration_citizenship,1!E225 [2025],2026-10-01
demography.emigrants,country.georgia,2016,male,citizenship.israel,425,persons,border_police,published,source.geostat_demography_migration_citizenship,1!F81 [2016],2026-10-01
demography.emigrants,country.georgia,2020,male,citizenship.israel,361,persons,border_police,published,source.geostat_demography_migration_citizenship,1!F145 [2020],2026-10-01
demography.emigrants,country.georgia,2023,male,citizenship.israel,1057,persons,border_police,published,source.geostat_demography_migration_citizenship,1!F191 [2023],2026-10-01
demography.emigrants,country.georgia,2024,male,citizenship.israel,939,persons,border_police,published,source.geostat_demography_migration_citizenship,1!F209 [2024],2026-10-01
demography.emigrants,country.georgia,2025,male,citizenship.israel,882,persons,border_police,published,source.geostat_demography_migration_citizenship,1!F225 [2025],2026-10-01
demography.emigrants,country.georgia,2016,female,citizenship.israel,503,persons,border_police,published,source.geostat_demography_migration_citizenship,1!G81 [2016],2026-10-01
demography.emigrants,country.georgia,2020,female,citizenship.israel,243,persons,border_police,published,source.geostat_demography_migration_citizenship,1!G145 [2020],2026-10-01
demography.emigrants,country.georgia,2023,female,citizenship.israel,794,persons,border_police,published,source.geostat_demography_migration_citizenship,1!G191 [2023],2026-10-01
demography.emigrants,country.georgia,2024,female,citizenship.israel,661,persons,border_police,published,source.geostat_demography_migration_citizenship,1!G209 [2024],2026-10-01
demography.emigrants,country.georgia,2025,female,citizenship.israel,644,persons,border_police,published,source.geostat_demography_migration_citizenship,1!G225 [2025],2026-10-01
demography.emigrants,country.georgia,2017,total,citizenship.moldova,170,persons,border_police,published,source.geostat_demography_migration_citizenship,1!E98 [2017],2026-10-01
demography.emigrants,country.georgia,2017,male,citizenship.moldova,78,persons,border_police,published,source.geostat_demography_migration_citizenship,1!F98 [2017],2026-10-01
demography.emigrants,country.georgia,2017,female,citizenship.moldova,92,persons,border_police,published,source.geostat_demography_migration_citizenship,1!G98 [2017],2026-10-01
demography.emigrants,country.georgia,2019,total,citizenship.kazakhstan,261,persons,border_police,published,source.geostat_demography_migration_citizenship,1!E130 [2019],2026-10-01
demography.emigrants,country.georgia,2021,total,citizenship.kazakhstan,350,persons,border_police,published,source.geostat_demography_migration_citizenship,1!E162 [2021],2026-10-01
demography.emigrants,country.georgia,2024,total,citizenship.kazakhstan,831,persons,border_police,published,source.geostat_demography_migration_citizenship,1!E208 [2024],2026-10-01
demography.emigrants,country.georgia,2025,total,citizenship.kazakhstan,1232,persons,border_police,published,source.geostat_demography_migration_citizenship,1!E224 [2025],2026-10-01
demography.emigrants,country.georgia,2019,male,citizenship.kazakhstan,123,persons,border_police,published,source.geostat_demography_migration_citizenship,1!F130 [2019],2026-10-01
demography.emigrants,country.georgia,2021,male,citizenship.kazakhstan,177,persons,border_police,published,source.geostat_demography_migration_citizenship,1!F162 [2021],2026-10-01
demography.emigrants,country.georgia,2024,male,citizenship.kazakhstan,393,persons,border_police,published,source.geostat_demography_migration_citizenship,1!F208 [2024],2026-10-01
demography.emigrants,country.georgia,2025,male,citizenship.kazakhstan,592,persons,border_police,published,source.geostat_demography_migration_citizenship,1!F224 [2025],2026-10-01
demography.emigrants,country.georgia,2019,female,citizenship.kazakhstan,138,persons,border_police,published,source.geostat_demography_migration_citizenship,1!G130 [2019],2026-10-01
demography.emigrants,country.georgia,2021,female,citizenship.kazakhstan,173,persons,border_police,published,source.geostat_demography_migration_citizenship,1!G162 [2021],2026-10-01
demography.emigrants,country.georgia,2024,female,citizenship.kazakhstan,438,persons,border_police,published,source.geostat_demography_migration_citizenship,1!G208 [2024],2026-10-01
demography.emigrants,country.georgia,2025,female,citizenship.kazakhstan,640,persons,border_police,published,source.geostat_demography_migration_citizenship,1!G224 [2025],2026-10-01
demography.emigrants,country.georgia,2021,total,citizenship.belarus,157,persons,border_police,published,source.geostat_demography_migration_citizenship,1!E158 [2021],2026-10-01
demography.emigrants,country.georgia,2022,total,citizenship.belarus,852,persons,border_police,published,source.geostat_demography_migration_citizenship,1!E171 [2022],2026-10-01
demography.emigrants,country.georgia,2023,total,citizenship.belarus,4537,persons,border_police,published,source.geostat_demography_migration_citizenship,1!E190 [2023],2026-10-01
demography.emigrants,country.georgia,2024,total,citizenship.belarus,2598,persons,border_police,published,source.geostat_demography_migration_citizenship,1!E206 [2024],2026-10-01
demography.emigrants,country.georgia,2025,total,citizenship.belarus,2065,persons,border_police,published,source.geostat_demography_migration_citizenship,1!E223 [2025],2026-10-01
demography.emigrants,country.georgia,2021,male,citizenship.belarus,74,persons,border_police,published,source.geostat_demography_migration_citizenship,1!F158 [2021],2026-10-01
demography.emigrants,country.georgia,2022,male,citizenship.belarus,449,persons,border_police,published,source.geostat_demography_migration_citizenship,1!F171 [2022],2026-10-01
demography.emigrants,country.georgia,2023,male,citizenship.belarus,2498,persons,border_police,published,source.geostat_demography_migration_citizenship,1!F190 [2023],2026-10-01
demography.emigrants,country.georgia,2024,male,citizenship.belarus,1385,persons,border_police,published,source.geostat_demography_migration_citizenship,1!F206 [2024],2026-10-01
demography.emigrants,country.georgia,2025,male,citizenship.belarus,1088,persons,border_police,published,source.geostat_demography_migration_citizenship,1!F223 [2025],2026-10-01
demography.emigrants,country.georgia,2021,female,citizenship.belarus,83,persons,border_police,published,source.geostat_demography_migration_citizenship,1!G158 [2021],2026-10-01
demography.emigrants,country.georgia,2022,female,citizenship.belarus,403,persons,border_police,published,source.geostat_demography_migration_citizenship,1!G171 [2022],2026-10-01
demography.emigrants,country.georgia,2023,female,citizenship.belarus,2039,persons,border_police,published,source.geostat_demography_migration_citizenship,1!G190 [2023],2026-10-01
demography.emigrants,country.georgia,2024,female,citizenship.belarus,1213,persons,border_police,published,source.geostat_demography_migration_citizenship,1!G206 [2024],2026-10-01
demography.emigrants,country.georgia,2025,female,citizenship.belarus,977,persons,border_police,published,source.geostat_demography_migration_citizenship,1!G223 [2025],2026-10-01
demography.emigrants,country.georgia,2024,total,citizenship.turkmenistan,440,persons,border_police,published,source.geostat_demography_migration_citizenship,1!E207 [2024],2026-10-01
demography.emigrants,country.georgia,2024,male,citizenship.turkmenistan,367,persons,border_police,published,source.geostat_demography_migration_citizenship,1!F207 [2024],2026-10-01
demography.emigrants,country.georgia,2024,female,citizenship.turkmenistan,73,persons,border_police,published,source.geostat_demography_migration_citizenship,1!G207 [2024],2026-10-01
demography.emigrants,country.georgia,2012,total,citizenship.other,4050,persons,border_police,published,source.geostat_demography_migration_citizenship,1!E19 [2012],2026-10-01
demography.emigrants,country.georgia,2013,total,citizenship.other,3886,persons,border_police,published,source.geostat_demography_migration_citizenship,1!E35 [2013],2026-10-01
demography.emigrants,country.georgia,2014,total,citizenship.other,3829,persons,border_police,published,source.geostat_demography_migration_citizenship,1!E51 [2014],2026-10-01
demography.emigrants,country.georgia,2015,total,citizenship.other,7104,persons,border_police,published,source.geostat_demography_migration_citizenship,1!E67 [2015],2026-10-01
demography.emigrants,country.georgia,2016,total,citizenship.other,5596,persons,border_police,published,source.geostat_demography_migration_citizenship,1!E83 [2016],2026-10-01
demography.emigrants,country.georgia,2017,total,citizenship.other,3775,persons,border_police,published,source.geostat_demography_migration_citizenship,1!E99 [2017],2026-10-01
demography.emigrants,country.georgia,2018,total,citizenship.other,4697,persons,border_police,published,source.geostat_demography_migration_citizenship,1!E115 [2018],2026-10-01
demography.emigrants,country.georgia,2019,total,citizenship.other,5130,persons,border_police,published,source.geostat_demography_migration_citizenship,1!E131 [2019],2026-10-01
demography.emigrants,country.georgia,2020,total,citizenship.other,5756,persons,border_police,published,source.geostat_demography_migration_citizenship,1!E147 [2020],2026-10-01
demography.emigrants,country.georgia,2021,total,citizenship.other,4780,persons,border_police,published,source.geostat_demography_migration_citizenship,1!E163 [2021],2026-10-01
demography.emigrants,country.georgia,2022,total,citizenship.other,6338,persons,border_police,published,source.geostat_demography_migration_citizenship,1!E179 [2022],2026-10-01
demography.emigrants,country.georgia,2023,total,citizenship.other,13576,persons,border_police,published,source.geostat_demography_migration_citizenship,1!E195 [2023],2026-10-01
demography.emigrants,country.georgia,2024,total,citizenship.other,12068,persons,border_police,published,source.geostat_demography_migration_citizenship,1!E211 [2024],2026-10-01
demography.emigrants,country.georgia,2025,total,citizenship.other,13079,persons,border_police,published,source.geostat_demography_migration_citizenship,1!E227 [2025],2026-10-01
demography.emigrants,country.georgia,2012,male,citizenship.other,2597,persons,border_police,published,source.geostat_demography_migration_citizenship,1!F19 [2012],2026-10-01
demography.emigrants,country.georgia,2013,male,citizenship.other,2432,persons,border_police,published,source.geostat_demography_migration_citizenship,1!F35 [2013],2026-10-01
demography.emigrants,country.georgia,2014,male,citizenship.other,2319,persons,border_police,published,source.geostat_demography_migration_citizenship,1!F51 [2014],2026-10-01
demography.emigrants,country.georgia,2015,male,citizenship.other,4321,persons,border_police,published,source.geostat_demography_migration_citizenship,1!F67 [2015],2026-10-01
demography.emigrants,country.georgia,2016,male,citizenship.other,3323,persons,border_police,published,source.geostat_demography_migration_citizenship,1!F83 [2016],2026-10-01
demography.emigrants,country.georgia,2017,male,citizenship.other,2194,persons,border_police,published,source.geostat_demography_migration_citizenship,1!F99 [2017],2026-10-01
demography.emigrants,country.georgia,2018,male,citizenship.other,2743,persons,border_police,published,source.geostat_demography_migration_citizenship,1!F115 [2018],2026-10-01
demography.emigrants,country.georgia,2019,male,citizenship.other,3064,persons,border_police,published,source.geostat_demography_migration_citizenship,1!F131 [2019],2026-10-01
demography.emigrants,country.georgia,2020,male,citizenship.other,3384,persons,border_police,published,source.geostat_demography_migration_citizenship,1!F147 [2020],2026-10-01
demography.emigrants,country.georgia,2021,male,citizenship.other,2767,persons,border_police,published,source.geostat_demography_migration_citizenship,1!F163 [2021],2026-10-01
demography.emigrants,country.georgia,2022,male,citizenship.other,3835,persons,border_police,published,source.geostat_demography_migration_citizenship,1!F179 [2022],2026-10-01
demography.emigrants,country.georgia,2023,male,citizenship.other,7797,persons,border_police,published,source.geostat_demography_migration_citizenship,1!F195 [2023],2026-10-01
demography.emigrants,country.georgia,2024,male,citizenship.other,7682,persons,border_police,published,source.geostat_demography_migration_citizenship,1!F211 [2024],2026-10-01
demography.emigrants,country.georgia,2025,male,citizenship.other,7739,persons,border_police,published,source.geostat_demography_migration_citizenship,1!F227 [2025],2026-10-01
demography.emigrants,country.georgia,2012,female,citizenship.other,1453,persons,border_police,published,source.geostat_demography_migration_citizenship,1!G19 [2012],2026-10-01
demography.emigrants,country.georgia,2013,female,citizenship.other,1454,persons,border_police,published,source.geostat_demography_migration_citizenship,1!G35 [2013],2026-10-01
demography.emigrants,country.georgia,2014,female,citizenship.other,1510,persons,border_police,published,source.geostat_demography_migration_citizenship,1!G51 [2014],2026-10-01
demography.emigrants,country.georgia,2015,female,citizenship.other,2783,persons,border_police,published,source.geostat_demography_migration_citizenship,1!G67 [2015],2026-10-01
demography.emigrants,country.georgia,2016,female,citizenship.other,2273,persons,border_police,published,source.geostat_demography_migration_citizenship,1!G83 [2016],2026-10-01
demography.emigrants,country.georgia,2017,female,citizenship.other,1581,persons,border_police,published,source.geostat_demography_migration_citizenship,1!G99 [2017],2026-10-01
demography.emigrants,country.georgia,2018,female,citizenship.other,1954,persons,border_police,published,source.geostat_demography_migration_citizenship,1!G115 [2018],2026-10-01
demography.emigrants,country.georgia,2019,female,citizenship.other,2066,persons,border_police,published,source.geostat_demography_migration_citizenship,1!G131 [2019],2026-10-01
demography.emigrants,country.georgia,2020,female,citizenship.other,2372,persons,border_police,published,source.geostat_demography_migration_citizenship,1!G147 [2020],2026-10-01
demography.emigrants,country.georgia,2021,female,citizenship.other,2013,persons,border_police,published,source.geostat_demography_migration_citizenship,1!G163 [2021],2026-10-01
demography.emigrants,country.georgia,2022,female,citizenship.other,2503,persons,border_police,published,source.geostat_demography_migration_citizenship,1!G179 [2022],2026-10-01
demography.emigrants,country.georgia,2023,female,citizenship.other,5779,persons,border_police,published,source.geostat_demography_migration_citizenship,1!G195 [2023],2026-10-01
demography.emigrants,country.georgia,2024,female,citizenship.other,4386,persons,border_police,published,source.geostat_demography_migration_citizenship,1!G211 [2024],2026-10-01
demography.emigrants,country.georgia,2025,female,citizenship.other,5340,persons,border_police,published,source.geostat_demography_migration_citizenship,1!G227 [2025],2026-10-01
demography.emigrants,country.georgia,2012,total,citizenship.stateless,183,persons,border_police,published,source.geostat_demography_migration_citizenship,1!E20 [2012],2026-10-01
demography.emigrants,country.georgia,2013,total,citizenship.stateless,110,persons,border_police,published,source.geostat_demography_migration_citizenship,1!E36 [2013],2026-10-01
demography.emigrants,country.georgia,2014,total,citizenship.stateless,69,persons,border_police,published,source.geostat_demography_migration_citizenship,1!E52 [2014],2026-10-01
demography.emigrants,country.georgia,2015,total,citizenship.stateless,149,persons,border_police,published,source.geostat_demography_migration_citizenship,1!E68 [2015],2026-10-01
demography.emigrants,country.georgia,2016,total,citizenship.stateless,168,persons,border_police,published,source.geostat_demography_migration_citizenship,1!E84 [2016],2026-10-01
demography.emigrants,country.georgia,2017,total,citizenship.stateless,52,persons,border_police,published,source.geostat_demography_migration_citizenship,1!E100 [2017],2026-10-01
demography.emigrants,country.georgia,2018,total,citizenship.stateless,62,persons,border_police,published,source.geostat_demography_migration_citizenship,1!E116 [2018],2026-10-01
demography.emigrants,country.georgia,2019,total,citizenship.stateless,76,persons,border_police,published,source.geostat_demography_migration_citizenship,1!E132 [2019],2026-10-01
demography.emigrants,country.georgia,2020,total,citizenship.stateless,161,persons,border_police,published,source.geostat_demography_migration_citizenship,1!E148 [2020],2026-10-01
demography.emigrants,country.georgia,2021,total,citizenship.stateless,54,persons,border_police,published,source.geostat_demography_migration_citizenship,1!E164 [2021],2026-10-01
demography.emigrants,country.georgia,2022,total,citizenship.stateless,53,persons,border_police,published,source.geostat_demography_migration_citizenship,1!E180 [2022],2026-10-01
demography.emigrants,country.georgia,2023,total,citizenship.stateless,167,persons,border_police,published,source.geostat_demography_migration_citizenship,1!E196 [2023],2026-10-01
demography.emigrants,country.georgia,2024,total,citizenship.stateless,39,persons,border_police,published,source.geostat_demography_migration_citizenship,1!E212 [2024],2026-10-01
demography.emigrants,country.georgia,2025,total,citizenship.stateless,31,persons,border_police,published,source.geostat_demography_migration_citizenship,1!E228 [2025],2026-10-01
demography.emigrants,country.georgia,2012,male,citizenship.stateless,99,persons,border_police,published,source.geostat_demography_migration_citizenship,1!F20 [2012],2026-10-01
demography.emigrants,country.georgia,2013,male,citizenship.stateless,69,persons,border_police,published,source.geostat_demography_migration_citizenship,1!F36 [2013],2026-10-01
demography.emigrants,country.georgia,2014,male,citizenship.stateless,47,persons,border_police,published,source.geostat_demography_migration_citizenship,1!F52 [2014],2026-10-01
demography.emigrants,country.georgia,2015,male,citizenship.stateless,91,persons,border_police,published,source.geostat_demography_migration_citizenship,1!F68 [2015],2026-10-01
demography.emigrants,country.georgia,2016,male,citizenship.stateless,107,persons,border_police,published,source.geostat_demography_migration_citizenship,1!F84 [2016],2026-10-01
demography.emigrants,country.georgia,2017,male,citizenship.stateless,32,persons,border_police,published,source.geostat_demography_migration_citizenship,1!F100 [2017],2026-10-01
demography.emigrants,country.georgia,2018,male,citizenship.stateless,34,persons,border_police,published,source.geostat_demography_migration_citizenship,1!F116 [2018],2026-10-01
demography.emigrants,country.georgia,2019,male,citizenship.stateless,56,persons,border_police,published,source.geostat_demography_migration_citizenship,1!F132 [2019],2026-10-01
demography.emigrants,country.georgia,2020,male,citizenship.stateless,85,persons,border_police,published,source.geostat_demography_migration_citizenship,1!F148 [2020],2026-10-01
demography.emigrants,country.georgia,2021,male,citizenship.stateless,34,persons,border_police,published,source.geostat_demography_migration_citizenship,1!F164 [2021],2026-10-01
demography.emigrants,country.georgia,2022,male,citizenship.stateless,29,persons,border_police,published,source.geostat_demography_migration_citizenship,1!F180 [2022],2026-10-01
demography.emigrants,country.georgia,2023,male,citizenship.stateless,88,persons,border_police,published,source.geostat_demography_migration_citizenship,1!F196 [2023],2026-10-01
demography.emigrants,country.georgia,2024,male,citizenship.stateless,29,persons,border_police,published,source.geostat_demography_migration_citizenship,1!F212 [2024],2026-10-01
demography.emigrants,country.georgia,2025,male,citizenship.stateless,20,persons,border_police,published,source.geostat_demography_migration_citizenship,1!F228 [2025],2026-10-01
demography.emigrants,country.georgia,2012,female,citizenship.stateless,84,persons,border_police,published,source.geostat_demography_migration_citizenship,1!G20 [2012],2026-10-01
demography.emigrants,country.georgia,2013,female,citizenship.stateless,41,persons,border_police,published,source.geostat_demography_migration_citizenship,1!G36 [2013],2026-10-01
demography.emigrants,country.georgia,2014,female,citizenship.stateless,22,persons,border_police,published,source.geostat_demography_migration_citizenship,1!G52 [2014],2026-10-01
demography.emigrants,country.georgia,2015,female,citizenship.stateless,58,persons,border_police,published,source.geostat_demography_migration_citizenship,1!G68 [2015],2026-10-01
demography.emigrants,country.georgia,2016,female,citizenship.stateless,61,persons,border_police,published,source.geostat_demography_migration_citizenship,1!G84 [2016],2026-10-01
demography.emigrants,country.georgia,2017,female,citizenship.stateless,20,persons,border_police,published,source.geostat_demography_migration_citizenship,1!G100 [2017],2026-10-01
demography.emigrants,country.georgia,2018,female,citizenship.stateless,28,persons,border_police,published,source.geostat_demography_migration_citizenship,1!G116 [2018],2026-10-01
demography.emigrants,country.georgia,2019,female,citizenship.stateless,20,persons,border_police,published,source.geostat_demography_migration_citizenship,1!G132 [2019],2026-10-01
demography.emigrants,country.georgia,2020,female,citizenship.stateless,76,persons,border_police,published,source.geostat_demography_migration_citizenship,1!G148 [2020],2026-10-01
demography.emigrants,country.georgia,2021,female,citizenship.stateless,20,persons,border_police,published,source.geostat_demography_migration_citizenship,1!G164 [2021],2026-10-01
demography.emigrants,country.georgia,2022,female,citizenship.stateless,24,persons,border_police,published,source.geostat_demography_migration_citizenship,1!G180 [2022],2026-10-01
demography.emigrants,country.georgia,2023,female,citizenship.stateless,79,persons,border_police,published,source.geostat_demography_migration_citizenship,1!G196 [2023],2026-10-01
demography.emigrants,country.georgia,2024,female,citizenship.stateless,10,persons,border_police,published,source.geostat_demography_migration_citizenship,1!G212 [2024],2026-10-01
demography.emigrants,country.georgia,2025,female,citizenship.stateless,11,persons,border_police,published,source.geostat_demography_migration_citizenship,1!G228 [2025],2026-10-01
demography.emigrants,country.georgia,2012,total,citizenship.not_stated,24,persons,border_police,published,source.geostat_demography_migration_citizenship,1!E21 [2012],2026-10-01
demography.emigrants,country.georgia,2013,total,citizenship.not_stated,0,persons,border_police,published,source.geostat_demography_migration_citizenship,1!E37 [2013],2026-10-01
demography.emigrants,country.georgia,2014,total,citizenship.not_stated,0,persons,border_police,published,source.geostat_demography_migration_citizenship,1!E53 [2014],2026-10-01
demography.emigrants,country.georgia,2015,total,citizenship.not_stated,0,persons,border_police,published,source.geostat_demography_migration_citizenship,1!E69 [2015],2026-10-01
demography.emigrants,country.georgia,2016,total,citizenship.not_stated,0,persons,border_police,published,source.geostat_demography_migration_citizenship,1!E85 [2016],2026-10-01
demography.emigrants,country.georgia,2017,total,citizenship.not_stated,0,persons,border_police,published,source.geostat_demography_migration_citizenship,1!E101 [2017],2026-10-01
demography.emigrants,country.georgia,2018,total,citizenship.not_stated,0,persons,border_police,published,source.geostat_demography_migration_citizenship,1!E117 [2018],2026-10-01
demography.emigrants,country.georgia,2019,total,citizenship.not_stated,0,persons,border_police,published,source.geostat_demography_migration_citizenship,1!E133 [2019],2026-10-01
demography.emigrants,country.georgia,2020,total,citizenship.not_stated,0,persons,border_police,published,source.geostat_demography_migration_citizenship,1!E149 [2020],2026-10-01
demography.emigrants,country.georgia,2021,total,citizenship.not_stated,1,persons,border_police,published,source.geostat_demography_migration_citizenship,1!E165 [2021],2026-10-01
demography.emigrants,country.georgia,2022,total,citizenship.not_stated,0,persons,border_police,published,source.geostat_demography_migration_citizenship,1!E181 [2022],2026-10-01
demography.emigrants,country.georgia,2023,total,citizenship.not_stated,0,persons,border_police,published,source.geostat_demography_migration_citizenship,1!E197 [2023],2026-10-01
demography.emigrants,country.georgia,2024,total,citizenship.not_stated,0,persons,border_police,published,source.geostat_demography_migration_citizenship,1!E213 [2024],2026-10-01
demography.emigrants,country.georgia,2025,total,citizenship.not_stated,0,persons,border_police,published,source.geostat_demography_migration_citizenship,1!E229 [2025],2026-10-01
demography.emigrants,country.georgia,2012,male,citizenship.not_stated,15,persons,border_police,published,source.geostat_demography_migration_citizenship,1!F21 [2012],2026-10-01
demography.emigrants,country.georgia,2013,male,citizenship.not_stated,0,persons,border_police,published,source.geostat_demography_migration_citizenship,1!F37 [2013],2026-10-01
demography.emigrants,country.georgia,2014,male,citizenship.not_stated,0,persons,border_police,published,source.geostat_demography_migration_citizenship,1!F53 [2014],2026-10-01
demography.emigrants,country.georgia,2015,male,citizenship.not_stated,0,persons,border_police,published,source.geostat_demography_migration_citizenship,1!F69 [2015],2026-10-01
demography.emigrants,country.georgia,2016,male,citizenship.not_stated,0,persons,border_police,published,source.geostat_demography_migration_citizenship,1!F85 [2016],2026-10-01
demography.emigrants,country.georgia,2017,male,citizenship.not_stated,0,persons,border_police,published,source.geostat_demography_migration_citizenship,1!F101 [2017],2026-10-01
demography.emigrants,country.georgia,2018,male,citizenship.not_stated,0,persons,border_police,published,source.geostat_demography_migration_citizenship,1!F117 [2018],2026-10-01
demography.emigrants,country.georgia,2019,male,citizenship.not_stated,0,persons,border_police,published,source.geostat_demography_migration_citizenship,1!F133 [2019],2026-10-01
demography.emigrants,country.georgia,2020,male,citizenship.not_stated,0,persons,border_police,published,source.geostat_demography_migration_citizenship,1!F149 [2020],2026-10-01
demography.emigrants,country.georgia,2021,male,citizenship.not_stated,1,persons,border_police,published,source.geostat_demography_migration_citizenship,1!F165 [2021],2026-10-01
demography.emigrants,country.georgia,2022,male,citizenship.not_stated,0,persons,border_police,published,source.geostat_demography_migration_citizenship,1!F181 [2022],2026-10-01
demography.emigrants,country.georgia,2023,male,citizenship.not_stated,0,persons,border_police,published,source.geostat_demography_migration_citizenship,1!F197 [2023],2026-10-01
demography.emigrants,country.georgia,2024,male,citizenship.not_stated,0,persons,border_police,published,source.geostat_demography_migration_citizenship,1!F213 [2024],2026-10-01
demography.emigrants,country.georgia,2025,male,citizenship.not_stated,0,persons,border_police,published,source.geostat_demography_migration_citizenship,1!F229 [2025],2026-10-01
demography.emigrants,country.georgia,2012,female,citizenship.not_stated,9,persons,border_police,published,source.geostat_demography_migration_citizenship,1!G21 [2012],2026-10-01
demography.emigrants,country.georgia,2013,female,citizenship.not_stated,0,persons,border_police,published,source.geostat_demography_migration_citizenship,1!G37 [2013],2026-10-01
demography.emigrants,country.georgia,2014,female,citizenship.not_stated,0,persons,border_police,published,source.geostat_demography_migration_citizenship,1!G53 [2014],2026-10-01
demography.emigrants,country.georgia,2015,female,citizenship.not_stated,0,persons,border_police,published,source.geostat_demography_migration_citizenship,1!G69 [2015],2026-10-01
demography.emigrants,country.georgia,2016,female,citizenship.not_stated,0,persons,border_police,published,source.geostat_demography_migration_citizenship,1!G85 [2016],2026-10-01
demography.emigrants,country.georgia,2017,female,citizenship.not_stated,0,persons,border_police,published,source.geostat_demography_migration_citizenship,1!G101 [2017],2026-10-01
demography.emigrants,country.georgia,2018,female,citizenship.not_stated,0,persons,border_police,published,source.geostat_demography_migration_citizenship,1!G117 [2018],2026-10-01
demography.emigrants,country.georgia,2019,female,citizenship.not_stated,0,persons,border_police,published,source.geostat_demography_migration_citizenship,1!G133 [2019],2026-10-01
demography.emigrants,country.georgia,2020,female,citizenship.not_stated,0,persons,border_police,published,source.geostat_demography_migration_citizenship,1!G149 [2020],2026-10-01
demography.emigrants,country.georgia,2021,female,citizenship.not_stated,0,persons,border_police,published,source.geostat_demography_migration_citizenship,1!G165 [2021],2026-10-01
demography.emigrants,country.georgia,2022,female,citizenship.not_stated,0,persons,border_police,published,source.geostat_demography_migration_citizenship,1!G181 [2022],2026-10-01
demography.emigrants,country.georgia,2023,female,citizenship.not_stated,0,persons,border_police,published,source.geostat_demography_migration_citizenship,1!G197 [2023],2026-10-01
demography.emigrants,country.georgia,2024,female,citizenship.not_stated,0,persons,border_police,published,source.geostat_demography_migration_citizenship,1!G213 [2024],2026-10-01
demography.emigrants,country.georgia,2025,female,citizenship.not_stated,0,persons,border_police,published,source.geostat_demography_migration_citizenship,1!G229 [2025],2026-10-01
demography.net_migration,country.georgia,2012,total,citizenship.total,-21521,persons,border_police,published,source.geostat_demography_net_migration,1!B23 [2012],2026-10-01
demography.net_migration,country.georgia,2013,total,citizenship.total,-2606,persons,border_police,published,source.geostat_demography_net_migration,1!B24 [2013],2026-10-01
demography.net_migration,country.georgia,2014,total,citizenship.total,-6543,persons,border_police,published,source.geostat_demography_net_migration,1!B25 [2014],2026-10-01
demography.net_migration,country.georgia,2015,total,citizenship.total,-3408,persons,border_police,published,source.geostat_demography_net_migration,1!B26 [2015],2026-10-01
demography.net_migration,country.georgia,2016,total,citizenship.total,-8060,persons,border_police,published,source.geostat_demography_net_migration,1!B27 [2016],2026-10-01
demography.net_migration,country.georgia,2017,total,citizenship.total,-2212,persons,border_police,published,source.geostat_demography_net_migration,1!B28 [2017],2026-10-01
demography.net_migration,country.georgia,2018,total,citizenship.total,-10783,persons,border_police,published,source.geostat_demography_net_migration,1!B29 [2018],2026-10-01
demography.net_migration,country.georgia,2019,total,citizenship.total,-8243,persons,border_police,published,source.geostat_demography_net_migration,1!B30 [2019],2026-10-01
demography.net_migration,country.georgia,2020,total,citizenship.total,15732,persons,border_police,published,source.geostat_demography_net_migration,1!B31 [2020],2026-10-01
demography.net_migration,country.georgia,2021,total,citizenship.total,-25966,persons,border_police,published,source.geostat_demography_net_migration,1!B32 [2021],2026-10-01
demography.net_migration,country.georgia,2022,total,citizenship.total,54509,persons,border_police,published,source.geostat_demography_net_migration,1!B33 [2022],2026-10-01
demography.net_migration,country.georgia,2023,total,citizenship.total,-39207,persons,border_police,published,source.geostat_demography_net_migration,1!B34 [2023],2026-10-01
demography.net_migration,country.georgia,2024,total,citizenship.total,14386,persons,border_police,published,source.geostat_demography_net_migration,1!B35 [2024],2026-10-01
demography.net_migration,country.georgia,2025,total,citizenship.total,17127,persons,border_police,published,source.geostat_demography_net_migration,1!B36 [2025],2026-10-01
demography.immigrants_by_citizenship_group,country.georgia,2012,total,citizenship.georgia,29173,persons,border_police,published,source.geostat_demography_migration_citizenship,1!B8 [2012],2026-10-03
demography.immigrants_by_citizenship_group,country.georgia,2013,total,citizenship.georgia,46079,persons,border_police,published,source.geostat_demography_migration_citizenship,1!B24 [2013],2026-10-03
demography.immigrants_by_citizenship_group,country.georgia,2014,total,citizenship.georgia,49706,persons,border_police,published,source.geostat_demography_migration_citizenship,1!B40 [2014],2026-10-03
demography.immigrants_by_citizenship_group,country.georgia,2015,total,citizenship.georgia,50924,persons,border_police,published,source.geostat_demography_migration_citizenship,1!B56 [2015],2026-10-03
demography.immigrants_by_citizenship_group,country.georgia,2016,total,citizenship.georgia,47086,persons,border_police,published,source.geostat_demography_migration_citizenship,1!B72 [2016],2026-10-03
demography.immigrants_by_citizenship_group,country.georgia,2017,total,citizenship.georgia,48343,persons,border_police,published,source.geostat_demography_migration_citizenship,1!B88 [2017],2026-10-03
demography.immigrants_by_citizenship_group,country.georgia,2018,total,citizenship.georgia,47883,persons,border_police,published,source.geostat_demography_migration_citizenship,1!B104 [2018],2026-10-03
demography.immigrants_by_citizenship_group,country.georgia,2019,total,citizenship.georgia,54478,persons,border_police,published,source.geostat_demography_migration_citizenship,1!B120 [2019],2026-10-03
demography.immigrants_by_citizenship_group,country.georgia,2020,total,citizenship.georgia,66668,persons,border_police,published,source.geostat_demography_migration_citizenship,1!B136 [2020],2026-10-03
demography.immigrants_by_citizenship_group,country.georgia,2021,total,citizenship.georgia,39526,persons,border_police,published,source.geostat_demography_migration_citizenship,1!B152 [2021],2026-10-03
demography.immigrants_by_citizenship_group,country.georgia,2022,total,citizenship.georgia,54405,persons,border_police,published,source.geostat_demography_migration_citizenship,1!B168 [2022],2026-10-03
demography.immigrants_by_citizenship_group,country.georgia,2023,total,citizenship.georgia,91896,persons,border_police,published,source.geostat_demography_migration_citizenship,1!B184 [2023],2026-10-03
demography.immigrants_by_citizenship_group,country.georgia,2024,total,citizenship.georgia,65436,persons,border_police,published,source.geostat_demography_migration_citizenship,1!B200 [2024],2026-10-03
demography.immigrants_by_citizenship_group,country.georgia,2025,total,citizenship.georgia,62073,persons,border_police,published,source.geostat_demography_migration_citizenship,1!B216 [2025],2026-10-03
demography.immigrants_by_citizenship_group,country.georgia,2012,male,citizenship.georgia,16714,persons,border_police,published,source.geostat_demography_migration_citizenship,1!C8 [2012],2026-10-03
demography.immigrants_by_citizenship_group,country.georgia,2013,male,citizenship.georgia,25848,persons,border_police,published,source.geostat_demography_migration_citizenship,1!C24 [2013],2026-10-03
demography.immigrants_by_citizenship_group,country.georgia,2014,male,citizenship.georgia,29047,persons,border_police,published,source.geostat_demography_migration_citizenship,1!C40 [2014],2026-10-03
demography.immigrants_by_citizenship_group,country.georgia,2015,male,citizenship.georgia,30411,persons,border_police,published,source.geostat_demography_migration_citizenship,1!C56 [2015],2026-10-03
demography.immigrants_by_citizenship_group,country.georgia,2016,male,citizenship.georgia,28263,persons,border_police,published,source.geostat_demography_migration_citizenship,1!C72 [2016],2026-10-03
demography.immigrants_by_citizenship_group,country.georgia,2017,male,citizenship.georgia,28989,persons,border_police,published,source.geostat_demography_migration_citizenship,1!C88 [2017],2026-10-03
demography.immigrants_by_citizenship_group,country.georgia,2018,male,citizenship.georgia,28607,persons,border_police,published,source.geostat_demography_migration_citizenship,1!C104 [2018],2026-10-03
demography.immigrants_by_citizenship_group,country.georgia,2019,male,citizenship.georgia,32452,persons,border_police,published,source.geostat_demography_migration_citizenship,1!C120 [2019],2026-10-03
demography.immigrants_by_citizenship_group,country.georgia,2020,male,citizenship.georgia,37957,persons,border_police,published,source.geostat_demography_migration_citizenship,1!C136 [2020],2026-10-03
demography.immigrants_by_citizenship_group,country.georgia,2021,male,citizenship.georgia,22401,persons,border_police,published,source.geostat_demography_migration_citizenship,1!C152 [2021],2026-10-03
demography.immigrants_by_citizenship_group,country.georgia,2022,male,citizenship.georgia,33041,persons,border_police,published,source.geostat_demography_migration_citizenship,1!C168 [2022],2026-10-03
demography.immigrants_by_citizenship_group,country.georgia,2023,male,citizenship.georgia,54895,persons,border_police,published,source.geostat_demography_migration_citizenship,1!C184 [2023],2026-10-03
demography.immigrants_by_citizenship_group,country.georgia,2024,male,citizenship.georgia,40596,persons,border_police,published,source.geostat_demography_migration_citizenship,1!C200 [2024],2026-10-03
demography.immigrants_by_citizenship_group,country.georgia,2025,male,citizenship.georgia,38593,persons,border_police,published,source.geostat_demography_migration_citizenship,1!C216 [2025],2026-10-03
demography.immigrants_by_citizenship_group,country.georgia,2012,female,citizenship.georgia,12459,persons,border_police,published,source.geostat_demography_migration_citizenship,1!D8 [2012],2026-10-03
demography.immigrants_by_citizenship_group,country.georgia,2013,female,citizenship.georgia,20231,persons,border_police,published,source.geostat_demography_migration_citizenship,1!D24 [2013],2026-10-03
demography.immigrants_by_citizenship_group,country.georgia,2014,female,citizenship.georgia,20659,persons,border_police,published,source.geostat_demography_migration_citizenship,1!D40 [2014],2026-10-03
demography.immigrants_by_citizenship_group,country.georgia,2015,female,citizenship.georgia,20513,persons,border_police,published,source.geostat_demography_migration_citizenship,1!D56 [2015],2026-10-03
demography.immigrants_by_citizenship_group,country.georgia,2016,female,citizenship.georgia,18823,persons,border_police,published,source.geostat_demography_migration_citizenship,1!D72 [2016],2026-10-03
demography.immigrants_by_citizenship_group,country.georgia,2017,female,citizenship.georgia,19354,persons,border_police,published,source.geostat_demography_migration_citizenship,1!D88 [2017],2026-10-03
demography.immigrants_by_citizenship_group,country.georgia,2018,female,citizenship.georgia,19276,persons,border_police,published,source.geostat_demography_migration_citizenship,1!D104 [2018],2026-10-03
demography.immigrants_by_citizenship_group,country.georgia,2019,female,citizenship.georgia,22026,persons,border_police,published,source.geostat_demography_migration_citizenship,1!D120 [2019],2026-10-03
demography.immigrants_by_citizenship_group,country.georgia,2020,female,citizenship.georgia,28711,persons,border_police,published,source.geostat_demography_migration_citizenship,1!D136 [2020],2026-10-03
demography.immigrants_by_citizenship_group,country.georgia,2021,female,citizenship.georgia,17125,persons,border_police,published,source.geostat_demography_migration_citizenship,1!D152 [2021],2026-10-03
demography.immigrants_by_citizenship_group,country.georgia,2022,female,citizenship.georgia,21364,persons,border_police,published,source.geostat_demography_migration_citizenship,1!D168 [2022],2026-10-03
demography.immigrants_by_citizenship_group,country.georgia,2023,female,citizenship.georgia,37001,persons,border_police,published,source.geostat_demography_migration_citizenship,1!D184 [2023],2026-10-03
demography.immigrants_by_citizenship_group,country.georgia,2024,female,citizenship.georgia,24840,persons,border_police,published,source.geostat_demography_migration_citizenship,1!D200 [2024],2026-10-03
demography.immigrants_by_citizenship_group,country.georgia,2025,female,citizenship.georgia,23480,persons,border_police,published,source.geostat_demography_migration_citizenship,1!D216 [2025],2026-10-03
demography.immigrants_by_citizenship_group,country.georgia,2012,total,citizenship.russian_federation,7475,persons,border_police,published,source.geostat_demography_migration_citizenship,1!B10 [2012],2026-10-03
demography.immigrants_by_citizenship_group,country.georgia,2013,total,citizenship.russian_federation,10427,persons,border_police,published,source.geostat_demography_migration_citizenship,1!B25 [2013],2026-10-03
demography.immigrants_by_citizenship_group,country.georgia,2014,total,citizenship.russian_federation,9692,persons,border_police,published,source.geostat_demography_migration_citizenship,1!B41 [2014],2026-10-03
demography.immigrants_by_citizenship_group,country.georgia,2015,total,citizenship.russian_federation,10552,persons,border_police,published,source.geostat_demography_migration_citizenship,1!B57 [2015],2026-10-03
demography.immigrants_by_citizenship_group,country.georgia,2016,total,citizenship.russian_federation,11185,persons,border_police,published,source.geostat_demography_migration_citizenship,1!B73 [2016],2026-10-03
demography.immigrants_by_citizenship_group,country.georgia,2017,total,citizenship.russian_federation,9723,persons,border_police,published,source.geostat_demography_migration_citizenship,1!B89 [2017],2026-10-03
demography.immigrants_by_citizenship_group,country.georgia,2018,total,citizenship.russian_federation,10323,persons,border_police,published,source.geostat_demography_migration_citizenship,1!B105 [2018],2026-10-03
demography.immigrants_by_citizenship_group,country.georgia,2019,total,citizenship.russian_federation,11515,persons,border_police,published,source.geostat_demography_migration_citizenship,1!B121 [2019],2026-10-03
demography.immigrants_by_citizenship_group,country.georgia,2020,total,citizenship.russian_federation,6546,persons,border_police,published,source.geostat_demography_migration_citizenship,1!B137 [2020],2026-10-03
demography.immigrants_by_citizenship_group,country.georgia,2021,total,citizenship.russian_federation,10881,persons,border_police,published,source.geostat_demography_migration_citizenship,1!B153 [2021],2026-10-03
demography.immigrants_by_citizenship_group,country.georgia,2022,total,citizenship.russian_federation,62304,persons,border_police,published,source.geostat_demography_migration_citizenship,1!B169 [2022],2026-10-03
demography.immigrants_by_citizenship_group,country.georgia,2023,total,citizenship.russian_federation,52627,persons,border_police,published,source.geostat_demography_migration_citizenship,1!B185 [2023],2026-10-03
demography.immigrants_by_citizenship_group,country.georgia,2024,total,citizenship.russian_federation,23574,persons,border_police,published,source.geostat_demography_migration_citizenship,1!B201 [2024],2026-10-03
demography.immigrants_by_citizenship_group,country.georgia,2025,total,citizenship.russian_federation,20139,persons,border_police,published,source.geostat_demography_migration_citizenship,1!B217 [2025],2026-10-03
demography.immigrants_by_citizenship_group,country.georgia,2012,male,citizenship.russian_federation,3969,persons,border_police,published,source.geostat_demography_migration_citizenship,1!C10 [2012],2026-10-03
demography.immigrants_by_citizenship_group,country.georgia,2013,male,citizenship.russian_federation,5690,persons,border_police,published,source.geostat_demography_migration_citizenship,1!C25 [2013],2026-10-03
demography.immigrants_by_citizenship_group,country.georgia,2014,male,citizenship.russian_federation,5224,persons,border_police,published,source.geostat_demography_migration_citizenship,1!C41 [2014],2026-10-03
demography.immigrants_by_citizenship_group,country.georgia,2015,male,citizenship.russian_federation,5972,persons,border_police,published,source.geostat_demography_migration_citizenship,1!C57 [2015],2026-10-03
demography.immigrants_by_citizenship_group,country.georgia,2016,male,citizenship.russian_federation,6262,persons,border_police,published,source.geostat_demography_migration_citizenship,1!C73 [2016],2026-10-03
demography.immigrants_by_citizenship_group,country.georgia,2017,male,citizenship.russian_federation,5391,persons,border_police,published,source.geostat_demography_migration_citizenship,1!C89 [2017],2026-10-03
demography.immigrants_by_citizenship_group,country.georgia,2018,male,citizenship.russian_federation,5493,persons,border_police,published,source.geostat_demography_migration_citizenship,1!C105 [2018],2026-10-03
demography.immigrants_by_citizenship_group,country.georgia,2019,male,citizenship.russian_federation,6173,persons,border_police,published,source.geostat_demography_migration_citizenship,1!C121 [2019],2026-10-03
demography.immigrants_by_citizenship_group,country.georgia,2020,male,citizenship.russian_federation,3584,persons,border_police,published,source.geostat_demography_migration_citizenship,1!C137 [2020],2026-10-03
demography.immigrants_by_citizenship_group,country.georgia,2021,male,citizenship.russian_federation,5275,persons,border_police,published,source.geostat_demography_migration_citizenship,1!C153 [2021],2026-10-03
demography.immigrants_by_citizenship_group,country.georgia,2022,male,citizenship.russian_federation,37864,persons,border_police,published,source.geostat_demography_migration_citizenship,1!C169 [2022],2026-10-03
demography.immigrants_by_citizenship_group,country.georgia,2023,male,citizenship.russian_federation,27941,persons,border_police,published,source.geostat_demography_migration_citizenship,1!C185 [2023],2026-10-03
demography.immigrants_by_citizenship_group,country.georgia,2024,male,citizenship.russian_federation,11847,persons,border_police,published,source.geostat_demography_migration_citizenship,1!C201 [2024],2026-10-03
demography.immigrants_by_citizenship_group,country.georgia,2025,male,citizenship.russian_federation,10223,persons,border_police,published,source.geostat_demography_migration_citizenship,1!C217 [2025],2026-10-03
demography.immigrants_by_citizenship_group,country.georgia,2012,female,citizenship.russian_federation,3506,persons,border_police,published,source.geostat_demography_migration_citizenship,1!D10 [2012],2026-10-03
demography.immigrants_by_citizenship_group,country.georgia,2013,female,citizenship.russian_federation,4737,persons,border_police,published,source.geostat_demography_migration_citizenship,1!D25 [2013],2026-10-03
demography.immigrants_by_citizenship_group,country.georgia,2014,female,citizenship.russian_federation,4468,persons,border_police,published,source.geostat_demography_migration_citizenship,1!D41 [2014],2026-10-03
demography.immigrants_by_citizenship_group,country.georgia,2015,female,citizenship.russian_federation,4580,persons,border_police,published,source.geostat_demography_migration_citizenship,1!D57 [2015],2026-10-03
demography.immigrants_by_citizenship_group,country.georgia,2016,female,citizenship.russian_federation,4923,persons,border_police,published,source.geostat_demography_migration_citizenship,1!D73 [2016],2026-10-03
demography.immigrants_by_citizenship_group,country.georgia,2017,female,citizenship.russian_federation,4332,persons,border_police,published,source.geostat_demography_migration_citizenship,1!D89 [2017],2026-10-03
demography.immigrants_by_citizenship_group,country.georgia,2018,female,citizenship.russian_federation,4830,persons,border_police,published,source.geostat_demography_migration_citizenship,1!D105 [2018],2026-10-03
demography.immigrants_by_citizenship_group,country.georgia,2019,female,citizenship.russian_federation,5342,persons,border_police,published,source.geostat_demography_migration_citizenship,1!D121 [2019],2026-10-03
demography.immigrants_by_citizenship_group,country.georgia,2020,female,citizenship.russian_federation,2962,persons,border_police,published,source.geostat_demography_migration_citizenship,1!D137 [2020],2026-10-03
demography.immigrants_by_citizenship_group,country.georgia,2021,female,citizenship.russian_federation,5606,persons,border_police,published,source.geostat_demography_migration_citizenship,1!D153 [2021],2026-10-03
demography.immigrants_by_citizenship_group,country.georgia,2022,female,citizenship.russian_federation,24440,persons,border_police,published,source.geostat_demography_migration_citizenship,1!D169 [2022],2026-10-03
demography.immigrants_by_citizenship_group,country.georgia,2023,female,citizenship.russian_federation,24686,persons,border_police,published,source.geostat_demography_migration_citizenship,1!D185 [2023],2026-10-03
demography.immigrants_by_citizenship_group,country.georgia,2024,female,citizenship.russian_federation,11727,persons,border_police,published,source.geostat_demography_migration_citizenship,1!D201 [2024],2026-10-03
demography.immigrants_by_citizenship_group,country.georgia,2025,female,citizenship.russian_federation,9916,persons,border_police,published,source.geostat_demography_migration_citizenship,1!D217 [2025],2026-10-03
demography.immigrants_by_citizenship_group,country.georgia,2012,total,citizenship.turkey,6959,persons,border_police,published,source.geostat_demography_migration_citizenship,1!B11 [2012],2026-10-03
demography.immigrants_by_citizenship_group,country.georgia,2013,total,citizenship.turkey,10007,persons,border_police,published,source.geostat_demography_migration_citizenship,1!B26 [2013],2026-10-03
demography.immigrants_by_citizenship_group,country.georgia,2014,total,citizenship.turkey,4672,persons,border_police,published,source.geostat_demography_migration_citizenship,1!B42 [2014],2026-10-03
demography.immigrants_by_citizenship_group,country.georgia,2015,total,citizenship.turkey,5810,persons,border_police,published,source.geostat_demography_migration_citizenship,1!B58 [2015],2026-10-03
demography.immigrants_by_citizenship_group,country.georgia,2016,total,citizenship.turkey,6294,persons,border_police,published,source.geostat_demography_migration_citizenship,1!B74 [2016],2026-10-03
demography.immigrants_by_citizenship_group,country.georgia,2017,total,citizenship.turkey,4365,persons,border_police,published,source.geostat_demography_migration_citizenship,1!B90 [2017],2026-10-03
demography.immigrants_by_citizenship_group,country.georgia,2018,total,citizenship.turkey,3934,persons,border_police,published,source.geostat_demography_migration_citizenship,1!B106 [2018],2026-10-03
demography.immigrants_by_citizenship_group,country.georgia,2019,total,citizenship.turkey,3419,persons,border_police,published,source.geostat_demography_migration_citizenship,1!B124 [2019],2026-10-03
demography.immigrants_by_citizenship_group,country.georgia,2020,total,citizenship.turkey,1776,persons,border_police,published,source.geostat_demography_migration_citizenship,1!B139 [2020],2026-10-03
demography.immigrants_by_citizenship_group,country.georgia,2021,total,citizenship.turkey,2813,persons,border_police,published,source.geostat_demography_migration_citizenship,1!B154 [2021],2026-10-03
demography.immigrants_by_citizenship_group,country.georgia,2022,total,citizenship.turkey,3946,persons,border_police,published,source.geostat_demography_migration_citizenship,1!B173 [2022],2026-10-03
demography.immigrants_by_citizenship_group,country.georgia,2023,total,citizenship.turkey,8624,persons,border_police,published,source.geostat_demography_migration_citizenship,1!B186 [2023],2026-10-03
demography.immigrants_by_citizenship_group,country.georgia,2024,total,citizenship.turkey,5214,persons,border_police,published,source.geostat_demography_migration_citizenship,1!B203 [2024],2026-10-03
demography.immigrants_by_citizenship_group,country.georgia,2025,total,citizenship.turkey,5341,persons,border_police,published,source.geostat_demography_migration_citizenship,1!B220 [2025],2026-10-03
demography.immigrants_by_citizenship_group,country.georgia,2012,male,citizenship.turkey,6108,persons,border_police,published,source.geostat_demography_migration_citizenship,1!C11 [2012],2026-10-03
demography.immigrants_by_citizenship_group,country.georgia,2013,male,citizenship.turkey,7885,persons,border_police,published,source.geostat_demography_migration_citizenship,1!C26 [2013],2026-10-03
demography.immigrants_by_citizenship_group,country.georgia,2014,male,citizenship.turkey,3617,persons,border_police,published,source.geostat_demography_migration_citizenship,1!C42 [2014],2026-10-03
demography.immigrants_by_citizenship_group,country.georgia,2015,male,citizenship.turkey,4687,persons,border_police,published,source.geostat_demography_migration_citizenship,1!C58 [2015],2026-10-03
demography.immigrants_by_citizenship_group,country.georgia,2016,male,citizenship.turkey,4823,persons,border_police,published,source.geostat_demography_migration_citizenship,1!C74 [2016],2026-10-03
demography.immigrants_by_citizenship_group,country.georgia,2017,male,citizenship.turkey,3396,persons,border_police,published,source.geostat_demography_migration_citizenship,1!C90 [2017],2026-10-03
demography.immigrants_by_citizenship_group,country.georgia,2018,male,citizenship.turkey,2974,persons,border_police,published,source.geostat_demography_migration_citizenship,1!C106 [2018],2026-10-03
demography.immigrants_by_citizenship_group,country.georgia,2019,male,citizenship.turkey,2590,persons,border_police,published,source.geostat_demography_migration_citizenship,1!C124 [2019],2026-10-03
demography.immigrants_by_citizenship_group,country.georgia,2020,male,citizenship.turkey,1457,persons,border_police,published,source.geostat_demography_migration_citizenship,1!C139 [2020],2026-10-03
demography.immigrants_by_citizenship_group,country.georgia,2021,male,citizenship.turkey,2160,persons,border_police,published,source.geostat_demography_migration_citizenship,1!C154 [2021],2026-10-03
demography.immigrants_by_citizenship_group,country.georgia,2022,male,citizenship.turkey,3223,persons,border_police,published,source.geostat_demography_migration_citizenship,1!C173 [2022],2026-10-03
demography.immigrants_by_citizenship_group,country.georgia,2023,male,citizenship.turkey,5957,persons,border_police,published,source.geostat_demography_migration_citizenship,1!C186 [2023],2026-10-03
demography.immigrants_by_citizenship_group,country.georgia,2024,male,citizenship.turkey,4118,persons,border_police,published,source.geostat_demography_migration_citizenship,1!C203 [2024],2026-10-03
demography.immigrants_by_citizenship_group,country.georgia,2025,male,citizenship.turkey,3987,persons,border_police,published,source.geostat_demography_migration_citizenship,1!C220 [2025],2026-10-03
demography.immigrants_by_citizenship_group,country.georgia,2012,female,citizenship.turkey,851,persons,border_police,published,source.geostat_demography_migration_citizenship,1!D11 [2012],2026-10-03
demography.immigrants_by_citizenship_group,country.georgia,2013,female,citizenship.turkey,2122,persons,border_police,published,source.geostat_demography_migration_citizenship,1!D26 [2013],2026-10-03
demography.immigrants_by_citizenship_group,country.georgia,2014,female,citizenship.turkey,1055,persons,border_police,published,source.geostat_demography_migration_citizenship,1!D42 [2014],2026-10-03
demography.immigrants_by_citizenship_group,country.georgia,2015,female,citizenship.turkey,1123,persons,border_police,published,source.geostat_demography_migration_citizenship,1!D58 [2015],2026-10-03
demography.immigrants_by_citizenship_group,country.georgia,2016,female,citizenship.turkey,1471,persons,border_police,published,source.geostat_demography_migration_citizenship,1!D74 [2016],2026-10-03
demography.immigrants_by_citizenship_group,country.georgia,2017,female,citizenship.turkey,969,persons,border_police,published,source.geostat_demography_migration_citizenship,1!D90 [2017],2026-10-03
demography.immigrants_by_citizenship_group,country.georgia,2018,female,citizenship.turkey,960,persons,border_police,published,source.geostat_demography_migration_citizenship,1!D106 [2018],2026-10-03
demography.immigrants_by_citizenship_group,country.georgia,2019,female,citizenship.turkey,829,persons,border_police,published,source.geostat_demography_migration_citizenship,1!D124 [2019],2026-10-03
demography.immigrants_by_citizenship_group,country.georgia,2020,female,citizenship.turkey,319,persons,border_police,published,source.geostat_demography_migration_citizenship,1!D139 [2020],2026-10-03
demography.immigrants_by_citizenship_group,country.georgia,2021,female,citizenship.turkey,653,persons,border_police,published,source.geostat_demography_migration_citizenship,1!D154 [2021],2026-10-03
demography.immigrants_by_citizenship_group,country.georgia,2022,female,citizenship.turkey,723,persons,border_police,published,source.geostat_demography_migration_citizenship,1!D173 [2022],2026-10-03
demography.immigrants_by_citizenship_group,country.georgia,2023,female,citizenship.turkey,2667,persons,border_police,published,source.geostat_demography_migration_citizenship,1!D186 [2023],2026-10-03
demography.immigrants_by_citizenship_group,country.georgia,2024,female,citizenship.turkey,1096,persons,border_police,published,source.geostat_demography_migration_citizenship,1!D203 [2024],2026-10-03
demography.immigrants_by_citizenship_group,country.georgia,2025,female,citizenship.turkey,1354,persons,border_police,published,source.geostat_demography_migration_citizenship,1!D220 [2025],2026-10-03
demography.immigrants_by_citizenship_group,country.georgia,2012,total,citizenship.azerbaijan,1883,persons,border_police,published,source.geostat_demography_migration_citizenship,1!B12 [2012],2026-10-03
demography.immigrants_by_citizenship_group,country.georgia,2013,total,citizenship.azerbaijan,3211,persons,border_police,published,source.geostat_demography_migration_citizenship,1!B28 [2013],2026-10-03
demography.immigrants_by_citizenship_group,country.georgia,2014,total,citizenship.azerbaijan,2163,persons,border_police,published,source.geostat_demography_migration_citizenship,1!B44 [2014],2026-10-03
demography.immigrants_by_citizenship_group,country.georgia,2015,total,citizenship.azerbaijan,2839,persons,border_police,published,source.geostat_demography_migration_citizenship,1!B61 [2015],2026-10-03
demography.immigrants_by_citizenship_group,country.georgia,2016,total,citizenship.azerbaijan,3420,persons,border_police,published,source.geostat_demography_migration_citizenship,1!B76 [2016],2026-10-03
demography.immigrants_by_citizenship_group,country.georgia,2017,total,citizenship.azerbaijan,3501,persons,border_police,published,source.geostat_demography_migration_citizenship,1!B91 [2017],2026-10-03
demography.immigrants_by_citizenship_group,country.georgia,2018,total,citizenship.azerbaijan,3761,persons,border_police,published,source.geostat_demography_migration_citizenship,1!B108 [2018],2026-10-03
demography.immigrants_by_citizenship_group,country.georgia,2019,total,citizenship.azerbaijan,3669,persons,border_police,published,source.geostat_demography_migration_citizenship,1!B123 [2019],2026-10-03
demography.immigrants_by_citizenship_group,country.georgia,2020,total,citizenship.azerbaijan,1951,persons,border_police,published,source.geostat_demography_migration_citizenship,1!B138 [2020],2026-10-03
demography.immigrants_by_citizenship_group,country.georgia,2021,total,citizenship.azerbaijan,2526,persons,border_police,published,source.geostat_demography_migration_citizenship,1!B155 [2021],2026-10-03
demography.immigrants_by_citizenship_group,country.georgia,2022,total,citizenship.azerbaijan,2563,persons,border_police,published,source.geostat_demography_migration_citizenship,1!B174 [2022],2026-10-03
demography.immigrants_by_citizenship_group,country.georgia,2023,total,citizenship.azerbaijan,4301,persons,border_police,published,source.geostat_demography_migration_citizenship,1!B189 [2023],2026-10-03
demography.immigrants_by_citizenship_group,country.georgia,2024,total,citizenship.azerbaijan,4556,persons,border_police,published,source.geostat_demography_migration_citizenship,1!B205 [2024],2026-10-03
demography.immigrants_by_citizenship_group,country.georgia,2025,total,citizenship.azerbaijan,5574,persons,border_police,published,source.geostat_demography_migration_citizenship,1!B221 [2025],2026-10-03
demography.immigrants_by_citizenship_group,country.georgia,2012,male,citizenship.azerbaijan,1041,persons,border_police,published,source.geostat_demography_migration_citizenship,1!C12 [2012],2026-10-03
demography.immigrants_by_citizenship_group,country.georgia,2013,male,citizenship.azerbaijan,1781,persons,border_police,published,source.geostat_demography_migration_citizenship,1!C28 [2013],2026-10-03
demography.immigrants_by_citizenship_group,country.georgia,2014,male,citizenship.azerbaijan,1175,persons,border_police,published,source.geostat_demography_migration_citizenship,1!C44 [2014],2026-10-03
demography.immigrants_by_citizenship_group,country.georgia,2015,male,citizenship.azerbaijan,1554,persons,border_police,published,source.geostat_demography_migration_citizenship,1!C61 [2015],2026-10-03
demography.immigrants_by_citizenship_group,country.georgia,2016,male,citizenship.azerbaijan,1935,persons,border_police,published,source.geostat_demography_migration_citizenship,1!C76 [2016],2026-10-03
demography.immigrants_by_citizenship_group,country.georgia,2017,male,citizenship.azerbaijan,2064,persons,border_police,published,source.geostat_demography_migration_citizenship,1!C91 [2017],2026-10-03
demography.immigrants_by_citizenship_group,country.georgia,2018,male,citizenship.azerbaijan,2206,persons,border_police,published,source.geostat_demography_migration_citizenship,1!C108 [2018],2026-10-03
demography.immigrants_by_citizenship_group,country.georgia,2019,male,citizenship.azerbaijan,2148,persons,border_police,published,source.geostat_demography_migration_citizenship,1!C123 [2019],2026-10-03
demography.immigrants_by_citizenship_group,country.georgia,2020,male,citizenship.azerbaijan,979,persons,border_police,published,source.geostat_demography_migration_citizenship,1!C138 [2020],2026-10-03
demography.immigrants_by_citizenship_group,country.georgia,2021,male,citizenship.azerbaijan,1303,persons,border_police,published,source.geostat_demography_migration_citizenship,1!C155 [2021],2026-10-03
demography.immigrants_by_citizenship_group,country.georgia,2022,male,citizenship.azerbaijan,1487,persons,border_police,published,source.geostat_demography_migration_citizenship,1!C174 [2022],2026-10-03
demography.immigrants_by_citizenship_group,country.georgia,2023,male,citizenship.azerbaijan,3096,persons,border_police,published,source.geostat_demography_migration_citizenship,1!C189 [2023],2026-10-03
demography.immigrants_by_citizenship_group,country.georgia,2024,male,citizenship.azerbaijan,3343,persons,border_police,published,source.geostat_demography_migration_citizenship,1!C205 [2024],2026-10-03
demography.immigrants_by_citizenship_group,country.georgia,2025,male,citizenship.azerbaijan,4131,persons,border_police,published,source.geostat_demography_migration_citizenship,1!C221 [2025],2026-10-03
demography.immigrants_by_citizenship_group,country.georgia,2012,female,citizenship.azerbaijan,842,persons,border_police,published,source.geostat_demography_migration_citizenship,1!D12 [2012],2026-10-03
demography.immigrants_by_citizenship_group,country.georgia,2013,female,citizenship.azerbaijan,1430,persons,border_police,published,source.geostat_demography_migration_citizenship,1!D28 [2013],2026-10-03
demography.immigrants_by_citizenship_group,country.georgia,2014,female,citizenship.azerbaijan,988,persons,border_police,published,source.geostat_demography_migration_citizenship,1!D44 [2014],2026-10-03
demography.immigrants_by_citizenship_group,country.georgia,2015,female,citizenship.azerbaijan,1285,persons,border_police,published,source.geostat_demography_migration_citizenship,1!D61 [2015],2026-10-03
demography.immigrants_by_citizenship_group,country.georgia,2016,female,citizenship.azerbaijan,1485,persons,border_police,published,source.geostat_demography_migration_citizenship,1!D76 [2016],2026-10-03
demography.immigrants_by_citizenship_group,country.georgia,2017,female,citizenship.azerbaijan,1437,persons,border_police,published,source.geostat_demography_migration_citizenship,1!D91 [2017],2026-10-03
demography.immigrants_by_citizenship_group,country.georgia,2018,female,citizenship.azerbaijan,1555,persons,border_police,published,source.geostat_demography_migration_citizenship,1!D108 [2018],2026-10-03
demography.immigrants_by_citizenship_group,country.georgia,2019,female,citizenship.azerbaijan,1521,persons,border_police,published,source.geostat_demography_migration_citizenship,1!D123 [2019],2026-10-03
demography.immigrants_by_citizenship_group,country.georgia,2020,female,citizenship.azerbaijan,972,persons,border_police,published,source.geostat_demography_migration_citizenship,1!D138 [2020],2026-10-03
demography.immigrants_by_citizenship_group,country.georgia,2021,female,citizenship.azerbaijan,1223,persons,border_police,published,source.geostat_demography_migration_citizenship,1!D155 [2021],2026-10-03
demography.immigrants_by_citizenship_group,country.georgia,2022,female,citizenship.azerbaijan,1076,persons,border_police,published,source.geostat_demography_migration_citizenship,1!D174 [2022],2026-10-03
demography.immigrants_by_citizenship_group,country.georgia,2023,female,citizenship.azerbaijan,1205,persons,border_police,published,source.geostat_demography_migration_citizenship,1!D189 [2023],2026-10-03
demography.immigrants_by_citizenship_group,country.georgia,2024,female,citizenship.azerbaijan,1213,persons,border_police,published,source.geostat_demography_migration_citizenship,1!D205 [2024],2026-10-03
demography.immigrants_by_citizenship_group,country.georgia,2025,female,citizenship.azerbaijan,1443,persons,border_police,published,source.geostat_demography_migration_citizenship,1!D221 [2025],2026-10-03
demography.immigrants_by_citizenship_group,country.georgia,2012,total,citizenship.ukraine,1853,persons,border_police,published,source.geostat_demography_migration_citizenship,1!B13 [2012],2026-10-03
demography.immigrants_by_citizenship_group,country.georgia,2013,total,citizenship.ukraine,1610,persons,border_police,published,source.geostat_demography_migration_citizenship,1!B29 [2013],2026-10-03
demography.immigrants_by_citizenship_group,country.georgia,2014,total,citizenship.ukraine,1552,persons,border_police,published,source.geostat_demography_migration_citizenship,1!B46 [2014],2026-10-03
demography.immigrants_by_citizenship_group,country.georgia,2015,total,citizenship.ukraine,2886,persons,border_police,published,source.geostat_demography_migration_citizenship,1!B60 [2015],2026-10-03
demography.immigrants_by_citizenship_group,country.georgia,2016,total,citizenship.ukraine,2922,persons,border_police,published,source.geostat_demography_migration_citizenship,1!B77 [2016],2026-10-03
demography.immigrants_by_citizenship_group,country.georgia,2017,total,citizenship.ukraine,2275,persons,border_police,published,source.geostat_demography_migration_citizenship,1!B93 [2017],2026-10-03
demography.immigrants_by_citizenship_group,country.georgia,2018,total,citizenship.ukraine,2175,persons,border_police,published,source.geostat_demography_migration_citizenship,1!B110 [2018],2026-10-03
demography.immigrants_by_citizenship_group,country.georgia,2019,total,citizenship.ukraine,2303,persons,border_police,published,source.geostat_demography_migration_citizenship,1!B126 [2019],2026-10-03
demography.immigrants_by_citizenship_group,country.georgia,2020,total,citizenship.ukraine,969,persons,border_police,published,source.geostat_demography_migration_citizenship,1!B144 [2020],2026-10-03
demography.immigrants_by_citizenship_group,country.georgia,2021,total,citizenship.ukraine,2006,persons,border_police,published,source.geostat_demography_migration_citizenship,1!B157 [2021],2026-10-03
demography.immigrants_by_citizenship_group,country.georgia,2022,total,citizenship.ukraine,20716,persons,border_police,published,source.geostat_demography_migration_citizenship,1!B170 [2022],2026-10-03
demography.immigrants_by_citizenship_group,country.georgia,2023,total,citizenship.ukraine,7516,persons,border_police,published,source.geostat_demography_migration_citizenship,1!B188 [2023],2026-10-03
demography.immigrants_by_citizenship_group,country.georgia,2024,total,citizenship.ukraine,6898,persons,border_police,published,source.geostat_demography_migration_citizenship,1!B202 [2024],2026-10-03
demography.immigrants_by_citizenship_group,country.georgia,2025,total,citizenship.ukraine,6937,persons,border_police,published,source.geostat_demography_migration_citizenship,1!B218 [2025],2026-10-03
demography.immigrants_by_citizenship_group,country.georgia,2012,male,citizenship.ukraine,1148,persons,border_police,published,source.geostat_demography_migration_citizenship,1!C13 [2012],2026-10-03
demography.immigrants_by_citizenship_group,country.georgia,2013,male,citizenship.ukraine,919,persons,border_police,published,source.geostat_demography_migration_citizenship,1!C29 [2013],2026-10-03
demography.immigrants_by_citizenship_group,country.georgia,2014,male,citizenship.ukraine,757,persons,border_police,published,source.geostat_demography_migration_citizenship,1!C46 [2014],2026-10-03
demography.immigrants_by_citizenship_group,country.georgia,2015,male,citizenship.ukraine,1414,persons,border_police,published,source.geostat_demography_migration_citizenship,1!C60 [2015],2026-10-03
demography.immigrants_by_citizenship_group,country.georgia,2016,male,citizenship.ukraine,1445,persons,border_police,published,source.geostat_demography_migration_citizenship,1!C77 [2016],2026-10-03
demography.immigrants_by_citizenship_group,country.georgia,2017,male,citizenship.ukraine,1170,persons,border_police,published,source.geostat_demography_migration_citizenship,1!C93 [2017],2026-10-03
demography.immigrants_by_citizenship_group,country.georgia,2018,male,citizenship.ukraine,1052,persons,border_police,published,source.geostat_demography_migration_citizenship,1!C110 [2018],2026-10-03
demography.immigrants_by_citizenship_group,country.georgia,2019,male,citizenship.ukraine,1026,persons,border_police,published,source.geostat_demography_migration_citizenship,1!C126 [2019],2026-10-03
demography.immigrants_by_citizenship_group,country.georgia,2020,male,citizenship.ukraine,431,persons,border_police,published,source.geostat_demography_migration_citizenship,1!C144 [2020],2026-10-03
demography.immigrants_by_citizenship_group,country.georgia,2021,male,citizenship.ukraine,836,persons,border_police,published,source.geostat_demography_migration_citizenship,1!C157 [2021],2026-10-03
demography.immigrants_by_citizenship_group,country.georgia,2022,male,citizenship.ukraine,7865,persons,border_police,published,source.geostat_demography_migration_citizenship,1!C170 [2022],2026-10-03
demography.immigrants_by_citizenship_group,country.georgia,2023,male,citizenship.ukraine,3759,persons,border_police,published,source.geostat_demography_migration_citizenship,1!C188 [2023],2026-10-03
demography.immigrants_by_citizenship_group,country.georgia,2024,male,citizenship.ukraine,3567,persons,border_police,published,source.geostat_demography_migration_citizenship,1!C202 [2024],2026-10-03
demography.immigrants_by_citizenship_group,country.georgia,2025,male,citizenship.ukraine,3566,persons,border_police,published,source.geostat_demography_migration_citizenship,1!C218 [2025],2026-10-03
demography.immigrants_by_citizenship_group,country.georgia,2012,female,citizenship.ukraine,705,persons,border_police,published,source.geostat_demography_migration_citizenship,1!D13 [2012],2026-10-03
demography.immigrants_by_citizenship_group,country.georgia,2013,female,citizenship.ukraine,691,persons,border_police,published,source.geostat_demography_migration_citizenship,1!D29 [2013],2026-10-03
demography.immigrants_by_citizenship_group,country.georgia,2014,female,citizenship.ukraine,795,persons,border_police,published,source.geostat_demography_migration_citizenship,1!D46 [2014],2026-10-03
demography.immigrants_by_citizenship_group,country.georgia,2015,female,citizenship.ukraine,1472,persons,border_police,published,source.geostat_demography_migration_citizenship,1!D60 [2015],2026-10-03
demography.immigrants_by_citizenship_group,country.georgia,2016,female,citizenship.ukraine,1477,persons,border_police,published,source.geostat_demography_migration_citizenship,1!D77 [2016],2026-10-03
demography.immigrants_by_citizenship_group,country.georgia,2017,female,citizenship.ukraine,1105,persons,border_police,published,source.geostat_demography_migration_citizenship,1!D93 [2017],2026-10-03
demography.immigrants_by_citizenship_group,country.georgia,2018,female,citizenship.ukraine,1123,persons,border_police,published,source.geostat_demography_migration_citizenship,1!D110 [2018],2026-10-03
demography.immigrants_by_citizenship_group,country.georgia,2019,female,citizenship.ukraine,1277,persons,border_police,published,source.geostat_demography_migration_citizenship,1!D126 [2019],2026-10-03
demography.immigrants_by_citizenship_group,country.georgia,2020,female,citizenship.ukraine,538,persons,border_police,published,source.geostat_demography_migration_citizenship,1!D144 [2020],2026-10-03
demography.immigrants_by_citizenship_group,country.georgia,2021,female,citizenship.ukraine,1170,persons,border_police,published,source.geostat_demography_migration_citizenship,1!D157 [2021],2026-10-03
demography.immigrants_by_citizenship_group,country.georgia,2022,female,citizenship.ukraine,12851,persons,border_police,published,source.geostat_demography_migration_citizenship,1!D170 [2022],2026-10-03
demography.immigrants_by_citizenship_group,country.georgia,2023,female,citizenship.ukraine,3757,persons,border_police,published,source.geostat_demography_migration_citizenship,1!D188 [2023],2026-10-03
demography.immigrants_by_citizenship_group,country.georgia,2024,female,citizenship.ukraine,3331,persons,border_police,published,source.geostat_demography_migration_citizenship,1!D202 [2024],2026-10-03
demography.immigrants_by_citizenship_group,country.georgia,2025,female,citizenship.ukraine,3371,persons,border_police,published,source.geostat_demography_migration_citizenship,1!D218 [2025],2026-10-03
demography.immigrants_by_citizenship_group,country.georgia,2012,total,citizenship.all_other_computed,21720,persons,border_police,published,source.geostat_demography_migration_citizenship,1!B9+B14+B15+B16+B17+B18+B19+B20+B21 [2012],2026-10-03
demography.immigrants_by_citizenship_group,country.georgia,2013,total,citizenship.all_other_computed,21124,persons,border_police,published,source.geostat_demography_migration_citizenship,1!B27+B31+B30+B33+B32+B34+B35+B36+B37 [2013],2026-10-03
demography.immigrants_by_citizenship_group,country.georgia,2014,total,citizenship.all_other_computed,14376,persons,border_police,published,source.geostat_demography_migration_citizenship,1!B43+B50+B48+B49+B47+B45+B51+B52+B53 [2014],2026-10-03
demography.immigrants_by_citizenship_group,country.georgia,2015,total,citizenship.all_other_computed,19546,persons,border_police,published,source.geostat_demography_migration_citizenship,1!B59+B66+B62+B65+B63+B64+B67+B68+B69 [2015],2026-10-03
demography.immigrants_by_citizenship_group,country.georgia,2016,total,citizenship.all_other_computed,19321,persons,border_police,published,source.geostat_demography_migration_citizenship,1!B75+B78+B79+B80+B82+B81+B83+B84+B85 [2016],2026-10-03
demography.immigrants_by_citizenship_group,country.georgia,2017,total,citizenship.all_other_computed,15032,persons,border_police,published,source.geostat_demography_migration_citizenship,1!B94+B92+B96+B95+B97+B98+B99+B100+B101 [2017],2026-10-03
demography.immigrants_by_citizenship_group,country.georgia,2018,total,citizenship.all_other_computed,20076,persons,border_police,published,source.geostat_demography_migration_citizenship,1!B111+B109+B112+B107+B113+B114+B115+B116+B117 [2018],2026-10-03
demography.immigrants_by_citizenship_group,country.georgia,2019,total,citizenship.all_other_computed,21480,persons,border_police,published,source.geostat_demography_migration_citizenship,1!B127+B125+B128+B122+B129+B130+B131+B132+B133 [2019],2026-10-03
demography.immigrants_by_citizenship_group,country.georgia,2020,total,citizenship.all_other_computed,12086,persons,border_police,published,source.geostat_demography_migration_citizenship,1!B140+B141+B142+B146+B143+B145+B147+B148+B149 [2020],2026-10-03
demography.immigrants_by_citizenship_group,country.georgia,2021,total,citizenship.all_other_computed,16256,persons,border_police,published,source.geostat_demography_migration_citizenship,1!B161+B159+B160+B156+B162+B158+B163+B164+B165 [2021],2026-10-03
demography.immigrants_by_citizenship_group,country.georgia,2022,total,citizenship.all_other_computed,35844,persons,border_police,published,source.geostat_demography_migration_citizenship,1!B175+B172+B176+B177+B178+B171+B179+B180+B181 [2022],2026-10-03
demography.immigrants_by_citizenship_group,country.georgia,2023,total,citizenship.all_other_computed,40893,persons,border_police,published,source.geostat_demography_migration_citizenship,1!B192+B187+B193+B194+B191+B190+B195+B196+B197 [2023],2026-10-03
demography.immigrants_by_citizenship_group,country.georgia,2024,total,citizenship.all_other_computed,30133,persons,border_police,published,source.geostat_demography_migration_citizenship,1!B210+B204+B209+B208+B206+B207+B211+B212+B213 [2024],2026-10-03
demography.immigrants_by_citizenship_group,country.georgia,2025,total,citizenship.all_other_computed,31437,persons,border_police,published,source.geostat_demography_migration_citizenship,1!B219+B226+B222+B225+B224+B223+B227+B228+B229 [2025],2026-10-03
demography.immigrants_by_citizenship_group,country.georgia,2012,male,citizenship.all_other_computed,13774,persons,border_police,published,source.geostat_demography_migration_citizenship,1!C9+C14+C15+C16+C17+C18+C19+C20+C21 [2012],2026-10-03
demography.immigrants_by_citizenship_group,country.georgia,2013,male,citizenship.all_other_computed,13453,persons,border_police,published,source.geostat_demography_migration_citizenship,1!C27+C31+C30+C33+C32+C34+C35+C36+C37 [2013],2026-10-03
demography.immigrants_by_citizenship_group,country.georgia,2014,male,citizenship.all_other_computed,9118,persons,border_police,published,source.geostat_demography_migration_citizenship,1!C43+C50+C48+C49+C47+C45+C51+C52+C53 [2014],2026-10-03
demography.immigrants_by_citizenship_group,country.georgia,2015,male,citizenship.all_other_computed,12654,persons,border_police,published,source.geostat_demography_migration_citizenship,1!C59+C66+C62+C65+C63+C64+C67+C68+C69 [2015],2026-10-03
demography.immigrants_by_citizenship_group,country.georgia,2016,male,citizenship.all_other_computed,11627,persons,border_police,published,source.geostat_demography_migration_citizenship,1!C75+C78+C79+C80+C82+C81+C83+C84+C85 [2016],2026-10-03
demography.immigrants_by_citizenship_group,country.georgia,2017,male,citizenship.all_other_computed,9478,persons,border_police,published,source.geostat_demography_migration_citizenship,1!C94+C92+C96+C95+C97+C98+C99+C100+C101 [2017],2026-10-03
demography.immigrants_by_citizenship_group,country.georgia,2018,male,citizenship.all_other_computed,12422,persons,border_police,published,source.geostat_demography_migration_citizenship,1!C111+C109+C112+C107+C113+C114+C115+C116+C117 [2018],2026-10-03
demography.immigrants_by_citizenship_group,country.georgia,2019,male,citizenship.all_other_computed,12827,persons,border_police,published,source.geostat_demography_migration_citizenship,1!C127+C125+C128+C122+C129+C130+C131+C132+C133 [2019],2026-10-03
demography.immigrants_by_citizenship_group,country.georgia,2020,male,citizenship.all_other_computed,7681,persons,border_police,published,source.geostat_demography_migration_citizenship,1!C140+C141+C142+C146+C143+C145+C147+C148+C149 [2020],2026-10-03
demography.immigrants_by_citizenship_group,country.georgia,2021,male,citizenship.all_other_computed,9782,persons,border_police,published,source.geostat_demography_migration_citizenship,1!C161+C159+C160+C156+C162+C158+C163+C164+C165 [2021],2026-10-03
demography.immigrants_by_citizenship_group,country.georgia,2022,male,citizenship.all_other_computed,20921,persons,border_police,published,source.geostat_demography_migration_citizenship,1!C175+C172+C176+C177+C178+C171+C179+C180+C181 [2022],2026-10-03
demography.immigrants_by_citizenship_group,country.georgia,2023,male,citizenship.all_other_computed,23494,persons,border_police,published,source.geostat_demography_migration_citizenship,1!C192+C187+C193+C194+C191+C190+C195+C196+C197 [2023],2026-10-03
demography.immigrants_by_citizenship_group,country.georgia,2024,male,citizenship.all_other_computed,17481,persons,border_police,published,source.geostat_demography_migration_citizenship,1!C210+C204+C209+C208+C206+C207+C211+C212+C213 [2024],2026-10-03
demography.immigrants_by_citizenship_group,country.georgia,2025,male,citizenship.all_other_computed,17263,persons,border_police,published,source.geostat_demography_migration_citizenship,1!C219+C226+C222+C225+C224+C223+C227+C228+C229 [2025],2026-10-03
demography.immigrants_by_citizenship_group,country.georgia,2012,female,citizenship.all_other_computed,7946,persons,border_police,published,source.geostat_demography_migration_citizenship,1!D9+D14+D15+D16+D17+D18+D19+D20+D21 [2012],2026-10-03
demography.immigrants_by_citizenship_group,country.georgia,2013,female,citizenship.all_other_computed,7671,persons,border_police,published,source.geostat_demography_migration_citizenship,1!D27+D31+D30+D33+D32+D34+D35+D36+D37 [2013],2026-10-03
demography.immigrants_by_citizenship_group,country.georgia,2014,female,citizenship.all_other_computed,5258,persons,border_police,published,source.geostat_demography_migration_citizenship,1!D43+D50+D48+D49+D47+D45+D51+D52+D53 [2014],2026-10-03
demography.immigrants_by_citizenship_group,country.georgia,2015,female,citizenship.all_other_computed,6892,persons,border_police,published,source.geostat_demography_migration_citizenship,1!D59+D66+D62+D65+D63+D64+D67+D68+D69 [2015],2026-10-03
demography.immigrants_by_citizenship_group,country.georgia,2016,female,citizenship.all_other_computed,7694,persons,border_police,published,source.geostat_demography_migration_citizenship,1!D75+D78+D79+D80+D82+D81+D83+D84+D85 [2016],2026-10-03
demography.immigrants_by_citizenship_group,country.georgia,2017,female,citizenship.all_other_computed,5554,persons,border_police,published,source.geostat_demography_migration_citizenship,1!D94+D92+D96+D95+D97+D98+D99+D100+D101 [2017],2026-10-03
demography.immigrants_by_citizenship_group,country.georgia,2018,female,citizenship.all_other_computed,7654,persons,border_police,published,source.geostat_demography_migration_citizenship,1!D111+D109+D112+D107+D113+D114+D115+D116+D117 [2018],2026-10-03
demography.immigrants_by_citizenship_group,country.georgia,2019,female,citizenship.all_other_computed,8653,persons,border_police,published,source.geostat_demography_migration_citizenship,1!D127+D125+D128+D122+D129+D130+D131+D132+D133 [2019],2026-10-03
demography.immigrants_by_citizenship_group,country.georgia,2020,female,citizenship.all_other_computed,4405,persons,border_police,published,source.geostat_demography_migration_citizenship,1!D140+D141+D142+D146+D143+D145+D147+D148+D149 [2020],2026-10-03
demography.immigrants_by_citizenship_group,country.georgia,2021,female,citizenship.all_other_computed,6474,persons,border_police,published,source.geostat_demography_migration_citizenship,1!D161+D159+D160+D156+D162+D158+D163+D164+D165 [2021],2026-10-03
demography.immigrants_by_citizenship_group,country.georgia,2022,female,citizenship.all_other_computed,14923,persons,border_police,published,source.geostat_demography_migration_citizenship,1!D175+D172+D176+D177+D178+D171+D179+D180+D181 [2022],2026-10-03
demography.immigrants_by_citizenship_group,country.georgia,2023,female,citizenship.all_other_computed,17399,persons,border_police,published,source.geostat_demography_migration_citizenship,1!D192+D187+D193+D194+D191+D190+D195+D196+D197 [2023],2026-10-03
demography.immigrants_by_citizenship_group,country.georgia,2024,female,citizenship.all_other_computed,12652,persons,border_police,published,source.geostat_demography_migration_citizenship,1!D210+D204+D209+D208+D206+D207+D211+D212+D213 [2024],2026-10-03
demography.immigrants_by_citizenship_group,country.georgia,2025,female,citizenship.all_other_computed,14174,persons,border_police,published,source.geostat_demography_migration_citizenship,1!D219+D226+D222+D225+D224+D223+D227+D228+D229 [2025],2026-10-03
demography.emigrants_by_citizenship_group,country.georgia,2012,total,citizenship.georgia,60307,persons,border_police,published,source.geostat_demography_migration_citizenship,1!E8 [2012],2026-10-03
demography.emigrants_by_citizenship_group,country.georgia,2013,total,citizenship.georgia,66802,persons,border_police,published,source.geostat_demography_migration_citizenship,1!E24 [2013],2026-10-03
demography.emigrants_by_citizenship_group,country.georgia,2014,total,citizenship.georgia,69855,persons,border_police,published,source.geostat_demography_migration_citizenship,1!E40 [2014],2026-10-03
demography.emigrants_by_citizenship_group,country.georgia,2015,total,citizenship.georgia,67452,persons,border_police,published,source.geostat_demography_migration_citizenship,1!E56 [2015],2026-10-03
demography.emigrants_by_citizenship_group,country.georgia,2016,total,citizenship.georgia,64705,persons,border_police,published,source.geostat_demography_migration_citizenship,1!E72 [2016],2026-10-03
demography.emigrants_by_citizenship_group,country.georgia,2017,total,citizenship.georgia,67269,persons,border_police,published,source.geostat_demography_migration_citizenship,1!E88 [2017],2026-10-03
demography.emigrants_by_citizenship_group,country.georgia,2018,total,citizenship.georgia,76367,persons,border_police,published,source.geostat_demography_migration_citizenship,1!E104 [2018],2026-10-03
demography.emigrants_by_citizenship_group,country.georgia,2019,total,citizenship.georgia,81978,persons,border_police,published,source.geostat_demography_migration_citizenship,1!E120 [2019],2026-10-03
demography.emigrants_by_citizenship_group,country.georgia,2020,total,citizenship.georgia,43349,persons,border_police,published,source.geostat_demography_migration_citizenship,1!E136 [2020],2026-10-03
demography.emigrants_by_citizenship_group,country.georgia,2021,total,citizenship.georgia,80351,persons,border_police,published,source.geostat_demography_migration_citizenship,1!E152 [2021],2026-10-03
demography.emigrants_by_citizenship_group,country.georgia,2022,total,citizenship.georgia,100802,persons,border_police,published,source.geostat_demography_migration_citizenship,1!E168 [2022],2026-10-03
demography.emigrants_by_citizenship_group,country.georgia,2023,total,citizenship.georgia,163480,persons,border_police,published,source.geostat_demography_migration_citizenship,1!E184 [2023],2026-10-03
demography.emigrants_by_citizenship_group,country.georgia,2024,total,citizenship.georgia,64594,persons,border_police,published,source.geostat_demography_migration_citizenship,1!E200 [2024],2026-10-03
demography.emigrants_by_citizenship_group,country.georgia,2025,total,citizenship.georgia,58799,persons,border_police,published,source.geostat_demography_migration_citizenship,1!E216 [2025],2026-10-03
demography.emigrants_by_citizenship_group,country.georgia,2012,male,citizenship.georgia,31937,persons,border_police,published,source.geostat_demography_migration_citizenship,1!F8 [2012],2026-10-03
demography.emigrants_by_citizenship_group,country.georgia,2013,male,citizenship.georgia,37338,persons,border_police,published,source.geostat_demography_migration_citizenship,1!F24 [2013],2026-10-03
demography.emigrants_by_citizenship_group,country.georgia,2014,male,citizenship.georgia,40221,persons,border_police,published,source.geostat_demography_migration_citizenship,1!F40 [2014],2026-10-03
demography.emigrants_by_citizenship_group,country.georgia,2015,male,citizenship.georgia,37711,persons,border_police,published,source.geostat_demography_migration_citizenship,1!F56 [2015],2026-10-03
demography.emigrants_by_citizenship_group,country.georgia,2016,male,citizenship.georgia,34869,persons,border_police,published,source.geostat_demography_migration_citizenship,1!F72 [2016],2026-10-03
demography.emigrants_by_citizenship_group,country.georgia,2017,male,citizenship.georgia,36713,persons,border_police,published,source.geostat_demography_migration_citizenship,1!F88 [2017],2026-10-03
demography.emigrants_by_citizenship_group,country.georgia,2018,male,citizenship.georgia,41960,persons,border_police,published,source.geostat_demography_migration_citizenship,1!F104 [2018],2026-10-03
demography.emigrants_by_citizenship_group,country.georgia,2019,male,citizenship.georgia,44650,persons,border_police,published,source.geostat_demography_migration_citizenship,1!F120 [2019],2026-10-03
demography.emigrants_by_citizenship_group,country.georgia,2020,male,citizenship.georgia,26137,persons,border_police,published,source.geostat_demography_migration_citizenship,1!F136 [2020],2026-10-03
demography.emigrants_by_citizenship_group,country.georgia,2021,male,citizenship.georgia,49846,persons,border_police,published,source.geostat_demography_migration_citizenship,1!F152 [2021],2026-10-03
demography.emigrants_by_citizenship_group,country.georgia,2022,male,citizenship.georgia,62687,persons,border_police,published,source.geostat_demography_migration_citizenship,1!F168 [2022],2026-10-03
demography.emigrants_by_citizenship_group,country.georgia,2023,male,citizenship.georgia,90759,persons,border_police,published,source.geostat_demography_migration_citizenship,1!F184 [2023],2026-10-03
demography.emigrants_by_citizenship_group,country.georgia,2024,male,citizenship.georgia,39424,persons,border_police,published,source.geostat_demography_migration_citizenship,1!F200 [2024],2026-10-03
demography.emigrants_by_citizenship_group,country.georgia,2025,male,citizenship.georgia,35407,persons,border_police,published,source.geostat_demography_migration_citizenship,1!F216 [2025],2026-10-03
demography.emigrants_by_citizenship_group,country.georgia,2012,female,citizenship.georgia,28370,persons,border_police,published,source.geostat_demography_migration_citizenship,1!G8 [2012],2026-10-03
demography.emigrants_by_citizenship_group,country.georgia,2013,female,citizenship.georgia,29464,persons,border_police,published,source.geostat_demography_migration_citizenship,1!G24 [2013],2026-10-03
demography.emigrants_by_citizenship_group,country.georgia,2014,female,citizenship.georgia,29634,persons,border_police,published,source.geostat_demography_migration_citizenship,1!G40 [2014],2026-10-03
demography.emigrants_by_citizenship_group,country.georgia,2015,female,citizenship.georgia,29741,persons,border_police,published,source.geostat_demography_migration_citizenship,1!G56 [2015],2026-10-03
demography.emigrants_by_citizenship_group,country.georgia,2016,female,citizenship.georgia,29836,persons,border_police,published,source.geostat_demography_migration_citizenship,1!G72 [2016],2026-10-03
demography.emigrants_by_citizenship_group,country.georgia,2017,female,citizenship.georgia,30556,persons,border_police,published,source.geostat_demography_migration_citizenship,1!G88 [2017],2026-10-03
demography.emigrants_by_citizenship_group,country.georgia,2018,female,citizenship.georgia,34407,persons,border_police,published,source.geostat_demography_migration_citizenship,1!G104 [2018],2026-10-03
demography.emigrants_by_citizenship_group,country.georgia,2019,female,citizenship.georgia,37328,persons,border_police,published,source.geostat_demography_migration_citizenship,1!G120 [2019],2026-10-03
demography.emigrants_by_citizenship_group,country.georgia,2020,female,citizenship.georgia,17212,persons,border_police,published,source.geostat_demography_migration_citizenship,1!G136 [2020],2026-10-03
demography.emigrants_by_citizenship_group,country.georgia,2021,female,citizenship.georgia,30505,persons,border_police,published,source.geostat_demography_migration_citizenship,1!G152 [2021],2026-10-03
demography.emigrants_by_citizenship_group,country.georgia,2022,female,citizenship.georgia,38115,persons,border_police,published,source.geostat_demography_migration_citizenship,1!G168 [2022],2026-10-03
demography.emigrants_by_citizenship_group,country.georgia,2023,female,citizenship.georgia,72721,persons,border_police,published,source.geostat_demography_migration_citizenship,1!G184 [2023],2026-10-03
demography.emigrants_by_citizenship_group,country.georgia,2024,female,citizenship.georgia,25170,persons,border_police,published,source.geostat_demography_migration_citizenship,1!G200 [2024],2026-10-03
demography.emigrants_by_citizenship_group,country.georgia,2025,female,citizenship.georgia,23392,persons,border_police,published,source.geostat_demography_migration_citizenship,1!G216 [2025],2026-10-03
demography.emigrants_by_citizenship_group,country.georgia,2012,total,citizenship.russian_federation,4008,persons,border_police,published,source.geostat_demography_migration_citizenship,1!E10 [2012],2026-10-03
demography.emigrants_by_citizenship_group,country.georgia,2013,total,citizenship.russian_federation,6135,persons,border_police,published,source.geostat_demography_migration_citizenship,1!E25 [2013],2026-10-03
demography.emigrants_by_citizenship_group,country.georgia,2014,total,citizenship.russian_federation,5424,persons,border_police,published,source.geostat_demography_migration_citizenship,1!E41 [2014],2026-10-03
demography.emigrants_by_citizenship_group,country.georgia,2015,total,citizenship.russian_federation,6160,persons,border_police,published,source.geostat_demography_migration_citizenship,1!E57 [2015],2026-10-03
demography.emigrants_by_citizenship_group,country.georgia,2016,total,citizenship.russian_federation,8379,persons,border_police,published,source.geostat_demography_migration_citizenship,1!E73 [2016],2026-10-03
demography.emigrants_by_citizenship_group,country.georgia,2017,total,citizenship.russian_federation,5105,persons,border_police,published,source.geostat_demography_migration_citizenship,1!E89 [2017],2026-10-03
demography.emigrants_by_citizenship_group,country.georgia,2018,total,citizenship.russian_federation,6350,persons,border_police,published,source.geostat_demography_migration_citizenship,1!E105 [2018],2026-10-03
demography.emigrants_by_citizenship_group,country.georgia,2019,total,citizenship.russian_federation,5984,persons,border_police,published,source.geostat_demography_migration_citizenship,1!E121 [2019],2026-10-03
demography.emigrants_by_citizenship_group,country.georgia,2020,total,citizenship.russian_federation,7934,persons,border_police,published,source.geostat_demography_migration_citizenship,1!E137 [2020],2026-10-03
demography.emigrants_by_citizenship_group,country.georgia,2021,total,citizenship.russian_federation,5337,persons,border_police,published,source.geostat_demography_migration_citizenship,1!E153 [2021],2026-10-03
demography.emigrants_by_citizenship_group,country.georgia,2022,total,citizenship.russian_federation,5935,persons,border_police,published,source.geostat_demography_migration_citizenship,1!E169 [2022],2026-10-03
demography.emigrants_by_citizenship_group,country.georgia,2023,total,citizenship.russian_federation,35344,persons,border_police,published,source.geostat_demography_migration_citizenship,1!E185 [2023],2026-10-03
demography.emigrants_by_citizenship_group,country.georgia,2024,total,citizenship.russian_federation,25612,persons,border_police,published,source.geostat_demography_migration_citizenship,1!E201 [2024],2026-10-03
demography.emigrants_by_citizenship_group,country.georgia,2025,total,citizenship.russian_federation,19226,persons,border_police,published,source.geostat_demography_migration_citizenship,1!E217 [2025],2026-10-03
demography.emigrants_by_citizenship_group,country.georgia,2012,male,citizenship.russian_federation,2335,persons,border_police,published,source.geostat_demography_migration_citizenship,1!F10 [2012],2026-10-03
demography.emigrants_by_citizenship_group,country.georgia,2013,male,citizenship.russian_federation,3405,persons,border_police,published,source.geostat_demography_migration_citizenship,1!F25 [2013],2026-10-03
demography.emigrants_by_citizenship_group,country.georgia,2014,male,citizenship.russian_federation,3065,persons,border_police,published,source.geostat_demography_migration_citizenship,1!F41 [2014],2026-10-03
demography.emigrants_by_citizenship_group,country.georgia,2015,male,citizenship.russian_federation,3485,persons,border_police,published,source.geostat_demography_migration_citizenship,1!F57 [2015],2026-10-03
demography.emigrants_by_citizenship_group,country.georgia,2016,male,citizenship.russian_federation,4721,persons,border_police,published,source.geostat_demography_migration_citizenship,1!F73 [2016],2026-10-03
demography.emigrants_by_citizenship_group,country.georgia,2017,male,citizenship.russian_federation,2763,persons,border_police,published,source.geostat_demography_migration_citizenship,1!F89 [2017],2026-10-03
demography.emigrants_by_citizenship_group,country.georgia,2018,male,citizenship.russian_federation,3606,persons,border_police,published,source.geostat_demography_migration_citizenship,1!F105 [2018],2026-10-03
demography.emigrants_by_citizenship_group,country.georgia,2019,male,citizenship.russian_federation,3338,persons,border_police,published,source.geostat_demography_migration_citizenship,1!F121 [2019],2026-10-03
demography.emigrants_by_citizenship_group,country.georgia,2020,male,citizenship.russian_federation,4095,persons,border_police,published,source.geostat_demography_migration_citizenship,1!F137 [2020],2026-10-03
demography.emigrants_by_citizenship_group,country.georgia,2021,male,citizenship.russian_federation,3088,persons,border_police,published,source.geostat_demography_migration_citizenship,1!F153 [2021],2026-10-03
demography.emigrants_by_citizenship_group,country.georgia,2022,male,citizenship.russian_federation,2963,persons,border_police,published,source.geostat_demography_migration_citizenship,1!F169 [2022],2026-10-03
demography.emigrants_by_citizenship_group,country.georgia,2023,male,citizenship.russian_federation,20258,persons,border_police,published,source.geostat_demography_migration_citizenship,1!F185 [2023],2026-10-03
demography.emigrants_by_citizenship_group,country.georgia,2024,male,citizenship.russian_federation,14331,persons,border_police,published,source.geostat_demography_migration_citizenship,1!F201 [2024],2026-10-03
demography.emigrants_by_citizenship_group,country.georgia,2025,male,citizenship.russian_federation,10399,persons,border_police,published,source.geostat_demography_migration_citizenship,1!F217 [2025],2026-10-03
demography.emigrants_by_citizenship_group,country.georgia,2012,female,citizenship.russian_federation,1673,persons,border_police,published,source.geostat_demography_migration_citizenship,1!G10 [2012],2026-10-03
demography.emigrants_by_citizenship_group,country.georgia,2013,female,citizenship.russian_federation,2730,persons,border_police,published,source.geostat_demography_migration_citizenship,1!G25 [2013],2026-10-03
demography.emigrants_by_citizenship_group,country.georgia,2014,female,citizenship.russian_federation,2359,persons,border_police,published,source.geostat_demography_migration_citizenship,1!G41 [2014],2026-10-03
demography.emigrants_by_citizenship_group,country.georgia,2015,female,citizenship.russian_federation,2675,persons,border_police,published,source.geostat_demography_migration_citizenship,1!G57 [2015],2026-10-03
demography.emigrants_by_citizenship_group,country.georgia,2016,female,citizenship.russian_federation,3658,persons,border_police,published,source.geostat_demography_migration_citizenship,1!G73 [2016],2026-10-03
demography.emigrants_by_citizenship_group,country.georgia,2017,female,citizenship.russian_federation,2342,persons,border_police,published,source.geostat_demography_migration_citizenship,1!G89 [2017],2026-10-03
demography.emigrants_by_citizenship_group,country.georgia,2018,female,citizenship.russian_federation,2744,persons,border_police,published,source.geostat_demography_migration_citizenship,1!G105 [2018],2026-10-03
demography.emigrants_by_citizenship_group,country.georgia,2019,female,citizenship.russian_federation,2646,persons,border_police,published,source.geostat_demography_migration_citizenship,1!G121 [2019],2026-10-03
demography.emigrants_by_citizenship_group,country.georgia,2020,female,citizenship.russian_federation,3839,persons,border_police,published,source.geostat_demography_migration_citizenship,1!G137 [2020],2026-10-03
demography.emigrants_by_citizenship_group,country.georgia,2021,female,citizenship.russian_federation,2249,persons,border_police,published,source.geostat_demography_migration_citizenship,1!G153 [2021],2026-10-03
demography.emigrants_by_citizenship_group,country.georgia,2022,female,citizenship.russian_federation,2972,persons,border_police,published,source.geostat_demography_migration_citizenship,1!G169 [2022],2026-10-03
demography.emigrants_by_citizenship_group,country.georgia,2023,female,citizenship.russian_federation,15086,persons,border_police,published,source.geostat_demography_migration_citizenship,1!G185 [2023],2026-10-03
demography.emigrants_by_citizenship_group,country.georgia,2024,female,citizenship.russian_federation,11281,persons,border_police,published,source.geostat_demography_migration_citizenship,1!G201 [2024],2026-10-03
demography.emigrants_by_citizenship_group,country.georgia,2025,female,citizenship.russian_federation,8827,persons,border_police,published,source.geostat_demography_migration_citizenship,1!G217 [2025],2026-10-03
demography.emigrants_by_citizenship_group,country.georgia,2012,total,citizenship.turkey,5797,persons,border_police,published,source.geostat_demography_migration_citizenship,1!E11 [2012],2026-10-03
demography.emigrants_by_citizenship_group,country.georgia,2013,total,citizenship.turkey,6742,persons,border_police,published,source.geostat_demography_migration_citizenship,1!E26 [2013],2026-10-03
demography.emigrants_by_citizenship_group,country.georgia,2014,total,citizenship.turkey,2395,persons,border_police,published,source.geostat_demography_migration_citizenship,1!E42 [2014],2026-10-03
demography.emigrants_by_citizenship_group,country.georgia,2015,total,citizenship.turkey,3631,persons,border_police,published,source.geostat_demography_migration_citizenship,1!E58 [2015],2026-10-03
demography.emigrants_by_citizenship_group,country.georgia,2016,total,citizenship.turkey,4200,persons,border_police,published,source.geostat_demography_migration_citizenship,1!E74 [2016],2026-10-03
demography.emigrants_by_citizenship_group,country.georgia,2017,total,citizenship.turkey,2136,persons,border_police,published,source.geostat_demography_migration_citizenship,1!E90 [2017],2026-10-03
demography.emigrants_by_citizenship_group,country.georgia,2018,total,citizenship.turkey,2768,persons,border_police,published,source.geostat_demography_migration_citizenship,1!E106 [2018],2026-10-03
demography.emigrants_by_citizenship_group,country.georgia,2019,total,citizenship.turkey,2499,persons,border_police,published,source.geostat_demography_migration_citizenship,1!E124 [2019],2026-10-03
demography.emigrants_by_citizenship_group,country.georgia,2020,total,citizenship.turkey,3309,persons,border_police,published,source.geostat_demography_migration_citizenship,1!E139 [2020],2026-10-03
demography.emigrants_by_citizenship_group,country.georgia,2021,total,citizenship.turkey,1673,persons,border_police,published,source.geostat_demography_migration_citizenship,1!E154 [2021],2026-10-03
demography.emigrants_by_citizenship_group,country.georgia,2022,total,citizenship.turkey,2064,persons,border_police,published,source.geostat_demography_migration_citizenship,1!E173 [2022],2026-10-03
demography.emigrants_by_citizenship_group,country.georgia,2023,total,citizenship.turkey,7049,persons,border_police,published,source.geostat_demography_migration_citizenship,1!E186 [2023],2026-10-03
demography.emigrants_by_citizenship_group,country.georgia,2024,total,citizenship.turkey,2631,persons,border_police,published,source.geostat_demography_migration_citizenship,1!E203 [2024],2026-10-03
demography.emigrants_by_citizenship_group,country.georgia,2025,total,citizenship.turkey,3328,persons,border_police,published,source.geostat_demography_migration_citizenship,1!E220 [2025],2026-10-03
demography.emigrants_by_citizenship_group,country.georgia,2012,male,citizenship.turkey,5127,persons,border_police,published,source.geostat_demography_migration_citizenship,1!F11 [2012],2026-10-03
demography.emigrants_by_citizenship_group,country.georgia,2013,male,citizenship.turkey,5211,persons,border_police,published,source.geostat_demography_migration_citizenship,1!F26 [2013],2026-10-03
demography.emigrants_by_citizenship_group,country.georgia,2014,male,citizenship.turkey,1785,persons,border_police,published,source.geostat_demography_migration_citizenship,1!F42 [2014],2026-10-03
demography.emigrants_by_citizenship_group,country.georgia,2015,male,citizenship.turkey,2796,persons,border_police,published,source.geostat_demography_migration_citizenship,1!F58 [2015],2026-10-03
demography.emigrants_by_citizenship_group,country.georgia,2016,male,citizenship.turkey,3093,persons,border_police,published,source.geostat_demography_migration_citizenship,1!F74 [2016],2026-10-03
demography.emigrants_by_citizenship_group,country.georgia,2017,male,citizenship.turkey,1646,persons,border_police,published,source.geostat_demography_migration_citizenship,1!F90 [2017],2026-10-03
demography.emigrants_by_citizenship_group,country.georgia,2018,male,citizenship.turkey,2275,persons,border_police,published,source.geostat_demography_migration_citizenship,1!F106 [2018],2026-10-03
demography.emigrants_by_citizenship_group,country.georgia,2019,male,citizenship.turkey,1875,persons,border_police,published,source.geostat_demography_migration_citizenship,1!F124 [2019],2026-10-03
demography.emigrants_by_citizenship_group,country.georgia,2020,male,citizenship.turkey,2644,persons,border_police,published,source.geostat_demography_migration_citizenship,1!F139 [2020],2026-10-03
demography.emigrants_by_citizenship_group,country.georgia,2021,male,citizenship.turkey,1201,persons,border_police,published,source.geostat_demography_migration_citizenship,1!F154 [2021],2026-10-03
demography.emigrants_by_citizenship_group,country.georgia,2022,male,citizenship.turkey,1589,persons,border_police,published,source.geostat_demography_migration_citizenship,1!F173 [2022],2026-10-03
demography.emigrants_by_citizenship_group,country.georgia,2023,male,citizenship.turkey,4651,persons,border_police,published,source.geostat_demography_migration_citizenship,1!F186 [2023],2026-10-03
demography.emigrants_by_citizenship_group,country.georgia,2024,male,citizenship.turkey,2132,persons,border_police,published,source.geostat_demography_migration_citizenship,1!F203 [2024],2026-10-03
demography.emigrants_by_citizenship_group,country.georgia,2025,male,citizenship.turkey,2720,persons,border_police,published,source.geostat_demography_migration_citizenship,1!F220 [2025],2026-10-03
demography.emigrants_by_citizenship_group,country.georgia,2012,female,citizenship.turkey,670,persons,border_police,published,source.geostat_demography_migration_citizenship,1!G11 [2012],2026-10-03
demography.emigrants_by_citizenship_group,country.georgia,2013,female,citizenship.turkey,1531,persons,border_police,published,source.geostat_demography_migration_citizenship,1!G26 [2013],2026-10-03
demography.emigrants_by_citizenship_group,country.georgia,2014,female,citizenship.turkey,610,persons,border_police,published,source.geostat_demography_migration_citizenship,1!G42 [2014],2026-10-03
demography.emigrants_by_citizenship_group,country.georgia,2015,female,citizenship.turkey,835,persons,border_police,published,source.geostat_demography_migration_citizenship,1!G58 [2015],2026-10-03
demography.emigrants_by_citizenship_group,country.georgia,2016,female,citizenship.turkey,1107,persons,border_police,published,source.geostat_demography_migration_citizenship,1!G74 [2016],2026-10-03
demography.emigrants_by_citizenship_group,country.georgia,2017,female,citizenship.turkey,490,persons,border_police,published,source.geostat_demography_migration_citizenship,1!G90 [2017],2026-10-03
demography.emigrants_by_citizenship_group,country.georgia,2018,female,citizenship.turkey,493,persons,border_police,published,source.geostat_demography_migration_citizenship,1!G106 [2018],2026-10-03
demography.emigrants_by_citizenship_group,country.georgia,2019,female,citizenship.turkey,624,persons,border_police,published,source.geostat_demography_migration_citizenship,1!G124 [2019],2026-10-03
demography.emigrants_by_citizenship_group,country.georgia,2020,female,citizenship.turkey,665,persons,border_police,published,source.geostat_demography_migration_citizenship,1!G139 [2020],2026-10-03
demography.emigrants_by_citizenship_group,country.georgia,2021,female,citizenship.turkey,472,persons,border_police,published,source.geostat_demography_migration_citizenship,1!G154 [2021],2026-10-03
demography.emigrants_by_citizenship_group,country.georgia,2022,female,citizenship.turkey,475,persons,border_police,published,source.geostat_demography_migration_citizenship,1!G173 [2022],2026-10-03
demography.emigrants_by_citizenship_group,country.georgia,2023,female,citizenship.turkey,2398,persons,border_police,published,source.geostat_demography_migration_citizenship,1!G186 [2023],2026-10-03
demography.emigrants_by_citizenship_group,country.georgia,2024,female,citizenship.turkey,499,persons,border_police,published,source.geostat_demography_migration_citizenship,1!G203 [2024],2026-10-03
demography.emigrants_by_citizenship_group,country.georgia,2025,female,citizenship.turkey,608,persons,border_police,published,source.geostat_demography_migration_citizenship,1!G220 [2025],2026-10-03
demography.emigrants_by_citizenship_group,country.georgia,2012,total,citizenship.azerbaijan,1210,persons,border_police,published,source.geostat_demography_migration_citizenship,1!E12 [2012],2026-10-03
demography.emigrants_by_citizenship_group,country.georgia,2013,total,citizenship.azerbaijan,1631,persons,border_police,published,source.geostat_demography_migration_citizenship,1!E28 [2013],2026-10-03
demography.emigrants_by_citizenship_group,country.georgia,2014,total,citizenship.azerbaijan,1254,persons,border_police,published,source.geostat_demography_migration_citizenship,1!E44 [2014],2026-10-03
demography.emigrants_by_citizenship_group,country.georgia,2015,total,citizenship.azerbaijan,1574,persons,border_police,published,source.geostat_demography_migration_citizenship,1!E61 [2015],2026-10-03
demography.emigrants_by_citizenship_group,country.georgia,2016,total,citizenship.azerbaijan,1772,persons,border_police,published,source.geostat_demography_migration_citizenship,1!E76 [2016],2026-10-03
demography.emigrants_by_citizenship_group,country.georgia,2017,total,citizenship.azerbaijan,1487,persons,border_police,published,source.geostat_demography_migration_citizenship,1!E91 [2017],2026-10-03
demography.emigrants_by_citizenship_group,country.georgia,2018,total,citizenship.azerbaijan,1948,persons,border_police,published,source.geostat_demography_migration_citizenship,1!E108 [2018],2026-10-03
demography.emigrants_by_citizenship_group,country.georgia,2019,total,citizenship.azerbaijan,2082,persons,border_police,published,source.geostat_demography_migration_citizenship,1!E123 [2019],2026-10-03
demography.emigrants_by_citizenship_group,country.georgia,2020,total,citizenship.azerbaijan,2947,persons,border_police,published,source.geostat_demography_migration_citizenship,1!E138 [2020],2026-10-03
demography.emigrants_by_citizenship_group,country.georgia,2021,total,citizenship.azerbaijan,1429,persons,border_police,published,source.geostat_demography_migration_citizenship,1!E155 [2021],2026-10-03
demography.emigrants_by_citizenship_group,country.georgia,2022,total,citizenship.azerbaijan,1442,persons,border_police,published,source.geostat_demography_migration_citizenship,1!E174 [2022],2026-10-03
demography.emigrants_by_citizenship_group,country.georgia,2023,total,citizenship.azerbaijan,1946,persons,border_police,published,source.geostat_demography_migration_citizenship,1!E189 [2023],2026-10-03
demography.emigrants_by_citizenship_group,country.georgia,2024,total,citizenship.azerbaijan,2209,persons,border_police,published,source.geostat_demography_migration_citizenship,1!E205 [2024],2026-10-03
demography.emigrants_by_citizenship_group,country.georgia,2025,total,citizenship.azerbaijan,2547,persons,border_police,published,source.geostat_demography_migration_citizenship,1!E221 [2025],2026-10-03
demography.emigrants_by_citizenship_group,country.georgia,2012,male,citizenship.azerbaijan,656,persons,border_police,published,source.geostat_demography_migration_citizenship,1!F12 [2012],2026-10-03
demography.emigrants_by_citizenship_group,country.georgia,2013,male,citizenship.azerbaijan,855,persons,border_police,published,source.geostat_demography_migration_citizenship,1!F28 [2013],2026-10-03
demography.emigrants_by_citizenship_group,country.georgia,2014,male,citizenship.azerbaijan,697,persons,border_police,published,source.geostat_demography_migration_citizenship,1!F44 [2014],2026-10-03
demography.emigrants_by_citizenship_group,country.georgia,2015,male,citizenship.azerbaijan,817,persons,border_police,published,source.geostat_demography_migration_citizenship,1!F61 [2015],2026-10-03
demography.emigrants_by_citizenship_group,country.georgia,2016,male,citizenship.azerbaijan,968,persons,border_police,published,source.geostat_demography_migration_citizenship,1!F76 [2016],2026-10-03
demography.emigrants_by_citizenship_group,country.georgia,2017,male,citizenship.azerbaijan,798,persons,border_police,published,source.geostat_demography_migration_citizenship,1!F91 [2017],2026-10-03
demography.emigrants_by_citizenship_group,country.georgia,2018,male,citizenship.azerbaijan,1105,persons,border_police,published,source.geostat_demography_migration_citizenship,1!F108 [2018],2026-10-03
demography.emigrants_by_citizenship_group,country.georgia,2019,male,citizenship.azerbaijan,1150,persons,border_police,published,source.geostat_demography_migration_citizenship,1!F123 [2019],2026-10-03
demography.emigrants_by_citizenship_group,country.georgia,2020,male,citizenship.azerbaijan,1755,persons,border_police,published,source.geostat_demography_migration_citizenship,1!F138 [2020],2026-10-03
demography.emigrants_by_citizenship_group,country.georgia,2021,male,citizenship.azerbaijan,759,persons,border_police,published,source.geostat_demography_migration_citizenship,1!F155 [2021],2026-10-03
demography.emigrants_by_citizenship_group,country.georgia,2022,male,citizenship.azerbaijan,835,persons,border_police,published,source.geostat_demography_migration_citizenship,1!F174 [2022],2026-10-03
demography.emigrants_by_citizenship_group,country.georgia,2023,male,citizenship.azerbaijan,1140,persons,border_police,published,source.geostat_demography_migration_citizenship,1!F189 [2023],2026-10-03
demography.emigrants_by_citizenship_group,country.georgia,2024,male,citizenship.azerbaijan,1552,persons,border_police,published,source.geostat_demography_migration_citizenship,1!F205 [2024],2026-10-03
demography.emigrants_by_citizenship_group,country.georgia,2025,male,citizenship.azerbaijan,1890,persons,border_police,published,source.geostat_demography_migration_citizenship,1!F221 [2025],2026-10-03
demography.emigrants_by_citizenship_group,country.georgia,2012,female,citizenship.azerbaijan,554,persons,border_police,published,source.geostat_demography_migration_citizenship,1!G12 [2012],2026-10-03
demography.emigrants_by_citizenship_group,country.georgia,2013,female,citizenship.azerbaijan,776,persons,border_police,published,source.geostat_demography_migration_citizenship,1!G28 [2013],2026-10-03
demography.emigrants_by_citizenship_group,country.georgia,2014,female,citizenship.azerbaijan,557,persons,border_police,published,source.geostat_demography_migration_citizenship,1!G44 [2014],2026-10-03
demography.emigrants_by_citizenship_group,country.georgia,2015,female,citizenship.azerbaijan,757,persons,border_police,published,source.geostat_demography_migration_citizenship,1!G61 [2015],2026-10-03
demography.emigrants_by_citizenship_group,country.georgia,2016,female,citizenship.azerbaijan,804,persons,border_police,published,source.geostat_demography_migration_citizenship,1!G76 [2016],2026-10-03
demography.emigrants_by_citizenship_group,country.georgia,2017,female,citizenship.azerbaijan,689,persons,border_police,published,source.geostat_demography_migration_citizenship,1!G91 [2017],2026-10-03
demography.emigrants_by_citizenship_group,country.georgia,2018,female,citizenship.azerbaijan,843,persons,border_police,published,source.geostat_demography_migration_citizenship,1!G108 [2018],2026-10-03
demography.emigrants_by_citizenship_group,country.georgia,2019,female,citizenship.azerbaijan,932,persons,border_police,published,source.geostat_demography_migration_citizenship,1!G123 [2019],2026-10-03
demography.emigrants_by_citizenship_group,country.georgia,2020,female,citizenship.azerbaijan,1192,persons,border_police,published,source.geostat_demography_migration_citizenship,1!G138 [2020],2026-10-03
demography.emigrants_by_citizenship_group,country.georgia,2021,female,citizenship.azerbaijan,670,persons,border_police,published,source.geostat_demography_migration_citizenship,1!G155 [2021],2026-10-03
demography.emigrants_by_citizenship_group,country.georgia,2022,female,citizenship.azerbaijan,607,persons,border_police,published,source.geostat_demography_migration_citizenship,1!G174 [2022],2026-10-03
demography.emigrants_by_citizenship_group,country.georgia,2023,female,citizenship.azerbaijan,806,persons,border_police,published,source.geostat_demography_migration_citizenship,1!G189 [2023],2026-10-03
demography.emigrants_by_citizenship_group,country.georgia,2024,female,citizenship.azerbaijan,657,persons,border_police,published,source.geostat_demography_migration_citizenship,1!G205 [2024],2026-10-03
demography.emigrants_by_citizenship_group,country.georgia,2025,female,citizenship.azerbaijan,657,persons,border_police,published,source.geostat_demography_migration_citizenship,1!G221 [2025],2026-10-03
demography.emigrants_by_citizenship_group,country.georgia,2012,total,citizenship.ukraine,1428,persons,border_police,published,source.geostat_demography_migration_citizenship,1!E13 [2012],2026-10-03
demography.emigrants_by_citizenship_group,country.georgia,2013,total,citizenship.ukraine,1103,persons,border_police,published,source.geostat_demography_migration_citizenship,1!E29 [2013],2026-10-03
demography.emigrants_by_citizenship_group,country.georgia,2014,total,citizenship.ukraine,762,persons,border_police,published,source.geostat_demography_migration_citizenship,1!E46 [2014],2026-10-03
demography.emigrants_by_citizenship_group,country.georgia,2015,total,citizenship.ukraine,1130,persons,border_police,published,source.geostat_demography_migration_citizenship,1!E60 [2015],2026-10-03
demography.emigrants_by_citizenship_group,country.georgia,2016,total,citizenship.ukraine,1612,persons,border_police,published,source.geostat_demography_migration_citizenship,1!E77 [2016],2026-10-03
demography.emigrants_by_citizenship_group,country.georgia,2017,total,citizenship.ukraine,1552,persons,border_police,published,source.geostat_demography_migration_citizenship,1!E93 [2017],2026-10-03
demography.emigrants_by_citizenship_group,country.georgia,2018,total,citizenship.ukraine,1552,persons,border_police,published,source.geostat_demography_migration_citizenship,1!E110 [2018],2026-10-03
demography.emigrants_by_citizenship_group,country.georgia,2019,total,citizenship.ukraine,1171,persons,border_police,published,source.geostat_demography_migration_citizenship,1!E126 [2019],2026-10-03
demography.emigrants_by_citizenship_group,country.georgia,2020,total,citizenship.ukraine,1609,persons,border_police,published,source.geostat_demography_migration_citizenship,1!E144 [2020],2026-10-03
demography.emigrants_by_citizenship_group,country.georgia,2021,total,citizenship.ukraine,919,persons,border_police,published,source.geostat_demography_migration_citizenship,1!E157 [2021],2026-10-03
demography.emigrants_by_citizenship_group,country.georgia,2022,total,citizenship.ukraine,2004,persons,border_police,published,source.geostat_demography_migration_citizenship,1!E170 [2022],2026-10-03
demography.emigrants_by_citizenship_group,country.georgia,2023,total,citizenship.ukraine,7675,persons,border_police,published,source.geostat_demography_migration_citizenship,1!E188 [2023],2026-10-03
demography.emigrants_by_citizenship_group,country.georgia,2024,total,citizenship.ukraine,4290,persons,border_police,published,source.geostat_demography_migration_citizenship,1!E202 [2024],2026-10-03
demography.emigrants_by_citizenship_group,country.georgia,2025,total,citizenship.ukraine,3658,persons,border_police,published,source.geostat_demography_migration_citizenship,1!E218 [2025],2026-10-03
demography.emigrants_by_citizenship_group,country.georgia,2012,male,citizenship.ukraine,938,persons,border_police,published,source.geostat_demography_migration_citizenship,1!F13 [2012],2026-10-03
demography.emigrants_by_citizenship_group,country.georgia,2013,male,citizenship.ukraine,683,persons,border_police,published,source.geostat_demography_migration_citizenship,1!F29 [2013],2026-10-03
demography.emigrants_by_citizenship_group,country.georgia,2014,male,citizenship.ukraine,419,persons,border_police,published,source.geostat_demography_migration_citizenship,1!F46 [2014],2026-10-03
demography.emigrants_by_citizenship_group,country.georgia,2015,male,citizenship.ukraine,755,persons,border_police,published,source.geostat_demography_migration_citizenship,1!F60 [2015],2026-10-03
demography.emigrants_by_citizenship_group,country.georgia,2016,male,citizenship.ukraine,796,persons,border_police,published,source.geostat_demography_migration_citizenship,1!F77 [2016],2026-10-03
demography.emigrants_by_citizenship_group,country.georgia,2017,male,citizenship.ukraine,960,persons,border_police,published,source.geostat_demography_migration_citizenship,1!F93 [2017],2026-10-03
demography.emigrants_by_citizenship_group,country.georgia,2018,male,citizenship.ukraine,923,persons,border_police,published,source.geostat_demography_migration_citizenship,1!F110 [2018],2026-10-03
demography.emigrants_by_citizenship_group,country.georgia,2019,male,citizenship.ukraine,583,persons,border_police,published,source.geostat_demography_migration_citizenship,1!F126 [2019],2026-10-03
demography.emigrants_by_citizenship_group,country.georgia,2020,male,citizenship.ukraine,752,persons,border_police,published,source.geostat_demography_migration_citizenship,1!F144 [2020],2026-10-03
demography.emigrants_by_citizenship_group,country.georgia,2021,male,citizenship.ukraine,400,persons,border_police,published,source.geostat_demography_migration_citizenship,1!F157 [2021],2026-10-03
demography.emigrants_by_citizenship_group,country.georgia,2022,male,citizenship.ukraine,896,persons,border_police,published,source.geostat_demography_migration_citizenship,1!F170 [2022],2026-10-03
demography.emigrants_by_citizenship_group,country.georgia,2023,male,citizenship.ukraine,3060,persons,border_police,published,source.geostat_demography_migration_citizenship,1!F188 [2023],2026-10-03
demography.emigrants_by_citizenship_group,country.georgia,2024,male,citizenship.ukraine,1958,persons,border_police,published,source.geostat_demography_migration_citizenship,1!F202 [2024],2026-10-03
demography.emigrants_by_citizenship_group,country.georgia,2025,male,citizenship.ukraine,1826,persons,border_police,published,source.geostat_demography_migration_citizenship,1!F218 [2025],2026-10-03
demography.emigrants_by_citizenship_group,country.georgia,2012,female,citizenship.ukraine,490,persons,border_police,published,source.geostat_demography_migration_citizenship,1!G13 [2012],2026-10-03
demography.emigrants_by_citizenship_group,country.georgia,2013,female,citizenship.ukraine,420,persons,border_police,published,source.geostat_demography_migration_citizenship,1!G29 [2013],2026-10-03
demography.emigrants_by_citizenship_group,country.georgia,2014,female,citizenship.ukraine,343,persons,border_police,published,source.geostat_demography_migration_citizenship,1!G46 [2014],2026-10-03
demography.emigrants_by_citizenship_group,country.georgia,2015,female,citizenship.ukraine,375,persons,border_police,published,source.geostat_demography_migration_citizenship,1!G60 [2015],2026-10-03
demography.emigrants_by_citizenship_group,country.georgia,2016,female,citizenship.ukraine,816,persons,border_police,published,source.geostat_demography_migration_citizenship,1!G77 [2016],2026-10-03
demography.emigrants_by_citizenship_group,country.georgia,2017,female,citizenship.ukraine,592,persons,border_police,published,source.geostat_demography_migration_citizenship,1!G93 [2017],2026-10-03
demography.emigrants_by_citizenship_group,country.georgia,2018,female,citizenship.ukraine,629,persons,border_police,published,source.geostat_demography_migration_citizenship,1!G110 [2018],2026-10-03
demography.emigrants_by_citizenship_group,country.georgia,2019,female,citizenship.ukraine,588,persons,border_police,published,source.geostat_demography_migration_citizenship,1!G126 [2019],2026-10-03
demography.emigrants_by_citizenship_group,country.georgia,2020,female,citizenship.ukraine,857,persons,border_police,published,source.geostat_demography_migration_citizenship,1!G144 [2020],2026-10-03
demography.emigrants_by_citizenship_group,country.georgia,2021,female,citizenship.ukraine,519,persons,border_police,published,source.geostat_demography_migration_citizenship,1!G157 [2021],2026-10-03
demography.emigrants_by_citizenship_group,country.georgia,2022,female,citizenship.ukraine,1108,persons,border_police,published,source.geostat_demography_migration_citizenship,1!G170 [2022],2026-10-03
demography.emigrants_by_citizenship_group,country.georgia,2023,female,citizenship.ukraine,4615,persons,border_police,published,source.geostat_demography_migration_citizenship,1!G188 [2023],2026-10-03
demography.emigrants_by_citizenship_group,country.georgia,2024,female,citizenship.ukraine,2332,persons,border_police,published,source.geostat_demography_migration_citizenship,1!G202 [2024],2026-10-03
demography.emigrants_by_citizenship_group,country.georgia,2025,female,citizenship.ukraine,1832,persons,border_police,published,source.geostat_demography_migration_citizenship,1!G218 [2025],2026-10-03
demography.emigrants_by_citizenship_group,country.georgia,2012,total,citizenship.all_other_computed,17834,persons,border_police,published,source.geostat_demography_migration_citizenship,1!E9+E14+E15+E16+E17+E18+E19+E20+E21 [2012],2026-10-03
demography.emigrants_by_citizenship_group,country.georgia,2013,total,citizenship.all_other_computed,12651,persons,border_police,published,source.geostat_demography_migration_citizenship,1!E27+E31+E30+E33+E32+E34+E35+E36+E37 [2013],2026-10-03
demography.emigrants_by_citizenship_group,country.georgia,2014,total,citizenship.all_other_computed,9014,persons,border_police,published,source.geostat_demography_migration_citizenship,1!E43+E50+E48+E49+E47+E45+E51+E52+E53 [2014],2026-10-03
demography.emigrants_by_citizenship_group,country.georgia,2015,total,citizenship.all_other_computed,16018,persons,border_police,published,source.geostat_demography_migration_citizenship,1!E59+E66+E62+E65+E63+E64+E67+E68+E69 [2015],2026-10-03
demography.emigrants_by_citizenship_group,country.georgia,2016,total,citizenship.all_other_computed,17620,persons,border_police,published,source.geostat_demography_migration_citizenship,1!E75+E78+E79+E80+E82+E81+E83+E84+E85 [2016],2026-10-03
demography.emigrants_by_citizenship_group,country.georgia,2017,total,citizenship.all_other_computed,7902,persons,border_police,published,source.geostat_demography_migration_citizenship,1!E94+E92+E96+E95+E97+E98+E99+E100+E101 [2017],2026-10-03
demography.emigrants_by_citizenship_group,country.georgia,2018,total,citizenship.all_other_computed,9950,persons,border_police,published,source.geostat_demography_migration_citizenship,1!E111+E109+E112+E107+E113+E114+E115+E116+E117 [2018],2026-10-03
demography.emigrants_by_citizenship_group,country.georgia,2019,total,citizenship.all_other_computed,11393,persons,border_police,published,source.geostat_demography_migration_citizenship,1!E127+E125+E128+E122+E129+E130+E131+E132+E133 [2019],2026-10-03
demography.emigrants_by_citizenship_group,country.georgia,2020,total,citizenship.all_other_computed,15116,persons,border_police,published,source.geostat_demography_migration_citizenship,1!E140+E141+E142+E146+E143+E145+E147+E148+E149 [2020],2026-10-03
demography.emigrants_by_citizenship_group,country.georgia,2021,total,citizenship.all_other_computed,10265,persons,border_police,published,source.geostat_demography_migration_citizenship,1!E161+E159+E160+E156+E162+E158+E163+E164+E165 [2021],2026-10-03
demography.emigrants_by_citizenship_group,country.georgia,2022,total,citizenship.all_other_computed,13022,persons,border_police,published,source.geostat_demography_migration_citizenship,1!E175+E172+E176+E177+E178+E171+E179+E180+E181 [2022],2026-10-03
demography.emigrants_by_citizenship_group,country.georgia,2023,total,citizenship.all_other_computed,29570,persons,border_police,published,source.geostat_demography_migration_citizenship,1!E192+E187+E193+E194+E191+E190+E195+E196+E197 [2023],2026-10-03
demography.emigrants_by_citizenship_group,country.georgia,2024,total,citizenship.all_other_computed,22089,persons,border_police,published,source.geostat_demography_migration_citizenship,1!E210+E204+E209+E208+E206+E207+E211+E212+E213 [2024],2026-10-03
demography.emigrants_by_citizenship_group,country.georgia,2025,total,citizenship.all_other_computed,26816,persons,border_police,published,source.geostat_demography_migration_citizenship,1!E219+E226+E222+E225+E224+E223+E227+E228+E229 [2025],2026-10-03
demography.emigrants_by_citizenship_group,country.georgia,2012,male,citizenship.all_other_computed,11091,persons,border_police,published,source.geostat_demography_migration_citizenship,1!F9+F14+F15+F16+F17+F18+F19+F20+F21 [2012],2026-10-03
demography.emigrants_by_citizenship_group,country.georgia,2013,male,citizenship.all_other_computed,8090,persons,border_police,published,source.geostat_demography_migration_citizenship,1!F27+F31+F30+F33+F32+F34+F35+F36+F37 [2013],2026-10-03
demography.emigrants_by_citizenship_group,country.georgia,2014,male,citizenship.all_other_computed,5671,persons,border_police,published,source.geostat_demography_migration_citizenship,1!F43+F50+F48+F49+F47+F45+F51+F52+F53 [2014],2026-10-03
demography.emigrants_by_citizenship_group,country.georgia,2015,male,citizenship.all_other_computed,10253,persons,border_police,published,source.geostat_demography_migration_citizenship,1!F59+F66+F62+F65+F63+F64+F67+F68+F69 [2015],2026-10-03
demography.emigrants_by_citizenship_group,country.georgia,2016,male,citizenship.all_other_computed,10808,persons,border_police,published,source.geostat_demography_migration_citizenship,1!F75+F78+F79+F80+F82+F81+F83+F84+F85 [2016],2026-10-03
demography.emigrants_by_citizenship_group,country.georgia,2017,male,citizenship.all_other_computed,4890,persons,border_police,published,source.geostat_demography_migration_citizenship,1!F94+F92+F96+F95+F97+F98+F99+F100+F101 [2017],2026-10-03
demography.emigrants_by_citizenship_group,country.georgia,2018,male,citizenship.all_other_computed,6247,persons,border_police,published,source.geostat_demography_migration_citizenship,1!F111+F109+F112+F107+F113+F114+F115+F116+F117 [2018],2026-10-03
demography.emigrants_by_citizenship_group,country.georgia,2019,male,citizenship.all_other_computed,7250,persons,border_police,published,source.geostat_demography_migration_citizenship,1!F127+F125+F128+F122+F129+F130+F131+F132+F133 [2019],2026-10-03
demography.emigrants_by_citizenship_group,country.georgia,2020,male,citizenship.all_other_computed,8840,persons,border_police,published,source.geostat_demography_migration_citizenship,1!F140+F141+F142+F146+F143+F145+F147+F148+F149 [2020],2026-10-03
demography.emigrants_by_citizenship_group,country.georgia,2021,male,citizenship.all_other_computed,6446,persons,border_police,published,source.geostat_demography_migration_citizenship,1!F161+F159+F160+F156+F162+F158+F163+F164+F165 [2021],2026-10-03
demography.emigrants_by_citizenship_group,country.georgia,2022,male,citizenship.all_other_computed,8137,persons,border_police,published,source.geostat_demography_migration_citizenship,1!F175+F172+F176+F177+F178+F171+F179+F180+F181 [2022],2026-10-03
demography.emigrants_by_citizenship_group,country.georgia,2023,male,citizenship.all_other_computed,17443,persons,border_police,published,source.geostat_demography_migration_citizenship,1!F192+F187+F193+F194+F191+F190+F195+F196+F197 [2023],2026-10-03
demography.emigrants_by_citizenship_group,country.georgia,2024,male,citizenship.all_other_computed,13385,persons,border_police,published,source.geostat_demography_migration_citizenship,1!F210+F204+F209+F208+F206+F207+F211+F212+F213 [2024],2026-10-03
demography.emigrants_by_citizenship_group,country.georgia,2025,male,citizenship.all_other_computed,15910,persons,border_police,published,source.geostat_demography_migration_citizenship,1!F219+F226+F222+F225+F224+F223+F227+F228+F229 [2025],2026-10-03
demography.emigrants_by_citizenship_group,country.georgia,2012,female,citizenship.all_other_computed,6743,persons,border_police,published,source.geostat_demography_migration_citizenship,1!G9+G14+G15+G16+G17+G18+G19+G20+G21 [2012],2026-10-03
demography.emigrants_by_citizenship_group,country.georgia,2013,female,citizenship.all_other_computed,4561,persons,border_police,published,source.geostat_demography_migration_citizenship,1!G27+G31+G30+G33+G32+G34+G35+G36+G37 [2013],2026-10-03
demography.emigrants_by_citizenship_group,country.georgia,2014,female,citizenship.all_other_computed,3343,persons,border_police,published,source.geostat_demography_migration_citizenship,1!G43+G50+G48+G49+G47+G45+G51+G52+G53 [2014],2026-10-03
demography.emigrants_by_citizenship_group,country.georgia,2015,female,citizenship.all_other_computed,5765,persons,border_police,published,source.geostat_demography_migration_citizenship,1!G59+G66+G62+G65+G63+G64+G67+G68+G69 [2015],2026-10-03
demography.emigrants_by_citizenship_group,country.georgia,2016,female,citizenship.all_other_computed,6812,persons,border_police,published,source.geostat_demography_migration_citizenship,1!G75+G78+G79+G80+G82+G81+G83+G84+G85 [2016],2026-10-03
demography.emigrants_by_citizenship_group,country.georgia,2017,female,citizenship.all_other_computed,3012,persons,border_police,published,source.geostat_demography_migration_citizenship,1!G94+G92+G96+G95+G97+G98+G99+G100+G101 [2017],2026-10-03
demography.emigrants_by_citizenship_group,country.georgia,2018,female,citizenship.all_other_computed,3703,persons,border_police,published,source.geostat_demography_migration_citizenship,1!G111+G109+G112+G107+G113+G114+G115+G116+G117 [2018],2026-10-03
demography.emigrants_by_citizenship_group,country.georgia,2019,female,citizenship.all_other_computed,4143,persons,border_police,published,source.geostat_demography_migration_citizenship,1!G127+G125+G128+G122+G129+G130+G131+G132+G133 [2019],2026-10-03
demography.emigrants_by_citizenship_group,country.georgia,2020,female,citizenship.all_other_computed,6276,persons,border_police,published,source.geostat_demography_migration_citizenship,1!G140+G141+G142+G146+G143+G145+G147+G148+G149 [2020],2026-10-03
demography.emigrants_by_citizenship_group,country.georgia,2021,female,citizenship.all_other_computed,3819,persons,border_police,published,source.geostat_demography_migration_citizenship,1!G161+G159+G160+G156+G162+G158+G163+G164+G165 [2021],2026-10-03
demography.emigrants_by_citizenship_group,country.georgia,2022,female,citizenship.all_other_computed,4885,persons,border_police,published,source.geostat_demography_migration_citizenship,1!G175+G172+G176+G177+G178+G171+G179+G180+G181 [2022],2026-10-03
demography.emigrants_by_citizenship_group,country.georgia,2023,female,citizenship.all_other_computed,12127,persons,border_police,published,source.geostat_demography_migration_citizenship,1!G192+G187+G193+G194+G191+G190+G195+G196+G197 [2023],2026-10-03
demography.emigrants_by_citizenship_group,country.georgia,2024,female,citizenship.all_other_computed,8704,persons,border_police,published,source.geostat_demography_migration_citizenship,1!G210+G204+G209+G208+G206+G207+G211+G212+G213 [2024],2026-10-03
demography.emigrants_by_citizenship_group,country.georgia,2025,female,citizenship.all_other_computed,10906,persons,border_police,published,source.geostat_demography_migration_citizenship,1!G219+G226+G222+G225+G224+G223+G227+G228+G229 [2025],2026-10-03
