entity_id,year,value_usd,unit,basis,value_status,source_id,source_sheet,source_cells,source_unit,vintage,last_reviewed_at
fdi.country.international_organizations,1996,,usd,actual,not_applicable,source.geostat_fdi_by_countries,FDI (annual),C88,thousand_usd,2026-08-17,2026-10-10
fdi.country.international_organizations,1997,,usd,actual,not_applicable,source.geostat_fdi_by_countries,FDI (annual),D88,thousand_usd,2026-08-17,2026-10-10
fdi.country.international_organizations,1998,,usd,actual,not_applicable,source.geostat_fdi_by_countries,FDI (annual),E88,thousand_usd,2026-08-17,2026-10-10
fdi.country.international_organizations,1999,,usd,actual,not_applicable,source.geostat_fdi_by_countries,FDI (annual),F88,thousand_usd,2026-08-17,2026-10-10
fdi.country.international_organizations,2000,,usd,actual,not_applicable,source.geostat_fdi_by_countries,FDI (annual),G88,thousand_usd,2026-08-17,2026-10-10
fdi.country.international_organizations,2001,,usd,actual,not_applicable,source.geostat_fdi_by_countries,FDI (annual),H88,thousand_usd,2026-08-17,2026-10-10
fdi.country.international_organizations,2002,448531.79999999998,usd,actual,numeric,source.geostat_fdi_by_countries,FDI (annual),I88,thousand_usd,2026-08-17,2026-10-10
fdi.country.international_organizations,2003,1235937.3600000001,usd,actual,numeric,source.geostat_fdi_by_countries,FDI (annual),J88,thousand_usd,2026-08-17,2026-10-10
fdi.country.international_organizations,2004,776706.82999999997,usd,actual,numeric,source.geostat_fdi_by_countries,FDI (annual),K88,thousand_usd,2026-08-17,2026-10-10
fdi.country.international_organizations,2005,3279470.6199999996,usd,actual,numeric,source.geostat_fdi_by_countries,FDI (annual),L88,thousand_usd,2026-08-17,2026-10-10
fdi.country.international_organizations,2006,14619299.679140289,usd,actual,numeric,source.geostat_fdi_by_countries,FDI (annual),M88,thousand_usd,2026-08-17,2026-10-10
fdi.country.international_organizations,2007,13066105.5431365,usd,actual,numeric,source.geostat_fdi_by_countries,FDI (annual),N88,thousand_usd,2026-08-17,2026-10-10
fdi.country.international_organizations,2008,23650953.120131377,usd,actual,numeric,source.geostat_fdi_by_countries,FDI (annual),O88,thousand_usd,2026-08-17,2026-10-10
fdi.country.international_organizations,2009,30739225.200000004,usd,actual,numeric,source.geostat_fdi_by_countries,FDI (annual),P88,thousand_usd,2026-08-17,2026-10-10
fdi.country.international_organizations,2010,45186041.699999994,usd,actual,numeric,source.geostat_fdi_by_countries,FDI (annual),Q88,thousand_usd,2026-08-17,2026-10-10
fdi.country.international_organizations,2011,94896504.400000005,usd,actual,numeric,source.geostat_fdi_by_countries,FDI (annual),R88,thousand_usd,2026-08-17,2026-10-10
fdi.country.international_organizations,2012,63454726.499999997,usd,actual,numeric,source.geostat_fdi_by_countries,FDI (annual),S88,thousand_usd,2026-08-17,2026-10-10
fdi.country.international_organizations,2013,54680836.316885208,usd,actual,numeric,source.geostat_fdi_by_countries,FDI (annual),T88,thousand_usd,2026-08-17,2026-10-10
fdi.country.international_organizations,2014,-105980379.15729971,usd,actual,numeric,source.geostat_fdi_by_countries,FDI (annual),U88,thousand_usd,2026-08-17,2026-10-10
fdi.country.international_organizations,2015,39779528.091436609,usd,actual,numeric,source.geostat_fdi_by_countries,FDI (annual),V88,thousand_usd,2026-08-17,2026-10-10
fdi.country.international_organizations,2016,43125717.499999999,usd,actual,numeric,source.geostat_fdi_by_countries,FDI (annual),W88,thousand_usd,2026-08-17,2026-10-10
fdi.country.international_organizations,2017,2516089.8999999999,usd,actual,numeric,source.geostat_fdi_by_countries,FDI (annual),X88,thousand_usd,2026-08-17,2026-10-10
fdi.country.international_organizations,2018,1627471.1000000011,usd,actual,numeric,source.geostat_fdi_by_countries,FDI (annual),Y88,thousand_usd,2026-08-17,2026-10-10
fdi.country.international_organizations,2019,6883749.2999999995,usd,actual,numeric,source.geostat_fdi_by_countries,FDI (annual),Z88,thousand_usd,2026-08-17,2026-10-10
fdi.country.international_organizations,2020,1458045.0999999973,usd,actual,numeric,source.geostat_fdi_by_countries,FDI (annual),AA88,thousand_usd,2026-08-17,2026-10-10
fdi.country.international_organizations,2021,3689878.0000000015,usd,actual,numeric,source.geostat_fdi_by_countries,FDI (annual),AB88,thousand_usd,2026-08-17,2026-10-10
fdi.country.international_organizations,2022,1330437.5999999993,usd,actual,numeric,source.geostat_fdi_by_countries,FDI (annual),AC88,thousand_usd,2026-08-17,2026-10-10
fdi.country.international_organizations,2023,-79293509.699999995,usd,actual,numeric,source.geostat_fdi_by_countries,FDI (annual),AD88,thousand_usd,2026-08-17,2026-10-10
fdi.country.international_organizations,2024,6579473.899999999,usd,actual,numeric,source.geostat_fdi_by_countries,FDI (annual),AE88,thousand_usd,2026-08-17,2026-10-10
fdi.country.international_organizations,2025,3433054.4,usd,actual,numeric,source.geostat_fdi_by_countries,FDI (annual),AF88,thousand_usd,2026-08-17,2026-10-10
fdi.country.m49_031,1996,,usd,actual,not_applicable,source.geostat_fdi_by_countries,FDI (annual),C37,thousand_usd,2026-08-17,2026-10-10
fdi.country.m49_031,1997,12888430.566000001,usd,actual,numeric,source.geostat_fdi_by_countries,FDI (annual),D37,thousand_usd,2026-08-17,2026-10-10
fdi.country.m49_031,1998,13018371.956999999,usd,actual,numeric,source.geostat_fdi_by_countries,FDI (annual),E37,thousand_usd,2026-08-17,2026-10-10
fdi.country.m49_031,1999,,usd,actual,not_applicable,source.geostat_fdi_by_countries,FDI (annual),F37,thousand_usd,2026-08-17,2026-10-10
fdi.country.m49_031,2000,,usd,actual,not_applicable,source.geostat_fdi_by_countries,FDI (annual),G37,thousand_usd,2026-08-17,2026-10-10
fdi.country.m49_031,2001,,usd,actual,not_applicable,source.geostat_fdi_by_countries,FDI (annual),H37,thousand_usd,2026-08-17,2026-10-10
fdi.country.m49_031,2002,-2215848.88,usd,actual,numeric,source.geostat_fdi_by_countries,FDI (annual),I37,thousand_usd,2026-08-17,2026-10-10
fdi.country.m49_031,2003,27481697.178999999,usd,actual,numeric,source.geostat_fdi_by_countries,FDI (annual),J37,thousand_usd,2026-08-17,2026-10-10
fdi.country.m49_031,2004,66883569.147999995,usd,actual,numeric,source.geostat_fdi_by_countries,FDI (annual),K37,thousand_usd,2026-08-17,2026-10-10
fdi.country.m49_031,2005,64704396.681000006,usd,actual,numeric,source.geostat_fdi_by_countries,FDI (annual),L37,thousand_usd,2026-08-17,2026-10-10
fdi.country.m49_031,2006,71020981.433000008,usd,actual,numeric,source.geostat_fdi_by_countries,FDI (annual),M37,thousand_usd,2026-08-17,2026-10-10
fdi.country.m49_031,2007,19766912.873999994,usd,actual,numeric,source.geostat_fdi_by_countries,FDI (annual),N37,thousand_usd,2026-08-17,2026-10-10
fdi.country.m49_031,2008,23371880.167802825,usd,actual,numeric,source.geostat_fdi_by_countries,FDI (annual),O37,thousand_usd,2026-08-17,2026-10-10
fdi.country.m49_031,2009,29923288.917520003,usd,actual,numeric,source.geostat_fdi_by_countries,FDI (annual),P37,thousand_usd,2026-08-17,2026-10-10
fdi.country.m49_031,2010,62859642.098999997,usd,actual,numeric,source.geostat_fdi_by_countries,FDI (annual),Q37,thousand_usd,2026-08-17,2026-10-10
fdi.country.m49_031,2011,69454577.42300001,usd,actual,numeric,source.geostat_fdi_by_countries,FDI (annual),R37,thousand_usd,2026-08-17,2026-10-10
fdi.country.m49_031,2012,61287424.174597938,usd,actual,numeric,source.geostat_fdi_by_countries,FDI (annual),S37,thousand_usd,2026-08-17,2026-10-10
fdi.country.m49_031,2013,84620425.282886587,usd,actual,numeric,source.geostat_fdi_by_countries,FDI (annual),T37,thousand_usd,2026-08-17,2026-10-10
fdi.country.m49_031,2014,340549835.77543037,usd,actual,numeric,source.geostat_fdi_by_countries,FDI (annual),U37,thousand_usd,2026-08-17,2026-10-10
fdi.country.m49_031,2015,581739056.39861373,usd,actual,numeric,source.geostat_fdi_by_countries,FDI (annual),V37,thousand_usd,2026-08-17,2026-10-10
fdi.country.m49_031,2016,555138156.00000008,usd,actual,numeric,source.geostat_fdi_by_countries,FDI (annual),W37,thousand_usd,2026-08-17,2026-10-10
fdi.country.m49_031,2017,460502157.80000016,usd,actual,numeric,source.geostat_fdi_by_countries,FDI (annual),X37,thousand_usd,2026-08-17,2026-10-10
fdi.country.m49_031,2018,246713293.10000004,usd,actual,numeric,source.geostat_fdi_by_countries,FDI (annual),Y37,thousand_usd,2026-08-17,2026-10-10
fdi.country.m49_031,2019,39705426.000000021,usd,actual,numeric,source.geostat_fdi_by_countries,FDI (annual),Z37,thousand_usd,2026-08-17,2026-10-10
fdi.country.m49_031,2020,-16345988.899999997,usd,actual,numeric,source.geostat_fdi_by_countries,FDI (annual),AA37,thousand_usd,2026-08-17,2026-10-10
fdi.country.m49_031,2021,3342546.1000000028,usd,actual,numeric,source.geostat_fdi_by_countries,FDI (annual),AB37,thousand_usd,2026-08-17,2026-10-10
fdi.country.m49_031,2022,10942805.6,usd,actual,numeric,source.geostat_fdi_by_countries,FDI (annual),AC37,thousand_usd,2026-08-17,2026-10-10
fdi.country.m49_031,2023,101457158.99999999,usd,actual,numeric,source.geostat_fdi_by_countries,FDI (annual),AD37,thousand_usd,2026-08-17,2026-10-10
fdi.country.m49_031,2024,87213565.700000006,usd,actual,numeric,source.geostat_fdi_by_countries,FDI (annual),AE37,thousand_usd,2026-08-17,2026-10-10
fdi.country.m49_031,2025,214367147,usd,actual,numeric,source.geostat_fdi_by_countries,FDI (annual),AF37,thousand_usd,2026-08-17,2026-10-10
fdi.country.m49_032,1996,,usd,actual,not_applicable,source.geostat_fdi_by_countries,FDI (annual),C49,thousand_usd,2026-08-17,2026-10-10
fdi.country.m49_032,1997,,usd,actual,not_applicable,source.geostat_fdi_by_countries,FDI (annual),D49,thousand_usd,2026-08-17,2026-10-10
fdi.country.m49_032,1998,,usd,actual,not_applicable,source.geostat_fdi_by_countries,FDI (annual),E49,thousand_usd,2026-08-17,2026-10-10
fdi.country.m49_032,1999,,usd,actual,not_applicable,source.geostat_fdi_by_countries,FDI (annual),F49,thousand_usd,2026-08-17,2026-10-10
fdi.country.m49_032,2000,,usd,actual,not_applicable,source.geostat_fdi_by_countries,FDI (annual),G49,thousand_usd,2026-08-17,2026-10-10
fdi.country.m49_032,2001,,usd,actual,not_applicable,source.geostat_fdi_by_countries,FDI (annual),H49,thousand_usd,2026-08-17,2026-10-10
fdi.country.m49_032,2002,,usd,actual,not_applicable,source.geostat_fdi_by_countries,FDI (annual),I49,thousand_usd,2026-08-17,2026-10-10
fdi.country.m49_032,2003,,usd,actual,not_applicable,source.geostat_fdi_by_countries,FDI (annual),J49,thousand_usd,2026-08-17,2026-10-10
fdi.country.m49_032,2004,,usd,actual,not_applicable,source.geostat_fdi_by_countries,FDI (annual),K49,thousand_usd,2026-08-17,2026-10-10
fdi.country.m49_032,2005,93090.463818000003,usd,actual,numeric,source.geostat_fdi_by_countries,FDI (annual),L49,thousand_usd,2026-08-17,2026-10-10
fdi.country.m49_032,2006,100511.53314,usd,actual,numeric,source.geostat_fdi_by_countries,FDI (annual),M49,thousand_usd,2026-08-17,2026-10-10
fdi.country.m49_032,2007,40578.568543000003,usd,actual,numeric,source.geostat_fdi_by_countries,FDI (annual),N49,thousand_usd,2026-08-17,2026-10-10
fdi.country.m49_032,2008,-90156.762099999995,usd,actual,numeric,source.geostat_fdi_by_countries,FDI (annual),O49,thousand_usd,2026-08-17,2026-10-10
fdi.country.m49_032,2009,,usd,actual,not_applicable,source.geostat_fdi_by_countries,FDI (annual),P49,thousand_usd,2026-08-17,2026-10-10
fdi.country.m49_032,2010,,usd,actual,not_applicable,source.geostat_fdi_by_countries,FDI (annual),Q49,thousand_usd,2026-08-17,2026-10-10
fdi.country.m49_032,2011,,usd,actual,not_applicable,source.geostat_fdi_by_countries,FDI (annual),R49,thousand_usd,2026-08-17,2026-10-10
fdi.country.m49_032,2012,,usd,actual,not_applicable,source.geostat_fdi_by_countries,FDI (annual),S49,thousand_usd,2026-08-17,2026-10-10
fdi.country.m49_032,2013,,usd,actual,not_applicable,source.geostat_fdi_by_countries,FDI (annual),T49,thousand_usd,2026-08-17,2026-10-10
fdi.country.m49_032,2014,,usd,actual,not_applicable,source.geostat_fdi_by_countries,FDI (annual),U49,thousand_usd,2026-08-17,2026-10-10
fdi.country.m49_032,2015,,usd,actual,not_applicable,source.geostat_fdi_by_countries,FDI (annual),V49,thousand_usd,2026-08-17,2026-10-10
fdi.country.m49_032,2016,,usd,actual,not_applicable,source.geostat_fdi_by_countries,FDI (annual),W49,thousand_usd,2026-08-17,2026-10-10
fdi.country.m49_032,2017,69393.000000000001,usd,actual,numeric,source.geostat_fdi_by_countries,FDI (annual),X49,thousand_usd,2026-08-17,2026-10-10
fdi.country.m49_032,2018,-104025.8,usd,actual,numeric,source.geostat_fdi_by_countries,FDI (annual),Y49,thousand_usd,2026-08-17,2026-10-10
fdi.country.m49_032,2019,,usd,actual,not_applicable,source.geostat_fdi_by_countries,FDI (annual),Z49,thousand_usd,2026-08-17,2026-10-10
fdi.country.m49_032,2020,-1089.1999999999999,usd,actual,numeric,source.geostat_fdi_by_countries,FDI (annual),AA49,thousand_usd,2026-08-17,2026-10-10
fdi.country.m49_032,2021,-550.49999999999999,usd,actual,numeric,source.geostat_fdi_by_countries,FDI (annual),AB49,thousand_usd,2026-08-17,2026-10-10
fdi.country.m49_032,2022,14694.100000000001,usd,actual,numeric,source.geostat_fdi_by_countries,FDI (annual),AC49,thousand_usd,2026-08-17,2026-10-10
fdi.country.m49_032,2023,2385.5,usd,actual,numeric,source.geostat_fdi_by_countries,FDI (annual),AD49,thousand_usd,2026-08-17,2026-10-10
fdi.country.m49_032,2024,164613.50000000002,usd,actual,numeric,source.geostat_fdi_by_countries,FDI (annual),AE49,thousand_usd,2026-08-17,2026-10-10
fdi.country.m49_032,2025,192706.3,usd,actual,numeric,source.geostat_fdi_by_countries,FDI (annual),AF49,thousand_usd,2026-08-17,2026-10-10
fdi.country.m49_036,1996,,usd,actual,not_applicable,source.geostat_fdi_by_countries,FDI (annual),C50,thousand_usd,2026-08-17,2026-10-10
fdi.country.m49_036,1997,27065704.188,usd,actual,numeric,source.geostat_fdi_by_countries,FDI (annual),D50,thousand_usd,2026-08-17,2026-10-10
fdi.country.m49_036,1998,27270917.294999999,usd,actual,numeric,source.geostat_fdi_by_countries,FDI (annual),E50,thousand_usd,2026-08-17,2026-10-10
fdi.country.m49_036,1999,,usd,actual,not_applicable,source.geostat_fdi_by_countries,FDI (annual),F50,thousand_usd,2026-08-17,2026-10-10
fdi.country.m49_036,2000,2409163.6690999999,usd,actual,numeric,source.geostat_fdi_by_countries,FDI (annual),G50,thousand_usd,2026-08-17,2026-10-10
fdi.country.m49_036,2001,,usd,actual,not_applicable,source.geostat_fdi_by_countries,FDI (annual),H50,thousand_usd,2026-08-17,2026-10-10
fdi.country.m49_036,2002,,usd,actual,not_applicable,source.geostat_fdi_by_countries,FDI (annual),I50,thousand_usd,2026-08-17,2026-10-10
fdi.country.m49_036,2003,26225922.149999999,usd,actual,numeric,source.geostat_fdi_by_countries,FDI (annual),J50,thousand_usd,2026-08-17,2026-10-10
fdi.country.m49_036,2004,,usd,actual,not_applicable,source.geostat_fdi_by_countries,FDI (annual),K50,thousand_usd,2026-08-17,2026-10-10
fdi.country.m49_036,2005,921538.05754999996,usd,actual,numeric,source.geostat_fdi_by_countries,FDI (annual),L50,thousand_usd,2026-08-17,2026-10-10
fdi.country.m49_036,2006,1939404.722,usd,actual,numeric,source.geostat_fdi_by_countries,FDI (annual),M50,thousand_usd,2026-08-17,2026-10-10
fdi.country.m49_036,2007,207505.25823000001,usd,actual,numeric,source.geostat_fdi_by_countries,FDI (annual),N50,thousand_usd,2026-08-17,2026-10-10
fdi.country.m49_036,2008,109216.42249999999,usd,actual,numeric,source.geostat_fdi_by_countries,FDI (annual),O50,thousand_usd,2026-08-17,2026-10-10
fdi.country.m49_036,2009,99198.999999999998,usd,actual,numeric,source.geostat_fdi_by_countries,FDI (annual),P50,thousand_usd,2026-08-17,2026-10-10
fdi.country.m49_036,2010,-238177.70000000002,usd,actual,numeric,source.geostat_fdi_by_countries,FDI (annual),Q50,thousand_usd,2026-08-17,2026-10-10
fdi.country.m49_036,2011,95634.900000000002,usd,actual,numeric,source.geostat_fdi_by_countries,FDI (annual),R50,thousand_usd,2026-08-17,2026-10-10
fdi.country.m49_036,2012,139494.50000000002,usd,actual,numeric,source.geostat_fdi_by_countries,FDI (annual),S50,thousand_usd,2026-08-17,2026-10-10
fdi.country.m49_036,2013,-255497.20000000002,usd,actual,numeric,source.geostat_fdi_by_countries,FDI (annual),T50,thousand_usd,2026-08-17,2026-10-10
fdi.country.m49_036,2014,25462.300000000006,usd,actual,numeric,source.geostat_fdi_by_countries,FDI (annual),U50,thousand_usd,2026-08-17,2026-10-10
fdi.country.m49_036,2015,1627.8000000000021,usd,actual,numeric,source.geostat_fdi_by_countries,FDI (annual),V50,thousand_usd,2026-08-17,2026-10-10
fdi.country.m49_036,2016,4180905.8000000005,usd,actual,numeric,source.geostat_fdi_by_countries,FDI (annual),W50,thousand_usd,2026-08-17,2026-10-10
fdi.country.m49_036,2017,3441191.6000000001,usd,actual,numeric,source.geostat_fdi_by_countries,FDI (annual),X50,thousand_usd,2026-08-17,2026-10-10
fdi.country.m49_036,2018,563890.59999999995,usd,actual,numeric,source.geostat_fdi_by_countries,FDI (annual),Y50,thousand_usd,2026-08-17,2026-10-10
fdi.country.m49_036,2019,2614921.8999999998,usd,actual,numeric,source.geostat_fdi_by_countries,FDI (annual),Z50,thousand_usd,2026-08-17,2026-10-10
fdi.country.m49_036,2020,1087098.5999999998,usd,actual,numeric,source.geostat_fdi_by_countries,FDI (annual),AA50,thousand_usd,2026-08-17,2026-10-10
fdi.country.m49_036,2021,2526414.3999999997,usd,actual,numeric,source.geostat_fdi_by_countries,FDI (annual),AB50,thousand_usd,2026-08-17,2026-10-10
fdi.country.m49_036,2022,2891151.3000000004,usd,actual,numeric,source.geostat_fdi_by_countries,FDI (annual),AC50,thousand_usd,2026-08-17,2026-10-10
fdi.country.m49_036,2023,1923451.5000000001,usd,actual,numeric,source.geostat_fdi_by_countries,FDI (annual),AD50,thousand_usd,2026-08-17,2026-10-10
fdi.country.m49_036,2024,1896359.5,usd,actual,numeric,source.geostat_fdi_by_countries,FDI (annual),AE50,thousand_usd,2026-08-17,2026-10-10
fdi.country.m49_036,2025,978282.7000000002,usd,actual,numeric,source.geostat_fdi_by_countries,FDI (annual),AF50,thousand_usd,2026-08-17,2026-10-10
fdi.country.m49_040,1996,,usd,actual,not_applicable,source.geostat_fdi_by_countries,FDI (annual),C8,thousand_usd,2026-08-17,2026-10-10
fdi.country.m49_040,1997,18688224.320000001,usd,actual,numeric,source.geostat_fdi_by_countries,FDI (annual),D8,thousand_usd,2026-08-17,2026-10-10
fdi.country.m49_040,1998,18876639.337000001,usd,actual,numeric,source.geostat_fdi_by_countries,FDI (annual),E8,thousand_usd,2026-08-17,2026-10-10
fdi.country.m49_040,1999,,usd,actual,not_applicable,source.geostat_fdi_by_countries,FDI (annual),F8,thousand_usd,2026-08-17,2026-10-10
fdi.country.m49_040,2000,,usd,actual,not_applicable,source.geostat_fdi_by_countries,FDI (annual),G8,thousand_usd,2026-08-17,2026-10-10
fdi.country.m49_040,2001,,usd,actual,not_applicable,source.geostat_fdi_by_countries,FDI (annual),H8,thousand_usd,2026-08-17,2026-10-10
fdi.country.m49_040,2002,-137208.95999999999,usd,actual,numeric,source.geostat_fdi_by_countries,FDI (annual),I8,thousand_usd,2026-08-17,2026-10-10
fdi.country.m49_040,2003,17971165.858,usd,actual,numeric,source.geostat_fdi_by_countries,FDI (annual),J8,thousand_usd,2026-08-17,2026-10-10
fdi.country.m49_040,2004,23019989.681999999,usd,actual,numeric,source.geostat_fdi_by_countries,FDI (annual),K8,thousand_usd,2026-08-17,2026-10-10
fdi.country.m49_040,2005,14784520.350999999,usd,actual,numeric,source.geostat_fdi_by_countries,FDI (annual),L8,thousand_usd,2026-08-17,2026-10-10
fdi.country.m49_040,2006,10646520.741,usd,actual,numeric,source.geostat_fdi_by_countries,FDI (annual),M8,thousand_usd,2026-08-17,2026-10-10
fdi.country.m49_040,2007,8946585.5910000009,usd,actual,numeric,source.geostat_fdi_by_countries,FDI (annual),N8,thousand_usd,2026-08-17,2026-10-10
fdi.country.m49_040,2008,51463374.336000001,usd,actual,numeric,source.geostat_fdi_by_countries,FDI (annual),O8,thousand_usd,2026-08-17,2026-10-10
fdi.country.m49_040,2009,29709042.000000001,usd,actual,numeric,source.geostat_fdi_by_countries,FDI (annual),P8,thousand_usd,2026-08-17,2026-10-10
fdi.country.m49_040,2010,10684739.781871547,usd,actual,numeric,source.geostat_fdi_by_countries,FDI (annual),Q8,thousand_usd,2026-08-17,2026-10-10
fdi.country.m49_040,2011,32738295.907896631,usd,actual,numeric,source.geostat_fdi_by_countries,FDI (annual),R8,thousand_usd,2026-08-17,2026-10-10
fdi.country.m49_040,2012,25999225.114940324,usd,actual,numeric,source.geostat_fdi_by_countries,FDI (annual),S8,thousand_usd,2026-08-17,2026-10-10
fdi.country.m49_040,2013,7008170.9880333001,usd,actual,numeric,source.geostat_fdi_by_countries,FDI (annual),T8,thousand_usd,2026-08-17,2026-10-10
fdi.country.m49_040,2014,8000442.0376744984,usd,actual,numeric,source.geostat_fdi_by_countries,FDI (annual),U8,thousand_usd,2026-08-17,2026-10-10
fdi.country.m49_040,2015,19621375.218177302,usd,actual,numeric,source.geostat_fdi_by_countries,FDI (annual),V8,thousand_usd,2026-08-17,2026-10-10
fdi.country.m49_040,2016,27805279.000000002,usd,actual,numeric,source.geostat_fdi_by_countries,FDI (annual),W8,thousand_usd,2026-08-17,2026-10-10
fdi.country.m49_040,2017,6287270.6999999982,usd,actual,numeric,source.geostat_fdi_by_countries,FDI (annual),X8,thousand_usd,2026-08-17,2026-10-10
fdi.country.m49_040,2018,16682277.300000002,usd,actual,numeric,source.geostat_fdi_by_countries,FDI (annual),Y8,thousand_usd,2026-08-17,2026-10-10
fdi.country.m49_040,2019,18247962.300000003,usd,actual,numeric,source.geostat_fdi_by_countries,FDI (annual),Z8,thousand_usd,2026-08-17,2026-10-10
fdi.country.m49_040,2020,-11403787.6,usd,actual,numeric,source.geostat_fdi_by_countries,FDI (annual),AA8,thousand_usd,2026-08-17,2026-10-10
fdi.country.m49_040,2021,-6131027.9,usd,actual,numeric,source.geostat_fdi_by_countries,FDI (annual),AB8,thousand_usd,2026-08-17,2026-10-10
fdi.country.m49_040,2022,22777767.399999997,usd,actual,numeric,source.geostat_fdi_by_countries,FDI (annual),AC8,thousand_usd,2026-08-17,2026-10-10
fdi.country.m49_040,2023,31833942.600000006,usd,actual,numeric,source.geostat_fdi_by_countries,FDI (annual),AD8,thousand_usd,2026-08-17,2026-10-10
fdi.country.m49_040,2024,50009590.399999994,usd,actual,numeric,source.geostat_fdi_by_countries,FDI (annual),AE8,thousand_usd,2026-08-17,2026-10-10
fdi.country.m49_040,2025,33497895.600000003,usd,actual,numeric,source.geostat_fdi_by_countries,FDI (annual),AF8,thousand_usd,2026-08-17,2026-10-10
fdi.country.m49_044,1996,,usd,actual,not_applicable,source.geostat_fdi_by_countries,FDI (annual),C51,thousand_usd,2026-08-17,2026-10-10
fdi.country.m49_044,1997,,usd,actual,not_applicable,source.geostat_fdi_by_countries,FDI (annual),D51,thousand_usd,2026-08-17,2026-10-10
fdi.country.m49_044,1998,,usd,actual,not_applicable,source.geostat_fdi_by_countries,FDI (annual),E51,thousand_usd,2026-08-17,2026-10-10
fdi.country.m49_044,1999,,usd,actual,not_applicable,source.geostat_fdi_by_countries,FDI (annual),F51,thousand_usd,2026-08-17,2026-10-10
fdi.country.m49_044,2000,,usd,actual,not_applicable,source.geostat_fdi_by_countries,FDI (annual),G51,thousand_usd,2026-08-17,2026-10-10
fdi.country.m49_044,2001,,usd,actual,not_applicable,source.geostat_fdi_by_countries,FDI (annual),H51,thousand_usd,2026-08-17,2026-10-10
fdi.country.m49_044,2002,,usd,actual,not_applicable,source.geostat_fdi_by_countries,FDI (annual),I51,thousand_usd,2026-08-17,2026-10-10
fdi.country.m49_044,2003,,usd,actual,not_applicable,source.geostat_fdi_by_countries,FDI (annual),J51,thousand_usd,2026-08-17,2026-10-10
fdi.country.m49_044,2004,,usd,actual,not_applicable,source.geostat_fdi_by_countries,FDI (annual),K51,thousand_usd,2026-08-17,2026-10-10
fdi.country.m49_044,2005,,usd,actual,not_applicable,source.geostat_fdi_by_countries,FDI (annual),L51,thousand_usd,2026-08-17,2026-10-10
fdi.country.m49_044,2006,,usd,actual,not_applicable,source.geostat_fdi_by_countries,FDI (annual),M51,thousand_usd,2026-08-17,2026-10-10
fdi.country.m49_044,2007,-3194.1305310999999,usd,actual,numeric,source.geostat_fdi_by_countries,FDI (annual),N51,thousand_usd,2026-08-17,2026-10-10
fdi.country.m49_044,2008,,usd,actual,not_applicable,source.geostat_fdi_by_countries,FDI (annual),O51,thousand_usd,2026-08-17,2026-10-10
fdi.country.m49_044,2009,,usd,actual,not_applicable,source.geostat_fdi_by_countries,FDI (annual),P51,thousand_usd,2026-08-17,2026-10-10
fdi.country.m49_044,2010,,usd,actual,not_applicable,source.geostat_fdi_by_countries,FDI (annual),Q51,thousand_usd,2026-08-17,2026-10-10
fdi.country.m49_044,2011,184428.2,usd,actual,numeric,source.geostat_fdi_by_countries,FDI (annual),R51,thousand_usd,2026-08-17,2026-10-10
fdi.country.m49_044,2012,417938.10000000002,usd,actual,numeric,source.geostat_fdi_by_countries,FDI (annual),S51,thousand_usd,2026-08-17,2026-10-10
fdi.country.m49_044,2013,-430675.99999999999,usd,actual,numeric,source.geostat_fdi_by_countries,FDI (annual),T51,thousand_usd,2026-08-17,2026-10-10
fdi.country.m49_044,2014,,usd,actual,not_applicable,source.geostat_fdi_by_countries,FDI (annual),U51,thousand_usd,2026-08-17,2026-10-10
fdi.country.m49_044,2015,59757.899999999999,usd,actual,numeric,source.geostat_fdi_by_countries,FDI (annual),V51,thousand_usd,2026-08-17,2026-10-10
fdi.country.m49_044,2016,7644.9999999999996,usd,actual,numeric,source.geostat_fdi_by_countries,FDI (annual),W51,thousand_usd,2026-08-17,2026-10-10
fdi.country.m49_044,2017,97462.999999999994,usd,actual,numeric,source.geostat_fdi_by_countries,FDI (annual),X51,thousand_usd,2026-08-17,2026-10-10
fdi.country.m49_044,2018,231320,usd,actual,numeric,source.geostat_fdi_by_countries,FDI (annual),Y51,thousand_usd,2026-08-17,2026-10-10
fdi.country.m49_044,2019,-2801489.3000000002,usd,actual,numeric,source.geostat_fdi_by_countries,FDI (annual),Z51,thousand_usd,2026-08-17,2026-10-10
fdi.country.m49_044,2020,-3428773.9999999999,usd,actual,numeric,source.geostat_fdi_by_countries,FDI (annual),AA51,thousand_usd,2026-08-17,2026-10-10
fdi.country.m49_044,2021,-297662.80000000006,usd,actual,numeric,source.geostat_fdi_by_countries,FDI (annual),AB51,thousand_usd,2026-08-17,2026-10-10
fdi.country.m49_044,2022,1681606.6000000001,usd,actual,numeric,source.geostat_fdi_by_countries,FDI (annual),AC51,thousand_usd,2026-08-17,2026-10-10
fdi.country.m49_044,2023,501492.3,usd,actual,numeric,source.geostat_fdi_by_countries,FDI (annual),AD51,thousand_usd,2026-08-17,2026-10-10
fdi.country.m49_044,2024,897219.00000000005,usd,actual,numeric,source.geostat_fdi_by_countries,FDI (annual),AE51,thousand_usd,2026-08-17,2026-10-10
fdi.country.m49_044,2025,-698716.90000000001,usd,actual,numeric,source.geostat_fdi_by_countries,FDI (annual),AF51,thousand_usd,2026-08-17,2026-10-10
fdi.country.m49_051,1996,,usd,actual,not_applicable,source.geostat_fdi_by_countries,FDI (annual),C38,thousand_usd,2026-08-17,2026-10-10
fdi.country.m49_051,1997,,usd,actual,not_applicable,source.geostat_fdi_by_countries,FDI (annual),D38,thousand_usd,2026-08-17,2026-10-10
fdi.country.m49_051,1998,,usd,actual,not_applicable,source.geostat_fdi_by_countries,FDI (annual),E38,thousand_usd,2026-08-17,2026-10-10
fdi.country.m49_051,1999,,usd,actual,not_applicable,source.geostat_fdi_by_countries,FDI (annual),F38,thousand_usd,2026-08-17,2026-10-10
fdi.country.m49_051,2000,,usd,actual,not_applicable,source.geostat_fdi_by_countries,FDI (annual),G38,thousand_usd,2026-08-17,2026-10-10
fdi.country.m49_051,2001,,usd,actual,not_applicable,source.geostat_fdi_by_countries,FDI (annual),H38,thousand_usd,2026-08-17,2026-10-10
fdi.country.m49_051,2002,,usd,actual,not_applicable,source.geostat_fdi_by_countries,FDI (annual),I38,thousand_usd,2026-08-17,2026-10-10
fdi.country.m49_051,2003,249770.68714999999,usd,actual,numeric,source.geostat_fdi_by_countries,FDI (annual),J38,thousand_usd,2026-08-17,2026-10-10
fdi.country.m49_051,2004,276575.71676999999,usd,actual,numeric,source.geostat_fdi_by_countries,FDI (annual),K38,thousand_usd,2026-08-17,2026-10-10
fdi.country.m49_051,2005,493546.02496999996,usd,actual,numeric,source.geostat_fdi_by_countries,FDI (annual),L38,thousand_usd,2026-08-17,2026-10-10
fdi.country.m49_051,2006,690506.71090000003,usd,actual,numeric,source.geostat_fdi_by_countries,FDI (annual),M38,thousand_usd,2026-08-17,2026-10-10
fdi.country.m49_051,2007,-4895351.0278000003,usd,actual,numeric,source.geostat_fdi_by_countries,FDI (annual),N38,thousand_usd,2026-08-17,2026-10-10
fdi.country.m49_051,2008,11818481.204010001,usd,actual,numeric,source.geostat_fdi_by_countries,FDI (annual),O38,thousand_usd,2026-08-17,2026-10-10
fdi.country.m49_051,2009,1841289.6999999996,usd,actual,numeric,source.geostat_fdi_by_countries,FDI (annual),P38,thousand_usd,2026-08-17,2026-10-10
fdi.country.m49_051,2010,19514317.894250002,usd,actual,numeric,source.geostat_fdi_by_countries,FDI (annual),Q38,thousand_usd,2026-08-17,2026-10-10
fdi.country.m49_051,2011,3195736.3712999995,usd,actual,numeric,source.geostat_fdi_by_countries,FDI (annual),R38,thousand_usd,2026-08-17,2026-10-10
fdi.country.m49_051,2012,7623209.9874999994,usd,actual,numeric,source.geostat_fdi_by_countries,FDI (annual),S38,thousand_usd,2026-08-17,2026-10-10
fdi.country.m49_051,2013,3689156.9034220001,usd,actual,numeric,source.geostat_fdi_by_countries,FDI (annual),T38,thousand_usd,2026-08-17,2026-10-10
fdi.country.m49_051,2014,12767566.732625601,usd,actual,numeric,source.geostat_fdi_by_countries,FDI (annual),U38,thousand_usd,2026-08-17,2026-10-10
fdi.country.m49_051,2015,11980961.099999999,usd,actual,numeric,source.geostat_fdi_by_countries,FDI (annual),V38,thousand_usd,2026-08-17,2026-10-10
fdi.country.m49_051,2016,4391437.2000000003,usd,actual,numeric,source.geostat_fdi_by_countries,FDI (annual),W38,thousand_usd,2026-08-17,2026-10-10
fdi.country.m49_051,2017,6931925.8999999993,usd,actual,numeric,source.geostat_fdi_by_countries,FDI (annual),X38,thousand_usd,2026-08-17,2026-10-10
fdi.country.m49_051,2018,9713465.9999999967,usd,actual,numeric,source.geostat_fdi_by_countries,FDI (annual),Y38,thousand_usd,2026-08-17,2026-10-10
fdi.country.m49_051,2019,14876156.6,usd,actual,numeric,source.geostat_fdi_by_countries,FDI (annual),Z38,thousand_usd,2026-08-17,2026-10-10
fdi.country.m49_051,2020,10798858.200000001,usd,actual,numeric,source.geostat_fdi_by_countries,FDI (annual),AA38,thousand_usd,2026-08-17,2026-10-10
fdi.country.m49_051,2021,11218393.400000001,usd,actual,numeric,source.geostat_fdi_by_countries,FDI (annual),AB38,thousand_usd,2026-08-17,2026-10-10
fdi.country.m49_051,2022,14021313.299999998,usd,actual,numeric,source.geostat_fdi_by_countries,FDI (annual),AC38,thousand_usd,2026-08-17,2026-10-10
fdi.country.m49_051,2023,19625551.500000001,usd,actual,numeric,source.geostat_fdi_by_countries,FDI (annual),AD38,thousand_usd,2026-08-17,2026-10-10
fdi.country.m49_051,2024,24133988.800000003,usd,actual,numeric,source.geostat_fdi_by_countries,FDI (annual),AE38,thousand_usd,2026-08-17,2026-10-10
fdi.country.m49_051,2025,23415892.3,usd,actual,numeric,source.geostat_fdi_by_countries,FDI (annual),AF38,thousand_usd,2026-08-17,2026-10-10
fdi.country.m49_056,1996,,usd,actual,not_applicable,source.geostat_fdi_by_countries,FDI (annual),C9,thousand_usd,2026-08-17,2026-10-10
fdi.country.m49_056,1997,,usd,actual,not_applicable,source.geostat_fdi_by_countries,FDI (annual),D9,thousand_usd,2026-08-17,2026-10-10
fdi.country.m49_056,1998,,usd,actual,not_applicable,source.geostat_fdi_by_countries,FDI (annual),E9,thousand_usd,2026-08-17,2026-10-10
fdi.country.m49_056,1999,,usd,actual,not_applicable,source.geostat_fdi_by_countries,FDI (annual),F9,thousand_usd,2026-08-17,2026-10-10
fdi.country.m49_056,2000,,usd,actual,not_applicable,source.geostat_fdi_by_countries,FDI (annual),G9,thousand_usd,2026-08-17,2026-10-10
fdi.country.m49_056,2001,,usd,actual,not_applicable,source.geostat_fdi_by_countries,FDI (annual),H9,thousand_usd,2026-08-17,2026-10-10
fdi.country.m49_056,2002,,usd,actual,not_applicable,source.geostat_fdi_by_countries,FDI (annual),I9,thousand_usd,2026-08-17,2026-10-10
fdi.country.m49_056,2003,,usd,actual,not_applicable,source.geostat_fdi_by_countries,FDI (annual),J9,thousand_usd,2026-08-17,2026-10-10
fdi.country.m49_056,2004,,usd,actual,not_applicable,source.geostat_fdi_by_countries,FDI (annual),K9,thousand_usd,2026-08-17,2026-10-10
fdi.country.m49_056,2005,,usd,actual,not_applicable,source.geostat_fdi_by_countries,FDI (annual),L9,thousand_usd,2026-08-17,2026-10-10
fdi.country.m49_056,2006,,usd,actual,not_applicable,source.geostat_fdi_by_countries,FDI (annual),M9,thousand_usd,2026-08-17,2026-10-10
fdi.country.m49_056,2007,1436232.4282000002,usd,actual,numeric,source.geostat_fdi_by_countries,FDI (annual),N9,thousand_usd,2026-08-17,2026-10-10
fdi.country.m49_056,2008,61970.842040000001,usd,actual,numeric,source.geostat_fdi_by_countries,FDI (annual),O9,thousand_usd,2026-08-17,2026-10-10
fdi.country.m49_056,2009,112690,usd,actual,numeric,source.geostat_fdi_by_countries,FDI (annual),P9,thousand_usd,2026-08-17,2026-10-10
fdi.country.m49_056,2010,23368.199999999995,usd,actual,numeric,source.geostat_fdi_by_countries,FDI (annual),Q9,thousand_usd,2026-08-17,2026-10-10
fdi.country.m49_056,2011,-19524.000000000015,usd,actual,numeric,source.geostat_fdi_by_countries,FDI (annual),R9,thousand_usd,2026-08-17,2026-10-10
fdi.country.m49_056,2012,-844806.59999999989,usd,actual,numeric,source.geostat_fdi_by_countries,FDI (annual),S9,thousand_usd,2026-08-17,2026-10-10
fdi.country.m49_056,2013,637326.79999999993,usd,actual,numeric,source.geostat_fdi_by_countries,FDI (annual),T9,thousand_usd,2026-08-17,2026-10-10
fdi.country.m49_056,2014,1485556,usd,actual,numeric,source.geostat_fdi_by_countries,FDI (annual),U9,thousand_usd,2026-08-17,2026-10-10
fdi.country.m49_056,2015,280287.49999999991,usd,actual,numeric,source.geostat_fdi_by_countries,FDI (annual),V9,thousand_usd,2026-08-17,2026-10-10
fdi.country.m49_056,2016,17867449.299999997,usd,actual,numeric,source.geostat_fdi_by_countries,FDI (annual),W9,thousand_usd,2026-08-17,2026-10-10
fdi.country.m49_056,2017,4313471.2,usd,actual,numeric,source.geostat_fdi_by_countries,FDI (annual),X9,thousand_usd,2026-08-17,2026-10-10
fdi.country.m49_056,2018,3482845.3,usd,actual,numeric,source.geostat_fdi_by_countries,FDI (annual),Y9,thousand_usd,2026-08-17,2026-10-10
fdi.country.m49_056,2019,1523070.7999999995,usd,actual,numeric,source.geostat_fdi_by_countries,FDI (annual),Z9,thousand_usd,2026-08-17,2026-10-10
fdi.country.m49_056,2020,4947446.8000000015,usd,actual,numeric,source.geostat_fdi_by_countries,FDI (annual),AA9,thousand_usd,2026-08-17,2026-10-10
fdi.country.m49_056,2021,8201502.6000000016,usd,actual,numeric,source.geostat_fdi_by_countries,FDI (annual),AB9,thousand_usd,2026-08-17,2026-10-10
fdi.country.m49_056,2022,5859758.4000000006,usd,actual,numeric,source.geostat_fdi_by_countries,FDI (annual),AC9,thousand_usd,2026-08-17,2026-10-10
fdi.country.m49_056,2023,3655814.8000000006,usd,actual,numeric,source.geostat_fdi_by_countries,FDI (annual),AD9,thousand_usd,2026-08-17,2026-10-10
fdi.country.m49_056,2024,7364070.5999999991,usd,actual,numeric,source.geostat_fdi_by_countries,FDI (annual),AE9,thousand_usd,2026-08-17,2026-10-10
fdi.country.m49_056,2025,3731871.000000001,usd,actual,numeric,source.geostat_fdi_by_countries,FDI (annual),AF9,thousand_usd,2026-08-17,2026-10-10
fdi.country.m49_084,1996,,usd,actual,not_applicable,source.geostat_fdi_by_countries,FDI (annual),C52,thousand_usd,2026-08-17,2026-10-10
fdi.country.m49_084,1997,,usd,actual,not_applicable,source.geostat_fdi_by_countries,FDI (annual),D52,thousand_usd,2026-08-17,2026-10-10
fdi.country.m49_084,1998,,usd,actual,not_applicable,source.geostat_fdi_by_countries,FDI (annual),E52,thousand_usd,2026-08-17,2026-10-10
fdi.country.m49_084,1999,,usd,actual,not_applicable,source.geostat_fdi_by_countries,FDI (annual),F52,thousand_usd,2026-08-17,2026-10-10
fdi.country.m49_084,2000,,usd,actual,not_applicable,source.geostat_fdi_by_countries,FDI (annual),G52,thousand_usd,2026-08-17,2026-10-10
fdi.country.m49_084,2001,,usd,actual,not_applicable,source.geostat_fdi_by_countries,FDI (annual),H52,thousand_usd,2026-08-17,2026-10-10
fdi.country.m49_084,2002,,usd,actual,not_applicable,source.geostat_fdi_by_countries,FDI (annual),I52,thousand_usd,2026-08-17,2026-10-10
fdi.country.m49_084,2003,155727.5697,usd,actual,numeric,source.geostat_fdi_by_countries,FDI (annual),J52,thousand_usd,2026-08-17,2026-10-10
fdi.country.m49_084,2004,,usd,actual,not_applicable,source.geostat_fdi_by_countries,FDI (annual),K52,thousand_usd,2026-08-17,2026-10-10
fdi.country.m49_084,2005,694964.92080999997,usd,actual,numeric,source.geostat_fdi_by_countries,FDI (annual),L52,thousand_usd,2026-08-17,2026-10-10
fdi.country.m49_084,2006,-264231.82895999997,usd,actual,numeric,source.geostat_fdi_by_countries,FDI (annual),M52,thousand_usd,2026-08-17,2026-10-10
fdi.country.m49_084,2007,9462338.178,usd,actual,numeric,source.geostat_fdi_by_countries,FDI (annual),N52,thousand_usd,2026-08-17,2026-10-10
fdi.country.m49_084,2008,37822532.076000003,usd,actual,numeric,source.geostat_fdi_by_countries,FDI (annual),O52,thousand_usd,2026-08-17,2026-10-10
fdi.country.m49_084,2009,3100703.3000000001,usd,actual,numeric,source.geostat_fdi_by_countries,FDI (annual),P52,thousand_usd,2026-08-17,2026-10-10
fdi.country.m49_084,2010,689092.60000000006,usd,actual,numeric,source.geostat_fdi_by_countries,FDI (annual),Q52,thousand_usd,2026-08-17,2026-10-10
fdi.country.m49_084,2011,30315370.221899997,usd,actual,numeric,source.geostat_fdi_by_countries,FDI (annual),R52,thousand_usd,2026-08-17,2026-10-10
fdi.country.m49_084,2012,14907352.199999999,usd,actual,numeric,source.geostat_fdi_by_countries,FDI (annual),S52,thousand_usd,2026-08-17,2026-10-10
fdi.country.m49_084,2013,-7158329.1000000008,usd,actual,numeric,source.geostat_fdi_by_countries,FDI (annual),T52,thousand_usd,2026-08-17,2026-10-10
fdi.country.m49_084,2014,36987175.200000005,usd,actual,numeric,source.geostat_fdi_by_countries,FDI (annual),U52,thousand_usd,2026-08-17,2026-10-10
fdi.country.m49_084,2015,-23230246.500000008,usd,actual,numeric,source.geostat_fdi_by_countries,FDI (annual),V52,thousand_usd,2026-08-17,2026-10-10
fdi.country.m49_084,2016,6576019.1999999988,usd,actual,numeric,source.geostat_fdi_by_countries,FDI (annual),W52,thousand_usd,2026-08-17,2026-10-10
fdi.country.m49_084,2017,2378351.0000000001,usd,actual,numeric,source.geostat_fdi_by_countries,FDI (annual),X52,thousand_usd,2026-08-17,2026-10-10
fdi.country.m49_084,2018,3251146.0000000006,usd,actual,numeric,source.geostat_fdi_by_countries,FDI (annual),Y52,thousand_usd,2026-08-17,2026-10-10
fdi.country.m49_084,2019,-11248292.7,usd,actual,numeric,source.geostat_fdi_by_countries,FDI (annual),Z52,thousand_usd,2026-08-17,2026-10-10
fdi.country.m49_084,2020,-12738968.1,usd,actual,numeric,source.geostat_fdi_by_countries,FDI (annual),AA52,thousand_usd,2026-08-17,2026-10-10
fdi.country.m49_084,2021,-40465567.000000003,usd,actual,numeric,source.geostat_fdi_by_countries,FDI (annual),AB52,thousand_usd,2026-08-17,2026-10-10
fdi.country.m49_084,2022,9063068.4000000001,usd,actual,numeric,source.geostat_fdi_by_countries,FDI (annual),AC52,thousand_usd,2026-08-17,2026-10-10
fdi.country.m49_084,2023,2778577.1,usd,actual,numeric,source.geostat_fdi_by_countries,FDI (annual),AD52,thousand_usd,2026-08-17,2026-10-10
fdi.country.m49_084,2024,13755372.899999998,usd,actual,numeric,source.geostat_fdi_by_countries,FDI (annual),AE52,thousand_usd,2026-08-17,2026-10-10
fdi.country.m49_084,2025,-38868748.999999996,usd,actual,numeric,source.geostat_fdi_by_countries,FDI (annual),AF52,thousand_usd,2026-08-17,2026-10-10
fdi.country.m49_092,1996,,usd,actual,not_applicable,source.geostat_fdi_by_countries,FDI (annual),C53,thousand_usd,2026-08-17,2026-10-10
fdi.country.m49_092,1997,6424882.6369999997,usd,actual,numeric,source.geostat_fdi_by_countries,FDI (annual),D53,thousand_usd,2026-08-17,2026-10-10
fdi.country.m49_092,1998,6489658.4204999999,usd,actual,numeric,source.geostat_fdi_by_countries,FDI (annual),E53,thousand_usd,2026-08-17,2026-10-10
fdi.country.m49_092,1999,,usd,actual,not_applicable,source.geostat_fdi_by_countries,FDI (annual),F53,thousand_usd,2026-08-17,2026-10-10
fdi.country.m49_092,2000,,usd,actual,not_applicable,source.geostat_fdi_by_countries,FDI (annual),G53,thousand_usd,2026-08-17,2026-10-10
fdi.country.m49_092,2001,,usd,actual,not_applicable,source.geostat_fdi_by_countries,FDI (annual),H53,thousand_usd,2026-08-17,2026-10-10
fdi.country.m49_092,2002,,usd,actual,not_applicable,source.geostat_fdi_by_countries,FDI (annual),I53,thousand_usd,2026-08-17,2026-10-10
fdi.country.m49_092,2003,6225534.3770999998,usd,actual,numeric,source.geostat_fdi_by_countries,FDI (annual),J53,thousand_usd,2026-08-17,2026-10-10
fdi.country.m49_092,2004,6903481.0206000002,usd,actual,numeric,source.geostat_fdi_by_countries,FDI (annual),K53,thousand_usd,2026-08-17,2026-10-10
fdi.country.m49_092,2005,5198614.6146999999,usd,actual,numeric,source.geostat_fdi_by_countries,FDI (annual),L53,thousand_usd,2026-08-17,2026-10-10
fdi.country.m49_092,2006,55826427.603999997,usd,actual,numeric,source.geostat_fdi_by_countries,FDI (annual),M53,thousand_usd,2026-08-17,2026-10-10
fdi.country.m49_092,2007,174268630.50281699,usd,actual,numeric,source.geostat_fdi_by_countries,FDI (annual),N53,thousand_usd,2026-08-17,2026-10-10
fdi.country.m49_092,2008,132629555.95720001,usd,actual,numeric,source.geostat_fdi_by_countries,FDI (annual),O53,thousand_usd,2026-08-17,2026-10-10
fdi.country.m49_092,2009,28286161.102000002,usd,actual,numeric,source.geostat_fdi_by_countries,FDI (annual),P53,thousand_usd,2026-08-17,2026-10-10
fdi.country.m49_092,2010,9672928.0922000107,usd,actual,numeric,source.geostat_fdi_by_countries,FDI (annual),Q53,thousand_usd,2026-08-17,2026-10-10
fdi.country.m49_092,2011,27977017.802340011,usd,actual,numeric,source.geostat_fdi_by_countries,FDI (annual),R53,thousand_usd,2026-08-17,2026-10-10
fdi.country.m49_092,2012,26592313.511902401,usd,actual,numeric,source.geostat_fdi_by_countries,FDI (annual),S53,thousand_usd,2026-08-17,2026-10-10
fdi.country.m49_092,2013,30293825.415002899,usd,actual,numeric,source.geostat_fdi_by_countries,FDI (annual),T53,thousand_usd,2026-08-17,2026-10-10
fdi.country.m49_092,2014,5241563.9624790992,usd,actual,numeric,source.geostat_fdi_by_countries,FDI (annual),U53,thousand_usd,2026-08-17,2026-10-10
fdi.country.m49_092,2015,30746961.885628392,usd,actual,numeric,source.geostat_fdi_by_countries,FDI (annual),V53,thousand_usd,2026-08-17,2026-10-10
fdi.country.m49_092,2016,37298211.4,usd,actual,numeric,source.geostat_fdi_by_countries,FDI (annual),W53,thousand_usd,2026-08-17,2026-10-10
fdi.country.m49_092,2017,-16694944.500000001,usd,actual,numeric,source.geostat_fdi_by_countries,FDI (annual),X53,thousand_usd,2026-08-17,2026-10-10
fdi.country.m49_092,2018,-42419481.799999994,usd,actual,numeric,source.geostat_fdi_by_countries,FDI (annual),Y53,thousand_usd,2026-08-17,2026-10-10
fdi.country.m49_092,2019,-55350558.100000002,usd,actual,numeric,source.geostat_fdi_by_countries,FDI (annual),Z53,thousand_usd,2026-08-17,2026-10-10
fdi.country.m49_092,2020,-82151751.899999988,usd,actual,numeric,source.geostat_fdi_by_countries,FDI (annual),AA53,thousand_usd,2026-08-17,2026-10-10
fdi.country.m49_092,2021,-21050937.499999996,usd,actual,numeric,source.geostat_fdi_by_countries,FDI (annual),AB53,thousand_usd,2026-08-17,2026-10-10
fdi.country.m49_092,2022,13602965.299999996,usd,actual,numeric,source.geostat_fdi_by_countries,FDI (annual),AC53,thousand_usd,2026-08-17,2026-10-10
fdi.country.m49_092,2023,23968105.700000058,usd,actual,numeric,source.geostat_fdi_by_countries,FDI (annual),AD53,thousand_usd,2026-08-17,2026-10-10
fdi.country.m49_092,2024,4102091.7000000063,usd,actual,numeric,source.geostat_fdi_by_countries,FDI (annual),AE53,thousand_usd,2026-08-17,2026-10-10
fdi.country.m49_092,2025,9524545.40000001,usd,actual,numeric,source.geostat_fdi_by_countries,FDI (annual),AF53,thousand_usd,2026-08-17,2026-10-10
fdi.country.m49_100,1996,,usd,actual,not_applicable,source.geostat_fdi_by_countries,FDI (annual),C10,thousand_usd,2026-08-17,2026-10-10
fdi.country.m49_100,1997,,usd,actual,not_applicable,source.geostat_fdi_by_countries,FDI (annual),D10,thousand_usd,2026-08-17,2026-10-10
fdi.country.m49_100,1998,,usd,actual,not_applicable,source.geostat_fdi_by_countries,FDI (annual),E10,thousand_usd,2026-08-17,2026-10-10
fdi.country.m49_100,1999,46930.699775999997,usd,actual,numeric,source.geostat_fdi_by_countries,FDI (annual),F10,thousand_usd,2026-08-17,2026-10-10
fdi.country.m49_100,2000,2172174.9540999999,usd,actual,numeric,source.geostat_fdi_by_countries,FDI (annual),G10,thousand_usd,2026-08-17,2026-10-10
fdi.country.m49_100,2001,2238914.7392,usd,actual,numeric,source.geostat_fdi_by_countries,FDI (annual),H10,thousand_usd,2026-08-17,2026-10-10
fdi.country.m49_100,2002,,usd,actual,not_applicable,source.geostat_fdi_by_countries,FDI (annual),I10,thousand_usd,2026-08-17,2026-10-10
fdi.country.m49_100,2003,,usd,actual,not_applicable,source.geostat_fdi_by_countries,FDI (annual),J10,thousand_usd,2026-08-17,2026-10-10
fdi.country.m49_100,2004,,usd,actual,not_applicable,source.geostat_fdi_by_countries,FDI (annual),K10,thousand_usd,2026-08-17,2026-10-10
fdi.country.m49_100,2005,70760.470514000005,usd,actual,numeric,source.geostat_fdi_by_countries,FDI (annual),L10,thousand_usd,2026-08-17,2026-10-10
fdi.country.m49_100,2006,318914.19048,usd,actual,numeric,source.geostat_fdi_by_countries,FDI (annual),M10,thousand_usd,2026-08-17,2026-10-10
fdi.country.m49_100,2007,20644.948897999999,usd,actual,numeric,source.geostat_fdi_by_countries,FDI (annual),N10,thousand_usd,2026-08-17,2026-10-10
fdi.country.m49_100,2008,12662.226,usd,actual,numeric,source.geostat_fdi_by_countries,FDI (annual),O10,thousand_usd,2026-08-17,2026-10-10
fdi.country.m49_100,2009,-291404.50000000004,usd,actual,numeric,source.geostat_fdi_by_countries,FDI (annual),P10,thousand_usd,2026-08-17,2026-10-10
fdi.country.m49_100,2010,-89994.200000000006,usd,actual,numeric,source.geostat_fdi_by_countries,FDI (annual),Q10,thousand_usd,2026-08-17,2026-10-10
fdi.country.m49_100,2011,1095963.653571215,usd,actual,numeric,source.geostat_fdi_by_countries,FDI (annual),R10,thousand_usd,2026-08-17,2026-10-10
fdi.country.m49_100,2012,2269496.7999999999,usd,actual,numeric,source.geostat_fdi_by_countries,FDI (annual),S10,thousand_usd,2026-08-17,2026-10-10
fdi.country.m49_100,2013,2566307.5242995005,usd,actual,numeric,source.geostat_fdi_by_countries,FDI (annual),T10,thousand_usd,2026-08-17,2026-10-10
fdi.country.m49_100,2014,9151545.2970577007,usd,actual,numeric,source.geostat_fdi_by_countries,FDI (annual),U10,thousand_usd,2026-08-17,2026-10-10
fdi.country.m49_100,2015,7196698.7528605005,usd,actual,numeric,source.geostat_fdi_by_countries,FDI (annual),V10,thousand_usd,2026-08-17,2026-10-10
fdi.country.m49_100,2016,1647167.5000000002,usd,actual,numeric,source.geostat_fdi_by_countries,FDI (annual),W10,thousand_usd,2026-08-17,2026-10-10
fdi.country.m49_100,2017,4858656.0000000009,usd,actual,numeric,source.geostat_fdi_by_countries,FDI (annual),X10,thousand_usd,2026-08-17,2026-10-10
fdi.country.m49_100,2018,7426746.6000000004,usd,actual,numeric,source.geostat_fdi_by_countries,FDI (annual),Y10,thousand_usd,2026-08-17,2026-10-10
fdi.country.m49_100,2019,5857046.7000000008,usd,actual,numeric,source.geostat_fdi_by_countries,FDI (annual),Z10,thousand_usd,2026-08-17,2026-10-10
fdi.country.m49_100,2020,-1739184.5999999998,usd,actual,numeric,source.geostat_fdi_by_countries,FDI (annual),AA10,thousand_usd,2026-08-17,2026-10-10
fdi.country.m49_100,2021,2469392.8000000001,usd,actual,numeric,source.geostat_fdi_by_countries,FDI (annual),AB10,thousand_usd,2026-08-17,2026-10-10
fdi.country.m49_100,2022,3567598.3999999989,usd,actual,numeric,source.geostat_fdi_by_countries,FDI (annual),AC10,thousand_usd,2026-08-17,2026-10-10
fdi.country.m49_100,2023,19680122.899999998,usd,actual,numeric,source.geostat_fdi_by_countries,FDI (annual),AD10,thousand_usd,2026-08-17,2026-10-10
fdi.country.m49_100,2024,-6709762.8000000013,usd,actual,numeric,source.geostat_fdi_by_countries,FDI (annual),AE10,thousand_usd,2026-08-17,2026-10-10
fdi.country.m49_100,2025,12910380.499999999,usd,actual,numeric,source.geostat_fdi_by_countries,FDI (annual),AF10,thousand_usd,2026-08-17,2026-10-10
fdi.country.m49_112,1996,,usd,actual,not_applicable,source.geostat_fdi_by_countries,FDI (annual),C39,thousand_usd,2026-08-17,2026-10-10
fdi.country.m49_112,1997,,usd,actual,not_applicable,source.geostat_fdi_by_countries,FDI (annual),D39,thousand_usd,2026-08-17,2026-10-10
fdi.country.m49_112,1998,,usd,actual,not_applicable,source.geostat_fdi_by_countries,FDI (annual),E39,thousand_usd,2026-08-17,2026-10-10
fdi.country.m49_112,1999,,usd,actual,not_applicable,source.geostat_fdi_by_countries,FDI (annual),F39,thousand_usd,2026-08-17,2026-10-10
fdi.country.m49_112,2000,,usd,actual,not_applicable,source.geostat_fdi_by_countries,FDI (annual),G39,thousand_usd,2026-08-17,2026-10-10
fdi.country.m49_112,2001,,usd,actual,not_applicable,source.geostat_fdi_by_countries,FDI (annual),H39,thousand_usd,2026-08-17,2026-10-10
fdi.country.m49_112,2002,,usd,actual,not_applicable,source.geostat_fdi_by_countries,FDI (annual),I39,thousand_usd,2026-08-17,2026-10-10
fdi.country.m49_112,2003,,usd,actual,not_applicable,source.geostat_fdi_by_countries,FDI (annual),J39,thousand_usd,2026-08-17,2026-10-10
fdi.country.m49_112,2004,,usd,actual,not_applicable,source.geostat_fdi_by_countries,FDI (annual),K39,thousand_usd,2026-08-17,2026-10-10
fdi.country.m49_112,2005,,usd,actual,not_applicable,source.geostat_fdi_by_countries,FDI (annual),L39,thousand_usd,2026-08-17,2026-10-10
fdi.country.m49_112,2006,,usd,actual,not_applicable,source.geostat_fdi_by_countries,FDI (annual),M39,thousand_usd,2026-08-17,2026-10-10
fdi.country.m49_112,2007,52797.222679000001,usd,actual,numeric,source.geostat_fdi_by_countries,FDI (annual),N39,thousand_usd,2026-08-17,2026-10-10
fdi.country.m49_112,2008,102411.50944,usd,actual,numeric,source.geostat_fdi_by_countries,FDI (annual),O39,thousand_usd,2026-08-17,2026-10-10
fdi.country.m49_112,2009,-223367.79999999999,usd,actual,numeric,source.geostat_fdi_by_countries,FDI (annual),P39,thousand_usd,2026-08-17,2026-10-10
fdi.country.m49_112,2010,-92028.099999999981,usd,actual,numeric,source.geostat_fdi_by_countries,FDI (annual),Q39,thousand_usd,2026-08-17,2026-10-10
fdi.country.m49_112,2011,151849.3,usd,actual,numeric,source.geostat_fdi_by_countries,FDI (annual),R39,thousand_usd,2026-08-17,2026-10-10
fdi.country.m49_112,2012,-257149.7,usd,actual,numeric,source.geostat_fdi_by_countries,FDI (annual),S39,thousand_usd,2026-08-17,2026-10-10
fdi.country.m49_112,2013,40815.399999999997,usd,actual,numeric,source.geostat_fdi_by_countries,FDI (annual),T39,thousand_usd,2026-08-17,2026-10-10
fdi.country.m49_112,2014,52449.499999999993,usd,actual,numeric,source.geostat_fdi_by_countries,FDI (annual),U39,thousand_usd,2026-08-17,2026-10-10
fdi.country.m49_112,2015,2639671.3999999997,usd,actual,numeric,source.geostat_fdi_by_countries,FDI (annual),V39,thousand_usd,2026-08-17,2026-10-10
fdi.country.m49_112,2016,252326.89999999997,usd,actual,numeric,source.geostat_fdi_by_countries,FDI (annual),W39,thousand_usd,2026-08-17,2026-10-10
fdi.country.m49_112,2017,538989.80000000006,usd,actual,numeric,source.geostat_fdi_by_countries,FDI (annual),X39,thousand_usd,2026-08-17,2026-10-10
fdi.country.m49_112,2018,727660.69999999991,usd,actual,numeric,source.geostat_fdi_by_countries,FDI (annual),Y39,thousand_usd,2026-08-17,2026-10-10
fdi.country.m49_112,2019,341211.59999999998,usd,actual,numeric,source.geostat_fdi_by_countries,FDI (annual),Z39,thousand_usd,2026-08-17,2026-10-10
fdi.country.m49_112,2020,4235496.8000000008,usd,actual,numeric,source.geostat_fdi_by_countries,FDI (annual),AA39,thousand_usd,2026-08-17,2026-10-10
fdi.country.m49_112,2021,1229899.0999999996,usd,actual,numeric,source.geostat_fdi_by_countries,FDI (annual),AB39,thousand_usd,2026-08-17,2026-10-10
fdi.country.m49_112,2022,4149341.1999999998,usd,actual,numeric,source.geostat_fdi_by_countries,FDI (annual),AC39,thousand_usd,2026-08-17,2026-10-10
fdi.country.m49_112,2023,8700326.4000000017,usd,actual,numeric,source.geostat_fdi_by_countries,FDI (annual),AD39,thousand_usd,2026-08-17,2026-10-10
fdi.country.m49_112,2024,5322372.4000000029,usd,actual,numeric,source.geostat_fdi_by_countries,FDI (annual),AE39,thousand_usd,2026-08-17,2026-10-10
fdi.country.m49_112,2025,13601855.999999996,usd,actual,numeric,source.geostat_fdi_by_countries,FDI (annual),AF39,thousand_usd,2026-08-17,2026-10-10
fdi.country.m49_124,1996,,usd,actual,not_applicable,source.geostat_fdi_by_countries,FDI (annual),C54,thousand_usd,2026-08-17,2026-10-10
fdi.country.m49_124,1997,,usd,actual,not_applicable,source.geostat_fdi_by_countries,FDI (annual),D54,thousand_usd,2026-08-17,2026-10-10
fdi.country.m49_124,1998,,usd,actual,not_applicable,source.geostat_fdi_by_countries,FDI (annual),E54,thousand_usd,2026-08-17,2026-10-10
fdi.country.m49_124,1999,,usd,actual,not_applicable,source.geostat_fdi_by_countries,FDI (annual),F54,thousand_usd,2026-08-17,2026-10-10
fdi.country.m49_124,2000,,usd,actual,not_applicable,source.geostat_fdi_by_countries,FDI (annual),G54,thousand_usd,2026-08-17,2026-10-10
fdi.country.m49_124,2001,,usd,actual,not_applicable,source.geostat_fdi_by_countries,FDI (annual),H54,thousand_usd,2026-08-17,2026-10-10
fdi.country.m49_124,2002,,usd,actual,not_applicable,source.geostat_fdi_by_countries,FDI (annual),I54,thousand_usd,2026-08-17,2026-10-10
fdi.country.m49_124,2003,,usd,actual,not_applicable,source.geostat_fdi_by_countries,FDI (annual),J54,thousand_usd,2026-08-17,2026-10-10
fdi.country.m49_124,2004,,usd,actual,not_applicable,source.geostat_fdi_by_countries,FDI (annual),K54,thousand_usd,2026-08-17,2026-10-10
fdi.country.m49_124,2005,,usd,actual,not_applicable,source.geostat_fdi_by_countries,FDI (annual),L54,thousand_usd,2026-08-17,2026-10-10
fdi.country.m49_124,2006,6000000,usd,actual,numeric,source.geostat_fdi_by_countries,FDI (annual),M54,thousand_usd,2026-08-17,2026-10-10
fdi.country.m49_124,2007,1232527.3942000001,usd,actual,numeric,source.geostat_fdi_by_countries,FDI (annual),N54,thousand_usd,2026-08-17,2026-10-10
fdi.country.m49_124,2008,-104046.314,usd,actual,numeric,source.geostat_fdi_by_countries,FDI (annual),O54,thousand_usd,2026-08-17,2026-10-10
fdi.country.m49_124,2009,-96328.199999999995,usd,actual,numeric,source.geostat_fdi_by_countries,FDI (annual),P54,thousand_usd,2026-08-17,2026-10-10
fdi.country.m49_124,2010,362005.80000000002,usd,actual,numeric,source.geostat_fdi_by_countries,FDI (annual),Q54,thousand_usd,2026-08-17,2026-10-10
fdi.country.m49_124,2011,3124604.9000000003,usd,actual,numeric,source.geostat_fdi_by_countries,FDI (annual),R54,thousand_usd,2026-08-17,2026-10-10
fdi.country.m49_124,2012,1034946.0999999999,usd,actual,numeric,source.geostat_fdi_by_countries,FDI (annual),S54,thousand_usd,2026-08-17,2026-10-10
fdi.country.m49_124,2013,-664351.9,usd,actual,numeric,source.geostat_fdi_by_countries,FDI (annual),T54,thousand_usd,2026-08-17,2026-10-10
fdi.country.m49_124,2014,2773987.5999999999,usd,actual,numeric,source.geostat_fdi_by_countries,FDI (annual),U54,thousand_usd,2026-08-17,2026-10-10
fdi.country.m49_124,2015,115819.50000000003,usd,actual,numeric,source.geostat_fdi_by_countries,FDI (annual),V54,thousand_usd,2026-08-17,2026-10-10
fdi.country.m49_124,2016,-1474.4000000000028,usd,actual,numeric,source.geostat_fdi_by_countries,FDI (annual),W54,thousand_usd,2026-08-17,2026-10-10
fdi.country.m49_124,2017,193007.90000000001,usd,actual,numeric,source.geostat_fdi_by_countries,FDI (annual),X54,thousand_usd,2026-08-17,2026-10-10
fdi.country.m49_124,2018,8427426.4999999959,usd,actual,numeric,source.geostat_fdi_by_countries,FDI (annual),Y54,thousand_usd,2026-08-17,2026-10-10
fdi.country.m49_124,2019,432818.4,usd,actual,numeric,source.geostat_fdi_by_countries,FDI (annual),Z54,thousand_usd,2026-08-17,2026-10-10
fdi.country.m49_124,2020,791342.49999999997,usd,actual,numeric,source.geostat_fdi_by_countries,FDI (annual),AA54,thousand_usd,2026-08-17,2026-10-10
fdi.country.m49_124,2021,7956491.6000000003,usd,actual,numeric,source.geostat_fdi_by_countries,FDI (annual),AB54,thousand_usd,2026-08-17,2026-10-10
fdi.country.m49_124,2022,-4517786.4000000009,usd,actual,numeric,source.geostat_fdi_by_countries,FDI (annual),AC54,thousand_usd,2026-08-17,2026-10-10
fdi.country.m49_124,2023,5381377.7000000009,usd,actual,numeric,source.geostat_fdi_by_countries,FDI (annual),AD54,thousand_usd,2026-08-17,2026-10-10
fdi.country.m49_124,2024,-502175.29999999988,usd,actual,numeric,source.geostat_fdi_by_countries,FDI (annual),AE54,thousand_usd,2026-08-17,2026-10-10
fdi.country.m49_124,2025,-7323275.5999999972,usd,actual,numeric,source.geostat_fdi_by_countries,FDI (annual),AF54,thousand_usd,2026-08-17,2026-10-10
fdi.country.m49_136,1996,,usd,actual,not_applicable,source.geostat_fdi_by_countries,FDI (annual),C55,thousand_usd,2026-08-17,2026-10-10
fdi.country.m49_136,1997,,usd,actual,not_applicable,source.geostat_fdi_by_countries,FDI (annual),D55,thousand_usd,2026-08-17,2026-10-10
fdi.country.m49_136,1998,,usd,actual,not_applicable,source.geostat_fdi_by_countries,FDI (annual),E55,thousand_usd,2026-08-17,2026-10-10
fdi.country.m49_136,1999,,usd,actual,not_applicable,source.geostat_fdi_by_countries,FDI (annual),F55,thousand_usd,2026-08-17,2026-10-10
fdi.country.m49_136,2000,,usd,actual,not_applicable,source.geostat_fdi_by_countries,FDI (annual),G55,thousand_usd,2026-08-17,2026-10-10
fdi.country.m49_136,2001,,usd,actual,not_applicable,source.geostat_fdi_by_countries,FDI (annual),H55,thousand_usd,2026-08-17,2026-10-10
fdi.country.m49_136,2002,,usd,actual,not_applicable,source.geostat_fdi_by_countries,FDI (annual),I55,thousand_usd,2026-08-17,2026-10-10
fdi.country.m49_136,2003,,usd,actual,not_applicable,source.geostat_fdi_by_countries,FDI (annual),J55,thousand_usd,2026-08-17,2026-10-10
fdi.country.m49_136,2004,,usd,actual,not_applicable,source.geostat_fdi_by_countries,FDI (annual),K55,thousand_usd,2026-08-17,2026-10-10
fdi.country.m49_136,2005,,usd,actual,not_applicable,source.geostat_fdi_by_countries,FDI (annual),L55,thousand_usd,2026-08-17,2026-10-10
fdi.country.m49_136,2006,6698167.2497,usd,actual,numeric,source.geostat_fdi_by_countries,FDI (annual),M55,thousand_usd,2026-08-17,2026-10-10
fdi.country.m49_136,2007,2830532.4123,usd,actual,numeric,source.geostat_fdi_by_countries,FDI (annual),N55,thousand_usd,2026-08-17,2026-10-10
fdi.country.m49_136,2008,-7007264.2464999999,usd,actual,numeric,source.geostat_fdi_by_countries,FDI (annual),O55,thousand_usd,2026-08-17,2026-10-10
fdi.country.m49_136,2009,2161080.7,usd,actual,numeric,source.geostat_fdi_by_countries,FDI (annual),P55,thousand_usd,2026-08-17,2026-10-10
fdi.country.m49_136,2010,12332262.500000001,usd,actual,numeric,source.geostat_fdi_by_countries,FDI (annual),Q55,thousand_usd,2026-08-17,2026-10-10
fdi.country.m49_136,2011,21660396.400000001,usd,actual,numeric,source.geostat_fdi_by_countries,FDI (annual),R55,thousand_usd,2026-08-17,2026-10-10
fdi.country.m49_136,2012,6529132.7999999994,usd,actual,numeric,source.geostat_fdi_by_countries,FDI (annual),S55,thousand_usd,2026-08-17,2026-10-10
fdi.country.m49_136,2013,6362317.7156569,usd,actual,numeric,source.geostat_fdi_by_countries,FDI (annual),T55,thousand_usd,2026-08-17,2026-10-10
fdi.country.m49_136,2014,898246.36763869898,usd,actual,numeric,source.geostat_fdi_by_countries,FDI (annual),U55,thousand_usd,2026-08-17,2026-10-10
fdi.country.m49_136,2015,-30549011.938514206,usd,actual,numeric,source.geostat_fdi_by_countries,FDI (annual),V55,thousand_usd,2026-08-17,2026-10-10
fdi.country.m49_136,2016,8725004.4999999991,usd,actual,numeric,source.geostat_fdi_by_countries,FDI (annual),W55,thousand_usd,2026-08-17,2026-10-10
fdi.country.m49_136,2017,-1638592.5999999999,usd,actual,numeric,source.geostat_fdi_by_countries,FDI (annual),X55,thousand_usd,2026-08-17,2026-10-10
fdi.country.m49_136,2018,3105977.9999999992,usd,actual,numeric,source.geostat_fdi_by_countries,FDI (annual),Y55,thousand_usd,2026-08-17,2026-10-10
fdi.country.m49_136,2019,-3711603.6999999997,usd,actual,numeric,source.geostat_fdi_by_countries,FDI (annual),Z55,thousand_usd,2026-08-17,2026-10-10
fdi.country.m49_136,2020,2989779.1000000002,usd,actual,numeric,source.geostat_fdi_by_countries,FDI (annual),AA55,thousand_usd,2026-08-17,2026-10-10
fdi.country.m49_136,2021,1098502.8000000002,usd,actual,numeric,source.geostat_fdi_by_countries,FDI (annual),AB55,thousand_usd,2026-08-17,2026-10-10
fdi.country.m49_136,2022,7591099.4999999994,usd,actual,numeric,source.geostat_fdi_by_countries,FDI (annual),AC55,thousand_usd,2026-08-17,2026-10-10
fdi.country.m49_136,2023,11204358.3,usd,actual,numeric,source.geostat_fdi_by_countries,FDI (annual),AD55,thousand_usd,2026-08-17,2026-10-10
fdi.country.m49_136,2024,2515007.9999999998,usd,actual,numeric,source.geostat_fdi_by_countries,FDI (annual),AE55,thousand_usd,2026-08-17,2026-10-10
fdi.country.m49_136,2025,6548747.3000000009,usd,actual,numeric,source.geostat_fdi_by_countries,FDI (annual),AF55,thousand_usd,2026-08-17,2026-10-10
fdi.country.m49_156,1996,,usd,actual,not_applicable,source.geostat_fdi_by_countries,FDI (annual),C56,thousand_usd,2026-08-17,2026-10-10
fdi.country.m49_156,1997,,usd,actual,not_applicable,source.geostat_fdi_by_countries,FDI (annual),D56,thousand_usd,2026-08-17,2026-10-10
fdi.country.m49_156,1998,,usd,actual,not_applicable,source.geostat_fdi_by_countries,FDI (annual),E56,thousand_usd,2026-08-17,2026-10-10
fdi.country.m49_156,1999,,usd,actual,not_applicable,source.geostat_fdi_by_countries,FDI (annual),F56,thousand_usd,2026-08-17,2026-10-10
fdi.country.m49_156,2000,,usd,actual,not_applicable,source.geostat_fdi_by_countries,FDI (annual),G56,thousand_usd,2026-08-17,2026-10-10
fdi.country.m49_156,2001,,usd,actual,not_applicable,source.geostat_fdi_by_countries,FDI (annual),H56,thousand_usd,2026-08-17,2026-10-10
fdi.country.m49_156,2002,2562032.5038000001,usd,actual,numeric,source.geostat_fdi_by_countries,FDI (annual),I56,thousand_usd,2026-08-17,2026-10-10
fdi.country.m49_156,2003,19070414.976,usd,actual,numeric,source.geostat_fdi_by_countries,FDI (annual),J56,thousand_usd,2026-08-17,2026-10-10
fdi.country.m49_156,2004,7338099.2233999996,usd,actual,numeric,source.geostat_fdi_by_countries,FDI (annual),K56,thousand_usd,2026-08-17,2026-10-10
fdi.country.m49_156,2005,5668525.5202999997,usd,actual,numeric,source.geostat_fdi_by_countries,FDI (annual),L56,thousand_usd,2026-08-17,2026-10-10
fdi.country.m49_156,2006,5445267.3889999996,usd,actual,numeric,source.geostat_fdi_by_countries,FDI (annual),M56,thousand_usd,2026-08-17,2026-10-10
fdi.country.m49_156,2007,6028686.1263000001,usd,actual,numeric,source.geostat_fdi_by_countries,FDI (annual),N56,thousand_usd,2026-08-17,2026-10-10
fdi.country.m49_156,2008,-2271404.3811000001,usd,actual,numeric,source.geostat_fdi_by_countries,FDI (annual),O56,thousand_usd,2026-08-17,2026-10-10
fdi.country.m49_156,2009,-2236971.9,usd,actual,numeric,source.geostat_fdi_by_countries,FDI (annual),P56,thousand_usd,2026-08-17,2026-10-10
fdi.country.m49_156,2010,-7882023.1000000003,usd,actual,numeric,source.geostat_fdi_by_countries,FDI (annual),Q56,thousand_usd,2026-08-17,2026-10-10
fdi.country.m49_156,2011,30382743.825000001,usd,actual,numeric,source.geostat_fdi_by_countries,FDI (annual),R56,thousand_usd,2026-08-17,2026-10-10
fdi.country.m49_156,2012,70156800.399999993,usd,actual,numeric,source.geostat_fdi_by_countries,FDI (annual),S56,thousand_usd,2026-08-17,2026-10-10
fdi.country.m49_156,2013,101129661.56029991,usd,actual,numeric,source.geostat_fdi_by_countries,FDI (annual),T56,thousand_usd,2026-08-17,2026-10-10
fdi.country.m49_156,2014,220099176.97483004,usd,actual,numeric,source.geostat_fdi_by_countries,FDI (annual),U56,thousand_usd,2026-08-17,2026-10-10
fdi.country.m49_156,2015,66947633.819704002,usd,actual,numeric,source.geostat_fdi_by_countries,FDI (annual),V56,thousand_usd,2026-08-17,2026-10-10
fdi.country.m49_156,2016,25480824.9,usd,actual,numeric,source.geostat_fdi_by_countries,FDI (annual),W56,thousand_usd,2026-08-17,2026-10-10
fdi.country.m49_156,2017,19364383.400000006,usd,actual,numeric,source.geostat_fdi_by_countries,FDI (annual),X56,thousand_usd,2026-08-17,2026-10-10
fdi.country.m49_156,2018,75991071.400000001,usd,actual,numeric,source.geostat_fdi_by_countries,FDI (annual),Y56,thousand_usd,2026-08-17,2026-10-10
fdi.country.m49_156,2019,44749972.800000003,usd,actual,numeric,source.geostat_fdi_by_countries,FDI (annual),Z56,thousand_usd,2026-08-17,2026-10-10
fdi.country.m49_156,2020,-35132039.000000004,usd,actual,numeric,source.geostat_fdi_by_countries,FDI (annual),AA56,thousand_usd,2026-08-17,2026-10-10
fdi.country.m49_156,2021,-27849305.599999992,usd,actual,numeric,source.geostat_fdi_by_countries,FDI (annual),AB56,thousand_usd,2026-08-17,2026-10-10
fdi.country.m49_156,2022,43700087.299999985,usd,actual,numeric,source.geostat_fdi_by_countries,FDI (annual),AC56,thousand_usd,2026-08-17,2026-10-10
fdi.country.m49_156,2023,176235089.20000005,usd,actual,numeric,source.geostat_fdi_by_countries,FDI (annual),AD56,thousand_usd,2026-08-17,2026-10-10
fdi.country.m49_156,2024,8216473.7000000005,usd,actual,numeric,source.geostat_fdi_by_countries,FDI (annual),AE56,thousand_usd,2026-08-17,2026-10-10
fdi.country.m49_156,2025,-44307828.600000008,usd,actual,numeric,source.geostat_fdi_by_countries,FDI (annual),AF56,thousand_usd,2026-08-17,2026-10-10
fdi.country.m49_191,1996,,usd,actual,not_applicable,source.geostat_fdi_by_countries,FDI (annual),C11,thousand_usd,2026-08-17,2026-10-10
fdi.country.m49_191,1997,,usd,actual,not_applicable,source.geostat_fdi_by_countries,FDI (annual),D11,thousand_usd,2026-08-17,2026-10-10
fdi.country.m49_191,1998,,usd,actual,not_applicable,source.geostat_fdi_by_countries,FDI (annual),E11,thousand_usd,2026-08-17,2026-10-10
fdi.country.m49_191,1999,,usd,actual,not_applicable,source.geostat_fdi_by_countries,FDI (annual),F11,thousand_usd,2026-08-17,2026-10-10
fdi.country.m49_191,2000,,usd,actual,not_applicable,source.geostat_fdi_by_countries,FDI (annual),G11,thousand_usd,2026-08-17,2026-10-10
fdi.country.m49_191,2001,,usd,actual,not_applicable,source.geostat_fdi_by_countries,FDI (annual),H11,thousand_usd,2026-08-17,2026-10-10
fdi.country.m49_191,2002,,usd,actual,not_applicable,source.geostat_fdi_by_countries,FDI (annual),I11,thousand_usd,2026-08-17,2026-10-10
fdi.country.m49_191,2003,,usd,actual,not_applicable,source.geostat_fdi_by_countries,FDI (annual),J11,thousand_usd,2026-08-17,2026-10-10
fdi.country.m49_191,2004,,usd,actual,not_applicable,source.geostat_fdi_by_countries,FDI (annual),K11,thousand_usd,2026-08-17,2026-10-10
fdi.country.m49_191,2005,,usd,actual,not_applicable,source.geostat_fdi_by_countries,FDI (annual),L11,thousand_usd,2026-08-17,2026-10-10
fdi.country.m49_191,2006,,usd,actual,not_applicable,source.geostat_fdi_by_countries,FDI (annual),M11,thousand_usd,2026-08-17,2026-10-10
fdi.country.m49_191,2007,,usd,actual,not_applicable,source.geostat_fdi_by_countries,FDI (annual),N11,thousand_usd,2026-08-17,2026-10-10
fdi.country.m49_191,2008,,usd,actual,not_applicable,source.geostat_fdi_by_countries,FDI (annual),O11,thousand_usd,2026-08-17,2026-10-10
fdi.country.m49_191,2009,,usd,actual,not_applicable,source.geostat_fdi_by_countries,FDI (annual),P11,thousand_usd,2026-08-17,2026-10-10
fdi.country.m49_191,2010,,usd,actual,not_applicable,source.geostat_fdi_by_countries,FDI (annual),Q11,thousand_usd,2026-08-17,2026-10-10
fdi.country.m49_191,2011,,usd,actual,not_applicable,source.geostat_fdi_by_countries,FDI (annual),R11,thousand_usd,2026-08-17,2026-10-10
fdi.country.m49_191,2012,,usd,actual,not_applicable,source.geostat_fdi_by_countries,FDI (annual),S11,thousand_usd,2026-08-17,2026-10-10
fdi.country.m49_191,2013,,usd,actual,not_applicable,source.geostat_fdi_by_countries,FDI (annual),T11,thousand_usd,2026-08-17,2026-10-10
fdi.country.m49_191,2014,,usd,actual,not_applicable,source.geostat_fdi_by_countries,FDI (annual),U11,thousand_usd,2026-08-17,2026-10-10
fdi.country.m49_191,2015,,usd,actual,not_applicable,source.geostat_fdi_by_countries,FDI (annual),V11,thousand_usd,2026-08-17,2026-10-10
fdi.country.m49_191,2016,,usd,actual,not_applicable,source.geostat_fdi_by_countries,FDI (annual),W11,thousand_usd,2026-08-17,2026-10-10
fdi.country.m49_191,2017,467188.20000000005,usd,actual,numeric,source.geostat_fdi_by_countries,FDI (annual),X11,thousand_usd,2026-08-17,2026-10-10
fdi.country.m49_191,2018,2028226.8000000001,usd,actual,numeric,source.geostat_fdi_by_countries,FDI (annual),Y11,thousand_usd,2026-08-17,2026-10-10
fdi.country.m49_191,2019,794037.39999999993,usd,actual,numeric,source.geostat_fdi_by_countries,FDI (annual),Z11,thousand_usd,2026-08-17,2026-10-10
fdi.country.m49_191,2020,-326667.50000000002,usd,actual,numeric,source.geostat_fdi_by_countries,FDI (annual),AA11,thousand_usd,2026-08-17,2026-10-10
fdi.country.m49_191,2021,6345.7999999999934,usd,actual,numeric,source.geostat_fdi_by_countries,FDI (annual),AB11,thousand_usd,2026-08-17,2026-10-10
fdi.country.m49_191,2022,457336.30000000005,usd,actual,numeric,source.geostat_fdi_by_countries,FDI (annual),AC11,thousand_usd,2026-08-17,2026-10-10
fdi.country.m49_191,2023,-48630.600000000044,usd,actual,numeric,source.geostat_fdi_by_countries,FDI (annual),AD11,thousand_usd,2026-08-17,2026-10-10
fdi.country.m49_191,2024,236580.6,usd,actual,numeric,source.geostat_fdi_by_countries,FDI (annual),AE11,thousand_usd,2026-08-17,2026-10-10
fdi.country.m49_191,2025,936570.60000000001,usd,actual,numeric,source.geostat_fdi_by_countries,FDI (annual),AF11,thousand_usd,2026-08-17,2026-10-10
fdi.country.m49_196,1996,,usd,actual,not_applicable,source.geostat_fdi_by_countries,FDI (annual),C12,thousand_usd,2026-08-17,2026-10-10
fdi.country.m49_196,1997,,usd,actual,not_applicable,source.geostat_fdi_by_countries,FDI (annual),D12,thousand_usd,2026-08-17,2026-10-10
fdi.country.m49_196,1998,,usd,actual,not_applicable,source.geostat_fdi_by_countries,FDI (annual),E12,thousand_usd,2026-08-17,2026-10-10
fdi.country.m49_196,1999,895013.45031000005,usd,actual,numeric,source.geostat_fdi_by_countries,FDI (annual),F12,thousand_usd,2026-08-17,2026-10-10
fdi.country.m49_196,2000,3921109.7282999999,usd,actual,numeric,source.geostat_fdi_by_countries,FDI (annual),G12,thousand_usd,2026-08-17,2026-10-10
fdi.country.m49_196,2001,19209077.980999999,usd,actual,numeric,source.geostat_fdi_by_countries,FDI (annual),H12,thousand_usd,2026-08-17,2026-10-10
fdi.country.m49_196,2002,1062712.1643,usd,actual,numeric,source.geostat_fdi_by_countries,FDI (annual),I12,thousand_usd,2026-08-17,2026-10-10
fdi.country.m49_196,2003,675727.94868999995,usd,actual,numeric,source.geostat_fdi_by_countries,FDI (annual),J12,thousand_usd,2026-08-17,2026-10-10
fdi.country.m49_196,2004,21333115.095000001,usd,actual,numeric,source.geostat_fdi_by_countries,FDI (annual),K12,thousand_usd,2026-08-17,2026-10-10
fdi.country.m49_196,2005,47537321.268,usd,actual,numeric,source.geostat_fdi_by_countries,FDI (annual),L12,thousand_usd,2026-08-17,2026-10-10
fdi.country.m49_196,2006,55450316.276999998,usd,actual,numeric,source.geostat_fdi_by_countries,FDI (annual),M12,thousand_usd,2026-08-17,2026-10-10
fdi.country.m49_196,2007,140599564.48,usd,actual,numeric,source.geostat_fdi_by_countries,FDI (annual),N12,thousand_usd,2026-08-17,2026-10-10
fdi.country.m49_196,2008,26165766.061999999,usd,actual,numeric,source.geostat_fdi_by_countries,FDI (annual),O12,thousand_usd,2026-08-17,2026-10-10
fdi.country.m49_196,2009,-1612051.2000000017,usd,actual,numeric,source.geostat_fdi_by_countries,FDI (annual),P12,thousand_usd,2026-08-17,2026-10-10
fdi.country.m49_196,2010,40387743.299999995,usd,actual,numeric,source.geostat_fdi_by_countries,FDI (annual),Q12,thousand_usd,2026-08-17,2026-10-10
fdi.country.m49_196,2011,12145540.981100001,usd,actual,numeric,source.geostat_fdi_by_countries,FDI (annual),R12,thousand_usd,2026-08-17,2026-10-10
fdi.country.m49_196,2012,45960292.137386525,usd,actual,numeric,source.geostat_fdi_by_countries,FDI (annual),S12,thousand_usd,2026-08-17,2026-10-10
fdi.country.m49_196,2013,-44285398.773341498,usd,actual,numeric,source.geostat_fdi_by_countries,FDI (annual),T12,thousand_usd,2026-08-17,2026-10-10
fdi.country.m49_196,2014,-5141807.923482399,usd,actual,numeric,source.geostat_fdi_by_countries,FDI (annual),U12,thousand_usd,2026-08-17,2026-10-10
fdi.country.m49_196,2015,-26983805.9116478,usd,actual,numeric,source.geostat_fdi_by_countries,FDI (annual),V12,thousand_usd,2026-08-17,2026-10-10
fdi.country.m49_196,2016,-6497458.8000000058,usd,actual,numeric,source.geostat_fdi_by_countries,FDI (annual),W12,thousand_usd,2026-08-17,2026-10-10
fdi.country.m49_196,2017,13148980.500000007,usd,actual,numeric,source.geostat_fdi_by_countries,FDI (annual),X12,thousand_usd,2026-08-17,2026-10-10
fdi.country.m49_196,2018,-87840025.000000023,usd,actual,numeric,source.geostat_fdi_by_countries,FDI (annual),Y12,thousand_usd,2026-08-17,2026-10-10
fdi.country.m49_196,2019,23707553.800000002,usd,actual,numeric,source.geostat_fdi_by_countries,FDI (annual),Z12,thousand_usd,2026-08-17,2026-10-10
fdi.country.m49_196,2020,-44885740.89999999,usd,actual,numeric,source.geostat_fdi_by_countries,FDI (annual),AA12,thousand_usd,2026-08-17,2026-10-10
fdi.country.m49_196,2021,-18615888.899999994,usd,actual,numeric,source.geostat_fdi_by_countries,FDI (annual),AB12,thousand_usd,2026-08-17,2026-10-10
fdi.country.m49_196,2022,-5312760.8,usd,actual,numeric,source.geostat_fdi_by_countries,FDI (annual),AC12,thousand_usd,2026-08-17,2026-10-10
fdi.country.m49_196,2023,21217622.300000003,usd,actual,numeric,source.geostat_fdi_by_countries,FDI (annual),AD12,thousand_usd,2026-08-17,2026-10-10
fdi.country.m49_196,2024,39655175.299999995,usd,actual,numeric,source.geostat_fdi_by_countries,FDI (annual),AE12,thousand_usd,2026-08-17,2026-10-10
fdi.country.m49_196,2025,-68240216.600000029,usd,actual,numeric,source.geostat_fdi_by_countries,FDI (annual),AF12,thousand_usd,2026-08-17,2026-10-10
fdi.country.m49_203,1996,,usd,actual,not_applicable,source.geostat_fdi_by_countries,FDI (annual),C13,thousand_usd,2026-08-17,2026-10-10
fdi.country.m49_203,1997,,usd,actual,not_applicable,source.geostat_fdi_by_countries,FDI (annual),D13,thousand_usd,2026-08-17,2026-10-10
fdi.country.m49_203,1998,,usd,actual,not_applicable,source.geostat_fdi_by_countries,FDI (annual),E13,thousand_usd,2026-08-17,2026-10-10
fdi.country.m49_203,1999,,usd,actual,not_applicable,source.geostat_fdi_by_countries,FDI (annual),F13,thousand_usd,2026-08-17,2026-10-10
fdi.country.m49_203,2000,,usd,actual,not_applicable,source.geostat_fdi_by_countries,FDI (annual),G13,thousand_usd,2026-08-17,2026-10-10
fdi.country.m49_203,2001,,usd,actual,not_applicable,source.geostat_fdi_by_countries,FDI (annual),H13,thousand_usd,2026-08-17,2026-10-10
fdi.country.m49_203,2002,,usd,actual,not_applicable,source.geostat_fdi_by_countries,FDI (annual),I13,thousand_usd,2026-08-17,2026-10-10
fdi.country.m49_203,2003,249770.68714999999,usd,actual,numeric,source.geostat_fdi_by_countries,FDI (annual),J13,thousand_usd,2026-08-17,2026-10-10
fdi.country.m49_203,2004,276575.71676999999,usd,actual,numeric,source.geostat_fdi_by_countries,FDI (annual),K13,thousand_usd,2026-08-17,2026-10-10
fdi.country.m49_203,2005,1279555.4012,usd,actual,numeric,source.geostat_fdi_by_countries,FDI (annual),L13,thousand_usd,2026-08-17,2026-10-10
fdi.country.m49_203,2006,15032248.578999999,usd,actual,numeric,source.geostat_fdi_by_countries,FDI (annual),M13,thousand_usd,2026-08-17,2026-10-10
fdi.country.m49_203,2007,209229387.27000001,usd,actual,numeric,source.geostat_fdi_by_countries,FDI (annual),N13,thousand_usd,2026-08-17,2026-10-10
fdi.country.m49_203,2008,34857631.753000001,usd,actual,numeric,source.geostat_fdi_by_countries,FDI (annual),O13,thousand_usd,2026-08-17,2026-10-10
fdi.country.m49_203,2009,45679039.600000004,usd,actual,numeric,source.geostat_fdi_by_countries,FDI (annual),P13,thousand_usd,2026-08-17,2026-10-10
fdi.country.m49_203,2010,24213499.817000004,usd,actual,numeric,source.geostat_fdi_by_countries,FDI (annual),Q13,thousand_usd,2026-08-17,2026-10-10
fdi.country.m49_203,2011,46598262.500000012,usd,actual,numeric,source.geostat_fdi_by_countries,FDI (annual),R13,thousand_usd,2026-08-17,2026-10-10
fdi.country.m49_203,2012,8031399.1000000005,usd,actual,numeric,source.geostat_fdi_by_countries,FDI (annual),S13,thousand_usd,2026-08-17,2026-10-10
fdi.country.m49_203,2013,43578338.199999991,usd,actual,numeric,source.geostat_fdi_by_countries,FDI (annual),T13,thousand_usd,2026-08-17,2026-10-10
fdi.country.m49_203,2014,51961843.69999999,usd,actual,numeric,source.geostat_fdi_by_countries,FDI (annual),U13,thousand_usd,2026-08-17,2026-10-10
fdi.country.m49_203,2015,16672502.800000002,usd,actual,numeric,source.geostat_fdi_by_countries,FDI (annual),V13,thousand_usd,2026-08-17,2026-10-10
fdi.country.m49_203,2016,87541315.300000017,usd,actual,numeric,source.geostat_fdi_by_countries,FDI (annual),W13,thousand_usd,2026-08-17,2026-10-10
fdi.country.m49_203,2017,131678223.60000003,usd,actual,numeric,source.geostat_fdi_by_countries,FDI (annual),X13,thousand_usd,2026-08-17,2026-10-10
fdi.country.m49_203,2018,77695983.900000021,usd,actual,numeric,source.geostat_fdi_by_countries,FDI (annual),Y13,thousand_usd,2026-08-17,2026-10-10
fdi.country.m49_203,2019,18280178.499999998,usd,actual,numeric,source.geostat_fdi_by_countries,FDI (annual),Z13,thousand_usd,2026-08-17,2026-10-10
fdi.country.m49_203,2020,-6340072.2000000014,usd,actual,numeric,source.geostat_fdi_by_countries,FDI (annual),AA13,thousand_usd,2026-08-17,2026-10-10
fdi.country.m49_203,2021,80774631.500000018,usd,actual,numeric,source.geostat_fdi_by_countries,FDI (annual),AB13,thousand_usd,2026-08-17,2026-10-10
fdi.country.m49_203,2022,84944297.300000006,usd,actual,numeric,source.geostat_fdi_by_countries,FDI (annual),AC13,thousand_usd,2026-08-17,2026-10-10
fdi.country.m49_203,2023,14733039.899999996,usd,actual,numeric,source.geostat_fdi_by_countries,FDI (annual),AD13,thousand_usd,2026-08-17,2026-10-10
fdi.country.m49_203,2024,8800727.6000000056,usd,actual,numeric,source.geostat_fdi_by_countries,FDI (annual),AE13,thousand_usd,2026-08-17,2026-10-10
fdi.country.m49_203,2025,64562929.000000033,usd,actual,numeric,source.geostat_fdi_by_countries,FDI (annual),AF13,thousand_usd,2026-08-17,2026-10-10
fdi.country.m49_208,1996,,usd,actual,not_applicable,source.geostat_fdi_by_countries,FDI (annual),C14,thousand_usd,2026-08-17,2026-10-10
fdi.country.m49_208,1997,,usd,actual,not_applicable,source.geostat_fdi_by_countries,FDI (annual),D14,thousand_usd,2026-08-17,2026-10-10
fdi.country.m49_208,1998,,usd,actual,not_applicable,source.geostat_fdi_by_countries,FDI (annual),E14,thousand_usd,2026-08-17,2026-10-10
fdi.country.m49_208,1999,,usd,actual,not_applicable,source.geostat_fdi_by_countries,FDI (annual),F14,thousand_usd,2026-08-17,2026-10-10
fdi.country.m49_208,2000,,usd,actual,not_applicable,source.geostat_fdi_by_countries,FDI (annual),G14,thousand_usd,2026-08-17,2026-10-10
fdi.country.m49_208,2001,,usd,actual,not_applicable,source.geostat_fdi_by_countries,FDI (annual),H14,thousand_usd,2026-08-17,2026-10-10
fdi.country.m49_208,2002,,usd,actual,not_applicable,source.geostat_fdi_by_countries,FDI (annual),I14,thousand_usd,2026-08-17,2026-10-10
fdi.country.m49_208,2003,,usd,actual,not_applicable,source.geostat_fdi_by_countries,FDI (annual),J14,thousand_usd,2026-08-17,2026-10-10
fdi.country.m49_208,2004,,usd,actual,not_applicable,source.geostat_fdi_by_countries,FDI (annual),K14,thousand_usd,2026-08-17,2026-10-10
fdi.country.m49_208,2005,318976.15472000001,usd,actual,numeric,source.geostat_fdi_by_countries,FDI (annual),L14,thousand_usd,2026-08-17,2026-10-10
fdi.country.m49_208,2006,42001900.36,usd,actual,numeric,source.geostat_fdi_by_countries,FDI (annual),M14,thousand_usd,2026-08-17,2026-10-10
fdi.country.m49_208,2007,144931448.52999999,usd,actual,numeric,source.geostat_fdi_by_countries,FDI (annual),N14,thousand_usd,2026-08-17,2026-10-10
fdi.country.m49_208,2008,256277.10000000002,usd,actual,numeric,source.geostat_fdi_by_countries,FDI (annual),O14,thousand_usd,2026-08-17,2026-10-10
fdi.country.m49_208,2009,-427316.79999999994,usd,actual,numeric,source.geostat_fdi_by_countries,FDI (annual),P14,thousand_usd,2026-08-17,2026-10-10
fdi.country.m49_208,2010,18067.100000000028,usd,actual,numeric,source.geostat_fdi_by_countries,FDI (annual),Q14,thousand_usd,2026-08-17,2026-10-10
fdi.country.m49_208,2011,2504368.8999999999,usd,actual,numeric,source.geostat_fdi_by_countries,FDI (annual),R14,thousand_usd,2026-08-17,2026-10-10
fdi.country.m49_208,2012,6558114.8999999987,usd,actual,numeric,source.geostat_fdi_by_countries,FDI (annual),S14,thousand_usd,2026-08-17,2026-10-10
fdi.country.m49_208,2013,9572371.799999999,usd,actual,numeric,source.geostat_fdi_by_countries,FDI (annual),T14,thousand_usd,2026-08-17,2026-10-10
fdi.country.m49_208,2014,12730183.1,usd,actual,numeric,source.geostat_fdi_by_countries,FDI (annual),U14,thousand_usd,2026-08-17,2026-10-10
fdi.country.m49_208,2015,12141545.600000001,usd,actual,numeric,source.geostat_fdi_by_countries,FDI (annual),V14,thousand_usd,2026-08-17,2026-10-10
fdi.country.m49_208,2016,-7282573.0000000003,usd,actual,numeric,source.geostat_fdi_by_countries,FDI (annual),W14,thousand_usd,2026-08-17,2026-10-10
fdi.country.m49_208,2017,-4457082.4999999986,usd,actual,numeric,source.geostat_fdi_by_countries,FDI (annual),X14,thousand_usd,2026-08-17,2026-10-10
fdi.country.m49_208,2018,15248811.600000001,usd,actual,numeric,source.geostat_fdi_by_countries,FDI (annual),Y14,thousand_usd,2026-08-17,2026-10-10
fdi.country.m49_208,2019,2754372.3999999984,usd,actual,numeric,source.geostat_fdi_by_countries,FDI (annual),Z14,thousand_usd,2026-08-17,2026-10-10
fdi.country.m49_208,2020,29995657.399999996,usd,actual,numeric,source.geostat_fdi_by_countries,FDI (annual),AA14,thousand_usd,2026-08-17,2026-10-10
fdi.country.m49_208,2021,2130157.6999999979,usd,actual,numeric,source.geostat_fdi_by_countries,FDI (annual),AB14,thousand_usd,2026-08-17,2026-10-10
fdi.country.m49_208,2022,17752939.8,usd,actual,numeric,source.geostat_fdi_by_countries,FDI (annual),AC14,thousand_usd,2026-08-17,2026-10-10
fdi.country.m49_208,2023,21253561.999999998,usd,actual,numeric,source.geostat_fdi_by_countries,FDI (annual),AD14,thousand_usd,2026-08-17,2026-10-10
fdi.country.m49_208,2024,-3894751.3999999978,usd,actual,numeric,source.geostat_fdi_by_countries,FDI (annual),AE14,thousand_usd,2026-08-17,2026-10-10
fdi.country.m49_208,2025,30974840.700000012,usd,actual,numeric,source.geostat_fdi_by_countries,FDI (annual),AF14,thousand_usd,2026-08-17,2026-10-10
fdi.country.m49_233,1996,,usd,actual,not_applicable,source.geostat_fdi_by_countries,FDI (annual),C15,thousand_usd,2026-08-17,2026-10-10
fdi.country.m49_233,1997,,usd,actual,not_applicable,source.geostat_fdi_by_countries,FDI (annual),D15,thousand_usd,2026-08-17,2026-10-10
fdi.country.m49_233,1998,,usd,actual,not_applicable,source.geostat_fdi_by_countries,FDI (annual),E15,thousand_usd,2026-08-17,2026-10-10
fdi.country.m49_233,1999,,usd,actual,not_applicable,source.geostat_fdi_by_countries,FDI (annual),F15,thousand_usd,2026-08-17,2026-10-10
fdi.country.m49_233,2000,,usd,actual,not_applicable,source.geostat_fdi_by_countries,FDI (annual),G15,thousand_usd,2026-08-17,2026-10-10
fdi.country.m49_233,2001,,usd,actual,not_applicable,source.geostat_fdi_by_countries,FDI (annual),H15,thousand_usd,2026-08-17,2026-10-10
fdi.country.m49_233,2002,,usd,actual,not_applicable,source.geostat_fdi_by_countries,FDI (annual),I15,thousand_usd,2026-08-17,2026-10-10
fdi.country.m49_233,2003,,usd,actual,not_applicable,source.geostat_fdi_by_countries,FDI (annual),J15,thousand_usd,2026-08-17,2026-10-10
fdi.country.m49_233,2004,,usd,actual,not_applicable,source.geostat_fdi_by_countries,FDI (annual),K15,thousand_usd,2026-08-17,2026-10-10
fdi.country.m49_233,2005,,usd,actual,not_applicable,source.geostat_fdi_by_countries,FDI (annual),L15,thousand_usd,2026-08-17,2026-10-10
fdi.country.m49_233,2006,,usd,actual,not_applicable,source.geostat_fdi_by_countries,FDI (annual),M15,thousand_usd,2026-08-17,2026-10-10
fdi.country.m49_233,2007,7630928.4484144682,usd,actual,numeric,source.geostat_fdi_by_countries,FDI (annual),N15,thousand_usd,2026-08-17,2026-10-10
fdi.country.m49_233,2008,5049808.1847000003,usd,actual,numeric,source.geostat_fdi_by_countries,FDI (annual),O15,thousand_usd,2026-08-17,2026-10-10
fdi.country.m49_233,2009,8074903.0058000008,usd,actual,numeric,source.geostat_fdi_by_countries,FDI (annual),P15,thousand_usd,2026-08-17,2026-10-10
fdi.country.m49_233,2010,-51868.700000000018,usd,actual,numeric,source.geostat_fdi_by_countries,FDI (annual),Q15,thousand_usd,2026-08-17,2026-10-10
fdi.country.m49_233,2011,-332451.90000000002,usd,actual,numeric,source.geostat_fdi_by_countries,FDI (annual),R15,thousand_usd,2026-08-17,2026-10-10
fdi.country.m49_233,2012,385463.19999999997,usd,actual,numeric,source.geostat_fdi_by_countries,FDI (annual),S15,thousand_usd,2026-08-17,2026-10-10
fdi.country.m49_233,2013,482212.9000000001,usd,actual,numeric,source.geostat_fdi_by_countries,FDI (annual),T15,thousand_usd,2026-08-17,2026-10-10
fdi.country.m49_233,2014,4066405.7000000003,usd,actual,numeric,source.geostat_fdi_by_countries,FDI (annual),U15,thousand_usd,2026-08-17,2026-10-10
fdi.country.m49_233,2015,13203928.900000001,usd,actual,numeric,source.geostat_fdi_by_countries,FDI (annual),V15,thousand_usd,2026-08-17,2026-10-10
fdi.country.m49_233,2016,19714234.800000002,usd,actual,numeric,source.geostat_fdi_by_countries,FDI (annual),W15,thousand_usd,2026-08-17,2026-10-10
fdi.country.m49_233,2017,20526264.099999997,usd,actual,numeric,source.geostat_fdi_by_countries,FDI (annual),X15,thousand_usd,2026-08-17,2026-10-10
fdi.country.m49_233,2018,15371392.599999999,usd,actual,numeric,source.geostat_fdi_by_countries,FDI (annual),Y15,thousand_usd,2026-08-17,2026-10-10
fdi.country.m49_233,2019,3879198.8000000006,usd,actual,numeric,source.geostat_fdi_by_countries,FDI (annual),Z15,thousand_usd,2026-08-17,2026-10-10
fdi.country.m49_233,2020,6996751.4000000001,usd,actual,numeric,source.geostat_fdi_by_countries,FDI (annual),AA15,thousand_usd,2026-08-17,2026-10-10
fdi.country.m49_233,2021,5282068.6000000005,usd,actual,numeric,source.geostat_fdi_by_countries,FDI (annual),AB15,thousand_usd,2026-08-17,2026-10-10
fdi.country.m49_233,2022,20485644.099999998,usd,actual,numeric,source.geostat_fdi_by_countries,FDI (annual),AC15,thousand_usd,2026-08-17,2026-10-10
fdi.country.m49_233,2023,20816831.800000004,usd,actual,numeric,source.geostat_fdi_by_countries,FDI (annual),AD15,thousand_usd,2026-08-17,2026-10-10
fdi.country.m49_233,2024,26856788.100000002,usd,actual,numeric,source.geostat_fdi_by_countries,FDI (annual),AE15,thousand_usd,2026-08-17,2026-10-10
fdi.country.m49_233,2025,-7294420,usd,actual,numeric,source.geostat_fdi_by_countries,FDI (annual),AF15,thousand_usd,2026-08-17,2026-10-10
fdi.country.m49_246,1996,,usd,actual,not_applicable,source.geostat_fdi_by_countries,FDI (annual),C16,thousand_usd,2026-08-17,2026-10-10
fdi.country.m49_246,1997,,usd,actual,not_applicable,source.geostat_fdi_by_countries,FDI (annual),D16,thousand_usd,2026-08-17,2026-10-10
fdi.country.m49_246,1998,,usd,actual,not_applicable,source.geostat_fdi_by_countries,FDI (annual),E16,thousand_usd,2026-08-17,2026-10-10
fdi.country.m49_246,1999,,usd,actual,not_applicable,source.geostat_fdi_by_countries,FDI (annual),F16,thousand_usd,2026-08-17,2026-10-10
fdi.country.m49_246,2000,,usd,actual,not_applicable,source.geostat_fdi_by_countries,FDI (annual),G16,thousand_usd,2026-08-17,2026-10-10
fdi.country.m49_246,2001,,usd,actual,not_applicable,source.geostat_fdi_by_countries,FDI (annual),H16,thousand_usd,2026-08-17,2026-10-10
fdi.country.m49_246,2002,,usd,actual,not_applicable,source.geostat_fdi_by_countries,FDI (annual),I16,thousand_usd,2026-08-17,2026-10-10
fdi.country.m49_246,2003,,usd,actual,not_applicable,source.geostat_fdi_by_countries,FDI (annual),J16,thousand_usd,2026-08-17,2026-10-10
fdi.country.m49_246,2004,,usd,actual,not_applicable,source.geostat_fdi_by_countries,FDI (annual),K16,thousand_usd,2026-08-17,2026-10-10
fdi.country.m49_246,2005,,usd,actual,not_applicable,source.geostat_fdi_by_countries,FDI (annual),L16,thousand_usd,2026-08-17,2026-10-10
fdi.country.m49_246,2006,,usd,actual,not_applicable,source.geostat_fdi_by_countries,FDI (annual),M16,thousand_usd,2026-08-17,2026-10-10
fdi.country.m49_246,2007,,usd,actual,not_applicable,source.geostat_fdi_by_countries,FDI (annual),N16,thousand_usd,2026-08-17,2026-10-10
fdi.country.m49_246,2008,,usd,actual,not_applicable,source.geostat_fdi_by_countries,FDI (annual),O16,thousand_usd,2026-08-17,2026-10-10
fdi.country.m49_246,2009,,usd,actual,not_applicable,source.geostat_fdi_by_countries,FDI (annual),P16,thousand_usd,2026-08-17,2026-10-10
fdi.country.m49_246,2010,1533332.6999999999,usd,actual,numeric,source.geostat_fdi_by_countries,FDI (annual),Q16,thousand_usd,2026-08-17,2026-10-10
fdi.country.m49_246,2011,992987.49999999995,usd,actual,numeric,source.geostat_fdi_by_countries,FDI (annual),R16,thousand_usd,2026-08-17,2026-10-10
fdi.country.m49_246,2012,1085683.8,usd,actual,numeric,source.geostat_fdi_by_countries,FDI (annual),S16,thousand_usd,2026-08-17,2026-10-10
fdi.country.m49_246,2013,1235858.8999999999,usd,actual,numeric,source.geostat_fdi_by_countries,FDI (annual),T16,thousand_usd,2026-08-17,2026-10-10
fdi.country.m49_246,2014,887084.20000000001,usd,actual,numeric,source.geostat_fdi_by_countries,FDI (annual),U16,thousand_usd,2026-08-17,2026-10-10
fdi.country.m49_246,2015,358422.60000000005,usd,actual,numeric,source.geostat_fdi_by_countries,FDI (annual),V16,thousand_usd,2026-08-17,2026-10-10
fdi.country.m49_246,2016,306329.79999999998,usd,actual,numeric,source.geostat_fdi_by_countries,FDI (annual),W16,thousand_usd,2026-08-17,2026-10-10
fdi.country.m49_246,2017,-435825.80000000007,usd,actual,numeric,source.geostat_fdi_by_countries,FDI (annual),X16,thousand_usd,2026-08-17,2026-10-10
fdi.country.m49_246,2018,53514.700000000147,usd,actual,numeric,source.geostat_fdi_by_countries,FDI (annual),Y16,thousand_usd,2026-08-17,2026-10-10
fdi.country.m49_246,2019,2192891.0000000001,usd,actual,numeric,source.geostat_fdi_by_countries,FDI (annual),Z16,thousand_usd,2026-08-17,2026-10-10
fdi.country.m49_246,2020,723120.20000000007,usd,actual,numeric,source.geostat_fdi_by_countries,FDI (annual),AA16,thousand_usd,2026-08-17,2026-10-10
fdi.country.m49_246,2021,792580.80000000007,usd,actual,numeric,source.geostat_fdi_by_countries,FDI (annual),AB16,thousand_usd,2026-08-17,2026-10-10
fdi.country.m49_246,2022,851272.00000000016,usd,actual,numeric,source.geostat_fdi_by_countries,FDI (annual),AC16,thousand_usd,2026-08-17,2026-10-10
fdi.country.m49_246,2023,280895.6,usd,actual,numeric,source.geostat_fdi_by_countries,FDI (annual),AD16,thousand_usd,2026-08-17,2026-10-10
fdi.country.m49_246,2024,-2214432.4999999999,usd,actual,numeric,source.geostat_fdi_by_countries,FDI (annual),AE16,thousand_usd,2026-08-17,2026-10-10
fdi.country.m49_246,2025,17878482.700000004,usd,actual,numeric,source.geostat_fdi_by_countries,FDI (annual),AF16,thousand_usd,2026-08-17,2026-10-10
fdi.country.m49_250,1996,,usd,actual,not_applicable,source.geostat_fdi_by_countries,FDI (annual),C17,thousand_usd,2026-08-17,2026-10-10
fdi.country.m49_250,1997,,usd,actual,not_applicable,source.geostat_fdi_by_countries,FDI (annual),D17,thousand_usd,2026-08-17,2026-10-10
fdi.country.m49_250,1998,,usd,actual,not_applicable,source.geostat_fdi_by_countries,FDI (annual),E17,thousand_usd,2026-08-17,2026-10-10
fdi.country.m49_250,1999,,usd,actual,not_applicable,source.geostat_fdi_by_countries,FDI (annual),F17,thousand_usd,2026-08-17,2026-10-10
fdi.country.m49_250,2000,,usd,actual,not_applicable,source.geostat_fdi_by_countries,FDI (annual),G17,thousand_usd,2026-08-17,2026-10-10
fdi.country.m49_250,2001,17391679.747999999,usd,actual,numeric,source.geostat_fdi_by_countries,FDI (annual),H17,thousand_usd,2026-08-17,2026-10-10
fdi.country.m49_250,2002,6025727.9607999999,usd,actual,numeric,source.geostat_fdi_by_countries,FDI (annual),I17,thousand_usd,2026-08-17,2026-10-10
fdi.country.m49_250,2003,16448098.513000001,usd,actual,numeric,source.geostat_fdi_by_countries,FDI (annual),J17,thousand_usd,2026-08-17,2026-10-10
fdi.country.m49_250,2004,22592907.246999999,usd,actual,numeric,source.geostat_fdi_by_countries,FDI (annual),K17,thousand_usd,2026-08-17,2026-10-10
fdi.country.m49_250,2005,14121949.396,usd,actual,numeric,source.geostat_fdi_by_countries,FDI (annual),L17,thousand_usd,2026-08-17,2026-10-10
fdi.country.m49_250,2006,15679700.162000001,usd,actual,numeric,source.geostat_fdi_by_countries,FDI (annual),M17,thousand_usd,2026-08-17,2026-10-10
fdi.country.m49_250,2007,37484439.025,usd,actual,numeric,source.geostat_fdi_by_countries,FDI (annual),N17,thousand_usd,2026-08-17,2026-10-10
fdi.country.m49_250,2008,8179665.9331000001,usd,actual,numeric,source.geostat_fdi_by_countries,FDI (annual),O17,thousand_usd,2026-08-17,2026-10-10
fdi.country.m49_250,2009,11958389.7,usd,actual,numeric,source.geostat_fdi_by_countries,FDI (annual),P17,thousand_usd,2026-08-17,2026-10-10
fdi.country.m49_250,2010,-7820127.9815000016,usd,actual,numeric,source.geostat_fdi_by_countries,FDI (annual),Q17,thousand_usd,2026-08-17,2026-10-10
fdi.country.m49_250,2011,7353083.0000000005,usd,actual,numeric,source.geostat_fdi_by_countries,FDI (annual),R17,thousand_usd,2026-08-17,2026-10-10
fdi.country.m49_250,2012,25863831.699999999,usd,actual,numeric,source.geostat_fdi_by_countries,FDI (annual),S17,thousand_usd,2026-08-17,2026-10-10
fdi.country.m49_250,2013,11175525.672887801,usd,actual,numeric,source.geostat_fdi_by_countries,FDI (annual),T17,thousand_usd,2026-08-17,2026-10-10
fdi.country.m49_250,2014,20143067.596607401,usd,actual,numeric,source.geostat_fdi_by_countries,FDI (annual),U17,thousand_usd,2026-08-17,2026-10-10
fdi.country.m49_250,2015,22636483.492657895,usd,actual,numeric,source.geostat_fdi_by_countries,FDI (annual),V17,thousand_usd,2026-08-17,2026-10-10
fdi.country.m49_250,2016,-88316957.49999999,usd,actual,numeric,source.geostat_fdi_by_countries,FDI (annual),W17,thousand_usd,2026-08-17,2026-10-10
fdi.country.m49_250,2017,21092414.199999999,usd,actual,numeric,source.geostat_fdi_by_countries,FDI (annual),X17,thousand_usd,2026-08-17,2026-10-10
fdi.country.m49_250,2018,27672661.899999996,usd,actual,numeric,source.geostat_fdi_by_countries,FDI (annual),Y17,thousand_usd,2026-08-17,2026-10-10
fdi.country.m49_250,2019,20407867.400000003,usd,actual,numeric,source.geostat_fdi_by_countries,FDI (annual),Z17,thousand_usd,2026-08-17,2026-10-10
fdi.country.m49_250,2020,11999884.299999998,usd,actual,numeric,source.geostat_fdi_by_countries,FDI (annual),AA17,thousand_usd,2026-08-17,2026-10-10
fdi.country.m49_250,2021,23241313.499999997,usd,actual,numeric,source.geostat_fdi_by_countries,FDI (annual),AB17,thousand_usd,2026-08-17,2026-10-10
fdi.country.m49_250,2022,10317956.000000002,usd,actual,numeric,source.geostat_fdi_by_countries,FDI (annual),AC17,thousand_usd,2026-08-17,2026-10-10
fdi.country.m49_250,2023,12351220.599999999,usd,actual,numeric,source.geostat_fdi_by_countries,FDI (annual),AD17,thousand_usd,2026-08-17,2026-10-10
fdi.country.m49_250,2024,10714675.200000001,usd,actual,numeric,source.geostat_fdi_by_countries,FDI (annual),AE17,thousand_usd,2026-08-17,2026-10-10
fdi.country.m49_250,2025,4812394.2999999999,usd,actual,numeric,source.geostat_fdi_by_countries,FDI (annual),AF17,thousand_usd,2026-08-17,2026-10-10
fdi.country.m49_276,1996,,usd,actual,not_applicable,source.geostat_fdi_by_countries,FDI (annual),C18,thousand_usd,2026-08-17,2026-10-10
fdi.country.m49_276,1997,2081481.5364000001,usd,actual,numeric,source.geostat_fdi_by_countries,FDI (annual),D18,thousand_usd,2026-08-17,2026-10-10
fdi.country.m49_276,1998,2102467.071,usd,actual,numeric,source.geostat_fdi_by_countries,FDI (annual),E18,thousand_usd,2026-08-17,2026-10-10
fdi.country.m49_276,1999,2227639.8995999998,usd,actual,numeric,source.geostat_fdi_by_countries,FDI (annual),F18,thousand_usd,2026-08-17,2026-10-10
fdi.country.m49_276,2000,3209766.0713999999,usd,actual,numeric,source.geostat_fdi_by_countries,FDI (annual),G18,thousand_usd,2026-08-17,2026-10-10
fdi.country.m49_276,2001,13377787.084,usd,actual,numeric,source.geostat_fdi_by_countries,FDI (annual),H18,thousand_usd,2026-08-17,2026-10-10
fdi.country.m49_276,2002,4475319.4457999998,usd,actual,numeric,source.geostat_fdi_by_countries,FDI (annual),I18,thousand_usd,2026-08-17,2026-10-10
fdi.country.m49_276,2003,4624285.6232000004,usd,actual,numeric,source.geostat_fdi_by_countries,FDI (annual),J18,thousand_usd,2026-08-17,2026-10-10
fdi.country.m49_276,2004,5513916.9621999999,usd,actual,numeric,source.geostat_fdi_by_countries,FDI (annual),K18,thousand_usd,2026-08-17,2026-10-10
fdi.country.m49_276,2005,6217483.5103000005,usd,actual,numeric,source.geostat_fdi_by_countries,FDI (annual),L18,thousand_usd,2026-08-17,2026-10-10
fdi.country.m49_276,2006,19472689.886,usd,actual,numeric,source.geostat_fdi_by_countries,FDI (annual),M18,thousand_usd,2026-08-17,2026-10-10
fdi.country.m49_276,2007,51898425.347999997,usd,actual,numeric,source.geostat_fdi_by_countries,FDI (annual),N18,thousand_usd,2026-08-17,2026-10-10
fdi.country.m49_276,2008,40590621.486999997,usd,actual,numeric,source.geostat_fdi_by_countries,FDI (annual),O18,thousand_usd,2026-08-17,2026-10-10
fdi.country.m49_276,2009,21344950.499999995,usd,actual,numeric,source.geostat_fdi_by_countries,FDI (annual),P18,thousand_usd,2026-08-17,2026-10-10
fdi.country.m49_276,2010,12848001.200000002,usd,actual,numeric,source.geostat_fdi_by_countries,FDI (annual),Q18,thousand_usd,2026-08-17,2026-10-10
fdi.country.m49_276,2011,46570757.817011501,usd,actual,numeric,source.geostat_fdi_by_countries,FDI (annual),R18,thousand_usd,2026-08-17,2026-10-10
fdi.country.m49_276,2012,142405565.12360001,usd,actual,numeric,source.geostat_fdi_by_countries,FDI (annual),S18,thousand_usd,2026-08-17,2026-10-10
fdi.country.m49_276,2013,31927369.1519776,usd,actual,numeric,source.geostat_fdi_by_countries,FDI (annual),T18,thousand_usd,2026-08-17,2026-10-10
fdi.country.m49_276,2014,4186941.1834780994,usd,actual,numeric,source.geostat_fdi_by_countries,FDI (annual),U18,thousand_usd,2026-08-17,2026-10-10
fdi.country.m49_276,2015,-2608981.2469351996,usd,actual,numeric,source.geostat_fdi_by_countries,FDI (annual),V18,thousand_usd,2026-08-17,2026-10-10
fdi.country.m49_276,2016,24315590.6,usd,actual,numeric,source.geostat_fdi_by_countries,FDI (annual),W18,thousand_usd,2026-08-17,2026-10-10
fdi.country.m49_276,2017,-94507716.499999995,usd,actual,numeric,source.geostat_fdi_by_countries,FDI (annual),X18,thousand_usd,2026-08-17,2026-10-10
fdi.country.m49_276,2018,41127146.3,usd,actual,numeric,source.geostat_fdi_by_countries,FDI (annual),Y18,thousand_usd,2026-08-17,2026-10-10
fdi.country.m49_276,2019,23892090.500000013,usd,actual,numeric,source.geostat_fdi_by_countries,FDI (annual),Z18,thousand_usd,2026-08-17,2026-10-10
fdi.country.m49_276,2020,36536159.200000002,usd,actual,numeric,source.geostat_fdi_by_countries,FDI (annual),AA18,thousand_usd,2026-08-17,2026-10-10
fdi.country.m49_276,2021,38360082.399999999,usd,actual,numeric,source.geostat_fdi_by_countries,FDI (annual),AB18,thousand_usd,2026-08-17,2026-10-10
fdi.country.m49_276,2022,34176196.400000001,usd,actual,numeric,source.geostat_fdi_by_countries,FDI (annual),AC18,thousand_usd,2026-08-17,2026-10-10
fdi.country.m49_276,2023,29528515.299999999,usd,actual,numeric,source.geostat_fdi_by_countries,FDI (annual),AD18,thousand_usd,2026-08-17,2026-10-10
fdi.country.m49_276,2024,50924872.800000005,usd,actual,numeric,source.geostat_fdi_by_countries,FDI (annual),AE18,thousand_usd,2026-08-17,2026-10-10
fdi.country.m49_276,2025,73854776.700000002,usd,actual,numeric,source.geostat_fdi_by_countries,FDI (annual),AF18,thousand_usd,2026-08-17,2026-10-10
fdi.country.m49_292,1996,,usd,actual,not_applicable,source.geostat_fdi_by_countries,FDI (annual),C57,thousand_usd,2026-08-17,2026-10-10
fdi.country.m49_292,1997,,usd,actual,not_applicable,source.geostat_fdi_by_countries,FDI (annual),D57,thousand_usd,2026-08-17,2026-10-10
fdi.country.m49_292,1998,,usd,actual,not_applicable,source.geostat_fdi_by_countries,FDI (annual),E57,thousand_usd,2026-08-17,2026-10-10
fdi.country.m49_292,1999,,usd,actual,not_applicable,source.geostat_fdi_by_countries,FDI (annual),F57,thousand_usd,2026-08-17,2026-10-10
fdi.country.m49_292,2000,,usd,actual,not_applicable,source.geostat_fdi_by_countries,FDI (annual),G57,thousand_usd,2026-08-17,2026-10-10
fdi.country.m49_292,2001,,usd,actual,not_applicable,source.geostat_fdi_by_countries,FDI (annual),H57,thousand_usd,2026-08-17,2026-10-10
fdi.country.m49_292,2002,,usd,actual,not_applicable,source.geostat_fdi_by_countries,FDI (annual),I57,thousand_usd,2026-08-17,2026-10-10
fdi.country.m49_292,2003,115102.9863,usd,actual,numeric,source.geostat_fdi_by_countries,FDI (annual),J57,thousand_usd,2026-08-17,2026-10-10
fdi.country.m49_292,2004,,usd,actual,not_applicable,source.geostat_fdi_by_countries,FDI (annual),K57,thousand_usd,2026-08-17,2026-10-10
fdi.country.m49_292,2005,90174.558941000001,usd,actual,numeric,source.geostat_fdi_by_countries,FDI (annual),L57,thousand_usd,2026-08-17,2026-10-10
fdi.country.m49_292,2006,955374.07224000003,usd,actual,numeric,source.geostat_fdi_by_countries,FDI (annual),M57,thousand_usd,2026-08-17,2026-10-10
fdi.country.m49_292,2007,5619728.4164000002,usd,actual,numeric,source.geostat_fdi_by_countries,FDI (annual),N57,thousand_usd,2026-08-17,2026-10-10
fdi.country.m49_292,2008,5307015.0739000001,usd,actual,numeric,source.geostat_fdi_by_countries,FDI (annual),O57,thousand_usd,2026-08-17,2026-10-10
fdi.country.m49_292,2009,4088975.8000000002,usd,actual,numeric,source.geostat_fdi_by_countries,FDI (annual),P57,thousand_usd,2026-08-17,2026-10-10
fdi.country.m49_292,2010,986309.94812900099,usd,actual,numeric,source.geostat_fdi_by_countries,FDI (annual),Q57,thousand_usd,2026-08-17,2026-10-10
fdi.country.m49_292,2011,-802854.49999999992,usd,actual,numeric,source.geostat_fdi_by_countries,FDI (annual),R57,thousand_usd,2026-08-17,2026-10-10
fdi.country.m49_292,2012,-629969.69999999897,usd,actual,numeric,source.geostat_fdi_by_countries,FDI (annual),S57,thousand_usd,2026-08-17,2026-10-10
fdi.country.m49_292,2013,469052.1,usd,actual,numeric,source.geostat_fdi_by_countries,FDI (annual),T57,thousand_usd,2026-08-17,2026-10-10
fdi.country.m49_292,2014,545563.4,usd,actual,numeric,source.geostat_fdi_by_countries,FDI (annual),U57,thousand_usd,2026-08-17,2026-10-10
fdi.country.m49_292,2015,1285740.2999999999,usd,actual,numeric,source.geostat_fdi_by_countries,FDI (annual),V57,thousand_usd,2026-08-17,2026-10-10
fdi.country.m49_292,2016,479520.10000000007,usd,actual,numeric,source.geostat_fdi_by_countries,FDI (annual),W57,thousand_usd,2026-08-17,2026-10-10
fdi.country.m49_292,2017,1914347.6000000001,usd,actual,numeric,source.geostat_fdi_by_countries,FDI (annual),X57,thousand_usd,2026-08-17,2026-10-10
fdi.country.m49_292,2018,1042796,usd,actual,numeric,source.geostat_fdi_by_countries,FDI (annual),Y57,thousand_usd,2026-08-17,2026-10-10
fdi.country.m49_292,2019,1191536.4,usd,actual,numeric,source.geostat_fdi_by_countries,FDI (annual),Z57,thousand_usd,2026-08-17,2026-10-10
fdi.country.m49_292,2020,421114.30000000001,usd,actual,numeric,source.geostat_fdi_by_countries,FDI (annual),AA57,thousand_usd,2026-08-17,2026-10-10
fdi.country.m49_292,2021,-775642.5999999999,usd,actual,numeric,source.geostat_fdi_by_countries,FDI (annual),AB57,thousand_usd,2026-08-17,2026-10-10
fdi.country.m49_292,2022,-79156.399999999891,usd,actual,numeric,source.geostat_fdi_by_countries,FDI (annual),AC57,thousand_usd,2026-08-17,2026-10-10
fdi.country.m49_292,2023,114071.30000000001,usd,actual,numeric,source.geostat_fdi_by_countries,FDI (annual),AD57,thousand_usd,2026-08-17,2026-10-10
fdi.country.m49_292,2024,-242287.4000000001,usd,actual,numeric,source.geostat_fdi_by_countries,FDI (annual),AE57,thousand_usd,2026-08-17,2026-10-10
fdi.country.m49_292,2025,904725.00000000014,usd,actual,numeric,source.geostat_fdi_by_countries,FDI (annual),AF57,thousand_usd,2026-08-17,2026-10-10
fdi.country.m49_300,1996,,usd,actual,not_applicable,source.geostat_fdi_by_countries,FDI (annual),C19,thousand_usd,2026-08-17,2026-10-10
fdi.country.m49_300,1997,,usd,actual,not_applicable,source.geostat_fdi_by_countries,FDI (annual),D19,thousand_usd,2026-08-17,2026-10-10
fdi.country.m49_300,1998,2050653.9505999999,usd,actual,numeric,source.geostat_fdi_by_countries,FDI (annual),E19,thousand_usd,2026-08-17,2026-10-10
fdi.country.m49_300,1999,,usd,actual,not_applicable,source.geostat_fdi_by_countries,FDI (annual),F19,thousand_usd,2026-08-17,2026-10-10
fdi.country.m49_300,2000,,usd,actual,not_applicable,source.geostat_fdi_by_countries,FDI (annual),G19,thousand_usd,2026-08-17,2026-10-10
fdi.country.m49_300,2001,145876.61435000001,usd,actual,numeric,source.geostat_fdi_by_countries,FDI (annual),H19,thousand_usd,2026-08-17,2026-10-10
fdi.country.m49_300,2002,19424897.126,usd,actual,numeric,source.geostat_fdi_by_countries,FDI (annual),I19,thousand_usd,2026-08-17,2026-10-10
fdi.country.m49_300,2003,2434498.7219999998,usd,actual,numeric,source.geostat_fdi_by_countries,FDI (annual),J19,thousand_usd,2026-08-17,2026-10-10
fdi.country.m49_300,2004,2384062.1053,usd,actual,numeric,source.geostat_fdi_by_countries,FDI (annual),K19,thousand_usd,2026-08-17,2026-10-10
fdi.country.m49_300,2005,3054514.5955999997,usd,actual,numeric,source.geostat_fdi_by_countries,FDI (annual),L19,thousand_usd,2026-08-17,2026-10-10
fdi.country.m49_300,2006,2507411.0432000002,usd,actual,numeric,source.geostat_fdi_by_countries,FDI (annual),M19,thousand_usd,2026-08-17,2026-10-10
fdi.country.m49_300,2007,1023027.7838,usd,actual,numeric,source.geostat_fdi_by_countries,FDI (annual),N19,thousand_usd,2026-08-17,2026-10-10
fdi.country.m49_300,2008,-1850419.6589999999,usd,actual,numeric,source.geostat_fdi_by_countries,FDI (annual),O19,thousand_usd,2026-08-17,2026-10-10
fdi.country.m49_300,2009,1521622.9999999998,usd,actual,numeric,source.geostat_fdi_by_countries,FDI (annual),P19,thousand_usd,2026-08-17,2026-10-10
fdi.country.m49_300,2010,4485338.8000000004,usd,actual,numeric,source.geostat_fdi_by_countries,FDI (annual),Q19,thousand_usd,2026-08-17,2026-10-10
fdi.country.m49_300,2011,1184824.7000000001,usd,actual,numeric,source.geostat_fdi_by_countries,FDI (annual),R19,thousand_usd,2026-08-17,2026-10-10
fdi.country.m49_300,2012,177871.39999999994,usd,actual,numeric,source.geostat_fdi_by_countries,FDI (annual),S19,thousand_usd,2026-08-17,2026-10-10
fdi.country.m49_300,2013,-552647.16285940017,usd,actual,numeric,source.geostat_fdi_by_countries,FDI (annual),T19,thousand_usd,2026-08-17,2026-10-10
fdi.country.m49_300,2014,718641.68676509985,usd,actual,numeric,source.geostat_fdi_by_countries,FDI (annual),U19,thousand_usd,2026-08-17,2026-10-10
fdi.country.m49_300,2015,-1331770.8947709,usd,actual,numeric,source.geostat_fdi_by_countries,FDI (annual),V19,thousand_usd,2026-08-17,2026-10-10
fdi.country.m49_300,2016,-479061.50000000002,usd,actual,numeric,source.geostat_fdi_by_countries,FDI (annual),W19,thousand_usd,2026-08-17,2026-10-10
fdi.country.m49_300,2017,675719.80000000019,usd,actual,numeric,source.geostat_fdi_by_countries,FDI (annual),X19,thousand_usd,2026-08-17,2026-10-10
fdi.country.m49_300,2018,1971681.2999999997,usd,actual,numeric,source.geostat_fdi_by_countries,FDI (annual),Y19,thousand_usd,2026-08-17,2026-10-10
fdi.country.m49_300,2019,1313984.4999999998,usd,actual,numeric,source.geostat_fdi_by_countries,FDI (annual),Z19,thousand_usd,2026-08-17,2026-10-10
fdi.country.m49_300,2020,2935144.6000000005,usd,actual,numeric,source.geostat_fdi_by_countries,FDI (annual),AA19,thousand_usd,2026-08-17,2026-10-10
fdi.country.m49_300,2021,4983040.3000000006,usd,actual,numeric,source.geostat_fdi_by_countries,FDI (annual),AB19,thousand_usd,2026-08-17,2026-10-10
fdi.country.m49_300,2022,3209436.9999999999,usd,actual,numeric,source.geostat_fdi_by_countries,FDI (annual),AC19,thousand_usd,2026-08-17,2026-10-10
fdi.country.m49_300,2023,1163714.1000000017,usd,actual,numeric,source.geostat_fdi_by_countries,FDI (annual),AD19,thousand_usd,2026-08-17,2026-10-10
fdi.country.m49_300,2024,3991563.0000000001,usd,actual,numeric,source.geostat_fdi_by_countries,FDI (annual),AE19,thousand_usd,2026-08-17,2026-10-10
fdi.country.m49_300,2025,1470286.1000000003,usd,actual,numeric,source.geostat_fdi_by_countries,FDI (annual),AF19,thousand_usd,2026-08-17,2026-10-10
fdi.country.m49_344,1996,,usd,actual,not_applicable,source.geostat_fdi_by_countries,FDI (annual),C58,thousand_usd,2026-08-17,2026-10-10
fdi.country.m49_344,1997,,usd,actual,not_applicable,source.geostat_fdi_by_countries,FDI (annual),D58,thousand_usd,2026-08-17,2026-10-10
fdi.country.m49_344,1998,,usd,actual,not_applicable,source.geostat_fdi_by_countries,FDI (annual),E58,thousand_usd,2026-08-17,2026-10-10
fdi.country.m49_344,1999,,usd,actual,not_applicable,source.geostat_fdi_by_countries,FDI (annual),F58,thousand_usd,2026-08-17,2026-10-10
fdi.country.m49_344,2000,,usd,actual,not_applicable,source.geostat_fdi_by_countries,FDI (annual),G58,thousand_usd,2026-08-17,2026-10-10
fdi.country.m49_344,2001,,usd,actual,not_applicable,source.geostat_fdi_by_countries,FDI (annual),H58,thousand_usd,2026-08-17,2026-10-10
fdi.country.m49_344,2002,,usd,actual,not_applicable,source.geostat_fdi_by_countries,FDI (annual),I58,thousand_usd,2026-08-17,2026-10-10
fdi.country.m49_344,2003,,usd,actual,not_applicable,source.geostat_fdi_by_countries,FDI (annual),J58,thousand_usd,2026-08-17,2026-10-10
fdi.country.m49_344,2004,,usd,actual,not_applicable,source.geostat_fdi_by_countries,FDI (annual),K58,thousand_usd,2026-08-17,2026-10-10
fdi.country.m49_344,2005,,usd,actual,not_applicable,source.geostat_fdi_by_countries,FDI (annual),L58,thousand_usd,2026-08-17,2026-10-10
fdi.country.m49_344,2006,,usd,actual,not_applicable,source.geostat_fdi_by_countries,FDI (annual),M58,thousand_usd,2026-08-17,2026-10-10
fdi.country.m49_344,2007,,usd,actual,not_applicable,source.geostat_fdi_by_countries,FDI (annual),N58,thousand_usd,2026-08-17,2026-10-10
fdi.country.m49_344,2008,,usd,actual,not_applicable,source.geostat_fdi_by_countries,FDI (annual),O58,thousand_usd,2026-08-17,2026-10-10
fdi.country.m49_344,2009,,usd,actual,not_applicable,source.geostat_fdi_by_countries,FDI (annual),P58,thousand_usd,2026-08-17,2026-10-10
fdi.country.m49_344,2010,,usd,actual,not_applicable,source.geostat_fdi_by_countries,FDI (annual),Q58,thousand_usd,2026-08-17,2026-10-10
fdi.country.m49_344,2011,,usd,actual,not_applicable,source.geostat_fdi_by_countries,FDI (annual),R58,thousand_usd,2026-08-17,2026-10-10
fdi.country.m49_344,2012,,usd,actual,not_applicable,source.geostat_fdi_by_countries,FDI (annual),S58,thousand_usd,2026-08-17,2026-10-10
fdi.country.m49_344,2013,2190027.7000000001,usd,actual,numeric,source.geostat_fdi_by_countries,FDI (annual),T58,thousand_usd,2026-08-17,2026-10-10
fdi.country.m49_344,2014,-47877.599999999994,usd,actual,numeric,source.geostat_fdi_by_countries,FDI (annual),U58,thousand_usd,2026-08-17,2026-10-10
fdi.country.m49_344,2015,-193.59999999999999,usd,actual,numeric,source.geostat_fdi_by_countries,FDI (annual),V58,thousand_usd,2026-08-17,2026-10-10
fdi.country.m49_344,2016,4070141.0999999998,usd,actual,numeric,source.geostat_fdi_by_countries,FDI (annual),W58,thousand_usd,2026-08-17,2026-10-10
fdi.country.m49_344,2017,1577640.1000000003,usd,actual,numeric,source.geostat_fdi_by_countries,FDI (annual),X58,thousand_usd,2026-08-17,2026-10-10
fdi.country.m49_344,2018,4810811.9999999999,usd,actual,numeric,source.geostat_fdi_by_countries,FDI (annual),Y58,thousand_usd,2026-08-17,2026-10-10
fdi.country.m49_344,2019,-7595501.2000000015,usd,actual,numeric,source.geostat_fdi_by_countries,FDI (annual),Z58,thousand_usd,2026-08-17,2026-10-10
fdi.country.m49_344,2020,-2495184.1000000004,usd,actual,numeric,source.geostat_fdi_by_countries,FDI (annual),AA58,thousand_usd,2026-08-17,2026-10-10
fdi.country.m49_344,2021,3113889.9000000001,usd,actual,numeric,source.geostat_fdi_by_countries,FDI (annual),AB58,thousand_usd,2026-08-17,2026-10-10
fdi.country.m49_344,2022,4499990.4999999999,usd,actual,numeric,source.geostat_fdi_by_countries,FDI (annual),AC58,thousand_usd,2026-08-17,2026-10-10
fdi.country.m49_344,2023,4002576.9,usd,actual,numeric,source.geostat_fdi_by_countries,FDI (annual),AD58,thousand_usd,2026-08-17,2026-10-10
fdi.country.m49_344,2024,4707446.7999999997,usd,actual,numeric,source.geostat_fdi_by_countries,FDI (annual),AE58,thousand_usd,2026-08-17,2026-10-10
fdi.country.m49_344,2025,600311.40000000005,usd,actual,numeric,source.geostat_fdi_by_countries,FDI (annual),AF58,thousand_usd,2026-08-17,2026-10-10
fdi.country.m49_348,1996,,usd,actual,not_applicable,source.geostat_fdi_by_countries,FDI (annual),C20,thousand_usd,2026-08-17,2026-10-10
fdi.country.m49_348,1997,,usd,actual,not_applicable,source.geostat_fdi_by_countries,FDI (annual),D20,thousand_usd,2026-08-17,2026-10-10
fdi.country.m49_348,1998,,usd,actual,not_applicable,source.geostat_fdi_by_countries,FDI (annual),E20,thousand_usd,2026-08-17,2026-10-10
fdi.country.m49_348,1999,,usd,actual,not_applicable,source.geostat_fdi_by_countries,FDI (annual),F20,thousand_usd,2026-08-17,2026-10-10
fdi.country.m49_348,2000,,usd,actual,not_applicable,source.geostat_fdi_by_countries,FDI (annual),G20,thousand_usd,2026-08-17,2026-10-10
fdi.country.m49_348,2001,,usd,actual,not_applicable,source.geostat_fdi_by_countries,FDI (annual),H20,thousand_usd,2026-08-17,2026-10-10
fdi.country.m49_348,2002,,usd,actual,not_applicable,source.geostat_fdi_by_countries,FDI (annual),I20,thousand_usd,2026-08-17,2026-10-10
fdi.country.m49_348,2003,33853.8195,usd,actual,numeric,source.geostat_fdi_by_countries,FDI (annual),J20,thousand_usd,2026-08-17,2026-10-10
fdi.country.m49_348,2004,,usd,actual,not_applicable,source.geostat_fdi_by_countries,FDI (annual),K20,thousand_usd,2026-08-17,2026-10-10
fdi.country.m49_348,2005,327042.31566999999,usd,actual,numeric,source.geostat_fdi_by_countries,FDI (annual),L20,thousand_usd,2026-08-17,2026-10-10
fdi.country.m49_348,2006,314752.85391,usd,actual,numeric,source.geostat_fdi_by_countries,FDI (annual),M20,thousand_usd,2026-08-17,2026-10-10
fdi.country.m49_348,2007,922908.34999999993,usd,actual,numeric,source.geostat_fdi_by_countries,FDI (annual),N20,thousand_usd,2026-08-17,2026-10-10
fdi.country.m49_348,2008,1025315.8478,usd,actual,numeric,source.geostat_fdi_by_countries,FDI (annual),O20,thousand_usd,2026-08-17,2026-10-10
fdi.country.m49_348,2009,-46925.700000000006,usd,actual,numeric,source.geostat_fdi_by_countries,FDI (annual),P20,thousand_usd,2026-08-17,2026-10-10
fdi.country.m49_348,2010,,usd,actual,not_applicable,source.geostat_fdi_by_countries,FDI (annual),Q20,thousand_usd,2026-08-17,2026-10-10
fdi.country.m49_348,2011,,usd,actual,not_applicable,source.geostat_fdi_by_countries,FDI (annual),R20,thousand_usd,2026-08-17,2026-10-10
fdi.country.m49_348,2012,-32478.300000000004,usd,actual,numeric,source.geostat_fdi_by_countries,FDI (annual),S20,thousand_usd,2026-08-17,2026-10-10
fdi.country.m49_348,2013,-79503.299999999996,usd,actual,numeric,source.geostat_fdi_by_countries,FDI (annual),T20,thousand_usd,2026-08-17,2026-10-10
fdi.country.m49_348,2014,904509.00000000001,usd,actual,numeric,source.geostat_fdi_by_countries,FDI (annual),U20,thousand_usd,2026-08-17,2026-10-10
fdi.country.m49_348,2015,430471.59999999997,usd,actual,numeric,source.geostat_fdi_by_countries,FDI (annual),V20,thousand_usd,2026-08-17,2026-10-10
fdi.country.m49_348,2016,976839.69999999999,usd,actual,numeric,source.geostat_fdi_by_countries,FDI (annual),W20,thousand_usd,2026-08-17,2026-10-10
fdi.country.m49_348,2017,2105688.6,usd,actual,numeric,source.geostat_fdi_by_countries,FDI (annual),X20,thousand_usd,2026-08-17,2026-10-10
fdi.country.m49_348,2018,1465357.5000000001,usd,actual,numeric,source.geostat_fdi_by_countries,FDI (annual),Y20,thousand_usd,2026-08-17,2026-10-10
fdi.country.m49_348,2019,2735858.4999999998,usd,actual,numeric,source.geostat_fdi_by_countries,FDI (annual),Z20,thousand_usd,2026-08-17,2026-10-10
fdi.country.m49_348,2020,1368950.3999999999,usd,actual,numeric,source.geostat_fdi_by_countries,FDI (annual),AA20,thousand_usd,2026-08-17,2026-10-10
fdi.country.m49_348,2021,4786288.9999999998,usd,actual,numeric,source.geostat_fdi_by_countries,FDI (annual),AB20,thousand_usd,2026-08-17,2026-10-10
fdi.country.m49_348,2022,3333469.0000000001,usd,actual,numeric,source.geostat_fdi_by_countries,FDI (annual),AC20,thousand_usd,2026-08-17,2026-10-10
fdi.country.m49_348,2023,3381007.1000000003,usd,actual,numeric,source.geostat_fdi_by_countries,FDI (annual),AD20,thousand_usd,2026-08-17,2026-10-10
fdi.country.m49_348,2024,2327308.2999999997,usd,actual,numeric,source.geostat_fdi_by_countries,FDI (annual),AE20,thousand_usd,2026-08-17,2026-10-10
fdi.country.m49_348,2025,8351320.3000000012,usd,actual,numeric,source.geostat_fdi_by_countries,FDI (annual),AF20,thousand_usd,2026-08-17,2026-10-10
fdi.country.m49_352,1996,,usd,actual,not_applicable,source.geostat_fdi_by_countries,FDI (annual),C59,thousand_usd,2026-08-17,2026-10-10
fdi.country.m49_352,1997,,usd,actual,not_applicable,source.geostat_fdi_by_countries,FDI (annual),D59,thousand_usd,2026-08-17,2026-10-10
fdi.country.m49_352,1998,,usd,actual,not_applicable,source.geostat_fdi_by_countries,FDI (annual),E59,thousand_usd,2026-08-17,2026-10-10
fdi.country.m49_352,1999,,usd,actual,not_applicable,source.geostat_fdi_by_countries,FDI (annual),F59,thousand_usd,2026-08-17,2026-10-10
fdi.country.m49_352,2000,,usd,actual,not_applicable,source.geostat_fdi_by_countries,FDI (annual),G59,thousand_usd,2026-08-17,2026-10-10
fdi.country.m49_352,2001,,usd,actual,not_applicable,source.geostat_fdi_by_countries,FDI (annual),H59,thousand_usd,2026-08-17,2026-10-10
fdi.country.m49_352,2002,,usd,actual,not_applicable,source.geostat_fdi_by_countries,FDI (annual),I59,thousand_usd,2026-08-17,2026-10-10
fdi.country.m49_352,2003,,usd,actual,not_applicable,source.geostat_fdi_by_countries,FDI (annual),J59,thousand_usd,2026-08-17,2026-10-10
fdi.country.m49_352,2004,,usd,actual,not_applicable,source.geostat_fdi_by_countries,FDI (annual),K59,thousand_usd,2026-08-17,2026-10-10
fdi.country.m49_352,2005,,usd,actual,not_applicable,source.geostat_fdi_by_countries,FDI (annual),L59,thousand_usd,2026-08-17,2026-10-10
fdi.country.m49_352,2006,,usd,actual,not_applicable,source.geostat_fdi_by_countries,FDI (annual),M59,thousand_usd,2026-08-17,2026-10-10
fdi.country.m49_352,2007,181661.60995000001,usd,actual,numeric,source.geostat_fdi_by_countries,FDI (annual),N59,thousand_usd,2026-08-17,2026-10-10
fdi.country.m49_352,2008,,usd,actual,not_applicable,source.geostat_fdi_by_countries,FDI (annual),O59,thousand_usd,2026-08-17,2026-10-10
fdi.country.m49_352,2009,185066.10000000001,usd,actual,numeric,source.geostat_fdi_by_countries,FDI (annual),P59,thousand_usd,2026-08-17,2026-10-10
fdi.country.m49_352,2010,715833.00000000008,usd,actual,numeric,source.geostat_fdi_by_countries,FDI (annual),Q59,thousand_usd,2026-08-17,2026-10-10
fdi.country.m49_352,2011,117102.6,usd,actual,numeric,source.geostat_fdi_by_countries,FDI (annual),R59,thousand_usd,2026-08-17,2026-10-10
fdi.country.m49_352,2012,-62900.800000000004,usd,actual,numeric,source.geostat_fdi_by_countries,FDI (annual),S59,thousand_usd,2026-08-17,2026-10-10
fdi.country.m49_352,2013,124681.29999999999,usd,actual,numeric,source.geostat_fdi_by_countries,FDI (annual),T59,thousand_usd,2026-08-17,2026-10-10
fdi.country.m49_352,2014,262355.50000000001,usd,actual,numeric,source.geostat_fdi_by_countries,FDI (annual),U59,thousand_usd,2026-08-17,2026-10-10
fdi.country.m49_352,2015,-711378.00000000004,usd,actual,numeric,source.geostat_fdi_by_countries,FDI (annual),V59,thousand_usd,2026-08-17,2026-10-10
fdi.country.m49_352,2016,-331950.60000000001,usd,actual,numeric,source.geostat_fdi_by_countries,FDI (annual),W59,thousand_usd,2026-08-17,2026-10-10
fdi.country.m49_352,2017,-653148.69999999996,usd,actual,numeric,source.geostat_fdi_by_countries,FDI (annual),X59,thousand_usd,2026-08-17,2026-10-10
fdi.country.m49_352,2018,79243.600000000001,usd,actual,numeric,source.geostat_fdi_by_countries,FDI (annual),Y59,thousand_usd,2026-08-17,2026-10-10
fdi.country.m49_352,2019,-1452745.8000000004,usd,actual,numeric,source.geostat_fdi_by_countries,FDI (annual),Z59,thousand_usd,2026-08-17,2026-10-10
fdi.country.m49_352,2020,-20659.500000000001,usd,actual,numeric,source.geostat_fdi_by_countries,FDI (annual),AA59,thousand_usd,2026-08-17,2026-10-10
fdi.country.m49_352,2021,34789.099999999998,usd,actual,numeric,source.geostat_fdi_by_countries,FDI (annual),AB59,thousand_usd,2026-08-17,2026-10-10
fdi.country.m49_352,2022,27780.699999999996,usd,actual,numeric,source.geostat_fdi_by_countries,FDI (annual),AC59,thousand_usd,2026-08-17,2026-10-10
fdi.country.m49_352,2023,9488.1000000000011,usd,actual,numeric,source.geostat_fdi_by_countries,FDI (annual),AD59,thousand_usd,2026-08-17,2026-10-10
fdi.country.m49_352,2024,80702.700000000007,usd,actual,numeric,source.geostat_fdi_by_countries,FDI (annual),AE59,thousand_usd,2026-08-17,2026-10-10
fdi.country.m49_352,2025,57281.400000000005,usd,actual,numeric,source.geostat_fdi_by_countries,FDI (annual),AF59,thousand_usd,2026-08-17,2026-10-10
fdi.country.m49_356,1996,,usd,actual,not_applicable,source.geostat_fdi_by_countries,FDI (annual),C60,thousand_usd,2026-08-17,2026-10-10
fdi.country.m49_356,1997,,usd,actual,not_applicable,source.geostat_fdi_by_countries,FDI (annual),D60,thousand_usd,2026-08-17,2026-10-10
fdi.country.m49_356,1998,,usd,actual,not_applicable,source.geostat_fdi_by_countries,FDI (annual),E60,thousand_usd,2026-08-17,2026-10-10
fdi.country.m49_356,1999,821103.02838999996,usd,actual,numeric,source.geostat_fdi_by_countries,FDI (annual),F60,thousand_usd,2026-08-17,2026-10-10
fdi.country.m49_356,2000,,usd,actual,not_applicable,source.geostat_fdi_by_countries,FDI (annual),G60,thousand_usd,2026-08-17,2026-10-10
fdi.country.m49_356,2001,,usd,actual,not_applicable,source.geostat_fdi_by_countries,FDI (annual),H60,thousand_usd,2026-08-17,2026-10-10
fdi.country.m49_356,2002,,usd,actual,not_applicable,source.geostat_fdi_by_countries,FDI (annual),I60,thousand_usd,2026-08-17,2026-10-10
fdi.country.m49_356,2003,,usd,actual,not_applicable,source.geostat_fdi_by_countries,FDI (annual),J60,thousand_usd,2026-08-17,2026-10-10
fdi.country.m49_356,2004,,usd,actual,not_applicable,source.geostat_fdi_by_countries,FDI (annual),K60,thousand_usd,2026-08-17,2026-10-10
fdi.country.m49_356,2005,29028.381612,usd,actual,numeric,source.geostat_fdi_by_countries,FDI (annual),L60,thousand_usd,2026-08-17,2026-10-10
fdi.country.m49_356,2006,54933.841946000001,usd,actual,numeric,source.geostat_fdi_by_countries,FDI (annual),M60,thousand_usd,2026-08-17,2026-10-10
fdi.country.m49_356,2007,61941.818181999999,usd,actual,numeric,source.geostat_fdi_by_countries,FDI (annual),N60,thousand_usd,2026-08-17,2026-10-10
fdi.country.m49_356,2008,26998382.379999999,usd,actual,numeric,source.geostat_fdi_by_countries,FDI (annual),O60,thousand_usd,2026-08-17,2026-10-10
fdi.country.m49_356,2009,271061.10000000001,usd,actual,numeric,source.geostat_fdi_by_countries,FDI (annual),P60,thousand_usd,2026-08-17,2026-10-10
fdi.country.m49_356,2010,16886626.700000001,usd,actual,numeric,source.geostat_fdi_by_countries,FDI (annual),Q60,thousand_usd,2026-08-17,2026-10-10
fdi.country.m49_356,2011,16269903.100000003,usd,actual,numeric,source.geostat_fdi_by_countries,FDI (annual),R60,thousand_usd,2026-08-17,2026-10-10
fdi.country.m49_356,2012,5149667.7999999993,usd,actual,numeric,source.geostat_fdi_by_countries,FDI (annual),S60,thousand_usd,2026-08-17,2026-10-10
fdi.country.m49_356,2013,-12574154.899999998,usd,actual,numeric,source.geostat_fdi_by_countries,FDI (annual),T60,thousand_usd,2026-08-17,2026-10-10
fdi.country.m49_356,2014,249396.2999999998,usd,actual,numeric,source.geostat_fdi_by_countries,FDI (annual),U60,thousand_usd,2026-08-17,2026-10-10
fdi.country.m49_356,2015,532309.49999999996,usd,actual,numeric,source.geostat_fdi_by_countries,FDI (annual),V60,thousand_usd,2026-08-17,2026-10-10
fdi.country.m49_356,2016,-857776.0999999997,usd,actual,numeric,source.geostat_fdi_by_countries,FDI (annual),W60,thousand_usd,2026-08-17,2026-10-10
fdi.country.m49_356,2017,9314927.7000000002,usd,actual,numeric,source.geostat_fdi_by_countries,FDI (annual),X60,thousand_usd,2026-08-17,2026-10-10
fdi.country.m49_356,2018,3006992.0000000002,usd,actual,numeric,source.geostat_fdi_by_countries,FDI (annual),Y60,thousand_usd,2026-08-17,2026-10-10
fdi.country.m49_356,2019,7498277.399999999,usd,actual,numeric,source.geostat_fdi_by_countries,FDI (annual),Z60,thousand_usd,2026-08-17,2026-10-10
fdi.country.m49_356,2020,4112137.6,usd,actual,numeric,source.geostat_fdi_by_countries,FDI (annual),AA60,thousand_usd,2026-08-17,2026-10-10
fdi.country.m49_356,2021,7046157.3000000008,usd,actual,numeric,source.geostat_fdi_by_countries,FDI (annual),AB60,thousand_usd,2026-08-17,2026-10-10
fdi.country.m49_356,2022,163362.69999999911,usd,actual,numeric,source.geostat_fdi_by_countries,FDI (annual),AC60,thousand_usd,2026-08-17,2026-10-10
fdi.country.m49_356,2023,8727131.6999999999,usd,actual,numeric,source.geostat_fdi_by_countries,FDI (annual),AD60,thousand_usd,2026-08-17,2026-10-10
fdi.country.m49_356,2024,-1419466.3000000028,usd,actual,numeric,source.geostat_fdi_by_countries,FDI (annual),AE60,thousand_usd,2026-08-17,2026-10-10
fdi.country.m49_356,2025,7586368.1999999999,usd,actual,numeric,source.geostat_fdi_by_countries,FDI (annual),AF60,thousand_usd,2026-08-17,2026-10-10
fdi.country.m49_364,1996,,usd,actual,not_applicable,source.geostat_fdi_by_countries,FDI (annual),C61,thousand_usd,2026-08-17,2026-10-10
fdi.country.m49_364,1997,,usd,actual,not_applicable,source.geostat_fdi_by_countries,FDI (annual),D61,thousand_usd,2026-08-17,2026-10-10
fdi.country.m49_364,1998,,usd,actual,not_applicable,source.geostat_fdi_by_countries,FDI (annual),E61,thousand_usd,2026-08-17,2026-10-10
fdi.country.m49_364,1999,,usd,actual,not_applicable,source.geostat_fdi_by_countries,FDI (annual),F61,thousand_usd,2026-08-17,2026-10-10
fdi.country.m49_364,2000,,usd,actual,not_applicable,source.geostat_fdi_by_countries,FDI (annual),G61,thousand_usd,2026-08-17,2026-10-10
fdi.country.m49_364,2001,,usd,actual,not_applicable,source.geostat_fdi_by_countries,FDI (annual),H61,thousand_usd,2026-08-17,2026-10-10
fdi.country.m49_364,2002,,usd,actual,not_applicable,source.geostat_fdi_by_countries,FDI (annual),I61,thousand_usd,2026-08-17,2026-10-10
fdi.country.m49_364,2003,,usd,actual,not_applicable,source.geostat_fdi_by_countries,FDI (annual),J61,thousand_usd,2026-08-17,2026-10-10
fdi.country.m49_364,2004,,usd,actual,not_applicable,source.geostat_fdi_by_countries,FDI (annual),K61,thousand_usd,2026-08-17,2026-10-10
fdi.country.m49_364,2005,,usd,actual,not_applicable,source.geostat_fdi_by_countries,FDI (annual),L61,thousand_usd,2026-08-17,2026-10-10
fdi.country.m49_364,2006,42887.938312999999,usd,actual,numeric,source.geostat_fdi_by_countries,FDI (annual),M61,thousand_usd,2026-08-17,2026-10-10
fdi.country.m49_364,2007,108272.82939,usd,actual,numeric,source.geostat_fdi_by_countries,FDI (annual),N61,thousand_usd,2026-08-17,2026-10-10
fdi.country.m49_364,2008,1448504.9907,usd,actual,numeric,source.geostat_fdi_by_countries,FDI (annual),O61,thousand_usd,2026-08-17,2026-10-10
fdi.country.m49_364,2009,1188081.4,usd,actual,numeric,source.geostat_fdi_by_countries,FDI (annual),P61,thousand_usd,2026-08-17,2026-10-10
fdi.country.m49_364,2010,1083857.9,usd,actual,numeric,source.geostat_fdi_by_countries,FDI (annual),Q61,thousand_usd,2026-08-17,2026-10-10
fdi.country.m49_364,2011,1059116.7,usd,actual,numeric,source.geostat_fdi_by_countries,FDI (annual),R61,thousand_usd,2026-08-17,2026-10-10
fdi.country.m49_364,2012,3131202.3677999996,usd,actual,numeric,source.geostat_fdi_by_countries,FDI (annual),S61,thousand_usd,2026-08-17,2026-10-10
fdi.country.m49_364,2013,6990960.0999999993,usd,actual,numeric,source.geostat_fdi_by_countries,FDI (annual),T61,thousand_usd,2026-08-17,2026-10-10
fdi.country.m49_364,2014,2136654.5999999998,usd,actual,numeric,source.geostat_fdi_by_countries,FDI (annual),U61,thousand_usd,2026-08-17,2026-10-10
fdi.country.m49_364,2015,536506.80000000011,usd,actual,numeric,source.geostat_fdi_by_countries,FDI (annual),V61,thousand_usd,2026-08-17,2026-10-10
fdi.country.m49_364,2016,3332590.2000000006,usd,actual,numeric,source.geostat_fdi_by_countries,FDI (annual),W61,thousand_usd,2026-08-17,2026-10-10
fdi.country.m49_364,2017,5507009.9999999993,usd,actual,numeric,source.geostat_fdi_by_countries,FDI (annual),X61,thousand_usd,2026-08-17,2026-10-10
fdi.country.m49_364,2018,8232590.400000001,usd,actual,numeric,source.geostat_fdi_by_countries,FDI (annual),Y61,thousand_usd,2026-08-17,2026-10-10
fdi.country.m49_364,2019,3648420.6000000013,usd,actual,numeric,source.geostat_fdi_by_countries,FDI (annual),Z61,thousand_usd,2026-08-17,2026-10-10
fdi.country.m49_364,2020,1681950.5000000001,usd,actual,numeric,source.geostat_fdi_by_countries,FDI (annual),AA61,thousand_usd,2026-08-17,2026-10-10
fdi.country.m49_364,2021,1213088.6000000005,usd,actual,numeric,source.geostat_fdi_by_countries,FDI (annual),AB61,thousand_usd,2026-08-17,2026-10-10
fdi.country.m49_364,2022,5432689.0000000003,usd,actual,numeric,source.geostat_fdi_by_countries,FDI (annual),AC61,thousand_usd,2026-08-17,2026-10-10
fdi.country.m49_364,2023,2350199.2000000009,usd,actual,numeric,source.geostat_fdi_by_countries,FDI (annual),AD61,thousand_usd,2026-08-17,2026-10-10
fdi.country.m49_364,2024,-637594.40000000097,usd,actual,numeric,source.geostat_fdi_by_countries,FDI (annual),AE61,thousand_usd,2026-08-17,2026-10-10
fdi.country.m49_364,2025,1517142.2000000005,usd,actual,numeric,source.geostat_fdi_by_countries,FDI (annual),AF61,thousand_usd,2026-08-17,2026-10-10
fdi.country.m49_368,1996,,usd,actual,not_applicable,source.geostat_fdi_by_countries,FDI (annual),C62,thousand_usd,2026-08-17,2026-10-10
fdi.country.m49_368,1997,,usd,actual,not_applicable,source.geostat_fdi_by_countries,FDI (annual),D62,thousand_usd,2026-08-17,2026-10-10
fdi.country.m49_368,1998,,usd,actual,not_applicable,source.geostat_fdi_by_countries,FDI (annual),E62,thousand_usd,2026-08-17,2026-10-10
fdi.country.m49_368,1999,,usd,actual,not_applicable,source.geostat_fdi_by_countries,FDI (annual),F62,thousand_usd,2026-08-17,2026-10-10
fdi.country.m49_368,2000,,usd,actual,not_applicable,source.geostat_fdi_by_countries,FDI (annual),G62,thousand_usd,2026-08-17,2026-10-10
fdi.country.m49_368,2001,,usd,actual,not_applicable,source.geostat_fdi_by_countries,FDI (annual),H62,thousand_usd,2026-08-17,2026-10-10
fdi.country.m49_368,2002,,usd,actual,not_applicable,source.geostat_fdi_by_countries,FDI (annual),I62,thousand_usd,2026-08-17,2026-10-10
fdi.country.m49_368,2003,,usd,actual,not_applicable,source.geostat_fdi_by_countries,FDI (annual),J62,thousand_usd,2026-08-17,2026-10-10
fdi.country.m49_368,2004,,usd,actual,not_applicable,source.geostat_fdi_by_countries,FDI (annual),K62,thousand_usd,2026-08-17,2026-10-10
fdi.country.m49_368,2005,,usd,actual,not_applicable,source.geostat_fdi_by_countries,FDI (annual),L62,thousand_usd,2026-08-17,2026-10-10
fdi.country.m49_368,2006,1322.4597752,usd,actual,numeric,source.geostat_fdi_by_countries,FDI (annual),M62,thousand_usd,2026-08-17,2026-10-10
fdi.country.m49_368,2007,35375.671885999999,usd,actual,numeric,source.geostat_fdi_by_countries,FDI (annual),N62,thousand_usd,2026-08-17,2026-10-10
fdi.country.m49_368,2008,,usd,actual,not_applicable,source.geostat_fdi_by_countries,FDI (annual),O62,thousand_usd,2026-08-17,2026-10-10
fdi.country.m49_368,2009,,usd,actual,not_applicable,source.geostat_fdi_by_countries,FDI (annual),P62,thousand_usd,2026-08-17,2026-10-10
fdi.country.m49_368,2010,,usd,actual,not_applicable,source.geostat_fdi_by_countries,FDI (annual),Q62,thousand_usd,2026-08-17,2026-10-10
fdi.country.m49_368,2011,,usd,actual,not_applicable,source.geostat_fdi_by_countries,FDI (annual),R62,thousand_usd,2026-08-17,2026-10-10
fdi.country.m49_368,2012,,usd,actual,not_applicable,source.geostat_fdi_by_countries,FDI (annual),S62,thousand_usd,2026-08-17,2026-10-10
fdi.country.m49_368,2013,-1471.5,usd,actual,numeric,source.geostat_fdi_by_countries,FDI (annual),T62,thousand_usd,2026-08-17,2026-10-10
fdi.country.m49_368,2014,-27255.600000000001,usd,actual,numeric,source.geostat_fdi_by_countries,FDI (annual),U62,thousand_usd,2026-08-17,2026-10-10
fdi.country.m49_368,2015,141.80000000000018,usd,actual,numeric,source.geostat_fdi_by_countries,FDI (annual),V62,thousand_usd,2026-08-17,2026-10-10
fdi.country.m49_368,2016,210778.19999999991,usd,actual,numeric,source.geostat_fdi_by_countries,FDI (annual),W62,thousand_usd,2026-08-17,2026-10-10
fdi.country.m49_368,2017,540754.00000000002,usd,actual,numeric,source.geostat_fdi_by_countries,FDI (annual),X62,thousand_usd,2026-08-17,2026-10-10
fdi.country.m49_368,2018,-6664491.0999999993,usd,actual,numeric,source.geostat_fdi_by_countries,FDI (annual),Y62,thousand_usd,2026-08-17,2026-10-10
fdi.country.m49_368,2019,-13025869.599999998,usd,actual,numeric,source.geostat_fdi_by_countries,FDI (annual),Z62,thousand_usd,2026-08-17,2026-10-10
fdi.country.m49_368,2020,17996031.200000001,usd,actual,numeric,source.geostat_fdi_by_countries,FDI (annual),AA62,thousand_usd,2026-08-17,2026-10-10
fdi.country.m49_368,2021,10940358.6,usd,actual,numeric,source.geostat_fdi_by_countries,FDI (annual),AB62,thousand_usd,2026-08-17,2026-10-10
fdi.country.m49_368,2022,-6317165,usd,actual,numeric,source.geostat_fdi_by_countries,FDI (annual),AC62,thousand_usd,2026-08-17,2026-10-10
fdi.country.m49_368,2023,-7768482.0000000009,usd,actual,numeric,source.geostat_fdi_by_countries,FDI (annual),AD62,thousand_usd,2026-08-17,2026-10-10
fdi.country.m49_368,2024,-3957286.9999999998,usd,actual,numeric,source.geostat_fdi_by_countries,FDI (annual),AE62,thousand_usd,2026-08-17,2026-10-10
fdi.country.m49_368,2025,-4139748.7000000001,usd,actual,numeric,source.geostat_fdi_by_countries,FDI (annual),AF62,thousand_usd,2026-08-17,2026-10-10
fdi.country.m49_372,1996,,usd,actual,not_applicable,source.geostat_fdi_by_countries,FDI (annual),C21,thousand_usd,2026-08-17,2026-10-10
fdi.country.m49_372,1997,38665.291697000001,usd,actual,numeric,source.geostat_fdi_by_countries,FDI (annual),D21,thousand_usd,2026-08-17,2026-10-10
fdi.country.m49_372,1998,39055.115870999998,usd,actual,numeric,source.geostat_fdi_by_countries,FDI (annual),E21,thousand_usd,2026-08-17,2026-10-10
fdi.country.m49_372,1999,228429.92846000001,usd,actual,numeric,source.geostat_fdi_by_countries,FDI (annual),F21,thousand_usd,2026-08-17,2026-10-10
fdi.country.m49_372,2000,14082859.544000001,usd,actual,numeric,source.geostat_fdi_by_countries,FDI (annual),G21,thousand_usd,2026-08-17,2026-10-10
fdi.country.m49_372,2001,,usd,actual,not_applicable,source.geostat_fdi_by_countries,FDI (annual),H21,thousand_usd,2026-08-17,2026-10-10
fdi.country.m49_372,2002,37273.765058000002,usd,actual,numeric,source.geostat_fdi_by_countries,FDI (annual),I21,thousand_usd,2026-08-17,2026-10-10
fdi.country.m49_372,2003,37465.603072,usd,actual,numeric,source.geostat_fdi_by_countries,FDI (annual),J21,thousand_usd,2026-08-17,2026-10-10
fdi.country.m49_372,2004,41486.357515999998,usd,actual,numeric,source.geostat_fdi_by_countries,FDI (annual),K21,thousand_usd,2026-08-17,2026-10-10
fdi.country.m49_372,2005,798168.92012000005,usd,actual,numeric,source.geostat_fdi_by_countries,FDI (annual),L21,thousand_usd,2026-08-17,2026-10-10
fdi.country.m49_372,2006,1058995.6843,usd,actual,numeric,source.geostat_fdi_by_countries,FDI (annual),M21,thousand_usd,2026-08-17,2026-10-10
fdi.country.m49_372,2007,-1663155.3395000001,usd,actual,numeric,source.geostat_fdi_by_countries,FDI (annual),N21,thousand_usd,2026-08-17,2026-10-10
fdi.country.m49_372,2008,223545.8792,usd,actual,numeric,source.geostat_fdi_by_countries,FDI (annual),O21,thousand_usd,2026-08-17,2026-10-10
fdi.country.m49_372,2009,64624.900000000011,usd,actual,numeric,source.geostat_fdi_by_countries,FDI (annual),P21,thousand_usd,2026-08-17,2026-10-10
fdi.country.m49_372,2010,316185.20000000001,usd,actual,numeric,source.geostat_fdi_by_countries,FDI (annual),Q21,thousand_usd,2026-08-17,2026-10-10
fdi.country.m49_372,2011,278502.7,usd,actual,numeric,source.geostat_fdi_by_countries,FDI (annual),R21,thousand_usd,2026-08-17,2026-10-10
fdi.country.m49_372,2012,206514.29999999999,usd,actual,numeric,source.geostat_fdi_by_countries,FDI (annual),S21,thousand_usd,2026-08-17,2026-10-10
fdi.country.m49_372,2013,733655.2999999999,usd,actual,numeric,source.geostat_fdi_by_countries,FDI (annual),T21,thousand_usd,2026-08-17,2026-10-10
fdi.country.m49_372,2014,1058041.2999999999,usd,actual,numeric,source.geostat_fdi_by_countries,FDI (annual),U21,thousand_usd,2026-08-17,2026-10-10
fdi.country.m49_372,2015,807828.39999999999,usd,actual,numeric,source.geostat_fdi_by_countries,FDI (annual),V21,thousand_usd,2026-08-17,2026-10-10
fdi.country.m49_372,2016,-350642.40000000001,usd,actual,numeric,source.geostat_fdi_by_countries,FDI (annual),W21,thousand_usd,2026-08-17,2026-10-10
fdi.country.m49_372,2017,190496.89999999998,usd,actual,numeric,source.geostat_fdi_by_countries,FDI (annual),X21,thousand_usd,2026-08-17,2026-10-10
fdi.country.m49_372,2018,3157711.4999999999,usd,actual,numeric,source.geostat_fdi_by_countries,FDI (annual),Y21,thousand_usd,2026-08-17,2026-10-10
fdi.country.m49_372,2019,-385746.90000000021,usd,actual,numeric,source.geostat_fdi_by_countries,FDI (annual),Z21,thousand_usd,2026-08-17,2026-10-10
fdi.country.m49_372,2020,195059.90000000003,usd,actual,numeric,source.geostat_fdi_by_countries,FDI (annual),AA21,thousand_usd,2026-08-17,2026-10-10
fdi.country.m49_372,2021,1078472.8,usd,actual,numeric,source.geostat_fdi_by_countries,FDI (annual),AB21,thousand_usd,2026-08-17,2026-10-10
fdi.country.m49_372,2022,568949.29999999999,usd,actual,numeric,source.geostat_fdi_by_countries,FDI (annual),AC21,thousand_usd,2026-08-17,2026-10-10
fdi.country.m49_372,2023,-378012.50000000005,usd,actual,numeric,source.geostat_fdi_by_countries,FDI (annual),AD21,thousand_usd,2026-08-17,2026-10-10
fdi.country.m49_372,2024,479096.90000000006,usd,actual,numeric,source.geostat_fdi_by_countries,FDI (annual),AE21,thousand_usd,2026-08-17,2026-10-10
fdi.country.m49_372,2025,1322738.1000000003,usd,actual,numeric,source.geostat_fdi_by_countries,FDI (annual),AF21,thousand_usd,2026-08-17,2026-10-10
fdi.country.m49_376,1996,,usd,actual,not_applicable,source.geostat_fdi_by_countries,FDI (annual),C63,thousand_usd,2026-08-17,2026-10-10
fdi.country.m49_376,1997,,usd,actual,not_applicable,source.geostat_fdi_by_countries,FDI (annual),D63,thousand_usd,2026-08-17,2026-10-10
fdi.country.m49_376,1998,,usd,actual,not_applicable,source.geostat_fdi_by_countries,FDI (annual),E63,thousand_usd,2026-08-17,2026-10-10
fdi.country.m49_376,1999,,usd,actual,not_applicable,source.geostat_fdi_by_countries,FDI (annual),F63,thousand_usd,2026-08-17,2026-10-10
fdi.country.m49_376,2000,,usd,actual,not_applicable,source.geostat_fdi_by_countries,FDI (annual),G63,thousand_usd,2026-08-17,2026-10-10
fdi.country.m49_376,2001,152849.44720999999,usd,actual,numeric,source.geostat_fdi_by_countries,FDI (annual),H63,thousand_usd,2026-08-17,2026-10-10
fdi.country.m49_376,2002,4321567.9590999998,usd,actual,numeric,source.geostat_fdi_by_countries,FDI (annual),I63,thousand_usd,2026-08-17,2026-10-10
fdi.country.m49_376,2003,487052.83994000001,usd,actual,numeric,source.geostat_fdi_by_countries,FDI (annual),J63,thousand_usd,2026-08-17,2026-10-10
fdi.country.m49_376,2004,539322.64770999996,usd,actual,numeric,source.geostat_fdi_by_countries,FDI (annual),K63,thousand_usd,2026-08-17,2026-10-10
fdi.country.m49_376,2005,1704083.1215999999,usd,actual,numeric,source.geostat_fdi_by_countries,FDI (annual),L63,thousand_usd,2026-08-17,2026-10-10
fdi.country.m49_376,2006,4084207.7205000001,usd,actual,numeric,source.geostat_fdi_by_countries,FDI (annual),M63,thousand_usd,2026-08-17,2026-10-10
fdi.country.m49_376,2007,8640958.4799000004,usd,actual,numeric,source.geostat_fdi_by_countries,FDI (annual),N63,thousand_usd,2026-08-17,2026-10-10
fdi.country.m49_376,2008,-2047657.6677,usd,actual,numeric,source.geostat_fdi_by_countries,FDI (annual),O63,thousand_usd,2026-08-17,2026-10-10
fdi.country.m49_376,2009,1230011,usd,actual,numeric,source.geostat_fdi_by_countries,FDI (annual),P63,thousand_usd,2026-08-17,2026-10-10
fdi.country.m49_376,2010,7954441.6999999994,usd,actual,numeric,source.geostat_fdi_by_countries,FDI (annual),Q63,thousand_usd,2026-08-17,2026-10-10
fdi.country.m49_376,2011,7566207.1999999998,usd,actual,numeric,source.geostat_fdi_by_countries,FDI (annual),R63,thousand_usd,2026-08-17,2026-10-10
fdi.country.m49_376,2012,10327364.799999999,usd,actual,numeric,source.geostat_fdi_by_countries,FDI (annual),S63,thousand_usd,2026-08-17,2026-10-10
fdi.country.m49_376,2013,9146598.3268346008,usd,actual,numeric,source.geostat_fdi_by_countries,FDI (annual),T63,thousand_usd,2026-08-17,2026-10-10
fdi.country.m49_376,2014,20048148.137939799,usd,actual,numeric,source.geostat_fdi_by_countries,FDI (annual),U63,thousand_usd,2026-08-17,2026-10-10
fdi.country.m49_376,2015,37661797.905944608,usd,actual,numeric,source.geostat_fdi_by_countries,FDI (annual),V63,thousand_usd,2026-08-17,2026-10-10
fdi.country.m49_376,2016,2536244.7000000006,usd,actual,numeric,source.geostat_fdi_by_countries,FDI (annual),W63,thousand_usd,2026-08-17,2026-10-10
fdi.country.m49_376,2017,6737870.0999999992,usd,actual,numeric,source.geostat_fdi_by_countries,FDI (annual),X63,thousand_usd,2026-08-17,2026-10-10
fdi.country.m49_376,2018,47936.700000001565,usd,actual,numeric,source.geostat_fdi_by_countries,FDI (annual),Y63,thousand_usd,2026-08-17,2026-10-10
fdi.country.m49_376,2019,25515763.499999994,usd,actual,numeric,source.geostat_fdi_by_countries,FDI (annual),Z63,thousand_usd,2026-08-17,2026-10-10
fdi.country.m49_376,2020,13272011.299999998,usd,actual,numeric,source.geostat_fdi_by_countries,FDI (annual),AA63,thousand_usd,2026-08-17,2026-10-10
fdi.country.m49_376,2021,28134808.299999997,usd,actual,numeric,source.geostat_fdi_by_countries,FDI (annual),AB63,thousand_usd,2026-08-17,2026-10-10
fdi.country.m49_376,2022,36560517.100000005,usd,actual,numeric,source.geostat_fdi_by_countries,FDI (annual),AC63,thousand_usd,2026-08-17,2026-10-10
fdi.country.m49_376,2023,25344394.99999999,usd,actual,numeric,source.geostat_fdi_by_countries,FDI (annual),AD63,thousand_usd,2026-08-17,2026-10-10
fdi.country.m49_376,2024,59798961.00000001,usd,actual,numeric,source.geostat_fdi_by_countries,FDI (annual),AE63,thousand_usd,2026-08-17,2026-10-10
fdi.country.m49_376,2025,145119100.10000001,usd,actual,numeric,source.geostat_fdi_by_countries,FDI (annual),AF63,thousand_usd,2026-08-17,2026-10-10
fdi.country.m49_380,1996,,usd,actual,not_applicable,source.geostat_fdi_by_countries,FDI (annual),C22,thousand_usd,2026-08-17,2026-10-10
fdi.country.m49_380,1997,,usd,actual,not_applicable,source.geostat_fdi_by_countries,FDI (annual),D22,thousand_usd,2026-08-17,2026-10-10
fdi.country.m49_380,1998,,usd,actual,not_applicable,source.geostat_fdi_by_countries,FDI (annual),E22,thousand_usd,2026-08-17,2026-10-10
fdi.country.m49_380,1999,127259.56782,usd,actual,numeric,source.geostat_fdi_by_countries,FDI (annual),F22,thousand_usd,2026-08-17,2026-10-10
fdi.country.m49_380,2000,2971641.8604,usd,actual,numeric,source.geostat_fdi_by_countries,FDI (annual),G22,thousand_usd,2026-08-17,2026-10-10
fdi.country.m49_380,2001,6975787.0210000001,usd,actual,numeric,source.geostat_fdi_by_countries,FDI (annual),H22,thousand_usd,2026-08-17,2026-10-10
fdi.country.m49_380,2002,9163074.2363999998,usd,actual,numeric,source.geostat_fdi_by_countries,FDI (annual),I22,thousand_usd,2026-08-17,2026-10-10
fdi.country.m49_380,2003,15194558.303999998,usd,actual,numeric,source.geostat_fdi_by_countries,FDI (annual),J22,thousand_usd,2026-08-17,2026-10-10
fdi.country.m49_380,2004,31751867.512000001,usd,actual,numeric,source.geostat_fdi_by_countries,FDI (annual),K22,thousand_usd,2026-08-17,2026-10-10
fdi.country.m49_380,2005,22132379.19,usd,actual,numeric,source.geostat_fdi_by_countries,FDI (annual),L22,thousand_usd,2026-08-17,2026-10-10
fdi.country.m49_380,2006,57511738.112000006,usd,actual,numeric,source.geostat_fdi_by_countries,FDI (annual),M22,thousand_usd,2026-08-17,2026-10-10
fdi.country.m49_380,2007,7645624.8969999997,usd,actual,numeric,source.geostat_fdi_by_countries,FDI (annual),N22,thousand_usd,2026-08-17,2026-10-10
fdi.country.m49_380,2008,5762381.466201412,usd,actual,numeric,source.geostat_fdi_by_countries,FDI (annual),O22,thousand_usd,2026-08-17,2026-10-10
fdi.country.m49_380,2009,1733205.5587600005,usd,actual,numeric,source.geostat_fdi_by_countries,FDI (annual),P22,thousand_usd,2026-08-17,2026-10-10
fdi.country.m49_380,2010,5140774.3,usd,actual,numeric,source.geostat_fdi_by_countries,FDI (annual),Q22,thousand_usd,2026-08-17,2026-10-10
fdi.country.m49_380,2011,-5233318.2999999999,usd,actual,numeric,source.geostat_fdi_by_countries,FDI (annual),R22,thousand_usd,2026-08-17,2026-10-10
fdi.country.m49_380,2012,529208.69999999991,usd,actual,numeric,source.geostat_fdi_by_countries,FDI (annual),S22,thousand_usd,2026-08-17,2026-10-10
fdi.country.m49_380,2013,-141652.56988219991,usd,actual,numeric,source.geostat_fdi_by_countries,FDI (annual),T22,thousand_usd,2026-08-17,2026-10-10
fdi.country.m49_380,2014,3850893.0846965,usd,actual,numeric,source.geostat_fdi_by_countries,FDI (annual),U22,thousand_usd,2026-08-17,2026-10-10
fdi.country.m49_380,2015,-4159758.4742020999,usd,actual,numeric,source.geostat_fdi_by_countries,FDI (annual),V22,thousand_usd,2026-08-17,2026-10-10
fdi.country.m49_380,2016,-3001189.3999999993,usd,actual,numeric,source.geostat_fdi_by_countries,FDI (annual),W22,thousand_usd,2026-08-17,2026-10-10
fdi.country.m49_380,2017,8260900.700000002,usd,actual,numeric,source.geostat_fdi_by_countries,FDI (annual),X22,thousand_usd,2026-08-17,2026-10-10
fdi.country.m49_380,2018,-3624624.7000000003,usd,actual,numeric,source.geostat_fdi_by_countries,FDI (annual),Y22,thousand_usd,2026-08-17,2026-10-10
fdi.country.m49_380,2019,-931518.50000000002,usd,actual,numeric,source.geostat_fdi_by_countries,FDI (annual),Z22,thousand_usd,2026-08-17,2026-10-10
fdi.country.m49_380,2020,-272838.79999999999,usd,actual,numeric,source.geostat_fdi_by_countries,FDI (annual),AA22,thousand_usd,2026-08-17,2026-10-10
fdi.country.m49_380,2021,2729639.7999999999,usd,actual,numeric,source.geostat_fdi_by_countries,FDI (annual),AB22,thousand_usd,2026-08-17,2026-10-10
fdi.country.m49_380,2022,4091343.0999999996,usd,actual,numeric,source.geostat_fdi_by_countries,FDI (annual),AC22,thousand_usd,2026-08-17,2026-10-10
fdi.country.m49_380,2023,-4522033.5999999988,usd,actual,numeric,source.geostat_fdi_by_countries,FDI (annual),AD22,thousand_usd,2026-08-17,2026-10-10
fdi.country.m49_380,2024,2182907.7000000007,usd,actual,numeric,source.geostat_fdi_by_countries,FDI (annual),AE22,thousand_usd,2026-08-17,2026-10-10
fdi.country.m49_380,2025,3013675.0000000002,usd,actual,numeric,source.geostat_fdi_by_countries,FDI (annual),AF22,thousand_usd,2026-08-17,2026-10-10
fdi.country.m49_392,1996,,usd,actual,not_applicable,source.geostat_fdi_by_countries,FDI (annual),C64,thousand_usd,2026-08-17,2026-10-10
fdi.country.m49_392,1997,5026487.9205999996,usd,actual,numeric,source.geostat_fdi_by_countries,FDI (annual),D64,thousand_usd,2026-08-17,2026-10-10
fdi.country.m49_392,1998,5077165.0632000001,usd,actual,numeric,source.geostat_fdi_by_countries,FDI (annual),E64,thousand_usd,2026-08-17,2026-10-10
fdi.country.m49_392,1999,,usd,actual,not_applicable,source.geostat_fdi_by_countries,FDI (annual),F64,thousand_usd,2026-08-17,2026-10-10
fdi.country.m49_392,2000,,usd,actual,not_applicable,source.geostat_fdi_by_countries,FDI (annual),G64,thousand_usd,2026-08-17,2026-10-10
fdi.country.m49_392,2001,,usd,actual,not_applicable,source.geostat_fdi_by_countries,FDI (annual),H64,thousand_usd,2026-08-17,2026-10-10
fdi.country.m49_392,2002,,usd,actual,not_applicable,source.geostat_fdi_by_countries,FDI (annual),I64,thousand_usd,2026-08-17,2026-10-10
fdi.country.m49_392,2003,8617742.2396999991,usd,actual,numeric,source.geostat_fdi_by_countries,FDI (annual),J64,thousand_usd,2026-08-17,2026-10-10
fdi.country.m49_392,2004,12089536.697,usd,actual,numeric,source.geostat_fdi_by_countries,FDI (annual),K64,thousand_usd,2026-08-17,2026-10-10
fdi.country.m49_392,2005,16610085.867999998,usd,actual,numeric,source.geostat_fdi_by_countries,FDI (annual),L64,thousand_usd,2026-08-17,2026-10-10
fdi.country.m49_392,2006,34008274.956999994,usd,actual,numeric,source.geostat_fdi_by_countries,FDI (annual),M64,thousand_usd,2026-08-17,2026-10-10
fdi.country.m49_392,2007,29673463.881,usd,actual,numeric,source.geostat_fdi_by_countries,FDI (annual),N64,thousand_usd,2026-08-17,2026-10-10
fdi.country.m49_392,2008,11369941.629901412,usd,actual,numeric,source.geostat_fdi_by_countries,FDI (annual),O64,thousand_usd,2026-08-17,2026-10-10
fdi.country.m49_392,2009,-30759263.941239999,usd,actual,numeric,source.geostat_fdi_by_countries,FDI (annual),P64,thousand_usd,2026-08-17,2026-10-10
fdi.country.m49_392,2010,17492450.399999998,usd,actual,numeric,source.geostat_fdi_by_countries,FDI (annual),Q64,thousand_usd,2026-08-17,2026-10-10
fdi.country.m49_392,2011,23010617.699999999,usd,actual,numeric,source.geostat_fdi_by_countries,FDI (annual),R64,thousand_usd,2026-08-17,2026-10-10
fdi.country.m49_392,2012,13850448.199999999,usd,actual,numeric,source.geostat_fdi_by_countries,FDI (annual),S64,thousand_usd,2026-08-17,2026-10-10
fdi.country.m49_392,2013,28974311.000000002,usd,actual,numeric,source.geostat_fdi_by_countries,FDI (annual),T64,thousand_usd,2026-08-17,2026-10-10
fdi.country.m49_392,2014,-15029720.600000001,usd,actual,numeric,source.geostat_fdi_by_countries,FDI (annual),U64,thousand_usd,2026-08-17,2026-10-10
fdi.country.m49_392,2015,-34638440.199999997,usd,actual,numeric,source.geostat_fdi_by_countries,FDI (annual),V64,thousand_usd,2026-08-17,2026-10-10
fdi.country.m49_392,2016,5833213.2000000038,usd,actual,numeric,source.geostat_fdi_by_countries,FDI (annual),W64,thousand_usd,2026-08-17,2026-10-10
fdi.country.m49_392,2017,18364415.9,usd,actual,numeric,source.geostat_fdi_by_countries,FDI (annual),X64,thousand_usd,2026-08-17,2026-10-10
fdi.country.m49_392,2018,4843066.2999999986,usd,actual,numeric,source.geostat_fdi_by_countries,FDI (annual),Y64,thousand_usd,2026-08-17,2026-10-10
fdi.country.m49_392,2019,39535816.399999996,usd,actual,numeric,source.geostat_fdi_by_countries,FDI (annual),Z64,thousand_usd,2026-08-17,2026-10-10
fdi.country.m49_392,2020,6491005.6999999942,usd,actual,numeric,source.geostat_fdi_by_countries,FDI (annual),AA64,thousand_usd,2026-08-17,2026-10-10
fdi.country.m49_392,2021,4281182.3000000004,usd,actual,numeric,source.geostat_fdi_by_countries,FDI (annual),AB64,thousand_usd,2026-08-17,2026-10-10
fdi.country.m49_392,2022,58690170.999999988,usd,actual,numeric,source.geostat_fdi_by_countries,FDI (annual),AC64,thousand_usd,2026-08-17,2026-10-10
fdi.country.m49_392,2023,69386082.800000018,usd,actual,numeric,source.geostat_fdi_by_countries,FDI (annual),AD64,thousand_usd,2026-08-17,2026-10-10
fdi.country.m49_392,2024,63955190.400000007,usd,actual,numeric,source.geostat_fdi_by_countries,FDI (annual),AE64,thousand_usd,2026-08-17,2026-10-10
fdi.country.m49_392,2025,-14868130.500000005,usd,actual,numeric,source.geostat_fdi_by_countries,FDI (annual),AF64,thousand_usd,2026-08-17,2026-10-10
fdi.country.m49_398,1996,,usd,actual,not_applicable,source.geostat_fdi_by_countries,FDI (annual),C40,thousand_usd,2026-08-17,2026-10-10
fdi.country.m49_398,1997,,usd,actual,not_applicable,source.geostat_fdi_by_countries,FDI (annual),D40,thousand_usd,2026-08-17,2026-10-10
fdi.country.m49_398,1998,,usd,actual,not_applicable,source.geostat_fdi_by_countries,FDI (annual),E40,thousand_usd,2026-08-17,2026-10-10
fdi.country.m49_398,1999,,usd,actual,not_applicable,source.geostat_fdi_by_countries,FDI (annual),F40,thousand_usd,2026-08-17,2026-10-10
fdi.country.m49_398,2000,,usd,actual,not_applicable,source.geostat_fdi_by_countries,FDI (annual),G40,thousand_usd,2026-08-17,2026-10-10
fdi.country.m49_398,2001,,usd,actual,not_applicable,source.geostat_fdi_by_countries,FDI (annual),H40,thousand_usd,2026-08-17,2026-10-10
fdi.country.m49_398,2002,,usd,actual,not_applicable,source.geostat_fdi_by_countries,FDI (annual),I40,thousand_usd,2026-08-17,2026-10-10
fdi.country.m49_398,2003,,usd,actual,not_applicable,source.geostat_fdi_by_countries,FDI (annual),J40,thousand_usd,2026-08-17,2026-10-10
fdi.country.m49_398,2004,,usd,actual,not_applicable,source.geostat_fdi_by_countries,FDI (annual),K40,thousand_usd,2026-08-17,2026-10-10
fdi.country.m49_398,2005,337184.44999999997,usd,actual,numeric,source.geostat_fdi_by_countries,FDI (annual),L40,thousand_usd,2026-08-17,2026-10-10
fdi.country.m49_398,2006,161917047.47000002,usd,actual,numeric,source.geostat_fdi_by_countries,FDI (annual),M40,thousand_usd,2026-08-17,2026-10-10
fdi.country.m49_398,2007,47656655.362773206,usd,actual,numeric,source.geostat_fdi_by_countries,FDI (annual),N40,thousand_usd,2026-08-17,2026-10-10
fdi.country.m49_398,2008,65941732.919999995,usd,actual,numeric,source.geostat_fdi_by_countries,FDI (annual),O40,thousand_usd,2026-08-17,2026-10-10
fdi.country.m49_398,2009,-31972639.4,usd,actual,numeric,source.geostat_fdi_by_countries,FDI (annual),P40,thousand_usd,2026-08-17,2026-10-10
fdi.country.m49_398,2010,-17904241.246600002,usd,actual,numeric,source.geostat_fdi_by_countries,FDI (annual),Q40,thousand_usd,2026-08-17,2026-10-10
fdi.country.m49_398,2011,12856419.2,usd,actual,numeric,source.geostat_fdi_by_countries,FDI (annual),R40,thousand_usd,2026-08-17,2026-10-10
fdi.country.m49_398,2012,4305965.0000000001,usd,actual,numeric,source.geostat_fdi_by_countries,FDI (annual),S40,thousand_usd,2026-08-17,2026-10-10
fdi.country.m49_398,2013,23100898.441349393,usd,actual,numeric,source.geostat_fdi_by_countries,FDI (annual),T40,thousand_usd,2026-08-17,2026-10-10
fdi.country.m49_398,2014,12651857.438053603,usd,actual,numeric,source.geostat_fdi_by_countries,FDI (annual),U40,thousand_usd,2026-08-17,2026-10-10
fdi.country.m49_398,2015,10484990.8867336,usd,actual,numeric,source.geostat_fdi_by_countries,FDI (annual),V40,thousand_usd,2026-08-17,2026-10-10
fdi.country.m49_398,2016,8936618.1000000015,usd,actual,numeric,source.geostat_fdi_by_countries,FDI (annual),W40,thousand_usd,2026-08-17,2026-10-10
fdi.country.m49_398,2017,-9409395.0000000004,usd,actual,numeric,source.geostat_fdi_by_countries,FDI (annual),X40,thousand_usd,2026-08-17,2026-10-10
fdi.country.m49_398,2018,-39816419.799999996,usd,actual,numeric,source.geostat_fdi_by_countries,FDI (annual),Y40,thousand_usd,2026-08-17,2026-10-10
fdi.country.m49_398,2019,7380891.3000000002,usd,actual,numeric,source.geostat_fdi_by_countries,FDI (annual),Z40,thousand_usd,2026-08-17,2026-10-10
fdi.country.m49_398,2020,157105.30000000017,usd,actual,numeric,source.geostat_fdi_by_countries,FDI (annual),AA40,thousand_usd,2026-08-17,2026-10-10
fdi.country.m49_398,2021,11269907.200000001,usd,actual,numeric,source.geostat_fdi_by_countries,FDI (annual),AB40,thousand_usd,2026-08-17,2026-10-10
fdi.country.m49_398,2022,32650150.899999982,usd,actual,numeric,source.geostat_fdi_by_countries,FDI (annual),AC40,thousand_usd,2026-08-17,2026-10-10
fdi.country.m49_398,2023,38095842.000000004,usd,actual,numeric,source.geostat_fdi_by_countries,FDI (annual),AD40,thousand_usd,2026-08-17,2026-10-10
fdi.country.m49_398,2024,33898209.999999992,usd,actual,numeric,source.geostat_fdi_by_countries,FDI (annual),AE40,thousand_usd,2026-08-17,2026-10-10
fdi.country.m49_398,2025,20864807.699999998,usd,actual,numeric,source.geostat_fdi_by_countries,FDI (annual),AF40,thousand_usd,2026-08-17,2026-10-10
fdi.country.m49_400,1996,,usd,actual,not_applicable,source.geostat_fdi_by_countries,FDI (annual),C65,thousand_usd,2026-08-17,2026-10-10
fdi.country.m49_400,1997,,usd,actual,not_applicable,source.geostat_fdi_by_countries,FDI (annual),D65,thousand_usd,2026-08-17,2026-10-10
fdi.country.m49_400,1998,,usd,actual,not_applicable,source.geostat_fdi_by_countries,FDI (annual),E65,thousand_usd,2026-08-17,2026-10-10
fdi.country.m49_400,1999,,usd,actual,not_applicable,source.geostat_fdi_by_countries,FDI (annual),F65,thousand_usd,2026-08-17,2026-10-10
fdi.country.m49_400,2000,,usd,actual,not_applicable,source.geostat_fdi_by_countries,FDI (annual),G65,thousand_usd,2026-08-17,2026-10-10
fdi.country.m49_400,2001,,usd,actual,not_applicable,source.geostat_fdi_by_countries,FDI (annual),H65,thousand_usd,2026-08-17,2026-10-10
fdi.country.m49_400,2002,,usd,actual,not_applicable,source.geostat_fdi_by_countries,FDI (annual),I65,thousand_usd,2026-08-17,2026-10-10
fdi.country.m49_400,2003,,usd,actual,not_applicable,source.geostat_fdi_by_countries,FDI (annual),J65,thousand_usd,2026-08-17,2026-10-10
fdi.country.m49_400,2004,,usd,actual,not_applicable,source.geostat_fdi_by_countries,FDI (annual),K65,thousand_usd,2026-08-17,2026-10-10
fdi.country.m49_400,2005,,usd,actual,not_applicable,source.geostat_fdi_by_countries,FDI (annual),L65,thousand_usd,2026-08-17,2026-10-10
fdi.country.m49_400,2006,,usd,actual,not_applicable,source.geostat_fdi_by_countries,FDI (annual),M65,thousand_usd,2026-08-17,2026-10-10
fdi.country.m49_400,2007,,usd,actual,not_applicable,source.geostat_fdi_by_countries,FDI (annual),N65,thousand_usd,2026-08-17,2026-10-10
fdi.country.m49_400,2008,,usd,actual,not_applicable,source.geostat_fdi_by_countries,FDI (annual),O65,thousand_usd,2026-08-17,2026-10-10
fdi.country.m49_400,2009,-78838.399999999993,usd,actual,numeric,source.geostat_fdi_by_countries,FDI (annual),P65,thousand_usd,2026-08-17,2026-10-10
fdi.country.m49_400,2010,-4086306.3999999999,usd,actual,numeric,source.geostat_fdi_by_countries,FDI (annual),Q65,thousand_usd,2026-08-17,2026-10-10
fdi.country.m49_400,2011,-692538.89999999978,usd,actual,numeric,source.geostat_fdi_by_countries,FDI (annual),R65,thousand_usd,2026-08-17,2026-10-10
fdi.country.m49_400,2012,453101.40000000018,usd,actual,numeric,source.geostat_fdi_by_countries,FDI (annual),S65,thousand_usd,2026-08-17,2026-10-10
fdi.country.m49_400,2013,-668254.50000000001,usd,actual,numeric,source.geostat_fdi_by_countries,FDI (annual),T65,thousand_usd,2026-08-17,2026-10-10
fdi.country.m49_400,2014,-30366267.200000002,usd,actual,numeric,source.geostat_fdi_by_countries,FDI (annual),U65,thousand_usd,2026-08-17,2026-10-10
fdi.country.m49_400,2015,1777606.5000000003,usd,actual,numeric,source.geostat_fdi_by_countries,FDI (annual),V65,thousand_usd,2026-08-17,2026-10-10
fdi.country.m49_400,2016,969982.79999999988,usd,actual,numeric,source.geostat_fdi_by_countries,FDI (annual),W65,thousand_usd,2026-08-17,2026-10-10
fdi.country.m49_400,2017,1026503.2000000001,usd,actual,numeric,source.geostat_fdi_by_countries,FDI (annual),X65,thousand_usd,2026-08-17,2026-10-10
fdi.country.m49_400,2018,667840.10000000001,usd,actual,numeric,source.geostat_fdi_by_countries,FDI (annual),Y65,thousand_usd,2026-08-17,2026-10-10
fdi.country.m49_400,2019,-1304698.2,usd,actual,numeric,source.geostat_fdi_by_countries,FDI (annual),Z65,thousand_usd,2026-08-17,2026-10-10
fdi.country.m49_400,2020,-14106.100000000083,usd,actual,numeric,source.geostat_fdi_by_countries,FDI (annual),AA65,thousand_usd,2026-08-17,2026-10-10
fdi.country.m49_400,2021,1887022.9000000002,usd,actual,numeric,source.geostat_fdi_by_countries,FDI (annual),AB65,thousand_usd,2026-08-17,2026-10-10
fdi.country.m49_400,2022,364268.00000000003,usd,actual,numeric,source.geostat_fdi_by_countries,FDI (annual),AC65,thousand_usd,2026-08-17,2026-10-10
fdi.country.m49_400,2023,308181.70000000009,usd,actual,numeric,source.geostat_fdi_by_countries,FDI (annual),AD65,thousand_usd,2026-08-17,2026-10-10
fdi.country.m49_400,2024,672113.30000000009,usd,actual,numeric,source.geostat_fdi_by_countries,FDI (annual),AE65,thousand_usd,2026-08-17,2026-10-10
fdi.country.m49_400,2025,2355044.1000000001,usd,actual,numeric,source.geostat_fdi_by_countries,FDI (annual),AF65,thousand_usd,2026-08-17,2026-10-10
fdi.country.m49_410,1996,,usd,actual,not_applicable,source.geostat_fdi_by_countries,FDI (annual),C66,thousand_usd,2026-08-17,2026-10-10
fdi.country.m49_410,1997,5799793.7546000003,usd,actual,numeric,source.geostat_fdi_by_countries,FDI (annual),D66,thousand_usd,2026-08-17,2026-10-10
fdi.country.m49_410,1998,5858267.3806000003,usd,actual,numeric,source.geostat_fdi_by_countries,FDI (annual),E66,thousand_usd,2026-08-17,2026-10-10
fdi.country.m49_410,1999,1487682.2717,usd,actual,numeric,source.geostat_fdi_by_countries,FDI (annual),F66,thousand_usd,2026-08-17,2026-10-10
fdi.country.m49_410,2000,9406097.1957000002,usd,actual,numeric,source.geostat_fdi_by_countries,FDI (annual),G66,thousand_usd,2026-08-17,2026-10-10
fdi.country.m49_410,2001,,usd,actual,not_applicable,source.geostat_fdi_by_countries,FDI (annual),H66,thousand_usd,2026-08-17,2026-10-10
fdi.country.m49_410,2002,,usd,actual,not_applicable,source.geostat_fdi_by_countries,FDI (annual),I66,thousand_usd,2026-08-17,2026-10-10
fdi.country.m49_410,2003,8317363.8819999996,usd,actual,numeric,source.geostat_fdi_by_countries,FDI (annual),J66,thousand_usd,2026-08-17,2026-10-10
fdi.country.m49_410,2004,9486270.5096000009,usd,actual,numeric,source.geostat_fdi_by_countries,FDI (annual),K66,thousand_usd,2026-08-17,2026-10-10
fdi.country.m49_410,2005,6446932.6952000001,usd,actual,numeric,source.geostat_fdi_by_countries,FDI (annual),L66,thousand_usd,2026-08-17,2026-10-10
fdi.country.m49_410,2006,3064243.5604000002,usd,actual,numeric,source.geostat_fdi_by_countries,FDI (annual),M66,thousand_usd,2026-08-17,2026-10-10
fdi.country.m49_410,2007,,usd,actual,not_applicable,source.geostat_fdi_by_countries,FDI (annual),N66,thousand_usd,2026-08-17,2026-10-10
fdi.country.m49_410,2008,,usd,actual,not_applicable,source.geostat_fdi_by_countries,FDI (annual),O66,thousand_usd,2026-08-17,2026-10-10
fdi.country.m49_410,2009,,usd,actual,not_applicable,source.geostat_fdi_by_countries,FDI (annual),P66,thousand_usd,2026-08-17,2026-10-10
fdi.country.m49_410,2010,,usd,actual,not_applicable,source.geostat_fdi_by_countries,FDI (annual),Q66,thousand_usd,2026-08-17,2026-10-10
fdi.country.m49_410,2011,,usd,actual,not_applicable,source.geostat_fdi_by_countries,FDI (annual),R66,thousand_usd,2026-08-17,2026-10-10
fdi.country.m49_410,2012,,usd,actual,not_applicable,source.geostat_fdi_by_countries,FDI (annual),S66,thousand_usd,2026-08-17,2026-10-10
fdi.country.m49_410,2013,164951.40000000001,usd,actual,numeric,source.geostat_fdi_by_countries,FDI (annual),T66,thousand_usd,2026-08-17,2026-10-10
fdi.country.m49_410,2014,636710.40000000005,usd,actual,numeric,source.geostat_fdi_by_countries,FDI (annual),U66,thousand_usd,2026-08-17,2026-10-10
fdi.country.m49_410,2015,29869763.4,usd,actual,numeric,source.geostat_fdi_by_countries,FDI (annual),V66,thousand_usd,2026-08-17,2026-10-10
fdi.country.m49_410,2016,29735451.399999998,usd,actual,numeric,source.geostat_fdi_by_countries,FDI (annual),W66,thousand_usd,2026-08-17,2026-10-10
fdi.country.m49_410,2017,36417058.199999999,usd,actual,numeric,source.geostat_fdi_by_countries,FDI (annual),X66,thousand_usd,2026-08-17,2026-10-10
fdi.country.m49_410,2018,33255462.099999997,usd,actual,numeric,source.geostat_fdi_by_countries,FDI (annual),Y66,thousand_usd,2026-08-17,2026-10-10
fdi.country.m49_410,2019,23064755.400000005,usd,actual,numeric,source.geostat_fdi_by_countries,FDI (annual),Z66,thousand_usd,2026-08-17,2026-10-10
fdi.country.m49_410,2020,2504342.3999999995,usd,actual,numeric,source.geostat_fdi_by_countries,FDI (annual),AA66,thousand_usd,2026-08-17,2026-10-10
fdi.country.m49_410,2021,4086673.7000000003,usd,actual,numeric,source.geostat_fdi_by_countries,FDI (annual),AB66,thousand_usd,2026-08-17,2026-10-10
fdi.country.m49_410,2022,1421662.2999999995,usd,actual,numeric,source.geostat_fdi_by_countries,FDI (annual),AC66,thousand_usd,2026-08-17,2026-10-10
fdi.country.m49_410,2023,2766677.6999999997,usd,actual,numeric,source.geostat_fdi_by_countries,FDI (annual),AD66,thousand_usd,2026-08-17,2026-10-10
fdi.country.m49_410,2024,2331708.0000000001,usd,actual,numeric,source.geostat_fdi_by_countries,FDI (annual),AE66,thousand_usd,2026-08-17,2026-10-10
fdi.country.m49_410,2025,-90775.800000000004,usd,actual,numeric,source.geostat_fdi_by_countries,FDI (annual),AF66,thousand_usd,2026-08-17,2026-10-10
fdi.country.m49_417,1996,,usd,actual,not_applicable,source.geostat_fdi_by_countries,FDI (annual),C41,thousand_usd,2026-08-17,2026-10-10
fdi.country.m49_417,1997,,usd,actual,not_applicable,source.geostat_fdi_by_countries,FDI (annual),D41,thousand_usd,2026-08-17,2026-10-10
fdi.country.m49_417,1998,,usd,actual,not_applicable,source.geostat_fdi_by_countries,FDI (annual),E41,thousand_usd,2026-08-17,2026-10-10
fdi.country.m49_417,1999,,usd,actual,not_applicable,source.geostat_fdi_by_countries,FDI (annual),F41,thousand_usd,2026-08-17,2026-10-10
fdi.country.m49_417,2000,,usd,actual,not_applicable,source.geostat_fdi_by_countries,FDI (annual),G41,thousand_usd,2026-08-17,2026-10-10
fdi.country.m49_417,2001,,usd,actual,not_applicable,source.geostat_fdi_by_countries,FDI (annual),H41,thousand_usd,2026-08-17,2026-10-10
fdi.country.m49_417,2002,,usd,actual,not_applicable,source.geostat_fdi_by_countries,FDI (annual),I41,thousand_usd,2026-08-17,2026-10-10
fdi.country.m49_417,2003,,usd,actual,not_applicable,source.geostat_fdi_by_countries,FDI (annual),J41,thousand_usd,2026-08-17,2026-10-10
fdi.country.m49_417,2004,,usd,actual,not_applicable,source.geostat_fdi_by_countries,FDI (annual),K41,thousand_usd,2026-08-17,2026-10-10
fdi.country.m49_417,2005,,usd,actual,not_applicable,source.geostat_fdi_by_countries,FDI (annual),L41,thousand_usd,2026-08-17,2026-10-10
fdi.country.m49_417,2006,,usd,actual,not_applicable,source.geostat_fdi_by_countries,FDI (annual),M41,thousand_usd,2026-08-17,2026-10-10
fdi.country.m49_417,2007,,usd,actual,not_applicable,source.geostat_fdi_by_countries,FDI (annual),N41,thousand_usd,2026-08-17,2026-10-10
fdi.country.m49_417,2008,-46.899999999999997,usd,actual,numeric,source.geostat_fdi_by_countries,FDI (annual),O41,thousand_usd,2026-08-17,2026-10-10
fdi.country.m49_417,2009,-6317.5999999999997,usd,actual,numeric,source.geostat_fdi_by_countries,FDI (annual),P41,thousand_usd,2026-08-17,2026-10-10
fdi.country.m49_417,2010,14075012.730000002,usd,actual,numeric,source.geostat_fdi_by_countries,FDI (annual),Q41,thousand_usd,2026-08-17,2026-10-10
fdi.country.m49_417,2011,5029390.9000000003,usd,actual,numeric,source.geostat_fdi_by_countries,FDI (annual),R41,thousand_usd,2026-08-17,2026-10-10
fdi.country.m49_417,2012,2670741.1999999999,usd,actual,numeric,source.geostat_fdi_by_countries,FDI (annual),S41,thousand_usd,2026-08-17,2026-10-10
fdi.country.m49_417,2013,2649026.4000000002,usd,actual,numeric,source.geostat_fdi_by_countries,FDI (annual),T41,thousand_usd,2026-08-17,2026-10-10
fdi.country.m49_417,2014,-2283059.8999999997,usd,actual,numeric,source.geostat_fdi_by_countries,FDI (annual),U41,thousand_usd,2026-08-17,2026-10-10
fdi.country.m49_417,2015,-167939.1,usd,actual,numeric,source.geostat_fdi_by_countries,FDI (annual),V41,thousand_usd,2026-08-17,2026-10-10
fdi.country.m49_417,2016,829927.60000000033,usd,actual,numeric,source.geostat_fdi_by_countries,FDI (annual),W41,thousand_usd,2026-08-17,2026-10-10
fdi.country.m49_417,2017,122424.40000000001,usd,actual,numeric,source.geostat_fdi_by_countries,FDI (annual),X41,thousand_usd,2026-08-17,2026-10-10
fdi.country.m49_417,2018,1390155.8,usd,actual,numeric,source.geostat_fdi_by_countries,FDI (annual),Y41,thousand_usd,2026-08-17,2026-10-10
fdi.country.m49_417,2019,51354.60000000009,usd,actual,numeric,source.geostat_fdi_by_countries,FDI (annual),Z41,thousand_usd,2026-08-17,2026-10-10
fdi.country.m49_417,2020,-632168.90000000012,usd,actual,numeric,source.geostat_fdi_by_countries,FDI (annual),AA41,thousand_usd,2026-08-17,2026-10-10
fdi.country.m49_417,2021,-24448444.499999998,usd,actual,numeric,source.geostat_fdi_by_countries,FDI (annual),AB41,thousand_usd,2026-08-17,2026-10-10
fdi.country.m49_417,2022,668443.99999999996,usd,actual,numeric,source.geostat_fdi_by_countries,FDI (annual),AC41,thousand_usd,2026-08-17,2026-10-10
fdi.country.m49_417,2023,6365238.4000000002,usd,actual,numeric,source.geostat_fdi_by_countries,FDI (annual),AD41,thousand_usd,2026-08-17,2026-10-10
fdi.country.m49_417,2024,714077.60000000007,usd,actual,numeric,source.geostat_fdi_by_countries,FDI (annual),AE41,thousand_usd,2026-08-17,2026-10-10
fdi.country.m49_417,2025,555653.09999999999,usd,actual,numeric,source.geostat_fdi_by_countries,FDI (annual),AF41,thousand_usd,2026-08-17,2026-10-10
fdi.country.m49_422,1996,,usd,actual,not_applicable,source.geostat_fdi_by_countries,FDI (annual),C67,thousand_usd,2026-08-17,2026-10-10
fdi.country.m49_422,1997,,usd,actual,not_applicable,source.geostat_fdi_by_countries,FDI (annual),D67,thousand_usd,2026-08-17,2026-10-10
fdi.country.m49_422,1998,338319.07164,usd,actual,numeric,source.geostat_fdi_by_countries,FDI (annual),E67,thousand_usd,2026-08-17,2026-10-10
fdi.country.m49_422,1999,1784782.5287000001,usd,actual,numeric,source.geostat_fdi_by_countries,FDI (annual),F67,thousand_usd,2026-08-17,2026-10-10
fdi.country.m49_422,2000,2004619.8099999999,usd,actual,numeric,source.geostat_fdi_by_countries,FDI (annual),G67,thousand_usd,2026-08-17,2026-10-10
fdi.country.m49_422,2001,121188.10000000001,usd,actual,numeric,source.geostat_fdi_by_countries,FDI (annual),H67,thousand_usd,2026-08-17,2026-10-10
fdi.country.m49_422,2002,87774.159999999995,usd,actual,numeric,source.geostat_fdi_by_countries,FDI (annual),I67,thousand_usd,2026-08-17,2026-10-10
fdi.country.m49_422,2003,133455.81000000001,usd,actual,numeric,source.geostat_fdi_by_countries,FDI (annual),J67,thousand_usd,2026-08-17,2026-10-10
fdi.country.m49_422,2004,177185.39000000001,usd,actual,numeric,source.geostat_fdi_by_countries,FDI (annual),K67,thousand_usd,2026-08-17,2026-10-10
fdi.country.m49_422,2005,84669.270429999997,usd,actual,numeric,source.geostat_fdi_by_countries,FDI (annual),L67,thousand_usd,2026-08-17,2026-10-10
fdi.country.m49_422,2006,-7869889.7840999998,usd,actual,numeric,source.geostat_fdi_by_countries,FDI (annual),M67,thousand_usd,2026-08-17,2026-10-10
fdi.country.m49_422,2007,135850.4796,usd,actual,numeric,source.geostat_fdi_by_countries,FDI (annual),N67,thousand_usd,2026-08-17,2026-10-10
fdi.country.m49_422,2008,212148.95720000001,usd,actual,numeric,source.geostat_fdi_by_countries,FDI (annual),O67,thousand_usd,2026-08-17,2026-10-10
fdi.country.m49_422,2009,,usd,actual,not_applicable,source.geostat_fdi_by_countries,FDI (annual),P67,thousand_usd,2026-08-17,2026-10-10
fdi.country.m49_422,2010,102261.50000000001,usd,actual,numeric,source.geostat_fdi_by_countries,FDI (annual),Q67,thousand_usd,2026-08-17,2026-10-10
fdi.country.m49_422,2011,1250242.9999999999,usd,actual,numeric,source.geostat_fdi_by_countries,FDI (annual),R67,thousand_usd,2026-08-17,2026-10-10
fdi.country.m49_422,2012,-460918.50000000005,usd,actual,numeric,source.geostat_fdi_by_countries,FDI (annual),S67,thousand_usd,2026-08-17,2026-10-10
fdi.country.m49_422,2013,74064.899999999994,usd,actual,numeric,source.geostat_fdi_by_countries,FDI (annual),T67,thousand_usd,2026-08-17,2026-10-10
fdi.country.m49_422,2014,210512.7,usd,actual,numeric,source.geostat_fdi_by_countries,FDI (annual),U67,thousand_usd,2026-08-17,2026-10-10
fdi.country.m49_422,2015,60040.099999999995,usd,actual,numeric,source.geostat_fdi_by_countries,FDI (annual),V67,thousand_usd,2026-08-17,2026-10-10
fdi.country.m49_422,2016,523129.19999999997,usd,actual,numeric,source.geostat_fdi_by_countries,FDI (annual),W67,thousand_usd,2026-08-17,2026-10-10
fdi.country.m49_422,2017,2402737.6999999997,usd,actual,numeric,source.geostat_fdi_by_countries,FDI (annual),X67,thousand_usd,2026-08-17,2026-10-10
fdi.country.m49_422,2018,1358178.6,usd,actual,numeric,source.geostat_fdi_by_countries,FDI (annual),Y67,thousand_usd,2026-08-17,2026-10-10
fdi.country.m49_422,2019,2211531.5000000001,usd,actual,numeric,source.geostat_fdi_by_countries,FDI (annual),Z67,thousand_usd,2026-08-17,2026-10-10
fdi.country.m49_422,2020,4367005.7999999999,usd,actual,numeric,source.geostat_fdi_by_countries,FDI (annual),AA67,thousand_usd,2026-08-17,2026-10-10
fdi.country.m49_422,2021,1877546.8000000003,usd,actual,numeric,source.geostat_fdi_by_countries,FDI (annual),AB67,thousand_usd,2026-08-17,2026-10-10
fdi.country.m49_422,2022,2416383.4999999995,usd,actual,numeric,source.geostat_fdi_by_countries,FDI (annual),AC67,thousand_usd,2026-08-17,2026-10-10
fdi.country.m49_422,2023,439509.30000000005,usd,actual,numeric,source.geostat_fdi_by_countries,FDI (annual),AD67,thousand_usd,2026-08-17,2026-10-10
fdi.country.m49_422,2024,2145789.1,usd,actual,numeric,source.geostat_fdi_by_countries,FDI (annual),AE67,thousand_usd,2026-08-17,2026-10-10
fdi.country.m49_422,2025,4161891.9999999998,usd,actual,numeric,source.geostat_fdi_by_countries,FDI (annual),AF67,thousand_usd,2026-08-17,2026-10-10
fdi.country.m49_428,1996,,usd,actual,not_applicable,source.geostat_fdi_by_countries,FDI (annual),C23,thousand_usd,2026-08-17,2026-10-10
fdi.country.m49_428,1997,,usd,actual,not_applicable,source.geostat_fdi_by_countries,FDI (annual),D23,thousand_usd,2026-08-17,2026-10-10
fdi.country.m49_428,1998,,usd,actual,not_applicable,source.geostat_fdi_by_countries,FDI (annual),E23,thousand_usd,2026-08-17,2026-10-10
fdi.country.m49_428,1999,,usd,actual,not_applicable,source.geostat_fdi_by_countries,FDI (annual),F23,thousand_usd,2026-08-17,2026-10-10
fdi.country.m49_428,2000,,usd,actual,not_applicable,source.geostat_fdi_by_countries,FDI (annual),G23,thousand_usd,2026-08-17,2026-10-10
fdi.country.m49_428,2001,,usd,actual,not_applicable,source.geostat_fdi_by_countries,FDI (annual),H23,thousand_usd,2026-08-17,2026-10-10
fdi.country.m49_428,2002,,usd,actual,not_applicable,source.geostat_fdi_by_countries,FDI (annual),I23,thousand_usd,2026-08-17,2026-10-10
fdi.country.m49_428,2003,,usd,actual,not_applicable,source.geostat_fdi_by_countries,FDI (annual),J23,thousand_usd,2026-08-17,2026-10-10
fdi.country.m49_428,2004,,usd,actual,not_applicable,source.geostat_fdi_by_countries,FDI (annual),K23,thousand_usd,2026-08-17,2026-10-10
fdi.country.m49_428,2005,,usd,actual,not_applicable,source.geostat_fdi_by_countries,FDI (annual),L23,thousand_usd,2026-08-17,2026-10-10
fdi.country.m49_428,2006,,usd,actual,not_applicable,source.geostat_fdi_by_countries,FDI (annual),M23,thousand_usd,2026-08-17,2026-10-10
fdi.country.m49_428,2007,2849298.7169999997,usd,actual,numeric,source.geostat_fdi_by_countries,FDI (annual),N23,thousand_usd,2026-08-17,2026-10-10
fdi.country.m49_428,2008,756483.28000000004,usd,actual,numeric,source.geostat_fdi_by_countries,FDI (annual),O23,thousand_usd,2026-08-17,2026-10-10
fdi.country.m49_428,2009,-18039.200000000001,usd,actual,numeric,source.geostat_fdi_by_countries,FDI (annual),P23,thousand_usd,2026-08-17,2026-10-10
fdi.country.m49_428,2010,-535.58799999999995,usd,actual,numeric,source.geostat_fdi_by_countries,FDI (annual),Q23,thousand_usd,2026-08-17,2026-10-10
fdi.country.m49_428,2011,-102955.40000000001,usd,actual,numeric,source.geostat_fdi_by_countries,FDI (annual),R23,thousand_usd,2026-08-17,2026-10-10
fdi.country.m49_428,2012,1052380.2000000003,usd,actual,numeric,source.geostat_fdi_by_countries,FDI (annual),S23,thousand_usd,2026-08-17,2026-10-10
fdi.country.m49_428,2013,-1815157.4499999999,usd,actual,numeric,source.geostat_fdi_by_countries,FDI (annual),T23,thousand_usd,2026-08-17,2026-10-10
fdi.country.m49_428,2014,21399546.230000004,usd,actual,numeric,source.geostat_fdi_by_countries,FDI (annual),U23,thousand_usd,2026-08-17,2026-10-10
fdi.country.m49_428,2015,18628834.39,usd,actual,numeric,source.geostat_fdi_by_countries,FDI (annual),V23,thousand_usd,2026-08-17,2026-10-10
fdi.country.m49_428,2016,27254375.700000001,usd,actual,numeric,source.geostat_fdi_by_countries,FDI (annual),W23,thousand_usd,2026-08-17,2026-10-10
fdi.country.m49_428,2017,-33854204.40000001,usd,actual,numeric,source.geostat_fdi_by_countries,FDI (annual),X23,thousand_usd,2026-08-17,2026-10-10
fdi.country.m49_428,2018,4154338.4000000005,usd,actual,numeric,source.geostat_fdi_by_countries,FDI (annual),Y23,thousand_usd,2026-08-17,2026-10-10
fdi.country.m49_428,2019,2657775.0999999998,usd,actual,numeric,source.geostat_fdi_by_countries,FDI (annual),Z23,thousand_usd,2026-08-17,2026-10-10
fdi.country.m49_428,2020,4672288.0999999998,usd,actual,numeric,source.geostat_fdi_by_countries,FDI (annual),AA23,thousand_usd,2026-08-17,2026-10-10
fdi.country.m49_428,2021,5397809.2999999999,usd,actual,numeric,source.geostat_fdi_by_countries,FDI (annual),AB23,thousand_usd,2026-08-17,2026-10-10
fdi.country.m49_428,2022,7311216.9000000013,usd,actual,numeric,source.geostat_fdi_by_countries,FDI (annual),AC23,thousand_usd,2026-08-17,2026-10-10
fdi.country.m49_428,2023,6251545.1000000012,usd,actual,numeric,source.geostat_fdi_by_countries,FDI (annual),AD23,thousand_usd,2026-08-17,2026-10-10
fdi.country.m49_428,2024,18298922.700000003,usd,actual,numeric,source.geostat_fdi_by_countries,FDI (annual),AE23,thousand_usd,2026-08-17,2026-10-10
fdi.country.m49_428,2025,19860194.800000005,usd,actual,numeric,source.geostat_fdi_by_countries,FDI (annual),AF23,thousand_usd,2026-08-17,2026-10-10
fdi.country.m49_434,1996,,usd,actual,not_applicable,source.geostat_fdi_by_countries,FDI (annual),C68,thousand_usd,2026-08-17,2026-10-10
fdi.country.m49_434,1997,,usd,actual,not_applicable,source.geostat_fdi_by_countries,FDI (annual),D68,thousand_usd,2026-08-17,2026-10-10
fdi.country.m49_434,1998,,usd,actual,not_applicable,source.geostat_fdi_by_countries,FDI (annual),E68,thousand_usd,2026-08-17,2026-10-10
fdi.country.m49_434,1999,,usd,actual,not_applicable,source.geostat_fdi_by_countries,FDI (annual),F68,thousand_usd,2026-08-17,2026-10-10
fdi.country.m49_434,2000,1814406.3318000001,usd,actual,numeric,source.geostat_fdi_by_countries,FDI (annual),G68,thousand_usd,2026-08-17,2026-10-10
fdi.country.m49_434,2001,789852.79854999999,usd,actual,numeric,source.geostat_fdi_by_countries,FDI (annual),H68,thousand_usd,2026-08-17,2026-10-10
fdi.country.m49_434,2002,,usd,actual,not_applicable,source.geostat_fdi_by_countries,FDI (annual),I68,thousand_usd,2026-08-17,2026-10-10
fdi.country.m49_434,2003,,usd,actual,not_applicable,source.geostat_fdi_by_countries,FDI (annual),J68,thousand_usd,2026-08-17,2026-10-10
fdi.country.m49_434,2004,,usd,actual,not_applicable,source.geostat_fdi_by_countries,FDI (annual),K68,thousand_usd,2026-08-17,2026-10-10
fdi.country.m49_434,2005,33019.919547999997,usd,actual,numeric,source.geostat_fdi_by_countries,FDI (annual),L68,thousand_usd,2026-08-17,2026-10-10
fdi.country.m49_434,2006,21636.042143000001,usd,actual,numeric,source.geostat_fdi_by_countries,FDI (annual),M68,thousand_usd,2026-08-17,2026-10-10
fdi.country.m49_434,2007,,usd,actual,not_applicable,source.geostat_fdi_by_countries,FDI (annual),N68,thousand_usd,2026-08-17,2026-10-10
fdi.country.m49_434,2008,,usd,actual,not_applicable,source.geostat_fdi_by_countries,FDI (annual),O68,thousand_usd,2026-08-17,2026-10-10
fdi.country.m49_434,2009,,usd,actual,not_applicable,source.geostat_fdi_by_countries,FDI (annual),P68,thousand_usd,2026-08-17,2026-10-10
fdi.country.m49_434,2010,,usd,actual,not_applicable,source.geostat_fdi_by_countries,FDI (annual),Q68,thousand_usd,2026-08-17,2026-10-10
fdi.country.m49_434,2011,,usd,actual,not_applicable,source.geostat_fdi_by_countries,FDI (annual),R68,thousand_usd,2026-08-17,2026-10-10
fdi.country.m49_434,2012,,usd,actual,not_applicable,source.geostat_fdi_by_countries,FDI (annual),S68,thousand_usd,2026-08-17,2026-10-10
fdi.country.m49_434,2013,,usd,actual,not_applicable,source.geostat_fdi_by_countries,FDI (annual),T68,thousand_usd,2026-08-17,2026-10-10
fdi.country.m49_434,2014,,usd,actual,not_applicable,source.geostat_fdi_by_countries,FDI (annual),U68,thousand_usd,2026-08-17,2026-10-10
fdi.country.m49_434,2015,,usd,actual,not_applicable,source.geostat_fdi_by_countries,FDI (annual),V68,thousand_usd,2026-08-17,2026-10-10
fdi.country.m49_434,2016,,usd,actual,not_applicable,source.geostat_fdi_by_countries,FDI (annual),W68,thousand_usd,2026-08-17,2026-10-10
fdi.country.m49_434,2017,90812.000000000012,usd,actual,numeric,source.geostat_fdi_by_countries,FDI (annual),X68,thousand_usd,2026-08-17,2026-10-10
fdi.country.m49_434,2018,,usd,actual,not_applicable,source.geostat_fdi_by_countries,FDI (annual),Y68,thousand_usd,2026-08-17,2026-10-10
fdi.country.m49_434,2019,,usd,actual,not_applicable,source.geostat_fdi_by_countries,FDI (annual),Z68,thousand_usd,2026-08-17,2026-10-10
fdi.country.m49_434,2020,,usd,actual,not_applicable,source.geostat_fdi_by_countries,FDI (annual),AA68,thousand_usd,2026-08-17,2026-10-10
fdi.country.m49_434,2021,9463.3000000000003,usd,actual,numeric,source.geostat_fdi_by_countries,FDI (annual),AB68,thousand_usd,2026-08-17,2026-10-10
fdi.country.m49_434,2022,,usd,actual,not_applicable,source.geostat_fdi_by_countries,FDI (annual),AC68,thousand_usd,2026-08-17,2026-10-10
fdi.country.m49_434,2023,,usd,actual,not_applicable,source.geostat_fdi_by_countries,FDI (annual),AD68,thousand_usd,2026-08-17,2026-10-10
fdi.country.m49_434,2024,,usd,actual,not_applicable,source.geostat_fdi_by_countries,FDI (annual),AE68,thousand_usd,2026-08-17,2026-10-10
fdi.country.m49_434,2025,,usd,actual,not_applicable,source.geostat_fdi_by_countries,FDI (annual),AF68,thousand_usd,2026-08-17,2026-10-10
fdi.country.m49_438,1996,,usd,actual,not_applicable,source.geostat_fdi_by_countries,FDI (annual),C69,thousand_usd,2026-08-17,2026-10-10
fdi.country.m49_438,1997,,usd,actual,not_applicable,source.geostat_fdi_by_countries,FDI (annual),D69,thousand_usd,2026-08-17,2026-10-10
fdi.country.m49_438,1998,,usd,actual,not_applicable,source.geostat_fdi_by_countries,FDI (annual),E69,thousand_usd,2026-08-17,2026-10-10
fdi.country.m49_438,1999,,usd,actual,not_applicable,source.geostat_fdi_by_countries,FDI (annual),F69,thousand_usd,2026-08-17,2026-10-10
fdi.country.m49_438,2000,,usd,actual,not_applicable,source.geostat_fdi_by_countries,FDI (annual),G69,thousand_usd,2026-08-17,2026-10-10
fdi.country.m49_438,2001,,usd,actual,not_applicable,source.geostat_fdi_by_countries,FDI (annual),H69,thousand_usd,2026-08-17,2026-10-10
fdi.country.m49_438,2002,,usd,actual,not_applicable,source.geostat_fdi_by_countries,FDI (annual),I69,thousand_usd,2026-08-17,2026-10-10
fdi.country.m49_438,2003,,usd,actual,not_applicable,source.geostat_fdi_by_countries,FDI (annual),J69,thousand_usd,2026-08-17,2026-10-10
fdi.country.m49_438,2004,,usd,actual,not_applicable,source.geostat_fdi_by_countries,FDI (annual),K69,thousand_usd,2026-08-17,2026-10-10
fdi.country.m49_438,2005,,usd,actual,not_applicable,source.geostat_fdi_by_countries,FDI (annual),L69,thousand_usd,2026-08-17,2026-10-10
fdi.country.m49_438,2006,,usd,actual,not_applicable,source.geostat_fdi_by_countries,FDI (annual),M69,thousand_usd,2026-08-17,2026-10-10
fdi.country.m49_438,2007,2445717.1985,usd,actual,numeric,source.geostat_fdi_by_countries,FDI (annual),N69,thousand_usd,2026-08-17,2026-10-10
fdi.country.m49_438,2008,5015957.5060999996,usd,actual,numeric,source.geostat_fdi_by_countries,FDI (annual),O69,thousand_usd,2026-08-17,2026-10-10
fdi.country.m49_438,2009,1912914.2999999999,usd,actual,numeric,source.geostat_fdi_by_countries,FDI (annual),P69,thousand_usd,2026-08-17,2026-10-10
fdi.country.m49_438,2010,35044619.200000001,usd,actual,numeric,source.geostat_fdi_by_countries,FDI (annual),Q69,thousand_usd,2026-08-17,2026-10-10
fdi.country.m49_438,2011,-8466284.4999999998,usd,actual,numeric,source.geostat_fdi_by_countries,FDI (annual),R69,thousand_usd,2026-08-17,2026-10-10
fdi.country.m49_438,2012,1678730.1,usd,actual,numeric,source.geostat_fdi_by_countries,FDI (annual),S69,thousand_usd,2026-08-17,2026-10-10
fdi.country.m49_438,2013,-7070100.6379785995,usd,actual,numeric,source.geostat_fdi_by_countries,FDI (annual),T69,thousand_usd,2026-08-17,2026-10-10
fdi.country.m49_438,2014,-1199431.1,usd,actual,numeric,source.geostat_fdi_by_countries,FDI (annual),U69,thousand_usd,2026-08-17,2026-10-10
fdi.country.m49_438,2015,1959144.5000000001,usd,actual,numeric,source.geostat_fdi_by_countries,FDI (annual),V69,thousand_usd,2026-08-17,2026-10-10
fdi.country.m49_438,2016,5611703.1999999999,usd,actual,numeric,source.geostat_fdi_by_countries,FDI (annual),W69,thousand_usd,2026-08-17,2026-10-10
fdi.country.m49_438,2017,2861317.4999999997,usd,actual,numeric,source.geostat_fdi_by_countries,FDI (annual),X69,thousand_usd,2026-08-17,2026-10-10
fdi.country.m49_438,2018,1946720.9,usd,actual,numeric,source.geostat_fdi_by_countries,FDI (annual),Y69,thousand_usd,2026-08-17,2026-10-10
fdi.country.m49_438,2019,493148.80000000005,usd,actual,numeric,source.geostat_fdi_by_countries,FDI (annual),Z69,thousand_usd,2026-08-17,2026-10-10
fdi.country.m49_438,2020,976633.69999999986,usd,actual,numeric,source.geostat_fdi_by_countries,FDI (annual),AA69,thousand_usd,2026-08-17,2026-10-10
fdi.country.m49_438,2021,-253926.89999999999,usd,actual,numeric,source.geostat_fdi_by_countries,FDI (annual),AB69,thousand_usd,2026-08-17,2026-10-10
fdi.country.m49_438,2022,-196916.69999999999,usd,actual,numeric,source.geostat_fdi_by_countries,FDI (annual),AC69,thousand_usd,2026-08-17,2026-10-10
fdi.country.m49_438,2023,-333469.40000000001,usd,actual,numeric,source.geostat_fdi_by_countries,FDI (annual),AD69,thousand_usd,2026-08-17,2026-10-10
fdi.country.m49_438,2024,733274.89999999989,usd,actual,numeric,source.geostat_fdi_by_countries,FDI (annual),AE69,thousand_usd,2026-08-17,2026-10-10
fdi.country.m49_438,2025,-169971.20000000001,usd,actual,numeric,source.geostat_fdi_by_countries,FDI (annual),AF69,thousand_usd,2026-08-17,2026-10-10
fdi.country.m49_440,1996,,usd,actual,not_applicable,source.geostat_fdi_by_countries,FDI (annual),C24,thousand_usd,2026-08-17,2026-10-10
fdi.country.m49_440,1997,,usd,actual,not_applicable,source.geostat_fdi_by_countries,FDI (annual),D24,thousand_usd,2026-08-17,2026-10-10
fdi.country.m49_440,1998,,usd,actual,not_applicable,source.geostat_fdi_by_countries,FDI (annual),E24,thousand_usd,2026-08-17,2026-10-10
fdi.country.m49_440,1999,,usd,actual,not_applicable,source.geostat_fdi_by_countries,FDI (annual),F24,thousand_usd,2026-08-17,2026-10-10
fdi.country.m49_440,2000,,usd,actual,not_applicable,source.geostat_fdi_by_countries,FDI (annual),G24,thousand_usd,2026-08-17,2026-10-10
fdi.country.m49_440,2001,,usd,actual,not_applicable,source.geostat_fdi_by_countries,FDI (annual),H24,thousand_usd,2026-08-17,2026-10-10
fdi.country.m49_440,2002,,usd,actual,not_applicable,source.geostat_fdi_by_countries,FDI (annual),I24,thousand_usd,2026-08-17,2026-10-10
fdi.country.m49_440,2003,,usd,actual,not_applicable,source.geostat_fdi_by_countries,FDI (annual),J24,thousand_usd,2026-08-17,2026-10-10
fdi.country.m49_440,2004,,usd,actual,not_applicable,source.geostat_fdi_by_countries,FDI (annual),K24,thousand_usd,2026-08-17,2026-10-10
fdi.country.m49_440,2005,17124.850000000002,usd,actual,numeric,source.geostat_fdi_by_countries,FDI (annual),L24,thousand_usd,2026-08-17,2026-10-10
fdi.country.m49_440,2006,3424181.3299999999,usd,actual,numeric,source.geostat_fdi_by_countries,FDI (annual),M24,thousand_usd,2026-08-17,2026-10-10
fdi.country.m49_440,2007,327339.67577999999,usd,actual,numeric,source.geostat_fdi_by_countries,FDI (annual),N24,thousand_usd,2026-08-17,2026-10-10
fdi.country.m49_440,2008,-113931.36440000001,usd,actual,numeric,source.geostat_fdi_by_countries,FDI (annual),O24,thousand_usd,2026-08-17,2026-10-10
fdi.country.m49_440,2009,3560345.3999999997,usd,actual,numeric,source.geostat_fdi_by_countries,FDI (annual),P24,thousand_usd,2026-08-17,2026-10-10
fdi.country.m49_440,2010,2441051.1000000001,usd,actual,numeric,source.geostat_fdi_by_countries,FDI (annual),Q24,thousand_usd,2026-08-17,2026-10-10
fdi.country.m49_440,2011,-1847076.4000000001,usd,actual,numeric,source.geostat_fdi_by_countries,FDI (annual),R24,thousand_usd,2026-08-17,2026-10-10
fdi.country.m49_440,2012,578394.10000000009,usd,actual,numeric,source.geostat_fdi_by_countries,FDI (annual),S24,thousand_usd,2026-08-17,2026-10-10
fdi.country.m49_440,2013,5390853.9408792985,usd,actual,numeric,source.geostat_fdi_by_countries,FDI (annual),T24,thousand_usd,2026-08-17,2026-10-10
fdi.country.m49_440,2014,3750392.6011861995,usd,actual,numeric,source.geostat_fdi_by_countries,FDI (annual),U24,thousand_usd,2026-08-17,2026-10-10
fdi.country.m49_440,2015,2204767.9523644001,usd,actual,numeric,source.geostat_fdi_by_countries,FDI (annual),V24,thousand_usd,2026-08-17,2026-10-10
fdi.country.m49_440,2016,-4423324.6999999992,usd,actual,numeric,source.geostat_fdi_by_countries,FDI (annual),W24,thousand_usd,2026-08-17,2026-10-10
fdi.country.m49_440,2017,2506653.0000000002,usd,actual,numeric,source.geostat_fdi_by_countries,FDI (annual),X24,thousand_usd,2026-08-17,2026-10-10
fdi.country.m49_440,2018,956310.3000000001,usd,actual,numeric,source.geostat_fdi_by_countries,FDI (annual),Y24,thousand_usd,2026-08-17,2026-10-10
fdi.country.m49_440,2019,3983710.2999999997,usd,actual,numeric,source.geostat_fdi_by_countries,FDI (annual),Z24,thousand_usd,2026-08-17,2026-10-10
fdi.country.m49_440,2020,1011767.6999999999,usd,actual,numeric,source.geostat_fdi_by_countries,FDI (annual),AA24,thousand_usd,2026-08-17,2026-10-10
fdi.country.m49_440,2021,1284097,usd,actual,numeric,source.geostat_fdi_by_countries,FDI (annual),AB24,thousand_usd,2026-08-17,2026-10-10
fdi.country.m49_440,2022,7940416.3000000008,usd,actual,numeric,source.geostat_fdi_by_countries,FDI (annual),AC24,thousand_usd,2026-08-17,2026-10-10
fdi.country.m49_440,2023,5039925.3999999992,usd,actual,numeric,source.geostat_fdi_by_countries,FDI (annual),AD24,thousand_usd,2026-08-17,2026-10-10
fdi.country.m49_440,2024,8320937.2999999996,usd,actual,numeric,source.geostat_fdi_by_countries,FDI (annual),AE24,thousand_usd,2026-08-17,2026-10-10
fdi.country.m49_440,2025,4557207.5999999997,usd,actual,numeric,source.geostat_fdi_by_countries,FDI (annual),AF24,thousand_usd,2026-08-17,2026-10-10
fdi.country.m49_442,1996,,usd,actual,not_applicable,source.geostat_fdi_by_countries,FDI (annual),C25,thousand_usd,2026-08-17,2026-10-10
fdi.country.m49_442,1997,,usd,actual,not_applicable,source.geostat_fdi_by_countries,FDI (annual),D25,thousand_usd,2026-08-17,2026-10-10
fdi.country.m49_442,1998,,usd,actual,not_applicable,source.geostat_fdi_by_countries,FDI (annual),E25,thousand_usd,2026-08-17,2026-10-10
fdi.country.m49_442,1999,,usd,actual,not_applicable,source.geostat_fdi_by_countries,FDI (annual),F25,thousand_usd,2026-08-17,2026-10-10
fdi.country.m49_442,2000,,usd,actual,not_applicable,source.geostat_fdi_by_countries,FDI (annual),G25,thousand_usd,2026-08-17,2026-10-10
fdi.country.m49_442,2001,,usd,actual,not_applicable,source.geostat_fdi_by_countries,FDI (annual),H25,thousand_usd,2026-08-17,2026-10-10
fdi.country.m49_442,2002,337236.80345999998,usd,actual,numeric,source.geostat_fdi_by_countries,FDI (annual),I25,thousand_usd,2026-08-17,2026-10-10
fdi.country.m49_442,2003,249770.68714999999,usd,actual,numeric,source.geostat_fdi_by_countries,FDI (annual),J25,thousand_usd,2026-08-17,2026-10-10
fdi.country.m49_442,2004,276575.71676999999,usd,actual,numeric,source.geostat_fdi_by_countries,FDI (annual),K25,thousand_usd,2026-08-17,2026-10-10
fdi.country.m49_442,2005,553059.07647000004,usd,actual,numeric,source.geostat_fdi_by_countries,FDI (annual),L25,thousand_usd,2026-08-17,2026-10-10
fdi.country.m49_442,2006,261060.27645,usd,actual,numeric,source.geostat_fdi_by_countries,FDI (annual),M25,thousand_usd,2026-08-17,2026-10-10
fdi.country.m49_442,2007,8480125.2107,usd,actual,numeric,source.geostat_fdi_by_countries,FDI (annual),N25,thousand_usd,2026-08-17,2026-10-10
fdi.country.m49_442,2008,5731045.1849999999,usd,actual,numeric,source.geostat_fdi_by_countries,FDI (annual),O25,thousand_usd,2026-08-17,2026-10-10
fdi.country.m49_442,2009,9496626.5000000003,usd,actual,numeric,source.geostat_fdi_by_countries,FDI (annual),P25,thousand_usd,2026-08-17,2026-10-10
fdi.country.m49_442,2010,7059928.9999999992,usd,actual,numeric,source.geostat_fdi_by_countries,FDI (annual),Q25,thousand_usd,2026-08-17,2026-10-10
fdi.country.m49_442,2011,43284035.400000001,usd,actual,numeric,source.geostat_fdi_by_countries,FDI (annual),R25,thousand_usd,2026-08-17,2026-10-10
fdi.country.m49_442,2012,42031618.399999999,usd,actual,numeric,source.geostat_fdi_by_countries,FDI (annual),S25,thousand_usd,2026-08-17,2026-10-10
fdi.country.m49_442,2013,91735746.400000004,usd,actual,numeric,source.geostat_fdi_by_countries,FDI (annual),T25,thousand_usd,2026-08-17,2026-10-10
fdi.country.m49_442,2014,109633130.9,usd,actual,numeric,source.geostat_fdi_by_countries,FDI (annual),U25,thousand_usd,2026-08-17,2026-10-10
fdi.country.m49_442,2015,127265281.30000002,usd,actual,numeric,source.geostat_fdi_by_countries,FDI (annual),V25,thousand_usd,2026-08-17,2026-10-10
fdi.country.m49_442,2016,115750361.20000001,usd,actual,numeric,source.geostat_fdi_by_countries,FDI (annual),W25,thousand_usd,2026-08-17,2026-10-10
fdi.country.m49_442,2017,103192160,usd,actual,numeric,source.geostat_fdi_by_countries,FDI (annual),X25,thousand_usd,2026-08-17,2026-10-10
fdi.country.m49_442,2018,50135965.500000006,usd,actual,numeric,source.geostat_fdi_by_countries,FDI (annual),Y25,thousand_usd,2026-08-17,2026-10-10
fdi.country.m49_442,2019,69590199.900000007,usd,actual,numeric,source.geostat_fdi_by_countries,FDI (annual),Z25,thousand_usd,2026-08-17,2026-10-10
fdi.country.m49_442,2020,22006400.300000001,usd,actual,numeric,source.geostat_fdi_by_countries,FDI (annual),AA25,thousand_usd,2026-08-17,2026-10-10
fdi.country.m49_442,2021,47330021.200000003,usd,actual,numeric,source.geostat_fdi_by_countries,FDI (annual),AB25,thousand_usd,2026-08-17,2026-10-10
fdi.country.m49_442,2022,23787375.999999997,usd,actual,numeric,source.geostat_fdi_by_countries,FDI (annual),AC25,thousand_usd,2026-08-17,2026-10-10
fdi.country.m49_442,2023,17400700.799999995,usd,actual,numeric,source.geostat_fdi_by_countries,FDI (annual),AD25,thousand_usd,2026-08-17,2026-10-10
fdi.country.m49_442,2024,11896551.899999999,usd,actual,numeric,source.geostat_fdi_by_countries,FDI (annual),AE25,thousand_usd,2026-08-17,2026-10-10
fdi.country.m49_442,2025,15810230.399999991,usd,actual,numeric,source.geostat_fdi_by_countries,FDI (annual),AF25,thousand_usd,2026-08-17,2026-10-10
fdi.country.m49_470,1996,,usd,actual,not_applicable,source.geostat_fdi_by_countries,FDI (annual),C26,thousand_usd,2026-08-17,2026-10-10
fdi.country.m49_470,1997,,usd,actual,not_applicable,source.geostat_fdi_by_countries,FDI (annual),D26,thousand_usd,2026-08-17,2026-10-10
fdi.country.m49_470,1998,,usd,actual,not_applicable,source.geostat_fdi_by_countries,FDI (annual),E26,thousand_usd,2026-08-17,2026-10-10
fdi.country.m49_470,1999,,usd,actual,not_applicable,source.geostat_fdi_by_countries,FDI (annual),F26,thousand_usd,2026-08-17,2026-10-10
fdi.country.m49_470,2000,,usd,actual,not_applicable,source.geostat_fdi_by_countries,FDI (annual),G26,thousand_usd,2026-08-17,2026-10-10
fdi.country.m49_470,2001,,usd,actual,not_applicable,source.geostat_fdi_by_countries,FDI (annual),H26,thousand_usd,2026-08-17,2026-10-10
fdi.country.m49_470,2002,,usd,actual,not_applicable,source.geostat_fdi_by_countries,FDI (annual),I26,thousand_usd,2026-08-17,2026-10-10
fdi.country.m49_470,2003,,usd,actual,not_applicable,source.geostat_fdi_by_countries,FDI (annual),J26,thousand_usd,2026-08-17,2026-10-10
fdi.country.m49_470,2004,,usd,actual,not_applicable,source.geostat_fdi_by_countries,FDI (annual),K26,thousand_usd,2026-08-17,2026-10-10
fdi.country.m49_470,2005,,usd,actual,not_applicable,source.geostat_fdi_by_countries,FDI (annual),L26,thousand_usd,2026-08-17,2026-10-10
fdi.country.m49_470,2006,,usd,actual,not_applicable,source.geostat_fdi_by_countries,FDI (annual),M26,thousand_usd,2026-08-17,2026-10-10
fdi.country.m49_470,2007,,usd,actual,not_applicable,source.geostat_fdi_by_countries,FDI (annual),N26,thousand_usd,2026-08-17,2026-10-10
fdi.country.m49_470,2008,,usd,actual,not_applicable,source.geostat_fdi_by_countries,FDI (annual),O26,thousand_usd,2026-08-17,2026-10-10
fdi.country.m49_470,2009,,usd,actual,not_applicable,source.geostat_fdi_by_countries,FDI (annual),P26,thousand_usd,2026-08-17,2026-10-10
fdi.country.m49_470,2010,16767859.200000003,usd,actual,numeric,source.geostat_fdi_by_countries,FDI (annual),Q26,thousand_usd,2026-08-17,2026-10-10
fdi.country.m49_470,2011,6788911.5600000005,usd,actual,numeric,source.geostat_fdi_by_countries,FDI (annual),R26,thousand_usd,2026-08-17,2026-10-10
fdi.country.m49_470,2012,32204212.399999997,usd,actual,numeric,source.geostat_fdi_by_countries,FDI (annual),S26,thousand_usd,2026-08-17,2026-10-10
fdi.country.m49_470,2013,44301720.200000003,usd,actual,numeric,source.geostat_fdi_by_countries,FDI (annual),T26,thousand_usd,2026-08-17,2026-10-10
fdi.country.m49_470,2014,45809036.900000006,usd,actual,numeric,source.geostat_fdi_by_countries,FDI (annual),U26,thousand_usd,2026-08-17,2026-10-10
fdi.country.m49_470,2015,28115025.100000003,usd,actual,numeric,source.geostat_fdi_by_countries,FDI (annual),V26,thousand_usd,2026-08-17,2026-10-10
fdi.country.m49_470,2016,29418275.200000004,usd,actual,numeric,source.geostat_fdi_by_countries,FDI (annual),W26,thousand_usd,2026-08-17,2026-10-10
fdi.country.m49_470,2017,9984076.4000000017,usd,actual,numeric,source.geostat_fdi_by_countries,FDI (annual),X26,thousand_usd,2026-08-17,2026-10-10
fdi.country.m49_470,2018,24072883.999999998,usd,actual,numeric,source.geostat_fdi_by_countries,FDI (annual),Y26,thousand_usd,2026-08-17,2026-10-10
fdi.country.m49_470,2019,6312625.3000000124,usd,actual,numeric,source.geostat_fdi_by_countries,FDI (annual),Z26,thousand_usd,2026-08-17,2026-10-10
fdi.country.m49_470,2020,49489949.599999993,usd,actual,numeric,source.geostat_fdi_by_countries,FDI (annual),AA26,thousand_usd,2026-08-17,2026-10-10
fdi.country.m49_470,2021,-2839011.3000000038,usd,actual,numeric,source.geostat_fdi_by_countries,FDI (annual),AB26,thousand_usd,2026-08-17,2026-10-10
fdi.country.m49_470,2022,39267193.000000007,usd,actual,numeric,source.geostat_fdi_by_countries,FDI (annual),AC26,thousand_usd,2026-08-17,2026-10-10
fdi.country.m49_470,2023,98929405.200000008,usd,actual,numeric,source.geostat_fdi_by_countries,FDI (annual),AD26,thousand_usd,2026-08-17,2026-10-10
fdi.country.m49_470,2024,147095250.09999998,usd,actual,numeric,source.geostat_fdi_by_countries,FDI (annual),AE26,thousand_usd,2026-08-17,2026-10-10
fdi.country.m49_470,2025,148313837.50000002,usd,actual,numeric,source.geostat_fdi_by_countries,FDI (annual),AF26,thousand_usd,2026-08-17,2026-10-10
fdi.country.m49_480,1996,,usd,actual,not_applicable,source.geostat_fdi_by_countries,FDI (annual),C70,thousand_usd,2026-08-17,2026-10-10
fdi.country.m49_480,1997,,usd,actual,not_applicable,source.geostat_fdi_by_countries,FDI (annual),D70,thousand_usd,2026-08-17,2026-10-10
fdi.country.m49_480,1998,,usd,actual,not_applicable,source.geostat_fdi_by_countries,FDI (annual),E70,thousand_usd,2026-08-17,2026-10-10
fdi.country.m49_480,1999,,usd,actual,not_applicable,source.geostat_fdi_by_countries,FDI (annual),F70,thousand_usd,2026-08-17,2026-10-10
fdi.country.m49_480,2000,,usd,actual,not_applicable,source.geostat_fdi_by_countries,FDI (annual),G70,thousand_usd,2026-08-17,2026-10-10
fdi.country.m49_480,2001,,usd,actual,not_applicable,source.geostat_fdi_by_countries,FDI (annual),H70,thousand_usd,2026-08-17,2026-10-10
fdi.country.m49_480,2002,,usd,actual,not_applicable,source.geostat_fdi_by_countries,FDI (annual),I70,thousand_usd,2026-08-17,2026-10-10
fdi.country.m49_480,2003,,usd,actual,not_applicable,source.geostat_fdi_by_countries,FDI (annual),J70,thousand_usd,2026-08-17,2026-10-10
fdi.country.m49_480,2004,,usd,actual,not_applicable,source.geostat_fdi_by_countries,FDI (annual),K70,thousand_usd,2026-08-17,2026-10-10
fdi.country.m49_480,2005,,usd,actual,not_applicable,source.geostat_fdi_by_countries,FDI (annual),L70,thousand_usd,2026-08-17,2026-10-10
fdi.country.m49_480,2006,,usd,actual,not_applicable,source.geostat_fdi_by_countries,FDI (annual),M70,thousand_usd,2026-08-17,2026-10-10
fdi.country.m49_480,2007,,usd,actual,not_applicable,source.geostat_fdi_by_countries,FDI (annual),N70,thousand_usd,2026-08-17,2026-10-10
fdi.country.m49_480,2008,,usd,actual,not_applicable,source.geostat_fdi_by_countries,FDI (annual),O70,thousand_usd,2026-08-17,2026-10-10
fdi.country.m49_480,2009,,usd,actual,not_applicable,source.geostat_fdi_by_countries,FDI (annual),P70,thousand_usd,2026-08-17,2026-10-10
fdi.country.m49_480,2010,-98511.100000000013,usd,actual,numeric,source.geostat_fdi_by_countries,FDI (annual),Q70,thousand_usd,2026-08-17,2026-10-10
fdi.country.m49_480,2011,13701431.900000001,usd,actual,numeric,source.geostat_fdi_by_countries,FDI (annual),R70,thousand_usd,2026-08-17,2026-10-10
fdi.country.m49_480,2012,5029435.9000000013,usd,actual,numeric,source.geostat_fdi_by_countries,FDI (annual),S70,thousand_usd,2026-08-17,2026-10-10
fdi.country.m49_480,2013,5003436.7000000002,usd,actual,numeric,source.geostat_fdi_by_countries,FDI (annual),T70,thousand_usd,2026-08-17,2026-10-10
fdi.country.m49_480,2014,813478.39999999997,usd,actual,numeric,source.geostat_fdi_by_countries,FDI (annual),U70,thousand_usd,2026-08-17,2026-10-10
fdi.country.m49_480,2015,3250273.3999999996,usd,actual,numeric,source.geostat_fdi_by_countries,FDI (annual),V70,thousand_usd,2026-08-17,2026-10-10
fdi.country.m49_480,2016,6162858.2999999999,usd,actual,numeric,source.geostat_fdi_by_countries,FDI (annual),W70,thousand_usd,2026-08-17,2026-10-10
fdi.country.m49_480,2017,-7804530.6,usd,actual,numeric,source.geostat_fdi_by_countries,FDI (annual),X70,thousand_usd,2026-08-17,2026-10-10
fdi.country.m49_480,2018,1653575.8999999998,usd,actual,numeric,source.geostat_fdi_by_countries,FDI (annual),Y70,thousand_usd,2026-08-17,2026-10-10
fdi.country.m49_480,2019,4032222.9000000002,usd,actual,numeric,source.geostat_fdi_by_countries,FDI (annual),Z70,thousand_usd,2026-08-17,2026-10-10
fdi.country.m49_480,2020,-488003.00000000004,usd,actual,numeric,source.geostat_fdi_by_countries,FDI (annual),AA70,thousand_usd,2026-08-17,2026-10-10
fdi.country.m49_480,2021,736785.90000000008,usd,actual,numeric,source.geostat_fdi_by_countries,FDI (annual),AB70,thousand_usd,2026-08-17,2026-10-10
fdi.country.m49_480,2022,-1832120.5,usd,actual,numeric,source.geostat_fdi_by_countries,FDI (annual),AC70,thousand_usd,2026-08-17,2026-10-10
fdi.country.m49_480,2023,417212.59999999995,usd,actual,numeric,source.geostat_fdi_by_countries,FDI (annual),AD70,thousand_usd,2026-08-17,2026-10-10
fdi.country.m49_480,2024,1555288.8999999998,usd,actual,numeric,source.geostat_fdi_by_countries,FDI (annual),AE70,thousand_usd,2026-08-17,2026-10-10
fdi.country.m49_480,2025,2126067.6999999996,usd,actual,numeric,source.geostat_fdi_by_countries,FDI (annual),AF70,thousand_usd,2026-08-17,2026-10-10
fdi.country.m49_498,1996,,usd,actual,not_applicable,source.geostat_fdi_by_countries,FDI (annual),C42,thousand_usd,2026-08-17,2026-10-10
fdi.country.m49_498,1997,,usd,actual,not_applicable,source.geostat_fdi_by_countries,FDI (annual),D42,thousand_usd,2026-08-17,2026-10-10
fdi.country.m49_498,1998,,usd,actual,not_applicable,source.geostat_fdi_by_countries,FDI (annual),E42,thousand_usd,2026-08-17,2026-10-10
fdi.country.m49_498,1999,,usd,actual,not_applicable,source.geostat_fdi_by_countries,FDI (annual),F42,thousand_usd,2026-08-17,2026-10-10
fdi.country.m49_498,2000,,usd,actual,not_applicable,source.geostat_fdi_by_countries,FDI (annual),G42,thousand_usd,2026-08-17,2026-10-10
fdi.country.m49_498,2001,,usd,actual,not_applicable,source.geostat_fdi_by_countries,FDI (annual),H42,thousand_usd,2026-08-17,2026-10-10
fdi.country.m49_498,2002,,usd,actual,not_applicable,source.geostat_fdi_by_countries,FDI (annual),I42,thousand_usd,2026-08-17,2026-10-10
fdi.country.m49_498,2003,,usd,actual,not_applicable,source.geostat_fdi_by_countries,FDI (annual),J42,thousand_usd,2026-08-17,2026-10-10
fdi.country.m49_498,2004,,usd,actual,not_applicable,source.geostat_fdi_by_countries,FDI (annual),K42,thousand_usd,2026-08-17,2026-10-10
fdi.country.m49_498,2005,,usd,actual,not_applicable,source.geostat_fdi_by_countries,FDI (annual),L42,thousand_usd,2026-08-17,2026-10-10
fdi.country.m49_498,2006,,usd,actual,not_applicable,source.geostat_fdi_by_countries,FDI (annual),M42,thousand_usd,2026-08-17,2026-10-10
fdi.country.m49_498,2007,,usd,actual,not_applicable,source.geostat_fdi_by_countries,FDI (annual),N42,thousand_usd,2026-08-17,2026-10-10
fdi.country.m49_498,2008,,usd,actual,not_applicable,source.geostat_fdi_by_countries,FDI (annual),O42,thousand_usd,2026-08-17,2026-10-10
fdi.country.m49_498,2009,-84815.899999999999,usd,actual,numeric,source.geostat_fdi_by_countries,FDI (annual),P42,thousand_usd,2026-08-17,2026-10-10
fdi.country.m49_498,2010,,usd,actual,not_applicable,source.geostat_fdi_by_countries,FDI (annual),Q42,thousand_usd,2026-08-17,2026-10-10
fdi.country.m49_498,2011,41941.400000000002,usd,actual,numeric,source.geostat_fdi_by_countries,FDI (annual),R42,thousand_usd,2026-08-17,2026-10-10
fdi.country.m49_498,2012,-103760.8,usd,actual,numeric,source.geostat_fdi_by_countries,FDI (annual),S42,thousand_usd,2026-08-17,2026-10-10
fdi.country.m49_498,2013,-766951.79999999993,usd,actual,numeric,source.geostat_fdi_by_countries,FDI (annual),T42,thousand_usd,2026-08-17,2026-10-10
fdi.country.m49_498,2014,-227832.1,usd,actual,numeric,source.geostat_fdi_by_countries,FDI (annual),U42,thousand_usd,2026-08-17,2026-10-10
fdi.country.m49_498,2015,-248186.90000000004,usd,actual,numeric,source.geostat_fdi_by_countries,FDI (annual),V42,thousand_usd,2026-08-17,2026-10-10
fdi.country.m49_498,2016,-22980.300000000007,usd,actual,numeric,source.geostat_fdi_by_countries,FDI (annual),W42,thousand_usd,2026-08-17,2026-10-10
fdi.country.m49_498,2017,43558.799999999998,usd,actual,numeric,source.geostat_fdi_by_countries,FDI (annual),X42,thousand_usd,2026-08-17,2026-10-10
fdi.country.m49_498,2018,79142.400000000009,usd,actual,numeric,source.geostat_fdi_by_countries,FDI (annual),Y42,thousand_usd,2026-08-17,2026-10-10
fdi.country.m49_498,2019,18945.000000000004,usd,actual,numeric,source.geostat_fdi_by_countries,FDI (annual),Z42,thousand_usd,2026-08-17,2026-10-10
fdi.country.m49_498,2020,34191.099999999999,usd,actual,numeric,source.geostat_fdi_by_countries,FDI (annual),AA42,thousand_usd,2026-08-17,2026-10-10
fdi.country.m49_498,2021,412924.49999999997,usd,actual,numeric,source.geostat_fdi_by_countries,FDI (annual),AB42,thousand_usd,2026-08-17,2026-10-10
fdi.country.m49_498,2022,125827.4,usd,actual,numeric,source.geostat_fdi_by_countries,FDI (annual),AC42,thousand_usd,2026-08-17,2026-10-10
fdi.country.m49_498,2023,509246.79999999995,usd,actual,numeric,source.geostat_fdi_by_countries,FDI (annual),AD42,thousand_usd,2026-08-17,2026-10-10
fdi.country.m49_498,2024,60887,usd,actual,numeric,source.geostat_fdi_by_countries,FDI (annual),AE42,thousand_usd,2026-08-17,2026-10-10
fdi.country.m49_498,2025,520378.50000000003,usd,actual,numeric,source.geostat_fdi_by_countries,FDI (annual),AF42,thousand_usd,2026-08-17,2026-10-10
fdi.country.m49_528,1996,,usd,actual,not_applicable,source.geostat_fdi_by_countries,FDI (annual),C27,thousand_usd,2026-08-17,2026-10-10
fdi.country.m49_528,1997,,usd,actual,not_applicable,source.geostat_fdi_by_countries,FDI (annual),D27,thousand_usd,2026-08-17,2026-10-10
fdi.country.m49_528,1998,,usd,actual,not_applicable,source.geostat_fdi_by_countries,FDI (annual),E27,thousand_usd,2026-08-17,2026-10-10
fdi.country.m49_528,1999,,usd,actual,not_applicable,source.geostat_fdi_by_countries,FDI (annual),F27,thousand_usd,2026-08-17,2026-10-10
fdi.country.m49_528,2000,4422138.1858000004,usd,actual,numeric,source.geostat_fdi_by_countries,FDI (annual),G27,thousand_usd,2026-08-17,2026-10-10
fdi.country.m49_528,2001,1500603.1406,usd,actual,numeric,source.geostat_fdi_by_countries,FDI (annual),H27,thousand_usd,2026-08-17,2026-10-10
fdi.country.m49_528,2002,80402.4,usd,actual,numeric,source.geostat_fdi_by_countries,FDI (annual),I27,thousand_usd,2026-08-17,2026-10-10
fdi.country.m49_528,2003,143861.95000000001,usd,actual,numeric,source.geostat_fdi_by_countries,FDI (annual),J27,thousand_usd,2026-08-17,2026-10-10
fdi.country.m49_528,2004,35615.629999999996,usd,actual,numeric,source.geostat_fdi_by_countries,FDI (annual),K27,thousand_usd,2026-08-17,2026-10-10
fdi.country.m49_528,2005,632007.73225,usd,actual,numeric,source.geostat_fdi_by_countries,FDI (annual),L27,thousand_usd,2026-08-17,2026-10-10
fdi.country.m49_528,2006,69405609.353999986,usd,actual,numeric,source.geostat_fdi_by_countries,FDI (annual),M27,thousand_usd,2026-08-17,2026-10-10
fdi.country.m49_528,2007,274706796.91000003,usd,actual,numeric,source.geostat_fdi_by_countries,FDI (annual),N27,thousand_usd,2026-08-17,2026-10-10
fdi.country.m49_528,2008,138706523.502,usd,actual,numeric,source.geostat_fdi_by_countries,FDI (annual),O27,thousand_usd,2026-08-17,2026-10-10
fdi.country.m49_528,2009,34324985.112800001,usd,actual,numeric,source.geostat_fdi_by_countries,FDI (annual),P27,thousand_usd,2026-08-17,2026-10-10
fdi.country.m49_528,2010,73008939.530500211,usd,actual,numeric,source.geostat_fdi_by_countries,FDI (annual),Q27,thousand_usd,2026-08-17,2026-10-10
fdi.country.m49_528,2011,244536257.83875003,usd,actual,numeric,source.geostat_fdi_by_countries,FDI (annual),R27,thousand_usd,2026-08-17,2026-10-10
fdi.country.m49_528,2012,34210311.291500017,usd,actual,numeric,source.geostat_fdi_by_countries,FDI (annual),S27,thousand_usd,2026-08-17,2026-10-10
fdi.country.m49_528,2013,159181128.74856865,usd,actual,numeric,source.geostat_fdi_by_countries,FDI (annual),T27,thousand_usd,2026-08-17,2026-10-10
fdi.country.m49_528,2014,420490832.15626166,usd,actual,numeric,source.geostat_fdi_by_countries,FDI (annual),U27,thousand_usd,2026-08-17,2026-10-10
fdi.country.m49_528,2015,164899074.52857299,usd,actual,numeric,source.geostat_fdi_by_countries,FDI (annual),V27,thousand_usd,2026-08-17,2026-10-10
fdi.country.m49_528,2016,77343811.499999807,usd,actual,numeric,source.geostat_fdi_by_countries,FDI (annual),W27,thousand_usd,2026-08-17,2026-10-10
fdi.country.m49_528,2017,356181662.9,usd,actual,numeric,source.geostat_fdi_by_countries,FDI (annual),X27,thousand_usd,2026-08-17,2026-10-10
fdi.country.m49_528,2018,212637935.20000004,usd,actual,numeric,source.geostat_fdi_by_countries,FDI (annual),Y27,thousand_usd,2026-08-17,2026-10-10
fdi.country.m49_528,2019,88178688.099999898,usd,actual,numeric,source.geostat_fdi_by_countries,FDI (annual),Z27,thousand_usd,2026-08-17,2026-10-10
fdi.country.m49_528,2020,211437567.3,usd,actual,numeric,source.geostat_fdi_by_countries,FDI (annual),AA27,thousand_usd,2026-08-17,2026-10-10
fdi.country.m49_528,2021,162905628.40000002,usd,actual,numeric,source.geostat_fdi_by_countries,FDI (annual),AB27,thousand_usd,2026-08-17,2026-10-10
fdi.country.m49_528,2022,199533839.79999999,usd,actual,numeric,source.geostat_fdi_by_countries,FDI (annual),AC27,thousand_usd,2026-08-17,2026-10-10
fdi.country.m49_528,2023,367824402,usd,actual,numeric,source.geostat_fdi_by_countries,FDI (annual),AD27,thousand_usd,2026-08-17,2026-10-10
fdi.country.m49_528,2024,231456505,usd,actual,numeric,source.geostat_fdi_by_countries,FDI (annual),AE27,thousand_usd,2026-08-17,2026-10-10
fdi.country.m49_528,2025,136835660.80000001,usd,actual,numeric,source.geostat_fdi_by_countries,FDI (annual),AF27,thousand_usd,2026-08-17,2026-10-10
fdi.country.m49_578,1996,,usd,actual,not_applicable,source.geostat_fdi_by_countries,FDI (annual),C71,thousand_usd,2026-08-17,2026-10-10
fdi.country.m49_578,1997,10955165.981,usd,actual,numeric,source.geostat_fdi_by_countries,FDI (annual),D71,thousand_usd,2026-08-17,2026-10-10
fdi.country.m49_578,1998,11065616.163000001,usd,actual,numeric,source.geostat_fdi_by_countries,FDI (annual),E71,thousand_usd,2026-08-17,2026-10-10
fdi.country.m49_578,1999,,usd,actual,not_applicable,source.geostat_fdi_by_countries,FDI (annual),F71,thousand_usd,2026-08-17,2026-10-10
fdi.country.m49_578,2000,,usd,actual,not_applicable,source.geostat_fdi_by_countries,FDI (annual),G71,thousand_usd,2026-08-17,2026-10-10
fdi.country.m49_578,2001,,usd,actual,not_applicable,source.geostat_fdi_by_countries,FDI (annual),H71,thousand_usd,2026-08-17,2026-10-10
fdi.country.m49_578,2002,2194343.9906000003,usd,actual,numeric,source.geostat_fdi_by_countries,FDI (annual),I71,thousand_usd,2026-08-17,2026-10-10
fdi.country.m49_578,2003,10462969.168,usd,actual,numeric,source.geostat_fdi_by_countries,FDI (annual),J71,thousand_usd,2026-08-17,2026-10-10
fdi.country.m49_578,2004,36697418.369999999,usd,actual,numeric,source.geostat_fdi_by_countries,FDI (annual),K71,thousand_usd,2026-08-17,2026-10-10
fdi.country.m49_578,2005,22821608.714000002,usd,actual,numeric,source.geostat_fdi_by_countries,FDI (annual),L71,thousand_usd,2026-08-17,2026-10-10
fdi.country.m49_578,2006,75925522.734000013,usd,actual,numeric,source.geostat_fdi_by_countries,FDI (annual),M71,thousand_usd,2026-08-17,2026-10-10
fdi.country.m49_578,2007,23063474.448000001,usd,actual,numeric,source.geostat_fdi_by_countries,FDI (annual),N71,thousand_usd,2026-08-17,2026-10-10
fdi.country.m49_578,2008,1965553.6267986026,usd,actual,numeric,source.geostat_fdi_by_countries,FDI (annual),O71,thousand_usd,2026-08-17,2026-10-10
fdi.country.m49_578,2009,1131363.0048380001,usd,actual,numeric,source.geostat_fdi_by_countries,FDI (annual),P71,thousand_usd,2026-08-17,2026-10-10
fdi.country.m49_578,2010,2022578.3999999996,usd,actual,numeric,source.geostat_fdi_by_countries,FDI (annual),Q71,thousand_usd,2026-08-17,2026-10-10
fdi.country.m49_578,2011,3048948.8000000001,usd,actual,numeric,source.geostat_fdi_by_countries,FDI (annual),R71,thousand_usd,2026-08-17,2026-10-10
fdi.country.m49_578,2012,4120182.2999999995,usd,actual,numeric,source.geostat_fdi_by_countries,FDI (annual),S71,thousand_usd,2026-08-17,2026-10-10
fdi.country.m49_578,2013,3239756.5210483003,usd,actual,numeric,source.geostat_fdi_by_countries,FDI (annual),T71,thousand_usd,2026-08-17,2026-10-10
fdi.country.m49_578,2014,449067.30847159997,usd,actual,numeric,source.geostat_fdi_by_countries,FDI (annual),U71,thousand_usd,2026-08-17,2026-10-10
fdi.country.m49_578,2015,343375.96469819999,usd,actual,numeric,source.geostat_fdi_by_countries,FDI (annual),V71,thousand_usd,2026-08-17,2026-10-10
fdi.country.m49_578,2016,-2056171.3,usd,actual,numeric,source.geostat_fdi_by_countries,FDI (annual),W71,thousand_usd,2026-08-17,2026-10-10
fdi.country.m49_578,2017,730670.79999999999,usd,actual,numeric,source.geostat_fdi_by_countries,FDI (annual),X71,thousand_usd,2026-08-17,2026-10-10
fdi.country.m49_578,2018,5687340.2999999989,usd,actual,numeric,source.geostat_fdi_by_countries,FDI (annual),Y71,thousand_usd,2026-08-17,2026-10-10
fdi.country.m49_578,2019,-89965.200000000038,usd,actual,numeric,source.geostat_fdi_by_countries,FDI (annual),Z71,thousand_usd,2026-08-17,2026-10-10
fdi.country.m49_578,2020,1144626.2000000002,usd,actual,numeric,source.geostat_fdi_by_countries,FDI (annual),AA71,thousand_usd,2026-08-17,2026-10-10
fdi.country.m49_578,2021,986338.99999999994,usd,actual,numeric,source.geostat_fdi_by_countries,FDI (annual),AB71,thousand_usd,2026-08-17,2026-10-10
fdi.country.m49_578,2022,189039.7999999999,usd,actual,numeric,source.geostat_fdi_by_countries,FDI (annual),AC71,thousand_usd,2026-08-17,2026-10-10
fdi.country.m49_578,2023,-167592.99999999999,usd,actual,numeric,source.geostat_fdi_by_countries,FDI (annual),AD71,thousand_usd,2026-08-17,2026-10-10
fdi.country.m49_578,2024,176094.69999999996,usd,actual,numeric,source.geostat_fdi_by_countries,FDI (annual),AE71,thousand_usd,2026-08-17,2026-10-10
fdi.country.m49_578,2025,179059,usd,actual,numeric,source.geostat_fdi_by_countries,FDI (annual),AF71,thousand_usd,2026-08-17,2026-10-10
fdi.country.m49_584,1996,,usd,actual,not_applicable,source.geostat_fdi_by_countries,FDI (annual),C72,thousand_usd,2026-08-17,2026-10-10
fdi.country.m49_584,1997,,usd,actual,not_applicable,source.geostat_fdi_by_countries,FDI (annual),D72,thousand_usd,2026-08-17,2026-10-10
fdi.country.m49_584,1998,,usd,actual,not_applicable,source.geostat_fdi_by_countries,FDI (annual),E72,thousand_usd,2026-08-17,2026-10-10
fdi.country.m49_584,1999,,usd,actual,not_applicable,source.geostat_fdi_by_countries,FDI (annual),F72,thousand_usd,2026-08-17,2026-10-10
fdi.country.m49_584,2000,,usd,actual,not_applicable,source.geostat_fdi_by_countries,FDI (annual),G72,thousand_usd,2026-08-17,2026-10-10
fdi.country.m49_584,2001,,usd,actual,not_applicable,source.geostat_fdi_by_countries,FDI (annual),H72,thousand_usd,2026-08-17,2026-10-10
fdi.country.m49_584,2002,,usd,actual,not_applicable,source.geostat_fdi_by_countries,FDI (annual),I72,thousand_usd,2026-08-17,2026-10-10
fdi.country.m49_584,2003,,usd,actual,not_applicable,source.geostat_fdi_by_countries,FDI (annual),J72,thousand_usd,2026-08-17,2026-10-10
fdi.country.m49_584,2004,,usd,actual,not_applicable,source.geostat_fdi_by_countries,FDI (annual),K72,thousand_usd,2026-08-17,2026-10-10
fdi.country.m49_584,2005,,usd,actual,not_applicable,source.geostat_fdi_by_countries,FDI (annual),L72,thousand_usd,2026-08-17,2026-10-10
fdi.country.m49_584,2006,3197700,usd,actual,numeric,source.geostat_fdi_by_countries,FDI (annual),M72,thousand_usd,2026-08-17,2026-10-10
fdi.country.m49_584,2007,1309255.1195000001,usd,actual,numeric,source.geostat_fdi_by_countries,FDI (annual),N72,thousand_usd,2026-08-17,2026-10-10
fdi.country.m49_584,2008,1742100.3495,usd,actual,numeric,source.geostat_fdi_by_countries,FDI (annual),O72,thousand_usd,2026-08-17,2026-10-10
fdi.country.m49_584,2009,6484685.0999999997,usd,actual,numeric,source.geostat_fdi_by_countries,FDI (annual),P72,thousand_usd,2026-08-17,2026-10-10
fdi.country.m49_584,2010,10338807.168199999,usd,actual,numeric,source.geostat_fdi_by_countries,FDI (annual),Q72,thousand_usd,2026-08-17,2026-10-10
fdi.country.m49_584,2011,9055097.7999999996,usd,actual,numeric,source.geostat_fdi_by_countries,FDI (annual),R72,thousand_usd,2026-08-17,2026-10-10
fdi.country.m49_584,2012,8384504.9282,usd,actual,numeric,source.geostat_fdi_by_countries,FDI (annual),S72,thousand_usd,2026-08-17,2026-10-10
fdi.country.m49_584,2013,-589307.09999999908,usd,actual,numeric,source.geostat_fdi_by_countries,FDI (annual),T72,thousand_usd,2026-08-17,2026-10-10
fdi.country.m49_584,2014,3465783.3999999998,usd,actual,numeric,source.geostat_fdi_by_countries,FDI (annual),U72,thousand_usd,2026-08-17,2026-10-10
fdi.country.m49_584,2015,6939987.799999999,usd,actual,numeric,source.geostat_fdi_by_countries,FDI (annual),V72,thousand_usd,2026-08-17,2026-10-10
fdi.country.m49_584,2016,4182933.6000000003,usd,actual,numeric,source.geostat_fdi_by_countries,FDI (annual),W72,thousand_usd,2026-08-17,2026-10-10
fdi.country.m49_584,2017,2861789.5999999992,usd,actual,numeric,source.geostat_fdi_by_countries,FDI (annual),X72,thousand_usd,2026-08-17,2026-10-10
fdi.country.m49_584,2018,1862950.6000000001,usd,actual,numeric,source.geostat_fdi_by_countries,FDI (annual),Y72,thousand_usd,2026-08-17,2026-10-10
fdi.country.m49_584,2019,34074694.899999988,usd,actual,numeric,source.geostat_fdi_by_countries,FDI (annual),Z72,thousand_usd,2026-08-17,2026-10-10
fdi.country.m49_584,2020,6909046.3000000018,usd,actual,numeric,source.geostat_fdi_by_countries,FDI (annual),AA72,thousand_usd,2026-08-17,2026-10-10
fdi.country.m49_584,2021,19452466,usd,actual,numeric,source.geostat_fdi_by_countries,FDI (annual),AB72,thousand_usd,2026-08-17,2026-10-10
fdi.country.m49_584,2022,37779837,usd,actual,numeric,source.geostat_fdi_by_countries,FDI (annual),AC72,thousand_usd,2026-08-17,2026-10-10
fdi.country.m49_584,2023,35604959.999999999,usd,actual,numeric,source.geostat_fdi_by_countries,FDI (annual),AD72,thousand_usd,2026-08-17,2026-10-10
fdi.country.m49_584,2024,35888136.199999994,usd,actual,numeric,source.geostat_fdi_by_countries,FDI (annual),AE72,thousand_usd,2026-08-17,2026-10-10
fdi.country.m49_584,2025,33582555.899999992,usd,actual,numeric,source.geostat_fdi_by_countries,FDI (annual),AF72,thousand_usd,2026-08-17,2026-10-10
fdi.country.m49_591,1996,,usd,actual,not_applicable,source.geostat_fdi_by_countries,FDI (annual),C73,thousand_usd,2026-08-17,2026-10-10
fdi.country.m49_591,1997,,usd,actual,not_applicable,source.geostat_fdi_by_countries,FDI (annual),D73,thousand_usd,2026-08-17,2026-10-10
fdi.country.m49_591,1998,,usd,actual,not_applicable,source.geostat_fdi_by_countries,FDI (annual),E73,thousand_usd,2026-08-17,2026-10-10
fdi.country.m49_591,1999,,usd,actual,not_applicable,source.geostat_fdi_by_countries,FDI (annual),F73,thousand_usd,2026-08-17,2026-10-10
fdi.country.m49_591,2000,,usd,actual,not_applicable,source.geostat_fdi_by_countries,FDI (annual),G73,thousand_usd,2026-08-17,2026-10-10
fdi.country.m49_591,2001,,usd,actual,not_applicable,source.geostat_fdi_by_countries,FDI (annual),H73,thousand_usd,2026-08-17,2026-10-10
fdi.country.m49_591,2002,,usd,actual,not_applicable,source.geostat_fdi_by_countries,FDI (annual),I73,thousand_usd,2026-08-17,2026-10-10
fdi.country.m49_591,2003,,usd,actual,not_applicable,source.geostat_fdi_by_countries,FDI (annual),J73,thousand_usd,2026-08-17,2026-10-10
fdi.country.m49_591,2004,,usd,actual,not_applicable,source.geostat_fdi_by_countries,FDI (annual),K73,thousand_usd,2026-08-17,2026-10-10
fdi.country.m49_591,2005,,usd,actual,not_applicable,source.geostat_fdi_by_countries,FDI (annual),L73,thousand_usd,2026-08-17,2026-10-10
fdi.country.m49_591,2006,4493763.4909199996,usd,actual,numeric,source.geostat_fdi_by_countries,FDI (annual),M73,thousand_usd,2026-08-17,2026-10-10
fdi.country.m49_591,2007,5649890.7891999997,usd,actual,numeric,source.geostat_fdi_by_countries,FDI (annual),N73,thousand_usd,2026-08-17,2026-10-10
fdi.country.m49_591,2008,-2470040.285,usd,actual,numeric,source.geostat_fdi_by_countries,FDI (annual),O73,thousand_usd,2026-08-17,2026-10-10
fdi.country.m49_591,2009,74742194.900000002,usd,actual,numeric,source.geostat_fdi_by_countries,FDI (annual),P73,thousand_usd,2026-08-17,2026-10-10
fdi.country.m49_591,2010,-5024983.0000000002,usd,actual,numeric,source.geostat_fdi_by_countries,FDI (annual),Q73,thousand_usd,2026-08-17,2026-10-10
fdi.country.m49_591,2011,2181511.0000000004,usd,actual,numeric,source.geostat_fdi_by_countries,FDI (annual),R73,thousand_usd,2026-08-17,2026-10-10
fdi.country.m49_591,2012,10685019.3,usd,actual,numeric,source.geostat_fdi_by_countries,FDI (annual),S73,thousand_usd,2026-08-17,2026-10-10
fdi.country.m49_591,2013,25750032.999999999,usd,actual,numeric,source.geostat_fdi_by_countries,FDI (annual),T73,thousand_usd,2026-08-17,2026-10-10
fdi.country.m49_591,2014,70663535.699999993,usd,actual,numeric,source.geostat_fdi_by_countries,FDI (annual),U73,thousand_usd,2026-08-17,2026-10-10
fdi.country.m49_591,2015,9524015.0000000012,usd,actual,numeric,source.geostat_fdi_by_countries,FDI (annual),V73,thousand_usd,2026-08-17,2026-10-10
fdi.country.m49_591,2016,77663181.499999992,usd,actual,numeric,source.geostat_fdi_by_countries,FDI (annual),W73,thousand_usd,2026-08-17,2026-10-10
fdi.country.m49_591,2017,27175469.999999994,usd,actual,numeric,source.geostat_fdi_by_countries,FDI (annual),X73,thousand_usd,2026-08-17,2026-10-10
fdi.country.m49_591,2018,76985886.200000008,usd,actual,numeric,source.geostat_fdi_by_countries,FDI (annual),Y73,thousand_usd,2026-08-17,2026-10-10
fdi.country.m49_591,2019,76830098.699999988,usd,actual,numeric,source.geostat_fdi_by_countries,FDI (annual),Z73,thousand_usd,2026-08-17,2026-10-10
fdi.country.m49_591,2020,-210093055.99999998,usd,actual,numeric,source.geostat_fdi_by_countries,FDI (annual),AA73,thousand_usd,2026-08-17,2026-10-10
fdi.country.m49_591,2021,-9641675.2000000015,usd,actual,numeric,source.geostat_fdi_by_countries,FDI (annual),AB73,thousand_usd,2026-08-17,2026-10-10
fdi.country.m49_591,2022,5395892.5999999992,usd,actual,numeric,source.geostat_fdi_by_countries,FDI (annual),AC73,thousand_usd,2026-08-17,2026-10-10
fdi.country.m49_591,2023,-7501666.5000000012,usd,actual,numeric,source.geostat_fdi_by_countries,FDI (annual),AD73,thousand_usd,2026-08-17,2026-10-10
fdi.country.m49_591,2024,-18736889.7,usd,actual,numeric,source.geostat_fdi_by_countries,FDI (annual),AE73,thousand_usd,2026-08-17,2026-10-10
fdi.country.m49_591,2025,-40302744.900000005,usd,actual,numeric,source.geostat_fdi_by_countries,FDI (annual),AF73,thousand_usd,2026-08-17,2026-10-10
fdi.country.m49_608,1996,,usd,actual,not_applicable,source.geostat_fdi_by_countries,FDI (annual),C74,thousand_usd,2026-08-17,2026-10-10
fdi.country.m49_608,1997,,usd,actual,not_applicable,source.geostat_fdi_by_countries,FDI (annual),D74,thousand_usd,2026-08-17,2026-10-10
fdi.country.m49_608,1998,,usd,actual,not_applicable,source.geostat_fdi_by_countries,FDI (annual),E74,thousand_usd,2026-08-17,2026-10-10
fdi.country.m49_608,1999,,usd,actual,not_applicable,source.geostat_fdi_by_countries,FDI (annual),F74,thousand_usd,2026-08-17,2026-10-10
fdi.country.m49_608,2000,,usd,actual,not_applicable,source.geostat_fdi_by_countries,FDI (annual),G74,thousand_usd,2026-08-17,2026-10-10
fdi.country.m49_608,2001,,usd,actual,not_applicable,source.geostat_fdi_by_countries,FDI (annual),H74,thousand_usd,2026-08-17,2026-10-10
fdi.country.m49_608,2002,,usd,actual,not_applicable,source.geostat_fdi_by_countries,FDI (annual),I74,thousand_usd,2026-08-17,2026-10-10
fdi.country.m49_608,2003,,usd,actual,not_applicable,source.geostat_fdi_by_countries,FDI (annual),J74,thousand_usd,2026-08-17,2026-10-10
fdi.country.m49_608,2004,,usd,actual,not_applicable,source.geostat_fdi_by_countries,FDI (annual),K74,thousand_usd,2026-08-17,2026-10-10
fdi.country.m49_608,2005,,usd,actual,not_applicable,source.geostat_fdi_by_countries,FDI (annual),L74,thousand_usd,2026-08-17,2026-10-10
fdi.country.m49_608,2006,,usd,actual,not_applicable,source.geostat_fdi_by_countries,FDI (annual),M74,thousand_usd,2026-08-17,2026-10-10
fdi.country.m49_608,2007,,usd,actual,not_applicable,source.geostat_fdi_by_countries,FDI (annual),N74,thousand_usd,2026-08-17,2026-10-10
fdi.country.m49_608,2008,,usd,actual,not_applicable,source.geostat_fdi_by_countries,FDI (annual),O74,thousand_usd,2026-08-17,2026-10-10
fdi.country.m49_608,2009,,usd,actual,not_applicable,source.geostat_fdi_by_countries,FDI (annual),P74,thousand_usd,2026-08-17,2026-10-10
fdi.country.m49_608,2010,1620276.7000000001,usd,actual,numeric,source.geostat_fdi_by_countries,FDI (annual),Q74,thousand_usd,2026-08-17,2026-10-10
fdi.country.m49_608,2011,,usd,actual,not_applicable,source.geostat_fdi_by_countries,FDI (annual),R74,thousand_usd,2026-08-17,2026-10-10
fdi.country.m49_608,2012,,usd,actual,not_applicable,source.geostat_fdi_by_countries,FDI (annual),S74,thousand_usd,2026-08-17,2026-10-10
fdi.country.m49_608,2013,,usd,actual,not_applicable,source.geostat_fdi_by_countries,FDI (annual),T74,thousand_usd,2026-08-17,2026-10-10
fdi.country.m49_608,2014,,usd,actual,not_applicable,source.geostat_fdi_by_countries,FDI (annual),U74,thousand_usd,2026-08-17,2026-10-10
fdi.country.m49_608,2015,,usd,actual,not_applicable,source.geostat_fdi_by_countries,FDI (annual),V74,thousand_usd,2026-08-17,2026-10-10
fdi.country.m49_608,2016,14456.499999999998,usd,actual,numeric,source.geostat_fdi_by_countries,FDI (annual),W74,thousand_usd,2026-08-17,2026-10-10
fdi.country.m49_608,2017,-363.00000000000021,usd,actual,numeric,source.geostat_fdi_by_countries,FDI (annual),X74,thousand_usd,2026-08-17,2026-10-10
fdi.country.m49_608,2018,,usd,actual,not_applicable,source.geostat_fdi_by_countries,FDI (annual),Y74,thousand_usd,2026-08-17,2026-10-10
fdi.country.m49_608,2019,46064.300000000003,usd,actual,numeric,source.geostat_fdi_by_countries,FDI (annual),Z74,thousand_usd,2026-08-17,2026-10-10
fdi.country.m49_608,2020,1997.1999999999999,usd,actual,numeric,source.geostat_fdi_by_countries,FDI (annual),AA74,thousand_usd,2026-08-17,2026-10-10
fdi.country.m49_608,2021,415184.69999999996,usd,actual,numeric,source.geostat_fdi_by_countries,FDI (annual),AB74,thousand_usd,2026-08-17,2026-10-10
fdi.country.m49_608,2022,289908.40000000003,usd,actual,numeric,source.geostat_fdi_by_countries,FDI (annual),AC74,thousand_usd,2026-08-17,2026-10-10
fdi.country.m49_608,2023,9868.3000000000014,usd,actual,numeric,source.geostat_fdi_by_countries,FDI (annual),AD74,thousand_usd,2026-08-17,2026-10-10
fdi.country.m49_608,2024,144036.29999999998,usd,actual,numeric,source.geostat_fdi_by_countries,FDI (annual),AE74,thousand_usd,2026-08-17,2026-10-10
fdi.country.m49_608,2025,2847.900000000001,usd,actual,numeric,source.geostat_fdi_by_countries,FDI (annual),AF74,thousand_usd,2026-08-17,2026-10-10
fdi.country.m49_616,1996,,usd,actual,not_applicable,source.geostat_fdi_by_countries,FDI (annual),C28,thousand_usd,2026-08-17,2026-10-10
fdi.country.m49_616,1997,,usd,actual,not_applicable,source.geostat_fdi_by_countries,FDI (annual),D28,thousand_usd,2026-08-17,2026-10-10
fdi.country.m49_616,1998,,usd,actual,not_applicable,source.geostat_fdi_by_countries,FDI (annual),E28,thousand_usd,2026-08-17,2026-10-10
fdi.country.m49_616,1999,,usd,actual,not_applicable,source.geostat_fdi_by_countries,FDI (annual),F28,thousand_usd,2026-08-17,2026-10-10
fdi.country.m49_616,2000,5947149.5793000004,usd,actual,numeric,source.geostat_fdi_by_countries,FDI (annual),G28,thousand_usd,2026-08-17,2026-10-10
fdi.country.m49_616,2001,2581623.2848999998,usd,actual,numeric,source.geostat_fdi_by_countries,FDI (annual),H28,thousand_usd,2026-08-17,2026-10-10
fdi.country.m49_616,2002,,usd,actual,not_applicable,source.geostat_fdi_by_countries,FDI (annual),I28,thousand_usd,2026-08-17,2026-10-10
fdi.country.m49_616,2003,,usd,actual,not_applicable,source.geostat_fdi_by_countries,FDI (annual),J28,thousand_usd,2026-08-17,2026-10-10
fdi.country.m49_616,2004,,usd,actual,not_applicable,source.geostat_fdi_by_countries,FDI (annual),K28,thousand_usd,2026-08-17,2026-10-10
fdi.country.m49_616,2005,293807.01768,usd,actual,numeric,source.geostat_fdi_by_countries,FDI (annual),L28,thousand_usd,2026-08-17,2026-10-10
fdi.country.m49_616,2006,502222.76298000003,usd,actual,numeric,source.geostat_fdi_by_countries,FDI (annual),M28,thousand_usd,2026-08-17,2026-10-10
fdi.country.m49_616,2007,19052.144358,usd,actual,numeric,source.geostat_fdi_by_countries,FDI (annual),N28,thousand_usd,2026-08-17,2026-10-10
fdi.country.m49_616,2008,22911.041300000001,usd,actual,numeric,source.geostat_fdi_by_countries,FDI (annual),O28,thousand_usd,2026-08-17,2026-10-10
fdi.country.m49_616,2009,10758.3,usd,actual,numeric,source.geostat_fdi_by_countries,FDI (annual),P28,thousand_usd,2026-08-17,2026-10-10
fdi.country.m49_616,2010,52994.312500000007,usd,actual,numeric,source.geostat_fdi_by_countries,FDI (annual),Q28,thousand_usd,2026-08-17,2026-10-10
fdi.country.m49_616,2011,152265.70000000004,usd,actual,numeric,source.geostat_fdi_by_countries,FDI (annual),R28,thousand_usd,2026-08-17,2026-10-10
fdi.country.m49_616,2012,-13615.700000000002,usd,actual,numeric,source.geostat_fdi_by_countries,FDI (annual),S28,thousand_usd,2026-08-17,2026-10-10
fdi.country.m49_616,2013,1363797.3999999999,usd,actual,numeric,source.geostat_fdi_by_countries,FDI (annual),T28,thousand_usd,2026-08-17,2026-10-10
fdi.country.m49_616,2014,378662.90000000004,usd,actual,numeric,source.geostat_fdi_by_countries,FDI (annual),U28,thousand_usd,2026-08-17,2026-10-10
fdi.country.m49_616,2015,1650406.1999999999,usd,actual,numeric,source.geostat_fdi_by_countries,FDI (annual),V28,thousand_usd,2026-08-17,2026-10-10
fdi.country.m49_616,2016,1992154.9,usd,actual,numeric,source.geostat_fdi_by_countries,FDI (annual),W28,thousand_usd,2026-08-17,2026-10-10
fdi.country.m49_616,2017,1310989.4999999997,usd,actual,numeric,source.geostat_fdi_by_countries,FDI (annual),X28,thousand_usd,2026-08-17,2026-10-10
fdi.country.m49_616,2018,2871597.4999999999,usd,actual,numeric,source.geostat_fdi_by_countries,FDI (annual),Y28,thousand_usd,2026-08-17,2026-10-10
fdi.country.m49_616,2019,3615568.2999999999,usd,actual,numeric,source.geostat_fdi_by_countries,FDI (annual),Z28,thousand_usd,2026-08-17,2026-10-10
fdi.country.m49_616,2020,1251861.5,usd,actual,numeric,source.geostat_fdi_by_countries,FDI (annual),AA28,thousand_usd,2026-08-17,2026-10-10
fdi.country.m49_616,2021,7314975.5999999998,usd,actual,numeric,source.geostat_fdi_by_countries,FDI (annual),AB28,thousand_usd,2026-08-17,2026-10-10
fdi.country.m49_616,2022,11792573.699999995,usd,actual,numeric,source.geostat_fdi_by_countries,FDI (annual),AC28,thousand_usd,2026-08-17,2026-10-10
fdi.country.m49_616,2023,3260050.1999999997,usd,actual,numeric,source.geostat_fdi_by_countries,FDI (annual),AD28,thousand_usd,2026-08-17,2026-10-10
fdi.country.m49_616,2024,11765001.400000003,usd,actual,numeric,source.geostat_fdi_by_countries,FDI (annual),AE28,thousand_usd,2026-08-17,2026-10-10
fdi.country.m49_616,2025,12900026.5,usd,actual,numeric,source.geostat_fdi_by_countries,FDI (annual),AF28,thousand_usd,2026-08-17,2026-10-10
fdi.country.m49_620,1996,,usd,actual,not_applicable,source.geostat_fdi_by_countries,FDI (annual),C29,thousand_usd,2026-08-17,2026-10-10
fdi.country.m49_620,1997,,usd,actual,not_applicable,source.geostat_fdi_by_countries,FDI (annual),D29,thousand_usd,2026-08-17,2026-10-10
fdi.country.m49_620,1998,,usd,actual,not_applicable,source.geostat_fdi_by_countries,FDI (annual),E29,thousand_usd,2026-08-17,2026-10-10
fdi.country.m49_620,1999,,usd,actual,not_applicable,source.geostat_fdi_by_countries,FDI (annual),F29,thousand_usd,2026-08-17,2026-10-10
fdi.country.m49_620,2000,,usd,actual,not_applicable,source.geostat_fdi_by_countries,FDI (annual),G29,thousand_usd,2026-08-17,2026-10-10
fdi.country.m49_620,2001,,usd,actual,not_applicable,source.geostat_fdi_by_countries,FDI (annual),H29,thousand_usd,2026-08-17,2026-10-10
fdi.country.m49_620,2002,,usd,actual,not_applicable,source.geostat_fdi_by_countries,FDI (annual),I29,thousand_usd,2026-08-17,2026-10-10
fdi.country.m49_620,2003,,usd,actual,not_applicable,source.geostat_fdi_by_countries,FDI (annual),J29,thousand_usd,2026-08-17,2026-10-10
fdi.country.m49_620,2004,,usd,actual,not_applicable,source.geostat_fdi_by_countries,FDI (annual),K29,thousand_usd,2026-08-17,2026-10-10
fdi.country.m49_620,2005,,usd,actual,not_applicable,source.geostat_fdi_by_countries,FDI (annual),L29,thousand_usd,2026-08-17,2026-10-10
fdi.country.m49_620,2006,,usd,actual,not_applicable,source.geostat_fdi_by_countries,FDI (annual),M29,thousand_usd,2026-08-17,2026-10-10
fdi.country.m49_620,2007,13198.258189000001,usd,actual,numeric,source.geostat_fdi_by_countries,FDI (annual),N29,thousand_usd,2026-08-17,2026-10-10
fdi.country.m49_620,2008,117226.46775,usd,actual,numeric,source.geostat_fdi_by_countries,FDI (annual),O29,thousand_usd,2026-08-17,2026-10-10
fdi.country.m49_620,2009,24409.099999999999,usd,actual,numeric,source.geostat_fdi_by_countries,FDI (annual),P29,thousand_usd,2026-08-17,2026-10-10
fdi.country.m49_620,2010,21581.300000000006,usd,actual,numeric,source.geostat_fdi_by_countries,FDI (annual),Q29,thousand_usd,2026-08-17,2026-10-10
fdi.country.m49_620,2011,-3722.9000000000001,usd,actual,numeric,source.geostat_fdi_by_countries,FDI (annual),R29,thousand_usd,2026-08-17,2026-10-10
fdi.country.m49_620,2012,1128881.7862000001,usd,actual,numeric,source.geostat_fdi_by_countries,FDI (annual),S29,thousand_usd,2026-08-17,2026-10-10
fdi.country.m49_620,2013,2489920,usd,actual,numeric,source.geostat_fdi_by_countries,FDI (annual),T29,thousand_usd,2026-08-17,2026-10-10
fdi.country.m49_620,2014,2030813.8000000001,usd,actual,numeric,source.geostat_fdi_by_countries,FDI (annual),U29,thousand_usd,2026-08-17,2026-10-10
fdi.country.m49_620,2015,2635157.2000000006,usd,actual,numeric,source.geostat_fdi_by_countries,FDI (annual),V29,thousand_usd,2026-08-17,2026-10-10
fdi.country.m49_620,2016,1404978.4,usd,actual,numeric,source.geostat_fdi_by_countries,FDI (annual),W29,thousand_usd,2026-08-17,2026-10-10
fdi.country.m49_620,2017,885469.00000000016,usd,actual,numeric,source.geostat_fdi_by_countries,FDI (annual),X29,thousand_usd,2026-08-17,2026-10-10
fdi.country.m49_620,2018,19005.900000000025,usd,actual,numeric,source.geostat_fdi_by_countries,FDI (annual),Y29,thousand_usd,2026-08-17,2026-10-10
fdi.country.m49_620,2019,-154544.19999999999,usd,actual,numeric,source.geostat_fdi_by_countries,FDI (annual),Z29,thousand_usd,2026-08-17,2026-10-10
fdi.country.m49_620,2020,,usd,actual,not_applicable,source.geostat_fdi_by_countries,FDI (annual),AA29,thousand_usd,2026-08-17,2026-10-10
fdi.country.m49_620,2021,651786.59999999991,usd,actual,numeric,source.geostat_fdi_by_countries,FDI (annual),AB29,thousand_usd,2026-08-17,2026-10-10
fdi.country.m49_620,2022,1133076.8,usd,actual,numeric,source.geostat_fdi_by_countries,FDI (annual),AC29,thousand_usd,2026-08-17,2026-10-10
fdi.country.m49_620,2023,-562739.10000000001,usd,actual,numeric,source.geostat_fdi_by_countries,FDI (annual),AD29,thousand_usd,2026-08-17,2026-10-10
fdi.country.m49_620,2024,-4121750.9,usd,actual,numeric,source.geostat_fdi_by_countries,FDI (annual),AE29,thousand_usd,2026-08-17,2026-10-10
fdi.country.m49_620,2025,-329345.30000000007,usd,actual,numeric,source.geostat_fdi_by_countries,FDI (annual),AF29,thousand_usd,2026-08-17,2026-10-10
fdi.country.m49_634,1996,,usd,actual,not_applicable,source.geostat_fdi_by_countries,FDI (annual),C75,thousand_usd,2026-08-17,2026-10-10
fdi.country.m49_634,1997,,usd,actual,not_applicable,source.geostat_fdi_by_countries,FDI (annual),D75,thousand_usd,2026-08-17,2026-10-10
fdi.country.m49_634,1998,,usd,actual,not_applicable,source.geostat_fdi_by_countries,FDI (annual),E75,thousand_usd,2026-08-17,2026-10-10
fdi.country.m49_634,1999,,usd,actual,not_applicable,source.geostat_fdi_by_countries,FDI (annual),F75,thousand_usd,2026-08-17,2026-10-10
fdi.country.m49_634,2000,,usd,actual,not_applicable,source.geostat_fdi_by_countries,FDI (annual),G75,thousand_usd,2026-08-17,2026-10-10
fdi.country.m49_634,2001,,usd,actual,not_applicable,source.geostat_fdi_by_countries,FDI (annual),H75,thousand_usd,2026-08-17,2026-10-10
fdi.country.m49_634,2002,,usd,actual,not_applicable,source.geostat_fdi_by_countries,FDI (annual),I75,thousand_usd,2026-08-17,2026-10-10
fdi.country.m49_634,2003,,usd,actual,not_applicable,source.geostat_fdi_by_countries,FDI (annual),J75,thousand_usd,2026-08-17,2026-10-10
fdi.country.m49_634,2004,,usd,actual,not_applicable,source.geostat_fdi_by_countries,FDI (annual),K75,thousand_usd,2026-08-17,2026-10-10
fdi.country.m49_634,2005,,usd,actual,not_applicable,source.geostat_fdi_by_countries,FDI (annual),L75,thousand_usd,2026-08-17,2026-10-10
fdi.country.m49_634,2006,,usd,actual,not_applicable,source.geostat_fdi_by_countries,FDI (annual),M75,thousand_usd,2026-08-17,2026-10-10
fdi.country.m49_634,2007,,usd,actual,not_applicable,source.geostat_fdi_by_countries,FDI (annual),N75,thousand_usd,2026-08-17,2026-10-10
fdi.country.m49_634,2008,,usd,actual,not_applicable,source.geostat_fdi_by_countries,FDI (annual),O75,thousand_usd,2026-08-17,2026-10-10
fdi.country.m49_634,2009,,usd,actual,not_applicable,source.geostat_fdi_by_countries,FDI (annual),P75,thousand_usd,2026-08-17,2026-10-10
fdi.country.m49_634,2010,,usd,actual,not_applicable,source.geostat_fdi_by_countries,FDI (annual),Q75,thousand_usd,2026-08-17,2026-10-10
fdi.country.m49_634,2011,,usd,actual,not_applicable,source.geostat_fdi_by_countries,FDI (annual),R75,thousand_usd,2026-08-17,2026-10-10
fdi.country.m49_634,2012,,usd,actual,not_applicable,source.geostat_fdi_by_countries,FDI (annual),S75,thousand_usd,2026-08-17,2026-10-10
fdi.country.m49_634,2013,4221489.2,usd,actual,numeric,source.geostat_fdi_by_countries,FDI (annual),T75,thousand_usd,2026-08-17,2026-10-10
fdi.country.m49_634,2014,-16370.4,usd,actual,numeric,source.geostat_fdi_by_countries,FDI (annual),U75,thousand_usd,2026-08-17,2026-10-10
fdi.country.m49_634,2015,2549096,usd,actual,numeric,source.geostat_fdi_by_countries,FDI (annual),V75,thousand_usd,2026-08-17,2026-10-10
fdi.country.m49_634,2016,4164393.6000000003,usd,actual,numeric,source.geostat_fdi_by_countries,FDI (annual),W75,thousand_usd,2026-08-17,2026-10-10
fdi.country.m49_634,2017,8661428.6000000011,usd,actual,numeric,source.geostat_fdi_by_countries,FDI (annual),X75,thousand_usd,2026-08-17,2026-10-10
fdi.country.m49_634,2018,7596335.1000000002,usd,actual,numeric,source.geostat_fdi_by_countries,FDI (annual),Y75,thousand_usd,2026-08-17,2026-10-10
fdi.country.m49_634,2019,7450309.8999999993,usd,actual,numeric,source.geostat_fdi_by_countries,FDI (annual),Z75,thousand_usd,2026-08-17,2026-10-10
fdi.country.m49_634,2020,1922485.0000000001,usd,actual,numeric,source.geostat_fdi_by_countries,FDI (annual),AA75,thousand_usd,2026-08-17,2026-10-10
fdi.country.m49_634,2021,3162327.1,usd,actual,numeric,source.geostat_fdi_by_countries,FDI (annual),AB75,thousand_usd,2026-08-17,2026-10-10
fdi.country.m49_634,2022,2698275.3999999995,usd,actual,numeric,source.geostat_fdi_by_countries,FDI (annual),AC75,thousand_usd,2026-08-17,2026-10-10
fdi.country.m49_634,2023,3239333.4999999997,usd,actual,numeric,source.geostat_fdi_by_countries,FDI (annual),AD75,thousand_usd,2026-08-17,2026-10-10
fdi.country.m49_634,2024,3403095.3,usd,actual,numeric,source.geostat_fdi_by_countries,FDI (annual),AE75,thousand_usd,2026-08-17,2026-10-10
fdi.country.m49_634,2025,6237125.7000000005,usd,actual,numeric,source.geostat_fdi_by_countries,FDI (annual),AF75,thousand_usd,2026-08-17,2026-10-10
fdi.country.m49_642,1996,,usd,actual,not_applicable,source.geostat_fdi_by_countries,FDI (annual),C30,thousand_usd,2026-08-17,2026-10-10
fdi.country.m49_642,1997,,usd,actual,not_applicable,source.geostat_fdi_by_countries,FDI (annual),D30,thousand_usd,2026-08-17,2026-10-10
fdi.country.m49_642,1998,,usd,actual,not_applicable,source.geostat_fdi_by_countries,FDI (annual),E30,thousand_usd,2026-08-17,2026-10-10
fdi.country.m49_642,1999,,usd,actual,not_applicable,source.geostat_fdi_by_countries,FDI (annual),F30,thousand_usd,2026-08-17,2026-10-10
fdi.country.m49_642,2000,,usd,actual,not_applicable,source.geostat_fdi_by_countries,FDI (annual),G30,thousand_usd,2026-08-17,2026-10-10
fdi.country.m49_642,2001,,usd,actual,not_applicable,source.geostat_fdi_by_countries,FDI (annual),H30,thousand_usd,2026-08-17,2026-10-10
fdi.country.m49_642,2002,,usd,actual,not_applicable,source.geostat_fdi_by_countries,FDI (annual),I30,thousand_usd,2026-08-17,2026-10-10
fdi.country.m49_642,2003,,usd,actual,not_applicable,source.geostat_fdi_by_countries,FDI (annual),J30,thousand_usd,2026-08-17,2026-10-10
fdi.country.m49_642,2004,,usd,actual,not_applicable,source.geostat_fdi_by_countries,FDI (annual),K30,thousand_usd,2026-08-17,2026-10-10
fdi.country.m49_642,2005,,usd,actual,not_applicable,source.geostat_fdi_by_countries,FDI (annual),L30,thousand_usd,2026-08-17,2026-10-10
fdi.country.m49_642,2006,,usd,actual,not_applicable,source.geostat_fdi_by_countries,FDI (annual),M30,thousand_usd,2026-08-17,2026-10-10
fdi.country.m49_642,2007,,usd,actual,not_applicable,source.geostat_fdi_by_countries,FDI (annual),N30,thousand_usd,2026-08-17,2026-10-10
fdi.country.m49_642,2008,5430636.9112000002,usd,actual,numeric,source.geostat_fdi_by_countries,FDI (annual),O30,thousand_usd,2026-08-17,2026-10-10
fdi.country.m49_642,2009,,usd,actual,not_applicable,source.geostat_fdi_by_countries,FDI (annual),P30,thousand_usd,2026-08-17,2026-10-10
fdi.country.m49_642,2010,-11247.299999999996,usd,actual,numeric,source.geostat_fdi_by_countries,FDI (annual),Q30,thousand_usd,2026-08-17,2026-10-10
fdi.country.m49_642,2011,41277.100000000004,usd,actual,numeric,source.geostat_fdi_by_countries,FDI (annual),R30,thousand_usd,2026-08-17,2026-10-10
fdi.country.m49_642,2012,,usd,actual,not_applicable,source.geostat_fdi_by_countries,FDI (annual),S30,thousand_usd,2026-08-17,2026-10-10
fdi.country.m49_642,2013,80618.700000000004,usd,actual,numeric,source.geostat_fdi_by_countries,FDI (annual),T30,thousand_usd,2026-08-17,2026-10-10
fdi.country.m49_642,2014,187707.50000000001,usd,actual,numeric,source.geostat_fdi_by_countries,FDI (annual),U30,thousand_usd,2026-08-17,2026-10-10
fdi.country.m49_642,2015,-31224.699999999988,usd,actual,numeric,source.geostat_fdi_by_countries,FDI (annual),V30,thousand_usd,2026-08-17,2026-10-10
fdi.country.m49_642,2016,800882.50000000005,usd,actual,numeric,source.geostat_fdi_by_countries,FDI (annual),W30,thousand_usd,2026-08-17,2026-10-10
fdi.country.m49_642,2017,727334.59999999991,usd,actual,numeric,source.geostat_fdi_by_countries,FDI (annual),X30,thousand_usd,2026-08-17,2026-10-10
fdi.country.m49_642,2018,607105.99999999999,usd,actual,numeric,source.geostat_fdi_by_countries,FDI (annual),Y30,thousand_usd,2026-08-17,2026-10-10
fdi.country.m49_642,2019,278611.4,usd,actual,numeric,source.geostat_fdi_by_countries,FDI (annual),Z30,thousand_usd,2026-08-17,2026-10-10
fdi.country.m49_642,2020,124354.69999999999,usd,actual,numeric,source.geostat_fdi_by_countries,FDI (annual),AA30,thousand_usd,2026-08-17,2026-10-10
fdi.country.m49_642,2021,2709640.0999999996,usd,actual,numeric,source.geostat_fdi_by_countries,FDI (annual),AB30,thousand_usd,2026-08-17,2026-10-10
fdi.country.m49_642,2022,-939310.00000000006,usd,actual,numeric,source.geostat_fdi_by_countries,FDI (annual),AC30,thousand_usd,2026-08-17,2026-10-10
fdi.country.m49_642,2023,450744.59999999988,usd,actual,numeric,source.geostat_fdi_by_countries,FDI (annual),AD30,thousand_usd,2026-08-17,2026-10-10
fdi.country.m49_642,2024,489813.09999999979,usd,actual,numeric,source.geostat_fdi_by_countries,FDI (annual),AE30,thousand_usd,2026-08-17,2026-10-10
fdi.country.m49_642,2025,183697.30000000004,usd,actual,numeric,source.geostat_fdi_by_countries,FDI (annual),AF30,thousand_usd,2026-08-17,2026-10-10
fdi.country.m49_643,1996,,usd,actual,not_applicable,source.geostat_fdi_by_countries,FDI (annual),C43,thousand_usd,2026-08-17,2026-10-10
fdi.country.m49_643,1997,14435042.234,usd,actual,numeric,source.geostat_fdi_by_countries,FDI (annual),D43,thousand_usd,2026-08-17,2026-10-10
fdi.country.m49_643,1998,27598948.549000001,usd,actual,numeric,source.geostat_fdi_by_countries,FDI (annual),E43,thousand_usd,2026-08-17,2026-10-10
fdi.country.m49_643,1999,1072644.8078999999,usd,actual,numeric,source.geostat_fdi_by_countries,FDI (annual),F43,thousand_usd,2026-08-17,2026-10-10
fdi.country.m49_643,2000,6139029.0126999998,usd,actual,numeric,source.geostat_fdi_by_countries,FDI (annual),G43,thousand_usd,2026-08-17,2026-10-10
fdi.country.m49_643,2001,5072773.0320999999,usd,actual,numeric,source.geostat_fdi_by_countries,FDI (annual),H43,thousand_usd,2026-08-17,2026-10-10
fdi.country.m49_643,2002,7029336.3508999992,usd,actual,numeric,source.geostat_fdi_by_countries,FDI (annual),I43,thousand_usd,2026-08-17,2026-10-10
fdi.country.m49_643,2003,41997456.899999997,usd,actual,numeric,source.geostat_fdi_by_countries,FDI (annual),J43,thousand_usd,2026-08-17,2026-10-10
fdi.country.m49_643,2004,43165080.429000001,usd,actual,numeric,source.geostat_fdi_by_countries,FDI (annual),K43,thousand_usd,2026-08-17,2026-10-10
fdi.country.m49_643,2005,40124322.022,usd,actual,numeric,source.geostat_fdi_by_countries,FDI (annual),L43,thousand_usd,2026-08-17,2026-10-10
fdi.country.m49_643,2006,30987820.763000003,usd,actual,numeric,source.geostat_fdi_by_countries,FDI (annual),M43,thousand_usd,2026-08-17,2026-10-10
fdi.country.m49_643,2007,75162305.692000009,usd,actual,numeric,source.geostat_fdi_by_countries,FDI (annual),N43,thousand_usd,2026-08-17,2026-10-10
fdi.country.m49_643,2008,26212175.148999999,usd,actual,numeric,source.geostat_fdi_by_countries,FDI (annual),O43,thousand_usd,2026-08-17,2026-10-10
fdi.country.m49_643,2009,10253380.9,usd,actual,numeric,source.geostat_fdi_by_countries,FDI (annual),P43,thousand_usd,2026-08-17,2026-10-10
fdi.country.m49_643,2010,50974037.523699997,usd,actual,numeric,source.geostat_fdi_by_countries,FDI (annual),Q43,thousand_usd,2026-08-17,2026-10-10
fdi.country.m49_643,2011,58017619.014249998,usd,actual,numeric,source.geostat_fdi_by_countries,FDI (annual),R43,thousand_usd,2026-08-17,2026-10-10
fdi.country.m49_643,2012,22017321.399999993,usd,actual,numeric,source.geostat_fdi_by_countries,FDI (annual),S43,thousand_usd,2026-08-17,2026-10-10
fdi.country.m49_643,2013,7813821.2580673935,usd,actual,numeric,source.geostat_fdi_by_countries,FDI (annual),T43,thousand_usd,2026-08-17,2026-10-10
fdi.country.m49_643,2014,87908632.399843802,usd,actual,numeric,source.geostat_fdi_by_countries,FDI (annual),U43,thousand_usd,2026-08-17,2026-10-10
fdi.country.m49_643,2015,52369625.564016897,usd,actual,numeric,source.geostat_fdi_by_countries,FDI (annual),V43,thousand_usd,2026-08-17,2026-10-10
fdi.country.m49_643,2016,28497645.6,usd,actual,numeric,source.geostat_fdi_by_countries,FDI (annual),W43,thousand_usd,2026-08-17,2026-10-10
fdi.country.m49_643,2017,52386391.499999998,usd,actual,numeric,source.geostat_fdi_by_countries,FDI (annual),X43,thousand_usd,2026-08-17,2026-10-10
fdi.country.m49_643,2018,83377013.500000001,usd,actual,numeric,source.geostat_fdi_by_countries,FDI (annual),Y43,thousand_usd,2026-08-17,2026-10-10
fdi.country.m49_643,2019,62991328.699999998,usd,actual,numeric,source.geostat_fdi_by_countries,FDI (annual),Z43,thousand_usd,2026-08-17,2026-10-10
fdi.country.m49_643,2020,43001538.000000008,usd,actual,numeric,source.geostat_fdi_by_countries,FDI (annual),AA43,thousand_usd,2026-08-17,2026-10-10
fdi.country.m49_643,2021,87683077.99999998,usd,actual,numeric,source.geostat_fdi_by_countries,FDI (annual),AB43,thousand_usd,2026-08-17,2026-10-10
fdi.country.m49_643,2022,108633656.2,usd,actual,numeric,source.geostat_fdi_by_countries,FDI (annual),AC43,thousand_usd,2026-08-17,2026-10-10
fdi.country.m49_643,2023,131229600.19999999,usd,actual,numeric,source.geostat_fdi_by_countries,FDI (annual),AD43,thousand_usd,2026-08-17,2026-10-10
fdi.country.m49_643,2024,78467206.60000002,usd,actual,numeric,source.geostat_fdi_by_countries,FDI (annual),AE43,thousand_usd,2026-08-17,2026-10-10
fdi.country.m49_643,2025,109472666.20000005,usd,actual,numeric,source.geostat_fdi_by_countries,FDI (annual),AF43,thousand_usd,2026-08-17,2026-10-10
fdi.country.m49_659,1996,,usd,actual,not_applicable,source.geostat_fdi_by_countries,FDI (annual),C76,thousand_usd,2026-08-17,2026-10-10
fdi.country.m49_659,1997,,usd,actual,not_applicable,source.geostat_fdi_by_countries,FDI (annual),D76,thousand_usd,2026-08-17,2026-10-10
fdi.country.m49_659,1998,,usd,actual,not_applicable,source.geostat_fdi_by_countries,FDI (annual),E76,thousand_usd,2026-08-17,2026-10-10
fdi.country.m49_659,1999,,usd,actual,not_applicable,source.geostat_fdi_by_countries,FDI (annual),F76,thousand_usd,2026-08-17,2026-10-10
fdi.country.m49_659,2000,,usd,actual,not_applicable,source.geostat_fdi_by_countries,FDI (annual),G76,thousand_usd,2026-08-17,2026-10-10
fdi.country.m49_659,2001,,usd,actual,not_applicable,source.geostat_fdi_by_countries,FDI (annual),H76,thousand_usd,2026-08-17,2026-10-10
fdi.country.m49_659,2002,,usd,actual,not_applicable,source.geostat_fdi_by_countries,FDI (annual),I76,thousand_usd,2026-08-17,2026-10-10
fdi.country.m49_659,2003,,usd,actual,not_applicable,source.geostat_fdi_by_countries,FDI (annual),J76,thousand_usd,2026-08-17,2026-10-10
fdi.country.m49_659,2004,,usd,actual,not_applicable,source.geostat_fdi_by_countries,FDI (annual),K76,thousand_usd,2026-08-17,2026-10-10
fdi.country.m49_659,2005,,usd,actual,not_applicable,source.geostat_fdi_by_countries,FDI (annual),L76,thousand_usd,2026-08-17,2026-10-10
fdi.country.m49_659,2006,509663.86327999999,usd,actual,numeric,source.geostat_fdi_by_countries,FDI (annual),M76,thousand_usd,2026-08-17,2026-10-10
fdi.country.m49_659,2007,,usd,actual,not_applicable,source.geostat_fdi_by_countries,FDI (annual),N76,thousand_usd,2026-08-17,2026-10-10
fdi.country.m49_659,2008,,usd,actual,not_applicable,source.geostat_fdi_by_countries,FDI (annual),O76,thousand_usd,2026-08-17,2026-10-10
fdi.country.m49_659,2009,,usd,actual,not_applicable,source.geostat_fdi_by_countries,FDI (annual),P76,thousand_usd,2026-08-17,2026-10-10
fdi.country.m49_659,2010,,usd,actual,not_applicable,source.geostat_fdi_by_countries,FDI (annual),Q76,thousand_usd,2026-08-17,2026-10-10
fdi.country.m49_659,2011,-107074.30000000001,usd,actual,numeric,source.geostat_fdi_by_countries,FDI (annual),R76,thousand_usd,2026-08-17,2026-10-10
fdi.country.m49_659,2012,-5435376.8,usd,actual,numeric,source.geostat_fdi_by_countries,FDI (annual),S76,thousand_usd,2026-08-17,2026-10-10
fdi.country.m49_659,2013,-4553218.4999999999,usd,actual,numeric,source.geostat_fdi_by_countries,FDI (annual),T76,thousand_usd,2026-08-17,2026-10-10
fdi.country.m49_659,2014,385077.60000000002,usd,actual,numeric,source.geostat_fdi_by_countries,FDI (annual),U76,thousand_usd,2026-08-17,2026-10-10
fdi.country.m49_659,2015,7811738.4999999995,usd,actual,numeric,source.geostat_fdi_by_countries,FDI (annual),V76,thousand_usd,2026-08-17,2026-10-10
fdi.country.m49_659,2016,-5940133.1,usd,actual,numeric,source.geostat_fdi_by_countries,FDI (annual),W76,thousand_usd,2026-08-17,2026-10-10
fdi.country.m49_659,2017,1090101.3000000003,usd,actual,numeric,source.geostat_fdi_by_countries,FDI (annual),X76,thousand_usd,2026-08-17,2026-10-10
fdi.country.m49_659,2018,505213.59999999959,usd,actual,numeric,source.geostat_fdi_by_countries,FDI (annual),Y76,thousand_usd,2026-08-17,2026-10-10
fdi.country.m49_659,2019,-1684185.9000000002,usd,actual,numeric,source.geostat_fdi_by_countries,FDI (annual),Z76,thousand_usd,2026-08-17,2026-10-10
fdi.country.m49_659,2020,-3991172.2,usd,actual,numeric,source.geostat_fdi_by_countries,FDI (annual),AA76,thousand_usd,2026-08-17,2026-10-10
fdi.country.m49_659,2021,384809.40000000021,usd,actual,numeric,source.geostat_fdi_by_countries,FDI (annual),AB76,thousand_usd,2026-08-17,2026-10-10
fdi.country.m49_659,2022,-4519795.5000000002,usd,actual,numeric,source.geostat_fdi_by_countries,FDI (annual),AC76,thousand_usd,2026-08-17,2026-10-10
fdi.country.m49_659,2023,-4044613.9000000003,usd,actual,numeric,source.geostat_fdi_by_countries,FDI (annual),AD76,thousand_usd,2026-08-17,2026-10-10
fdi.country.m49_659,2024,-2641189.9000000003,usd,actual,numeric,source.geostat_fdi_by_countries,FDI (annual),AE76,thousand_usd,2026-08-17,2026-10-10
fdi.country.m49_659,2025,3067346.2,usd,actual,numeric,source.geostat_fdi_by_countries,FDI (annual),AF76,thousand_usd,2026-08-17,2026-10-10
fdi.country.m49_682,1996,,usd,actual,not_applicable,source.geostat_fdi_by_countries,FDI (annual),C77,thousand_usd,2026-08-17,2026-10-10
fdi.country.m49_682,1997,2191033.1962,usd,actual,numeric,source.geostat_fdi_by_countries,FDI (annual),D77,thousand_usd,2026-08-17,2026-10-10
fdi.country.m49_682,1998,2213123.2326999998,usd,actual,numeric,source.geostat_fdi_by_countries,FDI (annual),E77,thousand_usd,2026-08-17,2026-10-10
fdi.country.m49_682,1999,44324.567217999999,usd,actual,numeric,source.geostat_fdi_by_countries,FDI (annual),F77,thousand_usd,2026-08-17,2026-10-10
fdi.country.m49_682,2000,41003.055891999999,usd,actual,numeric,source.geostat_fdi_by_countries,FDI (annual),G77,thousand_usd,2026-08-17,2026-10-10
fdi.country.m49_682,2001,72319.416688000004,usd,actual,numeric,source.geostat_fdi_by_countries,FDI (annual),H77,thousand_usd,2026-08-17,2026-10-10
fdi.country.m49_682,2002,149004.93367999999,usd,actual,numeric,source.geostat_fdi_by_countries,FDI (annual),I77,thousand_usd,2026-08-17,2026-10-10
fdi.country.m49_682,2003,,usd,actual,not_applicable,source.geostat_fdi_by_countries,FDI (annual),J77,thousand_usd,2026-08-17,2026-10-10
fdi.country.m49_682,2004,,usd,actual,not_applicable,source.geostat_fdi_by_countries,FDI (annual),K77,thousand_usd,2026-08-17,2026-10-10
fdi.country.m49_682,2005,150246.63007000001,usd,actual,numeric,source.geostat_fdi_by_countries,FDI (annual),L77,thousand_usd,2026-08-17,2026-10-10
fdi.country.m49_682,2006,263800.29689999998,usd,actual,numeric,source.geostat_fdi_by_countries,FDI (annual),M77,thousand_usd,2026-08-17,2026-10-10
fdi.country.m49_682,2007,,usd,actual,not_applicable,source.geostat_fdi_by_countries,FDI (annual),N77,thousand_usd,2026-08-17,2026-10-10
fdi.country.m49_682,2008,,usd,actual,not_applicable,source.geostat_fdi_by_countries,FDI (annual),O77,thousand_usd,2026-08-17,2026-10-10
fdi.country.m49_682,2009,-2134.7,usd,actual,numeric,source.geostat_fdi_by_countries,FDI (annual),P77,thousand_usd,2026-08-17,2026-10-10
fdi.country.m49_682,2010,,usd,actual,not_applicable,source.geostat_fdi_by_countries,FDI (annual),Q77,thousand_usd,2026-08-17,2026-10-10
fdi.country.m49_682,2011,2037659.5,usd,actual,numeric,source.geostat_fdi_by_countries,FDI (annual),R77,thousand_usd,2026-08-17,2026-10-10
fdi.country.m49_682,2012,39475447.199999995,usd,actual,numeric,source.geostat_fdi_by_countries,FDI (annual),S77,thousand_usd,2026-08-17,2026-10-10
fdi.country.m49_682,2013,8698137.6,usd,actual,numeric,source.geostat_fdi_by_countries,FDI (annual),T77,thousand_usd,2026-08-17,2026-10-10
fdi.country.m49_682,2014,27502376.700000004,usd,actual,numeric,source.geostat_fdi_by_countries,FDI (annual),U77,thousand_usd,2026-08-17,2026-10-10
fdi.country.m49_682,2015,-32930567.999999999,usd,actual,numeric,source.geostat_fdi_by_countries,FDI (annual),V77,thousand_usd,2026-08-17,2026-10-10
fdi.country.m49_682,2016,17399630.599999997,usd,actual,numeric,source.geostat_fdi_by_countries,FDI (annual),W77,thousand_usd,2026-08-17,2026-10-10
fdi.country.m49_682,2017,-4456337.9999999997,usd,actual,numeric,source.geostat_fdi_by_countries,FDI (annual),X77,thousand_usd,2026-08-17,2026-10-10
fdi.country.m49_682,2018,3059092.9999999998,usd,actual,numeric,source.geostat_fdi_by_countries,FDI (annual),Y77,thousand_usd,2026-08-17,2026-10-10
fdi.country.m49_682,2019,-214863.8999999996,usd,actual,numeric,source.geostat_fdi_by_countries,FDI (annual),Z77,thousand_usd,2026-08-17,2026-10-10
fdi.country.m49_682,2020,-437524.19999999995,usd,actual,numeric,source.geostat_fdi_by_countries,FDI (annual),AA77,thousand_usd,2026-08-17,2026-10-10
fdi.country.m49_682,2021,-10207376.599999998,usd,actual,numeric,source.geostat_fdi_by_countries,FDI (annual),AB77,thousand_usd,2026-08-17,2026-10-10
fdi.country.m49_682,2022,-1350666.299999999,usd,actual,numeric,source.geostat_fdi_by_countries,FDI (annual),AC77,thousand_usd,2026-08-17,2026-10-10
fdi.country.m49_682,2023,-4448871.8999999992,usd,actual,numeric,source.geostat_fdi_by_countries,FDI (annual),AD77,thousand_usd,2026-08-17,2026-10-10
fdi.country.m49_682,2024,3044135.3999999988,usd,actual,numeric,source.geostat_fdi_by_countries,FDI (annual),AE77,thousand_usd,2026-08-17,2026-10-10
fdi.country.m49_682,2025,2956238.1000000005,usd,actual,numeric,source.geostat_fdi_by_countries,FDI (annual),AF77,thousand_usd,2026-08-17,2026-10-10
fdi.country.m49_690,1996,,usd,actual,not_applicable,source.geostat_fdi_by_countries,FDI (annual),C78,thousand_usd,2026-08-17,2026-10-10
fdi.country.m49_690,1997,,usd,actual,not_applicable,source.geostat_fdi_by_countries,FDI (annual),D78,thousand_usd,2026-08-17,2026-10-10
fdi.country.m49_690,1998,,usd,actual,not_applicable,source.geostat_fdi_by_countries,FDI (annual),E78,thousand_usd,2026-08-17,2026-10-10
fdi.country.m49_690,1999,,usd,actual,not_applicable,source.geostat_fdi_by_countries,FDI (annual),F78,thousand_usd,2026-08-17,2026-10-10
fdi.country.m49_690,2000,,usd,actual,not_applicable,source.geostat_fdi_by_countries,FDI (annual),G78,thousand_usd,2026-08-17,2026-10-10
fdi.country.m49_690,2001,,usd,actual,not_applicable,source.geostat_fdi_by_countries,FDI (annual),H78,thousand_usd,2026-08-17,2026-10-10
fdi.country.m49_690,2002,,usd,actual,not_applicable,source.geostat_fdi_by_countries,FDI (annual),I78,thousand_usd,2026-08-17,2026-10-10
fdi.country.m49_690,2003,,usd,actual,not_applicable,source.geostat_fdi_by_countries,FDI (annual),J78,thousand_usd,2026-08-17,2026-10-10
fdi.country.m49_690,2004,,usd,actual,not_applicable,source.geostat_fdi_by_countries,FDI (annual),K78,thousand_usd,2026-08-17,2026-10-10
fdi.country.m49_690,2005,154312.88999999998,usd,actual,numeric,source.geostat_fdi_by_countries,FDI (annual),L78,thousand_usd,2026-08-17,2026-10-10
fdi.country.m49_690,2006,,usd,actual,not_applicable,source.geostat_fdi_by_countries,FDI (annual),M78,thousand_usd,2026-08-17,2026-10-10
fdi.country.m49_690,2007,4306180.3521000002,usd,actual,numeric,source.geostat_fdi_by_countries,FDI (annual),N78,thousand_usd,2026-08-17,2026-10-10
fdi.country.m49_690,2008,4350516.2362999999,usd,actual,numeric,source.geostat_fdi_by_countries,FDI (annual),O78,thousand_usd,2026-08-17,2026-10-10
fdi.country.m49_690,2009,1481575.9,usd,actual,numeric,source.geostat_fdi_by_countries,FDI (annual),P78,thousand_usd,2026-08-17,2026-10-10
fdi.country.m49_690,2010,5467517.8999999998,usd,actual,numeric,source.geostat_fdi_by_countries,FDI (annual),Q78,thousand_usd,2026-08-17,2026-10-10
fdi.country.m49_690,2011,8637259.5000000019,usd,actual,numeric,source.geostat_fdi_by_countries,FDI (annual),R78,thousand_usd,2026-08-17,2026-10-10
fdi.country.m49_690,2012,8761467.9999999989,usd,actual,numeric,source.geostat_fdi_by_countries,FDI (annual),S78,thousand_usd,2026-08-17,2026-10-10
fdi.country.m49_690,2013,1249934.6999999998,usd,actual,numeric,source.geostat_fdi_by_countries,FDI (annual),T78,thousand_usd,2026-08-17,2026-10-10
fdi.country.m49_690,2014,-1580394.2999999997,usd,actual,numeric,source.geostat_fdi_by_countries,FDI (annual),U78,thousand_usd,2026-08-17,2026-10-10
fdi.country.m49_690,2015,6473271.0999999999,usd,actual,numeric,source.geostat_fdi_by_countries,FDI (annual),V78,thousand_usd,2026-08-17,2026-10-10
fdi.country.m49_690,2016,-4513496.4999999993,usd,actual,numeric,source.geostat_fdi_by_countries,FDI (annual),W78,thousand_usd,2026-08-17,2026-10-10
fdi.country.m49_690,2017,5165387.3999999996,usd,actual,numeric,source.geostat_fdi_by_countries,FDI (annual),X78,thousand_usd,2026-08-17,2026-10-10
fdi.country.m49_690,2018,3395739.4999999997,usd,actual,numeric,source.geostat_fdi_by_countries,FDI (annual),Y78,thousand_usd,2026-08-17,2026-10-10
fdi.country.m49_690,2019,3056047.7999999998,usd,actual,numeric,source.geostat_fdi_by_countries,FDI (annual),Z78,thousand_usd,2026-08-17,2026-10-10
fdi.country.m49_690,2020,-907587.40000000034,usd,actual,numeric,source.geostat_fdi_by_countries,FDI (annual),AA78,thousand_usd,2026-08-17,2026-10-10
fdi.country.m49_690,2021,29944144.400000001,usd,actual,numeric,source.geostat_fdi_by_countries,FDI (annual),AB78,thousand_usd,2026-08-17,2026-10-10
fdi.country.m49_690,2022,7369313.0000000001,usd,actual,numeric,source.geostat_fdi_by_countries,FDI (annual),AC78,thousand_usd,2026-08-17,2026-10-10
fdi.country.m49_690,2023,-5415358.400000001,usd,actual,numeric,source.geostat_fdi_by_countries,FDI (annual),AD78,thousand_usd,2026-08-17,2026-10-10
fdi.country.m49_690,2024,-2822379.9999999997,usd,actual,numeric,source.geostat_fdi_by_countries,FDI (annual),AE78,thousand_usd,2026-08-17,2026-10-10
fdi.country.m49_690,2025,3105626.2000000002,usd,actual,numeric,source.geostat_fdi_by_countries,FDI (annual),AF78,thousand_usd,2026-08-17,2026-10-10
fdi.country.m49_703,1996,,usd,actual,not_applicable,source.geostat_fdi_by_countries,FDI (annual),C31,thousand_usd,2026-08-17,2026-10-10
fdi.country.m49_703,1997,,usd,actual,not_applicable,source.geostat_fdi_by_countries,FDI (annual),D31,thousand_usd,2026-08-17,2026-10-10
fdi.country.m49_703,1998,,usd,actual,not_applicable,source.geostat_fdi_by_countries,FDI (annual),E31,thousand_usd,2026-08-17,2026-10-10
fdi.country.m49_703,1999,,usd,actual,not_applicable,source.geostat_fdi_by_countries,FDI (annual),F31,thousand_usd,2026-08-17,2026-10-10
fdi.country.m49_703,2000,,usd,actual,not_applicable,source.geostat_fdi_by_countries,FDI (annual),G31,thousand_usd,2026-08-17,2026-10-10
fdi.country.m49_703,2001,,usd,actual,not_applicable,source.geostat_fdi_by_countries,FDI (annual),H31,thousand_usd,2026-08-17,2026-10-10
fdi.country.m49_703,2002,,usd,actual,not_applicable,source.geostat_fdi_by_countries,FDI (annual),I31,thousand_usd,2026-08-17,2026-10-10
fdi.country.m49_703,2003,,usd,actual,not_applicable,source.geostat_fdi_by_countries,FDI (annual),J31,thousand_usd,2026-08-17,2026-10-10
fdi.country.m49_703,2004,,usd,actual,not_applicable,source.geostat_fdi_by_countries,FDI (annual),K31,thousand_usd,2026-08-17,2026-10-10
fdi.country.m49_703,2005,,usd,actual,not_applicable,source.geostat_fdi_by_countries,FDI (annual),L31,thousand_usd,2026-08-17,2026-10-10
fdi.country.m49_703,2006,,usd,actual,not_applicable,source.geostat_fdi_by_countries,FDI (annual),M31,thousand_usd,2026-08-17,2026-10-10
fdi.country.m49_703,2007,,usd,actual,not_applicable,source.geostat_fdi_by_countries,FDI (annual),N31,thousand_usd,2026-08-17,2026-10-10
fdi.country.m49_703,2008,,usd,actual,not_applicable,source.geostat_fdi_by_countries,FDI (annual),O31,thousand_usd,2026-08-17,2026-10-10
fdi.country.m49_703,2009,23286.200000000001,usd,actual,numeric,source.geostat_fdi_by_countries,FDI (annual),P31,thousand_usd,2026-08-17,2026-10-10
fdi.country.m49_703,2010,8799.8999999999938,usd,actual,numeric,source.geostat_fdi_by_countries,FDI (annual),Q31,thousand_usd,2026-08-17,2026-10-10
fdi.country.m49_703,2011,20101.199999999999,usd,actual,numeric,source.geostat_fdi_by_countries,FDI (annual),R31,thousand_usd,2026-08-17,2026-10-10
fdi.country.m49_703,2012,3795779.6434000002,usd,actual,numeric,source.geostat_fdi_by_countries,FDI (annual),S31,thousand_usd,2026-08-17,2026-10-10
fdi.country.m49_703,2013,-277983.99999999998,usd,actual,numeric,source.geostat_fdi_by_countries,FDI (annual),T31,thousand_usd,2026-08-17,2026-10-10
fdi.country.m49_703,2014,3578333.8999999996,usd,actual,numeric,source.geostat_fdi_by_countries,FDI (annual),U31,thousand_usd,2026-08-17,2026-10-10
fdi.country.m49_703,2015,3450163.4999999997,usd,actual,numeric,source.geostat_fdi_by_countries,FDI (annual),V31,thousand_usd,2026-08-17,2026-10-10
fdi.country.m49_703,2016,-1033681.1000000002,usd,actual,numeric,source.geostat_fdi_by_countries,FDI (annual),W31,thousand_usd,2026-08-17,2026-10-10
fdi.country.m49_703,2017,2753707.5999999993,usd,actual,numeric,source.geostat_fdi_by_countries,FDI (annual),X31,thousand_usd,2026-08-17,2026-10-10
fdi.country.m49_703,2018,3651812.7000000004,usd,actual,numeric,source.geostat_fdi_by_countries,FDI (annual),Y31,thousand_usd,2026-08-17,2026-10-10
fdi.country.m49_703,2019,1938647.2999999996,usd,actual,numeric,source.geostat_fdi_by_countries,FDI (annual),Z31,thousand_usd,2026-08-17,2026-10-10
fdi.country.m49_703,2020,16606664.500000003,usd,actual,numeric,source.geostat_fdi_by_countries,FDI (annual),AA31,thousand_usd,2026-08-17,2026-10-10
fdi.country.m49_703,2021,-1315884.6999999998,usd,actual,numeric,source.geostat_fdi_by_countries,FDI (annual),AB31,thousand_usd,2026-08-17,2026-10-10
fdi.country.m49_703,2022,4297278.1000000004,usd,actual,numeric,source.geostat_fdi_by_countries,FDI (annual),AC31,thousand_usd,2026-08-17,2026-10-10
fdi.country.m49_703,2023,265483.1999999999,usd,actual,numeric,source.geostat_fdi_by_countries,FDI (annual),AD31,thousand_usd,2026-08-17,2026-10-10
fdi.country.m49_703,2024,14373122.200000002,usd,actual,numeric,source.geostat_fdi_by_countries,FDI (annual),AE31,thousand_usd,2026-08-17,2026-10-10
fdi.country.m49_703,2025,11912090.799999998,usd,actual,numeric,source.geostat_fdi_by_countries,FDI (annual),AF31,thousand_usd,2026-08-17,2026-10-10
fdi.country.m49_705,1996,,usd,actual,not_applicable,source.geostat_fdi_by_countries,FDI (annual),C32,thousand_usd,2026-08-17,2026-10-10
fdi.country.m49_705,1997,,usd,actual,not_applicable,source.geostat_fdi_by_countries,FDI (annual),D32,thousand_usd,2026-08-17,2026-10-10
fdi.country.m49_705,1998,,usd,actual,not_applicable,source.geostat_fdi_by_countries,FDI (annual),E32,thousand_usd,2026-08-17,2026-10-10
fdi.country.m49_705,1999,,usd,actual,not_applicable,source.geostat_fdi_by_countries,FDI (annual),F32,thousand_usd,2026-08-17,2026-10-10
fdi.country.m49_705,2000,,usd,actual,not_applicable,source.geostat_fdi_by_countries,FDI (annual),G32,thousand_usd,2026-08-17,2026-10-10
fdi.country.m49_705,2001,,usd,actual,not_applicable,source.geostat_fdi_by_countries,FDI (annual),H32,thousand_usd,2026-08-17,2026-10-10
fdi.country.m49_705,2002,,usd,actual,not_applicable,source.geostat_fdi_by_countries,FDI (annual),I32,thousand_usd,2026-08-17,2026-10-10
fdi.country.m49_705,2003,,usd,actual,not_applicable,source.geostat_fdi_by_countries,FDI (annual),J32,thousand_usd,2026-08-17,2026-10-10
fdi.country.m49_705,2004,,usd,actual,not_applicable,source.geostat_fdi_by_countries,FDI (annual),K32,thousand_usd,2026-08-17,2026-10-10
fdi.country.m49_705,2005,,usd,actual,not_applicable,source.geostat_fdi_by_countries,FDI (annual),L32,thousand_usd,2026-08-17,2026-10-10
fdi.country.m49_705,2006,,usd,actual,not_applicable,source.geostat_fdi_by_countries,FDI (annual),M32,thousand_usd,2026-08-17,2026-10-10
fdi.country.m49_705,2007,,usd,actual,not_applicable,source.geostat_fdi_by_countries,FDI (annual),N32,thousand_usd,2026-08-17,2026-10-10
fdi.country.m49_705,2008,,usd,actual,not_applicable,source.geostat_fdi_by_countries,FDI (annual),O32,thousand_usd,2026-08-17,2026-10-10
fdi.country.m49_705,2009,,usd,actual,not_applicable,source.geostat_fdi_by_countries,FDI (annual),P32,thousand_usd,2026-08-17,2026-10-10
fdi.country.m49_705,2010,,usd,actual,not_applicable,source.geostat_fdi_by_countries,FDI (annual),Q32,thousand_usd,2026-08-17,2026-10-10
fdi.country.m49_705,2011,,usd,actual,not_applicable,source.geostat_fdi_by_countries,FDI (annual),R32,thousand_usd,2026-08-17,2026-10-10
fdi.country.m49_705,2012,,usd,actual,not_applicable,source.geostat_fdi_by_countries,FDI (annual),S32,thousand_usd,2026-08-17,2026-10-10
fdi.country.m49_705,2013,,usd,actual,not_applicable,source.geostat_fdi_by_countries,FDI (annual),T32,thousand_usd,2026-08-17,2026-10-10
fdi.country.m49_705,2014,63277.000000000001,usd,actual,numeric,source.geostat_fdi_by_countries,FDI (annual),U32,thousand_usd,2026-08-17,2026-10-10
fdi.country.m49_705,2015,-4493.9999999999998,usd,actual,numeric,source.geostat_fdi_by_countries,FDI (annual),V32,thousand_usd,2026-08-17,2026-10-10
fdi.country.m49_705,2016,865012.7,usd,actual,numeric,source.geostat_fdi_by_countries,FDI (annual),W32,thousand_usd,2026-08-17,2026-10-10
fdi.country.m49_705,2017,997034.60000000007,usd,actual,numeric,source.geostat_fdi_by_countries,FDI (annual),X32,thousand_usd,2026-08-17,2026-10-10
fdi.country.m49_705,2018,887355.90000000002,usd,actual,numeric,source.geostat_fdi_by_countries,FDI (annual),Y32,thousand_usd,2026-08-17,2026-10-10
fdi.country.m49_705,2019,1184406.9999999999,usd,actual,numeric,source.geostat_fdi_by_countries,FDI (annual),Z32,thousand_usd,2026-08-17,2026-10-10
fdi.country.m49_705,2020,-6188.9000000000003,usd,actual,numeric,source.geostat_fdi_by_countries,FDI (annual),AA32,thousand_usd,2026-08-17,2026-10-10
fdi.country.m49_705,2021,34181.600000000003,usd,actual,numeric,source.geostat_fdi_by_countries,FDI (annual),AB32,thousand_usd,2026-08-17,2026-10-10
fdi.country.m49_705,2022,290212.69999999998,usd,actual,numeric,source.geostat_fdi_by_countries,FDI (annual),AC32,thousand_usd,2026-08-17,2026-10-10
fdi.country.m49_705,2023,148840.39999999999,usd,actual,numeric,source.geostat_fdi_by_countries,FDI (annual),AD32,thousand_usd,2026-08-17,2026-10-10
fdi.country.m49_705,2024,61216.999999999999,usd,actual,numeric,source.geostat_fdi_by_countries,FDI (annual),AE32,thousand_usd,2026-08-17,2026-10-10
fdi.country.m49_705,2025,-279161.7,usd,actual,numeric,source.geostat_fdi_by_countries,FDI (annual),AF32,thousand_usd,2026-08-17,2026-10-10
fdi.country.m49_724,1996,,usd,actual,not_applicable,source.geostat_fdi_by_countries,FDI (annual),C33,thousand_usd,2026-08-17,2026-10-10
fdi.country.m49_724,1997,,usd,actual,not_applicable,source.geostat_fdi_by_countries,FDI (annual),D33,thousand_usd,2026-08-17,2026-10-10
fdi.country.m49_724,1998,,usd,actual,not_applicable,source.geostat_fdi_by_countries,FDI (annual),E33,thousand_usd,2026-08-17,2026-10-10
fdi.country.m49_724,1999,,usd,actual,not_applicable,source.geostat_fdi_by_countries,FDI (annual),F33,thousand_usd,2026-08-17,2026-10-10
fdi.country.m49_724,2000,,usd,actual,not_applicable,source.geostat_fdi_by_countries,FDI (annual),G33,thousand_usd,2026-08-17,2026-10-10
fdi.country.m49_724,2001,,usd,actual,not_applicable,source.geostat_fdi_by_countries,FDI (annual),H33,thousand_usd,2026-08-17,2026-10-10
fdi.country.m49_724,2002,,usd,actual,not_applicable,source.geostat_fdi_by_countries,FDI (annual),I33,thousand_usd,2026-08-17,2026-10-10
fdi.country.m49_724,2003,,usd,actual,not_applicable,source.geostat_fdi_by_countries,FDI (annual),J33,thousand_usd,2026-08-17,2026-10-10
fdi.country.m49_724,2004,,usd,actual,not_applicable,source.geostat_fdi_by_countries,FDI (annual),K33,thousand_usd,2026-08-17,2026-10-10
fdi.country.m49_724,2005,,usd,actual,not_applicable,source.geostat_fdi_by_countries,FDI (annual),L33,thousand_usd,2026-08-17,2026-10-10
fdi.country.m49_724,2006,,usd,actual,not_applicable,source.geostat_fdi_by_countries,FDI (annual),M33,thousand_usd,2026-08-17,2026-10-10
fdi.country.m49_724,2007,3297630.8245,usd,actual,numeric,source.geostat_fdi_by_countries,FDI (annual),N33,thousand_usd,2026-08-17,2026-10-10
fdi.country.m49_724,2008,5474790.25,usd,actual,numeric,source.geostat_fdi_by_countries,FDI (annual),O33,thousand_usd,2026-08-17,2026-10-10
fdi.country.m49_724,2009,137042.7,usd,actual,numeric,source.geostat_fdi_by_countries,FDI (annual),P33,thousand_usd,2026-08-17,2026-10-10
fdi.country.m49_724,2010,91366.200000000006,usd,actual,numeric,source.geostat_fdi_by_countries,FDI (annual),Q33,thousand_usd,2026-08-17,2026-10-10
fdi.country.m49_724,2011,30201.299999999947,usd,actual,numeric,source.geostat_fdi_by_countries,FDI (annual),R33,thousand_usd,2026-08-17,2026-10-10
fdi.country.m49_724,2012,941861.19999999937,usd,actual,numeric,source.geostat_fdi_by_countries,FDI (annual),S33,thousand_usd,2026-08-17,2026-10-10
fdi.country.m49_724,2013,-1645093.2,usd,actual,numeric,source.geostat_fdi_by_countries,FDI (annual),T33,thousand_usd,2026-08-17,2026-10-10
fdi.country.m49_724,2014,4730244.6,usd,actual,numeric,source.geostat_fdi_by_countries,FDI (annual),U33,thousand_usd,2026-08-17,2026-10-10
fdi.country.m49_724,2015,1345490.6000000001,usd,actual,numeric,source.geostat_fdi_by_countries,FDI (annual),V33,thousand_usd,2026-08-17,2026-10-10
fdi.country.m49_724,2016,1115797.7000000001,usd,actual,numeric,source.geostat_fdi_by_countries,FDI (annual),W33,thousand_usd,2026-08-17,2026-10-10
fdi.country.m49_724,2017,5835863.7999999983,usd,actual,numeric,source.geostat_fdi_by_countries,FDI (annual),X33,thousand_usd,2026-08-17,2026-10-10
fdi.country.m49_724,2018,-3487280.2000000015,usd,actual,numeric,source.geostat_fdi_by_countries,FDI (annual),Y33,thousand_usd,2026-08-17,2026-10-10
fdi.country.m49_724,2019,-3058919.0000000003,usd,actual,numeric,source.geostat_fdi_by_countries,FDI (annual),Z33,thousand_usd,2026-08-17,2026-10-10
fdi.country.m49_724,2020,2937147.8999999999,usd,actual,numeric,source.geostat_fdi_by_countries,FDI (annual),AA33,thousand_usd,2026-08-17,2026-10-10
fdi.country.m49_724,2021,14407854.800000003,usd,actual,numeric,source.geostat_fdi_by_countries,FDI (annual),AB33,thousand_usd,2026-08-17,2026-10-10
fdi.country.m49_724,2022,360476063.7,usd,actual,numeric,source.geostat_fdi_by_countries,FDI (annual),AC33,thousand_usd,2026-08-17,2026-10-10
fdi.country.m49_724,2023,20604847.500000003,usd,actual,numeric,source.geostat_fdi_by_countries,FDI (annual),AD33,thousand_usd,2026-08-17,2026-10-10
fdi.country.m49_724,2024,-192295554.09999998,usd,actual,numeric,source.geostat_fdi_by_countries,FDI (annual),AE33,thousand_usd,2026-08-17,2026-10-10
fdi.country.m49_724,2025,66894764.199999991,usd,actual,numeric,source.geostat_fdi_by_countries,FDI (annual),AF33,thousand_usd,2026-08-17,2026-10-10
fdi.country.m49_752,1996,,usd,actual,not_applicable,source.geostat_fdi_by_countries,FDI (annual),C34,thousand_usd,2026-08-17,2026-10-10
fdi.country.m49_752,1997,,usd,actual,not_applicable,source.geostat_fdi_by_countries,FDI (annual),D34,thousand_usd,2026-08-17,2026-10-10
fdi.country.m49_752,1998,,usd,actual,not_applicable,source.geostat_fdi_by_countries,FDI (annual),E34,thousand_usd,2026-08-17,2026-10-10
fdi.country.m49_752,1999,,usd,actual,not_applicable,source.geostat_fdi_by_countries,FDI (annual),F34,thousand_usd,2026-08-17,2026-10-10
fdi.country.m49_752,2000,,usd,actual,not_applicable,source.geostat_fdi_by_countries,FDI (annual),G34,thousand_usd,2026-08-17,2026-10-10
fdi.country.m49_752,2001,,usd,actual,not_applicable,source.geostat_fdi_by_countries,FDI (annual),H34,thousand_usd,2026-08-17,2026-10-10
fdi.country.m49_752,2002,,usd,actual,not_applicable,source.geostat_fdi_by_countries,FDI (annual),I34,thousand_usd,2026-08-17,2026-10-10
fdi.country.m49_752,2003,,usd,actual,not_applicable,source.geostat_fdi_by_countries,FDI (annual),J34,thousand_usd,2026-08-17,2026-10-10
fdi.country.m49_752,2004,,usd,actual,not_applicable,source.geostat_fdi_by_countries,FDI (annual),K34,thousand_usd,2026-08-17,2026-10-10
fdi.country.m49_752,2005,160449.56263,usd,actual,numeric,source.geostat_fdi_by_countries,FDI (annual),L34,thousand_usd,2026-08-17,2026-10-10
fdi.country.m49_752,2006,189499.02639999999,usd,actual,numeric,source.geostat_fdi_by_countries,FDI (annual),M34,thousand_usd,2026-08-17,2026-10-10
fdi.country.m49_752,2007,6223508.0376000005,usd,actual,numeric,source.geostat_fdi_by_countries,FDI (annual),N34,thousand_usd,2026-08-17,2026-10-10
fdi.country.m49_752,2008,7634829.3032000001,usd,actual,numeric,source.geostat_fdi_by_countries,FDI (annual),O34,thousand_usd,2026-08-17,2026-10-10
fdi.country.m49_752,2009,-8831449.8999999996,usd,actual,numeric,source.geostat_fdi_by_countries,FDI (annual),P34,thousand_usd,2026-08-17,2026-10-10
fdi.country.m49_752,2010,-1596081.9000000001,usd,actual,numeric,source.geostat_fdi_by_countries,FDI (annual),Q34,thousand_usd,2026-08-17,2026-10-10
fdi.country.m49_752,2011,-3615206.7999999999,usd,actual,numeric,source.geostat_fdi_by_countries,FDI (annual),R34,thousand_usd,2026-08-17,2026-10-10
fdi.country.m49_752,2012,-4464534.6999999992,usd,actual,numeric,source.geostat_fdi_by_countries,FDI (annual),S34,thousand_usd,2026-08-17,2026-10-10
fdi.country.m49_752,2013,5265196.3999999998,usd,actual,numeric,source.geostat_fdi_by_countries,FDI (annual),T34,thousand_usd,2026-08-17,2026-10-10
fdi.country.m49_752,2014,1059053.3,usd,actual,numeric,source.geostat_fdi_by_countries,FDI (annual),U34,thousand_usd,2026-08-17,2026-10-10
fdi.country.m49_752,2015,8726692.1000000002,usd,actual,numeric,source.geostat_fdi_by_countries,FDI (annual),V34,thousand_usd,2026-08-17,2026-10-10
fdi.country.m49_752,2016,3094232.5000000001,usd,actual,numeric,source.geostat_fdi_by_countries,FDI (annual),W34,thousand_usd,2026-08-17,2026-10-10
fdi.country.m49_752,2017,2039670.6999999992,usd,actual,numeric,source.geostat_fdi_by_countries,FDI (annual),X34,thousand_usd,2026-08-17,2026-10-10
fdi.country.m49_752,2018,1070660.1000000005,usd,actual,numeric,source.geostat_fdi_by_countries,FDI (annual),Y34,thousand_usd,2026-08-17,2026-10-10
fdi.country.m49_752,2019,4706551.8000000002,usd,actual,numeric,source.geostat_fdi_by_countries,FDI (annual),Z34,thousand_usd,2026-08-17,2026-10-10
fdi.country.m49_752,2020,7697588.9999999999,usd,actual,numeric,source.geostat_fdi_by_countries,FDI (annual),AA34,thousand_usd,2026-08-17,2026-10-10
fdi.country.m49_752,2021,4483803.2000000012,usd,actual,numeric,source.geostat_fdi_by_countries,FDI (annual),AB34,thousand_usd,2026-08-17,2026-10-10
fdi.country.m49_752,2022,-360991.19999999999,usd,actual,numeric,source.geostat_fdi_by_countries,FDI (annual),AC34,thousand_usd,2026-08-17,2026-10-10
fdi.country.m49_752,2023,-3018603.0999999998,usd,actual,numeric,source.geostat_fdi_by_countries,FDI (annual),AD34,thousand_usd,2026-08-17,2026-10-10
fdi.country.m49_752,2024,-170843.20000000002,usd,actual,numeric,source.geostat_fdi_by_countries,FDI (annual),AE34,thousand_usd,2026-08-17,2026-10-10
fdi.country.m49_752,2025,4412455.7000000004,usd,actual,numeric,source.geostat_fdi_by_countries,FDI (annual),AF34,thousand_usd,2026-08-17,2026-10-10
fdi.country.m49_756,1996,,usd,actual,not_applicable,source.geostat_fdi_by_countries,FDI (annual),C79,thousand_usd,2026-08-17,2026-10-10
fdi.country.m49_756,1997,,usd,actual,not_applicable,source.geostat_fdi_by_countries,FDI (annual),D79,thousand_usd,2026-08-17,2026-10-10
fdi.country.m49_756,1998,,usd,actual,not_applicable,source.geostat_fdi_by_countries,FDI (annual),E79,thousand_usd,2026-08-17,2026-10-10
fdi.country.m49_756,1999,,usd,actual,not_applicable,source.geostat_fdi_by_countries,FDI (annual),F79,thousand_usd,2026-08-17,2026-10-10
fdi.country.m49_756,2000,599017.87397999999,usd,actual,numeric,source.geostat_fdi_by_countries,FDI (annual),G79,thousand_usd,2026-08-17,2026-10-10
fdi.country.m49_756,2001,,usd,actual,not_applicable,source.geostat_fdi_by_countries,FDI (annual),H79,thousand_usd,2026-08-17,2026-10-10
fdi.country.m49_756,2002,,usd,actual,not_applicable,source.geostat_fdi_by_countries,FDI (annual),I79,thousand_usd,2026-08-17,2026-10-10
fdi.country.m49_756,2003,24812.339999999999,usd,actual,numeric,source.geostat_fdi_by_countries,FDI (annual),J79,thousand_usd,2026-08-17,2026-10-10
fdi.country.m49_756,2004,42634.569999999997,usd,actual,numeric,source.geostat_fdi_by_countries,FDI (annual),K79,thousand_usd,2026-08-17,2026-10-10
fdi.country.m49_756,2005,348385.13502000001,usd,actual,numeric,source.geostat_fdi_by_countries,FDI (annual),L79,thousand_usd,2026-08-17,2026-10-10
fdi.country.m49_756,2006,342194.54701000001,usd,actual,numeric,source.geostat_fdi_by_countries,FDI (annual),M79,thousand_usd,2026-08-17,2026-10-10
fdi.country.m49_756,2007,9961991.4059999992,usd,actual,numeric,source.geostat_fdi_by_countries,FDI (annual),N79,thousand_usd,2026-08-17,2026-10-10
fdi.country.m49_756,2008,89958560.933999994,usd,actual,numeric,source.geostat_fdi_by_countries,FDI (annual),O79,thousand_usd,2026-08-17,2026-10-10
fdi.country.m49_756,2009,-11984003.3,usd,actual,numeric,source.geostat_fdi_by_countries,FDI (annual),P79,thousand_usd,2026-08-17,2026-10-10
fdi.country.m49_756,2010,21885065.5425,usd,actual,numeric,source.geostat_fdi_by_countries,FDI (annual),Q79,thousand_usd,2026-08-17,2026-10-10
fdi.country.m49_756,2011,29534490.496000006,usd,actual,numeric,source.geostat_fdi_by_countries,FDI (annual),R79,thousand_usd,2026-08-17,2026-10-10
fdi.country.m49_756,2012,22027450.397200002,usd,actual,numeric,source.geostat_fdi_by_countries,FDI (annual),S79,thousand_usd,2026-08-17,2026-10-10
fdi.country.m49_756,2013,24272350.874996304,usd,actual,numeric,source.geostat_fdi_by_countries,FDI (annual),T79,thousand_usd,2026-08-17,2026-10-10
fdi.country.m49_756,2014,8326995.6792136018,usd,actual,numeric,source.geostat_fdi_by_countries,FDI (annual),U79,thousand_usd,2026-08-17,2026-10-10
fdi.country.m49_756,2015,741408.70565630007,usd,actual,numeric,source.geostat_fdi_by_countries,FDI (annual),V79,thousand_usd,2026-08-17,2026-10-10
fdi.country.m49_756,2016,7112013.3000000005,usd,actual,numeric,source.geostat_fdi_by_countries,FDI (annual),W79,thousand_usd,2026-08-17,2026-10-10
fdi.country.m49_756,2017,29315030.899999991,usd,actual,numeric,source.geostat_fdi_by_countries,FDI (annual),X79,thousand_usd,2026-08-17,2026-10-10
fdi.country.m49_756,2018,44256937.2,usd,actual,numeric,source.geostat_fdi_by_countries,FDI (annual),Y79,thousand_usd,2026-08-17,2026-10-10
fdi.country.m49_756,2019,17416819.799999997,usd,actual,numeric,source.geostat_fdi_by_countries,FDI (annual),Z79,thousand_usd,2026-08-17,2026-10-10
fdi.country.m49_756,2020,10219102.299999999,usd,actual,numeric,source.geostat_fdi_by_countries,FDI (annual),AA79,thousand_usd,2026-08-17,2026-10-10
fdi.country.m49_756,2021,-1556846.6999999985,usd,actual,numeric,source.geostat_fdi_by_countries,FDI (annual),AB79,thousand_usd,2026-08-17,2026-10-10
fdi.country.m49_756,2022,32719782.399999996,usd,actual,numeric,source.geostat_fdi_by_countries,FDI (annual),AC79,thousand_usd,2026-08-17,2026-10-10
fdi.country.m49_756,2023,42961515.600000013,usd,actual,numeric,source.geostat_fdi_by_countries,FDI (annual),AD79,thousand_usd,2026-08-17,2026-10-10
fdi.country.m49_756,2024,44252795.099999996,usd,actual,numeric,source.geostat_fdi_by_countries,FDI (annual),AE79,thousand_usd,2026-08-17,2026-10-10
fdi.country.m49_756,2025,25120294.400000002,usd,actual,numeric,source.geostat_fdi_by_countries,FDI (annual),AF79,thousand_usd,2026-08-17,2026-10-10
fdi.country.m49_760,1996,,usd,actual,not_applicable,source.geostat_fdi_by_countries,FDI (annual),C80,thousand_usd,2026-08-17,2026-10-10
fdi.country.m49_760,1997,,usd,actual,not_applicable,source.geostat_fdi_by_countries,FDI (annual),D80,thousand_usd,2026-08-17,2026-10-10
fdi.country.m49_760,1998,,usd,actual,not_applicable,source.geostat_fdi_by_countries,FDI (annual),E80,thousand_usd,2026-08-17,2026-10-10
fdi.country.m49_760,1999,,usd,actual,not_applicable,source.geostat_fdi_by_countries,FDI (annual),F80,thousand_usd,2026-08-17,2026-10-10
fdi.country.m49_760,2000,,usd,actual,not_applicable,source.geostat_fdi_by_countries,FDI (annual),G80,thousand_usd,2026-08-17,2026-10-10
fdi.country.m49_760,2001,,usd,actual,not_applicable,source.geostat_fdi_by_countries,FDI (annual),H80,thousand_usd,2026-08-17,2026-10-10
fdi.country.m49_760,2002,,usd,actual,not_applicable,source.geostat_fdi_by_countries,FDI (annual),I80,thousand_usd,2026-08-17,2026-10-10
fdi.country.m49_760,2003,,usd,actual,not_applicable,source.geostat_fdi_by_countries,FDI (annual),J80,thousand_usd,2026-08-17,2026-10-10
fdi.country.m49_760,2004,,usd,actual,not_applicable,source.geostat_fdi_by_countries,FDI (annual),K80,thousand_usd,2026-08-17,2026-10-10
fdi.country.m49_760,2005,,usd,actual,not_applicable,source.geostat_fdi_by_countries,FDI (annual),L80,thousand_usd,2026-08-17,2026-10-10
fdi.country.m49_760,2006,,usd,actual,not_applicable,source.geostat_fdi_by_countries,FDI (annual),M80,thousand_usd,2026-08-17,2026-10-10
fdi.country.m49_760,2007,3851.7365735000002,usd,actual,numeric,source.geostat_fdi_by_countries,FDI (annual),N80,thousand_usd,2026-08-17,2026-10-10
fdi.country.m49_760,2008,9174.7899999999998,usd,actual,numeric,source.geostat_fdi_by_countries,FDI (annual),O80,thousand_usd,2026-08-17,2026-10-10
fdi.country.m49_760,2009,12765.499999999999,usd,actual,numeric,source.geostat_fdi_by_countries,FDI (annual),P80,thousand_usd,2026-08-17,2026-10-10
fdi.country.m49_760,2010,63344.6,usd,actual,numeric,source.geostat_fdi_by_countries,FDI (annual),Q80,thousand_usd,2026-08-17,2026-10-10
fdi.country.m49_760,2011,103416.2,usd,actual,numeric,source.geostat_fdi_by_countries,FDI (annual),R80,thousand_usd,2026-08-17,2026-10-10
fdi.country.m49_760,2012,-10284.799999999997,usd,actual,numeric,source.geostat_fdi_by_countries,FDI (annual),S80,thousand_usd,2026-08-17,2026-10-10
fdi.country.m49_760,2013,26130.100000000002,usd,actual,numeric,source.geostat_fdi_by_countries,FDI (annual),T80,thousand_usd,2026-08-17,2026-10-10
fdi.country.m49_760,2014,116897.3,usd,actual,numeric,source.geostat_fdi_by_countries,FDI (annual),U80,thousand_usd,2026-08-17,2026-10-10
fdi.country.m49_760,2015,442078.70000000003,usd,actual,numeric,source.geostat_fdi_by_countries,FDI (annual),V80,thousand_usd,2026-08-17,2026-10-10
fdi.country.m49_760,2016,386673.49999999999,usd,actual,numeric,source.geostat_fdi_by_countries,FDI (annual),W80,thousand_usd,2026-08-17,2026-10-10
fdi.country.m49_760,2017,983190.29999999975,usd,actual,numeric,source.geostat_fdi_by_countries,FDI (annual),X80,thousand_usd,2026-08-17,2026-10-10
fdi.country.m49_760,2018,193860.10000000005,usd,actual,numeric,source.geostat_fdi_by_countries,FDI (annual),Y80,thousand_usd,2026-08-17,2026-10-10
fdi.country.m49_760,2019,362127.29999999993,usd,actual,numeric,source.geostat_fdi_by_countries,FDI (annual),Z80,thousand_usd,2026-08-17,2026-10-10
fdi.country.m49_760,2020,-79854.800000000012,usd,actual,numeric,source.geostat_fdi_by_countries,FDI (annual),AA80,thousand_usd,2026-08-17,2026-10-10
fdi.country.m49_760,2021,-306668.09999999998,usd,actual,numeric,source.geostat_fdi_by_countries,FDI (annual),AB80,thousand_usd,2026-08-17,2026-10-10
fdi.country.m49_760,2022,72324.900000000071,usd,actual,numeric,source.geostat_fdi_by_countries,FDI (annual),AC80,thousand_usd,2026-08-17,2026-10-10
fdi.country.m49_760,2023,357274.70000000005,usd,actual,numeric,source.geostat_fdi_by_countries,FDI (annual),AD80,thousand_usd,2026-08-17,2026-10-10
fdi.country.m49_760,2024,148300.30000000005,usd,actual,numeric,source.geostat_fdi_by_countries,FDI (annual),AE80,thousand_usd,2026-08-17,2026-10-10
fdi.country.m49_760,2025,294861.30000000009,usd,actual,numeric,source.geostat_fdi_by_countries,FDI (annual),AF80,thousand_usd,2026-08-17,2026-10-10
fdi.country.m49_784,1996,,usd,actual,not_applicable,source.geostat_fdi_by_countries,FDI (annual),C81,thousand_usd,2026-08-17,2026-10-10
fdi.country.m49_784,1997,,usd,actual,not_applicable,source.geostat_fdi_by_countries,FDI (annual),D81,thousand_usd,2026-08-17,2026-10-10
fdi.country.m49_784,1998,,usd,actual,not_applicable,source.geostat_fdi_by_countries,FDI (annual),E81,thousand_usd,2026-08-17,2026-10-10
fdi.country.m49_784,1999,,usd,actual,not_applicable,source.geostat_fdi_by_countries,FDI (annual),F81,thousand_usd,2026-08-17,2026-10-10
fdi.country.m49_784,2000,,usd,actual,not_applicable,source.geostat_fdi_by_countries,FDI (annual),G81,thousand_usd,2026-08-17,2026-10-10
fdi.country.m49_784,2001,,usd,actual,not_applicable,source.geostat_fdi_by_countries,FDI (annual),H81,thousand_usd,2026-08-17,2026-10-10
fdi.country.m49_784,2002,,usd,actual,not_applicable,source.geostat_fdi_by_countries,FDI (annual),I81,thousand_usd,2026-08-17,2026-10-10
fdi.country.m49_784,2003,291142.8477,usd,actual,numeric,source.geostat_fdi_by_countries,FDI (annual),J81,thousand_usd,2026-08-17,2026-10-10
fdi.country.m49_784,2004,,usd,actual,not_applicable,source.geostat_fdi_by_countries,FDI (annual),K81,thousand_usd,2026-08-17,2026-10-10
fdi.country.m49_784,2005,280461.81059999998,usd,actual,numeric,source.geostat_fdi_by_countries,FDI (annual),L81,thousand_usd,2026-08-17,2026-10-10
fdi.country.m49_784,2006,422649.71738000003,usd,actual,numeric,source.geostat_fdi_by_countries,FDI (annual),M81,thousand_usd,2026-08-17,2026-10-10
fdi.country.m49_784,2007,120186579.32,usd,actual,numeric,source.geostat_fdi_by_countries,FDI (annual),N81,thousand_usd,2026-08-17,2026-10-10
fdi.country.m49_784,2008,306576322.15000002,usd,actual,numeric,source.geostat_fdi_by_countries,FDI (annual),O81,thousand_usd,2026-08-17,2026-10-10
fdi.country.m49_784,2009,162756461.89999999,usd,actual,numeric,source.geostat_fdi_by_countries,FDI (annual),P81,thousand_usd,2026-08-17,2026-10-10
fdi.country.m49_784,2010,55530659.799999994,usd,actual,numeric,source.geostat_fdi_by_countries,FDI (annual),Q81,thousand_usd,2026-08-17,2026-10-10
fdi.country.m49_784,2011,48612111.914285699,usd,actual,numeric,source.geostat_fdi_by_countries,FDI (annual),R81,thousand_usd,2026-08-17,2026-10-10
fdi.country.m49_784,2012,25470100.485714283,usd,actual,numeric,source.geostat_fdi_by_countries,FDI (annual),S81,thousand_usd,2026-08-17,2026-10-10
fdi.country.m49_784,2013,68948381.158303309,usd,actual,numeric,source.geostat_fdi_by_countries,FDI (annual),T81,thousand_usd,2026-08-17,2026-10-10
fdi.country.m49_784,2014,25872252.388072899,usd,actual,numeric,source.geostat_fdi_by_countries,FDI (annual),U81,thousand_usd,2026-08-17,2026-10-10
fdi.country.m49_784,2015,36556135.803396508,usd,actual,numeric,source.geostat_fdi_by_countries,FDI (annual),V81,thousand_usd,2026-08-17,2026-10-10
fdi.country.m49_784,2016,55294345.900000015,usd,actual,numeric,source.geostat_fdi_by_countries,FDI (annual),W81,thousand_usd,2026-08-17,2026-10-10
fdi.country.m49_784,2017,146905771.30000002,usd,actual,numeric,source.geostat_fdi_by_countries,FDI (annual),X81,thousand_usd,2026-08-17,2026-10-10
fdi.country.m49_784,2018,33391777.999999998,usd,actual,numeric,source.geostat_fdi_by_countries,FDI (annual),Y81,thousand_usd,2026-08-17,2026-10-10
fdi.country.m49_784,2019,25612314.300000002,usd,actual,numeric,source.geostat_fdi_by_countries,FDI (annual),Z81,thousand_usd,2026-08-17,2026-10-10
fdi.country.m49_784,2020,-13636521.999999999,usd,actual,numeric,source.geostat_fdi_by_countries,FDI (annual),AA81,thousand_usd,2026-08-17,2026-10-10
fdi.country.m49_784,2021,31458003.700000001,usd,actual,numeric,source.geostat_fdi_by_countries,FDI (annual),AB81,thousand_usd,2026-08-17,2026-10-10
fdi.country.m49_784,2022,28508026.299999998,usd,actual,numeric,source.geostat_fdi_by_countries,FDI (annual),AC81,thousand_usd,2026-08-17,2026-10-10
fdi.country.m49_784,2023,48617232.899999995,usd,actual,numeric,source.geostat_fdi_by_countries,FDI (annual),AD81,thousand_usd,2026-08-17,2026-10-10
fdi.country.m49_784,2024,42695531.299999995,usd,actual,numeric,source.geostat_fdi_by_countries,FDI (annual),AE81,thousand_usd,2026-08-17,2026-10-10
fdi.country.m49_784,2025,-8431700.6999999958,usd,actual,numeric,source.geostat_fdi_by_countries,FDI (annual),AF81,thousand_usd,2026-08-17,2026-10-10
fdi.country.m49_792,1996,,usd,actual,not_applicable,source.geostat_fdi_by_countries,FDI (annual),C82,thousand_usd,2026-08-17,2026-10-10
fdi.country.m49_792,1997,14950579.455999999,usd,actual,numeric,source.geostat_fdi_by_countries,FDI (annual),D82,thousand_usd,2026-08-17,2026-10-10
fdi.country.m49_792,1998,15101311.470000001,usd,actual,numeric,source.geostat_fdi_by_countries,FDI (annual),E82,thousand_usd,2026-08-17,2026-10-10
fdi.country.m49_792,1999,9831127.8385999994,usd,actual,numeric,source.geostat_fdi_by_countries,FDI (annual),F82,thousand_usd,2026-08-17,2026-10-10
fdi.country.m49_792,2000,28601024.958000002,usd,actual,numeric,source.geostat_fdi_by_countries,FDI (annual),G82,thousand_usd,2026-08-17,2026-10-10
fdi.country.m49_792,2001,8456082.3017000002,usd,actual,numeric,source.geostat_fdi_by_countries,FDI (annual),H82,thousand_usd,2026-08-17,2026-10-10
fdi.country.m49_792,2002,8246377.3395999997,usd,actual,numeric,source.geostat_fdi_by_countries,FDI (annual),I82,thousand_usd,2026-08-17,2026-10-10
fdi.country.m49_792,2003,16673840.354,usd,actual,numeric,source.geostat_fdi_by_countries,FDI (annual),J82,thousand_usd,2026-08-17,2026-10-10
fdi.country.m49_792,2004,33325950.049999999,usd,actual,numeric,source.geostat_fdi_by_countries,FDI (annual),K82,thousand_usd,2026-08-17,2026-10-10
fdi.country.m49_792,2005,21519854.918000001,usd,actual,numeric,source.geostat_fdi_by_countries,FDI (annual),L82,thousand_usd,2026-08-17,2026-10-10
fdi.country.m49_792,2006,126790274.19,usd,actual,numeric,source.geostat_fdi_by_countries,FDI (annual),M82,thousand_usd,2026-08-17,2026-10-10
fdi.country.m49_792,2007,79510192.512000009,usd,actual,numeric,source.geostat_fdi_by_countries,FDI (annual),N82,thousand_usd,2026-08-17,2026-10-10
fdi.country.m49_792,2008,167403120.92501126,usd,actual,numeric,source.geostat_fdi_by_countries,FDI (annual),O82,thousand_usd,2026-08-17,2026-10-10
fdi.country.m49_792,2009,97984235.842883994,usd,actual,numeric,source.geostat_fdi_by_countries,FDI (annual),P82,thousand_usd,2026-08-17,2026-10-10
fdi.country.m49_792,2010,91786514.500000005,usd,actual,numeric,source.geostat_fdi_by_countries,FDI (annual),Q82,thousand_usd,2026-08-17,2026-10-10
fdi.country.m49_792,2011,77708803.450000007,usd,actual,numeric,source.geostat_fdi_by_countries,FDI (annual),R82,thousand_usd,2026-08-17,2026-10-10
fdi.country.m49_792,2012,107222391.38597605,usd,actual,numeric,source.geostat_fdi_by_countries,FDI (annual),S82,thousand_usd,2026-08-17,2026-10-10
fdi.country.m49_792,2013,51433753.532009003,usd,actual,numeric,source.geostat_fdi_by_countries,FDI (annual),T82,thousand_usd,2026-08-17,2026-10-10
fdi.country.m49_792,2014,72305960.547745708,usd,actual,numeric,source.geostat_fdi_by_countries,FDI (annual),U82,thousand_usd,2026-08-17,2026-10-10
fdi.country.m49_792,2015,74893758.202280922,usd,actual,numeric,source.geostat_fdi_by_countries,FDI (annual),V82,thousand_usd,2026-08-17,2026-10-10
fdi.country.m49_792,2016,220272235.00000002,usd,actual,numeric,source.geostat_fdi_by_countries,FDI (annual),W82,thousand_usd,2026-08-17,2026-10-10
fdi.country.m49_792,2017,256153044.39999998,usd,actual,numeric,source.geostat_fdi_by_countries,FDI (annual),X82,thousand_usd,2026-08-17,2026-10-10
fdi.country.m49_792,2018,49195837.399999946,usd,actual,numeric,source.geostat_fdi_by_countries,FDI (annual),Y82,thousand_usd,2026-08-17,2026-10-10
fdi.country.m49_792,2019,172095508.69999995,usd,actual,numeric,source.geostat_fdi_by_countries,FDI (annual),Z82,thousand_usd,2026-08-17,2026-10-10
fdi.country.m49_792,2020,80296469.400000002,usd,actual,numeric,source.geostat_fdi_by_countries,FDI (annual),AA82,thousand_usd,2026-08-17,2026-10-10
fdi.country.m49_792,2021,96954346.99999998,usd,actual,numeric,source.geostat_fdi_by_countries,FDI (annual),AB82,thousand_usd,2026-08-17,2026-10-10
fdi.country.m49_792,2022,56333337.199999944,usd,actual,numeric,source.geostat_fdi_by_countries,FDI (annual),AC82,thousand_usd,2026-08-17,2026-10-10
fdi.country.m49_792,2023,109616267.49999999,usd,actual,numeric,source.geostat_fdi_by_countries,FDI (annual),AD82,thousand_usd,2026-08-17,2026-10-10
fdi.country.m49_792,2024,89655264.200000005,usd,actual,numeric,source.geostat_fdi_by_countries,FDI (annual),AE82,thousand_usd,2026-08-17,2026-10-10
fdi.country.m49_792,2025,202385215.29999998,usd,actual,numeric,source.geostat_fdi_by_countries,FDI (annual),AF82,thousand_usd,2026-08-17,2026-10-10
fdi.country.m49_795,1996,,usd,actual,not_applicable,source.geostat_fdi_by_countries,FDI (annual),C44,thousand_usd,2026-08-17,2026-10-10
fdi.country.m49_795,1997,,usd,actual,not_applicable,source.geostat_fdi_by_countries,FDI (annual),D44,thousand_usd,2026-08-17,2026-10-10
fdi.country.m49_795,1998,,usd,actual,not_applicable,source.geostat_fdi_by_countries,FDI (annual),E44,thousand_usd,2026-08-17,2026-10-10
fdi.country.m49_795,1999,,usd,actual,not_applicable,source.geostat_fdi_by_countries,FDI (annual),F44,thousand_usd,2026-08-17,2026-10-10
fdi.country.m49_795,2000,,usd,actual,not_applicable,source.geostat_fdi_by_countries,FDI (annual),G44,thousand_usd,2026-08-17,2026-10-10
fdi.country.m49_795,2001,,usd,actual,not_applicable,source.geostat_fdi_by_countries,FDI (annual),H44,thousand_usd,2026-08-17,2026-10-10
fdi.country.m49_795,2002,,usd,actual,not_applicable,source.geostat_fdi_by_countries,FDI (annual),I44,thousand_usd,2026-08-17,2026-10-10
fdi.country.m49_795,2003,,usd,actual,not_applicable,source.geostat_fdi_by_countries,FDI (annual),J44,thousand_usd,2026-08-17,2026-10-10
fdi.country.m49_795,2004,,usd,actual,not_applicable,source.geostat_fdi_by_countries,FDI (annual),K44,thousand_usd,2026-08-17,2026-10-10
fdi.country.m49_795,2005,,usd,actual,not_applicable,source.geostat_fdi_by_countries,FDI (annual),L44,thousand_usd,2026-08-17,2026-10-10
fdi.country.m49_795,2006,,usd,actual,not_applicable,source.geostat_fdi_by_countries,FDI (annual),M44,thousand_usd,2026-08-17,2026-10-10
fdi.country.m49_795,2007,,usd,actual,not_applicable,source.geostat_fdi_by_countries,FDI (annual),N44,thousand_usd,2026-08-17,2026-10-10
fdi.country.m49_795,2008,,usd,actual,not_applicable,source.geostat_fdi_by_countries,FDI (annual),O44,thousand_usd,2026-08-17,2026-10-10
fdi.country.m49_795,2009,,usd,actual,not_applicable,source.geostat_fdi_by_countries,FDI (annual),P44,thousand_usd,2026-08-17,2026-10-10
fdi.country.m49_795,2010,,usd,actual,not_applicable,source.geostat_fdi_by_countries,FDI (annual),Q44,thousand_usd,2026-08-17,2026-10-10
fdi.country.m49_795,2011,,usd,actual,not_applicable,source.geostat_fdi_by_countries,FDI (annual),R44,thousand_usd,2026-08-17,2026-10-10
fdi.country.m49_795,2012,7092.3999999999996,usd,actual,numeric,source.geostat_fdi_by_countries,FDI (annual),S44,thousand_usd,2026-08-17,2026-10-10
fdi.country.m49_795,2013,361192.20000000001,usd,actual,numeric,source.geostat_fdi_by_countries,FDI (annual),T44,thousand_usd,2026-08-17,2026-10-10
fdi.country.m49_795,2014,-85553.899999999999,usd,actual,numeric,source.geostat_fdi_by_countries,FDI (annual),U44,thousand_usd,2026-08-17,2026-10-10
fdi.country.m49_795,2015,-43938.500000000005,usd,actual,numeric,source.geostat_fdi_by_countries,FDI (annual),V44,thousand_usd,2026-08-17,2026-10-10
fdi.country.m49_795,2016,194213.59999999996,usd,actual,numeric,source.geostat_fdi_by_countries,FDI (annual),W44,thousand_usd,2026-08-17,2026-10-10
fdi.country.m49_795,2017,2586937.3000000005,usd,actual,numeric,source.geostat_fdi_by_countries,FDI (annual),X44,thousand_usd,2026-08-17,2026-10-10
fdi.country.m49_795,2018,-285552.00000000002,usd,actual,numeric,source.geostat_fdi_by_countries,FDI (annual),Y44,thousand_usd,2026-08-17,2026-10-10
fdi.country.m49_795,2019,3083182.8999999998,usd,actual,numeric,source.geostat_fdi_by_countries,FDI (annual),Z44,thousand_usd,2026-08-17,2026-10-10
fdi.country.m49_795,2020,-268358.90000000006,usd,actual,numeric,source.geostat_fdi_by_countries,FDI (annual),AA44,thousand_usd,2026-08-17,2026-10-10
fdi.country.m49_795,2021,1136012.8,usd,actual,numeric,source.geostat_fdi_by_countries,FDI (annual),AB44,thousand_usd,2026-08-17,2026-10-10
fdi.country.m49_795,2022,1386801.8999999999,usd,actual,numeric,source.geostat_fdi_by_countries,FDI (annual),AC44,thousand_usd,2026-08-17,2026-10-10
fdi.country.m49_795,2023,142697.50000000042,usd,actual,numeric,source.geostat_fdi_by_countries,FDI (annual),AD44,thousand_usd,2026-08-17,2026-10-10
fdi.country.m49_795,2024,981309.20000000003,usd,actual,numeric,source.geostat_fdi_by_countries,FDI (annual),AE44,thousand_usd,2026-08-17,2026-10-10
fdi.country.m49_795,2025,1563458.8000000003,usd,actual,numeric,source.geostat_fdi_by_countries,FDI (annual),AF44,thousand_usd,2026-08-17,2026-10-10
fdi.country.m49_804,1996,3753450,usd,actual,numeric,source.geostat_fdi_by_countries,FDI (annual),C45,thousand_usd,2026-08-17,2026-10-10
fdi.country.m49_804,1997,403110,usd,actual,numeric,source.geostat_fdi_by_countries,FDI (annual),D45,thousand_usd,2026-08-17,2026-10-10
fdi.country.m49_804,1998,-2667560,usd,actual,numeric,source.geostat_fdi_by_countries,FDI (annual),E45,thousand_usd,2026-08-17,2026-10-10
fdi.country.m49_804,1999,-547404.63362000003,usd,actual,numeric,source.geostat_fdi_by_countries,FDI (annual),F45,thousand_usd,2026-08-17,2026-10-10
fdi.country.m49_804,2000,-50950.741938999997,usd,actual,numeric,source.geostat_fdi_by_countries,FDI (annual),G45,thousand_usd,2026-08-17,2026-10-10
fdi.country.m49_804,2001,-36425.595809000001,usd,actual,numeric,source.geostat_fdi_by_countries,FDI (annual),H45,thousand_usd,2026-08-17,2026-10-10
fdi.country.m49_804,2002,-37812.127250000003,usd,actual,numeric,source.geostat_fdi_by_countries,FDI (annual),I45,thousand_usd,2026-08-17,2026-10-10
fdi.country.m49_804,2003,1438500.2472000001,usd,actual,numeric,source.geostat_fdi_by_countries,FDI (annual),J45,thousand_usd,2026-08-17,2026-10-10
fdi.country.m49_804,2004,1280000.0057,usd,actual,numeric,source.geostat_fdi_by_countries,FDI (annual),K45,thousand_usd,2026-08-17,2026-10-10
fdi.country.m49_804,2005,1700881.0613999999,usd,actual,numeric,source.geostat_fdi_by_countries,FDI (annual),L45,thousand_usd,2026-08-17,2026-10-10
fdi.country.m49_804,2006,1055759.7171,usd,actual,numeric,source.geostat_fdi_by_countries,FDI (annual),M45,thousand_usd,2026-08-17,2026-10-10
fdi.country.m49_804,2007,22308507.207000002,usd,actual,numeric,source.geostat_fdi_by_countries,FDI (annual),N45,thousand_usd,2026-08-17,2026-10-10
fdi.country.m49_804,2008,-6441963.8143000002,usd,actual,numeric,source.geostat_fdi_by_countries,FDI (annual),O45,thousand_usd,2026-08-17,2026-10-10
fdi.country.m49_804,2009,-1563547.8000000001,usd,actual,numeric,source.geostat_fdi_by_countries,FDI (annual),P45,thousand_usd,2026-08-17,2026-10-10
fdi.country.m49_804,2010,4396062.5,usd,actual,numeric,source.geostat_fdi_by_countries,FDI (annual),Q45,thousand_usd,2026-08-17,2026-10-10
fdi.country.m49_804,2011,1648213.2999999999,usd,actual,numeric,source.geostat_fdi_by_countries,FDI (annual),R45,thousand_usd,2026-08-17,2026-10-10
fdi.country.m49_804,2012,1234220.4400000001,usd,actual,numeric,source.geostat_fdi_by_countries,FDI (annual),S45,thousand_usd,2026-08-17,2026-10-10
fdi.country.m49_804,2013,22939033.471123599,usd,actual,numeric,source.geostat_fdi_by_countries,FDI (annual),T45,thousand_usd,2026-08-17,2026-10-10
fdi.country.m49_804,2014,3422582.5303473002,usd,actual,numeric,source.geostat_fdi_by_countries,FDI (annual),U45,thousand_usd,2026-08-17,2026-10-10
fdi.country.m49_804,2015,-27261668.953929198,usd,actual,numeric,source.geostat_fdi_by_countries,FDI (annual),V45,thousand_usd,2026-08-17,2026-10-10
fdi.country.m49_804,2016,10967181.500000001,usd,actual,numeric,source.geostat_fdi_by_countries,FDI (annual),W45,thousand_usd,2026-08-17,2026-10-10
fdi.country.m49_804,2017,5727461.7000000026,usd,actual,numeric,source.geostat_fdi_by_countries,FDI (annual),X45,thousand_usd,2026-08-17,2026-10-10
fdi.country.m49_804,2018,1359694.0000000022,usd,actual,numeric,source.geostat_fdi_by_countries,FDI (annual),Y45,thousand_usd,2026-08-17,2026-10-10
fdi.country.m49_804,2019,25877455.5,usd,actual,numeric,source.geostat_fdi_by_countries,FDI (annual),Z45,thousand_usd,2026-08-17,2026-10-10
fdi.country.m49_804,2020,16492875.3,usd,actual,numeric,source.geostat_fdi_by_countries,FDI (annual),AA45,thousand_usd,2026-08-17,2026-10-10
fdi.country.m49_804,2021,17458981.800000005,usd,actual,numeric,source.geostat_fdi_by_countries,FDI (annual),AB45,thousand_usd,2026-08-17,2026-10-10
fdi.country.m49_804,2022,1856368.6999999986,usd,actual,numeric,source.geostat_fdi_by_countries,FDI (annual),AC45,thousand_usd,2026-08-17,2026-10-10
fdi.country.m49_804,2023,6214305.9000000003,usd,actual,numeric,source.geostat_fdi_by_countries,FDI (annual),AD45,thousand_usd,2026-08-17,2026-10-10
fdi.country.m49_804,2024,13210264.400000002,usd,actual,numeric,source.geostat_fdi_by_countries,FDI (annual),AE45,thousand_usd,2026-08-17,2026-10-10
fdi.country.m49_804,2025,35240529.899999994,usd,actual,numeric,source.geostat_fdi_by_countries,FDI (annual),AF45,thousand_usd,2026-08-17,2026-10-10
fdi.country.m49_818,1996,,usd,actual,not_applicable,source.geostat_fdi_by_countries,FDI (annual),C83,thousand_usd,2026-08-17,2026-10-10
fdi.country.m49_818,1997,,usd,actual,not_applicable,source.geostat_fdi_by_countries,FDI (annual),D83,thousand_usd,2026-08-17,2026-10-10
fdi.country.m49_818,1998,,usd,actual,not_applicable,source.geostat_fdi_by_countries,FDI (annual),E83,thousand_usd,2026-08-17,2026-10-10
fdi.country.m49_818,1999,,usd,actual,not_applicable,source.geostat_fdi_by_countries,FDI (annual),F83,thousand_usd,2026-08-17,2026-10-10
fdi.country.m49_818,2000,,usd,actual,not_applicable,source.geostat_fdi_by_countries,FDI (annual),G83,thousand_usd,2026-08-17,2026-10-10
fdi.country.m49_818,2001,,usd,actual,not_applicable,source.geostat_fdi_by_countries,FDI (annual),H83,thousand_usd,2026-08-17,2026-10-10
fdi.country.m49_818,2002,,usd,actual,not_applicable,source.geostat_fdi_by_countries,FDI (annual),I83,thousand_usd,2026-08-17,2026-10-10
fdi.country.m49_818,2003,,usd,actual,not_applicable,source.geostat_fdi_by_countries,FDI (annual),J83,thousand_usd,2026-08-17,2026-10-10
fdi.country.m49_818,2004,,usd,actual,not_applicable,source.geostat_fdi_by_countries,FDI (annual),K83,thousand_usd,2026-08-17,2026-10-10
fdi.country.m49_818,2005,,usd,actual,not_applicable,source.geostat_fdi_by_countries,FDI (annual),L83,thousand_usd,2026-08-17,2026-10-10
fdi.country.m49_818,2006,,usd,actual,not_applicable,source.geostat_fdi_by_countries,FDI (annual),M83,thousand_usd,2026-08-17,2026-10-10
fdi.country.m49_818,2007,,usd,actual,not_applicable,source.geostat_fdi_by_countries,FDI (annual),N83,thousand_usd,2026-08-17,2026-10-10
fdi.country.m49_818,2008,,usd,actual,not_applicable,source.geostat_fdi_by_countries,FDI (annual),O83,thousand_usd,2026-08-17,2026-10-10
fdi.country.m49_818,2009,55750580,usd,actual,numeric,source.geostat_fdi_by_countries,FDI (annual),P83,thousand_usd,2026-08-17,2026-10-10
fdi.country.m49_818,2010,18000000.100000001,usd,actual,numeric,source.geostat_fdi_by_countries,FDI (annual),Q83,thousand_usd,2026-08-17,2026-10-10
fdi.country.m49_818,2011,11787500,usd,actual,numeric,source.geostat_fdi_by_countries,FDI (annual),R83,thousand_usd,2026-08-17,2026-10-10
fdi.country.m49_818,2012,,usd,actual,not_applicable,source.geostat_fdi_by_countries,FDI (annual),S83,thousand_usd,2026-08-17,2026-10-10
fdi.country.m49_818,2013,1488712.1267051002,usd,actual,numeric,source.geostat_fdi_by_countries,FDI (annual),T83,thousand_usd,2026-08-17,2026-10-10
fdi.country.m49_818,2014,373477.03647880002,usd,actual,numeric,source.geostat_fdi_by_countries,FDI (annual),U83,thousand_usd,2026-08-17,2026-10-10
fdi.country.m49_818,2015,-1101273.6302157002,usd,actual,numeric,source.geostat_fdi_by_countries,FDI (annual),V83,thousand_usd,2026-08-17,2026-10-10
fdi.country.m49_818,2016,-292850.09999999988,usd,actual,numeric,source.geostat_fdi_by_countries,FDI (annual),W83,thousand_usd,2026-08-17,2026-10-10
fdi.country.m49_818,2017,-281082.49999999998,usd,actual,numeric,source.geostat_fdi_by_countries,FDI (annual),X83,thousand_usd,2026-08-17,2026-10-10
fdi.country.m49_818,2018,661522.69999999987,usd,actual,numeric,source.geostat_fdi_by_countries,FDI (annual),Y83,thousand_usd,2026-08-17,2026-10-10
fdi.country.m49_818,2019,560949.09999999982,usd,actual,numeric,source.geostat_fdi_by_countries,FDI (annual),Z83,thousand_usd,2026-08-17,2026-10-10
fdi.country.m49_818,2020,2566815.6999999997,usd,actual,numeric,source.geostat_fdi_by_countries,FDI (annual),AA83,thousand_usd,2026-08-17,2026-10-10
fdi.country.m49_818,2021,3870683.1000000002,usd,actual,numeric,source.geostat_fdi_by_countries,FDI (annual),AB83,thousand_usd,2026-08-17,2026-10-10
fdi.country.m49_818,2022,4616470.1000000005,usd,actual,numeric,source.geostat_fdi_by_countries,FDI (annual),AC83,thousand_usd,2026-08-17,2026-10-10
fdi.country.m49_818,2023,1754333.5,usd,actual,numeric,source.geostat_fdi_by_countries,FDI (annual),AD83,thousand_usd,2026-08-17,2026-10-10
fdi.country.m49_818,2024,-2028972.8,usd,actual,numeric,source.geostat_fdi_by_countries,FDI (annual),AE83,thousand_usd,2026-08-17,2026-10-10
fdi.country.m49_818,2025,2361219.4,usd,actual,numeric,source.geostat_fdi_by_countries,FDI (annual),AF83,thousand_usd,2026-08-17,2026-10-10
fdi.country.m49_826,1996,,usd,actual,not_applicable,source.geostat_fdi_by_countries,FDI (annual),C84,thousand_usd,2026-08-17,2026-10-10
fdi.country.m49_826,1997,24985511.494999999,usd,actual,numeric,source.geostat_fdi_by_countries,FDI (annual),D84,thousand_usd,2026-08-17,2026-10-10
fdi.country.m49_826,1998,26471589.257,usd,actual,numeric,source.geostat_fdi_by_countries,FDI (annual),E84,thousand_usd,2026-08-17,2026-10-10
fdi.country.m49_826,1999,5036176.7139000003,usd,actual,numeric,source.geostat_fdi_by_countries,FDI (annual),F84,thousand_usd,2026-08-17,2026-10-10
fdi.country.m49_826,2000,4823975.7035000002,usd,actual,numeric,source.geostat_fdi_by_countries,FDI (annual),G84,thousand_usd,2026-08-17,2026-10-10
fdi.country.m49_826,2001,8508687.9934000008,usd,actual,numeric,source.geostat_fdi_by_countries,FDI (annual),H84,thousand_usd,2026-08-17,2026-10-10
fdi.country.m49_826,2002,14719529.864,usd,actual,numeric,source.geostat_fdi_by_countries,FDI (annual),I84,thousand_usd,2026-08-17,2026-10-10
fdi.country.m49_826,2003,34842840.181,usd,actual,numeric,source.geostat_fdi_by_countries,FDI (annual),J84,thousand_usd,2026-08-17,2026-10-10
fdi.country.m49_826,2004,85099450.377999994,usd,actual,numeric,source.geostat_fdi_by_countries,FDI (annual),K84,thousand_usd,2026-08-17,2026-10-10
fdi.country.m49_826,2005,131546397.54999999,usd,actual,numeric,source.geostat_fdi_by_countries,FDI (annual),L84,thousand_usd,2026-08-17,2026-10-10
fdi.country.m49_826,2006,174535072.46,usd,actual,numeric,source.geostat_fdi_by_countries,FDI (annual),M84,thousand_usd,2026-08-17,2026-10-10
fdi.country.m49_826,2007,132178025.96000003,usd,actual,numeric,source.geostat_fdi_by_countries,FDI (annual),N84,thousand_usd,2026-08-17,2026-10-10
fdi.country.m49_826,2008,148179798.04719859,usd,actual,numeric,source.geostat_fdi_by_countries,FDI (annual),O84,thousand_usd,2026-08-17,2026-10-10
fdi.country.m49_826,2009,72439294.404838001,usd,actual,numeric,source.geostat_fdi_by_countries,FDI (annual),P84,thousand_usd,2026-08-17,2026-10-10
fdi.country.m49_826,2010,62336275.460000004,usd,actual,numeric,source.geostat_fdi_by_countries,FDI (annual),Q84,thousand_usd,2026-08-17,2026-10-10
fdi.country.m49_826,2011,57216501.610000007,usd,actual,numeric,source.geostat_fdi_by_countries,FDI (annual),R84,thousand_usd,2026-08-17,2026-10-10
fdi.country.m49_826,2012,95536664.822999999,usd,actual,numeric,source.geostat_fdi_by_countries,FDI (annual),S84,thousand_usd,2026-08-17,2026-10-10
fdi.country.m49_826,2013,55171312.714618289,usd,actual,numeric,source.geostat_fdi_by_countries,FDI (annual),T84,thousand_usd,2026-08-17,2026-10-10
fdi.country.m49_826,2014,108850796.45079242,usd,actual,numeric,source.geostat_fdi_by_countries,FDI (annual),U84,thousand_usd,2026-08-17,2026-10-10
fdi.country.m49_826,2015,399346841.34531277,usd,actual,numeric,source.geostat_fdi_by_countries,FDI (annual),V84,thousand_usd,2026-08-17,2026-10-10
fdi.country.m49_826,2016,87849541.999999943,usd,actual,numeric,source.geostat_fdi_by_countries,FDI (annual),W84,thousand_usd,2026-08-17,2026-10-10
fdi.country.m49_826,2017,249032362.60000005,usd,actual,numeric,source.geostat_fdi_by_countries,FDI (annual),X84,thousand_usd,2026-08-17,2026-10-10
fdi.country.m49_826,2018,183309971.29999998,usd,actual,numeric,source.geostat_fdi_by_countries,FDI (annual),Y84,thousand_usd,2026-08-17,2026-10-10
fdi.country.m49_826,2019,371517880.39999997,usd,actual,numeric,source.geostat_fdi_by_countries,FDI (annual),Z84,thousand_usd,2026-08-17,2026-10-10
fdi.country.m49_826,2020,284803463.40000007,usd,actual,numeric,source.geostat_fdi_by_countries,FDI (annual),AA84,thousand_usd,2026-08-17,2026-10-10
fdi.country.m49_826,2021,590915406.29999992,usd,actual,numeric,source.geostat_fdi_by_countries,FDI (annual),AB84,thousand_usd,2026-08-17,2026-10-10
fdi.country.m49_826,2022,669206499.69999981,usd,actual,numeric,source.geostat_fdi_by_countries,FDI (annual),AC84,thousand_usd,2026-08-17,2026-10-10
fdi.country.m49_826,2023,382604352.10000013,usd,actual,numeric,source.geostat_fdi_by_countries,FDI (annual),AD84,thousand_usd,2026-08-17,2026-10-10
fdi.country.m49_826,2024,448082046.6,usd,actual,numeric,source.geostat_fdi_by_countries,FDI (annual),AE84,thousand_usd,2026-08-17,2026-10-10
fdi.country.m49_826,2025,426631499.79999999,usd,actual,numeric,source.geostat_fdi_by_countries,FDI (annual),AF84,thousand_usd,2026-08-17,2026-10-10
fdi.country.m49_840,1996,,usd,actual,not_applicable,source.geostat_fdi_by_countries,FDI (annual),C85,thousand_usd,2026-08-17,2026-10-10
fdi.country.m49_840,1997,96651887.424,usd,actual,numeric,source.geostat_fdi_by_countries,FDI (annual),D85,thousand_usd,2026-08-17,2026-10-10
fdi.country.m49_840,1998,104427226.18,usd,actual,numeric,source.geostat_fdi_by_countries,FDI (annual),E85,thousand_usd,2026-08-17,2026-10-10
fdi.country.m49_840,1999,59151289.331,usd,actual,numeric,source.geostat_fdi_by_countries,FDI (annual),F85,thousand_usd,2026-08-17,2026-10-10
fdi.country.m49_840,2000,38717651.555999997,usd,actual,numeric,source.geostat_fdi_by_countries,FDI (annual),G85,thousand_usd,2026-08-17,2026-10-10
fdi.country.m49_840,2001,23281158.381000001,usd,actual,numeric,source.geostat_fdi_by_countries,FDI (annual),H85,thousand_usd,2026-08-17,2026-10-10
fdi.country.m49_840,2002,81609826.02800001,usd,actual,numeric,source.geostat_fdi_by_countries,FDI (annual),I85,thousand_usd,2026-08-17,2026-10-10
fdi.country.m49_840,2003,71603885.368999996,usd,actual,numeric,source.geostat_fdi_by_countries,FDI (annual),J85,thousand_usd,2026-08-17,2026-10-10
fdi.country.m49_840,2004,80753732.613,usd,actual,numeric,source.geostat_fdi_by_countries,FDI (annual),K85,thousand_usd,2026-08-17,2026-10-10
fdi.country.m49_840,2005,15088925.954,usd,actual,numeric,source.geostat_fdi_by_countries,FDI (annual),L85,thousand_usd,2026-08-17,2026-10-10
fdi.country.m49_840,2006,100833329.08,usd,actual,numeric,source.geostat_fdi_by_countries,FDI (annual),M85,thousand_usd,2026-08-17,2026-10-10
fdi.country.m49_840,2007,68439861.561999991,usd,actual,numeric,source.geostat_fdi_by_countries,FDI (annual),N85,thousand_usd,2026-08-17,2026-10-10
fdi.country.m49_840,2008,167920667.85999999,usd,actual,numeric,source.geostat_fdi_by_countries,FDI (annual),O85,thousand_usd,2026-08-17,2026-10-10
fdi.country.m49_840,2009,-10025984.700000001,usd,actual,numeric,source.geostat_fdi_by_countries,FDI (annual),P85,thousand_usd,2026-08-17,2026-10-10
fdi.country.m49_840,2010,141210377.83100002,usd,actual,numeric,source.geostat_fdi_by_countries,FDI (annual),Q85,thousand_usd,2026-08-17,2026-10-10
fdi.country.m49_840,2011,35291754.620000007,usd,actual,numeric,source.geostat_fdi_by_countries,FDI (annual),R85,thousand_usd,2026-08-17,2026-10-10
fdi.country.m49_840,2012,20253999.100000008,usd,actual,numeric,source.geostat_fdi_by_countries,FDI (annual),S85,thousand_usd,2026-08-17,2026-10-10
fdi.country.m49_840,2013,53885224.060681212,usd,actual,numeric,source.geostat_fdi_by_countries,FDI (annual),T85,thousand_usd,2026-08-17,2026-10-10
fdi.country.m49_840,2014,184442755.3040261,usd,actual,numeric,source.geostat_fdi_by_countries,FDI (annual),U85,thousand_usd,2026-08-17,2026-10-10
fdi.country.m49_840,2015,18898423.705856199,usd,actual,numeric,source.geostat_fdi_by_countries,FDI (annual),V85,thousand_usd,2026-08-17,2026-10-10
fdi.country.m49_840,2016,59817104.400000011,usd,actual,numeric,source.geostat_fdi_by_countries,FDI (annual),W85,thousand_usd,2026-08-17,2026-10-10
fdi.country.m49_840,2017,79115334.799999997,usd,actual,numeric,source.geostat_fdi_by_countries,FDI (annual),X85,thousand_usd,2026-08-17,2026-10-10
fdi.country.m49_840,2018,104964062.5,usd,actual,numeric,source.geostat_fdi_by_countries,FDI (annual),Y85,thousand_usd,2026-08-17,2026-10-10
fdi.country.m49_840,2019,115728112.99999998,usd,actual,numeric,source.geostat_fdi_by_countries,FDI (annual),Z85,thousand_usd,2026-08-17,2026-10-10
fdi.country.m49_840,2020,98968832.799999989,usd,actual,numeric,source.geostat_fdi_by_countries,FDI (annual),AA85,thousand_usd,2026-08-17,2026-10-10
fdi.country.m49_840,2021,23147378.299999975,usd,actual,numeric,source.geostat_fdi_by_countries,FDI (annual),AB85,thousand_usd,2026-08-17,2026-10-10
fdi.country.m49_840,2022,181073467.90000002,usd,actual,numeric,source.geostat_fdi_by_countries,FDI (annual),AC85,thousand_usd,2026-08-17,2026-10-10
fdi.country.m49_840,2023,188747617.09999997,usd,actual,numeric,source.geostat_fdi_by_countries,FDI (annual),AD85,thousand_usd,2026-08-17,2026-10-10
fdi.country.m49_840,2024,74176809.599999993,usd,actual,numeric,source.geostat_fdi_by_countries,FDI (annual),AE85,thousand_usd,2026-08-17,2026-10-10
fdi.country.m49_840,2025,131292276.39999994,usd,actual,numeric,source.geostat_fdi_by_countries,FDI (annual),AF85,thousand_usd,2026-08-17,2026-10-10
fdi.country.m49_860,1996,,usd,actual,not_applicable,source.geostat_fdi_by_countries,FDI (annual),C46,thousand_usd,2026-08-17,2026-10-10
fdi.country.m49_860,1997,,usd,actual,not_applicable,source.geostat_fdi_by_countries,FDI (annual),D46,thousand_usd,2026-08-17,2026-10-10
fdi.country.m49_860,1998,,usd,actual,not_applicable,source.geostat_fdi_by_countries,FDI (annual),E46,thousand_usd,2026-08-17,2026-10-10
fdi.country.m49_860,1999,,usd,actual,not_applicable,source.geostat_fdi_by_countries,FDI (annual),F46,thousand_usd,2026-08-17,2026-10-10
fdi.country.m49_860,2000,,usd,actual,not_applicable,source.geostat_fdi_by_countries,FDI (annual),G46,thousand_usd,2026-08-17,2026-10-10
fdi.country.m49_860,2001,,usd,actual,not_applicable,source.geostat_fdi_by_countries,FDI (annual),H46,thousand_usd,2026-08-17,2026-10-10
fdi.country.m49_860,2002,,usd,actual,not_applicable,source.geostat_fdi_by_countries,FDI (annual),I46,thousand_usd,2026-08-17,2026-10-10
fdi.country.m49_860,2003,,usd,actual,not_applicable,source.geostat_fdi_by_countries,FDI (annual),J46,thousand_usd,2026-08-17,2026-10-10
fdi.country.m49_860,2004,,usd,actual,not_applicable,source.geostat_fdi_by_countries,FDI (annual),K46,thousand_usd,2026-08-17,2026-10-10
fdi.country.m49_860,2005,,usd,actual,not_applicable,source.geostat_fdi_by_countries,FDI (annual),L46,thousand_usd,2026-08-17,2026-10-10
fdi.country.m49_860,2006,,usd,actual,not_applicable,source.geostat_fdi_by_countries,FDI (annual),M46,thousand_usd,2026-08-17,2026-10-10
fdi.country.m49_860,2007,,usd,actual,not_applicable,source.geostat_fdi_by_countries,FDI (annual),N46,thousand_usd,2026-08-17,2026-10-10
fdi.country.m49_860,2008,,usd,actual,not_applicable,source.geostat_fdi_by_countries,FDI (annual),O46,thousand_usd,2026-08-17,2026-10-10
fdi.country.m49_860,2009,175325.60000000001,usd,actual,numeric,source.geostat_fdi_by_countries,FDI (annual),P46,thousand_usd,2026-08-17,2026-10-10
fdi.country.m49_860,2010,22980.180000000001,usd,actual,numeric,source.geostat_fdi_by_countries,FDI (annual),Q46,thousand_usd,2026-08-17,2026-10-10
fdi.country.m49_860,2011,-65235.100000000003,usd,actual,numeric,source.geostat_fdi_by_countries,FDI (annual),R46,thousand_usd,2026-08-17,2026-10-10
fdi.country.m49_860,2012,-206567.5,usd,actual,numeric,source.geostat_fdi_by_countries,FDI (annual),S46,thousand_usd,2026-08-17,2026-10-10
fdi.country.m49_860,2013,-17882.200000000001,usd,actual,numeric,source.geostat_fdi_by_countries,FDI (annual),T46,thousand_usd,2026-08-17,2026-10-10
fdi.country.m49_860,2014,2933868.1000000001,usd,actual,numeric,source.geostat_fdi_by_countries,FDI (annual),U46,thousand_usd,2026-08-17,2026-10-10
fdi.country.m49_860,2015,2535482.1000000002,usd,actual,numeric,source.geostat_fdi_by_countries,FDI (annual),V46,thousand_usd,2026-08-17,2026-10-10
fdi.country.m49_860,2016,1284689.4,usd,actual,numeric,source.geostat_fdi_by_countries,FDI (annual),W46,thousand_usd,2026-08-17,2026-10-10
fdi.country.m49_860,2017,1196096.9000000002,usd,actual,numeric,source.geostat_fdi_by_countries,FDI (annual),X46,thousand_usd,2026-08-17,2026-10-10
fdi.country.m49_860,2018,1144604.1000000002,usd,actual,numeric,source.geostat_fdi_by_countries,FDI (annual),Y46,thousand_usd,2026-08-17,2026-10-10
fdi.country.m49_860,2019,802850.50000000012,usd,actual,numeric,source.geostat_fdi_by_countries,FDI (annual),Z46,thousand_usd,2026-08-17,2026-10-10
fdi.country.m49_860,2020,-84349.199999999996,usd,actual,numeric,source.geostat_fdi_by_countries,FDI (annual),AA46,thousand_usd,2026-08-17,2026-10-10
fdi.country.m49_860,2021,-348026.80000000004,usd,actual,numeric,source.geostat_fdi_by_countries,FDI (annual),AB46,thousand_usd,2026-08-17,2026-10-10
fdi.country.m49_860,2022,5184789.3999999997,usd,actual,numeric,source.geostat_fdi_by_countries,FDI (annual),AC46,thousand_usd,2026-08-17,2026-10-10
fdi.country.m49_860,2023,5937840.9000000001,usd,actual,numeric,source.geostat_fdi_by_countries,FDI (annual),AD46,thousand_usd,2026-08-17,2026-10-10
fdi.country.m49_860,2024,-731246.29999999934,usd,actual,numeric,source.geostat_fdi_by_countries,FDI (annual),AE46,thousand_usd,2026-08-17,2026-10-10
fdi.country.m49_860,2025,1294260.6999999998,usd,actual,numeric,source.geostat_fdi_by_countries,FDI (annual),AF46,thousand_usd,2026-08-17,2026-10-10
fdi.country.other_remainder,1996,,usd,actual,not_applicable,source.geostat_fdi_by_countries,FDI (annual),C86,thousand_usd,2026-08-17,2026-10-10
fdi.country.other_remainder,1997,,usd,actual,not_applicable,source.geostat_fdi_by_countries,FDI (annual),D86,thousand_usd,2026-08-17,2026-10-10
fdi.country.other_remainder,1998,,usd,actual,not_applicable,source.geostat_fdi_by_countries,FDI (annual),E86,thousand_usd,2026-08-17,2026-10-10
fdi.country.other_remainder,1999,,usd,actual,not_applicable,source.geostat_fdi_by_countries,FDI (annual),F86,thousand_usd,2026-08-17,2026-10-10
fdi.country.other_remainder,2000,,usd,actual,not_applicable,source.geostat_fdi_by_countries,FDI (annual),G86,thousand_usd,2026-08-17,2026-10-10
fdi.country.other_remainder,2001,,usd,actual,not_applicable,source.geostat_fdi_by_countries,FDI (annual),H86,thousand_usd,2026-08-17,2026-10-10
fdi.country.other_remainder,2002,,usd,actual,not_applicable,source.geostat_fdi_by_countries,FDI (annual),I86,thousand_usd,2026-08-17,2026-10-10
fdi.country.other_remainder,2003,,usd,actual,not_applicable,source.geostat_fdi_by_countries,FDI (annual),J86,thousand_usd,2026-08-17,2026-10-10
fdi.country.other_remainder,2004,,usd,actual,not_applicable,source.geostat_fdi_by_countries,FDI (annual),K86,thousand_usd,2026-08-17,2026-10-10
fdi.country.other_remainder,2005,,usd,actual,not_applicable,source.geostat_fdi_by_countries,FDI (annual),L86,thousand_usd,2026-08-17,2026-10-10
fdi.country.other_remainder,2006,,usd,actual,not_applicable,source.geostat_fdi_by_countries,FDI (annual),M86,thousand_usd,2026-08-17,2026-10-10
fdi.country.other_remainder,2007,,usd,actual,not_applicable,source.geostat_fdi_by_countries,FDI (annual),N86,thousand_usd,2026-08-17,2026-10-10
fdi.country.other_remainder,2008,,usd,actual,not_applicable,source.geostat_fdi_by_countries,FDI (annual),O86,thousand_usd,2026-08-17,2026-10-10
fdi.country.other_remainder,2009,-45620.600000000003,usd,actual,numeric,source.geostat_fdi_by_countries,FDI (annual),P86,thousand_usd,2026-08-17,2026-10-10
fdi.country.other_remainder,2010,818025.4000000001,usd,actual,numeric,source.geostat_fdi_by_countries,FDI (annual),Q86,thousand_usd,2026-08-17,2026-10-10
fdi.country.other_remainder,2011,1721626.43804,usd,actual,numeric,source.geostat_fdi_by_countries,FDI (annual),R86,thousand_usd,2026-08-17,2026-10-10
fdi.country.other_remainder,2012,21397446.834400002,usd,actual,numeric,source.geostat_fdi_by_countries,FDI (annual),S86,thousand_usd,2026-08-17,2026-10-10
fdi.country.other_remainder,2013,14791355.772087401,usd,actual,numeric,source.geostat_fdi_by_countries,FDI (annual),T86,thousand_usd,2026-08-17,2026-10-10
fdi.country.other_remainder,2014,12739540.876404701,usd,actual,numeric,source.geostat_fdi_by_countries,FDI (annual),U86,thousand_usd,2026-08-17,2026-10-10
fdi.country.other_remainder,2015,14892966.500000002,usd,actual,numeric,source.geostat_fdi_by_countries,FDI (annual),V86,thousand_usd,2026-08-17,2026-10-10
fdi.country.other_remainder,2016,15390861.3,usd,actual,numeric,source.geostat_fdi_by_countries,FDI (annual),W86,thousand_usd,2026-08-17,2026-10-10
fdi.country.other_remainder,2017,12658968.300000004,usd,actual,numeric,source.geostat_fdi_by_countries,FDI (annual),X86,thousand_usd,2026-08-17,2026-10-10
fdi.country.other_remainder,2018,6685660.7999999978,usd,actual,numeric,source.geostat_fdi_by_countries,FDI (annual),Y86,thousand_usd,2026-08-17,2026-10-10
fdi.country.other_remainder,2019,21020286.800000005,usd,actual,numeric,source.geostat_fdi_by_countries,FDI (annual),Z86,thousand_usd,2026-08-17,2026-10-10
fdi.country.other_remainder,2020,11437887.399999992,usd,actual,numeric,source.geostat_fdi_by_countries,FDI (annual),AA86,thousand_usd,2026-08-17,2026-10-10
fdi.country.other_remainder,2021,25313159.600000006,usd,actual,numeric,source.geostat_fdi_by_countries,FDI (annual),AB86,thousand_usd,2026-08-17,2026-10-10
fdi.country.other_remainder,2022,20215105.800000008,usd,actual,numeric,source.geostat_fdi_by_countries,FDI (annual),AC86,thousand_usd,2026-08-17,2026-10-10
fdi.country.other_remainder,2023,19659583.8,usd,actual,numeric,source.geostat_fdi_by_countries,FDI (annual),AD86,thousand_usd,2026-08-17,2026-10-10
fdi.country.other_remainder,2024,28777978.200000005,usd,actual,numeric,source.geostat_fdi_by_countries,FDI (annual),AE86,thousand_usd,2026-08-17,2026-10-10
fdi.country.other_remainder,2025,13514576.300000001,usd,actual,numeric,source.geostat_fdi_by_countries,FDI (annual),AF86,thousand_usd,2026-08-17,2026-10-10
fdi.country.unknown,1996,,usd,actual,not_applicable,source.geostat_fdi_by_countries,FDI (annual),C87,thousand_usd,2026-08-17,2026-10-10
fdi.country.unknown,1997,,usd,actual,not_applicable,source.geostat_fdi_by_countries,FDI (annual),D87,thousand_usd,2026-08-17,2026-10-10
fdi.country.unknown,1998,,usd,actual,not_applicable,source.geostat_fdi_by_countries,FDI (annual),E87,thousand_usd,2026-08-17,2026-10-10
fdi.country.unknown,1999,,usd,actual,not_applicable,source.geostat_fdi_by_countries,FDI (annual),F87,thousand_usd,2026-08-17,2026-10-10
fdi.country.unknown,2000,,usd,actual,not_applicable,source.geostat_fdi_by_countries,FDI (annual),G87,thousand_usd,2026-08-17,2026-10-10
fdi.country.unknown,2001,,usd,actual,not_applicable,source.geostat_fdi_by_countries,FDI (annual),H87,thousand_usd,2026-08-17,2026-10-10
fdi.country.unknown,2002,627861.58999999998,usd,actual,numeric,source.geostat_fdi_by_countries,FDI (annual),I87,thousand_usd,2026-08-17,2026-10-10
fdi.country.unknown,2003,853614.43999999995,usd,actual,numeric,source.geostat_fdi_by_countries,FDI (annual),J87,thousand_usd,2026-08-17,2026-10-10
fdi.country.unknown,2004,268314.40000000003,usd,actual,numeric,source.geostat_fdi_by_countries,FDI (annual),K87,thousand_usd,2026-08-17,2026-10-10
fdi.country.unknown,2005,328450.35999999999,usd,actual,numeric,source.geostat_fdi_by_countries,FDI (annual),L87,thousand_usd,2026-08-17,2026-10-10
fdi.country.unknown,2006,-312162.01000000001,usd,actual,numeric,source.geostat_fdi_by_countries,FDI (annual),M87,thousand_usd,2026-08-17,2026-10-10
fdi.country.unknown,2007,,usd,actual,not_applicable,source.geostat_fdi_by_countries,FDI (annual),N87,thousand_usd,2026-08-17,2026-10-10
fdi.country.unknown,2008,,usd,actual,not_applicable,source.geostat_fdi_by_countries,FDI (annual),O87,thousand_usd,2026-08-17,2026-10-10
fdi.country.unknown,2009,11066782.499999999,usd,actual,numeric,source.geostat_fdi_by_countries,FDI (annual),P87,thousand_usd,2026-08-17,2026-10-10
fdi.country.unknown,2010,,usd,actual,not_applicable,source.geostat_fdi_by_countries,FDI (annual),Q87,thousand_usd,2026-08-17,2026-10-10
fdi.country.unknown,2011,,usd,actual,not_applicable,source.geostat_fdi_by_countries,FDI (annual),R87,thousand_usd,2026-08-17,2026-10-10
fdi.country.unknown,2012,,usd,actual,not_applicable,source.geostat_fdi_by_countries,FDI (annual),S87,thousand_usd,2026-08-17,2026-10-10
fdi.country.unknown,2013,,usd,actual,not_applicable,source.geostat_fdi_by_countries,FDI (annual),T87,thousand_usd,2026-08-17,2026-10-10
fdi.country.unknown,2014,,usd,actual,not_applicable,source.geostat_fdi_by_countries,FDI (annual),U87,thousand_usd,2026-08-17,2026-10-10
fdi.country.unknown,2015,6743034.6999701997,usd,actual,numeric,source.geostat_fdi_by_countries,FDI (annual),V87,thousand_usd,2026-08-17,2026-10-10
fdi.country.unknown,2016,-4702345.5000000004,usd,actual,numeric,source.geostat_fdi_by_countries,FDI (annual),W87,thousand_usd,2026-08-17,2026-10-10
fdi.country.unknown,2017,,usd,actual,not_applicable,source.geostat_fdi_by_countries,FDI (annual),X87,thousand_usd,2026-08-17,2026-10-10
fdi.country.unknown,2018,,usd,actual,not_applicable,source.geostat_fdi_by_countries,FDI (annual),Y87,thousand_usd,2026-08-17,2026-10-10
fdi.country.unknown,2019,,usd,actual,not_applicable,source.geostat_fdi_by_countries,FDI (annual),Z87,thousand_usd,2026-08-17,2026-10-10
fdi.country.unknown,2020,,usd,actual,not_applicable,source.geostat_fdi_by_countries,FDI (annual),AA87,thousand_usd,2026-08-17,2026-10-10
fdi.country.unknown,2021,,usd,actual,not_applicable,source.geostat_fdi_by_countries,FDI (annual),AB87,thousand_usd,2026-08-17,2026-10-10
fdi.country.unknown,2022,,usd,actual,not_applicable,source.geostat_fdi_by_countries,FDI (annual),AC87,thousand_usd,2026-08-17,2026-10-10
fdi.country.unknown,2023,,usd,actual,not_applicable,source.geostat_fdi_by_countries,FDI (annual),AD87,thousand_usd,2026-08-17,2026-10-10
fdi.country.unknown,2024,,usd,actual,not_applicable,source.geostat_fdi_by_countries,FDI (annual),AE87,thousand_usd,2026-08-17,2026-10-10
fdi.country.unknown,2025,,usd,actual,not_applicable,source.geostat_fdi_by_countries,FDI (annual),AF87,thousand_usd,2026-08-17,2026-10-10
fdi.region.adjara,2009,99386405.900000012,usd,actual,numeric,source.geostat_fdi_by_regions,ENG (annual),B8,thousand_usd,2026-08-17,2026-10-10
fdi.region.adjara,2010,58935473.008799992,usd,actual,numeric,source.geostat_fdi_by_regions,ENG (annual),C8,thousand_usd,2026-08-17,2026-10-10
fdi.region.adjara,2011,95849637.300000017,usd,actual,numeric,source.geostat_fdi_by_regions,ENG (annual),D8,thousand_usd,2026-08-17,2026-10-10
fdi.region.adjara,2012,72215551.816574996,usd,actual,numeric,source.geostat_fdi_by_regions,ENG (annual),E8,thousand_usd,2026-08-17,2026-10-10
fdi.region.adjara,2013,83137537.299999982,usd,actual,numeric,source.geostat_fdi_by_regions,ENG (annual),F8,thousand_usd,2026-08-17,2026-10-10
fdi.region.adjara,2014,169075871.60000007,usd,actual,numeric,source.geostat_fdi_by_regions,ENG (annual),G8,thousand_usd,2026-08-17,2026-10-10
fdi.region.adjara,2015,207849067.80000002,usd,actual,numeric,source.geostat_fdi_by_regions,ENG (annual),H8,thousand_usd,2026-08-17,2026-10-10
fdi.region.adjara,2016,108520005.20000003,usd,actual,numeric,source.geostat_fdi_by_regions,ENG (annual),I8,thousand_usd,2026-08-17,2026-10-10
fdi.region.adjara,2017,212909179.09999998,usd,actual,numeric,source.geostat_fdi_by_regions,ENG (annual),J8,thousand_usd,2026-08-17,2026-10-10
fdi.region.adjara,2018,85015206.200000015,usd,actual,numeric,source.geostat_fdi_by_regions,ENG (annual),K8,thousand_usd,2026-08-17,2026-10-10
fdi.region.adjara,2019,196227373.79999994,usd,actual,numeric,source.geostat_fdi_by_regions,ENG (annual),L8,thousand_usd,2026-08-17,2026-10-10
fdi.region.adjara,2020,79679347.899999979,usd,actual,numeric,source.geostat_fdi_by_regions,ENG (annual),M8,thousand_usd,2026-08-17,2026-10-10
fdi.region.adjara,2021,84406188.299999951,usd,actual,numeric,source.geostat_fdi_by_regions,ENG (annual),N8,thousand_usd,2026-08-17,2026-10-10
fdi.region.adjara,2022,60831224.500000055,usd,actual,numeric,source.geostat_fdi_by_regions,ENG (annual),O8,thousand_usd,2026-08-17,2026-10-10
fdi.region.adjara,2023,74277886.699999988,usd,actual,numeric,source.geostat_fdi_by_regions,ENG (annual),P8,thousand_usd,2026-08-17,2026-10-10
fdi.region.adjara,2024,83140894.99999999,usd,actual,numeric,source.geostat_fdi_by_regions,ENG (annual),Q8,thousand_usd,2026-08-17,2026-10-10
fdi.region.adjara,2025,95621535.700000037,usd,actual,numeric,source.geostat_fdi_by_regions,ENG (annual),R8,thousand_usd,2026-08-17,2026-10-10
fdi.region.guria,2009,,usd,actual,not_applicable,source.geostat_fdi_by_regions,ENG (annual),B14,thousand_usd,2026-08-17,2026-10-10
fdi.region.guria,2010,,usd,actual,not_applicable,source.geostat_fdi_by_regions,ENG (annual),C14,thousand_usd,2026-08-17,2026-10-10
fdi.region.guria,2011,,usd,actual,not_applicable,source.geostat_fdi_by_regions,ENG (annual),D14,thousand_usd,2026-08-17,2026-10-10
fdi.region.guria,2012,,usd,actual,not_applicable,source.geostat_fdi_by_regions,ENG (annual),E14,thousand_usd,2026-08-17,2026-10-10
fdi.region.guria,2013,,usd,actual,not_applicable,source.geostat_fdi_by_regions,ENG (annual),F14,thousand_usd,2026-08-17,2026-10-10
fdi.region.guria,2014,,usd,actual,not_applicable,source.geostat_fdi_by_regions,ENG (annual),G14,thousand_usd,2026-08-17,2026-10-10
fdi.region.guria,2015,,usd,actual,not_applicable,source.geostat_fdi_by_regions,ENG (annual),H14,thousand_usd,2026-08-17,2026-10-10
fdi.region.guria,2016,553811.79999999995,usd,actual,numeric,source.geostat_fdi_by_regions,ENG (annual),I14,thousand_usd,2026-08-17,2026-10-10
fdi.region.guria,2017,1084499.5000000001,usd,actual,numeric,source.geostat_fdi_by_regions,ENG (annual),J14,thousand_usd,2026-08-17,2026-10-10
fdi.region.guria,2018,301640.70000000015,usd,actual,numeric,source.geostat_fdi_by_regions,ENG (annual),K14,thousand_usd,2026-08-17,2026-10-10
fdi.region.guria,2019,1649416.3999999998,usd,actual,numeric,source.geostat_fdi_by_regions,ENG (annual),L14,thousand_usd,2026-08-17,2026-10-10
fdi.region.guria,2020,68852.200000000011,usd,actual,numeric,source.geostat_fdi_by_regions,ENG (annual),M14,thousand_usd,2026-08-17,2026-10-10
fdi.region.guria,2021,900402.00000000016,usd,actual,numeric,source.geostat_fdi_by_regions,ENG (annual),N14,thousand_usd,2026-08-17,2026-10-10
fdi.region.guria,2022,2017913.7999999996,usd,actual,numeric,source.geostat_fdi_by_regions,ENG (annual),O14,thousand_usd,2026-08-17,2026-10-10
fdi.region.guria,2023,2230493.3000000001,usd,actual,numeric,source.geostat_fdi_by_regions,ENG (annual),P14,thousand_usd,2026-08-17,2026-10-10
fdi.region.guria,2024,2563377.2000000004,usd,actual,numeric,source.geostat_fdi_by_regions,ENG (annual),Q14,thousand_usd,2026-08-17,2026-10-10
fdi.region.guria,2025,1738752,usd,actual,numeric,source.geostat_fdi_by_regions,ENG (annual),R14,thousand_usd,2026-08-17,2026-10-10
fdi.region.imereti,2009,,usd,actual,not_applicable,source.geostat_fdi_by_regions,ENG (annual),B16,thousand_usd,2026-08-17,2026-10-10
fdi.region.imereti,2010,,usd,actual,not_applicable,source.geostat_fdi_by_regions,ENG (annual),C16,thousand_usd,2026-08-17,2026-10-10
fdi.region.imereti,2011,,usd,actual,not_applicable,source.geostat_fdi_by_regions,ENG (annual),D16,thousand_usd,2026-08-17,2026-10-10
fdi.region.imereti,2012,,usd,actual,not_applicable,source.geostat_fdi_by_regions,ENG (annual),E16,thousand_usd,2026-08-17,2026-10-10
fdi.region.imereti,2013,,usd,actual,not_applicable,source.geostat_fdi_by_regions,ENG (annual),F16,thousand_usd,2026-08-17,2026-10-10
fdi.region.imereti,2014,,usd,actual,not_applicable,source.geostat_fdi_by_regions,ENG (annual),G16,thousand_usd,2026-08-17,2026-10-10
fdi.region.imereti,2015,,usd,actual,not_applicable,source.geostat_fdi_by_regions,ENG (annual),H16,thousand_usd,2026-08-17,2026-10-10
fdi.region.imereti,2016,25909198.6,usd,actual,numeric,source.geostat_fdi_by_regions,ENG (annual),I16,thousand_usd,2026-08-17,2026-10-10
fdi.region.imereti,2017,57806781.200000012,usd,actual,numeric,source.geostat_fdi_by_regions,ENG (annual),J16,thousand_usd,2026-08-17,2026-10-10
fdi.region.imereti,2018,25616368.599999994,usd,actual,numeric,source.geostat_fdi_by_regions,ENG (annual),K16,thousand_usd,2026-08-17,2026-10-10
fdi.region.imereti,2019,45353822.999999989,usd,actual,numeric,source.geostat_fdi_by_regions,ENG (annual),L16,thousand_usd,2026-08-17,2026-10-10
fdi.region.imereti,2020,-2999031.3000000037,usd,actual,numeric,source.geostat_fdi_by_regions,ENG (annual),M16,thousand_usd,2026-08-17,2026-10-10
fdi.region.imereti,2021,6376154.300000002,usd,actual,numeric,source.geostat_fdi_by_regions,ENG (annual),N16,thousand_usd,2026-08-17,2026-10-10
fdi.region.imereti,2022,21160112.599999989,usd,actual,numeric,source.geostat_fdi_by_regions,ENG (annual),O16,thousand_usd,2026-08-17,2026-10-10
fdi.region.imereti,2023,59671750.39999999,usd,actual,numeric,source.geostat_fdi_by_regions,ENG (annual),P16,thousand_usd,2026-08-17,2026-10-10
fdi.region.imereti,2024,-8853430.5999999979,usd,actual,numeric,source.geostat_fdi_by_regions,ENG (annual),Q16,thousand_usd,2026-08-17,2026-10-10
fdi.region.imereti,2025,-64220177.799999998,usd,actual,numeric,source.geostat_fdi_by_regions,ENG (annual),R16,thousand_usd,2026-08-17,2026-10-10
fdi.region.kakheti,2009,4193926.8999999995,usd,actual,numeric,source.geostat_fdi_by_regions,ENG (annual),B9,thousand_usd,2026-08-17,2026-10-10
fdi.region.kakheti,2010,-4810332.8000000001,usd,actual,numeric,source.geostat_fdi_by_regions,ENG (annual),C9,thousand_usd,2026-08-17,2026-10-10
fdi.region.kakheti,2011,2759894.0403299994,usd,actual,numeric,source.geostat_fdi_by_regions,ENG (annual),D9,thousand_usd,2026-08-17,2026-10-10
fdi.region.kakheti,2012,16563224.973999997,usd,actual,numeric,source.geostat_fdi_by_regions,ENG (annual),E9,thousand_usd,2026-08-17,2026-10-10
fdi.region.kakheti,2013,11028610.500000003,usd,actual,numeric,source.geostat_fdi_by_regions,ENG (annual),F9,thousand_usd,2026-08-17,2026-10-10
fdi.region.kakheti,2014,15796290.899999993,usd,actual,numeric,source.geostat_fdi_by_regions,ENG (annual),G9,thousand_usd,2026-08-17,2026-10-10
fdi.region.kakheti,2015,17542490.000000005,usd,actual,numeric,source.geostat_fdi_by_regions,ENG (annual),H9,thousand_usd,2026-08-17,2026-10-10
fdi.region.kakheti,2016,3421686.2999999994,usd,actual,numeric,source.geostat_fdi_by_regions,ENG (annual),I9,thousand_usd,2026-08-17,2026-10-10
fdi.region.kakheti,2017,12437293.299999999,usd,actual,numeric,source.geostat_fdi_by_regions,ENG (annual),J9,thousand_usd,2026-08-17,2026-10-10
fdi.region.kakheti,2018,-8237690.5000000024,usd,actual,numeric,source.geostat_fdi_by_regions,ENG (annual),K9,thousand_usd,2026-08-17,2026-10-10
fdi.region.kakheti,2019,2290656.1999999994,usd,actual,numeric,source.geostat_fdi_by_regions,ENG (annual),L9,thousand_usd,2026-08-17,2026-10-10
fdi.region.kakheti,2020,-4795191.8999999998,usd,actual,numeric,source.geostat_fdi_by_regions,ENG (annual),M9,thousand_usd,2026-08-17,2026-10-10
fdi.region.kakheti,2021,2046186.3999999991,usd,actual,numeric,source.geostat_fdi_by_regions,ENG (annual),N9,thousand_usd,2026-08-17,2026-10-10
fdi.region.kakheti,2022,2004231.8000000016,usd,actual,numeric,source.geostat_fdi_by_regions,ENG (annual),O9,thousand_usd,2026-08-17,2026-10-10
fdi.region.kakheti,2023,15141349.299999996,usd,actual,numeric,source.geostat_fdi_by_regions,ENG (annual),P9,thousand_usd,2026-08-17,2026-10-10
fdi.region.kakheti,2024,5381947.2000000005,usd,actual,numeric,source.geostat_fdi_by_regions,ENG (annual),Q9,thousand_usd,2026-08-17,2026-10-10
fdi.region.kakheti,2025,5225514.0999999949,usd,actual,numeric,source.geostat_fdi_by_regions,ENG (annual),R9,thousand_usd,2026-08-17,2026-10-10
fdi.region.kvemo_kartli,2009,49765014.999999999,usd,actual,numeric,source.geostat_fdi_by_regions,ENG (annual),B11,thousand_usd,2026-08-17,2026-10-10
fdi.region.kvemo_kartli,2010,66685384.200000015,usd,actual,numeric,source.geostat_fdi_by_regions,ENG (annual),C11,thousand_usd,2026-08-17,2026-10-10
fdi.region.kvemo_kartli,2011,146882629.69999999,usd,actual,numeric,source.geostat_fdi_by_regions,ENG (annual),D11,thousand_usd,2026-08-17,2026-10-10
fdi.region.kvemo_kartli,2012,41648268.51899999,usd,actual,numeric,source.geostat_fdi_by_regions,ENG (annual),E11,thousand_usd,2026-08-17,2026-10-10
fdi.region.kvemo_kartli,2013,17657999.400000008,usd,actual,numeric,source.geostat_fdi_by_regions,ENG (annual),F11,thousand_usd,2026-08-17,2026-10-10
fdi.region.kvemo_kartli,2014,55671517.899999992,usd,actual,numeric,source.geostat_fdi_by_regions,ENG (annual),G11,thousand_usd,2026-08-17,2026-10-10
fdi.region.kvemo_kartli,2015,21180520.39999999,usd,actual,numeric,source.geostat_fdi_by_regions,ENG (annual),H11,thousand_usd,2026-08-17,2026-10-10
fdi.region.kvemo_kartli,2016,29129946.399999972,usd,actual,numeric,source.geostat_fdi_by_regions,ENG (annual),I11,thousand_usd,2026-08-17,2026-10-10
fdi.region.kvemo_kartli,2017,64644048.599999995,usd,actual,numeric,source.geostat_fdi_by_regions,ENG (annual),J11,thousand_usd,2026-08-17,2026-10-10
fdi.region.kvemo_kartli,2018,86279942.600000009,usd,actual,numeric,source.geostat_fdi_by_regions,ENG (annual),K11,thousand_usd,2026-08-17,2026-10-10
fdi.region.kvemo_kartli,2019,48692535.600000017,usd,actual,numeric,source.geostat_fdi_by_regions,ENG (annual),L11,thousand_usd,2026-08-17,2026-10-10
fdi.region.kvemo_kartli,2020,78709198.499999999,usd,actual,numeric,source.geostat_fdi_by_regions,ENG (annual),M11,thousand_usd,2026-08-17,2026-10-10
fdi.region.kvemo_kartli,2021,25905599.400000014,usd,actual,numeric,source.geostat_fdi_by_regions,ENG (annual),N11,thousand_usd,2026-08-17,2026-10-10
fdi.region.kvemo_kartli,2022,35985410.400000008,usd,actual,numeric,source.geostat_fdi_by_regions,ENG (annual),O11,thousand_usd,2026-08-17,2026-10-10
fdi.region.kvemo_kartli,2023,200960859.79999998,usd,actual,numeric,source.geostat_fdi_by_regions,ENG (annual),P11,thousand_usd,2026-08-17,2026-10-10
fdi.region.kvemo_kartli,2024,37482548.400000007,usd,actual,numeric,source.geostat_fdi_by_regions,ENG (annual),Q11,thousand_usd,2026-08-17,2026-10-10
fdi.region.kvemo_kartli,2025,-29888577.09999998,usd,actual,numeric,source.geostat_fdi_by_regions,ENG (annual),R11,thousand_usd,2026-08-17,2026-10-10
fdi.region.mtskheta_mtianeti,2009,,usd,actual,not_applicable,source.geostat_fdi_by_regions,ENG (annual),B20,thousand_usd,2026-08-17,2026-10-10
fdi.region.mtskheta_mtianeti,2010,,usd,actual,not_applicable,source.geostat_fdi_by_regions,ENG (annual),C20,thousand_usd,2026-08-17,2026-10-10
fdi.region.mtskheta_mtianeti,2011,,usd,actual,not_applicable,source.geostat_fdi_by_regions,ENG (annual),D20,thousand_usd,2026-08-17,2026-10-10
fdi.region.mtskheta_mtianeti,2012,,usd,actual,not_applicable,source.geostat_fdi_by_regions,ENG (annual),E20,thousand_usd,2026-08-17,2026-10-10
fdi.region.mtskheta_mtianeti,2013,,usd,actual,not_applicable,source.geostat_fdi_by_regions,ENG (annual),F20,thousand_usd,2026-08-17,2026-10-10
fdi.region.mtskheta_mtianeti,2014,,usd,actual,not_applicable,source.geostat_fdi_by_regions,ENG (annual),G20,thousand_usd,2026-08-17,2026-10-10
fdi.region.mtskheta_mtianeti,2015,,usd,actual,not_applicable,source.geostat_fdi_by_regions,ENG (annual),H20,thousand_usd,2026-08-17,2026-10-10
fdi.region.mtskheta_mtianeti,2016,-1380103.9000000003,usd,actual,numeric,source.geostat_fdi_by_regions,ENG (annual),I20,thousand_usd,2026-08-17,2026-10-10
fdi.region.mtskheta_mtianeti,2017,5862298.5000000008,usd,actual,numeric,source.geostat_fdi_by_regions,ENG (annual),J20,thousand_usd,2026-08-17,2026-10-10
fdi.region.mtskheta_mtianeti,2018,34411728.800000004,usd,actual,numeric,source.geostat_fdi_by_regions,ENG (annual),K20,thousand_usd,2026-08-17,2026-10-10
fdi.region.mtskheta_mtianeti,2019,13527162.199999999,usd,actual,numeric,source.geostat_fdi_by_regions,ENG (annual),L20,thousand_usd,2026-08-17,2026-10-10
fdi.region.mtskheta_mtianeti,2020,20779357.899999999,usd,actual,numeric,source.geostat_fdi_by_regions,ENG (annual),M20,thousand_usd,2026-08-17,2026-10-10
fdi.region.mtskheta_mtianeti,2021,26056679.999999997,usd,actual,numeric,source.geostat_fdi_by_regions,ENG (annual),N20,thousand_usd,2026-08-17,2026-10-10
fdi.region.mtskheta_mtianeti,2022,12764578.299999988,usd,actual,numeric,source.geostat_fdi_by_regions,ENG (annual),O20,thousand_usd,2026-08-17,2026-10-10
fdi.region.mtskheta_mtianeti,2023,24444795.899999997,usd,actual,numeric,source.geostat_fdi_by_regions,ENG (annual),P20,thousand_usd,2026-08-17,2026-10-10
fdi.region.mtskheta_mtianeti,2024,98966514.89999998,usd,actual,numeric,source.geostat_fdi_by_regions,ENG (annual),Q20,thousand_usd,2026-08-17,2026-10-10
fdi.region.mtskheta_mtianeti,2025,111777197.90000003,usd,actual,numeric,source.geostat_fdi_by_regions,ENG (annual),R20,thousand_usd,2026-08-17,2026-10-10
fdi.region.racha_lechkhumi_kvemo_svaneti,2009,,usd,actual,not_applicable,source.geostat_fdi_by_regions,ENG (annual),B17,thousand_usd,2026-08-17,2026-10-10
fdi.region.racha_lechkhumi_kvemo_svaneti,2010,,usd,actual,not_applicable,source.geostat_fdi_by_regions,ENG (annual),C17,thousand_usd,2026-08-17,2026-10-10
fdi.region.racha_lechkhumi_kvemo_svaneti,2011,,usd,actual,not_applicable,source.geostat_fdi_by_regions,ENG (annual),D17,thousand_usd,2026-08-17,2026-10-10
fdi.region.racha_lechkhumi_kvemo_svaneti,2012,,usd,actual,not_applicable,source.geostat_fdi_by_regions,ENG (annual),E17,thousand_usd,2026-08-17,2026-10-10
fdi.region.racha_lechkhumi_kvemo_svaneti,2013,,usd,actual,not_applicable,source.geostat_fdi_by_regions,ENG (annual),F17,thousand_usd,2026-08-17,2026-10-10
fdi.region.racha_lechkhumi_kvemo_svaneti,2014,,usd,actual,not_applicable,source.geostat_fdi_by_regions,ENG (annual),G17,thousand_usd,2026-08-17,2026-10-10
fdi.region.racha_lechkhumi_kvemo_svaneti,2015,,usd,actual,not_applicable,source.geostat_fdi_by_regions,ENG (annual),H17,thousand_usd,2026-08-17,2026-10-10
fdi.region.racha_lechkhumi_kvemo_svaneti,2016,1400740.6000000001,usd,actual,numeric,source.geostat_fdi_by_regions,ENG (annual),I17,thousand_usd,2026-08-17,2026-10-10
fdi.region.racha_lechkhumi_kvemo_svaneti,2017,6160459.8000000005,usd,actual,numeric,source.geostat_fdi_by_regions,ENG (annual),J17,thousand_usd,2026-08-17,2026-10-10
fdi.region.racha_lechkhumi_kvemo_svaneti,2018,2383394.4999999999,usd,actual,numeric,source.geostat_fdi_by_regions,ENG (annual),K17,thousand_usd,2026-08-17,2026-10-10
fdi.region.racha_lechkhumi_kvemo_svaneti,2019,2345441.3999999997,usd,actual,numeric,source.geostat_fdi_by_regions,ENG (annual),L17,thousand_usd,2026-08-17,2026-10-10
fdi.region.racha_lechkhumi_kvemo_svaneti,2020,2781152.6999999996,usd,actual,numeric,source.geostat_fdi_by_regions,ENG (annual),M17,thousand_usd,2026-08-17,2026-10-10
fdi.region.racha_lechkhumi_kvemo_svaneti,2021,846022.90000000005,usd,actual,numeric,source.geostat_fdi_by_regions,ENG (annual),N17,thousand_usd,2026-08-17,2026-10-10
fdi.region.racha_lechkhumi_kvemo_svaneti,2022,767850.50000000001,usd,actual,numeric,source.geostat_fdi_by_regions,ENG (annual),O17,thousand_usd,2026-08-17,2026-10-10
fdi.region.racha_lechkhumi_kvemo_svaneti,2023,3858241.7,usd,actual,numeric,source.geostat_fdi_by_regions,ENG (annual),P17,thousand_usd,2026-08-17,2026-10-10
fdi.region.racha_lechkhumi_kvemo_svaneti,2024,-20074489.200000004,usd,actual,numeric,source.geostat_fdi_by_regions,ENG (annual),Q17,thousand_usd,2026-08-17,2026-10-10
fdi.region.racha_lechkhumi_kvemo_svaneti,2025,50709.999999999994,usd,actual,numeric,source.geostat_fdi_by_regions,ENG (annual),R17,thousand_usd,2026-08-17,2026-10-10
fdi.region.samegrelo_zemo_svaneti,2009,,usd,actual,not_applicable,source.geostat_fdi_by_regions,ENG (annual),B13,thousand_usd,2026-08-17,2026-10-10
fdi.region.samegrelo_zemo_svaneti,2010,,usd,actual,not_applicable,source.geostat_fdi_by_regions,ENG (annual),C13,thousand_usd,2026-08-17,2026-10-10
fdi.region.samegrelo_zemo_svaneti,2011,,usd,actual,not_applicable,source.geostat_fdi_by_regions,ENG (annual),D13,thousand_usd,2026-08-17,2026-10-10
fdi.region.samegrelo_zemo_svaneti,2012,,usd,actual,not_applicable,source.geostat_fdi_by_regions,ENG (annual),E13,thousand_usd,2026-08-17,2026-10-10
fdi.region.samegrelo_zemo_svaneti,2013,,usd,actual,not_applicable,source.geostat_fdi_by_regions,ENG (annual),F13,thousand_usd,2026-08-17,2026-10-10
fdi.region.samegrelo_zemo_svaneti,2014,,usd,actual,not_applicable,source.geostat_fdi_by_regions,ENG (annual),G13,thousand_usd,2026-08-17,2026-10-10
fdi.region.samegrelo_zemo_svaneti,2015,,usd,actual,not_applicable,source.geostat_fdi_by_regions,ENG (annual),H13,thousand_usd,2026-08-17,2026-10-10
fdi.region.samegrelo_zemo_svaneti,2016,35086799.599999445,usd,actual,numeric,source.geostat_fdi_by_regions,ENG (annual),I13,thousand_usd,2026-08-17,2026-10-10
fdi.region.samegrelo_zemo_svaneti,2017,55181938.19999999,usd,actual,numeric,source.geostat_fdi_by_regions,ENG (annual),J13,thousand_usd,2026-08-17,2026-10-10
fdi.region.samegrelo_zemo_svaneti,2018,-8897354.7000000326,usd,actual,numeric,source.geostat_fdi_by_regions,ENG (annual),K13,thousand_usd,2026-08-17,2026-10-10
fdi.region.samegrelo_zemo_svaneti,2019,45862740.29999999,usd,actual,numeric,source.geostat_fdi_by_regions,ENG (annual),L13,thousand_usd,2026-08-17,2026-10-10
fdi.region.samegrelo_zemo_svaneti,2020,31549303.100000016,usd,actual,numeric,source.geostat_fdi_by_regions,ENG (annual),M13,thousand_usd,2026-08-17,2026-10-10
fdi.region.samegrelo_zemo_svaneti,2021,-4305052.9999999853,usd,actual,numeric,source.geostat_fdi_by_regions,ENG (annual),N13,thousand_usd,2026-08-17,2026-10-10
fdi.region.samegrelo_zemo_svaneti,2022,33001846.999999994,usd,actual,numeric,source.geostat_fdi_by_regions,ENG (annual),O13,thousand_usd,2026-08-17,2026-10-10
fdi.region.samegrelo_zemo_svaneti,2023,58282808.600000004,usd,actual,numeric,source.geostat_fdi_by_regions,ENG (annual),P13,thousand_usd,2026-08-17,2026-10-10
fdi.region.samegrelo_zemo_svaneti,2024,32378837.700000004,usd,actual,numeric,source.geostat_fdi_by_regions,ENG (annual),Q13,thousand_usd,2026-08-17,2026-10-10
fdi.region.samegrelo_zemo_svaneti,2025,61970317.800000019,usd,actual,numeric,source.geostat_fdi_by_regions,ENG (annual),R13,thousand_usd,2026-08-17,2026-10-10
fdi.region.samtskhe_javakheti,2009,-459435.40000000002,usd,actual,numeric,source.geostat_fdi_by_regions,ENG (annual),B10,thousand_usd,2026-08-17,2026-10-10
fdi.region.samtskhe_javakheti,2010,23026816.647000003,usd,actual,numeric,source.geostat_fdi_by_regions,ENG (annual),C10,thousand_usd,2026-08-17,2026-10-10
fdi.region.samtskhe_javakheti,2011,12228836.000000001,usd,actual,numeric,source.geostat_fdi_by_regions,ENG (annual),D10,thousand_usd,2026-08-17,2026-10-10
fdi.region.samtskhe_javakheti,2012,26369980.1381,usd,actual,numeric,source.geostat_fdi_by_regions,ENG (annual),E10,thousand_usd,2026-08-17,2026-10-10
fdi.region.samtskhe_javakheti,2013,51769538.499999995,usd,actual,numeric,source.geostat_fdi_by_regions,ENG (annual),F10,thousand_usd,2026-08-17,2026-10-10
fdi.region.samtskhe_javakheti,2014,74290767.000000007,usd,actual,numeric,source.geostat_fdi_by_regions,ENG (annual),G10,thousand_usd,2026-08-17,2026-10-10
fdi.region.samtskhe_javakheti,2015,31296597.900000001,usd,actual,numeric,source.geostat_fdi_by_regions,ENG (annual),H10,thousand_usd,2026-08-17,2026-10-10
fdi.region.samtskhe_javakheti,2016,30812879.999999997,usd,actual,numeric,source.geostat_fdi_by_regions,ENG (annual),I10,thousand_usd,2026-08-17,2026-10-10
fdi.region.samtskhe_javakheti,2017,38870346.900000004,usd,actual,numeric,source.geostat_fdi_by_regions,ENG (annual),J10,thousand_usd,2026-08-17,2026-10-10
fdi.region.samtskhe_javakheti,2018,45199529.100000014,usd,actual,numeric,source.geostat_fdi_by_regions,ENG (annual),K10,thousand_usd,2026-08-17,2026-10-10
fdi.region.samtskhe_javakheti,2019,50724724.000000009,usd,actual,numeric,source.geostat_fdi_by_regions,ENG (annual),L10,thousand_usd,2026-08-17,2026-10-10
fdi.region.samtskhe_javakheti,2020,26028314.799999996,usd,actual,numeric,source.geostat_fdi_by_regions,ENG (annual),M10,thousand_usd,2026-08-17,2026-10-10
fdi.region.samtskhe_javakheti,2021,49025421.700000006,usd,actual,numeric,source.geostat_fdi_by_regions,ENG (annual),N10,thousand_usd,2026-08-17,2026-10-10
fdi.region.samtskhe_javakheti,2022,19935387.500000001,usd,actual,numeric,source.geostat_fdi_by_regions,ENG (annual),O10,thousand_usd,2026-08-17,2026-10-10
fdi.region.samtskhe_javakheti,2023,-39337112.30000003,usd,actual,numeric,source.geostat_fdi_by_regions,ENG (annual),P10,thousand_usd,2026-08-17,2026-10-10
fdi.region.samtskhe_javakheti,2024,43676164.500000014,usd,actual,numeric,source.geostat_fdi_by_regions,ENG (annual),Q10,thousand_usd,2026-08-17,2026-10-10
fdi.region.samtskhe_javakheti,2025,30142938.200000004,usd,actual,numeric,source.geostat_fdi_by_regions,ENG (annual),R10,thousand_usd,2026-08-17,2026-10-10
fdi.region.shida_kartli,2009,,usd,actual,not_applicable,source.geostat_fdi_by_regions,ENG (annual),B19,thousand_usd,2026-08-17,2026-10-10
fdi.region.shida_kartli,2010,,usd,actual,not_applicable,source.geostat_fdi_by_regions,ENG (annual),C19,thousand_usd,2026-08-17,2026-10-10
fdi.region.shida_kartli,2011,,usd,actual,not_applicable,source.geostat_fdi_by_regions,ENG (annual),D19,thousand_usd,2026-08-17,2026-10-10
fdi.region.shida_kartli,2012,,usd,actual,not_applicable,source.geostat_fdi_by_regions,ENG (annual),E19,thousand_usd,2026-08-17,2026-10-10
fdi.region.shida_kartli,2013,,usd,actual,not_applicable,source.geostat_fdi_by_regions,ENG (annual),F19,thousand_usd,2026-08-17,2026-10-10
fdi.region.shida_kartli,2014,,usd,actual,not_applicable,source.geostat_fdi_by_regions,ENG (annual),G19,thousand_usd,2026-08-17,2026-10-10
fdi.region.shida_kartli,2015,,usd,actual,not_applicable,source.geostat_fdi_by_regions,ENG (annual),H19,thousand_usd,2026-08-17,2026-10-10
fdi.region.shida_kartli,2016,4542076.5999999994,usd,actual,numeric,source.geostat_fdi_by_regions,ENG (annual),I19,thousand_usd,2026-08-17,2026-10-10
fdi.region.shida_kartli,2017,1098033.4999999968,usd,actual,numeric,source.geostat_fdi_by_regions,ENG (annual),J19,thousand_usd,2026-08-17,2026-10-10
fdi.region.shida_kartli,2018,15239957.999999999,usd,actual,numeric,source.geostat_fdi_by_regions,ENG (annual),K19,thousand_usd,2026-08-17,2026-10-10
fdi.region.shida_kartli,2019,1243010.8999999939,usd,actual,numeric,source.geostat_fdi_by_regions,ENG (annual),L19,thousand_usd,2026-08-17,2026-10-10
fdi.region.shida_kartli,2020,18746343.9,usd,actual,numeric,source.geostat_fdi_by_regions,ENG (annual),M19,thousand_usd,2026-08-17,2026-10-10
fdi.region.shida_kartli,2021,19778743.999999999,usd,actual,numeric,source.geostat_fdi_by_regions,ENG (annual),N19,thousand_usd,2026-08-17,2026-10-10
fdi.region.shida_kartli,2022,35473009.099999996,usd,actual,numeric,source.geostat_fdi_by_regions,ENG (annual),O19,thousand_usd,2026-08-17,2026-10-10
fdi.region.shida_kartli,2023,35609464.000000007,usd,actual,numeric,source.geostat_fdi_by_regions,ENG (annual),P19,thousand_usd,2026-08-17,2026-10-10
fdi.region.shida_kartli,2024,34483414.900000018,usd,actual,numeric,source.geostat_fdi_by_regions,ENG (annual),Q19,thousand_usd,2026-08-17,2026-10-10
fdi.region.shida_kartli,2025,53328098.099999996,usd,actual,numeric,source.geostat_fdi_by_regions,ENG (annual),R19,thousand_usd,2026-08-17,2026-10-10
fdi.region.tbilisi,2009,351689652.37271169,usd,actual,numeric,source.geostat_fdi_by_regions,ENG (annual),B7,thousand_usd,2026-08-17,2026-10-10
fdi.region.tbilisi,2010,606683700.83422435,usd,actual,numeric,source.geostat_fdi_by_regions,ENG (annual),C7,thousand_usd,2026-08-17,2026-10-10
fdi.region.tbilisi,2011,786589623.70961497,usd,actual,numeric,source.geostat_fdi_by_regions,ENG (annual),D7,thousand_usd,2026-08-17,2026-10-10
fdi.region.tbilisi,2012,772677499.03044361,usd,actual,numeric,source.geostat_fdi_by_regions,ENG (annual),E7,thousand_usd,2026-08-17,2026-10-10
fdi.region.tbilisi,2013,750269507.58456206,usd,actual,numeric,source.geostat_fdi_by_regions,ENG (annual),F7,thousand_usd,2026-08-17,2026-10-10
fdi.region.tbilisi,2014,1343187598.9033391,usd,actual,numeric,source.geostat_fdi_by_regions,ENG (annual),G7,thousand_usd,2026-08-17,2026-10-10
fdi.region.tbilisi,2015,1382913171.2636668,usd,actual,numeric,source.geostat_fdi_by_regions,ENG (annual),H7,thousand_usd,2026-08-17,2026-10-10
fdi.region.tbilisi,2016,1416012488.5999993,usd,actual,numeric,source.geostat_fdi_by_regions,ENG (annual),I7,thousand_usd,2026-08-17,2026-10-10
fdi.region.tbilisi,2017,1534471562.0999997,usd,actual,numeric,source.geostat_fdi_by_regions,ENG (annual),J7,thousand_usd,2026-08-17,2026-10-10
fdi.region.tbilisi,2018,1073295441.2,usd,actual,numeric,source.geostat_fdi_by_regions,ENG (annual),K7,thousand_usd,2026-08-17,2026-10-10
fdi.region.tbilisi,2019,959878464.10000068,usd,actual,numeric,source.geostat_fdi_by_regions,ENG (annual),L7,thousand_usd,2026-08-17,2026-10-10
fdi.region.tbilisi,2020,345603767.29999931,usd,actual,numeric,source.geostat_fdi_by_regions,ENG (annual),M7,thousand_usd,2026-08-17,2026-10-10
fdi.region.tbilisi,2021,1082603570.8000001,usd,actual,numeric,source.geostat_fdi_by_regions,ENG (annual),N7,thousand_usd,2026-08-17,2026-10-10
fdi.region.tbilisi,2022,2034393691.1999993,usd,actual,numeric,source.geostat_fdi_by_regions,ENG (annual),O7,thousand_usd,2026-08-17,2026-10-10
fdi.region.tbilisi,2023,1634738623.5000007,usd,actual,numeric,source.geostat_fdi_by_regions,ENG (annual),P7,thousand_usd,2026-08-17,2026-10-10
fdi.region.tbilisi,2024,1283581505.4000006,usd,actual,numeric,source.geostat_fdi_by_regions,ENG (annual),Q7,thousand_usd,2026-08-17,2026-10-10
fdi.region.tbilisi,2025,1634639892.0999996,usd,actual,numeric,source.geostat_fdi_by_regions,ENG (annual),R7,thousand_usd,2026-08-17,2026-10-10
fdi.sector.a,2016,9213744.5000000007,usd,actual,numeric,source.geostat_fdi_by_sectors,ENG (annual),B7,thousand_usd,2026-08-17,2026-10-10
fdi.sector.a,2017,13452182.000000004,usd,actual,numeric,source.geostat_fdi_by_sectors,ENG (annual),C7,thousand_usd,2026-08-17,2026-10-10
fdi.sector.a,2018,-2397732.3999999967,usd,actual,numeric,source.geostat_fdi_by_sectors,ENG (annual),D7,thousand_usd,2026-08-17,2026-10-10
fdi.sector.a,2019,7346629.3000000005,usd,actual,numeric,source.geostat_fdi_by_sectors,ENG (annual),E7,thousand_usd,2026-08-17,2026-10-10
fdi.sector.a,2020,-998132.39999999894,usd,actual,numeric,source.geostat_fdi_by_sectors,ENG (annual),F7,thousand_usd,2026-08-17,2026-10-10
fdi.sector.a,2021,4341123.5000000024,usd,actual,numeric,source.geostat_fdi_by_sectors,ENG (annual),G7,thousand_usd,2026-08-17,2026-10-10
fdi.sector.a,2022,8067825.1999999975,usd,actual,numeric,source.geostat_fdi_by_sectors,ENG (annual),H7,thousand_usd,2026-08-17,2026-10-10
fdi.sector.a,2023,4843806.8000000267,usd,actual,numeric,source.geostat_fdi_by_sectors,ENG (annual),I7,thousand_usd,2026-08-17,2026-10-10
fdi.sector.a,2024,-4302135.0999999977,usd,actual,numeric,source.geostat_fdi_by_sectors,ENG (annual),J7,thousand_usd,2026-08-17,2026-10-10
fdi.sector.a,2025,1656952.000000002,usd,actual,numeric,source.geostat_fdi_by_sectors,ENG (annual),K7,thousand_usd,2026-08-17,2026-10-10
fdi.sector.b,2016,50095970.900000015,usd,actual,numeric,source.geostat_fdi_by_sectors,ENG (annual),B8,thousand_usd,2026-08-17,2026-10-10
fdi.sector.b,2017,51518412.899999996,usd,actual,numeric,source.geostat_fdi_by_sectors,ENG (annual),C8,thousand_usd,2026-08-17,2026-10-10
fdi.sector.b,2018,59455865.600000005,usd,actual,numeric,source.geostat_fdi_by_sectors,ENG (annual),D8,thousand_usd,2026-08-17,2026-10-10
fdi.sector.b,2019,51713597.899999993,usd,actual,numeric,source.geostat_fdi_by_sectors,ENG (annual),E8,thousand_usd,2026-08-17,2026-10-10
fdi.sector.b,2020,98916780.399999989,usd,actual,numeric,source.geostat_fdi_by_sectors,ENG (annual),F8,thousand_usd,2026-08-17,2026-10-10
fdi.sector.b,2021,-21338256.799999996,usd,actual,numeric,source.geostat_fdi_by_sectors,ENG (annual),G8,thousand_usd,2026-08-17,2026-10-10
fdi.sector.b,2022,6738021.2999999985,usd,actual,numeric,source.geostat_fdi_by_sectors,ENG (annual),H8,thousand_usd,2026-08-17,2026-10-10
fdi.sector.b,2023,10264762.1,usd,actual,numeric,source.geostat_fdi_by_sectors,ENG (annual),I8,thousand_usd,2026-08-17,2026-10-10
fdi.sector.b,2024,8300595.6000000006,usd,actual,numeric,source.geostat_fdi_by_sectors,ENG (annual),J8,thousand_usd,2026-08-17,2026-10-10
fdi.sector.b,2025,6053340.6999999988,usd,actual,numeric,source.geostat_fdi_by_sectors,ENG (annual),K8,thousand_usd,2026-08-17,2026-10-10
fdi.sector.c,2016,124667908.90000002,usd,actual,numeric,source.geostat_fdi_by_sectors,ENG (annual),B9,thousand_usd,2026-08-17,2026-10-10
fdi.sector.c,2017,99305608.600000007,usd,actual,numeric,source.geostat_fdi_by_sectors,ENG (annual),C9,thousand_usd,2026-08-17,2026-10-10
fdi.sector.c,2018,171134962.39999996,usd,actual,numeric,source.geostat_fdi_by_sectors,ENG (annual),D9,thousand_usd,2026-08-17,2026-10-10
fdi.sector.c,2019,123585367.49999998,usd,actual,numeric,source.geostat_fdi_by_sectors,ENG (annual),E9,thousand_usd,2026-08-17,2026-10-10
fdi.sector.c,2020,44889010.899999987,usd,actual,numeric,source.geostat_fdi_by_sectors,ENG (annual),F9,thousand_usd,2026-08-17,2026-10-10
fdi.sector.c,2021,135412048.19999999,usd,actual,numeric,source.geostat_fdi_by_sectors,ENG (annual),G9,thousand_usd,2026-08-17,2026-10-10
fdi.sector.c,2022,135365218.19999997,usd,actual,numeric,source.geostat_fdi_by_sectors,ENG (annual),H9,thousand_usd,2026-08-17,2026-10-10
fdi.sector.c,2023,316585349.19999994,usd,actual,numeric,source.geostat_fdi_by_sectors,ENG (annual),I9,thousand_usd,2026-08-17,2026-10-10
fdi.sector.c,2024,191064948.99999999,usd,actual,numeric,source.geostat_fdi_by_sectors,ENG (annual),J9,thousand_usd,2026-08-17,2026-10-10
fdi.sector.c,2025,169707492.19999998,usd,actual,numeric,source.geostat_fdi_by_sectors,ENG (annual),K9,thousand_usd,2026-08-17,2026-10-10
fdi.sector.d,2016,134875247.79999998,usd,actual,numeric,source.geostat_fdi_by_sectors,ENG (annual),B10,thousand_usd,2026-08-17,2026-10-10
fdi.sector.d,2017,278486574.50000005,usd,actual,numeric,source.geostat_fdi_by_sectors,ENG (annual),C10,thousand_usd,2026-08-17,2026-10-10
fdi.sector.d,2018,123404174.69999999,usd,actual,numeric,source.geostat_fdi_by_sectors,ENG (annual),D10,thousand_usd,2026-08-17,2026-10-10
fdi.sector.d,2019,262115847.10000007,usd,actual,numeric,source.geostat_fdi_by_sectors,ENG (annual),E10,thousand_usd,2026-08-17,2026-10-10
fdi.sector.d,2020,33056627.699999975,usd,actual,numeric,source.geostat_fdi_by_sectors,ENG (annual),F10,thousand_usd,2026-08-17,2026-10-10
fdi.sector.d,2021,200504947.5999999,usd,actual,numeric,source.geostat_fdi_by_sectors,ENG (annual),G10,thousand_usd,2026-08-17,2026-10-10
fdi.sector.d,2022,139398089.99999997,usd,actual,numeric,source.geostat_fdi_by_sectors,ENG (annual),H10,thousand_usd,2026-08-17,2026-10-10
fdi.sector.d,2023,22855796.000000104,usd,actual,numeric,source.geostat_fdi_by_sectors,ENG (annual),I10,thousand_usd,2026-08-17,2026-10-10
fdi.sector.d,2024,78009325.599999996,usd,actual,numeric,source.geostat_fdi_by_sectors,ENG (annual),J10,thousand_usd,2026-08-17,2026-10-10
fdi.sector.d,2025,97812332.000000024,usd,actual,numeric,source.geostat_fdi_by_sectors,ENG (annual),K10,thousand_usd,2026-08-17,2026-10-10
fdi.sector.e,2016,11818881.4,usd,actual,numeric,source.geostat_fdi_by_sectors,ENG (annual),B11,thousand_usd,2026-08-17,2026-10-10
fdi.sector.e,2017,6201248.6000000008,usd,actual,numeric,source.geostat_fdi_by_sectors,ENG (annual),C11,thousand_usd,2026-08-17,2026-10-10
fdi.sector.e,2018,5937258.8999999989,usd,actual,numeric,source.geostat_fdi_by_sectors,ENG (annual),D11,thousand_usd,2026-08-17,2026-10-10
fdi.sector.e,2019,8375643.2000000004,usd,actual,numeric,source.geostat_fdi_by_sectors,ENG (annual),E11,thousand_usd,2026-08-17,2026-10-10
fdi.sector.e,2020,-26366754.099999998,usd,actual,numeric,source.geostat_fdi_by_sectors,ENG (annual),F11,thousand_usd,2026-08-17,2026-10-10
fdi.sector.e,2021,357015.80000000001,usd,actual,numeric,source.geostat_fdi_by_sectors,ENG (annual),G11,thousand_usd,2026-08-17,2026-10-10
fdi.sector.e,2022,197237735.99999998,usd,actual,numeric,source.geostat_fdi_by_sectors,ENG (annual),H11,thousand_usd,2026-08-17,2026-10-10
fdi.sector.e,2023,-410312.79999999998,usd,actual,numeric,source.geostat_fdi_by_sectors,ENG (annual),I11,thousand_usd,2026-08-17,2026-10-10
fdi.sector.e,2024,367855.00000000002,usd,actual,numeric,source.geostat_fdi_by_sectors,ENG (annual),J11,thousand_usd,2026-08-17,2026-10-10
fdi.sector.e,2025,71817359.099999987,usd,actual,numeric,source.geostat_fdi_by_sectors,ENG (annual),K11,thousand_usd,2026-08-17,2026-10-10
fdi.sector.f,2016,170245208.10000002,usd,actual,numeric,source.geostat_fdi_by_sectors,ENG (annual),B12,thousand_usd,2026-08-17,2026-10-10
fdi.sector.f,2017,176115742.29999998,usd,actual,numeric,source.geostat_fdi_by_sectors,ENG (annual),C12,thousand_usd,2026-08-17,2026-10-10
fdi.sector.f,2018,187349082.40000004,usd,actual,numeric,source.geostat_fdi_by_sectors,ENG (annual),D12,thousand_usd,2026-08-17,2026-10-10
fdi.sector.f,2019,56481968.000000023,usd,actual,numeric,source.geostat_fdi_by_sectors,ENG (annual),E12,thousand_usd,2026-08-17,2026-10-10
fdi.sector.f,2020,32834461.799999997,usd,actual,numeric,source.geostat_fdi_by_sectors,ENG (annual),F12,thousand_usd,2026-08-17,2026-10-10
fdi.sector.f,2021,3486845.6000000115,usd,actual,numeric,source.geostat_fdi_by_sectors,ENG (annual),G12,thousand_usd,2026-08-17,2026-10-10
fdi.sector.f,2022,52275040.599999993,usd,actual,numeric,source.geostat_fdi_by_sectors,ENG (annual),H12,thousand_usd,2026-08-17,2026-10-10
fdi.sector.f,2023,178321397.20000001,usd,actual,numeric,source.geostat_fdi_by_sectors,ENG (annual),I12,thousand_usd,2026-08-17,2026-10-10
fdi.sector.f,2024,54257334.800000004,usd,actual,numeric,source.geostat_fdi_by_sectors,ENG (annual),J12,thousand_usd,2026-08-17,2026-10-10
fdi.sector.f,2025,14811841.699999997,usd,actual,numeric,source.geostat_fdi_by_sectors,ENG (annual),K12,thousand_usd,2026-08-17,2026-10-10
fdi.sector.g,2016,91421945.999999967,usd,actual,numeric,source.geostat_fdi_by_sectors,ENG (annual),B13,thousand_usd,2026-08-17,2026-10-10
fdi.sector.g,2017,133109291.49999993,usd,actual,numeric,source.geostat_fdi_by_sectors,ENG (annual),C13,thousand_usd,2026-08-17,2026-10-10
fdi.sector.g,2018,59850635.100000029,usd,actual,numeric,source.geostat_fdi_by_sectors,ENG (annual),D13,thousand_usd,2026-08-17,2026-10-10
fdi.sector.g,2019,140093320.00000004,usd,actual,numeric,source.geostat_fdi_by_sectors,ENG (annual),E13,thousand_usd,2026-08-17,2026-10-10
fdi.sector.g,2020,62529849.700000021,usd,actual,numeric,source.geostat_fdi_by_sectors,ENG (annual),F13,thousand_usd,2026-08-17,2026-10-10
fdi.sector.g,2021,144631197.00000001,usd,actual,numeric,source.geostat_fdi_by_sectors,ENG (annual),G13,thousand_usd,2026-08-17,2026-10-10
fdi.sector.g,2022,196911264.49999999,usd,actual,numeric,source.geostat_fdi_by_sectors,ENG (annual),H13,thousand_usd,2026-08-17,2026-10-10
fdi.sector.g,2023,313628512.40000001,usd,actual,numeric,source.geostat_fdi_by_sectors,ENG (annual),I13,thousand_usd,2026-08-17,2026-10-10
fdi.sector.g,2024,163518593.69999991,usd,actual,numeric,source.geostat_fdi_by_sectors,ENG (annual),J13,thousand_usd,2026-08-17,2026-10-10
fdi.sector.g,2025,191066527.69999992,usd,actual,numeric,source.geostat_fdi_by_sectors,ENG (annual),K13,thousand_usd,2026-08-17,2026-10-10
fdi.sector.h,2016,580659942.59999972,usd,actual,numeric,source.geostat_fdi_by_sectors,ENG (annual),B14,thousand_usd,2026-08-17,2026-10-10
fdi.sector.h,2017,468095327.90000003,usd,actual,numeric,source.geostat_fdi_by_sectors,ENG (annual),C14,thousand_usd,2026-08-17,2026-10-10
fdi.sector.h,2018,192388508.80000007,usd,actual,numeric,source.geostat_fdi_by_sectors,ENG (annual),D14,thousand_usd,2026-08-17,2026-10-10
fdi.sector.h,2019,54912883.199999989,usd,actual,numeric,source.geostat_fdi_by_sectors,ENG (annual),E14,thousand_usd,2026-08-17,2026-10-10
fdi.sector.h,2020,11585745.599999998,usd,actual,numeric,source.geostat_fdi_by_sectors,ENG (annual),F14,thousand_usd,2026-08-17,2026-10-10
fdi.sector.h,2021,4502335.300000017,usd,actual,numeric,source.geostat_fdi_by_sectors,ENG (annual),G14,thousand_usd,2026-08-17,2026-10-10
fdi.sector.h,2022,88137308.39999998,usd,actual,numeric,source.geostat_fdi_by_sectors,ENG (annual),H14,thousand_usd,2026-08-17,2026-10-10
fdi.sector.h,2023,167681687.29999999,usd,actual,numeric,source.geostat_fdi_by_sectors,ENG (annual),I14,thousand_usd,2026-08-17,2026-10-10
fdi.sector.h,2024,118961200.50000004,usd,actual,numeric,source.geostat_fdi_by_sectors,ENG (annual),J14,thousand_usd,2026-08-17,2026-10-10
fdi.sector.h,2025,168399306.30000005,usd,actual,numeric,source.geostat_fdi_by_sectors,ENG (annual),K14,thousand_usd,2026-08-17,2026-10-10
fdi.sector.i,2016,118133061.50000001,usd,actual,numeric,source.geostat_fdi_by_sectors,ENG (annual),B15,thousand_usd,2026-08-17,2026-10-10
fdi.sector.i,2017,111437152.39999996,usd,actual,numeric,source.geostat_fdi_by_sectors,ENG (annual),C15,thousand_usd,2026-08-17,2026-10-10
fdi.sector.i,2018,106032126.6,usd,actual,numeric,source.geostat_fdi_by_sectors,ENG (annual),D15,thousand_usd,2026-08-17,2026-10-10
fdi.sector.i,2019,122703111.90000002,usd,actual,numeric,source.geostat_fdi_by_sectors,ENG (annual),E15,thousand_usd,2026-08-17,2026-10-10
fdi.sector.i,2020,-246854932.6,usd,actual,numeric,source.geostat_fdi_by_sectors,ENG (annual),F15,thousand_usd,2026-08-17,2026-10-10
fdi.sector.i,2021,-2123192.9999999957,usd,actual,numeric,source.geostat_fdi_by_sectors,ENG (annual),G15,thousand_usd,2026-08-17,2026-10-10
fdi.sector.i,2022,64811706.5,usd,actual,numeric,source.geostat_fdi_by_sectors,ENG (annual),H15,thousand_usd,2026-08-17,2026-10-10
fdi.sector.i,2023,36251633.000000009,usd,actual,numeric,source.geostat_fdi_by_sectors,ENG (annual),I15,thousand_usd,2026-08-17,2026-10-10
fdi.sector.i,2024,39121144.09999999,usd,actual,numeric,source.geostat_fdi_by_sectors,ENG (annual),J15,thousand_usd,2026-08-17,2026-10-10
fdi.sector.i,2025,40189473.2,usd,actual,numeric,source.geostat_fdi_by_sectors,ENG (annual),K15,thousand_usd,2026-08-17,2026-10-10
fdi.sector.j,2016,94052052.00000004,usd,actual,numeric,source.geostat_fdi_by_sectors,ENG (annual),B16,thousand_usd,2026-08-17,2026-10-10
fdi.sector.j,2017,61844667.499999989,usd,actual,numeric,source.geostat_fdi_by_sectors,ENG (annual),C16,thousand_usd,2026-08-17,2026-10-10
fdi.sector.j,2018,-12740141.899999979,usd,actual,numeric,source.geostat_fdi_by_sectors,ENG (annual),D16,thousand_usd,2026-08-17,2026-10-10
fdi.sector.j,2019,89899692.00000001,usd,actual,numeric,source.geostat_fdi_by_sectors,ENG (annual),E16,thousand_usd,2026-08-17,2026-10-10
fdi.sector.j,2020,74272006.300000008,usd,actual,numeric,source.geostat_fdi_by_sectors,ENG (annual),F16,thousand_usd,2026-08-17,2026-10-10
fdi.sector.j,2021,-3823929.4999999984,usd,actual,numeric,source.geostat_fdi_by_sectors,ENG (annual),G16,thousand_usd,2026-08-17,2026-10-10
fdi.sector.j,2022,142300383.20000007,usd,actual,numeric,source.geostat_fdi_by_sectors,ENG (annual),H16,thousand_usd,2026-08-17,2026-10-10
fdi.sector.j,2023,132909979.30000012,usd,actual,numeric,source.geostat_fdi_by_sectors,ENG (annual),I16,thousand_usd,2026-08-17,2026-10-10
fdi.sector.j,2024,70051006.099999999,usd,actual,numeric,source.geostat_fdi_by_sectors,ENG (annual),J16,thousand_usd,2026-08-17,2026-10-10
fdi.sector.j,2025,120315380.59999997,usd,actual,numeric,source.geostat_fdi_by_sectors,ENG (annual),K16,thousand_usd,2026-08-17,2026-10-10
fdi.sector.k,2016,135945131.90000004,usd,actual,numeric,source.geostat_fdi_by_sectors,ENG (annual),B17,thousand_usd,2026-08-17,2026-10-10
fdi.sector.k,2017,306646971.69999994,usd,actual,numeric,source.geostat_fdi_by_sectors,ENG (annual),C17,thousand_usd,2026-08-17,2026-10-10
fdi.sector.k,2018,273608700.30000008,usd,actual,numeric,source.geostat_fdi_by_sectors,ENG (annual),D17,thousand_usd,2026-08-17,2026-10-10
fdi.sector.k,2019,285257218.2,usd,actual,numeric,source.geostat_fdi_by_sectors,ENG (annual),E17,thousand_usd,2026-08-17,2026-10-10
fdi.sector.k,2020,409371293.89999999,usd,actual,numeric,source.geostat_fdi_by_sectors,ENG (annual),F17,thousand_usd,2026-08-17,2026-10-10
fdi.sector.k,2021,475602843.70000008,usd,actual,numeric,source.geostat_fdi_by_sectors,ENG (annual),G17,thousand_usd,2026-08-17,2026-10-10
fdi.sector.k,2022,537220538.10000001,usd,actual,numeric,source.geostat_fdi_by_sectors,ENG (annual),H17,thousand_usd,2026-08-17,2026-10-10
fdi.sector.k,2023,587891680.20000006,usd,actual,numeric,source.geostat_fdi_by_sectors,ENG (annual),I17,thousand_usd,2026-08-17,2026-10-10
fdi.sector.k,2024,533485664.39999989,usd,actual,numeric,source.geostat_fdi_by_sectors,ENG (annual),J17,thousand_usd,2026-08-17,2026-10-10
fdi.sector.k,2025,633242841.80000005,usd,actual,numeric,source.geostat_fdi_by_sectors,ENG (annual),K17,thousand_usd,2026-08-17,2026-10-10
fdi.sector.l,2016,29623967.600000004,usd,actual,numeric,source.geostat_fdi_by_sectors,ENG (annual),B18,thousand_usd,2026-08-17,2026-10-10
fdi.sector.l,2017,132374966.00000001,usd,actual,numeric,source.geostat_fdi_by_sectors,ENG (annual),C18,thousand_usd,2026-08-17,2026-10-10
fdi.sector.l,2018,21332890.399999997,usd,actual,numeric,source.geostat_fdi_by_sectors,ENG (annual),D18,thousand_usd,2026-08-17,2026-10-10
fdi.sector.l,2019,-63631388.099999989,usd,actual,numeric,source.geostat_fdi_by_sectors,ENG (annual),E18,thousand_usd,2026-08-17,2026-10-10
fdi.sector.l,2020,54457310.800000021,usd,actual,numeric,source.geostat_fdi_by_sectors,ENG (annual),F18,thousand_usd,2026-08-17,2026-10-10
fdi.sector.l,2021,44471002.600000022,usd,actual,numeric,source.geostat_fdi_by_sectors,ENG (annual),G18,thousand_usd,2026-08-17,2026-10-10
fdi.sector.l,2022,373633856.60000023,usd,actual,numeric,source.geostat_fdi_by_sectors,ENG (annual),H18,thousand_usd,2026-08-17,2026-10-10
fdi.sector.l,2023,129220912.6,usd,actual,numeric,source.geostat_fdi_by_sectors,ENG (annual),I18,thousand_usd,2026-08-17,2026-10-10
fdi.sector.l,2024,191520138.29999993,usd,actual,numeric,source.geostat_fdi_by_sectors,ENG (annual),J18,thousand_usd,2026-08-17,2026-10-10
fdi.sector.l,2025,254686931.29999997,usd,actual,numeric,source.geostat_fdi_by_sectors,ENG (annual),K18,thousand_usd,2026-08-17,2026-10-10
fdi.sector.m,2016,-4227991.5000000001,usd,actual,numeric,source.geostat_fdi_by_sectors,ENG (annual),B19,thousand_usd,2026-08-17,2026-10-10
fdi.sector.m,2017,70043157.200000103,usd,actual,numeric,source.geostat_fdi_by_sectors,ENG (annual),C19,thousand_usd,2026-08-17,2026-10-10
fdi.sector.m,2018,52198229.299999992,usd,actual,numeric,source.geostat_fdi_by_sectors,ENG (annual),D19,thousand_usd,2026-08-17,2026-10-10
fdi.sector.m,2019,25178922.200000001,usd,actual,numeric,source.geostat_fdi_by_sectors,ENG (annual),E19,thousand_usd,2026-08-17,2026-10-10
fdi.sector.m,2020,18293520.599999996,usd,actual,numeric,source.geostat_fdi_by_sectors,ENG (annual),F19,thousand_usd,2026-08-17,2026-10-10
fdi.sector.m,2021,28270611.900000022,usd,actual,numeric,source.geostat_fdi_by_sectors,ENG (annual),G19,thousand_usd,2026-08-17,2026-10-10
fdi.sector.m,2022,28887171.500000008,usd,actual,numeric,source.geostat_fdi_by_sectors,ENG (annual),H19,thousand_usd,2026-08-17,2026-10-10
fdi.sector.m,2023,65946153.599999991,usd,actual,numeric,source.geostat_fdi_by_sectors,ENG (annual),I19,thousand_usd,2026-08-17,2026-10-10
fdi.sector.m,2024,68866019.3,usd,actual,numeric,source.geostat_fdi_by_sectors,ENG (annual),J19,thousand_usd,2026-08-17,2026-10-10
fdi.sector.m,2025,47230202.600000019,usd,actual,numeric,source.geostat_fdi_by_sectors,ENG (annual),K19,thousand_usd,2026-08-17,2026-10-10
fdi.sector.n,2016,10923204.8,usd,actual,numeric,source.geostat_fdi_by_sectors,ENG (annual),B20,thousand_usd,2026-08-17,2026-10-10
fdi.sector.n,2017,28536741.200000011,usd,actual,numeric,source.geostat_fdi_by_sectors,ENG (annual),C20,thousand_usd,2026-08-17,2026-10-10
fdi.sector.n,2018,47014830,usd,actual,numeric,source.geostat_fdi_by_sectors,ENG (annual),D20,thousand_usd,2026-08-17,2026-10-10
fdi.sector.n,2019,21606997.799999994,usd,actual,numeric,source.geostat_fdi_by_sectors,ENG (annual),E20,thousand_usd,2026-08-17,2026-10-10
fdi.sector.n,2020,777244.60000000317,usd,actual,numeric,source.geostat_fdi_by_sectors,ENG (annual),F20,thousand_usd,2026-08-17,2026-10-10
fdi.sector.n,2021,14108629.799999995,usd,actual,numeric,source.geostat_fdi_by_sectors,ENG (annual),G20,thousand_usd,2026-08-17,2026-10-10
fdi.sector.n,2022,8615059.3000000008,usd,actual,numeric,source.geostat_fdi_by_sectors,ENG (annual),H20,thousand_usd,2026-08-17,2026-10-10
fdi.sector.n,2023,20474194.799999987,usd,actual,numeric,source.geostat_fdi_by_sectors,ENG (annual),I20,thousand_usd,2026-08-17,2026-10-10
fdi.sector.n,2024,11724309.100000002,usd,actual,numeric,source.geostat_fdi_by_sectors,ENG (annual),J20,thousand_usd,2026-08-17,2026-10-10
fdi.sector.n,2025,5551783.7,usd,actual,numeric,source.geostat_fdi_by_sectors,ENG (annual),K20,thousand_usd,2026-08-17,2026-10-10
fdi.sector.p,2016,8589410.4000000007,usd,actual,numeric,source.geostat_fdi_by_sectors,ENG (annual),B21,thousand_usd,2026-08-17,2026-10-10
fdi.sector.p,2017,10567455.7,usd,actual,numeric,source.geostat_fdi_by_sectors,ENG (annual),C21,thousand_usd,2026-08-17,2026-10-10
fdi.sector.p,2018,13262687.099999999,usd,actual,numeric,source.geostat_fdi_by_sectors,ENG (annual),D21,thousand_usd,2026-08-17,2026-10-10
fdi.sector.p,2019,4052978.8000000008,usd,actual,numeric,source.geostat_fdi_by_sectors,ENG (annual),E21,thousand_usd,2026-08-17,2026-10-10
fdi.sector.p,2020,10157436.5,usd,actual,numeric,source.geostat_fdi_by_sectors,ENG (annual),F21,thousand_usd,2026-08-17,2026-10-10
fdi.sector.p,2021,15297544.400000002,usd,actual,numeric,source.geostat_fdi_by_sectors,ENG (annual),G21,thousand_usd,2026-08-17,2026-10-10
fdi.sector.p,2022,12823967.1,usd,actual,numeric,source.geostat_fdi_by_sectors,ENG (annual),H21,thousand_usd,2026-08-17,2026-10-10
fdi.sector.p,2023,20109191.199999997,usd,actual,numeric,source.geostat_fdi_by_sectors,ENG (annual),I21,thousand_usd,2026-08-17,2026-10-10
fdi.sector.p,2024,17953907.999999999,usd,actual,numeric,source.geostat_fdi_by_sectors,ENG (annual),J21,thousand_usd,2026-08-17,2026-10-10
fdi.sector.p,2025,8233557.0000000007,usd,actual,numeric,source.geostat_fdi_by_sectors,ENG (annual),K21,thousand_usd,2026-08-17,2026-10-10
fdi.sector.q,2016,31715857.3,usd,actual,numeric,source.geostat_fdi_by_sectors,ENG (annual),B22,thousand_usd,2026-08-17,2026-10-10
fdi.sector.q,2017,8001180.3,usd,actual,numeric,source.geostat_fdi_by_sectors,ENG (annual),C22,thousand_usd,2026-08-17,2026-10-10
fdi.sector.q,2018,15890635.799999998,usd,actual,numeric,source.geostat_fdi_by_sectors,ENG (annual),D22,thousand_usd,2026-08-17,2026-10-10
fdi.sector.q,2019,16657683.399999994,usd,actual,numeric,source.geostat_fdi_by_sectors,ENG (annual),E22,thousand_usd,2026-08-17,2026-10-10
fdi.sector.q,2020,7726302.2999999994,usd,actual,numeric,source.geostat_fdi_by_sectors,ENG (annual),F22,thousand_usd,2026-08-17,2026-10-10
fdi.sector.q,2021,26317041.700000002,usd,actual,numeric,source.geostat_fdi_by_sectors,ENG (annual),G22,thousand_usd,2026-08-17,2026-10-10
fdi.sector.q,2022,5053436.2000000001,usd,actual,numeric,source.geostat_fdi_by_sectors,ENG (annual),H22,thousand_usd,2026-08-17,2026-10-10
fdi.sector.q,2023,18893868.299999998,usd,actual,numeric,source.geostat_fdi_by_sectors,ENG (annual),I22,thousand_usd,2026-08-17,2026-10-10
fdi.sector.q,2024,3177593.4000000025,usd,actual,numeric,source.geostat_fdi_by_sectors,ENG (annual),J22,thousand_usd,2026-08-17,2026-10-10
fdi.sector.q,2025,10616870.999999999,usd,actual,numeric,source.geostat_fdi_by_sectors,ENG (annual),K22,thousand_usd,2026-08-17,2026-10-10
fdi.sector.r,2016,51713583.699999981,usd,actual,numeric,source.geostat_fdi_by_sectors,ENG (annual),B23,thousand_usd,2026-08-17,2026-10-10
fdi.sector.r,2017,25280292.099999999,usd,actual,numeric,source.geostat_fdi_by_sectors,ENG (annual),C23,thousand_usd,2026-08-17,2026-10-10
fdi.sector.r,2018,30764542.300000008,usd,actual,numeric,source.geostat_fdi_by_sectors,ENG (annual),D23,thousand_usd,2026-08-17,2026-10-10
fdi.sector.r,2019,140120015.69999999,usd,actual,numeric,source.geostat_fdi_by_sectors,ENG (annual),E23,thousand_usd,2026-08-17,2026-10-10
fdi.sector.r,2020,2467545.0999999994,usd,actual,numeric,source.geostat_fdi_by_sectors,ENG (annual),F23,thousand_usd,2026-08-17,2026-10-10
fdi.sector.r,2021,211008774.89999993,usd,actual,numeric,source.geostat_fdi_by_sectors,ENG (annual),G23,thousand_usd,2026-08-17,2026-10-10
fdi.sector.r,2022,263269989.40000002,usd,actual,numeric,source.geostat_fdi_by_sectors,ENG (annual),H23,thousand_usd,2026-08-17,2026-10-10
fdi.sector.r,2023,26406742.200000008,usd,actual,numeric,source.geostat_fdi_by_sectors,ENG (annual),I23,thousand_usd,2026-08-17,2026-10-10
fdi.sector.r,2024,28196423.100000004,usd,actual,numeric,source.geostat_fdi_by_sectors,ENG (annual),J23,thousand_usd,2026-08-17,2026-10-10
fdi.sector.r,2025,42884262.899999994,usd,actual,numeric,source.geostat_fdi_by_sectors,ENG (annual),K23,thousand_usd,2026-08-17,2026-10-10
fdi.sector.s,2016,4542401.9000000008,usd,actual,numeric,source.geostat_fdi_by_sectors,ENG (annual),B24,thousand_usd,2026-08-17,2026-10-10
fdi.sector.s,2017,9509468.3000000005,usd,actual,numeric,source.geostat_fdi_by_sectors,ENG (annual),C24,thousand_usd,2026-08-17,2026-10-10
fdi.sector.s,2018,6120909.0999999989,usd,actual,numeric,source.geostat_fdi_by_sectors,ENG (annual),D24,thousand_usd,2026-08-17,2026-10-10
fdi.sector.s,2019,21324859.800000002,usd,actual,numeric,source.geostat_fdi_by_sectors,ENG (annual),E24,thousand_usd,2026-08-17,2026-10-10
fdi.sector.s,2020,9036098.0000000018,usd,actual,numeric,source.geostat_fdi_by_sectors,ENG (annual),F24,thousand_usd,2026-08-17,2026-10-10
fdi.sector.s,2021,12613334.1,usd,actual,numeric,source.geostat_fdi_by_sectors,ENG (annual),G24,thousand_usd,2026-08-17,2026-10-10
fdi.sector.s,2022,-2411355.3999999986,usd,actual,numeric,source.geostat_fdi_by_sectors,ENG (annual),H24,thousand_usd,2026-08-17,2026-10-10
fdi.sector.s,2023,18003807.499999999,usd,actual,numeric,source.geostat_fdi_by_sectors,ENG (annual),I24,thousand_usd,2026-08-17,2026-10-10
fdi.sector.s,2024,18453360.499999995,usd,actual,numeric,source.geostat_fdi_by_sectors,ENG (annual),J24,thousand_usd,2026-08-17,2026-10-10
fdi.sector.s,2025,16109745.200000001,usd,actual,numeric,source.geostat_fdi_by_sectors,ENG (annual),K24,thousand_usd,2026-08-17,2026-10-10
fdi.total,1996,3753450,usd,actual,numeric,source.geostat_fdi_by_quarters,FDI,B5,million_usd,2026-09-08,2026-10-10
fdi.total,1997,242586000.00000001,usd,actual,numeric,source.geostat_fdi_by_quarters,FDI,B6,million_usd,2026-09-08,2026-10-10
fdi.total,1998,265331769.51288954,usd,actual,numeric,source.geostat_fdi_by_quarters,FDI,B7,million_usd,2026-09-08,2026-10-10
fdi.total,1999,82206999.999999994,usd,actual,numeric,source.geostat_fdi_by_quarters,FDI,B8,million_usd,2026-09-08,2026-10-10
fdi.total,2000,131231878.34000001,usd,actual,numeric,source.geostat_fdi_by_quarters,FDI,B9,million_usd,2026-09-08,2026-10-10
fdi.total,2001,109839835.48999996,usd,actual,numeric,source.geostat_fdi_by_quarters,FDI,B10,million_usd,2026-09-08,2026-10-10
fdi.total,2002,160211960.45999997,usd,actual,numeric,source.geostat_fdi_by_quarters,FDI,B11,million_usd,2026-09-08,2026-10-10
fdi.total,2003,334567841.62000002,usd,actual,numeric,source.geostat_fdi_by_quarters,FDI,B12,million_usd,2026-09-08,2026-10-10
fdi.total,2004,492329440.01000004,usd,actual,numeric,source.geostat_fdi_by_quarters,FDI,B13,million_usd,2026-09-08,2026-10-10
fdi.total,2005,452752292.02572302,usd,actual,numeric,source.geostat_fdi_by_quarters,FDI,B14,million_usd,2026-09-08,2026-10-10
fdi.total,2006,1171179522.2615217,usd,actual,numeric,source.geostat_fdi_by_quarters,FDI,B15,million_usd,2026-09-08,2026-10-10
fdi.total,2007,1764720822.3127691,usd,actual,numeric,source.geostat_fdi_by_quarters,FDI,B16,million_usd,2026-09-08,2026-10-10
fdi.total,2008,1575243239.6460854,usd,actual,numeric,source.geostat_fdi_by_quarters,FDI,B17,million_usd,2026-09-08,2026-10-10
fdi.total,2009,666774603.20820001,usd,actual,numeric,source.geostat_fdi_by_quarters,FDI,B18,million_usd,2026-09-08,2026-10-10
fdi.total,2010,865637671.99475069,usd,actual,numeric,source.geostat_fdi_by_quarters,FDI,B19,million_usd,2026-09-08,2026-10-10
fdi.total,2011,1133971145.8444451,usd,actual,numeric,source.geostat_fdi_by_quarters,FDI,B20,million_usd,2026-09-08,2026-10-10
fdi.total,2012,1048227045.4333175,usd,actual,numeric,source.geostat_fdi_by_quarters,FDI,B21,million_usd,2026-09-08,2026-10-10
fdi.total,2013,1039174152.4845618,usd,actual,numeric,source.geostat_fdi_by_quarters,FDI,B22,million_usd,2026-09-08,2026-10-10
fdi.total,2014,1836979976.5033397,usd,actual,numeric,source.geostat_fdi_by_quarters,FDI,B23,million_usd,2026-09-08,2026-10-10
fdi.total,2015,1728758130.1636671,usd,actual,numeric,source.geostat_fdi_by_quarters,FDI,B24,million_usd,2026-09-08,2026-10-10
fdi.total,2016,1654009529.8000001,usd,actual,numeric,source.geostat_fdi_by_quarters,FDI,B25,million_usd,2026-09-08,2026-10-10
fdi.total,2017,1990526440.7,usd,actual,numeric,source.geostat_fdi_by_quarters,FDI,B26,million_usd,2026-09-08,2026-10-10
fdi.total,2018,1350608164.4999999,usd,actual,numeric,source.geostat_fdi_by_quarters,FDI,B27,million_usd,2026-09-08,2026-10-10
fdi.total,2019,1367795347.9000005,usd,actual,numeric,source.geostat_fdi_by_quarters,FDI,B28,million_usd,2026-09-08,2026-10-10
fdi.total,2020,596151415.10000012,usd,actual,numeric,source.geostat_fdi_by_quarters,FDI,B29,million_usd,2026-09-08,2026-10-10
fdi.total,2021,1293639916.8,usd,actual,numeric,source.geostat_fdi_by_quarters,FDI,B30,million_usd,2026-09-08,2026-10-10
fdi.total,2022,2258335256.6999997,usd,actual,numeric,source.geostat_fdi_by_quarters,FDI,B31,million_usd,2026-09-08,2026-10-10
fdi.total,2023,2069879160.9,usd,actual,numeric,source.geostat_fdi_by_quarters,FDI,B32,million_usd,2026-09-08,2026-10-10
fdi.total,2024,1592727285.4,usd,actual,numeric,source.geostat_fdi_by_quarters,FDI,B33,million_usd,2026-09-08,2026-10-10
fdi.total,2025,1900386201.0000003,usd,actual,numeric,source.geostat_fdi_by_quarters,FDI,B34,million_usd,2026-09-08,2026-10-10
