{"type":"FeatureCollection","features":[{"type":"Feature","properties":{"sourceName":"Mestia Municipality","sourceId":"osm-relation-2016168","code":"36","nameKa":"მესტია","nameEn":"Mestia","source":"OpenStreetMap"},"geometry":{"type":"Polygon","coordinates":[[[41.866457,42.994538],[41.868762,42.9925537],[41.8676462,42.9888024],[41.8690379,42.9859488],[41.8677692,42.9845302],[41.8731578,42.9821877],[41.8765486,42.9797086],[41.8866525,42.9766858],[41.9008108,42.9752807],[41.905149,42.971956],[41.910095,42.966206],[41.9089782,42.9588738],[41.903011,42.953315],[41.9003906,42.9529266],[41.8988886,42.9517958],[41.898893,42.946294],[41.8966784,42.9452934],[41.8943181,42.9424503],[41.89479,42.940847],[41.899123,42.938022],[41.902699,42.931689],[41.904694,42.927185],[41.906313,42.919019],[41.909465,42.9137],[41.909299,42.911437],[41.911434,42.905954],[41.9172718,42.9068235],[41.9204851,42.9059009],[41.9250229,42.9059165],[41.9313656,42.9031662],[41.9348029,42.9002756],[41.9410204,42.9000556],[41.947058,42.8980141],[41.944885,42.8957905],[41.9447237,42.8924184],[41.9414637,42.8901858],[41.9404623,42.8848499],[41.939721,42.8840094],[41.9384495,42.8844227],[41.9361059,42.8832774],[41.9348592,42.8811942],[41.9284252,42.8807962],[41.9259608,42.8783586],[41.915906,42.8780754],[41.915132,42.876505],[41.9118342,42.8751202],[41.9074302,42.8752984],[41.9007789,42.8705387],[41.89423,42.8685548],[41.8930289,42.8667144],[41.8953198,42.8626102],[41.8883166,42.8612376],[41.884189,42.858412],[41.884953,42.856175],[41.883673,42.853882],[41.884236,42.851939],[41.880752,42.850955],[41.878954,42.849743],[41.877671,42.847519],[41.877967,42.845338],[41.880539,42.842261],[41.876386,42.837974],[41.877163,42.837311],[41.883627,42.836325],[41.88777,42.837122],[41.8925542,42.8400918],[41.8987106,42.8417899],[41.9065906,42.8423095],[41.9511759,42.8410569],[41.9752362,42.8340404],[41.9770177,42.8316378],[41.9876877,42.8261013],[41.9931185,42.8256317],[42.0098177,42.8283791],[42.0266154,42.8299636],[42.0346952,42.8340794],[42.0417963,42.8389168],[42.0479376,42.8346425],[42.0513874,42.8289361],[42.0546839,42.8279521],[42.060012,42.8278116],[42.06603,42.8288236],[42.0708215,42.8279802],[42.074003,42.8288236],[42.0783728,42.8284863],[42.0846208,42.8323656],[42.0925938,42.8444799],[42.0944337,42.8451263],[42.0973085,42.8477681],[42.1007584,42.8490889],[42.1023683,42.8588679],[42.1015633,42.8600761],[42.1029565,42.8609244],[42.1091913,42.8620429],[42.1132544,42.8592894],[42.1173176,42.8595984],[42.1205757,42.8570134],[42.1238339,42.8563952],[42.1344126,42.8613575],[42.1388599,42.8589803],[42.1393965,42.8567043],[42.1409298,42.8547373],[42.1486344,42.8522364],[42.1533492,42.8470374],[42.1542691,42.8432433],[42.1597122,42.8432152],[42.163507,42.8422315],[42.1661902,42.8401235],[42.1715183,42.8377625],[42.176808,42.8380998],[42.1810628,42.8356263],[42.1833627,42.8365539],[42.1926773,42.8366382],[42.1946322,42.8378469],[42.1993853,42.8336306],[42.2001519,42.8293296],[42.1993086,42.8282051],[42.2005736,42.8253939],[42.1958971,42.8199959],[42.1966254,42.8184495],[42.198312,42.8168187],[42.2018385,42.8156096],[42.2078949,42.8151597],[42.2102656,42.8157491],[42.2132922,42.8118987],[42.2172403,42.8102396],[42.2205368,42.8137264],[42.2247533,42.8165101],[42.2301197,42.8173255],[42.2402859,42.8144653],[42.2436507,42.818169],[42.2475989,42.8194624],[42.2507037,42.8223301],[42.252697,42.8231736],[42.2555335,42.8228081],[42.25814,42.8239327],[42.2620499,42.8276436],[42.264848,42.8331534],[42.2697928,42.8353178],[42.2752359,42.8416139],[42.2770758,42.8420636],[42.2816756,42.8419512],[42.2842438,42.8403491],[42.2892269,42.8391967],[42.2954456,42.8306321],[42.3056328,42.829246],[42.3128774,42.8296677],[42.3213487,42.8264348],[42.3304716,42.8319166],[42.3392878,42.8330129],[42.342661,42.8297801],[42.3466475,42.8305954],[42.349714,42.8266878],[42.3512089,42.8260412],[42.3566444,42.8256196],[42.3577054,42.8299369],[42.3602038,42.8316688],[42.361607,42.8339527],[42.3669461,42.8366633],[42.3651664,42.8390223],[42.3652007,42.8440162],[42.3665012,42.8513934],[42.3683836,42.8563612],[42.3726959,42.8610778],[42.3785342,42.8648686],[42.3784132,42.8670326],[42.3868372,42.8758393],[42.3853998,42.8797267],[42.3957357,42.8830622],[42.3967282,42.8842659],[42.3965254,42.8869487],[42.40361,42.8862967],[42.4081619,42.8830868],[42.4164489,42.880501],[42.4202433,42.8813815],[42.4329742,42.8812276],[42.4384167,42.8819834],[42.4418392,42.881532],[42.4469045,42.8825351],[42.4520221,42.8823274],[42.4536129,42.8834098],[42.4534227,42.8858997],[42.4578222,42.8865726],[42.4762352,42.8851181],[42.4805475,42.8812812],[42.4849968,42.8799771],[42.4867022,42.8839873],[42.4857497,42.889331],[42.4759272,42.8991347],[42.4770908,42.9065053],[42.4744555,42.9107167],[42.4747635,42.9123711],[42.4718202,42.9166071],[42.4713753,42.9209682],[42.4779807,42.9258552],[42.4793497,42.9277848],[42.4805475,42.9322704],[42.4851679,42.936029],[42.4901514,42.9376028],[42.496585,42.9380916],[42.5008631,42.9330051],[42.5042856,42.9309002],[42.5082214,42.9297224],[42.511199,42.9252868],[42.515741,42.9248318],[42.5220825,42.9208508],[42.5311863,42.9198233],[42.5340477,42.9222818],[42.5363692,42.9220887],[42.5391903,42.9200392],[42.5468862,42.9213861],[42.5564696,42.9207126],[42.55555,42.9151122],[42.5592285,42.9143678],[42.5699736,42.9084477],[42.5745883,42.9077704],[42.5850837,42.910391],[42.5889138,42.9059161],[42.6061115,42.9102063],[42.6099531,42.9099721],[42.6198949,42.9130844],[42.6374844,42.9125791],[42.6410962,42.911246],[42.6437372,42.9070297],[42.6596612,42.9064979],[42.6698739,42.9000807],[42.6753009,42.8992763],[42.6785377,42.8961804],[42.6837561,42.8935844],[42.6948484,42.8911499],[42.7014315,42.8872088],[42.716113,42.8916061],[42.7215665,42.8958613],[42.7258258,42.8949394],[42.7352779,42.8962137],[42.746034,42.9002402],[42.7494529,42.9029794],[42.7531528,42.9036999],[42.7569175,42.898786],[42.7635572,42.8935207],[42.7679119,42.8970555],[42.7731392,42.898261],[42.7758013,42.899963],[42.7814642,42.9057775],[42.7838359,42.9063447],[42.786256,42.9085073],[42.7906605,42.9149236],[42.7975819,42.9185037],[42.8006795,42.921481],[42.8066813,42.917653],[42.8142319,42.9172276],[42.8201369,42.915987],[42.825703,42.917334],[42.8277843,42.9142501],[42.8273003,42.9092517],[42.833786,42.9080819],[42.8374645,42.9062384],[42.8513073,42.9060965],[42.8597291,42.9077273],[42.8650533,42.9073374],[42.8656341,42.9044657],[42.8707162,42.899963],[42.8814301,42.8993871],[42.8905608,42.8973391],[42.893852,42.895779],[42.8979662,42.8964527],[42.9034839,42.8948216],[42.9046455,42.8921267],[42.9101149,42.8876939],[42.9133336,42.8803349],[42.9153619,42.8788309],[42.9206522,42.8795931],[42.9302317,42.882982],[42.9435049,42.8804302],[42.9552576,42.8823931],[42.9573111,42.8789573],[42.9623412,42.8818873],[42.9634022,42.8836929],[42.9736696,42.8870282],[42.9792381,42.888052],[42.982231,42.887344],[42.9839735,42.8888335],[42.9877003,42.8901828],[42.990072,42.8900392],[42.9989795,42.8923932],[43.0077136,42.8906755],[43.0124664,42.8880023],[43.024995,42.8926806],[43.0300602,42.8930567],[43.0373159,42.8962661],[43.0435106,42.8930818],[43.0483363,42.8916526],[43.0534298,42.8865734],[43.0543599,42.8833022],[43.0488839,42.8787629],[43.0493973,42.8777346],[43.0485075,42.8756028],[43.051177,42.8701097],[43.0582273,42.8612045],[43.0602124,42.8628351],[43.0672627,42.8658454],[43.0714039,42.8664726],[43.077359,42.8750505],[43.0832951,42.8821826],[43.0854898,42.883756],[43.0868393,42.8898221],[43.0892854,42.8953525],[43.0905478,42.8965601],[43.1033861,42.9022647],[43.1055841,42.9044567],[43.1025019,42.9101007],[43.1023362,42.9154795],[43.1002442,42.9215823],[43.0953226,42.9229656],[43.0911965,42.9268243],[43.0902281,42.9294877],[43.0902141,42.930668],[43.093025,42.9336912],[43.0951033,42.9377507],[43.1027299,42.9379256],[43.1058618,42.940364],[43.1098388,42.9420017],[43.1122029,42.9445221],[43.1175941,42.9448766],[43.1248234,42.9485985],[43.1269844,42.950605],[43.127364,42.9519489],[43.1312893,42.95327],[43.1342495,42.9532597],[43.1411225,42.9562779],[43.1441204,42.9586868],[43.1439487,42.9613092],[43.146234,42.9644655],[43.1437985,42.967017],[43.1456493,42.9688227],[43.1428329,42.9699139],[43.1423096,42.9722832],[43.1429161,42.9729029],[43.1418727,42.9734857],[43.1414865,42.9764804],[43.1345878,42.9790864],[43.132724,42.980504],[43.1333339,42.985133],[43.1306034,42.9852664],[43.1224549,42.9892219],[43.1204606,42.9891267],[43.1170489,42.991332],[43.1157265,42.9923384],[43.1134198,42.9970154],[43.1131333,42.9993155],[43.0972839,42.999037],[43.0911684,42.9996961],[43.0897,42.9988701],[43.0866584,42.9997254],[43.0822206,43.0029288],[43.081491,43.0047491],[43.0784655,43.007707],[43.0764017,43.0082699],[43.0716971,43.0077975],[43.0703652,43.011308],[43.0707723,43.0128],[43.0696142,43.0139478],[43.0653763,43.0143479],[43.0574799,43.0183172],[43.0509247,43.0192119],[43.0478345,43.0235054],[43.0441091,43.0252433],[43.0429316,43.0268276],[43.043586,43.0287649],[43.0350352,43.0298707],[43.0375799,43.0331197],[43.0386537,43.0387251],[43.0363166,43.0409521],[43.0358098,43.0432046],[43.0257681,43.0480084],[43.0259944,43.0497391],[43.0276111,43.0511489],[43.027544,43.0528153],[43.0235743,43.0585363],[43.0229111,43.0629838],[43.0179352,43.0667275],[43.0156191,43.0711493],[43.0191796,43.072964],[43.0237711,43.0772478],[43.027075,43.0789344],[43.0270647,43.0800212],[43.0286478,43.0815171],[43.0306269,43.0811991],[43.0361405,43.0824879],[43.0418587,43.08615],[43.0430542,43.0880049],[43.0417821,43.0887272],[43.0412311,43.0907638],[43.0349537,43.0913494],[43.032147,43.0926395],[43.0292401,43.0951008],[43.0275028,43.0978118],[43.027746,43.0990185],[43.0168584,43.1018743],[43.014858,43.1041744],[43.0100516,43.1057401],[43.0073306,43.1092155],[43.0033287,43.1111345],[43.0008105,43.1134725],[42.9946115,43.1161372],[42.990075,43.119118],[42.9857375,43.1170205],[42.9801569,43.1179004],[42.970807,43.1228421],[42.9663214,43.1235429],[42.9635231,43.1251372],[42.9620554,43.1242787],[42.9564017,43.1253245],[42.9535054,43.1241678],[42.9487893,43.1253097],[42.9405872,43.1224726],[42.9369854,43.1235398],[42.9338205,43.1220106],[42.92624,43.1256937],[42.9264378,43.1321272],[42.924436,43.1348357],[42.9213762,43.1356986],[42.9218275,43.1367795],[42.9235515,43.1369087],[42.9266184,43.1410332],[42.9292038,43.1426595],[42.9294623,43.1449297],[42.9321726,43.146029],[42.9326499,43.1468503],[42.931189,43.149132],[42.927779,43.149144],[42.925321,43.150641],[42.9169254,43.1503003],[42.9035048,43.1531645],[42.9018993,43.1555611],[42.8979804,43.1588332],[42.8957333,43.1589938],[42.8953502,43.1579077],[42.8922749,43.1569524],[42.8889692,43.1574114],[42.8848475,43.1559766],[42.8836133,43.1543685],[42.8811096,43.1535365],[42.8819398,43.1562149],[42.8794773,43.1575169],[42.8768999,43.1602885],[42.8769581,43.1615118],[42.8743929,43.1626914],[42.8761766,43.1648607],[42.875732,43.1662934],[42.8771827,43.1674203],[42.8768144,43.1688201],[42.877524,43.1696916],[42.8759228,43.1709555],[42.8708451,43.1719419],[42.8667162,43.1747821],[42.8633807,43.1755743],[42.8602669,43.1785579],[42.8529903,43.1789178],[42.8472104,43.1779861],[42.8451132,43.1769254],[42.837393,43.1760165],[42.8337085,43.1742796],[42.830682,43.1746731],[42.8277728,43.1735275],[42.8245961,43.1734721],[42.8191465,43.1716742],[42.8147814,43.1677083],[42.8115871,43.16726],[42.8082411,43.1690973],[42.8076761,43.1711049],[42.8000067,43.1734406],[42.7968999,43.1731918],[42.7954716,43.1768266],[42.7955485,43.1807795],[42.7907267,43.1827006],[42.7897976,43.1849607],[42.7835209,43.1870084],[42.7775108,43.1870598],[42.7766211,43.1887713],[42.7750986,43.1887461],[42.7677106,43.1878358],[42.7635769,43.188417],[42.7594139,43.1873661],[42.7499367,43.1876888],[42.7445821,43.1836761],[42.7439235,43.1811822],[42.7406012,43.1776882],[42.7350822,43.1787728],[42.7358253,43.1799408],[42.7349576,43.1812647],[42.7308459,43.1819391],[42.7253831,43.1803802],[42.7208406,43.1800226],[42.7165223,43.1780514],[42.7128612,43.1778687],[42.7102213,43.178819],[42.7068025,43.175606],[42.7063913,43.1743491],[42.6983874,43.1721034],[42.6910546,43.1724856],[42.68565,43.1745096],[42.6796743,43.1727039],[42.6804008,43.1698987],[42.6789754,43.1654411],[42.6800479,43.1614777],[42.6801472,43.1572465],[42.6767368,43.1536104],[42.6752799,43.150405],[42.6715706,43.1455931],[42.6724638,43.1413211],[42.6741782,43.1395308],[42.6790505,43.1383648],[42.6750957,43.1357003],[42.6692867,43.135204],[42.6665346,43.136019],[42.6656037,43.1395172],[42.660559,43.1405023],[42.6562667,43.1434398],[42.6498018,43.145499],[42.6423888,43.1499899],[42.6395299,43.1507416],[42.6399284,43.1529846],[42.634875,43.1541383],[42.6348023,43.1549472],[42.6326756,43.1560345],[42.6291986,43.1566495],[42.6279262,43.156013],[42.6243089,43.1572064],[42.6155569,43.1645805],[42.6121369,43.1649086],[42.6066813,43.1630134],[42.601918,43.1627367],[42.5987024,43.1633883],[42.5987321,43.1659195],[42.5972839,43.1677526],[42.5978285,43.1699993],[42.5964004,43.1714402],[42.5931766,43.17187],[42.5901183,43.1699657],[42.5862091,43.1725126],[42.583351,43.1721135],[42.5763499,43.1747392],[42.5698843,43.1748403],[42.5673752,43.1733064],[42.5604749,43.1742752],[42.5552299,43.1738246],[42.5483614,43.1765023],[42.5432518,43.1765921],[42.5414818,43.1794616],[42.5404917,43.179749],[42.540322,43.1808901],[42.5343483,43.1834492],[42.5304884,43.1877767],[42.5281991,43.1890276],[42.5226735,43.1901472],[42.5206002,43.1921963],[42.5145521,43.1948119],[42.5118396,43.1982343],[42.5098048,43.1993396],[42.4949947,43.2000992],[42.4909409,43.2019965],[42.4896947,43.2039269],[42.4867064,43.2056147],[42.480997,43.2046331],[42.4786369,43.2059733],[42.4745457,43.2058151],[42.4721394,43.2066004],[42.4691448,43.2096683],[42.4629385,43.2119848],[42.4612654,43.2116942],[42.4571956,43.212929],[42.4553584,43.2149483],[42.4477104,43.2198225],[42.4476664,43.2223519],[42.4459356,43.2232105],[42.444193,43.2264985],[42.444023,43.2283925],[42.4483016,43.2337229],[42.451747,43.2358934],[42.452077,43.2376181],[42.4466737,43.2406312],[42.4456865,43.2423835],[42.4463273,43.2440989],[42.4430946,43.2476531],[42.4433938,43.249277],[42.4421403,43.2508457],[42.4312685,43.2531881],[42.4255733,43.2532318],[42.4248129,43.2542021],[42.4137762,43.2569824],[42.4114453,43.2563051],[42.4103252,43.2503387],[42.4070299,43.2485174],[42.3988687,43.2464672],[42.3944309,43.2465412],[42.3881168,43.2438003],[42.3854272,43.2446311],[42.3804298,43.2443285],[42.376019,43.2471264],[42.3692156,43.2451528],[42.3634006,43.2454114],[42.3582034,43.2468494],[42.3541137,43.2436373],[42.3531563,43.2375381],[42.3501033,43.2340409],[42.350229,43.2303498],[42.3467837,43.2260777],[42.3422648,43.2245078],[42.3410635,43.2204313],[42.3363982,43.2192634],[42.3302597,43.2205751],[42.3241492,43.2197085],[42.3209613,43.2209982],[42.3146233,43.2182943],[42.3087092,43.2199541],[42.3066664,43.222134],[42.3066732,43.2233439],[42.3046,43.2202106],[42.3024197,43.2187044],[42.2965542,43.2166076],[42.2944486,43.2131455],[42.2952318,43.2109231],[42.2890257,43.2105198],[42.2845943,43.2125287],[42.2801434,43.2126799],[42.2768261,43.2118192],[42.2695357,43.2119948],[42.265442,43.210687],[42.2528331,43.2122551],[42.2538849,43.2151151],[42.253321,43.2195087],[42.2499628,43.2231139],[42.2496626,43.2261862],[42.2467959,43.2271441],[42.2464113,43.2280967],[42.237699,43.229315],[42.2315038,43.2273552],[42.2205496,43.2283871],[42.2161937,43.2309824],[42.2128571,43.2292939],[42.2060394,43.2278193],[42.2035718,43.2286636],[42.1967167,43.2268355],[42.1944852,43.2240097],[42.193228,43.219089],[42.1914029,43.2178958],[42.1844265,43.2172479],[42.1805731,43.2149855],[42.1755203,43.217426],[42.1724742,43.2197081],[42.1719378,43.2212327],[42.1633601,43.2232303],[42.160238,43.2213148],[42.1539509,43.220445],[42.1458721,43.2178278],[42.1399605,43.2169755],[42.137171,43.2178903],[42.135305,43.216986],[42.1315851,43.211079],[42.1288599,43.210373],[42.1249439,43.2108718],[42.1218755,43.2102932],[42.1186193,43.2120995],[42.1165433,43.2101134],[42.1097305,43.2082913],[42.1043875,43.2087527],[42.1020915,43.2115209],[42.0954182,43.2139761],[42.0929385,43.2122419],[42.0902206,43.2120981],[42.0855432,43.2091981],[42.0806938,43.2046918],[42.0844639,43.2034341],[42.102157,43.202167],[42.10435,43.203249],[42.110617,43.203202],[42.110183,43.200523],[42.106656,43.199955],[42.108708,43.198092],[42.113562,43.198283],[42.118657,43.197317],[42.1239772,43.1933414],[42.1273815,43.1936947],[42.1306015,43.1953456],[42.1371435,43.1937468],[42.140371,43.1885185],[42.1364489,43.1870853],[42.1328869,43.1872418],[42.1337452,43.1840501],[42.1331444,43.1736915],[42.1303978,43.1729091],[42.121727,43.173792],[42.117187,43.172925],[42.1135513,43.1687332],[42.114658,43.165105],[42.118824,43.1643285],[42.1202648,43.1633],[42.1204974,43.1600891],[42.1192609,43.1592518],[42.1191546,43.1521552],[42.1208338,43.1492344],[42.1194115,43.146989],[42.1159371,43.1454283],[42.1150293,43.1442518],[42.1121614,43.139057],[42.1120521,43.1367111],[42.108631,43.13439],[42.1067624,43.1315063],[42.1067923,43.1299809],[42.1038933,43.1237568],[42.1000175,43.1210761],[42.0882153,43.1177421],[42.0879394,43.1167575],[42.0895028,43.1142512],[42.0883073,43.1131323],[42.0870198,43.1093054],[42.0780378,43.1027926],[42.0792144,43.0942453],[42.0782678,43.093369],[42.0708456,43.0924764],[42.0701086,43.0904819],[42.0682444,43.0888989],[42.0659936,43.0883539],[42.0615377,43.0856132],[42.0572154,43.0849191],[42.0501944,43.0760812],[42.050134,43.0745747],[42.0517894,43.0714844],[42.050607,43.068644],[42.0463635,43.0628847],[42.0418645,43.0602603],[42.0396741,43.0552074],[42.0285802,43.0533713],[42.0246393,43.0502912],[42.0222866,43.0494157],[42.0160941,43.0517823],[42.0078115,43.0524521],[42.0040472,43.0520332],[42.0029554,43.0509682],[41.9996269,43.0508258],[41.9963439,43.0474545],[41.9961293,43.0459648],[41.9936187,43.0459491],[41.9901855,43.0439575],[41.98491,43.044996],[41.973751,43.038612],[41.964098,43.037672],[41.9571087,43.0325664],[41.9544343,43.0315504],[41.950448,43.0322205],[41.9434568,43.0296419],[41.9383968,43.0253682],[41.927819,43.025526],[41.916342,43.027544],[41.909124,43.026459],[41.906375,43.027343],[41.90363,43.026311],[41.895797,43.026303],[41.8925786,43.0250655],[41.893707,43.021526],[41.893142,43.019801],[41.8890155,43.0176876],[41.8873622,43.0150856],[41.8817478,43.0100256],[41.8732265,43.0060644],[41.8729684,43.0048334],[41.8742999,43.0018671],[41.8728819,42.9971678],[41.8672171,42.9958652],[41.866457,42.994538]]]}},{"type":"Feature","properties":{"sourceName":"Tsalenjikha Municipality","sourceId":"osm-relation-2016167","code":"39","nameKa":"წალენჯიხა","nameEn":"Tsalenjikha","source":"OpenStreetMap"},"geometry":{"type":"Polygon","coordinates":[[[41.88777,42.837122],[41.892257,42.836628],[41.890688,42.830839],[41.89359,42.826719],[41.893875,42.822895],[41.8976,42.819028],[41.897856,42.812057],[41.894884,42.808308],[41.894794,42.80639],[41.896925,42.804669],[41.900522,42.80333],[41.90444,42.803025],[41.907151,42.795231],[41.905878,42.792802],[41.906063,42.79096],[41.902868,42.789847],[41.901726,42.788516],[41.904703,42.78285],[41.913421,42.777501],[41.912241,42.775075],[41.900736,42.761834],[41.920102,42.71392],[41.926888,42.702369],[41.934871,42.698478],[41.93929,42.695381],[41.9399072,42.6930602],[41.9394746,42.6813588],[41.9361847,42.6711354],[41.9370823,42.6671476],[41.935963,42.661204],[41.9382287,42.6597654],[41.94056,42.660096],[41.9394957,42.6554457],[41.9436215,42.6515799],[41.9424534,42.6506797],[41.9476692,42.6430867],[41.949372,42.639122],[41.946436,42.636624],[41.942715,42.636935],[41.938419,42.635725],[41.934807,42.635697],[41.929362,42.633362],[41.922357,42.632626],[41.91911,42.630829],[41.9336368,42.6238554],[41.9452182,42.6219754],[41.9629183,42.623815],[41.9755961,42.6222347],[41.9896496,42.6305427],[42.0014304,42.6322205],[42.0174411,42.6307229],[42.0248009,42.6240717],[42.0300681,42.6146273],[42.029179,42.6099525],[42.0250244,42.603823],[42.0188901,42.6003789],[42.0095965,42.5932937],[41.9979255,42.5817661],[41.99466,42.572648],[41.9943278,42.5641539],[41.997113,42.5601216],[42.0010015,42.54079],[42.007747,42.5390506],[42.0205942,42.5413009],[42.0197455,42.5358052],[42.0223274,42.5282085],[42.0283643,42.5179642],[42.0388279,42.5157719],[42.0426988,42.514145],[42.0507735,42.5145607],[42.0857819,42.5359624],[42.090778,42.5427501],[42.1003175,42.5445124],[42.1082353,42.5433426],[42.1143078,42.5381886],[42.1165824,42.537145],[42.1177411,42.5377932],[42.1164322,42.5419197],[42.1189642,42.5425679],[42.1183204,42.5456348],[42.1206164,42.5470892],[42.1206593,42.5512625],[42.1193933,42.5513731],[42.1189856,42.5524954],[42.1216893,42.5572374],[42.1202946,42.5598215],[42.1170115,42.5614178],[42.1182561,42.5632591],[42.1176982,42.5657245],[42.1155524,42.5660722],[42.1172234,42.5712178],[42.1192646,42.574084],[42.1195834,42.5780286],[42.1215942,42.5813824],[42.1246505,42.5837854],[42.1269033,42.5870492],[42.1330818,42.5891605],[42.1326943,42.5976055],[42.1356252,42.6023295],[42.1368607,42.6065883],[42.1392689,42.6102422],[42.1420308,42.6124251],[42.1421718,42.6155995],[42.1451234,42.619901],[42.1483807,42.6237873],[42.1559178,42.6279913],[42.1589478,42.6306032],[42.1593852,42.6335736],[42.1620144,42.6387122],[42.1615821,42.6482142],[42.1668521,42.6582802],[42.1648956,42.6635165],[42.1642925,42.6704775],[42.1698619,42.6739976],[42.1734191,42.6776792],[42.1861349,42.6815862],[42.1932898,42.6817619],[42.1992335,42.6833872],[42.2068002,42.6871658],[42.2199736,42.70017],[42.2247315,42.709164],[42.233617,42.7220644],[42.2324858,42.7281656],[42.2290059,42.7354801],[42.2273102,42.7413581],[42.2333683,42.7470007],[42.2360268,42.7517156],[42.2380469,42.7578947],[42.2413075,42.7619897],[42.2472134,42.7646686],[42.2534561,42.769823],[42.2547537,42.7733992],[42.2524072,42.7763646],[42.251946,42.7802342],[42.2526491,42.7812119],[42.2577496,42.783421],[42.2561293,42.7858886],[42.2538686,42.7865905],[42.2531961,42.7876543],[42.2456698,42.7897422],[42.2414186,42.7923158],[42.2301509,42.7948605],[42.2314778,42.7978061],[42.2301197,42.7998623],[42.2291231,42.8008748],[42.2259799,42.8014654],[42.2220833,42.8060099],[42.2180507,42.8078865],[42.2172403,42.8102396],[42.211958,42.8129665],[42.2102656,42.8157491],[42.2078949,42.8151597],[42.2018385,42.8156096],[42.198312,42.8168187],[42.1958971,42.8199959],[42.2005736,42.8253939],[42.1993086,42.8282051],[42.2001519,42.8293296],[42.1998836,42.8309039],[42.1993853,42.8336306],[42.1946322,42.8378469],[42.1926773,42.8366382],[42.1833627,42.8365539],[42.1810628,42.8356263],[42.176808,42.8380998],[42.1715183,42.8377625],[42.1661902,42.8401235],[42.163507,42.8422315],[42.1597122,42.8432152],[42.1542691,42.8432433],[42.1533492,42.8470374],[42.1486344,42.8522364],[42.1409298,42.8547373],[42.1393965,42.8567043],[42.1388599,42.8589803],[42.1344126,42.8613575],[42.1238339,42.8563952],[42.1205757,42.8570134],[42.1173176,42.8595984],[42.1132544,42.8592894],[42.1091913,42.8620429],[42.1029565,42.8609244],[42.1015633,42.8600761],[42.1023683,42.8588679],[42.1007584,42.8490889],[42.0973085,42.8477681],[42.0944337,42.8451263],[42.0925938,42.8444799],[42.0846208,42.8323656],[42.0783728,42.8284863],[42.074003,42.8288236],[42.0708215,42.8279802],[42.06603,42.8288236],[42.060012,42.8278116],[42.0546839,42.8279521],[42.0513874,42.8289361],[42.0479376,42.8346425],[42.0417963,42.8389168],[42.0346952,42.8340794],[42.0266154,42.8299636],[42.0098177,42.8283791],[41.9931185,42.8256317],[41.9876877,42.8261013],[41.9770177,42.8316378],[41.9752362,42.8340404],[41.9511759,42.8410569],[41.9065906,42.8423095],[41.8987106,42.8417899],[41.8925542,42.8400918],[41.88777,42.837122]]]}},{"type":"Feature","properties":{"sourceName":"Zugdidi Municipality","sourceId":"osm-relation-2016161","code":"33","nameKa":"ზუგდიდი","nameEn":"Zugdidi","source":"OpenStreetMap"},"geometry":{"type":"Polygon","coordinates":[[[41.5500885,42.4115992],[41.5561974,42.3947291],[41.5618462,42.3874121],[41.5667827,42.3850012],[41.572949,42.3839997],[41.5766693,42.3821032],[41.5803766,42.3812853],[41.5895231,42.3722934],[41.5901558,42.3707826],[41.5895499,42.3702999],[41.5914275,42.3706724],[41.5946139,42.3672166],[41.6054075,42.3479192],[41.6094512,42.3361002],[41.6120374,42.3360385],[41.61402,42.3346803],[41.6192556,42.3288965],[41.6249949,42.3251829],[41.629051,42.3241604],[41.6514726,42.3250465],[41.6537449,42.3228289],[41.6538295,42.3212325],[41.6563968,42.3192519],[41.6648504,42.3165291],[41.6691885,42.3159701],[41.680022,42.3176091],[41.6975355,42.3258251],[41.7017658,42.3292178],[41.7088993,42.331292],[41.7184961,42.3525938],[41.724217,42.3576638],[41.7557694,42.3627672],[41.7669263,42.3663535],[41.7711871,42.3692772],[41.7677895,42.3740876],[41.7672353,42.3787445],[41.7722854,42.3847277],[41.7723728,42.389169],[41.7719384,42.3914931],[41.7689862,42.3937461],[41.7659018,42.3985652],[41.7678689,42.4023122],[41.778385,42.4071433],[41.7910266,42.407805],[41.7932153,42.4074961],[41.7951572,42.4056265],[41.7972743,42.4051306],[41.7982619,42.4091978],[41.8083706,42.4107384],[41.8257838,42.402343],[41.8325034,42.3957251],[41.8606956,42.3746104],[41.8684258,42.3651782],[41.8812169,42.3630422],[41.8946194,42.3630514],[41.8994434,42.3622946],[41.9065393,42.3638854],[41.9138271,42.3635044],[41.9147247,42.3670048],[41.9189978,42.3702116],[41.9167835,42.3728574],[41.9167079,42.3744012],[41.9181939,42.3759872],[41.9212418,42.377615],[41.9277678,42.3774038],[41.9286301,42.3810984],[41.9342845,42.3810827],[41.9413197,42.3869475],[41.9421521,42.3887037],[41.9442212,42.3886361],[41.9472717,42.3899006],[41.9513592,42.3944007],[41.9605534,42.4005706],[41.9605623,42.4022846],[41.9623091,42.405042],[41.9678457,42.4092044],[41.9704053,42.4133537],[41.9702936,42.4151264],[41.9681136,42.4193156],[41.9664034,42.4211216],[41.9631936,42.4222172],[41.9635877,42.4237864],[41.9652594,42.4251982],[41.963876,42.4387648],[41.9593612,42.4446503],[41.9531735,42.4486633],[41.9501415,42.4530215],[41.9506811,42.4564299],[41.9537745,42.4580788],[41.9615218,42.4582846],[41.9685146,42.4595144],[41.9718853,42.4627367],[41.9720866,42.4658752],[41.9800242,42.469479],[41.9874209,42.4696739],[42.0061224,42.4620703],[42.0117804,42.4632988],[42.012443,42.4658282],[42.0141759,42.4678058],[42.0134341,42.4724241],[42.0152627,42.4778825],[42.0199231,42.4841874],[42.0197764,42.4872754],[42.0181201,42.4891647],[42.0187832,42.491694],[42.0264053,42.4961434],[42.0333882,42.5030879],[42.035068,42.5062232],[42.0426988,42.514145],[42.0388279,42.5157719],[42.0283643,42.5179642],[42.0223274,42.5282085],[42.0197455,42.5358052],[42.0205942,42.5413009],[42.007747,42.5390506],[42.0010015,42.54079],[41.997113,42.5601216],[41.9943278,42.5641539],[41.99466,42.572648],[41.9979255,42.5817661],[42.0095965,42.5932937],[42.0188901,42.6003789],[42.0250244,42.603823],[42.029179,42.6099525],[42.0300681,42.6146273],[42.0248009,42.6240717],[42.0174411,42.6307229],[42.0014304,42.6322205],[41.9896496,42.6305427],[41.9755961,42.6222347],[41.9629183,42.623815],[41.9452182,42.6219754],[41.9336368,42.6238554],[41.91911,42.630829],[41.9167726,42.6282748],[41.9128126,42.6265794],[41.8989816,42.6227038],[41.8935528,42.6189301],[41.8860211,42.6107345],[41.8849053,42.6085393],[41.8732967,42.6035486],[41.871387,42.6001528],[41.8700781,42.5992999],[41.8632974,42.5980994],[41.8604007,42.5961566],[41.8579545,42.5921285],[41.8551742,42.5905721],[41.8538775,42.587247],[41.8512297,42.5851574],[41.851904,42.5787574],[41.8496327,42.5770944],[41.8496263,42.5739164],[41.843353,42.567901],[41.839609,42.562299],[41.835989,42.560693],[41.8327707,42.5545051],[41.8300327,42.5526988],[41.821411,42.550711],[41.818999,42.549002],[41.8098908,42.5486974],[41.8036587,42.5436391],[41.7979335,42.5433326],[41.7919239,42.5401931],[41.7894819,42.5401305],[41.7851145,42.5371941],[41.7847197,42.5358814],[41.782092,42.5335222],[41.7769777,42.5330604],[41.7700537,42.5297901],[41.7645177,42.5231167],[41.7441329,42.5166958],[41.7262366,42.5076342],[41.7200268,42.5118464],[41.7170957,42.5121343],[41.715422,42.5115807],[41.7134371,42.5091685],[41.7116347,42.5086702],[41.7075363,42.5103469],[41.7026659,42.5092742],[41.6977769,42.5111152],[41.6963508,42.5096088],[41.6940551,42.5101206],[41.6918526,42.5078131],[41.6885431,42.5065076],[41.6888275,42.5041452],[41.6881837,42.5029904],[41.6849007,42.5018988],[41.6806521,42.501883],[41.6792144,42.5005699],[41.6798153,42.4993518],[41.6792574,42.4987981],[41.6761245,42.4989404],[41.6698374,42.4966781],[41.6690864,42.4952225],[41.6670385,42.494687],[41.6633794,42.489556],[41.6579098,42.4875209],[41.6559281,42.4842432],[41.6528475,42.4839535],[41.6525211,42.4819469],[41.6499033,42.4811556],[41.6493239,42.4794623],[41.6500535,42.4790825],[41.6500105,42.4772467],[41.6480883,42.4753548],[41.647823,42.473805],[41.6535171,42.46809],[41.65454,42.463944],[41.652121,42.455595],[41.6548021,42.4526137],[41.6555316,42.4495422],[41.654576,42.447662],[41.6518434,42.4454356],[41.6514786,42.4439472],[41.6531738,42.4417303],[41.6557487,42.4413978],[41.6574224,42.4445014],[41.65877,42.445245],[41.661199,42.4445805],[41.6618641,42.4419362],[41.6595412,42.4370374],[41.6489082,42.4337833],[41.6440453,42.4330608],[41.6332092,42.4357847],[41.6291644,42.4355867],[41.6271583,42.4336918],[41.6214075,42.431572],[41.6141977,42.4343752],[41.6076209,42.4345494],[41.601602,42.4306693],[41.6005935,42.4287212],[41.588326,42.4249161],[41.5862044,42.4217117],[41.584638,42.4208246],[41.5735015,42.4188129],[41.5714415,42.417609],[41.5706905,42.4155654],[41.5674075,42.414805],[41.5653154,42.4152328],[41.5597364,42.4114306],[41.5500885,42.4115992]]]}},{"type":"Feature","properties":{"sourceName":"Lentekhi Municipality","sourceId":"osm-relation-1997285","code":"70","nameKa":"ლენტეხი","nameEn":"Lentekhi","source":"OpenStreetMap"},"geometry":{"type":"Polygon","coordinates":[[[42.3566444,42.8256196],[42.365813,42.818571],[42.3712201,42.8116192],[42.3770393,42.8068829],[42.379883,42.8055197],[42.3797086,42.8032589],[42.3908717,42.7990357],[42.3920926,42.7951535],[42.396835,42.7940665],[42.3987788,42.7925937],[42.4015696,42.792295],[42.4092442,42.7874737],[42.4107041,42.787231],[42.4206224,42.7902499],[42.4256399,42.7873457],[42.4290702,42.7866203],[42.4313377,42.783292],[42.437268,42.7812865],[42.4381983,42.7798783],[42.4462727,42.7804256],[42.4530441,42.7758167],[42.457114,42.7762008],[42.4611838,42.7785053],[42.4644397,42.7773957],[42.4730446,42.7774811],[42.4788005,42.7725306],[42.4870022,42.7673347],[42.4930091,42.7666339],[42.4935508,42.7651465],[42.4999919,42.7626523],[42.504858,42.7628011],[42.5083859,42.7612232],[42.5118732,42.7581864],[42.5117921,42.7567275],[42.5231057,42.7507427],[42.5263092,42.7465142],[42.530202,42.7438043],[42.5339732,42.7398434],[42.5466568,42.73882],[42.5451696,42.7343351],[42.5467967,42.7296933],[42.5504158,42.7277859],[42.5549665,42.7227683],[42.5600941,42.7203962],[42.5613321,42.7179232],[42.5605292,42.7152266],[42.5641421,42.7047763],[42.5692043,42.703843],[42.5721963,42.704367],[42.5749504,42.7030802],[42.5763285,42.7007095],[42.5814966,42.7007208],[42.5872179,42.6960165],[42.597301,42.690021],[42.6025125,42.6900627],[42.605968,42.6986393],[42.6085171,42.7008457],[42.6081772,42.7036349],[42.6119113,42.7083743],[42.621829,42.707298],[42.6294763,42.7047172],[42.6337248,42.7074229],[42.6454507,42.7057579],[42.6489009,42.706873],[42.665301,42.7015744],[42.6659001,42.6987642],[42.668959,42.6967242],[42.6700353,42.6945177],[42.6697521,42.6915616],[42.6760483,42.68727],[42.6771427,42.684865],[42.6821577,42.6815265],[42.6839704,42.6752381],[42.6919575,42.6749465],[42.7068556,42.6719062],[42.7124636,42.6674079],[42.7135399,42.6629093],[42.7180716,42.6617013],[42.7219236,42.661493],[42.7263987,42.6637008],[42.7288911,42.6617846],[42.745378,42.6633933],[42.7516866,42.6621941],[42.760566,42.6632253],[42.766505,42.665129],[42.7703508,42.6715196],[42.7675392,42.67472],[42.7674964,42.677119],[42.7718652,42.6785086],[42.7853292,42.6858598],[42.7889761,42.6914202],[42.8124931,42.6996132],[42.8263641,42.7011562],[42.8354476,42.6981529],[42.8407122,42.7009736],[42.8437777,42.7091083],[42.840426,42.71603],[42.8414202,42.7176856],[42.8454341,42.7208005],[42.8677448,42.7272967],[42.8720353,42.7304158],[42.8809,42.734769],[42.8864476,42.7430425],[42.897069,42.763801],[42.9085207,42.7647212],[42.9187345,42.7674622],[42.925086,42.766454],[42.9286694,42.7681553],[42.9326391,42.7686751],[42.934763,42.767148],[42.9386687,42.7696045],[42.9429388,42.7693525],[42.9456424,42.7702346],[42.950921,42.7695415],[42.9514789,42.7664856],[42.9597187,42.7648788],[42.9738271,42.7584512],[42.9825496,42.7576949],[42.9900813,42.7585142],[43.0000698,42.7570175],[43.0051446,42.7549378],[43.0114317,42.7537403],[43.0134272,42.7510775],[43.0172038,42.7488558],[43.0316663,42.7438606],[43.0371594,42.7440654],[43.0385327,42.7454994],[43.0442512,42.7464607],[43.0547011,42.7455546],[43.0584776,42.7435297],[43.0610418,42.74364],[43.0658376,42.7404803],[43.0728006,42.738991],[43.0772209,42.7359021],[43.0802357,42.7367374],[43.0834865,42.7349013],[43.0865121,42.7344363],[43.0907392,42.7325135],[43.0915117,42.7307324],[43.0950522,42.728573],[43.1010416,42.726983],[43.1027233,42.7243565],[43.1021547,42.7216688],[43.1026268,42.7199347],[43.115201,42.7149845],[43.1182479,42.7097816],[43.120265,42.708804],[43.1247282,42.708804],[43.1281614,42.7114213],[43.1291055,42.7113267],[43.1334829,42.7096239],[43.134427,42.707038],[43.1387186,42.7034744],[43.1491899,42.7010775],[43.151679,42.7030329],[43.159275,42.7047359],[43.162837,42.7081418],[43.1631803,42.71016],[43.1659269,42.7136759],[43.16612,42.7152052],[43.1699717,42.7187523],[43.1681585,42.7218816],[43.1581163,42.731095],[43.1566572,42.7348461],[43.1609058,42.7382188],[43.161292,42.7405512],[43.1629228,42.7414022],[43.1681585,42.7415283],[43.1696176,42.7440812],[43.1706905,42.7475164],[43.1701326,42.7485249],[43.1712055,42.7503527],[43.1745958,42.7557413],[43.1779432,42.7569072],[43.1801748,42.7609404],[43.1814623,42.7660602],[43.1791175,42.7690405],[43.181591,42.7708646],[43.1844663,42.7755269],[43.189187,42.7768184],[43.1908178,42.7784249],[43.1908607,42.7801574],[43.1987142,42.7796849],[43.2047224,42.7804093],[43.2157087,42.7763459],[43.2234335,42.7773539],[43.2278537,42.7770389],[43.229742,42.7774484],[43.2336902,42.7805353],[43.2403421,42.7840315],[43.2453632,42.7856378],[43.2475948,42.7873386],[43.252573,42.787811],[43.2561349,42.7801574],[43.2575941,42.7795904],[43.2638597,42.7829606],[43.2669925,42.7872441],[43.2670784,42.7895117],[43.269267,42.7921256],[43.2799959,42.7999352],[43.2872915,42.8009743],[43.2895231,42.8002815],[43.2908964,42.8029265],[43.2972382,42.8087226],[43.3002519,42.8160551],[43.3050443,42.8229987],[43.3070326,42.8234367],[43.3104443,42.8263482],[43.3095217,42.8304213],[43.3165893,42.8379888],[43.3246279,42.8411711],[43.3315587,42.8479676],[43.3309579,42.8502487],[43.3270311,42.8521679],[43.3235764,42.8605834],[43.322525,42.861763],[43.3198213,42.8627224],[43.3188987,42.8655377],[43.3158429,42.8669216],[43.3170962,42.8697682],[43.3191776,42.8716554],[43.3195585,42.8750711],[43.3220915,42.8801134],[43.3285331,42.883543],[43.333168,42.8906179],[43.332282,42.894564],[43.3347755,42.8985221],[43.3315152,42.9016034],[43.326816,42.908345],[43.321476,42.91003],[43.317549,42.914819],[43.306259,42.911201],[43.3003884,42.9073332],[43.2976945,42.911673],[43.2944178,42.9126377],[43.2938717,42.915555],[43.2922655,42.91739],[43.2778327,42.9198658],[43.273291,42.9224141],[43.2710614,42.9216229],[43.2550288,42.9233723],[43.250295,42.922429],[43.248866,42.923509],[43.2451471,42.924056],[43.2383354,42.9241614],[43.233202,42.929657],[43.2331816,42.9307466],[43.227237,42.932062],[43.2237556,42.9313151],[43.2159315,42.9314333],[43.2106353,42.932467],[43.2067816,42.9304402],[43.2049107,42.930534],[43.1988613,42.9347844],[43.1918912,42.9369798],[43.1862957,42.9376125],[43.18487,42.938667],[43.184001,42.941004],[43.185225,42.943593],[43.185238,42.946531],[43.180372,42.9531693],[43.179411,42.9573207],[43.177503,42.957992],[43.173163,42.962769],[43.1705904,42.9644317],[43.1588743,42.9681561],[43.1568609,42.9672016],[43.1532614,42.9672918],[43.1456493,42.9688227],[43.1437985,42.967017],[43.146234,42.9644655],[43.1439487,42.9613092],[43.1441204,42.9586868],[43.1434123,42.9576346],[43.1342495,42.9532597],[43.1312893,42.95327],[43.127364,42.9519489],[43.1269844,42.950605],[43.1248234,42.9485985],[43.1175941,42.9448766],[43.1122029,42.9445221],[43.1098388,42.9420017],[43.1058618,42.940364],[43.1027299,42.9379256],[43.0951033,42.9377507],[43.093025,42.9336912],[43.0902141,42.930668],[43.0902281,42.9294877],[43.0911965,42.9268243],[43.0953226,42.9229656],[43.1002442,42.9215823],[43.1023362,42.9154795],[43.1025019,42.9101007],[43.1055841,42.9044567],[43.1033861,42.9022647],[43.0905478,42.8965601],[43.0892854,42.8953525],[43.0868393,42.8898221],[43.0854898,42.883756],[43.0832951,42.8821826],[43.077359,42.8750505],[43.0714039,42.8664726],[43.0672627,42.8658454],[43.0602124,42.8628351],[43.0582273,42.8612045],[43.051177,42.8701097],[43.0485075,42.8756028],[43.0493973,42.8777346],[43.0488839,42.8787629],[43.0543599,42.8833022],[43.0534298,42.8865734],[43.0483363,42.8916526],[43.0435106,42.8930818],[43.0373159,42.8962661],[43.0300602,42.8930567],[43.024995,42.8926806],[43.0124664,42.8880023],[43.0077136,42.8906755],[42.9989795,42.8923932],[42.990072,42.8900392],[42.9877003,42.8901828],[42.9839735,42.8888335],[42.982231,42.887344],[42.9792381,42.888052],[42.9736696,42.8870282],[42.9634022,42.8836929],[42.9623412,42.8818873],[42.9573111,42.8789573],[42.9552576,42.8823931],[42.9435049,42.8804302],[42.9302317,42.882982],[42.9206522,42.8795931],[42.9153619,42.8788309],[42.9133336,42.8803349],[42.9101149,42.8876939],[42.9046455,42.8921267],[42.9034839,42.8948216],[42.8979662,42.8964527],[42.893852,42.895779],[42.8905608,42.8973391],[42.8814301,42.8993871],[42.8707162,42.899963],[42.8656341,42.9044657],[42.8650533,42.9073374],[42.8597291,42.9077273],[42.8513073,42.9060965],[42.8374645,42.9062384],[42.833786,42.9080819],[42.8273003,42.9092517],[42.8277843,42.9142501],[42.825703,42.917334],[42.8201369,42.915987],[42.8142319,42.9172276],[42.8066813,42.917653],[42.8006795,42.921481],[42.7975819,42.9185037],[42.7906605,42.9149236],[42.786256,42.9085073],[42.7838359,42.9063447],[42.7814642,42.9057775],[42.7758013,42.899963],[42.7731392,42.898261],[42.7679119,42.8970555],[42.7635572,42.8935207],[42.7569175,42.898786],[42.7531528,42.9036999],[42.7494529,42.9029794],[42.746034,42.9002402],[42.7352779,42.8962137],[42.7258258,42.8949394],[42.7215665,42.8958613],[42.716113,42.8916061],[42.7014315,42.8872088],[42.6948484,42.8911499],[42.6837561,42.8935844],[42.6785377,42.8961804],[42.6753009,42.8992763],[42.6698739,42.9000807],[42.6596612,42.9064979],[42.6437372,42.9070297],[42.6410962,42.911246],[42.6374844,42.9125791],[42.6198949,42.9130844],[42.6099531,42.9099721],[42.6061115,42.9102063],[42.5889138,42.9059161],[42.5850837,42.910391],[42.5745883,42.9077704],[42.5699736,42.9084477],[42.5592285,42.9143678],[42.55555,42.9151122],[42.5564696,42.9207126],[42.5468862,42.9213861],[42.5391903,42.9200392],[42.5363692,42.9220887],[42.5340477,42.9222818],[42.5311863,42.9198233],[42.5220825,42.9208508],[42.515741,42.9248318],[42.511199,42.9252868],[42.5082214,42.9297224],[42.5042856,42.9309002],[42.5008631,42.9330051],[42.496585,42.9380916],[42.4901514,42.9376028],[42.4851679,42.936029],[42.4805475,42.9322704],[42.4793497,42.9277848],[42.4779807,42.9258552],[42.4713753,42.9209682],[42.4718202,42.9166071],[42.4747635,42.9123711],[42.4744555,42.9107167],[42.4770908,42.9065053],[42.4759272,42.8991347],[42.4857497,42.889331],[42.4867022,42.8839873],[42.4849968,42.8799771],[42.4805475,42.8812812],[42.4762352,42.8851181],[42.4578222,42.8865726],[42.4534227,42.8858997],[42.4536129,42.8834098],[42.4520221,42.8823274],[42.4469045,42.8825351],[42.4418392,42.881532],[42.4384167,42.8819834],[42.4329742,42.8812276],[42.4202433,42.8813815],[42.4164489,42.880501],[42.4081619,42.8830868],[42.40361,42.8862967],[42.3965254,42.8869487],[42.3967282,42.8842659],[42.3957357,42.8830622],[42.3853998,42.8797267],[42.3868372,42.8758393],[42.3784132,42.8670326],[42.3785342,42.8648686],[42.3726959,42.8610778],[42.3683836,42.8563612],[42.3665012,42.8513934],[42.3652007,42.8440162],[42.3651664,42.8390223],[42.3669461,42.8366633],[42.361607,42.8339527],[42.3602038,42.8316688],[42.3577054,42.8299369],[42.3566444,42.8256196]]]}},{"type":"Feature","properties":{"sourceName":"Chkhorotsqu Municipality","sourceId":"osm-relation-2016166","code":"38","nameKa":"ჩხოროწყუ","nameEn":"Chkhorotsku","source":"OpenStreetMap"},"geometry":{"type":"Polygon","coordinates":[[[42.0117804,42.4632988],[42.0134337,42.458787],[42.0209491,42.4530399],[42.0317041,42.4491157],[42.0399348,42.4488939],[42.0437286,42.451456],[42.0508207,42.4504793],[42.0592142,42.4467816],[42.0631178,42.4428232],[42.0685064,42.4398248],[42.0566069,42.4299262],[42.0537285,42.428544],[42.0520669,42.4263209],[42.0524323,42.4248041],[42.0555043,42.4220487],[42.0559614,42.4185719],[42.0645141,42.4165561],[42.0687096,42.4136549],[42.0796081,42.4139334],[42.0838473,42.4155456],[42.1026187,42.4101929],[42.1171803,42.4022504],[42.1201085,42.4015416],[42.1243529,42.4029252],[42.1250154,42.4038092],[42.1230844,42.4052864],[42.1264154,42.4058078],[42.125191,42.4075954],[42.1267587,42.4086596],[42.128069,42.4115832],[42.1278115,42.4142604],[42.1309276,42.4166091],[42.1301404,42.4198907],[42.1318693,42.4219669],[42.1352345,42.422018],[42.1332832,42.4235682],[42.1344858,42.4248536],[42.1335466,42.4271432],[42.1365806,42.4285893],[42.1379971,42.4317243],[42.1372461,42.4383123],[42.1388769,42.4417645],[42.1348857,42.4436013],[42.1359157,42.4456281],[42.1324825,42.4484148],[42.1320962,42.4518347],[42.1355724,42.4521197],[42.1391773,42.4512647],[42.1419024,42.4520722],[42.1422028,42.4513122],[42.1441126,42.4513755],[42.1445632,42.4523255],[42.1496916,42.4507106],[42.1521592,42.448589],[42.1535754,42.4497448],[42.1539831,42.4535129],[42.1559679,42.4544074],[42.1587789,42.4530934],[42.1578347,42.4521395],[42.1585965,42.4504097],[42.1607852,42.4492698],[42.1642398,42.4508847],[42.1635532,42.4520088],[42.1681452,42.4526896],[42.1688533,42.4522147],[42.1696634,42.4536284],[42.1714381,42.4539597],[42.1716497,42.4549492],[42.1733203,42.4557084],[42.175107,42.4546233],[42.1756678,42.4554297],[42.1781657,42.4554578],[42.1784558,42.4593748],[42.1848687,42.4641113],[42.191568,42.472343],[42.2030252,42.4796005],[42.2112288,42.4872137],[42.2150778,42.4934123],[42.2216538,42.4979326],[42.2247467,42.5012781],[42.2296639,42.5033595],[42.2376007,42.5050954],[42.2380308,42.5081359],[42.2370222,42.5091017],[42.2319347,42.5075018],[42.2248792,42.5076666],[42.2217273,42.5121408],[42.2193166,42.511729],[42.2173361,42.5132167],[42.2282278,42.5216401],[42.226782,42.527209],[42.2315716,42.5323859],[42.2427507,42.5408201],[42.2537916,42.5455588],[42.2616368,42.5511022],[42.2618358,42.5555107],[42.2571161,42.5674343],[42.2558099,42.5750634],[42.2503281,42.5818741],[42.2481129,42.5880449],[42.2540621,42.5927361],[42.2633642,42.5948739],[42.2702863,42.5995875],[42.2874438,42.6074163],[42.3035827,42.6164154],[42.3070103,42.6196082],[42.3171768,42.6243952],[42.3244096,42.6295916],[42.3416531,42.6357032],[42.3477701,42.6469526],[42.3513025,42.6479348],[42.3541887,42.6508181],[42.362115,42.6545249],[42.3635366,42.6583266],[42.3625458,42.6625082],[42.3650874,42.6665944],[42.3720659,42.666341],[42.3769337,42.6675447],[42.3829608,42.6717416],[42.3824476,42.6757796],[42.3805953,42.6772681],[42.3728844,42.679865],[42.3705582,42.6856601],[42.3750814,42.6902514],[42.3814569,42.693956],[42.38542,42.6940826],[42.3900724,42.6967421],[42.4000233,42.6999713],[42.400971,42.7017442],[42.4064949,42.7067777],[42.4046326,42.7095631],[42.4047619,42.7121586],[42.4079065,42.7136463],[42.4118266,42.7220966],[42.4216052,42.7265903],[42.4237275,42.7297394],[42.4245118,42.7334043],[42.4200692,42.7359614],[42.4181656,42.7402757],[42.4205431,42.7418462],[42.4236788,42.7457648],[42.4225157,42.7484537],[42.4212234,42.7502568],[42.417088,42.7519966],[42.4158685,42.7550183],[42.4116469,42.7567579],[42.4091915,42.7590352],[42.411733,42.7648229],[42.4100581,42.7697638],[42.410814,42.7716417],[42.4158141,42.7762082],[42.4176746,42.7796222],[42.4209886,42.7808597],[42.4201165,42.7850415],[42.4206224,42.7902499],[42.4107041,42.787231],[42.4092442,42.7874737],[42.4015696,42.792295],[42.3987788,42.7925937],[42.396835,42.7940665],[42.3920926,42.7951535],[42.3908717,42.7990357],[42.3797086,42.8032589],[42.379883,42.8055197],[42.3770393,42.8068829],[42.3712201,42.8116192],[42.3646502,42.8196799],[42.3622664,42.8207886],[42.3566444,42.8256196],[42.349714,42.8266878],[42.3466475,42.8305954],[42.342661,42.8297801],[42.3392878,42.8330129],[42.3304716,42.8319166],[42.3213487,42.8264348],[42.3128774,42.8296677],[42.3109225,42.8291054],[42.2998064,42.8297801],[42.2954456,42.8306321],[42.2892269,42.8391967],[42.2842438,42.8403491],[42.2816756,42.8419512],[42.2752359,42.8416139],[42.2697928,42.8353178],[42.264848,42.8331534],[42.2620499,42.8276436],[42.25814,42.8239327],[42.2555335,42.8228081],[42.252697,42.8231736],[42.2507037,42.8223301],[42.2475989,42.8194624],[42.2436507,42.818169],[42.2402859,42.8144653],[42.2301197,42.8173255],[42.2247533,42.8165101],[42.2205368,42.8137264],[42.2172403,42.8102396],[42.2180507,42.8078865],[42.2220833,42.8060099],[42.2259799,42.8014654],[42.2291231,42.8008748],[42.2310424,42.7988711],[42.2314778,42.7978061],[42.2301509,42.7948605],[42.2414186,42.7923158],[42.2490477,42.7883491],[42.2531961,42.7876543],[42.2538686,42.7865905],[42.2561293,42.7858886],[42.2577496,42.783421],[42.2526491,42.7812119],[42.251946,42.7802342],[42.2524072,42.7763646],[42.2547537,42.7733992],[42.2534561,42.769823],[42.2472134,42.7646686],[42.2413075,42.7619897],[42.2380469,42.7578947],[42.2360268,42.7517156],[42.2333683,42.7470007],[42.2273102,42.7413581],[42.2290059,42.7354801],[42.2324858,42.7281656],[42.233617,42.7220644],[42.2247315,42.709164],[42.2199736,42.70017],[42.2068002,42.6871658],[42.1992335,42.6833872],[42.1932898,42.6817619],[42.1861349,42.6815862],[42.1734191,42.6776792],[42.1698619,42.6739976],[42.1642925,42.6704775],[42.1648956,42.6635165],[42.1668521,42.6582802],[42.1615821,42.6482142],[42.1620144,42.6387122],[42.1593852,42.6335736],[42.1589478,42.6306032],[42.1559178,42.6279913],[42.1483807,42.6237873],[42.1451234,42.619901],[42.1421718,42.6155995],[42.1420308,42.6124251],[42.1392689,42.6102422],[42.1368607,42.6065883],[42.1356252,42.6023295],[42.1326943,42.5976055],[42.1330818,42.5891605],[42.1269033,42.5870492],[42.1246505,42.5837854],[42.1215942,42.5813824],[42.1195834,42.5780286],[42.1192646,42.574084],[42.1172234,42.5712178],[42.1155524,42.5660722],[42.1176982,42.5657245],[42.1182561,42.5632591],[42.1170115,42.5614178],[42.1202946,42.5598215],[42.1216893,42.5572374],[42.1189856,42.5524954],[42.1193933,42.5513731],[42.1206593,42.5512625],[42.1206164,42.5470892],[42.1183204,42.5456348],[42.1189642,42.5425679],[42.1164322,42.5419197],[42.1177411,42.5377932],[42.1165824,42.537145],[42.1143078,42.5381886],[42.1082353,42.5433426],[42.1003175,42.5445124],[42.090778,42.5427501],[42.0857819,42.5359624],[42.0602394,42.5198776],[42.0507735,42.5145607],[42.0426988,42.514145],[42.035068,42.5062232],[42.0333882,42.5030879],[42.0264053,42.4961434],[42.0187832,42.491694],[42.0181201,42.4891647],[42.0197764,42.4872754],[42.0199231,42.4841874],[42.0152627,42.4778825],[42.0134341,42.4724241],[42.0141759,42.4678058],[42.012443,42.4658282],[42.0117804,42.4632988]]]}},{"type":"Feature","properties":{"sourceName":"Khobi Municipality","sourceId":"osm-relation-2016162","code":"40","nameKa":"ხობი","nameEn":"Khobi","source":"OpenStreetMap"},"geometry":{"type":"Polygon","coordinates":[[[41.6094512,42.3361002],[41.6145034,42.3235881],[41.6223912,42.3084504],[41.6261678,42.2978176],[41.628847,42.285439],[41.6303907,42.2819744],[41.6341023,42.2783772],[41.6340017,42.274599],[41.6358972,42.2701053],[41.6388621,42.2463902],[41.6385519,42.2391498],[41.6351498,42.2254496],[41.6317876,42.2192683],[41.631135,42.215834],[41.6283618,42.2136172],[41.6277557,42.2109941],[41.6292652,42.2087817],[41.6322613,42.2089871],[41.6356301,42.2080017],[41.6561773,42.1990519],[41.6831854,42.1975246],[41.691161,42.1958186],[41.7082636,42.1858067],[41.7038068,42.1848781],[41.7015173,42.1838383],[41.7000903,42.1821751],[41.6938191,42.1657461],[41.719883,42.1616032],[41.7195955,42.1602247],[41.7072625,42.1618909],[41.7043272,42.1420875],[41.7019585,42.1425543],[41.6964948,42.1401518],[41.692965,42.1405794],[41.6924017,42.1397202],[41.6941774,42.1376875],[41.694805,42.1354121],[41.6958886,42.1353922],[41.6978145,42.1323331],[41.6993492,42.131493],[41.7016339,42.1210617],[41.7032432,42.1207911],[41.7041163,42.1130284],[41.7085073,42.1030521],[41.7106664,42.1000582],[41.7142727,42.1002677],[41.7536257,42.1368542],[41.7672878,42.1370881],[41.7751016,42.1387961],[41.7771327,42.1433359],[41.7815668,42.1463429],[41.7851061,42.146228],[41.7855012,42.1448474],[41.7863208,42.1447361],[41.7939258,42.1457983],[41.7952546,42.1450156],[41.7977329,42.1455453],[41.8046911,42.1416615],[41.8105639,42.1428268],[41.8117547,42.1413073],[41.8140129,42.1408981],[41.8155579,42.1377262],[41.8199424,42.1394403],[41.8198303,42.1409242],[41.8204245,42.1410962],[41.8246672,42.1390491],[41.8308737,42.1389061],[41.8386323,42.1423821],[41.8427062,42.1417662],[41.8487544,42.1441891],[41.8547537,42.1440905],[41.8573828,42.1463634],[41.8593875,42.1469746],[41.862009,42.1459471],[41.8652913,42.1462118],[41.8688047,42.1448957],[41.8685976,42.1651321],[41.8707856,42.178128],[41.8723086,42.182808],[41.8741051,42.1859009],[41.8805852,42.1849179],[41.8879885,42.1849742],[41.8913003,42.1889777],[41.8910973,42.1970894],[41.8887498,42.2012293],[41.8872215,42.2124938],[41.8868728,42.2195869],[41.8894926,42.2218323],[41.9101366,42.2223908],[41.9317042,42.2280435],[41.9423272,42.2261532],[41.9511753,42.2287082],[41.9584311,42.2319449],[41.9722639,42.2332715],[41.9757794,42.2484935],[41.9748971,42.2547031],[41.9765897,42.2601109],[41.9821806,42.2656215],[41.985468,42.2703464],[41.9943374,42.2849294],[41.9956837,42.2894582],[41.9984089,42.2937331],[41.9995608,42.3105774],[41.9984845,42.3167821],[41.9836001,42.3258128],[41.9753509,42.3267549],[41.9707317,42.3293869],[41.9677916,42.3336576],[41.9660008,42.3383934],[41.9685447,42.3423744],[41.9715417,42.3450627],[41.9713539,42.3489714],[41.963401,42.3558633],[41.9543101,42.3619996],[41.9534033,42.3645846],[41.9616843,42.365286],[41.9751942,42.36241],[41.9808973,42.3647161],[41.9919502,42.3645758],[41.996223,42.3664125],[41.9989307,42.3689753],[42.004342,42.3702765],[42.0085519,42.3680674],[42.0091623,42.363445],[42.0115156,42.3591579],[42.0162758,42.3576876],[42.0229913,42.3603264],[42.0299846,42.3612327],[42.0401654,42.3691785],[42.0432601,42.3740417],[42.0464943,42.384271],[42.040257,42.3880242],[42.0313529,42.3902579],[42.0240995,42.3906495],[42.0231882,42.3933798],[42.0258199,42.3956224],[42.0391944,42.3981431],[42.0474606,42.4020207],[42.0488424,42.4035653],[42.050051,42.4096985],[42.0513978,42.4123496],[42.0559614,42.4185719],[42.0555043,42.4220487],[42.0524323,42.4248041],[42.0520669,42.4263209],[42.0537285,42.428544],[42.0566069,42.4299262],[42.0685064,42.4398248],[42.0631178,42.4428232],[42.0592142,42.4467816],[42.0508207,42.4504793],[42.0437286,42.451456],[42.0399348,42.4488939],[42.0317041,42.4491157],[42.0209491,42.4530399],[42.0134337,42.458787],[42.0117804,42.4632988],[42.0061224,42.4620703],[41.9874209,42.4696739],[41.9800242,42.469479],[41.9720866,42.4658752],[41.9718853,42.4627367],[41.9685146,42.4595144],[41.9615218,42.4582846],[41.9537745,42.4580788],[41.9506811,42.4564299],[41.9501415,42.4530215],[41.9531735,42.4486633],[41.9593612,42.4446503],[41.963876,42.4387648],[41.9652594,42.4251982],[41.9635877,42.4237864],[41.9631936,42.4222172],[41.9667607,42.4208429],[41.9702936,42.4151264],[41.9704053,42.4133537],[41.9678457,42.4092044],[41.9623091,42.405042],[41.9594976,42.3995668],[41.9577226,42.3991936],[41.9535188,42.3952644],[41.9513592,42.3944007],[41.9472717,42.3899006],[41.9442212,42.3886361],[41.9421521,42.3887037],[41.9413197,42.3869475],[41.9342845,42.3810827],[41.9286301,42.3810984],[41.9277678,42.3774038],[41.9212418,42.377615],[41.9181939,42.3759872],[41.9167079,42.3744012],[41.9167835,42.3728574],[41.9189978,42.3702116],[41.9147247,42.3670048],[41.9138271,42.3635044],[41.9065393,42.3638854],[41.8994434,42.3622946],[41.8946194,42.3630514],[41.8812169,42.3630422],[41.8684258,42.3651782],[41.8606956,42.3746104],[41.8325034,42.3957251],[41.8257838,42.402343],[41.8083706,42.4107384],[41.7982619,42.4091978],[41.7972743,42.4051306],[41.7951572,42.4056265],[41.7932153,42.4074961],[41.7910266,42.407805],[41.778385,42.4071433],[41.7678689,42.4023122],[41.7659018,42.3985652],[41.7689862,42.3937461],[41.7719384,42.3914931],[41.7723728,42.389169],[41.7722854,42.3847277],[41.7672353,42.3787445],[41.7677895,42.3740876],[41.7711871,42.3692772],[41.7669263,42.3663535],[41.7557694,42.3627672],[41.724217,42.3576638],[41.7184961,42.3525938],[41.7088993,42.331292],[41.7017658,42.3292178],[41.6975355,42.3258251],[41.680022,42.3176091],[41.6691885,42.3159701],[41.6648504,42.3165291],[41.6563968,42.3192519],[41.6538295,42.3212325],[41.6537449,42.3228289],[41.6514726,42.3250465],[41.629051,42.3241604],[41.6249949,42.3251829],[41.6192556,42.3288965],[41.61402,42.3346803],[41.6120374,42.3360385],[41.6094512,42.3361002]]]}},{"type":"Feature","properties":{"sourceName":"Senaki Municipality","sourceId":"osm-relation-2016163","code":"37","nameKa":"სენაკი","nameEn":"Senaki","source":"OpenStreetMap"},"geometry":{"type":"Polygon","coordinates":[[[41.8685976,42.1651321],[41.8688047,42.1448957],[41.8700484,42.1450399],[41.8731154,42.1435474],[41.8792492,42.1447445],[41.8848365,42.1446143],[41.8867417,42.1460655],[41.8900715,42.1465898],[41.8914798,42.148253],[41.8932579,42.1483211],[41.8967468,42.1504049],[41.9036242,42.149124],[41.9086274,42.1506423],[41.9109728,42.152617],[41.9153469,42.1520273],[41.9202714,42.1535644],[41.9225026,42.1553489],[41.9320469,42.1676771],[41.9360362,42.1690772],[41.9455766,42.1695475],[41.9545383,42.1639653],[41.9610185,42.161766],[41.9646044,42.1594897],[41.9689702,42.1584441],[41.9869007,42.1623957],[41.9899248,42.1643595],[41.9949363,42.1655057],[42.0029148,42.1657146],[42.0159492,42.161996],[42.0268396,42.1624239],[42.0351515,42.1680025],[42.0366272,42.16978],[42.0366595,42.1732597],[42.0300467,42.182693],[42.0325569,42.1862839],[42.0402558,42.1890457],[42.0451411,42.187296],[42.0498623,42.1876572],[42.0529199,42.189299],[42.055553,42.1927557],[42.0613483,42.1922347],[42.0644289,42.1954357],[42.0670779,42.1943684],[42.0691234,42.1919325],[42.070472,42.1917626],[42.0742569,42.1960257],[42.0729146,42.2011057],[42.0735233,42.2022899],[42.0747744,42.2022013],[42.0787291,42.1995294],[42.0838648,42.2002813],[42.0848818,42.2071759],[42.0907245,42.2095783],[42.0935461,42.2118242],[42.0947699,42.2149011],[42.0946371,42.2177949],[42.0972312,42.2207597],[42.1020413,42.2221859],[42.1065971,42.2249102],[42.1065045,42.2269372],[42.1118304,42.225622],[42.1137058,42.2272637],[42.1207834,42.2287857],[42.1268536,42.2341234],[42.1327494,42.2359995],[42.1357733,42.2395585],[42.1388102,42.2415831],[42.1405788,42.2465657],[42.1464428,42.249181],[42.151278,42.2525112],[42.155704,42.2575596],[42.1573857,42.264515],[42.1620676,42.2712978],[42.1675806,42.2743973],[42.1732264,42.2745367],[42.185136,42.26841],[42.1937776,42.2609674],[42.2023276,42.26043],[42.2029496,42.263293],[42.2067944,42.2649715],[42.2089256,42.267128],[42.2082071,42.2687363],[42.2099293,42.2716269],[42.210022,42.2745845],[42.2109656,42.2753975],[42.2131493,42.2749079],[42.2170232,42.2755583],[42.2207537,42.2784886],[42.2242628,42.2798371],[42.2239415,42.28121],[42.226227,42.2835799],[42.2299477,42.2841147],[42.2317063,42.290546],[42.2334152,42.2915091],[42.2336203,42.2928133],[42.2363666,42.2960206],[42.2355704,42.29942],[42.2360997,42.3015719],[42.2343356,42.3035083],[42.2357718,42.3043215],[42.2349952,42.3059741],[42.2368105,42.3104336],[42.2411322,42.3121199],[42.2419098,42.3147472],[42.24043,42.3157943],[42.2425995,42.3180218],[42.2409071,42.3199173],[42.2403031,42.3222514],[42.2353434,42.3266883],[42.235699,42.3279213],[42.2376645,42.3283287],[42.2327314,42.3346009],[42.2356106,42.3377333],[42.2353591,42.3400414],[42.2368478,42.3420133],[42.2358538,42.3439922],[42.2359828,42.348753],[42.2424276,42.3512583],[42.2479189,42.3510757],[42.2499259,42.3549302],[42.2601897,42.3588117],[42.252846,42.3626476],[42.2438551,42.3626786],[42.2323919,42.3735135],[42.2324745,42.3781708],[42.2352397,42.3841949],[42.2347752,42.3877568],[42.2362351,42.3893198],[42.248076,42.39562],[42.2558475,42.4007447],[42.2622997,42.4132449],[42.2637172,42.4189577],[42.2635991,42.4216711],[42.2685286,42.4232702],[42.2700432,42.426763],[42.2668323,42.4316249],[42.2510011,42.4277892],[42.2290055,42.4277531],[42.2258459,42.4313805],[42.2315239,42.4386782],[42.2316286,42.443866],[42.2222773,42.4517877],[42.2112316,42.4527538],[42.2004385,42.4480461],[42.1937888,42.4476364],[42.1879175,42.4521838],[42.1781657,42.4554578],[42.1756678,42.4554297],[42.175107,42.4546233],[42.1733203,42.4557084],[42.1716497,42.4549492],[42.1714381,42.4539597],[42.1696634,42.4536284],[42.1688533,42.4522147],[42.1681452,42.4526896],[42.1635532,42.4520088],[42.1642398,42.4508847],[42.1607852,42.4492698],[42.1585965,42.4504097],[42.1578347,42.4521395],[42.1587789,42.4530934],[42.1559679,42.4544074],[42.1539831,42.4535129],[42.1535754,42.4497448],[42.1521592,42.448589],[42.1496916,42.4507106],[42.1445632,42.4523255],[42.1441126,42.4513755],[42.1422028,42.4513122],[42.1419024,42.4520722],[42.1391773,42.4512647],[42.1355724,42.4521197],[42.1320962,42.4518347],[42.1324825,42.4484148],[42.1359157,42.4456281],[42.1348857,42.4436013],[42.1388769,42.4417645],[42.1372461,42.4383123],[42.1379971,42.4317243],[42.1365806,42.4285893],[42.1335466,42.4271432],[42.1344858,42.4248536],[42.1332832,42.4235682],[42.1352345,42.422018],[42.1318693,42.4219669],[42.1301404,42.4198907],[42.1309276,42.4166091],[42.1278115,42.4142604],[42.128069,42.4115832],[42.1267587,42.4086596],[42.125191,42.4075954],[42.1264154,42.4058078],[42.1230844,42.4052864],[42.1250154,42.4038092],[42.1243529,42.4029252],[42.1201085,42.4015416],[42.1171803,42.4022504],[42.1026187,42.4101929],[42.0838473,42.4155456],[42.0796081,42.4139334],[42.0687096,42.4136549],[42.0645141,42.4165561],[42.0559614,42.4185719],[42.0513978,42.4123496],[42.050051,42.4096985],[42.0488424,42.4035653],[42.0474606,42.4020207],[42.0391944,42.3981431],[42.0258199,42.3956224],[42.0231882,42.3933798],[42.0240995,42.3906495],[42.0313529,42.3902579],[42.040257,42.3880242],[42.0464943,42.384271],[42.0432601,42.3740417],[42.0401654,42.3691785],[42.0299846,42.3612327],[42.0229913,42.3603264],[42.0162758,42.3576876],[42.0115156,42.3591579],[42.0091623,42.363445],[42.0085519,42.3680674],[42.004342,42.3702765],[41.9989307,42.3689753],[41.996223,42.3664125],[41.9919502,42.3645758],[41.9808973,42.3647161],[41.9751942,42.36241],[41.9616843,42.365286],[41.9535658,42.3648548],[41.9543101,42.3619996],[41.963401,42.3558633],[41.9713539,42.3489714],[41.9715417,42.3450627],[41.9685447,42.3423744],[41.9660008,42.3383934],[41.9677916,42.3336576],[41.9707317,42.3293869],[41.9753509,42.3267549],[41.9836001,42.3258128],[41.9984845,42.3167821],[41.9995608,42.3105774],[41.9984089,42.2937331],[41.9956837,42.2894582],[41.9943374,42.2849294],[41.985468,42.2703464],[41.9821806,42.2656215],[41.9765897,42.2601109],[41.9748971,42.2547031],[41.9757794,42.2484935],[41.9722639,42.2332715],[41.9584311,42.2319449],[41.9511753,42.2287082],[41.9423272,42.2261532],[41.9317042,42.2280435],[41.9101366,42.2223908],[41.8894926,42.2218323],[41.8868728,42.2195869],[41.8887498,42.2012293],[41.8910973,42.1970894],[41.8913003,42.1889777],[41.8879885,42.1849742],[41.8805852,42.1849179],[41.8741051,42.1859009],[41.8707856,42.178128],[41.8685976,42.1651321]]]}},{"type":"Feature","properties":{"sourceName":"Martvili Municipality","sourceId":"osm-relation-2016165","code":"35","nameKa":"მარტვილი","nameEn":"Martvili","source":"OpenStreetMap"},"geometry":{"type":"Polygon","coordinates":[[[42.1781657,42.4554578],[42.1879175,42.4521838],[42.1937888,42.4476364],[42.2004385,42.4480461],[42.2112316,42.4527538],[42.2222773,42.4517877],[42.2316286,42.443866],[42.2315239,42.4386782],[42.2258459,42.4313805],[42.2290055,42.4277531],[42.2510011,42.4277892],[42.2668323,42.4316249],[42.2700432,42.426763],[42.2685286,42.4232702],[42.2635991,42.4216711],[42.2637172,42.4189577],[42.2622997,42.4132449],[42.2558475,42.4007447],[42.248076,42.39562],[42.2362351,42.3893198],[42.2347752,42.3877568],[42.2352397,42.3841949],[42.2324745,42.3781708],[42.2323919,42.3735135],[42.2438551,42.3626786],[42.252846,42.3626476],[42.2601897,42.3588117],[42.2499259,42.3549302],[42.2479189,42.3510757],[42.2418381,42.351141],[42.2358032,42.3484296],[42.2358538,42.3439922],[42.2368478,42.3420133],[42.2353591,42.3400414],[42.2356106,42.3377333],[42.2327314,42.3346009],[42.2376645,42.3283287],[42.235699,42.3279213],[42.2353434,42.3266883],[42.2403031,42.3222514],[42.2425896,42.3175688],[42.2405014,42.3160756],[42.2419971,42.3142779],[42.2409809,42.3119034],[42.2366233,42.3101429],[42.2349256,42.3056652],[42.2357718,42.3043215],[42.2343356,42.3035083],[42.2360997,42.3015719],[42.2355704,42.29942],[42.2363666,42.2960206],[42.2336203,42.2928133],[42.2334152,42.2915091],[42.2314681,42.2900945],[42.2483179,42.2909326],[42.2615319,42.2929776],[42.269216,42.2921733],[42.2776919,42.2884242],[42.2853011,42.2893455],[42.2993336,42.2956032],[42.3063487,42.302682],[42.3148626,42.3058449],[42.3261405,42.3066024],[42.3426531,42.3094558],[42.3527299,42.3100366],[42.3570779,42.3095306],[42.3585166,42.3117188],[42.3586883,42.3166535],[42.3630227,42.3197316],[42.3634755,42.3221233],[42.3626579,42.3236186],[42.3646106,42.326141],[42.3649968,42.327886],[42.368988,42.3301387],[42.3696531,42.3325339],[42.3688592,42.3359126],[42.3695029,42.3376098],[42.3714556,42.3382284],[42.3739897,42.3407938],[42.3886332,42.348306],[42.3897377,42.3526854],[42.3934334,42.3552753],[42.3924564,42.3583359],[42.3969557,42.3630118],[42.3968035,42.3639597],[42.4015436,42.3669158],[42.4014132,42.3683456],[42.4034136,42.3690845],[42.4066751,42.3736146],[42.4083494,42.3742411],[42.4091736,42.3785784],[42.4132267,42.380087],[42.4172169,42.3804816],[42.4200447,42.3830113],[42.4200132,42.3847287],[42.422841,42.3857962],[42.427762,42.3895309],[42.4285928,42.3918462],[42.4324063,42.3925214],[42.4367138,42.3964694],[42.4381591,42.3992769],[42.4423382,42.401417],[42.4463723,42.4055841],[42.4505136,42.4076518],[42.4507163,42.4116767],[42.4414642,42.4249451],[42.4412931,42.4291507],[42.4533311,42.440647],[42.4561217,42.4466054],[42.4559174,42.4516517],[42.4630658,42.4717398],[42.4681884,42.4763443],[42.4794639,42.4788386],[42.4889666,42.4877489],[42.4888628,42.4998166],[42.4908451,42.5071582],[42.4966074,42.5148631],[42.5227673,42.5249756],[42.5275304,42.529289],[42.5279125,42.538841],[42.525839,42.5432873],[42.5301912,42.5484338],[42.5467708,42.5515971],[42.5793394,42.5536936],[42.590157,42.5586936],[42.6176367,42.5643169],[42.6117227,42.570654],[42.6070619,42.5733637],[42.5979139,42.5841193],[42.5993028,42.5875168],[42.5998034,42.5942641],[42.5834484,42.6045864],[42.58066,42.6177202],[42.5762543,42.6235216],[42.5665645,42.6252647],[42.5594529,42.6248716],[42.5591705,42.6283814],[42.5633506,42.6352071],[42.5598385,42.6432913],[42.5562117,42.6454089],[42.5540087,42.6489444],[42.552086,42.6495631],[42.5504351,42.6514322],[42.5462615,42.6526154],[42.5401116,42.6562435],[42.5333547,42.6576732],[42.5313775,42.6606394],[42.5290142,42.6624951],[42.5324818,42.6682333],[42.5351566,42.6697032],[42.540524,42.6761233],[42.5401635,42.6812176],[42.5418859,42.6836322],[42.5400388,42.6862901],[42.5339205,42.6883514],[42.5331841,42.6913909],[42.549385,42.6992597],[42.5525006,42.6991348],[42.5606845,42.7016447],[42.5641421,42.7047763],[42.5605292,42.7152266],[42.5613321,42.7179232],[42.5600941,42.7203962],[42.5549665,42.7227683],[42.5504158,42.7277859],[42.5467967,42.7296933],[42.5451696,42.7343351],[42.5466568,42.73882],[42.5339732,42.7398434],[42.530202,42.7438043],[42.5263092,42.7465142],[42.5231057,42.7507427],[42.5117921,42.7567275],[42.5118732,42.7581864],[42.5083859,42.7612232],[42.504858,42.7628011],[42.4999919,42.7626523],[42.4935508,42.7651465],[42.4930091,42.7666339],[42.4870022,42.7673347],[42.4788005,42.7725306],[42.4730446,42.7774811],[42.4644397,42.7773957],[42.4611838,42.7785053],[42.457114,42.7762008],[42.4530441,42.7758167],[42.4462727,42.7804256],[42.4381983,42.7798783],[42.437268,42.7812865],[42.4313377,42.783292],[42.4290702,42.7866203],[42.4256399,42.7873457],[42.4206224,42.7902499],[42.4201165,42.7850415],[42.4209886,42.7808597],[42.4176746,42.7796222],[42.4158141,42.7762082],[42.410814,42.7716417],[42.4100581,42.7697638],[42.411733,42.7648229],[42.4091915,42.7590352],[42.4116469,42.7567579],[42.4158685,42.7550183],[42.417088,42.7519966],[42.4212234,42.7502568],[42.4225157,42.7484537],[42.4236788,42.7457648],[42.4205431,42.7418462],[42.4181656,42.7402757],[42.4200692,42.7359614],[42.4245118,42.7334043],[42.4237275,42.7297394],[42.4216052,42.7265903],[42.4118266,42.7220966],[42.4079065,42.7136463],[42.4047619,42.7121586],[42.4046326,42.7095631],[42.4064949,42.7067777],[42.400971,42.7017442],[42.4000233,42.6999713],[42.3900724,42.6967421],[42.38542,42.6940826],[42.3814569,42.693956],[42.3750814,42.6902514],[42.3705582,42.6856601],[42.3728844,42.679865],[42.3805953,42.6772681],[42.3824476,42.6757796],[42.3829608,42.6717416],[42.3769337,42.6675447],[42.3720659,42.666341],[42.3650874,42.6665944],[42.3625458,42.6625082],[42.3635366,42.6583266],[42.362115,42.6545249],[42.3541887,42.6508181],[42.3513025,42.6479348],[42.3477701,42.6469526],[42.3416531,42.6357032],[42.3244096,42.6295916],[42.3171768,42.6243952],[42.3070103,42.6196082],[42.3035827,42.6164154],[42.2874438,42.6074163],[42.2702863,42.5995875],[42.2633642,42.5948739],[42.2540621,42.5927361],[42.2481129,42.5880449],[42.2503281,42.5818741],[42.2558099,42.5750634],[42.2571161,42.5674343],[42.2618358,42.5555107],[42.2616368,42.5511022],[42.2537916,42.5455588],[42.2427507,42.5408201],[42.2315716,42.5323859],[42.226782,42.527209],[42.2282278,42.5216401],[42.2173361,42.5132167],[42.2193166,42.511729],[42.2217273,42.5121408],[42.2248792,42.5076666],[42.2319347,42.5075018],[42.2370222,42.5091017],[42.2380308,42.5081359],[42.2376007,42.5050954],[42.2296639,42.5033595],[42.2247467,42.5012781],[42.2216538,42.4979326],[42.2150778,42.4934123],[42.2112288,42.4872137],[42.2030252,42.4796005],[42.191568,42.472343],[42.1848687,42.4641113],[42.1784558,42.4593748],[42.1781657,42.4554578]]]}},{"type":"Feature","properties":{"sourceName":"Tsageri Municipality","sourceId":"osm-relation-1997286","code":"72","nameKa":"ცაგერი","nameEn":"Tsageri","source":"OpenStreetMap"},"geometry":{"type":"Polygon","coordinates":[[[42.5290142,42.6624951],[42.5313775,42.6606394],[42.5333547,42.6576732],[42.5401116,42.6562435],[42.5462615,42.6526154],[42.5504351,42.6514322],[42.552086,42.6495631],[42.5540087,42.6489444],[42.5562117,42.6454089],[42.5598385,42.6432913],[42.5633506,42.6352071],[42.5591705,42.6283814],[42.5594529,42.6248716],[42.5665645,42.6252647],[42.5762543,42.6235216],[42.58066,42.6177202],[42.5834484,42.6045864],[42.5998034,42.5942641],[42.5993028,42.5875168],[42.5979139,42.5841193],[42.6070619,42.5733637],[42.6117227,42.570654],[42.6176367,42.5643169],[42.625455,42.5659041],[42.6346773,42.5612313],[42.635127,42.5565811],[42.6303279,42.5530374],[42.6233521,42.534657],[42.6202039,42.5165584],[42.6208541,42.5066434],[42.6230228,42.5000019],[42.6280856,42.4964597],[42.6398751,42.4669177],[42.6834363,42.4730751],[42.6877676,42.4743784],[42.693089,42.4785381],[42.7006365,42.4817292],[42.7047465,42.489106],[42.7084509,42.4926248],[42.7245286,42.502266],[42.7452858,42.5113892],[42.7538061,42.5105435],[42.7704571,42.4966851],[42.7753169,42.4909035],[42.7944941,42.4827641],[42.8045948,42.483566],[42.8233097,42.4885835],[42.8288803,42.5016572],[42.8321431,42.5023269],[42.8415938,42.4982502],[42.8448636,42.498717],[42.8449494,42.5041883],[42.8437364,42.5076113],[42.8389582,42.5111684],[42.8375491,42.5202599],[42.8385044,42.5243304],[42.8521814,42.5328953],[42.8609005,42.5407176],[42.8673664,42.5424068],[42.8965865,42.5440517],[42.8986227,42.5532085],[42.9014929,42.5575162],[42.9065279,42.562674],[42.9085771,42.566966],[42.9062705,42.570369],[42.8946277,42.574208],[42.891532,42.5765825],[42.8894987,42.5799884],[42.8918343,42.5838825],[42.9145824,42.5924038],[42.9204502,42.5973735],[42.9224814,42.6022733],[42.9229017,42.6061307],[42.9219312,42.6105708],[42.916293,42.6151287],[42.9131218,42.619731],[42.9135483,42.6233862],[42.9218733,42.6288057],[42.9305479,42.6320021],[42.9388689,42.637623],[42.9459465,42.6393711],[42.9591147,42.647914],[42.9671331,42.6545405],[42.9713712,42.659276],[42.9747538,42.6650092],[42.977019,42.673877],[42.9900354,42.6764226],[43.0082202,42.6745115],[43.030182,42.6746888],[43.0594293,42.6792676],[43.0595425,42.68216],[43.0615529,42.6833666],[43.06526,42.6899554],[43.06443,42.6920159],[43.0696494,42.6985767],[43.0694281,42.7011655],[43.0854432,42.7082481],[43.0973215,42.7151326],[43.1026268,42.7199347],[43.1021547,42.7216688],[43.1027233,42.7243565],[43.1010416,42.726983],[43.0940223,42.729109],[43.0895805,42.7331755],[43.0834865,42.7349013],[43.0802357,42.7367374],[43.0772209,42.7359021],[43.0728006,42.738991],[43.0658376,42.7404803],[43.0610418,42.74364],[43.0584776,42.7435297],[43.0547011,42.7455546],[43.0442512,42.7464607],[43.0385327,42.7454994],[43.0371594,42.7440654],[43.0316663,42.7438606],[43.0172038,42.7488558],[43.0134272,42.7510775],[43.0114317,42.7537403],[43.0051446,42.7549378],[42.9966259,42.7579155],[42.9888046,42.7585142],[42.9797816,42.7576949],[42.9738271,42.7584512],[42.9597187,42.7648788],[42.9514789,42.7664856],[42.950921,42.7695415],[42.9456424,42.7702346],[42.9429388,42.7693525],[42.9386687,42.7696045],[42.934763,42.767148],[42.9326391,42.7686751],[42.9286694,42.7681553],[42.925086,42.766454],[42.9187345,42.7674622],[42.9085207,42.7647212],[42.897069,42.763801],[42.8864476,42.7430425],[42.8809,42.734769],[42.8720353,42.7304158],[42.8677448,42.7272967],[42.8454341,42.7208005],[42.8414202,42.7176856],[42.840426,42.71603],[42.8437777,42.7091083],[42.8407122,42.7009736],[42.8354476,42.6981529],[42.8263641,42.7011562],[42.8124931,42.6996132],[42.7889761,42.6914202],[42.7853292,42.6858598],[42.7718652,42.6785086],[42.7674964,42.677119],[42.7675392,42.67472],[42.7703508,42.6715196],[42.7699302,42.6700597],[42.766505,42.665129],[42.760566,42.6632253],[42.7516866,42.6621941],[42.745378,42.6633933],[42.7288911,42.6617846],[42.7263987,42.6637008],[42.7219236,42.661493],[42.7135399,42.6629093],[42.7124636,42.6674079],[42.7068556,42.6719062],[42.6919575,42.6749465],[42.6839704,42.6752381],[42.6821577,42.6815265],[42.6771427,42.684865],[42.6760483,42.68727],[42.6697521,42.6915616],[42.6700353,42.6945177],[42.668959,42.6967242],[42.6659001,42.6987642],[42.665301,42.7015744],[42.6489009,42.706873],[42.6454507,42.7057579],[42.6337248,42.7074229],[42.6294763,42.7047172],[42.621829,42.707298],[42.6119113,42.7083743],[42.6081772,42.7036349],[42.6085171,42.7008457],[42.605968,42.6986393],[42.6025125,42.6900627],[42.597301,42.690021],[42.5872179,42.6960165],[42.5814966,42.7007208],[42.5763285,42.7007095],[42.5749504,42.7030802],[42.5721963,42.704367],[42.5692043,42.703843],[42.5641421,42.7047763],[42.5606845,42.7016447],[42.5525006,42.6991348],[42.549385,42.6992597],[42.5343737,42.6923902],[42.5331841,42.6913909],[42.5339205,42.6883514],[42.5400388,42.6862901],[42.5418859,42.6836322],[42.5401635,42.6812176],[42.540524,42.6761233],[42.5351566,42.6697032],[42.5324818,42.6682333],[42.5290142,42.6624951]]]}},{"type":"Feature","properties":{"sourceName":"Khoni Municipality","sourceId":"osm-relation-2024536","code":"31","nameKa":"ხონი","nameEn":"Khoni","source":"OpenStreetMap"},"geometry":{"type":"Polygon","coordinates":[[[42.3287867,42.2769133],[42.3365818,42.2755907],[42.3421723,42.2722137],[42.3427617,42.2668322],[42.345199,42.2606843],[42.3503459,42.2591849],[42.3678609,42.2571607],[42.3687546,42.2531348],[42.3718247,42.2491589],[42.3770483,42.2457717],[42.3808317,42.2420816],[42.3907469,42.2393404],[42.3969237,42.2392111],[42.4097489,42.2451666],[42.4382084,42.2506618],[42.4446076,42.2540418],[42.4569533,42.2540466],[42.4617669,42.2517254],[42.4718635,42.2443953],[42.4770386,42.2420815],[42.4804534,42.23838],[42.496034,42.2309625],[42.495556,42.2334386],[42.4964985,42.2347179],[42.4989737,42.2354077],[42.5004479,42.2348621],[42.5018556,42.2359042],[42.5026056,42.2371537],[42.5022235,42.238851],[42.5006489,42.2396281],[42.500512,42.2416543],[42.5048276,42.2421785],[42.506199,42.2430487],[42.5079156,42.2534801],[42.5039674,42.2635537],[42.5033342,42.2667521],[42.5044897,42.2692212],[42.5039306,42.2706004],[42.5015641,42.2724703],[42.5017114,42.2751583],[42.5092301,42.2764169],[42.5093533,42.2773285],[42.5064417,42.2795185],[42.5078634,42.2801828],[42.51028,42.2783727],[42.511149,42.2794749],[42.5109646,42.2814525],[42.5074599,42.28404],[42.5099597,42.2838537],[42.512103,42.2847324],[42.5114878,42.2858247],[42.5079552,42.2865439],[42.5093188,42.2878223],[42.5097754,42.2901475],[42.5070044,42.2934058],[42.505456,42.2967608],[42.4997621,42.2961734],[42.4987493,42.2972939],[42.5008162,42.298712],[42.5007574,42.301507],[42.5022228,42.3038021],[42.5018268,42.3062404],[42.5052206,42.3069524],[42.506161,42.3118005],[42.5062862,42.3129112],[42.502873,42.3120935],[42.5012724,42.3129262],[42.5018732,42.3156715],[42.5035595,42.3181281],[42.5022719,42.3195185],[42.5043025,42.3228282],[42.506107,42.3236541],[42.5066797,42.3256183],[42.5103507,42.3254527],[42.5171138,42.3296637],[42.5178718,42.3319768],[42.5139376,42.3327057],[42.5139972,42.3353614],[42.5158426,42.3371062],[42.5173876,42.3379627],[42.5194046,42.3366938],[42.5250265,42.3371379],[42.5275748,42.3426783],[42.5345359,42.3433442],[42.5328581,42.345652],[42.5356702,42.3543382],[42.5385978,42.3557252],[42.5412632,42.3591822],[42.5453372,42.3622545],[42.5452635,42.3663722],[42.5486753,42.3705914],[42.5426733,42.3798912],[42.540255,42.3791821],[42.539833,42.3767851],[42.5304345,42.375357],[42.5305823,42.3787289],[42.5287822,42.3802444],[42.5347456,42.3880611],[42.5352123,42.3941354],[42.534085,42.4023095],[42.548142,42.4100561],[42.5565766,42.4076782],[42.5612744,42.4052202],[42.5672606,42.4066265],[42.584203,42.4148725],[42.6039079,42.4186971],[42.6100301,42.4241544],[42.612464,42.4282554],[42.6124684,42.4357166],[42.6188159,42.4428835],[42.6186949,42.4460786],[42.6285342,42.4599259],[42.6335518,42.4642932],[42.6398751,42.4669177],[42.6280856,42.4964597],[42.6230228,42.5000019],[42.6208541,42.5066434],[42.6202039,42.5165584],[42.6233521,42.534657],[42.6303279,42.5530374],[42.635127,42.5565811],[42.6346773,42.5612313],[42.625455,42.5659041],[42.590157,42.5586936],[42.5793394,42.5536936],[42.5467708,42.5515971],[42.5301912,42.5484338],[42.525839,42.5432873],[42.5279125,42.538841],[42.5275304,42.529289],[42.5227673,42.5249756],[42.4966074,42.5148631],[42.4908451,42.5071582],[42.4888628,42.4998166],[42.4889666,42.4877489],[42.4794639,42.4788386],[42.4681884,42.4763443],[42.4630658,42.4717398],[42.4559174,42.4516517],[42.4561217,42.4466054],[42.4533311,42.440647],[42.4412931,42.4291507],[42.4414642,42.4249451],[42.4507163,42.4116767],[42.4505136,42.4076518],[42.4463723,42.4055841],[42.4423382,42.401417],[42.4381591,42.3992769],[42.4367138,42.3964694],[42.4324063,42.3925214],[42.4285928,42.3918462],[42.427762,42.3895309],[42.422841,42.3857962],[42.4200132,42.3847287],[42.4200447,42.3830113],[42.4172169,42.3804816],[42.4132267,42.380087],[42.4091736,42.3785784],[42.4083494,42.3742411],[42.4066751,42.3736146],[42.4034136,42.3690845],[42.4014132,42.3683456],[42.4015436,42.3669158],[42.3968035,42.3639597],[42.3969557,42.3630118],[42.3924564,42.3583359],[42.3934334,42.3552753],[42.3897377,42.3526854],[42.3886332,42.348306],[42.3739897,42.3407938],[42.3714556,42.3382284],[42.3695029,42.3376098],[42.3688592,42.3359126],[42.3696531,42.3325339],[42.368988,42.3301387],[42.3652994,42.3283739],[42.3626579,42.3236186],[42.3634755,42.3221233],[42.3628725,42.319446],[42.3586883,42.3166535],[42.3585166,42.3117188],[42.3571437,42.3103186],[42.3572077,42.3075145],[42.3494411,42.3030076],[42.3489905,42.2997065],[42.3467803,42.2975639],[42.3474241,42.2943578],[42.3449994,42.2907706],[42.3407078,42.2893897],[42.3385191,42.2853577],[42.3330045,42.2819287],[42.331438,42.2781181],[42.3287867,42.2769133]]]}},{"type":"Feature","properties":{"sourceName":"Abasha Municipality","sourceId":"osm-relation-2016164","code":"34","nameKa":"აბაშა","nameEn":"Abasha","source":"OpenStreetMap"},"geometry":{"type":"Polygon","coordinates":[[[42.0283692,42.1630434],[42.0373761,42.1610659],[42.0485631,42.1646889],[42.05706,42.1654109],[42.0597648,42.1618032],[42.0594489,42.1581337],[42.0634691,42.1578381],[42.0633962,42.1562254],[42.0650292,42.1560955],[42.0650092,42.1542802],[42.06638,42.1541763],[42.0645473,42.1516412],[42.0676419,42.1516957],[42.0666705,42.1501699],[42.0691656,42.1501795],[42.0665155,42.1465772],[42.0686929,42.1464927],[42.067828,42.1449735],[42.0760906,42.1443604],[42.0724014,42.1392231],[42.0751821,42.1391259],[42.0861654,42.1419394],[42.092166,42.1416375],[42.096831,42.1445905],[42.11558,42.1463573],[42.11915,42.1442912],[42.1215819,42.1417654],[42.130785,42.1368221],[42.1362258,42.1317842],[42.1366509,42.1287767],[42.1356686,42.1248717],[42.1325278,42.1174634],[42.1331646,42.1161858],[42.136115,42.1149661],[42.1419382,42.114249],[42.1456787,42.1147734],[42.1532564,42.1136683],[42.1621549,42.115398],[42.1664979,42.1179563],[42.1749098,42.1181348],[42.1741432,42.1155446],[42.1863607,42.1153149],[42.1847613,42.1177348],[42.1853328,42.1179123],[42.1873058,42.1162228],[42.1929159,42.1142432],[42.1957454,42.1149985],[42.1927262,42.1161912],[42.193999,42.117706],[42.2054359,42.116333],[42.2073367,42.116928],[42.2080666,42.114672],[42.2098474,42.1149004],[42.2168946,42.1237632],[42.2393883,42.116537],[42.2437015,42.1149055],[42.2485287,42.1118432],[42.2583103,42.1095894],[42.2631155,42.1067589],[42.2764257,42.104831],[42.2872865,42.1050635],[42.2916027,42.1084296],[42.2937796,42.1145724],[42.2968427,42.1178036],[42.299425,42.1242152],[42.2985719,42.125987],[42.2936707,42.1282285],[42.2928553,42.1333939],[42.2951386,42.1356623],[42.2952168,42.1369798],[42.2919498,42.1385566],[42.2904456,42.1409504],[42.2944024,42.1469604],[42.3011058,42.1464577],[42.3024072,42.1477161],[42.2982648,42.1511047],[42.2969938,42.1536899],[42.3006318,42.1580626],[42.3014328,42.1606214],[42.301003,42.1619603],[42.2952979,42.1646458],[42.294931,42.1722216],[42.293937,42.1751121],[42.2927928,42.1770281],[42.2901023,42.1781005],[42.2890756,42.1800364],[42.2894661,42.1856031],[42.2875134,42.1888148],[42.2894661,42.1913585],[42.2894875,42.1944109],[42.2909896,42.1960165],[42.2905744,42.1996592],[42.2941793,42.2083696],[42.2914831,42.2115777],[42.2901527,42.2170764],[42.2884501,42.2190811],[42.2883717,42.2228758],[42.2855533,42.229203],[42.2856177,42.2320946],[42.2843592,42.2335531],[42.2877924,42.2371754],[42.2892011,42.2408165],[42.2922266,42.2412771],[42.2950451,42.2436409],[42.298371,42.2449911],[42.3048008,42.2453596],[42.3066247,42.2462332],[42.3072133,42.2477244],[42.3065052,42.2497257],[42.3068485,42.2518382],[42.3081575,42.2531405],[42.3120842,42.2541253],[42.3127923,42.2567617],[42.3158822,42.2594297],[42.314981,42.2612878],[42.3171053,42.2640192],[42.3171482,42.2656389],[42.3254298,42.267592],[42.325344,42.2725461],[42.3287987,42.2742449],[42.3287867,42.2769133],[42.331438,42.2781181],[42.3330045,42.2819287],[42.3385191,42.2853577],[42.3407078,42.2893897],[42.3449994,42.2907706],[42.3474241,42.2943578],[42.3467803,42.2975639],[42.3489905,42.2997065],[42.349248,42.3027537],[42.3567142,42.3070861],[42.3574244,42.3081604],[42.3570779,42.3095306],[42.3527299,42.3100366],[42.3426531,42.3094558],[42.3261405,42.3066024],[42.3148626,42.3058449],[42.3063487,42.302682],[42.2993336,42.2956032],[42.2853011,42.2893455],[42.2776919,42.2884242],[42.269216,42.2921733],[42.2615319,42.2929776],[42.2483179,42.2909326],[42.2314681,42.2900945],[42.2299477,42.2841147],[42.226227,42.2835799],[42.2239415,42.28121],[42.2238271,42.2795031],[42.2207537,42.2784886],[42.2170232,42.2755583],[42.2106723,42.2752564],[42.2097008,42.2739237],[42.2099293,42.2716269],[42.2082071,42.2687363],[42.2089256,42.267128],[42.2067944,42.2649715],[42.2029496,42.263293],[42.2023276,42.26043],[42.1937776,42.2609674],[42.185136,42.26841],[42.1732264,42.2745367],[42.1675806,42.2743973],[42.1620676,42.2712978],[42.1573857,42.264515],[42.155704,42.2575596],[42.151278,42.2525112],[42.1464428,42.249181],[42.1405788,42.2465657],[42.1388102,42.2415831],[42.1357733,42.2395585],[42.1327494,42.2359995],[42.1268536,42.2341234],[42.1207834,42.2287857],[42.1137058,42.2272637],[42.1118304,42.225622],[42.1065045,42.2269372],[42.1065971,42.2249102],[42.1020413,42.2221859],[42.0972312,42.2207597],[42.0946371,42.2177949],[42.0947699,42.2149011],[42.0935461,42.2118242],[42.0907245,42.2095783],[42.0848818,42.2071759],[42.0838648,42.2002813],[42.0787291,42.1995294],[42.0747744,42.2022013],[42.0735233,42.2022899],[42.0729146,42.2011057],[42.0742569,42.1960257],[42.070472,42.1917626],[42.0691234,42.1919325],[42.0670779,42.1943684],[42.0644289,42.1954357],[42.0613483,42.1922347],[42.055553,42.1927557],[42.0529199,42.189299],[42.0498623,42.1876572],[42.0451411,42.187296],[42.0402558,42.1890457],[42.0325569,42.1862839],[42.0300467,42.182693],[42.0366595,42.1732597],[42.0366272,42.16978],[42.0283692,42.1630434]]]}},{"type":"Feature","properties":{"sourceName":"Lanchkhuti Municipality","sourceId":"osm-relation-1995783","code":"55","nameKa":"ლანჩხუთი","nameEn":"Lanchkhuti","source":"OpenStreetMap"},"geometry":{"type":"Polygon","coordinates":[[[41.7062564,42.0941269],[41.7070984,42.0923792],[41.7093673,42.0911449],[41.7109358,42.088207],[41.7179026,42.0719379],[41.7171593,42.0714868],[41.7183646,42.0703095],[41.7158642,42.0685758],[41.7389515,42.0331765],[41.7499026,42.0215695],[41.7529694,42.0196917],[41.7530762,42.0151461],[41.7551334,42.0114119],[41.7591129,42.0125218],[41.7603564,42.0148854],[41.7585788,42.0225262],[41.7599945,42.0239261],[41.7635297,42.0230736],[41.767226,42.0209422],[41.7664069,42.0201877],[41.7695157,42.0160485],[41.7706683,42.0124891],[41.7704203,42.0053995],[41.7719317,42.0033648],[41.7778767,42.0007791],[41.7790119,42.0007248],[41.7787394,42.0020137],[41.7802046,42.0020619],[41.7806118,42.0031957],[41.7823328,42.0023454],[41.7844623,42.0034349],[41.7857098,42.0028518],[41.7894117,42.0039681],[41.7902394,42.0035098],[41.7898986,42.0012787],[41.7910033,42.0010866],[41.79233,42.0038914],[41.7935565,42.0044687],[41.8004599,42.0040261],[41.809689,42.0050247],[41.8184767,42.008235],[41.829374,42.0090312],[41.83641,42.0074953],[41.8435068,42.0047247],[41.8489484,42.0019082],[41.8511045,41.998507],[41.8564601,41.997418],[41.8593776,41.9987338],[41.8649704,42.0063022],[41.8679006,42.0073709],[41.8738253,42.0077294],[41.8800615,42.007542],[41.8821668,42.0036695],[41.8828543,41.9994011],[41.8861502,42.0005624],[41.8958382,41.9983243],[41.9043438,42.0006977],[41.9220938,42.0001037],[41.9266276,42.0059937],[41.931202,42.0073522],[41.9351976,42.0069646],[41.9434133,42.0084198],[41.9459786,42.0102184],[41.9484495,42.0139919],[41.9695328,42.0236966],[41.9743234,42.027532],[41.9745255,42.0302552],[41.9727178,42.0334211],[41.9748949,42.0364443],[41.9807972,42.0378357],[41.9923531,42.0388809],[41.9988082,42.0355895],[42.0010622,42.0299632],[41.9977571,42.0227087],[41.9979663,42.0182649],[42.0017297,42.0087233],[42.0151207,42.0058593],[42.0198587,42.0037579],[42.023068,41.9988976],[42.0173874,41.9928176],[42.0155865,41.9888159],[42.0151557,41.9838601],[42.0160826,41.9782],[42.0200991,41.9773157],[42.0352387,41.9794383],[42.0378514,41.9802473],[42.0400531,41.982776],[42.0467535,41.9936822],[42.0492039,42.0024912],[42.0518067,42.0069823],[42.0520344,42.0102757],[42.0502736,42.0140195],[42.0509903,42.0172199],[42.0545478,42.0222663],[42.0603599,42.0268653],[42.0635318,42.0283451],[42.0720734,42.0256756],[42.0753212,42.0227409],[42.0768705,42.0168411],[42.0799806,42.0133182],[42.0844765,42.0108855],[42.0895745,42.0010989],[42.095645,41.9987809],[42.0981919,42.00107],[42.0988695,42.0068882],[42.1131528,42.0193954],[42.1270632,42.0190302],[42.1322953,42.0198757],[42.1274629,42.0241094],[42.1267435,42.0265202],[42.132333,42.0380453],[42.1338897,42.0487104],[42.1396712,42.0650976],[42.1485469,42.0667474],[42.1521153,42.0659384],[42.1531106,42.067332],[42.1554584,42.0670013],[42.160161,42.0694495],[42.1670748,42.0682658],[42.1704215,42.0703999],[42.1703678,42.0712089],[42.1723739,42.0731072],[42.1733108,42.0776099],[42.1781018,42.0815705],[42.1858135,42.0830281],[42.1919679,42.0815467],[42.1987269,42.0832684],[42.2031233,42.0829456],[42.2096805,42.0841765],[42.2132202,42.0837538],[42.2136033,42.08955],[42.2171509,42.0916144],[42.2170301,42.0948579],[42.2233852,42.0963701],[42.226553,42.1013937],[42.2268786,42.1103646],[42.2259638,42.1145779],[42.2244949,42.1147924],[42.2244636,42.1154151],[42.2202479,42.1152201],[42.2221796,42.1185395],[42.2221632,42.1217952],[42.2168946,42.1237632],[42.2098474,42.1149004],[42.2080666,42.114672],[42.2073367,42.116928],[42.2054359,42.116333],[42.193999,42.117706],[42.1927262,42.1161912],[42.1957454,42.1149985],[42.1929159,42.1142432],[42.1873058,42.1162228],[42.1853328,42.1179123],[42.1847613,42.1177348],[42.1863607,42.1153149],[42.1741432,42.1155446],[42.1749098,42.1181348],[42.1664979,42.1179563],[42.1621549,42.115398],[42.1532564,42.1136683],[42.1456787,42.1147734],[42.1419382,42.114249],[42.136115,42.1149661],[42.1331646,42.1161858],[42.1325278,42.1174634],[42.1356686,42.1248717],[42.1366509,42.1287767],[42.1362258,42.1317842],[42.1337851,42.1345258],[42.1263088,42.1397281],[42.1215819,42.1417654],[42.11915,42.1442912],[42.11558,42.1463573],[42.1123872,42.1464925],[42.1026179,42.1447369],[42.096831,42.1445905],[42.092166,42.1416375],[42.0861654,42.1419394],[42.0751821,42.1391259],[42.0724014,42.1392231],[42.0760906,42.1443604],[42.067828,42.1449735],[42.0686929,42.1464927],[42.0665155,42.1465772],[42.0691656,42.1501795],[42.0666705,42.1501699],[42.0676419,42.1516957],[42.0645473,42.1516412],[42.06638,42.1541763],[42.0650092,42.1542802],[42.0650292,42.1560955],[42.0633962,42.1562254],[42.0634691,42.1578381],[42.0594489,42.1581337],[42.0597648,42.1618032],[42.05706,42.1654109],[42.0485631,42.1646889],[42.0373761,42.1610659],[42.0283692,42.1630434],[42.0159492,42.161996],[42.0029148,42.1657146],[41.9949363,42.1655057],[41.9899248,42.1643595],[41.9869007,42.1623957],[41.9689702,42.1584441],[41.9646044,42.1594897],[41.9610185,42.161766],[41.9545383,42.1639653],[41.9455766,42.1695475],[41.9360362,42.1690772],[41.9320469,42.1676771],[41.9225026,42.1553489],[41.9173955,42.1523763],[41.9109728,42.152617],[41.9086274,42.1506423],[41.9036242,42.149124],[41.8967468,42.1504049],[41.8932579,42.1483211],[41.8914798,42.148253],[41.8900715,42.1465898],[41.8867417,42.1460655],[41.8848365,42.1446143],[41.8792492,42.1447445],[41.8731154,42.1435474],[41.8700484,42.1450399],[41.867747,42.1450512],[41.8652913,42.1462118],[41.862009,42.1459471],[41.8593875,42.1469746],[41.8573828,42.1463634],[41.8547537,42.1440905],[41.8487544,42.1441891],[41.8427062,42.1417662],[41.8386323,42.1423821],[41.8308737,42.1389061],[41.8246672,42.1390491],[41.8204245,42.1410962],[41.8198303,42.1409242],[41.8199424,42.1394403],[41.8155579,42.1377262],[41.8140129,42.1408981],[41.8117547,42.1413073],[41.8105639,42.1428268],[41.8046911,42.1416615],[41.7977329,42.1455453],[41.7952546,42.1450156],[41.7939258,42.1457983],[41.7863208,42.1447361],[41.7855012,42.1448474],[41.7851061,42.146228],[41.7815668,42.1463429],[41.7771327,42.1433359],[41.7751016,42.1387961],[41.7672878,42.1370881],[41.7536257,42.1368542],[41.7145308,42.1004782],[41.7106664,42.1000582],[41.7111241,42.0980216],[41.7062564,42.0941269]]]}},{"type":"Feature","properties":{"sourceName":"Samtredia Municipality","sourceId":"osm-relation-2024537","code":"28","nameKa":"სამტრედია","nameEn":"Samtredia","source":"OpenStreetMap"},"geometry":{"type":"Polygon","coordinates":[[[42.2137076,42.0794762],[42.2127635,42.0753353],[42.2144372,42.0743478],[42.2154457,42.0749371],[42.2162611,42.0773421],[42.2199089,42.0784888],[42.2207028,42.0774854],[42.2190077,42.072532],[42.2202809,42.0672695],[42.22443,42.0625459],[42.2335825,42.0596826],[42.2565811,42.0568744],[42.264478,42.0574806],[42.2741809,42.0548087],[42.2794395,42.0559999],[42.2832453,42.0555808],[42.2850756,42.0566207],[42.2880181,42.056185],[42.2873441,42.0547008],[42.2902417,42.0537924],[42.2917045,42.0511045],[42.2937223,42.0504056],[42.2936152,42.0493413],[42.2967898,42.04389],[42.2991882,42.0419151],[42.2995482,42.0379342],[42.3010213,42.0397595],[42.3029434,42.0386247],[42.306029,42.0403665],[42.3045425,42.0413968],[42.3051465,42.0422703],[42.3077135,42.0416696],[42.3098028,42.0426192],[42.3137332,42.0421124],[42.3157989,42.043961],[42.3181078,42.0433006],[42.3194865,42.0403602],[42.3207712,42.0407158],[42.3214341,42.0421625],[42.3235101,42.0428467],[42.3247565,42.0424096],[42.3249718,42.040366],[42.3274878,42.0400947],[42.3276434,42.0424378],[42.3370049,42.0466919],[42.3380539,42.0492204],[42.33746,42.0495486],[42.3375293,42.0525156],[42.3355326,42.0556996],[42.3357692,42.0566095],[42.3384538,42.0570897],[42.340309,42.0585609],[42.3405825,42.0612852],[42.3481176,42.0602719],[42.3556163,42.0616536],[42.3608365,42.0604677],[42.3662637,42.0607724],[42.3667788,42.0590546],[42.3657165,42.0584302],[42.3682616,42.0573457],[42.3691248,42.0560804],[42.3712715,42.0556696],[42.3712051,42.0545686],[42.3730642,42.0546343],[42.3734183,42.0537305],[42.3759855,42.0562283],[42.3756595,42.0572546],[42.3784864,42.0583973],[42.3825663,42.0588333],[42.3865755,42.0581948],[42.3867636,42.056902],[42.3891206,42.0567952],[42.3920862,42.0547001],[42.3933553,42.0546124],[42.3938457,42.0531061],[42.3964122,42.0522693],[42.3961584,42.0511834],[42.3971654,42.0490059],[42.3986925,42.048521],[42.3991712,42.0460176],[42.402597,42.0453193],[42.4055533,42.043607],[42.4060402,42.0400294],[42.4101788,42.034616],[42.408565,42.0291989],[42.4104673,42.0260309],[42.4092492,42.0199517],[42.4146898,42.0109447],[42.4157951,42.0058336],[42.4190391,41.999654],[42.4221899,42.001581],[42.4261213,42.0027483],[42.4270532,42.006546],[42.4270368,42.0248898],[42.4285399,42.032477],[42.4283659,42.0367894],[42.4237551,42.0434301],[42.4221562,42.0471718],[42.4222231,42.0544564],[42.4191227,42.0595119],[42.4173034,42.0597407],[42.4117141,42.0636612],[42.4099143,42.0715948],[42.4126294,42.0753465],[42.4243477,42.0821178],[42.421662,42.0937104],[42.415409,42.0935697],[42.4129125,42.0984533],[42.4132465,42.1007986],[42.4081499,42.1023176],[42.4067945,42.1059196],[42.4091991,42.1065461],[42.4088779,42.1081253],[42.4053925,42.1080051],[42.4042606,42.1111381],[42.4044313,42.1144555],[42.4018872,42.1187122],[42.4004615,42.1269867],[42.3973153,42.1306184],[42.3954397,42.1369302],[42.39654,42.1375237],[42.4115958,42.1324521],[42.4162848,42.1334679],[42.4182273,42.131929],[42.4198965,42.1318115],[42.4233117,42.1326884],[42.4243267,42.1352353],[42.4254552,42.1358294],[42.431407,42.1362507],[42.4383461,42.1385484],[42.4409058,42.1382434],[42.4456046,42.1367894],[42.4523631,42.1361735],[42.4545836,42.1340198],[42.4561286,42.1309805],[42.4601412,42.1288799],[42.4631976,42.1291711],[42.4684667,42.1275431],[42.4793243,42.1279569],[42.4807834,42.1267792],[42.4848604,42.1273203],[42.4871349,42.1253151],[42.4859762,42.1237872],[42.4864482,42.1211453],[42.4907613,42.1186942],[42.4937653,42.1194423],[42.4953961,42.1185669],[42.4953961,42.1178029],[42.5001168,42.117771],[42.5052237,42.1161953],[42.5290598,42.1130198],[42.5283475,42.1180291],[42.5237427,42.1282752],[42.523784,42.1344015],[42.5291694,42.1419715],[42.5369759,42.1422683],[42.5368336,42.1565114],[42.5414657,42.1580591],[42.5345435,42.1604187],[42.5251444,42.15954],[42.5157069,42.1533357],[42.5105851,42.1518833],[42.5002221,42.1539429],[42.5006175,42.1563833],[42.4962951,42.1569144],[42.505157,42.169706],[42.5057528,42.1719746],[42.5075469,42.1738481],[42.5071154,42.1745474],[42.4935875,42.1734589],[42.48994,42.1709153],[42.4760433,42.1655225],[42.4740823,42.1644584],[42.4736552,42.1629128],[42.468977,42.1618425],[42.4708474,42.1635508],[42.4674456,42.1642165],[42.466462,42.1631365],[42.4520368,42.1702403],[42.451982,42.1767946],[42.45936,42.1799171],[42.4642903,42.1797073],[42.4672272,42.180878],[42.4667772,42.1818279],[42.4684643,42.1823017],[42.4655625,42.1881617],[42.4801725,42.1894235],[42.4816943,42.1938193],[42.4870813,42.1922329],[42.4887764,42.1931788],[42.4864436,42.1995183],[42.4948866,42.2038971],[42.4979258,42.2096285],[42.5003573,42.2123791],[42.5026389,42.2097313],[42.5062326,42.2106188],[42.506436,42.2146696],[42.5052103,42.2181498],[42.5006889,42.2223675],[42.4974555,42.2269285],[42.496034,42.2309625],[42.4804534,42.23838],[42.4770386,42.2420815],[42.4718635,42.2443953],[42.4617669,42.2517254],[42.4569533,42.2540466],[42.4446076,42.2540418],[42.4382084,42.2506618],[42.4097489,42.2451666],[42.3969237,42.2392111],[42.3907469,42.2393404],[42.3808317,42.2420816],[42.3770483,42.2457717],[42.3718247,42.2491589],[42.3687546,42.2531348],[42.3678609,42.2571607],[42.3503459,42.2591849],[42.345199,42.2606843],[42.3427617,42.2668322],[42.3421723,42.2722137],[42.3365818,42.2755907],[42.3287867,42.2769133],[42.3290562,42.2745625],[42.3251938,42.2722603],[42.3254298,42.267592],[42.3171482,42.2656389],[42.3171053,42.2640192],[42.314981,42.2612878],[42.3158822,42.2594297],[42.3127923,42.2567617],[42.3120842,42.2541253],[42.3081575,42.2531405],[42.3069987,42.2521082],[42.3065052,42.2497257],[42.3071901,42.247199],[42.3066247,42.2462332],[42.3048008,42.2453596],[42.298371,42.2449911],[42.2950451,42.2436409],[42.2922266,42.2412771],[42.2892011,42.2408165],[42.2877924,42.2371754],[42.2843592,42.2335531],[42.2856177,42.2320946],[42.2855533,42.229203],[42.2883717,42.2228758],[42.2884501,42.2190811],[42.2901527,42.2170764],[42.2914831,42.2115777],[42.2941793,42.2083696],[42.2905744,42.1996592],[42.2909896,42.1960165],[42.2894875,42.1944109],[42.2894661,42.1913585],[42.2875134,42.1888148],[42.2894661,42.1856031],[42.2890756,42.1800364],[42.2901023,42.1781005],[42.2927928,42.1770281],[42.293937,42.1751121],[42.294931,42.1722216],[42.2952979,42.1646458],[42.301003,42.1619603],[42.3014328,42.1606214],[42.3006318,42.1580626],[42.2969938,42.1536899],[42.2982648,42.1511047],[42.3024072,42.1477161],[42.3011058,42.1464577],[42.2944024,42.1469604],[42.2904456,42.1409504],[42.2919498,42.1385566],[42.2952168,42.1369798],[42.2951386,42.1356623],[42.2928553,42.1333939],[42.2936707,42.1282285],[42.2985719,42.125987],[42.299425,42.1242152],[42.2968427,42.1178036],[42.2937796,42.1145724],[42.2916027,42.1084296],[42.2872865,42.1050635],[42.2832761,42.1045317],[42.2631155,42.1067589],[42.2583103,42.1095894],[42.2485287,42.1118432],[42.2437015,42.1149055],[42.2393883,42.116537],[42.2221632,42.1217952],[42.2221796,42.1185395],[42.2202479,42.1152201],[42.2244636,42.1154151],[42.2244949,42.1147924],[42.2259638,42.1145779],[42.2268786,42.1103646],[42.226553,42.1013937],[42.2233852,42.0963701],[42.2170301,42.0948579],[42.2171509,42.0916144],[42.2136033,42.08955],[42.2129328,42.0868095],[42.2137076,42.0794762]]]}},{"type":"Feature","properties":{"sourceName":"Tskaltubo Municipality","sourceId":"osm-relation-2024548","code":"23","nameKa":"წყალტუბო","nameEn":"Tsqaltubo","source":"OpenStreetMap"},"geometry":{"type":"Polygon","coordinates":[[[42.451982,42.1767946],[42.4520368,42.1702403],[42.466462,42.1631365],[42.4674456,42.1642165],[42.4708474,42.1635508],[42.468977,42.1618425],[42.4736552,42.1629128],[42.4740823,42.1644584],[42.4760433,42.1655225],[42.48994,42.1709153],[42.4935875,42.1734589],[42.4997166,42.1736359],[42.5043917,42.1746991],[42.5076397,42.1743028],[42.4962951,42.1569144],[42.5006175,42.1563833],[42.5002221,42.1539429],[42.5105851,42.1518833],[42.5157069,42.1533357],[42.5251444,42.15954],[42.5345435,42.1604187],[42.5414657,42.1580591],[42.5368336,42.1565114],[42.5369759,42.1422683],[42.5291694,42.1419715],[42.523784,42.1344015],[42.5237427,42.1282752],[42.5283475,42.1180291],[42.5286433,42.1120776],[42.5295016,42.1104221],[42.5313899,42.109276],[42.5358531,42.1096581],[42.5385996,42.1109315],[42.5449511,42.1095307],[42.5504443,42.1116956],[42.5519892,42.1113136],[42.5571391,42.1073657],[42.5621173,42.1068563],[42.570872,42.1101674],[42.5746485,42.1100401],[42.5779101,42.1078751],[42.5838229,42.1104493],[42.5985429,42.1121477],[42.600663,42.1136138],[42.6037132,42.1130264],[42.6041745,42.1117251],[42.6104069,42.1092904],[42.6119047,42.1117386],[42.6171543,42.1120793],[42.6188162,42.1135994],[42.6209555,42.1142194],[42.6266482,42.1141924],[42.6354167,42.1160252],[42.6378212,42.1144821],[42.6400282,42.1142903],[42.6434593,42.1166667],[42.6467498,42.1165409],[42.6548039,42.118747],[42.6578949,42.1229734],[42.6667483,42.1261119],[42.6708736,42.13068],[42.6765534,42.1290687],[42.6802077,42.1316666],[42.6861042,42.1331051],[42.6913646,42.1358548],[42.6993179,42.1378438],[42.7054354,42.1465046],[42.7067336,42.1517847],[42.7101836,42.1547461],[42.7093287,42.1603758],[42.7102847,42.165724],[42.7124701,42.1667745],[42.716443,42.1717762],[42.7184435,42.1726919],[42.7184472,42.1747261],[42.7197303,42.1762416],[42.7150102,42.1808336],[42.7140172,42.1891749],[42.7113025,42.1929347],[42.7037709,42.1964782],[42.7007457,42.2006617],[42.6956371,42.2005392],[42.6947537,42.2013728],[42.6947236,42.2037881],[42.6915224,42.2068556],[42.6915325,42.2101931],[42.6963703,42.2136866],[42.697103,42.2156061],[42.6947486,42.2181035],[42.6879991,42.2172434],[42.6902547,42.2263428],[42.6764486,42.2286823],[42.6764867,42.2280219],[42.6744417,42.227869],[42.6753003,42.2271218],[42.673955,42.2271044],[42.6744364,42.2258901],[42.6726487,42.2243216],[42.6718102,42.222001],[42.6694627,42.2225298],[42.6702682,42.22364],[42.6668389,42.2237443],[42.6665756,42.2245146],[42.6639818,42.2249881],[42.6656105,42.2273276],[42.6612463,42.2278857],[42.6637346,42.2311855],[42.661789,42.2317552],[42.6622338,42.2336956],[42.6596739,42.2347737],[42.6578741,42.2335859],[42.6569376,42.2338584],[42.6567418,42.2350784],[42.6554372,42.2352166],[42.654037,42.2374742],[42.6584939,42.2389972],[42.6587477,42.2404313],[42.6623796,42.2409107],[42.6562347,42.2479975],[42.6575529,42.2489284],[42.6568474,42.249143],[42.6571625,42.2499426],[42.658465,42.2495479],[42.6584432,42.2514297],[42.6615598,42.2512514],[42.6596174,42.2550164],[42.6488475,42.2507594],[42.6495087,42.249655],[42.6449839,42.2477854],[42.6441534,42.2500735],[42.6411095,42.2506844],[42.641057,42.2527327],[42.6379654,42.2525667],[42.6373349,42.246112],[42.6265186,42.2441242],[42.6182272,42.2460015],[42.6129938,42.2462832],[42.6057828,42.2512703],[42.6033125,42.2551407],[42.5984229,42.2554792],[42.5982131,42.2578846],[42.601155,42.262199],[42.6042114,42.2617886],[42.6041005,42.2634486],[42.6054466,42.2647224],[42.6041914,42.265437],[42.6057471,42.2709152],[42.6169884,42.2678065],[42.6186187,42.2706507],[42.6126032,42.2711567],[42.612791,42.2716966],[42.6187745,42.2718125],[42.6249082,42.2709486],[42.6246132,42.2698012],[42.6309941,42.2693146],[42.6311538,42.2702937],[42.6361261,42.2699205],[42.6374768,42.2712924],[42.6422589,42.2708969],[42.6454328,42.2703164],[42.6454177,42.2684781],[42.6462095,42.2678551],[42.6510095,42.2670357],[42.6535065,42.2698899],[42.6630758,42.2693872],[42.6648428,42.2718004],[42.6678422,42.271421],[42.6701579,42.274127],[42.6730259,42.2740105],[42.6747284,42.2755484],[42.6781371,42.2754915],[42.6809835,42.2786169],[42.6804463,42.2794522],[42.6812962,42.2805242],[42.6829466,42.2809366],[42.6849678,42.2800846],[42.686582,42.284957],[42.6986261,42.2845153],[42.7230242,42.2892839],[42.7214165,42.2936899],[42.7191272,42.2949531],[42.7154883,42.2951228],[42.713584,42.2963929],[42.7141142,42.3003546],[42.712963,42.3011866],[42.7134527,42.3034288],[42.7079601,42.3075101],[42.7077154,42.311002],[42.7026981,42.3200336],[42.7058744,42.3216759],[42.7057135,42.3223343],[42.7068856,42.3212911],[42.7113301,42.3210254],[42.7101874,42.3197244],[42.7105468,42.3192524],[42.7129877,42.3184789],[42.7124941,42.3172175],[42.7154687,42.3147384],[42.7174133,42.3144984],[42.7166569,42.3128859],[42.7225685,42.3061537],[42.7242878,42.3006488],[42.7252105,42.2997402],[42.7303362,42.3004842],[42.7313876,42.3016586],[42.7326321,42.3013095],[42.7356362,42.3026267],[42.7360654,42.3036582],[42.7378678,42.3034043],[42.740019,42.3054752],[42.7453862,42.3057535],[42.7466954,42.3068112],[42.7514976,42.3072171],[42.7524652,42.3091069],[42.7507226,42.3116044],[42.7516665,42.3138558],[42.7584787,42.3170954],[42.7623982,42.3173154],[42.7655667,42.3217453],[42.7674663,42.3292717],[42.7628099,42.3474648],[42.7589728,42.3586578],[42.7597864,42.3680283],[42.7589565,42.3752405],[42.7498008,42.3827148],[42.7414463,42.3997712],[42.7411404,42.408774],[42.7388287,42.4095046],[42.7380799,42.411243],[42.7362314,42.4125606],[42.7357283,42.4146861],[42.7344281,42.4142714],[42.7324049,42.416419],[42.7316126,42.420946],[42.7343864,42.4226198],[42.7366616,42.4211495],[42.7472863,42.4209337],[42.7512322,42.4229246],[42.7594648,42.4254245],[42.7646567,42.4246755],[42.7695015,42.4256203],[42.7795984,42.4241156],[42.7862986,42.4212689],[42.7933669,42.4160902],[42.8000731,42.4130301],[42.8060941,42.4131455],[42.8097919,42.4140667],[42.8108574,42.4164257],[42.8106413,42.4308784],[42.8120161,42.4326055],[42.8194657,42.4329601],[42.8278493,42.431206],[42.8369758,42.4328668],[42.8458962,42.4321845],[42.8455001,42.435366],[42.8410154,42.4405967],[42.8409132,42.4435712],[42.8422527,42.4463602],[42.8458655,42.4498298],[42.8524096,42.4599449],[42.8554716,42.4627661],[42.8675726,42.4700078],[42.8743812,42.4724729],[42.8804943,42.478539],[42.8840323,42.4843447],[42.885966,42.4859652],[42.8859474,42.4886559],[42.8650697,42.4911967],[42.8540592,42.4956928],[42.845653,42.4978736],[42.8448636,42.498717],[42.8415938,42.4982502],[42.8321431,42.5023269],[42.8288803,42.5016572],[42.8233097,42.4885835],[42.8045948,42.483566],[42.7944941,42.4827641],[42.7753169,42.4909035],[42.7704571,42.4966851],[42.7538061,42.5105435],[42.7452858,42.5113892],[42.7245286,42.502266],[42.7084509,42.4926248],[42.7047465,42.489106],[42.7006365,42.4817292],[42.693089,42.4785381],[42.6877676,42.4743784],[42.6834363,42.4730751],[42.6398751,42.4669177],[42.6335518,42.4642932],[42.6285342,42.4599259],[42.6186949,42.4460786],[42.6188159,42.4428835],[42.6124684,42.4357166],[42.612464,42.4282554],[42.6100301,42.4241544],[42.6039079,42.4186971],[42.584203,42.4148725],[42.5672606,42.4066265],[42.5612744,42.4052202],[42.5565766,42.4076782],[42.548142,42.4100561],[42.534085,42.4023095],[42.5352123,42.3941354],[42.5347456,42.3880611],[42.5287822,42.3802444],[42.5305823,42.3787289],[42.5304345,42.375357],[42.539833,42.3767851],[42.540255,42.3791821],[42.5426733,42.3798912],[42.5486753,42.3705914],[42.5452635,42.3663722],[42.5453372,42.3622545],[42.5412632,42.3591822],[42.5385978,42.3557252],[42.5356702,42.3543382],[42.5328581,42.345652],[42.5345359,42.3433442],[42.5275748,42.3426783],[42.5250265,42.3371379],[42.5194046,42.3366938],[42.5173876,42.3379627],[42.5158426,42.3371062],[42.5139972,42.3353614],[42.5139376,42.3327057],[42.5178718,42.3319768],[42.5171138,42.3296637],[42.5103507,42.3254527],[42.5066797,42.3256183],[42.506107,42.3236541],[42.5043025,42.3228282],[42.5022719,42.3195185],[42.5035595,42.3181281],[42.5018732,42.3156715],[42.5012724,42.3129262],[42.502873,42.3120935],[42.5062862,42.3129112],[42.5052206,42.3069524],[42.5018268,42.3062404],[42.5022228,42.3038021],[42.5007574,42.301507],[42.5008162,42.298712],[42.4987493,42.2972939],[42.4997621,42.2961734],[42.505456,42.2967608],[42.5070044,42.2934058],[42.5097754,42.2901475],[42.5093188,42.2878223],[42.5079552,42.2865439],[42.5114878,42.2858247],[42.512103,42.2847324],[42.5099597,42.2838537],[42.5074599,42.28404],[42.5109646,42.2814525],[42.511149,42.2794749],[42.51028,42.2783727],[42.5078634,42.2801828],[42.5064417,42.2795185],[42.5093533,42.2773285],[42.5092301,42.2764169],[42.5029058,42.2757106],[42.5015641,42.2743953],[42.5015641,42.2724703],[42.5039306,42.2706004],[42.5044897,42.2692212],[42.5033342,42.2667521],[42.5039674,42.2635537],[42.5079156,42.2534801],[42.506199,42.2430487],[42.5048276,42.2421785],[42.500512,42.2416543],[42.5006489,42.2396281],[42.5022235,42.238851],[42.5026056,42.2371537],[42.5018556,42.2359042],[42.5004479,42.2348621],[42.4989737,42.2354077],[42.4964985,42.2347179],[42.495556,42.2334386],[42.4974555,42.2269285],[42.5006889,42.2223675],[42.5052103,42.2181498],[42.506436,42.2146696],[42.5062326,42.2106188],[42.5026389,42.2097313],[42.5003573,42.2123791],[42.4979258,42.2096285],[42.4948866,42.2038971],[42.4864436,42.1995183],[42.4887764,42.1931788],[42.4870813,42.1922329],[42.4816943,42.1938193],[42.4801725,42.1894235],[42.4655625,42.1881617],[42.4684643,42.1823017],[42.4667772,42.1818279],[42.4672272,42.180878],[42.4642903,42.1797073],[42.45936,42.1799171],[42.451982,42.1767946]]]}},{"type":"Feature","properties":{"sourceName":"Ambrolauri Municipality","sourceId":"osm-relation-1997287","code":"69","nameKa":"ამბროლაური","nameEn":"Ambrolauri","source":"OpenStreetMap"},"geometry":{"type":"Polygon","coordinates":[[[42.8375491,42.5202599],[42.8389582,42.5111684],[42.8437364,42.5076113],[42.8449494,42.5041883],[42.8448636,42.498717],[42.845653,42.4978736],[42.8540592,42.4956928],[42.8650697,42.4911967],[42.9078994,42.4850191],[42.9198095,42.4809838],[42.9271258,42.4768642],[42.931879,42.4720602],[42.9441764,42.4648403],[42.9662219,42.4490756],[42.9768375,42.440334],[42.9802177,42.4333761],[42.9789545,42.4280404],[42.9747344,42.4254147],[42.958183,42.4225699],[42.9514385,42.4181976],[42.9498911,42.4128543],[42.9557664,42.3997783],[42.9654807,42.3920846],[42.9772809,42.3908051],[43.0037774,42.3963717],[43.0275305,42.3889163],[43.0380083,42.3839935],[43.0444326,42.3802763],[43.0486095,42.3750323],[43.0559181,42.370479],[43.0809203,42.3685613],[43.0968074,42.3741412],[43.1069395,42.3804744],[43.1114999,42.3814],[43.1175316,42.3810739],[43.1344637,42.374506],[43.1449141,42.3749092],[43.1496865,42.3783881],[43.1573507,42.3810628],[43.1627037,42.3843379],[43.1706497,42.3872289],[43.1792434,42.3875783],[43.1863611,42.389392],[43.2200356,42.4156454],[43.2227716,42.4203652],[43.2418301,42.4366047],[43.2558351,42.4387322],[43.2619101,42.438538],[43.2600624,42.4415603],[43.2619827,42.4447785],[43.2708252,42.4468258],[43.276219,42.4490331],[43.2841437,42.4531915],[43.2914607,42.458616],[43.3034519,42.4611329],[43.2956825,42.4829159],[43.2953593,42.494817],[43.2943592,42.4999047],[43.2910148,42.5066582],[43.2862856,42.5114775],[43.2590073,42.5210586],[43.2448233,42.524669],[43.2440165,42.5329482],[43.244892,42.5427414],[43.2419227,42.5503764],[43.2376719,42.5541111],[43.240409,42.559043],[43.2422481,42.5652367],[43.2477242,42.5751003],[43.2666466,42.5981366],[43.2714073,42.6028857],[43.2743897,42.6095213],[43.2791401,42.6146952],[43.2868875,42.6260792],[43.293989,42.6295868],[43.2987714,42.6336973],[43.306761,42.6363669],[43.3118499,42.6398436],[43.318983,42.6422872],[43.3226338,42.6457423],[43.332556,42.6516274],[43.3446364,42.6522278],[43.3565357,42.648785],[43.3599624,42.6498971],[43.3523812,42.6711105],[43.350089,42.6726629],[43.3512675,42.676559],[43.3478946,42.6825409],[43.3458963,42.6837121],[43.3426916,42.6885228],[43.344174,42.6951325],[43.3399832,42.7049105],[43.3398077,42.7067894],[43.3409141,42.7092111],[43.3332428,42.7173075],[43.3264065,42.7207238],[43.3227094,42.7252035],[43.3204959,42.7293348],[43.3221904,42.7386353],[43.319685,42.740773],[43.3158059,42.7519116],[43.320368,42.7584785],[43.3203137,42.7604902],[43.3230839,42.7648564],[43.3227135,42.7681125],[43.3207354,42.7704429],[43.3207381,42.771507],[43.3252904,42.7761768],[43.3281764,42.7774449],[43.3298578,42.7811819],[43.3310784,42.7808624],[43.331288,42.7830247],[43.3366078,42.7873986],[43.3353115,42.7935789],[43.3394565,42.7983116],[43.3400589,42.8016281],[43.3392872,42.8034674],[43.3341999,42.8104254],[43.3312461,42.8127881],[43.3264905,42.8213146],[43.3172302,42.8233389],[43.3104279,42.8268453],[43.3070326,42.8234367],[43.3050443,42.8229987],[43.3002519,42.8160551],[43.2972382,42.8087226],[43.2908964,42.8029265],[43.2895231,42.8002815],[43.2872915,42.8009743],[43.2799959,42.7999352],[43.269267,42.7921256],[43.2670784,42.7895117],[43.2669925,42.7872441],[43.2638597,42.7829606],[43.2575941,42.7795904],[43.2561349,42.7801574],[43.252573,42.787811],[43.2475948,42.7873386],[43.2453632,42.7856378],[43.2403421,42.7840315],[43.2336902,42.7805353],[43.229742,42.7774484],[43.2278537,42.7770389],[43.2234335,42.7773539],[43.2157087,42.7763459],[43.2047224,42.7804093],[43.1987142,42.7796849],[43.1908607,42.7801574],[43.1908178,42.7784249],[43.189187,42.7768184],[43.1844663,42.7755269],[43.181591,42.7708646],[43.1791175,42.7690405],[43.1814623,42.7660602],[43.1801748,42.7609404],[43.1779432,42.7569072],[43.1745958,42.7557413],[43.1712055,42.7503527],[43.1701326,42.7485249],[43.1706905,42.7475164],[43.1696176,42.7440812],[43.1681585,42.7415283],[43.1629228,42.7414022],[43.161292,42.7405512],[43.1609058,42.7382188],[43.1566572,42.7348461],[43.1581163,42.731095],[43.1681585,42.7218816],[43.1699717,42.7187523],[43.16612,42.7152052],[43.1659269,42.7136759],[43.1631803,42.71016],[43.162837,42.7081418],[43.159275,42.7047359],[43.151679,42.7030329],[43.1491899,42.7010775],[43.1387186,42.7034744],[43.134427,42.707038],[43.1334829,42.7096239],[43.1291055,42.7113267],[43.1281614,42.7114213],[43.1247282,42.708804],[43.120265,42.708804],[43.1182479,42.7097816],[43.115201,42.7149845],[43.1026268,42.7199347],[43.0973215,42.7151326],[43.0921965,42.712008],[43.0694281,42.7011655],[43.0696494,42.6985767],[43.06443,42.6920159],[43.06526,42.6899554],[43.0615529,42.6833666],[43.0595425,42.68216],[43.0594293,42.6792676],[43.030182,42.6746888],[43.0082202,42.6745115],[42.9900354,42.6764226],[42.977019,42.673877],[42.9747538,42.6650092],[42.9713712,42.659276],[42.9671331,42.6545405],[42.9591147,42.647914],[42.9459465,42.6393711],[42.9388689,42.637623],[42.9305479,42.6320021],[42.9218733,42.6288057],[42.9135483,42.6233862],[42.9131218,42.619731],[42.916293,42.6151287],[42.9219312,42.6105708],[42.9229017,42.6061307],[42.9224814,42.6022733],[42.9204502,42.5973735],[42.9145824,42.5924038],[42.8918343,42.5838825],[42.8894987,42.5799884],[42.891532,42.5765825],[42.8946277,42.574208],[42.9062705,42.570369],[42.9085771,42.566966],[42.9065279,42.562674],[42.9014929,42.5575162],[42.8986227,42.5532085],[42.8965865,42.5440517],[42.8673664,42.5424068],[42.8609005,42.5407176],[42.8521814,42.5328953],[42.8385044,42.5243304],[42.8375491,42.5202599]]]}},{"type":"Feature","properties":{"sourceName":"Tqibuli Municipality","sourceId":"osm-relation-2024546","code":"22","nameKa":"ტყიბული","nameEn":"Tqibuli","source":"OpenStreetMap"},"geometry":{"type":"Polygon","coordinates":[[[42.7259749,42.299897],[42.7296388,42.2966275],[42.7298212,42.2950721],[42.7362534,42.2949123],[42.7400232,42.2874886],[42.741879,42.2687023],[42.74255,42.2685816],[42.7472571,42.2715896],[42.7462638,42.2727277],[42.7465219,42.2735732],[42.7510558,42.2727827],[42.7556228,42.2735329],[42.7546238,42.2765702],[42.7561674,42.2782066],[42.7559182,42.2801461],[42.7570708,42.2823726],[42.758357,42.2822309],[42.7599994,42.2804574],[42.7614248,42.2811891],[42.7610004,42.2827653],[42.7618428,42.2833686],[42.7690355,42.2848679],[42.7796222,42.2850734],[42.7975745,42.2875458],[42.811016,42.2880159],[42.8219483,42.2865233],[42.8318595,42.281396],[42.8389589,42.2747266],[42.8428955,42.2684226],[42.8561771,42.2650574],[42.8738697,42.2666625],[42.8846336,42.2700508],[42.8971647,42.2719822],[42.9025229,42.274419],[42.9276656,42.2759393],[42.9554879,42.2743128],[42.9606311,42.274617],[42.9653378,42.2795906],[42.9710262,42.289684],[42.9813164,42.2992204],[42.9892159,42.3029736],[42.9986487,42.3035639],[43.0075494,42.3028685],[43.0218087,42.2956742],[43.0268271,42.2908703],[43.0248629,42.280419],[43.0292745,42.2766679],[43.0715846,42.2786631],[43.0761114,42.28044],[43.0791946,42.2826178],[43.089793,42.2919371],[43.0948489,42.2952103],[43.1030986,42.297048],[43.1087535,42.2994802],[43.1117498,42.3046322],[43.1167633,42.3093923],[43.1134682,42.3142279],[43.1156382,42.3183031],[43.1184257,42.3209017],[43.1183446,42.3332302],[43.1198858,42.3392085],[43.128151,42.3503994],[43.1314975,42.3632105],[43.1348274,42.3717527],[43.1344637,42.374506],[43.1175316,42.3810739],[43.1114999,42.3814],[43.1069395,42.3804744],[43.0968074,42.3741412],[43.0809203,42.3685613],[43.0711645,42.3688229],[43.0559181,42.370479],[43.0486095,42.3750323],[43.0444326,42.3802763],[43.0380083,42.3839935],[43.0275305,42.3889163],[43.0037774,42.3963717],[42.9772809,42.3908051],[42.9654807,42.3920846],[42.9557664,42.3997783],[42.9498911,42.4128543],[42.9514385,42.4181976],[42.958183,42.4225699],[42.9747344,42.4254147],[42.9789545,42.4280404],[42.9802177,42.4333761],[42.9768375,42.440334],[42.9662219,42.4490756],[42.9441764,42.4648403],[42.931879,42.4720602],[42.9271258,42.4768642],[42.9198095,42.4809838],[42.9078994,42.4850191],[42.8859474,42.4886559],[42.885966,42.4859652],[42.8840323,42.4843447],[42.8804943,42.478539],[42.8743812,42.4724729],[42.8675726,42.4700078],[42.8554716,42.4627661],[42.8524096,42.4599449],[42.8458655,42.4498298],[42.8422527,42.4463602],[42.8409132,42.4435712],[42.8410154,42.4405967],[42.8455001,42.435366],[42.8458962,42.4321845],[42.8369758,42.4328668],[42.8278493,42.431206],[42.8194657,42.4329601],[42.8120161,42.4326055],[42.8106413,42.4308784],[42.8108574,42.4164257],[42.8097919,42.4140667],[42.8060941,42.4131455],[42.8000731,42.4130301],[42.7933669,42.4160902],[42.7862986,42.4212689],[42.7795984,42.4241156],[42.7695015,42.4256203],[42.7646567,42.4246755],[42.7594648,42.4254245],[42.7512322,42.4229246],[42.7472863,42.4209337],[42.7366616,42.4211495],[42.7343864,42.4226198],[42.7323239,42.4218263],[42.7313262,42.4199176],[42.7325997,42.4176908],[42.7324049,42.416419],[42.7344281,42.4142714],[42.7357283,42.4146861],[42.7362314,42.4125606],[42.7380799,42.411243],[42.7388287,42.4095046],[42.7411404,42.408774],[42.7414463,42.3997712],[42.7498008,42.3827148],[42.7589565,42.3752405],[42.7597864,42.3680283],[42.7589728,42.3586578],[42.7628099,42.3474648],[42.7674663,42.3292717],[42.7655667,42.3217453],[42.7623982,42.3173154],[42.7584787,42.3170954],[42.7516665,42.3138558],[42.7507226,42.3116044],[42.7524652,42.3091069],[42.7514976,42.3072171],[42.7466954,42.3068112],[42.7453862,42.3057535],[42.740019,42.3054752],[42.7378678,42.3034043],[42.7360654,42.3036582],[42.7356362,42.3026267],[42.7326321,42.3013095],[42.7313876,42.3016586],[42.7303362,42.3004842],[42.7259749,42.299897]]]}},{"type":"Feature","properties":{"sourceName":"Ozurgeti Municipality","sourceId":"osm-relation-1995403","code":"56","nameKa":"ოზურგეთი","nameEn":"Ozurgeti","source":"OpenStreetMap"},"geometry":{"type":"Polygon","coordinates":[[[41.7551334,42.0114119],[41.7569514,42.0069824],[41.7571123,42.0020226],[41.7565492,42.0019705],[41.7587353,41.9948431],[41.7589094,41.9830505],[41.7617166,41.9623397],[41.7606372,41.9620852],[41.7618746,41.9618149],[41.7619772,41.958289],[41.7627775,41.9566645],[41.76747,41.9120415],[41.769619,41.9114467],[41.7712807,41.9074071],[41.7721372,41.8986432],[41.7755094,41.8973562],[41.7779603,41.8977673],[41.7773335,41.8965177],[41.7778412,41.8956583],[41.781233,41.8961029],[41.7832428,41.8933001],[41.7827618,41.891911],[41.7838159,41.8919827],[41.784965,41.8934406],[41.7865446,41.8923744],[41.7863497,41.8916578],[41.7896917,41.891094],[41.7926432,41.8917904],[41.7947182,41.8911243],[41.7968626,41.8921873],[41.8004977,41.8914928],[41.8061586,41.8936875],[41.8087731,41.8937061],[41.8124427,41.892307],[41.8142567,41.8937132],[41.8161084,41.8938244],[41.8188436,41.8911104],[41.8215121,41.8916612],[41.8217121,41.8908958],[41.8235344,41.8915114],[41.8243542,41.8939771],[41.8258109,41.8936438],[41.8268306,41.8954554],[41.8324603,41.897331],[41.8356947,41.8992713],[41.8371231,41.8980967],[41.8394942,41.8980432],[41.8402949,41.8964336],[41.8415856,41.8969173],[41.8434752,41.8947026],[41.8445508,41.8956281],[41.846472,41.8950035],[41.8489186,41.8929549],[41.8502853,41.8934869],[41.8529752,41.8924003],[41.8565621,41.8937631],[41.8598048,41.8930372],[41.8683868,41.8891737],[41.8703022,41.889359],[41.8727369,41.8873017],[41.8800877,41.8853139],[41.8805064,41.8863001],[41.8848851,41.8868619],[41.8865137,41.8883826],[41.8897677,41.8886628],[41.8905889,41.8878896],[41.8954927,41.8890186],[41.8951221,41.8878942],[41.901014,41.8880377],[41.9014671,41.8895964],[41.9024645,41.8899078],[41.9033036,41.8892253],[41.9085437,41.8925155],[41.908012,41.8932807],[41.9056925,41.8934531],[41.9068115,41.895342],[41.9108289,41.8970267],[41.9103948,41.8979005],[41.9113638,41.8984563],[41.9110477,41.8998594],[41.9181163,41.8998476],[41.9191283,41.9014025],[41.9213286,41.9018317],[41.9220344,41.901014],[41.9208718,41.8992755],[41.9210294,41.8975953],[41.9234203,41.8971102],[41.927082,41.8984073],[41.931602,41.8969202],[41.9365706,41.8968786],[41.939648,41.8943403],[41.9413619,41.8944775],[41.9414485,41.893537],[41.9440159,41.8936765],[41.9443556,41.8920506],[41.9470241,41.8909092],[41.9468925,41.8893766],[41.9485207,41.8903004],[41.9514168,41.8885079],[41.9528471,41.8887178],[41.9544031,41.8872248],[41.9545186,41.8859334],[41.9579524,41.8855817],[41.9594163,41.8840509],[41.959396,41.8822403],[41.9611902,41.8818074],[41.9617022,41.8795979],[41.9626282,41.8792099],[41.9620745,41.8785027],[41.9625198,41.8773436],[41.9607675,41.8765468],[41.9607622,41.8750089],[41.9618885,41.8745353],[41.9602223,41.8724022],[41.9599924,41.8681071],[41.9635173,41.8644502],[41.9637015,41.8635286],[41.9620553,41.8611713],[41.9634039,41.8593289],[41.9622509,41.8568475],[41.9642293,41.8552617],[41.9641389,41.851921],[41.9659398,41.8520774],[41.9738739,41.8473992],[41.9776868,41.8481776],[41.981163,41.8461956],[41.9818496,41.8444692],[41.9888199,41.843424],[42.0029877,41.8452535],[42.0074701,41.843558],[42.0117165,41.8442937],[42.0202498,41.8392274],[42.0255681,41.8404694],[42.0297593,41.832611],[42.0304298,41.828539],[42.0351964,41.8252377],[42.0438157,41.8235776],[42.0506,41.8235893],[42.0535687,41.8220267],[42.0571405,41.8236168],[42.0683315,41.8200598],[42.0733048,41.8154941],[42.0765489,41.8075372],[42.0834975,41.8071801],[42.0838136,41.7986128],[42.086903,41.7999774],[42.0963957,41.8117934],[42.1119514,41.8226896],[42.1183816,41.8257913],[42.1188786,41.8240364],[42.1202481,41.82426],[42.1241972,41.8223711],[42.1290127,41.8233056],[42.1301696,41.8222287],[42.1352733,41.8205921],[42.1376865,41.8209638],[42.142477,41.8195847],[42.1452684,41.8146928],[42.148391,41.8127937],[42.1500726,41.8104781],[42.1548629,41.8136745],[42.1588547,41.8144727],[42.16115,41.8167611],[42.1644299,41.8182229],[42.1672654,41.8173528],[42.1693054,41.8184213],[42.1729624,41.8170769],[42.1767252,41.8174535],[42.1830038,41.8204881],[42.189281,41.8203991],[42.1979882,41.8147095],[42.2037403,41.8088894],[42.2114902,41.8038251],[42.2129983,41.8010232],[42.2164929,41.7976196],[42.2140427,41.7887149],[42.2167286,41.7866224],[42.2221327,41.7865451],[42.2238278,41.787633],[42.2294712,41.7868811],[42.2361016,41.7914007],[42.2395348,41.7971039],[42.2415089,41.7978477],[42.2503924,41.7980637],[42.2502328,41.800385],[42.2567393,41.8045171],[42.2602208,41.8105888],[42.2621256,41.8079618],[42.2647439,41.807418],[42.2688249,41.8073939],[42.2753485,41.8098309],[42.2839593,41.8089216],[42.2871054,41.8093725],[42.2869272,41.8434506],[42.29134,41.8537721],[42.2912253,41.8564885],[42.2923691,41.8607169],[42.2893024,41.8628701],[42.2744838,41.8691933],[42.2685265,41.8692989],[42.2610367,41.8743114],[42.256221,41.8786456],[42.2505719,41.8792521],[42.2438466,41.8818099],[42.2410012,41.8864381],[42.240863,41.8896471],[42.2436566,41.8939177],[42.2435185,41.8971278],[42.240651,41.9022499],[42.2371432,41.9068621],[42.2275774,41.9137998],[42.2267772,41.9169939],[42.2113295,41.9297205],[42.20977,41.9351203],[42.2032599,41.9401531],[42.1935281,41.9431289],[42.1815455,41.9445655],[42.1709867,41.9512268],[42.1662817,41.9602566],[42.1646955,41.9661499],[42.1662293,41.9689068],[42.1710282,41.972733],[42.1725187,41.9764776],[42.1723875,41.9794406],[42.1709107,41.9828648],[42.165539,41.9844624],[42.1572215,41.9852454],[42.145826,41.9881758],[42.1406848,41.9920027],[42.1378268,41.9966275],[42.1377257,42.0062656],[42.1327027,42.0147915],[42.1315763,42.0177291],[42.1322953,42.0198757],[42.1270632,42.0190302],[42.1131528,42.0193954],[42.0988695,42.0068882],[42.0981919,42.00107],[42.095645,41.9987809],[42.0895745,42.0010989],[42.0844765,42.0108855],[42.0799806,42.0133182],[42.0768705,42.0168411],[42.0753212,42.0227409],[42.0720734,42.0256756],[42.0635318,42.0283451],[42.0603599,42.0268653],[42.0545478,42.0222663],[42.0509903,42.0172199],[42.0502736,42.0140195],[42.0520344,42.0102757],[42.0518067,42.0069823],[42.0492039,42.0024912],[42.0467535,41.9936822],[42.0400531,41.982776],[42.0378514,41.9802473],[42.0352387,41.9794383],[42.0200991,41.9773157],[42.0160826,41.9782],[42.0151557,41.9838601],[42.0155865,41.9888159],[42.0173874,41.9928176],[42.023068,41.9988976],[42.0198587,42.0037579],[42.0151207,42.0058593],[42.0017297,42.0087233],[41.9979663,42.0182649],[41.9977571,42.0227087],[42.0010622,42.0299632],[41.9988082,42.0355895],[41.9923531,42.0388809],[41.9807972,42.0378357],[41.9748949,42.0364443],[41.9727178,42.0334211],[41.9745255,42.0302552],[41.9743234,42.027532],[41.9695328,42.0236966],[41.9484495,42.0139919],[41.9459786,42.0102184],[41.9434133,42.0084198],[41.9351976,42.0069646],[41.931202,42.0073522],[41.9266276,42.0059937],[41.9220938,42.0001037],[41.9043438,42.0006977],[41.8958382,41.9983243],[41.8861502,42.0005624],[41.8828543,41.9994011],[41.8821668,42.0036695],[41.8800615,42.007542],[41.8738253,42.0077294],[41.8679006,42.0073709],[41.8649704,42.0063022],[41.8593776,41.9987338],[41.8564601,41.997418],[41.8511045,41.998507],[41.8489484,42.0019082],[41.8435068,42.0047247],[41.83641,42.0074953],[41.829374,42.0090312],[41.8184767,42.008235],[41.809689,42.0050247],[41.8004599,42.0040261],[41.7935565,42.0044687],[41.79233,42.0038914],[41.7910033,42.0010866],[41.7898986,42.0012787],[41.7902394,42.0035098],[41.7894117,42.0039681],[41.7857098,42.0028518],[41.7844623,42.0034349],[41.7823328,42.0023454],[41.7806118,42.0031957],[41.7802046,42.0020619],[41.7787394,42.0020137],[41.7790119,42.0007248],[41.7782318,42.000676],[41.7719317,42.0033648],[41.7704203,42.0053995],[41.7706683,42.0124891],[41.7695157,42.0160485],[41.7664069,42.0201877],[41.767226,42.0209422],[41.7617618,42.0238975],[41.7599945,42.0239261],[41.7585788,42.0225262],[41.7603564,42.0148854],[41.7591129,42.0125218],[41.7551334,42.0114119]]]}},{"type":"Feature","properties":{"sourceName":"Chokhatauri Municipality","sourceId":"osm-relation-1995969","code":"57","nameKa":"ჩოხატაური","nameEn":"Chokhatauri","source":"OpenStreetMap"},"geometry":{"type":"Polygon","coordinates":[[[42.1267435,42.0265202],[42.1274629,42.0241094],[42.1322953,42.0198757],[42.1315763,42.0177291],[42.1327027,42.0147915],[42.1377257,42.0062656],[42.1378268,41.9966275],[42.1406848,41.9920027],[42.145826,41.9881758],[42.1572215,41.9852454],[42.165539,41.9844624],[42.1709107,41.9828648],[42.1723875,41.9794406],[42.1725187,41.9764776],[42.1710282,41.972733],[42.1662293,41.9689068],[42.1646955,41.9661499],[42.1662817,41.9602566],[42.1709867,41.9512268],[42.1815455,41.9445655],[42.1935281,41.9431289],[42.2032599,41.9401531],[42.20977,41.9351203],[42.2113295,41.9297205],[42.2267772,41.9169939],[42.2275774,41.9137998],[42.2371432,41.9068621],[42.240651,41.9022499],[42.2435185,41.8971278],[42.2436566,41.8939177],[42.240863,41.8896471],[42.2410012,41.8864381],[42.2438466,41.8818099],[42.2505719,41.8792521],[42.256221,41.8786456],[42.2610367,41.8743114],[42.2685265,41.8692989],[42.2744838,41.8691933],[42.2893024,41.8628701],[42.2923691,41.8607169],[42.2912253,41.8564885],[42.29134,41.8537721],[42.2869272,41.8434506],[42.2871054,41.8093725],[42.2878037,41.8089338],[42.2907646,41.8089648],[42.2945239,41.8072188],[42.3072595,41.8046241],[42.3101376,41.8052115],[42.3153232,41.8093736],[42.3135436,41.8110663],[42.3155736,41.8150534],[42.3246352,41.8184164],[42.3277902,41.8209268],[42.3335448,41.8214055],[42.3471665,41.8179605],[42.3503102,41.8180038],[42.3559769,41.8204075],[42.3581565,41.8201852],[42.3643756,41.8229177],[42.3668713,41.8221033],[42.3724174,41.8246479],[42.3783164,41.8342285],[42.3806005,41.8347546],[42.3834729,41.8374514],[42.3840952,41.8410323],[42.3857474,41.8416877],[42.3878646,41.8410704],[42.3906027,41.8430892],[42.3902106,41.8437539],[42.3917663,41.8452604],[42.3933488,41.8451525],[42.3936009,41.8442334],[42.3949367,41.8439257],[42.395339,41.8449128],[42.3964623,41.8447647],[42.4004547,41.8422928],[42.4284126,41.8351463],[42.4343885,41.8290634],[42.4354015,41.8252274],[42.4349188,41.8157845],[42.4364615,41.8130321],[42.4412382,41.8082083],[42.449044,41.8064527],[42.4608062,41.8060703],[42.4680219,41.8047291],[42.4843304,41.805302],[42.4880548,41.8037057],[42.4919908,41.7998957],[42.5037529,41.8004298],[42.51207,41.8024718],[42.5384547,41.8037385],[42.5481494,41.8023171],[42.5598493,41.7972146],[42.5805047,41.7936959],[42.58797,41.7936203],[42.5938297,41.7949067],[42.5996462,41.7973553],[42.6047725,41.8016507],[42.6064378,41.8070372],[42.6069718,41.817752],[42.6099502,41.8213043],[42.6142242,41.8234874],[42.6195609,41.8305788],[42.6232054,41.8329812],[42.6275235,41.8340012],[42.6321098,41.8361901],[42.6355213,41.8364931],[42.6415738,41.8326619],[42.6475318,41.831388],[42.6617905,41.8328426],[42.6661163,41.8310057],[42.6620265,41.8435564],[42.6638976,41.8480065],[42.663005,41.8518426],[42.6605931,41.856094],[42.6617496,41.8628305],[42.6702319,41.8728092],[42.6648036,41.8774082],[42.6632026,41.8885413],[42.6677859,41.8939941],[42.6687857,41.8993739],[42.6638414,41.9120023],[42.6614405,41.9204394],[42.6578926,41.927513],[42.6498201,41.9356106],[42.6360336,41.9444832],[42.6279388,41.9449861],[42.6247006,41.9435793],[42.6163235,41.9436289],[42.6117486,41.9459902],[42.6042512,41.9465038],[42.5908515,41.9448834],[42.5858294,41.9432147],[42.5804496,41.9431014],[42.5634493,41.9496643],[42.5584965,41.9540252],[42.5472653,41.9582519],[42.5400994,41.9578752],[42.5151754,41.9602412],[42.5109207,41.9619354],[42.5044512,41.9667077],[42.4892759,41.9797751],[42.4733383,41.9892508],[42.4669783,41.9911203],[42.4600375,41.99253],[42.4549799,41.991748],[42.4505472,41.9903098],[42.445298,41.9868434],[42.4382014,41.9846753],[42.4357733,41.9855143],[42.4326932,41.9876785],[42.4313534,41.9912214],[42.4264515,41.9940146],[42.4239328,41.9970843],[42.4190391,41.999654],[42.4157951,42.0058336],[42.4146898,42.0109447],[42.4092492,42.0199517],[42.4104673,42.0260309],[42.408565,42.0291989],[42.4101788,42.034616],[42.4060402,42.0400294],[42.4055533,42.043607],[42.402597,42.0453193],[42.3991712,42.0460176],[42.3986925,42.048521],[42.3971654,42.0490059],[42.3961584,42.0511834],[42.3964122,42.0522693],[42.3938457,42.0531061],[42.3933553,42.0546124],[42.3920862,42.0547001],[42.3891206,42.0567952],[42.3867636,42.056902],[42.3865755,42.0581948],[42.3825663,42.0588333],[42.3784864,42.0583973],[42.3756595,42.0572546],[42.3759855,42.0562283],[42.3734183,42.0537305],[42.3730642,42.0546343],[42.3712051,42.0545686],[42.3712715,42.0556696],[42.3691248,42.0560804],[42.3682616,42.0573457],[42.3657165,42.0584302],[42.3667788,42.0590546],[42.3662637,42.0607724],[42.3608365,42.0604677],[42.3556163,42.0616536],[42.3481176,42.0602719],[42.3405825,42.0612852],[42.340309,42.0585609],[42.3384538,42.0570897],[42.3357692,42.0566095],[42.3355326,42.0556996],[42.3375293,42.0525156],[42.33746,42.0495486],[42.3380539,42.0492204],[42.3370049,42.0466919],[42.3276434,42.0424378],[42.3274878,42.0400947],[42.3249718,42.040366],[42.3247565,42.0424096],[42.3235101,42.0428467],[42.3214341,42.0421625],[42.3207712,42.0407158],[42.3194865,42.0403602],[42.3181078,42.0433006],[42.3157989,42.043961],[42.3137332,42.0421124],[42.3098028,42.0426192],[42.3077135,42.0416696],[42.3051465,42.0422703],[42.3045425,42.0413968],[42.306029,42.0403665],[42.3029434,42.0386247],[42.3010213,42.0397595],[42.2995482,42.0379342],[42.2991882,42.0419151],[42.2967898,42.04389],[42.2936152,42.0493413],[42.2937223,42.0504056],[42.2917045,42.0511045],[42.2902417,42.0537924],[42.2873441,42.0547008],[42.2880181,42.056185],[42.2850756,42.0566207],[42.2832453,42.0555808],[42.2794395,42.0559999],[42.2741809,42.0548087],[42.264478,42.0574806],[42.2565811,42.0568744],[42.2335825,42.0596826],[42.22443,42.0625459],[42.2202809,42.0672695],[42.2190077,42.072532],[42.2207028,42.0774854],[42.2199089,42.0784888],[42.2162611,42.0773421],[42.2154457,42.0749371],[42.2144372,42.0743478],[42.2127635,42.0753353],[42.2137076,42.0794762],[42.2132202,42.0837538],[42.2096805,42.0841765],[42.2031233,42.0829456],[42.1987269,42.0832684],[42.1919679,42.0815467],[42.1858135,42.0830281],[42.1781018,42.0815705],[42.1733108,42.0776099],[42.1723739,42.0731072],[42.1703678,42.0712089],[42.1704215,42.0703999],[42.1670748,42.0682658],[42.160161,42.0694495],[42.1554584,42.0670013],[42.1531106,42.067332],[42.1521153,42.0659384],[42.1485469,42.0667474],[42.1396712,42.0650976],[42.1338897,42.0487104],[42.132333,42.0380453],[42.1267435,42.0265202]]]}},{"type":"Feature","properties":{"sourceName":"Vani Municipality","sourceId":"osm-relation-2024538","code":"25","nameKa":"ვანი","nameEn":"Vani","source":"OpenStreetMap"},"geometry":{"type":"Polygon","coordinates":[[[42.3953684,42.1364304],[42.3973153,42.1306184],[42.4004615,42.1269867],[42.4018872,42.1187122],[42.4044313,42.1144555],[42.4042606,42.1111381],[42.4053925,42.1080051],[42.4088779,42.1081253],[42.4091991,42.1065461],[42.4067945,42.1059196],[42.4081499,42.1023176],[42.4132465,42.1007986],[42.4129125,42.0984533],[42.415409,42.0935697],[42.421662,42.0937104],[42.4243477,42.0821178],[42.4126294,42.0753465],[42.4099143,42.0715948],[42.4117141,42.0636612],[42.4173034,42.0597407],[42.4191227,42.0595119],[42.4222231,42.0544564],[42.4221562,42.0471718],[42.4237551,42.0434301],[42.4283659,42.0367894],[42.4285399,42.032477],[42.4270368,42.0248898],[42.4270532,42.006546],[42.4261213,42.0027483],[42.4221899,42.001581],[42.4190391,41.999654],[42.4239328,41.9970843],[42.4264515,41.9940146],[42.4313534,41.9912214],[42.4326932,41.9876785],[42.4382014,41.9846753],[42.445298,41.9868434],[42.4505472,41.9903098],[42.4600375,41.99253],[42.4733383,41.9892508],[42.4892759,41.9797751],[42.5109207,41.9619354],[42.5151754,41.9602412],[42.5241955,41.9590963],[42.5400994,41.9578752],[42.5472653,41.9582519],[42.5584965,41.9540252],[42.5634493,41.9496643],[42.5804496,41.9431014],[42.5858294,41.9432147],[42.5908515,41.9448834],[42.6042512,41.9465038],[42.6117486,41.9459902],[42.6163235,41.9436289],[42.6247006,41.9435793],[42.6279388,41.9449861],[42.6360336,41.9444832],[42.6498201,41.9356106],[42.6578926,41.927513],[42.6614405,41.9204394],[42.6638414,41.9120023],[42.6687857,41.8993739],[42.6677859,41.8939941],[42.6632026,41.8885413],[42.6648036,41.8774082],[42.6702319,41.8728092],[42.6617496,41.8628305],[42.6605931,41.856094],[42.663005,41.8518426],[42.6638976,41.8480065],[42.6620265,41.8435564],[42.6661163,41.8310057],[42.6708499,41.831061],[42.6734506,41.8296604],[42.6749183,41.8268272],[42.6839906,41.8242688],[42.6891919,41.8200153],[42.6937753,41.8177061],[42.7129573,41.8279596],[42.720386,41.8294454],[42.7271219,41.8321335],[42.7283405,41.8344689],[42.7289382,41.8405629],[42.7309226,41.8442515],[42.7308323,41.8468043],[42.7326275,41.8507856],[42.7293659,41.8697632],[42.7302837,41.880432],[42.7322247,41.8866026],[42.7409817,41.8954895],[42.7386606,41.8987738],[42.7389281,41.9022034],[42.7440538,41.91348],[42.7496061,41.9205103],[42.7536643,41.928013],[42.7586551,41.9335972],[42.7593608,41.9381294],[42.7633761,41.9469219],[42.7666746,41.9515045],[42.7781382,41.9612803],[42.7812932,41.9663116],[42.7824731,41.9734348],[42.7851659,41.978102],[42.7992223,41.9844078],[42.8031359,41.9951333],[42.8047944,42.0022654],[42.8028493,42.0144517],[42.7999509,42.0196673],[42.7934985,42.0254228],[42.7888699,42.0334431],[42.784374,42.0376139],[42.7791538,42.0391348],[42.7727824,42.0424578],[42.7739575,42.0477518],[42.773823,42.0516011],[42.7700907,42.0572052],[42.7506173,42.0693946],[42.7445995,42.0702902],[42.7378002,42.0778602],[42.7256323,42.0853061],[42.7184753,42.0880872],[42.7077434,42.0888193],[42.6999815,42.0927186],[42.6949462,42.0964694],[42.6936819,42.1013096],[42.6891675,42.1056789],[42.6803585,42.1083393],[42.6732405,42.1094115],[42.6611134,42.1134222],[42.6541913,42.1185178],[42.6467498,42.1165409],[42.6434593,42.1166667],[42.6400282,42.1142903],[42.6378212,42.1144821],[42.6354167,42.1160252],[42.6266482,42.1141924],[42.6198762,42.1140021],[42.6171543,42.1120793],[42.6119047,42.1117386],[42.6104069,42.1092904],[42.6041745,42.1117251],[42.6037132,42.1130264],[42.600663,42.1136138],[42.5985429,42.1121477],[42.5838229,42.1104493],[42.5779101,42.1078751],[42.5746485,42.1100401],[42.570872,42.1101674],[42.5621173,42.1068563],[42.5593707,42.1068563],[42.5554225,42.1082572],[42.5519892,42.1113136],[42.5504443,42.1116956],[42.5449511,42.1095307],[42.5385996,42.1109315],[42.5358531,42.1096581],[42.5313899,42.109276],[42.5295016,42.1104221],[42.5286433,42.1120776],[42.5290598,42.1130198],[42.5052237,42.1161953],[42.5001168,42.117771],[42.4953961,42.1178029],[42.4953961,42.1185669],[42.4937653,42.1194423],[42.4907613,42.1186942],[42.4864482,42.1211453],[42.4859762,42.1237872],[42.4871349,42.1253151],[42.4848604,42.1273203],[42.4807834,42.1267792],[42.4793243,42.1279569],[42.4684667,42.1275431],[42.4631976,42.1291711],[42.4601412,42.1288799],[42.4561286,42.1309805],[42.4545836,42.1340198],[42.4523631,42.1361735],[42.4456046,42.1367894],[42.4409058,42.1382434],[42.4383461,42.1385484],[42.431407,42.1362507],[42.4254552,42.1358294],[42.4243267,42.1352353],[42.4233117,42.1326884],[42.4198965,42.1318115],[42.4182273,42.131929],[42.4162848,42.1334679],[42.4115958,42.1324521],[42.39654,42.1375237],[42.3953684,42.1364304]]]}},{"type":"Feature","properties":{"sourceName":"Baghdati Municipality","sourceId":"osm-relation-2024539","code":"24","nameKa":"ბაღდათი","nameEn":"Baghdati","source":"OpenStreetMap"},"geometry":{"type":"Polygon","coordinates":[[[42.6541913,42.1185178],[42.6611134,42.1134222],[42.6732405,42.1094115],[42.6803585,42.1083393],[42.6891675,42.1056789],[42.6936819,42.1013096],[42.6949462,42.0964694],[42.6999815,42.0927186],[42.7077434,42.0888193],[42.7184753,42.0880872],[42.7256323,42.0853061],[42.7378002,42.0778602],[42.7445995,42.0702902],[42.7506173,42.0693946],[42.7700907,42.0572052],[42.773823,42.0516011],[42.7739575,42.0477518],[42.7727824,42.0424578],[42.7791538,42.0391348],[42.784374,42.0376139],[42.7888699,42.0334431],[42.7934985,42.0254228],[42.7999509,42.0196673],[42.8028493,42.0144517],[42.8041114,42.0082859],[42.8047944,42.0022654],[42.8031359,41.9951333],[42.7992223,41.9844078],[42.7851659,41.978102],[42.7824731,41.9734348],[42.7812932,41.9663116],[42.7781382,41.9612803],[42.7666746,41.9515045],[42.7633761,41.9469219],[42.7593608,41.9381294],[42.7586551,41.9335972],[42.7536643,41.928013],[42.7496061,41.9205103],[42.7440538,41.91348],[42.7389281,41.9022034],[42.7386606,41.8987738],[42.7409817,41.8954895],[42.7322247,41.8866026],[42.7302837,41.880432],[42.7293659,41.8697632],[42.7326275,41.8507856],[42.7308323,41.8468043],[42.7309226,41.8442515],[42.7289382,41.8405629],[42.7283405,41.8344689],[42.7271219,41.8321335],[42.720386,41.8294454],[42.7129573,41.8279596],[42.6937753,41.8177061],[42.707328,41.8132091],[42.7254125,41.815915],[42.7329055,41.8154544],[42.7425529,41.8134905],[42.7459346,41.8094794],[42.7504918,41.8090182],[42.7631861,41.8130626],[42.7752313,41.8186563],[42.7835309,41.82038],[42.7911804,41.8236539],[42.795212,41.8279744],[42.7973158,41.8362776],[42.8011036,41.83903],[42.8107144,41.8374272],[42.8177394,41.8392174],[42.823677,41.8376752],[42.8301009,41.8381287],[42.8324961,41.8355969],[42.8332515,41.8330547],[42.8407964,41.8317125],[42.8447446,41.8289149],[42.8506507,41.8271654],[42.8595543,41.8278745],[42.8634579,41.8272227],[42.8679732,41.8280719],[42.8716779,41.8270751],[42.8734907,41.8243015],[42.8775451,41.8239179],[42.88156,41.8261357],[42.890436,41.8259644],[42.9064272,41.832736],[42.9120973,41.8328393],[42.9181672,41.829823],[42.9355715,41.8178545],[42.9446938,41.8126585],[42.9548729,41.8117236],[42.9570039,41.8104212],[42.9628507,41.8135373],[42.9683894,41.818676],[42.9708205,41.8237595],[42.9757937,41.8304387],[42.9834318,41.8348381],[42.9963257,41.8370025],[43.0057133,41.8352272],[43.0181497,41.8354426],[43.0285611,41.8340709],[43.0441065,41.8343367],[43.0690729,41.8316574],[43.0851363,41.8319264],[43.0975382,41.8332957],[43.1067857,41.8361627],[43.1181638,41.8371252],[43.1270446,41.8323353],[43.125053,41.8383944],[43.121591,41.8435975],[43.1183813,41.8579318],[43.1124705,41.8616109],[43.1102243,41.86492],[43.113026,41.8704633],[43.1176826,41.8763283],[43.1181836,41.8779332],[43.1171751,41.8820391],[43.1079529,41.8855172],[43.1046438,41.8881575],[43.090496,41.8926926],[43.0899238,41.8947225],[43.0907178,41.8972781],[43.0874252,41.9051438],[43.0811231,41.9100664],[43.0791982,41.9190065],[43.078515,41.9279674],[43.0733876,41.9331411],[43.066668,41.936122],[43.0555995,41.9458354],[43.0513067,41.9507129],[43.0392565,41.967899],[43.0281497,41.9676542],[43.0184023,41.9693315],[43.0031668,41.9792771],[42.9992531,41.9850873],[43.0003609,41.989438],[42.9990596,41.9974379],[43.0132101,42.0167289],[43.0268657,42.0151574],[43.0299647,42.0206296],[43.0369331,42.0272263],[43.0350024,42.0307441],[43.0045896,42.0431284],[42.9986674,42.0485051],[42.9817063,42.0529932],[42.9777038,42.0562583],[42.9738097,42.0572944],[42.9701809,42.0601922],[42.9533833,42.0601836],[42.938733,42.0686885],[42.9308157,42.068722],[42.9211507,42.0709616],[42.9218275,42.0767633],[42.919841,42.0802068],[42.9190066,42.0849771],[42.9181147,42.0863841],[42.9122019,42.0894984],[42.907098,42.096817],[42.9070481,42.1012352],[42.9101083,42.1098801],[42.9098781,42.1114042],[42.9047423,42.12197],[42.9002849,42.1251643],[42.8981872,42.1293832],[42.8988966,42.1352424],[42.8963226,42.1374599],[42.8848554,42.1355683],[42.8796417,42.138331],[42.8779626,42.1406824],[42.8711166,42.1443674],[42.8605107,42.1455996],[42.851977,42.1423428],[42.840237,42.1392634],[42.834422,42.1408215],[42.8289941,42.1497722],[42.8273391,42.1558742],[42.834266,42.1595026],[42.8359657,42.1660527],[42.8290124,42.1694187],[42.8059479,42.1689797],[42.8016723,42.1628568],[42.7968978,42.1613106],[42.7754409,42.1613728],[42.7698336,42.1660288],[42.7670222,42.1731211],[42.7664591,42.1800181],[42.7681083,42.187764],[42.7656828,42.1880837],[42.7650347,42.1893448],[42.7616908,42.1912794],[42.7569424,42.1924713],[42.7537667,42.1918465],[42.7522827,42.1900596],[42.7495181,42.1827427],[42.7482306,42.181248],[42.7464138,42.1800958],[42.7413394,42.179339],[42.7373835,42.1772467],[42.7067336,42.1517847],[42.7054354,42.1465046],[42.6993179,42.1378438],[42.6913646,42.1358548],[42.6861042,42.1331051],[42.6802077,42.1316666],[42.6765534,42.1290687],[42.6708736,42.13068],[42.6667483,42.1261119],[42.6578949,42.1229734],[42.6541913,42.1185178]]]}},{"type":"Feature","properties":{"sourceName":"Zestaponi Municipality","sourceId":"osm-relation-2024541","code":"26","nameKa":"ზესტაფონი","nameEn":"Zestaponi","source":"OpenStreetMap"},"geometry":{"type":"Polygon","coordinates":[[[42.7664591,42.1800181],[42.7670222,42.1731211],[42.7698336,42.1660288],[42.7754409,42.1613728],[42.7968978,42.1613106],[42.8016723,42.1628568],[42.8059479,42.1689797],[42.8290124,42.1694187],[42.8359657,42.1660527],[42.834266,42.1595026],[42.8273391,42.1558742],[42.8289941,42.1497722],[42.834422,42.1408215],[42.840237,42.1392634],[42.851977,42.1423428],[42.8605107,42.1455996],[42.8711166,42.1443674],[42.8779626,42.1406824],[42.8796417,42.138331],[42.8848554,42.1355683],[42.8963226,42.1374599],[42.8988966,42.1352424],[42.8981872,42.1293832],[42.9002849,42.1251643],[42.9047423,42.12197],[42.9098781,42.1114042],[42.9101083,42.1098801],[42.9070481,42.1012352],[42.907098,42.096817],[42.9122019,42.0894984],[42.9181147,42.0863841],[42.9190066,42.0849771],[42.919841,42.0802068],[42.9218275,42.0767633],[42.9211507,42.0709616],[42.9308157,42.068722],[42.938733,42.0686885],[42.9533833,42.0601836],[42.9701809,42.0601922],[42.9738097,42.0572944],[42.9777038,42.0562583],[42.9817063,42.0529932],[42.9986674,42.0485051],[43.0045896,42.0431284],[43.0350024,42.0307441],[43.0380463,42.0328466],[43.0416494,42.0332838],[43.0457434,42.0352597],[43.0522146,42.039986],[43.0521798,42.0444964],[43.0544758,42.0447992],[43.0564481,42.0437272],[43.0617969,42.0447524],[43.0695927,42.0444917],[43.0807558,42.048839],[43.0841699,42.0518335],[43.0883785,42.0514284],[43.0950821,42.0544077],[43.0996191,42.0520849],[43.1094833,42.0520523],[43.108447,42.054656],[43.108348,42.0579899],[43.1098822,42.0601595],[43.1126238,42.0615349],[43.1198951,42.0576229],[43.1270235,42.0578396],[43.1290412,42.0534512],[43.1328392,42.0523439],[43.1341159,42.0539929],[43.1367123,42.0516588],[43.1390405,42.0512365],[43.1424093,42.0520332],[43.143847,42.0537141],[43.1466579,42.0551082],[43.1464004,42.0589797],[43.1442439,42.0628827],[43.144995,42.0658338],[43.1432569,42.0672077],[43.1436539,42.0681873],[43.1456387,42.0689838],[43.1486964,42.0740012],[43.1567859,42.0694298],[43.1568718,42.0730614],[43.1588459,42.0754506],[43.1613779,42.075148],[43.1599402,42.0724084],[43.159632,42.0662111],[43.1619472,42.0628257],[43.1679495,42.0617888],[43.1847989,42.0695253],[43.1876932,42.0700368],[43.1922931,42.0741149],[43.1930696,42.08056],[43.1949269,42.0827335],[43.2012063,42.0868824],[43.2176828,42.0900383],[43.2172966,42.0928726],[43.2098293,42.0937961],[43.2082848,42.0967616],[43.2007741,42.0982543],[43.2006499,42.1054376],[43.2034457,42.1098361],[43.2040143,42.1099953],[43.2040572,42.1087855],[43.2050228,42.1080293],[43.208931,42.1080376],[43.2135257,42.1151888],[43.2123586,42.1225564],[43.2071642,42.1365314],[43.217708,42.1600451],[43.222009,42.1665446],[43.2175466,42.1771966],[43.2163987,42.1838498],[43.2175122,42.1898234],[43.2286349,42.2045289],[43.2290959,42.2109688],[43.2270406,42.215702],[43.2214473,42.2208568],[43.2120821,42.223332],[43.2008681,42.2231566],[43.1895318,42.2272666],[43.1813846,42.2319027],[43.1688187,42.2340852],[43.1591984,42.2341694],[43.1528381,42.2323994],[43.1490973,42.2287653],[43.146332,42.2246705],[43.1404053,42.2190948],[43.1302057,42.2063018],[43.1205826,42.206621],[43.1150264,42.2093047],[43.0996375,42.2146551],[43.0953859,42.213191],[43.0895278,42.2159106],[43.0849815,42.2152429],[43.083431,42.2141526],[43.076711,42.2139621],[43.0741002,42.2084315],[43.0728866,42.2083444],[43.0675981,42.2126162],[43.0645508,42.2115393],[43.0617228,42.2122906],[43.0593123,42.2106592],[43.0513568,42.2136938],[43.0482224,42.2135569],[43.0464203,42.2149601],[43.0426298,42.2138938],[43.0348286,42.2049206],[43.031543,42.2031508],[43.0306166,42.1967494],[43.0314509,42.1949549],[43.0302734,42.1915595],[43.0289374,42.1913236],[43.0275498,42.1879365],[43.0263484,42.1868959],[43.02634,42.184961],[43.0238726,42.1831155],[43.0247926,42.1825523],[43.0227057,42.1780051],[43.0163607,42.1700722],[43.0172928,42.1677146],[43.0151347,42.1627541],[43.0114632,42.1621745],[43.0071844,42.1583738],[43.0002047,42.1570834],[43.0009535,42.1541575],[42.9994272,42.1535873],[42.9970533,42.1499198],[42.9895679,42.1521171],[42.9867295,42.1550207],[42.9840598,42.1562253],[42.9812403,42.1552862],[42.9765656,42.1565117],[42.9739185,42.1558466],[42.9737733,42.1548614],[42.9756341,42.1527065],[42.9753281,42.1513185],[42.9710733,42.1521068],[42.9638903,42.151636],[42.9628311,42.1522404],[42.9628503,42.1539363],[42.9617785,42.155122],[42.9578625,42.1555001],[42.9556627,42.1567524],[42.9534297,42.1561373],[42.9513826,42.1541574],[42.9509289,42.1518891],[42.9468164,42.1521003],[42.9437514,42.1538564],[42.9426321,42.1554362],[42.9429309,42.1586687],[42.9421201,42.1597603],[42.9397339,42.1603629],[42.9358369,42.1593749],[42.9306903,42.1631583],[42.9232386,42.1643369],[42.9231676,42.1681235],[42.9196872,42.1700761],[42.9191032,42.1721779],[42.9160774,42.1744061],[42.9137499,42.1746735],[42.9092995,42.1719154],[42.9069415,42.1719616],[42.9051571,42.1735642],[42.9059296,42.1781177],[42.9048167,42.179801],[42.9001728,42.1809932],[42.8948467,42.1808725],[42.8918392,42.1819844],[42.8884008,42.1817182],[42.8871944,42.1832936],[42.885532,42.1893015],[42.8813641,42.1925656],[42.87769,42.1933044],[42.8758002,42.1948065],[42.8751691,42.1965185],[42.8735397,42.1974332],[42.8590918,42.1949542],[42.8499399,42.1991714],[42.8487996,42.2023555],[42.8472623,42.202992],[42.8364991,42.1996328],[42.8314652,42.1994145],[42.8285905,42.2018366],[42.823866,42.203049],[42.8189093,42.2066956],[42.8132078,42.2066343],[42.8057421,42.2048212],[42.8043801,42.2061879],[42.8008175,42.2071577],[42.7944666,42.2060942],[42.7885751,42.2063387],[42.7862207,42.2054111],[42.7828041,42.2025072],[42.7807543,42.1993001],[42.7738541,42.1936259],[42.7706262,42.1920269],[42.7697222,42.1886057],[42.7681083,42.187764],[42.7664591,42.1800181]]]}},{"type":"Feature","properties":{"sourceName":"Terjola Municipality","sourceId":"osm-relation-2024542","code":"27","nameKa":"თერჯოლა","nameEn":"Terjola","source":"OpenStreetMap"},"geometry":{"type":"Polygon","coordinates":[[[42.7015895,42.1992809],[42.7037709,42.1964782],[42.7113025,42.1929347],[42.7134733,42.1902425],[42.7140011,42.1856882],[42.7151598,42.1835672],[42.7150102,42.1808336],[42.7197303,42.1762416],[42.7184472,42.1747261],[42.7184435,42.1726919],[42.716443,42.1717762],[42.7124701,42.1667745],[42.7102847,42.165724],[42.7093287,42.1603758],[42.7101836,42.1547461],[42.7373835,42.1772467],[42.7413394,42.179339],[42.7464138,42.1800958],[42.7482306,42.181248],[42.7537667,42.1918465],[42.7585732,42.1924077],[42.7641963,42.1900021],[42.7656828,42.1880837],[42.7682658,42.187777],[42.7697222,42.1886057],[42.7706262,42.1920269],[42.7738541,42.1936259],[42.7807543,42.1993001],[42.7828041,42.2025072],[42.7862207,42.2054111],[42.7885751,42.2063387],[42.7944666,42.2060942],[42.8008175,42.2071577],[42.8043801,42.2061879],[42.8057421,42.2048212],[42.816672,42.2069426],[42.820111,42.2060605],[42.823866,42.203049],[42.8285905,42.2018366],[42.8314652,42.1994145],[42.8364991,42.1996328],[42.8472623,42.202992],[42.8487996,42.2023555],[42.8499399,42.1991714],[42.8590918,42.1949542],[42.8735397,42.1974332],[42.8751691,42.1965185],[42.8758002,42.1948065],[42.87769,42.1933044],[42.8813641,42.1925656],[42.885532,42.1893015],[42.8871944,42.1832936],[42.8884008,42.1817182],[42.8918392,42.1819844],[42.8948467,42.1808725],[42.9001728,42.1809932],[42.9048167,42.179801],[42.9059296,42.1781177],[42.9051571,42.1735642],[42.9069415,42.1719616],[42.9092995,42.1719154],[42.9137499,42.1746735],[42.9160774,42.1744061],[42.9191032,42.1721779],[42.9196872,42.1700761],[42.9231676,42.1681235],[42.9232386,42.1643369],[42.9306903,42.1631583],[42.9358369,42.1593749],[42.9397339,42.1603629],[42.9421201,42.1597603],[42.9429309,42.1586687],[42.9426321,42.1554362],[42.9437514,42.1538564],[42.9468164,42.1521003],[42.9509289,42.1518891],[42.9513826,42.1541574],[42.9534297,42.1561373],[42.9556627,42.1567524],[42.9578625,42.1555001],[42.9617785,42.155122],[42.9628503,42.1539363],[42.9628311,42.1522404],[42.9638903,42.151636],[42.9710733,42.1521068],[42.9753281,42.1513185],[42.9756341,42.1527065],[42.9737733,42.1548614],[42.9739185,42.1558466],[42.9765656,42.1565117],[42.9812403,42.1552862],[42.9840598,42.1562253],[42.9867295,42.1550207],[42.9895679,42.1521171],[42.9970533,42.1499198],[42.9994272,42.1535873],[43.0009535,42.1541575],[43.0002047,42.1570834],[43.0071844,42.1583738],[43.0114632,42.1621745],[43.0151347,42.1627541],[43.0172928,42.1677146],[43.0163607,42.1700722],[43.0227057,42.1780051],[43.0247926,42.1825523],[43.0238726,42.1831155],[43.02634,42.184961],[43.0263484,42.1868959],[43.0275498,42.1879365],[43.0289374,42.1913236],[43.0302734,42.1915595],[43.0314509,42.1949549],[43.0306166,42.1967494],[43.031543,42.2031508],[43.0348286,42.2049206],[43.0426298,42.2138938],[43.0464203,42.2149601],[43.0482224,42.2135569],[43.0513568,42.2136938],[43.0593123,42.2106592],[43.0617228,42.2122906],[43.0645508,42.2115393],[43.0675981,42.2126162],[43.0728866,42.2083444],[43.0741002,42.2084315],[43.076711,42.2139621],[43.083431,42.2141526],[43.0849815,42.2152429],[43.0895278,42.2159106],[43.0953859,42.213191],[43.0996375,42.2146551],[43.1133098,42.2099023],[43.1141003,42.2102975],[43.1142757,42.2109008],[43.1123701,42.2120664],[43.1150905,42.2143385],[43.1145829,42.2162985],[43.1173803,42.2168906],[43.1186967,42.2187109],[43.1176895,42.2199049],[43.1190838,42.2214171],[43.1185024,42.2226499],[43.121154,42.224595],[43.1244039,42.2234094],[43.1237207,42.2248272],[43.1251954,42.2256992],[43.1253037,42.2266526],[43.1224723,42.2274759],[43.1228093,42.2282972],[43.1268583,42.2279148],[43.1275181,42.2287939],[43.1264389,42.2291315],[43.1269266,42.2299198],[43.1322406,42.2304703],[43.1312161,42.2315024],[43.1288194,42.2316587],[43.1298463,42.2330649],[43.1318496,42.2332061],[43.1301108,42.2348929],[43.1298267,42.2362658],[43.1278126,42.2363287],[43.127175,42.2376655],[43.130244,42.2388184],[43.1285921,42.2396428],[43.1296226,42.2411126],[43.1280316,42.2430103],[43.1324302,42.2458759],[43.1299621,42.2464512],[43.1327307,42.2497888],[43.1308453,42.2505457],[43.1329134,42.2547315],[43.1228656,42.2582531],[43.1178952,42.2617859],[43.1183044,42.276888],[43.1210479,42.2905401],[43.1198145,42.2934964],[43.1087535,42.2994802],[43.1030986,42.297048],[43.0948489,42.2952103],[43.089793,42.2919371],[43.0791946,42.2826178],[43.0761114,42.28044],[43.0715846,42.2786631],[43.0292745,42.2766679],[43.0248629,42.280419],[43.0268271,42.2908703],[43.0218087,42.2956742],[43.0075494,42.3028685],[42.9986487,42.3035639],[42.9892159,42.3029736],[42.9813164,42.2992204],[42.9710262,42.289684],[42.9653378,42.2795906],[42.9606311,42.274617],[42.9554879,42.2743128],[42.9276656,42.2759393],[42.9025229,42.274419],[42.8971647,42.2719822],[42.8846336,42.2700508],[42.8738697,42.2666625],[42.8561771,42.2650574],[42.8428955,42.2684226],[42.8389589,42.2747266],[42.8318595,42.281396],[42.8219483,42.2865233],[42.811016,42.2880159],[42.7975745,42.2875458],[42.7796222,42.2850734],[42.7690355,42.2848679],[42.7618428,42.2833686],[42.7610004,42.2827653],[42.7614248,42.2811891],[42.7603102,42.2805213],[42.758357,42.2822309],[42.7566993,42.2822117],[42.755827,42.2796233],[42.7561674,42.2782066],[42.7546238,42.2765702],[42.7556228,42.2735329],[42.7510558,42.2727827],[42.7465219,42.2735732],[42.7462638,42.2727277],[42.7472571,42.2715896],[42.7430605,42.2686887],[42.7419475,42.2686356],[42.740397,42.2710488],[42.7373453,42.2710887],[42.736279,42.2722806],[42.7345657,42.2724238],[42.7351588,42.270867],[42.7346779,42.2698531],[42.7304554,42.2675022],[42.7277579,42.2638095],[42.7270529,42.2586874],[42.7304614,42.2552098],[42.7304081,42.2537168],[42.728694,42.2521791],[42.7239477,42.2524446],[42.7231583,42.251679],[42.7226384,42.2482268],[42.7270719,42.2436081],[42.7253061,42.2426044],[42.7245368,42.2384981],[42.7215173,42.2387421],[42.7207738,42.2380941],[42.7269494,42.2314442],[42.72198,42.2286601],[42.7207821,42.2240947],[42.7182701,42.2230685],[42.7184526,42.2209335],[42.7172853,42.2195878],[42.718134,42.2183817],[42.7216035,42.2187631],[42.722431,42.2177408],[42.7215607,42.2163252],[42.7188384,42.2157754],[42.7181841,42.2123759],[42.720817,42.2109387],[42.7230097,42.2076642],[42.7245719,42.2073847],[42.7270642,42.2053342],[42.7301984,42.2052207],[42.7327502,42.2032099],[42.7322558,42.1999037],[42.7294755,42.2000689],[42.7163184,42.1971209],[42.7054306,42.1996664],[42.7015895,42.1992809]]]}},{"type":"Feature","properties":{"sourceName":"Kobuleti Municipality","sourceId":"osm-relation-2009239","code":"07","nameKa":"ქობულეთი","nameEn":"Kobuleti","source":"OpenStreetMap"},"geometry":{"type":"Polygon","coordinates":[[[41.7215537,41.6918674],[41.7227734,41.6893159],[41.7218548,41.6876259],[41.7278227,41.6847814],[41.7273192,41.6821416],[41.7285131,41.6824431],[41.7277981,41.6798838],[41.7288013,41.6796399],[41.7307207,41.673401],[41.7344931,41.6718301],[41.7356527,41.6686278],[41.7348933,41.6644646],[41.7368674,41.6641921],[41.7388544,41.6657266],[41.7508525,41.6641283],[41.754303,41.6649939],[41.7555183,41.6640335],[41.7550906,41.6604062],[41.7568998,41.6561866],[41.7689154,41.6526093],[41.7820034,41.6522313],[41.7993753,41.6581898],[41.8047596,41.6580518],[41.8093342,41.6509777],[41.8073034,41.6376707],[41.8097603,41.6345704],[41.8174858,41.6336326],[41.8225836,41.6314693],[41.8243293,41.6271968],[41.8226385,41.6225411],[41.822794,41.6193768],[41.82083,41.6174964],[41.8250601,41.6173254],[41.8429749,41.6120582],[41.8471633,41.6127493],[41.8596656,41.624038],[41.8643428,41.630503],[41.8716774,41.6376164],[41.8754983,41.6380085],[41.8851548,41.6368305],[41.8904404,41.6387021],[41.8989326,41.6377795],[41.9053004,41.6411199],[41.9170521,41.6443166],[41.9235174,41.6456422],[41.9315856,41.64557],[41.9374224,41.6520631],[41.9515915,41.661082],[41.9522537,41.6714696],[41.955422,41.6776027],[41.9566721,41.6836859],[41.9564957,41.6874251],[41.954757,41.6917001],[41.9631786,41.7005646],[41.9737924,41.7037254],[41.9761364,41.702923],[41.9770256,41.7003539],[41.9809453,41.6987287],[42.0014116,41.6966725],[42.0324401,41.6989189],[42.0421696,41.6962894],[42.0571545,41.6963863],[42.0622369,41.6945001],[42.0713537,41.6883956],[42.0770202,41.6905564],[42.0862331,41.6907906],[42.0911585,41.6923557],[42.0944839,41.6953205],[42.1044289,41.698125],[42.1190137,41.7007984],[42.1307985,41.7049398],[42.1326546,41.7093432],[42.1382127,41.7151172],[42.1404112,41.719529],[42.1506891,41.7346516],[42.1511914,41.7387645],[42.1440033,41.7465303],[42.1417591,41.7508315],[42.1422044,41.7562213],[42.1450773,41.7609064],[42.1537744,41.7654793],[42.168602,41.763028],[42.1761471,41.7627012],[42.1894827,41.7630284],[42.2002912,41.766368],[42.2079786,41.7706558],[42.2164715,41.7800883],[42.2167286,41.7866224],[42.2140427,41.7887149],[42.2164929,41.7976196],[42.2129983,41.8010232],[42.2114902,41.8038251],[42.2037403,41.8088894],[42.1979882,41.8147095],[42.189281,41.8203991],[42.1830038,41.8204881],[42.1767252,41.8174535],[42.1729624,41.8170769],[42.1693054,41.8184213],[42.1672654,41.8173528],[42.1644299,41.8182229],[42.16115,41.8167611],[42.1588547,41.8144727],[42.1548629,41.8136745],[42.1500726,41.8104781],[42.148391,41.8127937],[42.1452684,41.8146928],[42.142477,41.8195847],[42.1376865,41.8209638],[42.1352733,41.8205921],[42.1301696,41.8222287],[42.1290127,41.8233056],[42.1241972,41.8223711],[42.1202481,41.82426],[42.1188786,41.8240364],[42.1183816,41.8257913],[42.1119514,41.8226896],[42.0963957,41.8117934],[42.086903,41.7999774],[42.0838136,41.7986128],[42.0834975,41.8071801],[42.0765489,41.8075372],[42.0733048,41.8154941],[42.0683315,41.8200598],[42.0571405,41.8236168],[42.0535687,41.8220267],[42.0506,41.8235893],[42.0438157,41.8235776],[42.0351964,41.8252377],[42.0304298,41.828539],[42.0297593,41.832611],[42.0255681,41.8404694],[42.0202498,41.8392274],[42.0117165,41.8442937],[42.0074701,41.843558],[42.0029877,41.8452535],[41.9888199,41.843424],[41.9818496,41.8444692],[41.981163,41.8461956],[41.9776868,41.8481776],[41.9738739,41.8473992],[41.9659398,41.8520774],[41.9641389,41.851921],[41.9642293,41.8552617],[41.9622509,41.8568475],[41.9634039,41.8593289],[41.9620553,41.8611713],[41.9637015,41.8635286],[41.9635173,41.8644502],[41.9599924,41.8681071],[41.9602223,41.8724022],[41.9618885,41.8745353],[41.9607622,41.8750089],[41.9607675,41.8765468],[41.9626598,41.8776894],[41.961311,41.8816924],[41.959435,41.8821823],[41.9594163,41.8840509],[41.9579524,41.8855817],[41.9545186,41.8859334],[41.9544031,41.8872248],[41.9530543,41.8886134],[41.9514168,41.8885079],[41.9485207,41.8903004],[41.9468925,41.8893766],[41.9470241,41.8909092],[41.9443556,41.8920506],[41.9440159,41.8936765],[41.9414485,41.893537],[41.9413619,41.8944775],[41.939648,41.8943403],[41.9365706,41.8968786],[41.931602,41.8969202],[41.927082,41.8984073],[41.9234203,41.8971102],[41.9215482,41.897367],[41.9206889,41.8984555],[41.9220344,41.901166],[41.9211701,41.9018671],[41.9188005,41.9011942],[41.9189236,41.9002161],[41.9181163,41.8998476],[41.9116219,41.9000344],[41.9110199,41.8997251],[41.9113638,41.8984563],[41.9103948,41.8979005],[41.9108289,41.8970267],[41.9068115,41.895342],[41.9056925,41.8934531],[41.908012,41.8932807],[41.9085437,41.8925155],[41.9033036,41.8892253],[41.9024645,41.8899078],[41.9014671,41.8895964],[41.901014,41.8880377],[41.8951221,41.8878942],[41.8954927,41.8890186],[41.8905889,41.8878896],[41.8897677,41.8886628],[41.8865137,41.8883826],[41.8848851,41.8868619],[41.8805064,41.8863001],[41.8800877,41.8853139],[41.8727369,41.8873017],[41.8703022,41.889359],[41.8683868,41.8891737],[41.8598048,41.8930372],[41.8565621,41.8937631],[41.8529752,41.8924003],[41.8502853,41.8934869],[41.8489186,41.8929549],[41.846472,41.8950035],[41.8445508,41.8956281],[41.8434752,41.8947026],[41.8415856,41.8969173],[41.8402949,41.8964336],[41.8394942,41.8980432],[41.8371231,41.8980967],[41.8356947,41.8992713],[41.8324603,41.897331],[41.8268306,41.8954554],[41.8258109,41.8936438],[41.8243542,41.8939771],[41.8235344,41.8915114],[41.8217121,41.8908958],[41.8215121,41.8916612],[41.8188436,41.8911104],[41.8161084,41.8938244],[41.8142567,41.8937132],[41.8124427,41.892307],[41.8087731,41.8937061],[41.8061586,41.8936875],[41.8004977,41.8914928],[41.7968626,41.8921873],[41.7947182,41.8911243],[41.7926432,41.8917904],[41.7896917,41.891094],[41.7863497,41.8916578],[41.7865446,41.8923744],[41.784965,41.8934406],[41.7838159,41.8919827],[41.7827618,41.891911],[41.7832428,41.8933001],[41.781233,41.8961029],[41.7778412,41.8956583],[41.7773335,41.8965177],[41.7779603,41.8977673],[41.7755094,41.8973562],[41.7721372,41.8986432],[41.7712807,41.9074071],[41.769619,41.9114467],[41.76747,41.9120415],[41.7693233,41.9075558],[41.7724818,41.88271],[41.7767546,41.8676793],[41.7776048,41.8597431],[41.7755194,41.8345946],[41.772249,41.8156886],[41.7692618,41.8043271],[41.7551358,41.7719076],[41.7518705,41.7687617],[41.7480789,41.7620401],[41.7451741,41.7594632],[41.7420257,41.758486],[41.7301596,41.7297514],[41.7220787,41.7141212],[41.7287854,41.7169977],[41.7341576,41.7155115],[41.7380271,41.7167243],[41.741291,41.7147394],[41.7433205,41.7159331],[41.7453337,41.7163817],[41.7456988,41.7157971],[41.7432432,41.7141098],[41.7413243,41.7138549],[41.7414057,41.7130537],[41.7381356,41.7121218],[41.7389358,41.7107334],[41.7384299,41.7094973],[41.7360555,41.7089505],[41.736706,41.7060854],[41.7350961,41.702176],[41.7295345,41.6996141],[41.7262008,41.6943687],[41.7215537,41.6918674]]]}},{"type":"Feature","properties":{"sourceName":"Khelvachauri Municipality","sourceId":"osm-relation-2009238","code":"08","nameKa":"ხელვაჩაური","nameEn":"Khelvachauri","source":"OpenStreetMap"},"geometry":{"type":"Polygon","coordinates":[[[41.5469943,41.5206738],[41.55489,41.518226],[41.56218,41.519588],[41.570442,41.519834],[41.576302,41.518317],[41.581022,41.515348],[41.5823,41.510722],[41.585204,41.508705],[41.592789,41.507918],[41.602207,41.504065],[41.618025,41.501696],[41.620516,41.500581],[41.623506,41.49573],[41.628188,41.492243],[41.628957,41.490299],[41.635406,41.486733],[41.643871,41.486523],[41.647886,41.485314],[41.655724,41.485451],[41.666903,41.482684],[41.670852,41.483941],[41.675103,41.484065],[41.678681,41.486637],[41.682577,41.487756],[41.686209,41.486901],[41.691548,41.488335],[41.693816,41.489178],[41.694534,41.490616],[41.697958,41.491446],[41.701014,41.4942905],[41.707093,41.496018],[41.7097151,41.4956213],[41.7152872,41.4915697],[41.7162359,41.4889464],[41.714164,41.480072],[41.707818,41.474495],[41.710354,41.473653],[41.718006,41.473826],[41.727386,41.47231],[41.732533,41.472731],[41.742356,41.470843],[41.746889,41.471383],[41.752828,41.470545],[41.755302,41.4697],[41.756612,41.467817],[41.768296,41.463939],[41.773277,41.460958],[41.774381,41.46076],[41.775875,41.463729],[41.78688,41.461247],[41.787427,41.456324],[41.788896,41.454278],[41.788788,41.450297],[41.789443,41.449355],[41.796176,41.447165],[41.800152,41.44787],[41.805968,41.445791],[41.808049,41.443014],[41.812076,41.440199],[41.812657,41.437036],[41.814921,41.434218],[41.822239,41.432454],[41.823607,41.430572],[41.825336,41.432494],[41.829529,41.434988],[41.836983,41.436657],[41.84494,41.440488],[41.84666,41.443874],[41.847343,41.448603],[41.852062,41.449052],[41.856632,41.45195],[41.881394,41.460353],[41.883778,41.463253],[41.884483,41.46757],[41.886757,41.469598],[41.887779,41.471747],[41.894624,41.474813],[41.894443,41.478604],[41.892625,41.479744],[41.897349,41.483335],[41.899567,41.487831],[41.901027,41.489105],[41.906615,41.491817],[41.910075,41.494516],[41.911428,41.499309],[41.91833,41.501278],[41.925104,41.507244],[41.927734,41.508229],[41.933565,41.50843],[41.936783,41.509842],[41.938973,41.511136],[41.941879,41.515329],[41.948647,41.517612],[41.953177,41.520911],[41.9409888,41.5182242],[41.9291292,41.5193342],[41.9240982,41.5203519],[41.9157449,41.5267533],[41.9075407,41.5299895],[41.8952068,41.5313853],[41.8921578,41.5310148],[41.8880705,41.5283116],[41.8808796,41.5263882],[41.8674253,41.5271744],[41.8590868,41.5252184],[41.8554742,41.5285763],[41.8488544,41.5306994],[41.8386159,41.5284017],[41.8305346,41.5290432],[41.8262109,41.5312283],[41.8200292,41.5322096],[41.8059211,41.530666],[41.8008593,41.5322535],[41.7962511,41.5324131],[41.7727232,41.526379],[41.76826,41.5272786],[41.7687412,41.5353461],[41.7659121,41.538261],[41.7642456,41.5435821],[41.7656823,41.5456001],[41.7687023,41.5474136],[41.7683157,41.5487405],[41.7641375,41.5536933],[41.7638071,41.5603093],[41.7559028,41.5649831],[41.7567348,41.5713437],[41.7564757,41.5765198],[41.7546552,41.5822305],[41.7565501,41.5903503],[41.7594138,41.5944639],[41.7623641,41.5968515],[41.7661817,41.5972471],[41.7778354,41.5944061],[41.7843496,41.5945886],[41.7877555,41.5955481],[41.8009251,41.6085901],[41.80463,41.6112857],[41.8159025,41.6162077],[41.8209621,41.6175978],[41.822794,41.6193768],[41.8226385,41.6225411],[41.8243293,41.6271968],[41.8225836,41.6314693],[41.8174858,41.6336326],[41.8097603,41.6345704],[41.8073034,41.6376707],[41.8093342,41.6509777],[41.8047596,41.6580518],[41.7993753,41.6581898],[41.7820034,41.6522313],[41.7689154,41.6526093],[41.7568998,41.6561866],[41.7550906,41.6604062],[41.7555183,41.6640335],[41.754303,41.6649939],[41.7508525,41.6641283],[41.7388544,41.6657266],[41.7368674,41.6641921],[41.7348933,41.6644646],[41.7356527,41.6686278],[41.7344931,41.6718301],[41.7307207,41.673401],[41.7288013,41.6796399],[41.7277981,41.6798838],[41.7285131,41.6824431],[41.725416,41.680634],[41.7247365,41.6793124],[41.7254726,41.6783607],[41.7217559,41.6780365],[41.7209714,41.6768785],[41.7172354,41.6771156],[41.7156102,41.6780225],[41.7147323,41.6795991],[41.7111083,41.6798083],[41.7094085,41.6786504],[41.7093151,41.6769343],[41.7069614,41.675539],[41.6991484,41.6764413],[41.7001973,41.6751461],[41.6985992,41.6746846],[41.6990054,41.6738054],[41.6978466,41.671872],[41.6946146,41.6697883],[41.6968292,41.6697584],[41.694569,41.6684951],[41.6962278,41.667499],[41.6959188,41.6663328],[41.6920159,41.6648993],[41.69239,41.6635144],[41.6900199,41.6616583],[41.6897522,41.6584465],[41.6888381,41.658136],[41.6941564,41.6534214],[41.6920643,41.6547681],[41.6831133,41.6485849],[41.6803211,41.6493666],[41.6764265,41.6488996],[41.6757479,41.6478233],[41.6740447,41.6475127],[41.6726304,41.645305],[41.6753161,41.6434579],[41.6773116,41.6432735],[41.678149,41.641965],[41.6782204,41.6390544],[41.6809678,41.6375342],[41.6813457,41.6360853],[41.6827517,41.63622],[41.6820538,41.6347301],[41.6813938,41.6351981],[41.6807893,41.6344362],[41.6818016,41.6323736],[41.6814959,41.6314745],[41.6827924,41.6306526],[41.681866,41.6294817],[41.6776216,41.629932],[41.6766683,41.631818],[41.6765029,41.634847],[41.6746257,41.6346159],[41.6736847,41.6356411],[41.6727953,41.6349178],[41.669905,41.6367849],[41.6683792,41.6361625],[41.6648581,41.6368781],[41.6659342,41.6354853],[41.6657888,41.6341207],[41.6621277,41.6347983],[41.6597666,41.6340567],[41.6586809,41.6368694],[41.6601041,41.6384005],[41.6586015,41.6395945],[41.654203,41.6390056],[41.6528432,41.6357155],[41.6512281,41.6354698],[41.6514253,41.6342171],[41.6543831,41.6315089],[41.6536437,41.6305325],[41.6535204,41.6274005],[41.6561085,41.6271517],[41.6568542,41.6281239],[41.6579718,41.6278373],[41.6579448,41.6252356],[41.6564536,41.6224718],[41.659017,41.6210254],[41.6581913,41.6178929],[41.6616667,41.6159488],[41.6634044,41.6121066],[41.6621967,41.6107428],[41.6626157,41.6082825],[41.6532863,41.6014448],[41.6531877,41.5997675],[41.6515486,41.5981178],[41.6485291,41.5966339],[41.6432896,41.5956265],[41.6490125,41.5928072],[41.6549106,41.5925006],[41.6590605,41.5880885],[41.6629746,41.5858863],[41.6658439,41.5783317],[41.6653417,41.5739631],[41.6683491,41.5692874],[41.6615894,41.5709965],[41.654302,41.5744711],[41.6491722,41.5792246],[41.6362733,41.585662],[41.6213588,41.5900954],[41.5980183,41.595455],[41.5955358,41.5869488],[41.5934717,41.5826454],[41.593439,41.5800324],[41.5927245,41.5796342],[41.5916224,41.5807136],[41.5919353,41.5801826],[41.5896137,41.5788463],[41.5889593,41.576641],[41.5880904,41.5762077],[41.5895632,41.5721603],[41.591572,41.5720911],[41.5917107,41.5696917],[41.5908683,41.568998],[41.591647,41.5674516],[41.5910739,41.5673795],[41.5918211,41.5671664],[41.5894657,41.5662622],[41.5897096,41.5649604],[41.5889664,41.5643754],[41.587121,41.5650377],[41.5855975,41.5643794],[41.5844627,41.5608017],[41.5853454,41.5608052],[41.5850558,41.5585932],[41.5866807,41.556993],[41.5842252,41.5552528],[41.5823713,41.5514803],[41.5829439,41.5493958],[41.5821459,41.5487272],[41.5839427,41.5465268],[41.5803681,41.5430885],[41.5806339,41.5419191],[41.5784608,41.5406476],[41.5777459,41.5388356],[41.5781352,41.5377071],[41.5766912,41.5354235],[41.5771726,41.5343055],[41.5755091,41.5340776],[41.5750844,41.5317621],[41.5728689,41.5312428],[41.5723309,41.5323238],[41.5688979,41.5332086],[41.5679282,41.5346181],[41.5608789,41.537118],[41.5594872,41.5391664],[41.5604586,41.5428576],[41.5595513,41.5440436],[41.5530544,41.5406105],[41.5494304,41.5347162],[41.5485068,41.5260318],[41.5469943,41.5206738]]]}},{"type":"Feature","properties":{"sourceName":"Keda Municipality","sourceId":"osm-relation-2009240","code":"09","nameKa":"ქედა","nameEn":"Keda","source":"OpenStreetMap"},"geometry":{"type":"Polygon","coordinates":[[[41.7546552,41.5822305],[41.7564757,41.5765198],[41.7567348,41.5713437],[41.7559028,41.5649831],[41.7638071,41.5603093],[41.7641375,41.5536933],[41.7662562,41.5518441],[41.7667779,41.5498337],[41.7683157,41.5487405],[41.7687023,41.5474136],[41.7656823,41.5456001],[41.7642456,41.5435821],[41.7659121,41.538261],[41.7687412,41.5353461],[41.76826,41.5272786],[41.7727232,41.526379],[41.7962511,41.5324131],[41.8008593,41.5322535],[41.8059211,41.530666],[41.8200292,41.5322096],[41.8262109,41.5312283],[41.8305346,41.5290432],[41.8386159,41.5284017],[41.8488544,41.5306994],[41.8554742,41.5285763],[41.8590868,41.5252184],[41.8674253,41.5271744],[41.8808796,41.5263882],[41.8880705,41.5283116],[41.8921578,41.5310148],[41.8952068,41.5313853],[41.9075407,41.5299895],[41.9157449,41.5267533],[41.9240982,41.5203519],[41.9291292,41.5193342],[41.9409888,41.5182242],[41.9455938,41.5189613],[41.953177,41.520911],[41.955316,41.5233],[41.961345,41.524511],[41.96556,41.524165],[41.973304,41.521214],[41.982612,41.522556],[41.986901,41.520611],[41.987977,41.518398],[41.991097,41.516742],[41.991586,41.514057],[41.990659,41.511746],[41.992362,41.509138],[41.992638,41.506465],[41.99448,41.504775],[42.002949,41.504493],[42.005051,41.502444],[42.011919,41.502578],[42.019677,41.500538],[42.027002,41.499996],[42.031528,41.495449],[42.038341,41.494115],[42.042902,41.494141],[42.048665,41.495799],[42.051468,41.498386],[42.057829,41.498274],[42.062264,41.501086],[42.063312,41.500793],[42.065304,41.503816],[42.06894,41.504138],[42.08479,41.510166],[42.09833,41.509411],[42.100622,41.507136],[42.101973,41.50685],[42.105283,41.507665],[42.105667,41.50859],[42.110361,41.511132],[42.1143776,41.5109155],[42.1135603,41.5177777],[42.114963,41.5293356],[42.114771,41.5336518],[42.1067784,41.5409406],[42.1069432,41.5458419],[42.1052056,41.5504072],[42.1027916,41.5529389],[42.1020612,41.5606983],[42.1049204,41.5653794],[42.1062342,41.5703083],[42.0995757,41.5819524],[42.0981942,41.5871016],[42.10021,41.593491],[42.0997718,41.6032728],[42.1023006,41.6067948],[42.1079226,41.6098171],[42.1246005,41.6145568],[42.1261468,41.6229487],[42.1232962,41.6266228],[42.1240587,41.6316659],[42.1258488,41.6353285],[42.1271534,41.6444364],[42.1223526,41.6470439],[42.1202422,41.6471448],[42.1199373,41.6517813],[42.1184783,41.6535329],[42.106885,41.6571077],[42.1047501,41.6595511],[42.0992285,41.6752762],[42.0986464,41.6882243],[42.0997938,41.6968951],[42.0944839,41.6953205],[42.0911585,41.6923557],[42.0862331,41.6907906],[42.0770202,41.6905564],[42.0713537,41.6883956],[42.0622369,41.6945001],[42.0571545,41.6963863],[42.0421696,41.6962894],[42.0324401,41.6989189],[42.0014116,41.6966725],[41.9809453,41.6987287],[41.9770256,41.7003539],[41.9761364,41.702923],[41.9737924,41.7037254],[41.9631786,41.7005646],[41.954757,41.6917001],[41.9564957,41.6874251],[41.9566721,41.6836859],[41.955422,41.6776027],[41.9522537,41.6714696],[41.9515915,41.661082],[41.9374224,41.6520631],[41.9315856,41.64557],[41.9235174,41.6456422],[41.9170521,41.6443166],[41.9053004,41.6411199],[41.8989326,41.6377795],[41.8904404,41.6387021],[41.8851548,41.6368305],[41.8754983,41.6380085],[41.8716774,41.6376164],[41.8643428,41.630503],[41.8596656,41.624038],[41.8471633,41.6127493],[41.8429749,41.6120582],[41.8250601,41.6173254],[41.82083,41.6174964],[41.8159025,41.6162077],[41.80463,41.6112857],[41.8009251,41.6085901],[41.7877555,41.5955481],[41.7843496,41.5945886],[41.7778354,41.5944061],[41.7661817,41.5972471],[41.7623641,41.5968515],[41.7594138,41.5944639],[41.7565501,41.5903503],[41.7546552,41.5822305]]]}},{"type":"Feature","properties":{"sourceName":"Oni Municipality","sourceId":"osm-relation-1997288","code":"71","nameKa":"ონი","nameEn":"Oni","source":"OpenStreetMap"},"geometry":{"type":"Polygon","coordinates":[[[43.2376719,42.5541111],[43.2419227,42.5503764],[43.244892,42.5427414],[43.2440165,42.5329482],[43.2448233,42.524669],[43.2590073,42.5210586],[43.2862856,42.5114775],[43.2910148,42.5066582],[43.2943592,42.4999047],[43.2953593,42.494817],[43.2956825,42.4829159],[43.3034519,42.4611329],[43.3623532,42.459651],[43.3764722,42.4577259],[43.3842162,42.4580479],[43.3948684,42.456922],[43.4024172,42.4536258],[43.4079833,42.4492384],[43.4132187,42.4465471],[43.4186444,42.4476852],[43.4254573,42.4507555],[43.4412629,42.4501211],[43.4484691,42.4489432],[43.4620615,42.4448743],[43.4738736,42.4431187],[43.4871813,42.4388304],[43.491173,42.439946],[43.4982402,42.4445036],[43.5032741,42.4500973],[43.5040542,42.4535092],[43.5096835,42.4582599],[43.5156372,42.4587423],[43.5175907,42.4575865],[43.522299,42.4611586],[43.5254308,42.4603316],[43.530479,42.4573545],[43.5342213,42.4537561],[43.5297411,42.4486719],[43.5298605,42.4450396],[43.5360342,42.4400005],[43.5400236,42.4408245],[43.5433383,42.4425761],[43.5447093,42.4415675],[43.5497819,42.4407169],[43.557013,42.436764],[43.563451,42.4387259],[43.5796863,42.4357669],[43.5882197,42.4365647],[43.5894403,42.4370822],[43.5897154,42.4384317],[43.5882462,42.4411558],[43.5874069,42.4470153],[43.5879112,42.450957],[43.5866163,42.4539762],[43.5875271,42.4562342],[43.5874602,42.4595856],[43.5858494,42.4627802],[43.5847716,42.469745],[43.5939772,42.4712672],[43.6027892,42.4839194],[43.6032699,42.4913771],[43.6014556,42.497621],[43.6022762,42.4996528],[43.6023342,42.5050078],[43.5999412,42.5084592],[43.600643,42.5097234],[43.6073688,42.5145018],[43.6073891,42.5183015],[43.6028928,42.5238479],[43.6034807,42.5263861],[43.6104248,42.5318666],[43.6158247,42.5389612],[43.6148866,42.5409376],[43.6121578,42.5410517],[43.6082613,42.5440392],[43.6048036,42.5455461],[43.595944,42.546036],[43.5930036,42.5475211],[43.5918566,42.5492876],[43.5947852,42.5640034],[43.5954755,42.565154],[43.5986053,42.5668649],[43.60524,42.568569],[43.597175,42.5710619],[43.5892446,42.5721047],[43.5807557,42.5761612],[43.5809504,42.5810355],[43.5887618,42.5864614],[43.6025432,42.6003412],[43.6099905,42.6053865],[43.6125191,42.6094017],[43.6170889,42.6111038],[43.6247194,42.6117712],[43.629789,42.6168677],[43.6319056,42.6173101],[43.6364561,42.6220835],[43.6380949,42.6312003],[43.6450154,42.636755],[43.6460788,42.6385874],[43.6507218,42.6394099],[43.6541254,42.6418359],[43.6574984,42.6427871],[43.6614106,42.6425545],[43.6640002,42.643353],[43.6796402,42.6408253],[43.6832416,42.641187],[43.688874,42.642601],[43.6942369,42.6471986],[43.6973659,42.646547],[43.7004602,42.6438092],[43.7008739,42.6476396],[43.7045869,42.6528568],[43.7066496,42.6596678],[43.715586,42.666582],[43.7187976,42.6719679],[43.716013,42.674884],[43.711159,42.67801],[43.710702,42.680832],[43.7118782,42.6829608],[43.7144421,42.6837321],[43.7149447,42.6846276],[43.7167721,42.6846247],[43.7212012,42.6824102],[43.7275627,42.6833155],[43.7315676,42.6828265],[43.7351978,42.6837409],[43.7389114,42.6824699],[43.744037,42.682498],[43.7571138,42.6893642],[43.760767,42.692281],[43.763702,42.693255],[43.764534,42.69562],[43.7700598,42.7013001],[43.7774819,42.7029529],[43.7795739,42.7053394],[43.7792442,42.7065333],[43.7800136,42.7082167],[43.7824808,42.7090253],[43.7836479,42.7116446],[43.7860137,42.713276],[43.7861223,42.7174785],[43.7907167,42.7227602],[43.7909901,42.7258433],[43.7938933,42.7304082],[43.7940983,42.7343462],[43.7956179,42.736679],[43.7953543,42.7418926],[43.7891876,42.7503525],[43.7811508,42.7528644],[43.7795326,42.7545929],[43.7783235,42.7582621],[43.7768713,42.7580994],[43.771051,42.760679],[43.7693763,42.7598905],[43.7622881,42.7602993],[43.7618126,42.7617145],[43.7626779,42.7625483],[43.7619982,42.7633463],[43.754595,42.766229],[43.749504,42.766614],[43.743342,42.765739],[43.7408625,42.7683842],[43.7381625,42.7692386],[43.7232157,42.7713718],[43.714495,42.775002],[43.7093502,42.7761466],[43.702712,42.7806141],[43.6982918,42.7821417],[43.698163,42.7842047],[43.6907782,42.7861738],[43.6897731,42.7868189],[43.6893117,42.790921],[43.6915219,42.7945898],[43.6909103,42.7966918],[43.6892581,42.7997462],[43.6872411,42.8008011],[43.6853228,42.8006634],[43.684868,42.801874],[43.677487,42.801936],[43.6771033,42.801093],[43.675809,42.801109],[43.6714146,42.7982485],[43.65855,42.796795],[43.6523053,42.7951723],[43.644369,42.79773],[43.6434639,42.7991449],[43.644276,42.801988],[43.639191,42.806481],[43.6395621,42.8088929],[43.6383068,42.812482],[43.627875,42.813102],[43.625507,42.811899],[43.6237151,42.8127547],[43.621537,42.811043],[43.616907,42.812896],[43.60891,42.813681],[43.608294,42.818924],[43.611603,42.831522],[43.610651,42.833934],[43.6087289,42.8333511],[43.6080322,42.8344028],[43.605606,42.8344943],[43.6046988,42.837961],[43.590054,42.84455],[43.58913,42.845714],[43.58906,42.848797],[43.5854673,42.8525415],[43.580741,42.854698],[43.576377,42.857802],[43.572169,42.862816],[43.565165,42.863536],[43.5610472,42.8677058],[43.550748,42.865338],[43.532653,42.866429],[43.52289,42.865569],[43.514774,42.866786],[43.5070719,42.8694699],[43.5045916,42.868965],[43.502437,42.8701106],[43.4980143,42.8705275],[43.4943795,42.8738019],[43.4868318,42.8752722],[43.486923,42.8771041],[43.4877587,42.8776132],[43.4782112,42.8857913],[43.4775624,42.8906031],[43.460511,42.887035],[43.458801,42.887526],[43.457046,42.889852],[43.454611,42.891361],[43.44707,42.893389],[43.418431,42.892409],[43.415157,42.891556],[43.4094608,42.8925673],[43.4068966,42.8917812],[43.4043753,42.8947052],[43.3901817,42.8993462],[43.38551,42.898632],[43.38137,42.896517],[43.368674,42.893179],[43.365044,42.890704],[43.354881,42.889824],[43.3501503,42.8922639],[43.340008,42.889536],[43.334799,42.890121],[43.3334497,42.8911308],[43.3285331,42.883543],[43.3220915,42.8801134],[43.3195585,42.8750711],[43.3191776,42.8716554],[43.3170962,42.8697682],[43.3158429,42.8669216],[43.3188987,42.8655377],[43.3198213,42.8627224],[43.322525,42.861763],[43.3235764,42.8605834],[43.3270311,42.8521679],[43.3309579,42.8502487],[43.3315587,42.8479676],[43.3246279,42.8411711],[43.3165893,42.8379888],[43.3095217,42.8304213],[43.3104279,42.8268453],[43.3156106,42.8239628],[43.3264905,42.8213146],[43.3312461,42.8127881],[43.3341999,42.8104254],[43.3375819,42.8061491],[43.3398217,42.8022724],[43.3399309,42.8005391],[43.3390121,42.7973105],[43.3353115,42.7935789],[43.3366078,42.7873986],[43.331288,42.7830247],[43.3310784,42.7808624],[43.3298578,42.7811819],[43.3281764,42.7774449],[43.3252904,42.7761768],[43.3207381,42.771507],[43.3207354,42.7704429],[43.3227135,42.7681125],[43.3230839,42.7648564],[43.3203137,42.7604902],[43.320368,42.7584785],[43.3158059,42.7519116],[43.319685,42.740773],[43.3221904,42.7386353],[43.3204959,42.7293348],[43.3227094,42.7252035],[43.3264065,42.7207238],[43.3332428,42.7173075],[43.3409141,42.7092111],[43.3398077,42.7067894],[43.3399832,42.7049105],[43.344174,42.6951325],[43.3426916,42.6885228],[43.3458963,42.6837121],[43.3478946,42.6825409],[43.3512675,42.676559],[43.350089,42.6726629],[43.3523812,42.6711105],[43.3599624,42.6498971],[43.3565357,42.648785],[43.3446364,42.6522278],[43.332556,42.6516274],[43.3226338,42.6457423],[43.318983,42.6422872],[43.3118499,42.6398436],[43.306761,42.6363669],[43.2987714,42.6336973],[43.293989,42.6295868],[43.2868875,42.6260792],[43.2791401,42.6146952],[43.2743897,42.6095213],[43.2714073,42.6028857],[43.2666466,42.5981366],[43.2477242,42.5751003],[43.2422481,42.5652367],[43.240409,42.559043],[43.2376719,42.5541111]]]}},{"type":"Feature","properties":{"sourceName":"Sachkhere Municipality","sourceId":"osm-relation-2024545","code":"29","nameKa":"საჩხერე","nameEn":"Sachkhere","source":"OpenStreetMap"},"geometry":{"type":"Polygon","coordinates":[[[43.2600624,42.4415603],[43.2642729,42.4346081],[43.2825969,42.4257421],[43.2880147,42.4164684],[43.2950997,42.4091328],[43.3223803,42.3974167],[43.3285991,42.3900662],[43.3353112,42.3856991],[43.3417636,42.3802648],[43.347191,42.3701379],[43.3522134,42.3644698],[43.3517014,42.3621237],[43.3488968,42.3597446],[43.3467771,42.3531231],[43.3467301,42.3439802],[43.3478872,42.3336019],[43.3496046,42.3326458],[43.3502054,42.3299173],[43.3489609,42.3240953],[43.3470404,42.3220725],[43.3496475,42.3201925],[43.3523638,42.3128884],[43.349821,42.3104963],[43.3605051,42.3036583],[43.3742373,42.2997252],[43.384399,42.2943409],[43.3985601,42.2779557],[43.3963082,42.2764359],[43.3883274,42.2750484],[43.3792675,42.2710936],[43.3746943,42.2708163],[43.3662631,42.2647433],[43.3623727,42.2602229],[43.3701511,42.2471517],[43.3773842,42.244065],[43.3861389,42.2373849],[43.4056791,42.2340438],[43.408408,42.2279158],[43.4102432,42.2117825],[43.4147018,42.2050405],[43.4275492,42.1943739],[43.4536985,42.177295],[43.4521086,42.1721706],[43.4340579,42.1623578],[43.4295768,42.1586825],[43.4331249,42.1538404],[43.4374272,42.1415672],[43.4498736,42.1349322],[43.4569025,42.127798],[43.4654395,42.1172815],[43.4827766,42.1087947],[43.4945757,42.1049103],[43.4997987,42.1013642],[43.4971101,42.0943125],[43.4992281,42.0892373],[43.5163946,42.087547],[43.5257623,42.0897939],[43.5342402,42.0935171],[43.5479527,42.1055982],[43.5589888,42.1099898],[43.5668286,42.1168918],[43.57408,42.1246365],[43.5793483,42.1317183],[43.5808814,42.1398168],[43.5846857,42.1485812],[43.5924718,42.1582449],[43.5984942,42.1702253],[43.603797,42.1760307],[43.6099861,42.1805709],[43.6169641,42.1883095],[43.6248887,42.1989951],[43.6304104,42.2000142],[43.6315806,42.2010382],[43.6319589,42.205822],[43.6296216,42.2051234],[43.6269391,42.2058209],[43.6237906,42.2046458],[43.6216999,42.2066004],[43.6171466,42.2068722],[43.6136782,42.2086135],[43.613938,42.2109062],[43.6123322,42.2114414],[43.6097427,42.2150392],[43.6076725,42.2141172],[43.6016158,42.2147631],[43.6004419,42.2132934],[43.5983447,42.2131358],[43.6013114,42.2173998],[43.60233,42.221338],[43.6049749,42.2244148],[43.6047123,42.227285],[43.6063598,42.2302104],[43.6054102,42.2316185],[43.607907,42.234394],[43.61183,42.236268],[43.6098686,42.2401124],[43.607327,42.242752],[43.6101043,42.2459107],[43.607513,42.2496279],[43.607142,42.2522399],[43.6059903,42.2527812],[43.6064245,42.2552375],[43.6054704,42.2575806],[43.6055248,42.2597325],[43.6086617,42.2600624],[43.609338,42.2630431],[43.6123147,42.2655574],[43.6106013,42.2737392],[43.6186128,42.2754334],[43.621139,42.2778109],[43.6215873,42.2796597],[43.6280214,42.2813591],[43.6298882,42.2841408],[43.6375854,42.2830786],[43.6368771,42.2869514],[43.637507,42.28808],[43.6404205,42.2895522],[43.6450826,42.2893242],[43.6503582,42.2921331],[43.6533542,42.2951856],[43.65331,42.2984441],[43.6553335,42.3023648],[43.657672,42.3037663],[43.665448,42.3037553],[43.6666937,42.3056704],[43.6695227,42.3066584],[43.6711466,42.3087775],[43.671897,42.312627],[43.6741559,42.3163815],[43.6731931,42.3206788],[43.6717147,42.3223299],[43.6726603,42.3251444],[43.6712107,42.3259848],[43.6687543,42.3304421],[43.665244,42.332614],[43.661603,42.334325],[43.6573728,42.3337296],[43.6485963,42.3350992],[43.6442059,42.3347816],[43.6399395,42.3353649],[43.6369721,42.3367071],[43.6317014,42.3366152],[43.6315555,42.3349464],[43.6300574,42.3363302],[43.625215,42.337089],[43.6149865,42.3411587],[43.6139215,42.3441563],[43.605205,42.349776],[43.5993212,42.3515986],[43.594698,42.354478],[43.594428,42.355888],[43.597111,42.360221],[43.606095,42.363394],[43.6114903,42.36702],[43.6139389,42.3715688],[43.616281,42.373391],[43.6201312,42.3806029],[43.6248696,42.3845099],[43.6242943,42.3862964],[43.6222387,42.3856896],[43.6175663,42.3871975],[43.6156803,42.389961],[43.6115641,42.3916611],[43.6098677,42.3939285],[43.6041827,42.396685],[43.601728,42.399674],[43.597189,42.4012517],[43.5903288,42.4074603],[43.5918903,42.4125787],[43.5921204,42.4178303],[43.5942483,42.4209006],[43.5919697,42.4228892],[43.5928789,42.4264268],[43.5903634,42.4284559],[43.5907187,42.4309933],[43.589425,42.4324525],[43.5882197,42.4365647],[43.5796863,42.4357669],[43.563451,42.4387259],[43.557013,42.436764],[43.5497819,42.4407169],[43.5447093,42.4415675],[43.5433383,42.4425761],[43.5400236,42.4408245],[43.5360342,42.4400005],[43.5298605,42.4450396],[43.5297411,42.4486719],[43.5342213,42.4537561],[43.530479,42.4573545],[43.5254308,42.4603316],[43.522299,42.4611586],[43.5175907,42.4575865],[43.5156372,42.4587423],[43.5096835,42.4582599],[43.5040542,42.4535092],[43.5032741,42.4500973],[43.4982402,42.4445036],[43.491173,42.439946],[43.4871813,42.4388304],[43.4738736,42.4431187],[43.4620615,42.4448743],[43.4484691,42.4489432],[43.4412629,42.4501211],[43.4254573,42.4507555],[43.4186444,42.4476852],[43.4132187,42.4465471],[43.4079833,42.4492384],[43.4024172,42.4536258],[43.3948684,42.456922],[43.3842162,42.4580479],[43.3764722,42.4577259],[43.3623532,42.459651],[43.3445524,42.4596079],[43.3180604,42.4611186],[43.3034519,42.4611329],[43.2914607,42.458616],[43.2841437,42.4531915],[43.276219,42.4490331],[43.2708252,42.4468258],[43.2619827,42.4447785],[43.2600624,42.4415603]]]}},{"type":"Feature","properties":{"sourceName":"Chiatura Municipality","sourceId":"osm-relation-2024543","code":"21","nameKa":"ჭიათურა","nameEn":"Chiatura","source":"OpenStreetMap"},"geometry":{"type":"Polygon","coordinates":[[[43.1087535,42.2994802],[43.1198145,42.2934964],[43.1210479,42.2905401],[43.1183044,42.276888],[43.1178952,42.2617859],[43.1228656,42.2582531],[43.1329134,42.2547315],[43.1308453,42.2505457],[43.1327307,42.2497888],[43.1299621,42.2464512],[43.1324302,42.2458759],[43.1280316,42.2430103],[43.1296226,42.2411126],[43.1285921,42.2396428],[43.130244,42.2388184],[43.127175,42.2376655],[43.1278126,42.2363287],[43.1298267,42.2362658],[43.1301108,42.2348929],[43.1318496,42.2332061],[43.1298463,42.2330649],[43.1288194,42.2316587],[43.1312161,42.2315024],[43.1322406,42.2304703],[43.1269266,42.2299198],[43.1264389,42.2291315],[43.1275181,42.2287939],[43.1268583,42.2279148],[43.1228093,42.2282972],[43.1224723,42.2274759],[43.1253037,42.2266526],[43.1251954,42.2256992],[43.1237207,42.2248272],[43.1244039,42.2234094],[43.121154,42.224595],[43.1185024,42.2226499],[43.1190838,42.2214171],[43.1176895,42.2199049],[43.1186967,42.2187109],[43.1173803,42.2168906],[43.1145829,42.2162985],[43.1150905,42.2143385],[43.1123701,42.2120664],[43.1142757,42.2109008],[43.1133098,42.2099023],[43.1205826,42.206621],[43.1302057,42.2063018],[43.1404053,42.2190948],[43.146332,42.2246705],[43.1490973,42.2287653],[43.1528381,42.2323994],[43.1591984,42.2341694],[43.1688187,42.2340852],[43.1813846,42.2319027],[43.1895318,42.2272666],[43.2008681,42.2231566],[43.2120821,42.223332],[43.2214473,42.2208568],[43.2270406,42.215702],[43.2290959,42.2109688],[43.2286349,42.2045289],[43.2175122,42.1898234],[43.2163987,42.1838498],[43.2175466,42.1771966],[43.222009,42.1665446],[43.217708,42.1600451],[43.2071642,42.1365314],[43.2234821,42.1367861],[43.235571,42.1484347],[43.2380649,42.1534503],[43.2447136,42.156173],[43.253114,42.1534423],[43.2626897,42.1545407],[43.2833394,42.1605696],[43.311207,42.1602685],[43.3328852,42.1517703],[43.3391034,42.146619],[43.347893,42.1410278],[43.3642674,42.126729],[43.3706968,42.1256292],[43.3783144,42.1281197],[43.3921151,42.1392736],[43.397097,42.1448232],[43.4064408,42.1503637],[43.4169805,42.1562972],[43.4295768,42.1586825],[43.4340579,42.1623578],[43.4521086,42.1721706],[43.4536985,42.177295],[43.4275492,42.1943739],[43.4147018,42.2050405],[43.4102432,42.2117825],[43.408408,42.2279158],[43.4056791,42.2340438],[43.3861389,42.2373849],[43.3773842,42.244065],[43.3701511,42.2471517],[43.3623727,42.2602229],[43.3662631,42.2647433],[43.3746943,42.2708163],[43.3792675,42.2710936],[43.3883274,42.2750484],[43.3963082,42.2764359],[43.3985601,42.2779557],[43.384399,42.2943409],[43.3742373,42.2997252],[43.3605051,42.3036583],[43.349821,42.3104963],[43.3523638,42.3128884],[43.3496475,42.3201925],[43.3470404,42.3220725],[43.3489609,42.3240953],[43.3502054,42.3299173],[43.3496046,42.3326458],[43.3478872,42.3336019],[43.3467301,42.3439802],[43.3467771,42.3531231],[43.3488968,42.3597446],[43.3517014,42.3621237],[43.3522134,42.3644698],[43.347191,42.3701379],[43.3417636,42.3802648],[43.3353112,42.3856991],[43.3285991,42.3900662],[43.3223803,42.3974167],[43.2950997,42.4091328],[43.2880147,42.4164684],[43.2825969,42.4257421],[43.2642729,42.4346081],[43.2619101,42.438538],[43.2558351,42.4387322],[43.2418301,42.4366047],[43.2227716,42.4203652],[43.2200356,42.4156454],[43.1863611,42.389392],[43.1792434,42.3875783],[43.1706497,42.3872289],[43.1627037,42.3843379],[43.1573507,42.3810628],[43.1496865,42.3783881],[43.1449141,42.3749092],[43.1344637,42.374506],[43.1348274,42.3717527],[43.1314975,42.3632105],[43.128151,42.3503994],[43.1198858,42.3392085],[43.1183446,42.3332302],[43.1184257,42.3209017],[43.1156382,42.3183031],[43.1134682,42.3142279],[43.1167633,42.3093923],[43.1117498,42.3046322],[43.1087535,42.2994802]]]}},{"type":"Feature","properties":{"sourceName":"Kharagauli Municipality","sourceId":"osm-relation-2024540","code":"30","nameKa":"ხარაგაული","nameEn":"Kharagauli","source":"OpenStreetMap"},"geometry":{"type":"Polygon","coordinates":[[[42.9990596,41.9974379],[43.0003609,41.989438],[42.9992531,41.9850873],[43.0031668,41.9792771],[43.0184023,41.9693315],[43.0281497,41.9676542],[43.0392565,41.967899],[43.0513067,41.9507129],[43.0555995,41.9458354],[43.066668,41.936122],[43.0733876,41.9331411],[43.078515,41.9279674],[43.0791982,41.9190065],[43.0811231,41.9100664],[43.0874252,41.9051438],[43.0907178,41.8972781],[43.0899238,41.8947225],[43.090496,41.8926926],[43.1046438,41.8881575],[43.1079529,41.8855172],[43.1171751,41.8820391],[43.1181836,41.8779332],[43.1176826,41.8763283],[43.113026,41.8704633],[43.1102243,41.86492],[43.1124705,41.8616109],[43.1183813,41.8579318],[43.121591,41.8435975],[43.125053,41.8383944],[43.1270446,41.8323353],[43.1343993,41.8332904],[43.1451245,41.8423965],[43.1512612,41.8449966],[43.1560272,41.8454305],[43.1627547,41.8441092],[43.17563,41.845029],[43.1879172,41.8498685],[43.1903496,41.8494071],[43.2058242,41.8544152],[43.2120427,41.8599922],[43.2186668,41.8624778],[43.2316833,41.8643468],[43.2468788,41.8681538],[43.2684749,41.8711023],[43.2789327,41.8734039],[43.2792067,41.8750759],[43.2823295,41.8775053],[43.2867974,41.8773338],[43.2927826,41.8800438],[43.3086483,41.8828995],[43.3111478,41.8848424],[43.3221971,41.8890548],[43.3294351,41.8927343],[43.3351667,41.8930558],[43.354532,41.8964324],[43.3595777,41.8986489],[43.3670954,41.9039979],[43.3736214,41.9107618],[43.3795834,41.9146583],[43.3808047,41.9168199],[43.3890599,41.9183656],[43.3948539,41.9163024],[43.3986091,41.919214],[43.4065047,41.9224213],[43.4111526,41.9279657],[43.4334619,41.9289871],[43.4443879,41.9347206],[43.4466177,41.9392869],[43.4521593,41.9464865],[43.4449098,41.9516588],[43.4376628,41.9526159],[43.4342548,41.9609602],[43.4418887,41.9693963],[43.442173,41.9712807],[43.4391456,41.9745841],[43.4367169,41.9752498],[43.4359337,41.9790135],[43.4441696,41.9805001],[43.447237,41.9823674],[43.4522581,41.9826864],[43.4513949,41.9849278],[43.4594117,41.9885041],[43.4637781,41.9882582],[43.4653472,41.9901827],[43.4712238,41.9934499],[43.4746138,41.9981593],[43.4787774,42.00071],[43.4839593,42.0009806],[43.4950116,42.0052893],[43.489809,42.0126025],[43.5003879,42.0156452],[43.4967612,42.0206054],[43.499738,42.0280359],[43.499043,42.0304094],[43.4995344,42.0369301],[43.4837267,42.0371771],[43.476119,42.0399229],[43.4748745,42.045086],[43.4871248,42.0504697],[43.4923724,42.0561757],[43.493586,42.065106],[43.500013,42.0706878],[43.5012301,42.0733245],[43.5049769,42.0771855],[43.5055213,42.081243],[43.5048164,42.0886873],[43.4992281,42.0892373],[43.4971101,42.0943125],[43.4997987,42.1013642],[43.4945757,42.1049103],[43.4827766,42.1087947],[43.4654395,42.1172815],[43.4569025,42.127798],[43.4498736,42.1349322],[43.4374272,42.1415672],[43.4331249,42.1538404],[43.4295768,42.1586825],[43.4169805,42.1562972],[43.397097,42.1448232],[43.3921151,42.1392736],[43.3783144,42.1281197],[43.3706968,42.1256292],[43.3642674,42.126729],[43.347893,42.1410278],[43.3391034,42.146619],[43.3328852,42.1517703],[43.311207,42.1602685],[43.2833394,42.1605696],[43.2626897,42.1545407],[43.253114,42.1534423],[43.2447136,42.156173],[43.2380649,42.1534503],[43.235571,42.1484347],[43.2234821,42.1367861],[43.2071642,42.1365314],[43.2123586,42.1225564],[43.2135257,42.1151888],[43.208931,42.1080376],[43.2050228,42.1080293],[43.2040572,42.1087855],[43.2040143,42.1099953],[43.2034457,42.1098361],[43.2006499,42.1054376],[43.2007741,42.0982543],[43.2082848,42.0967616],[43.2098293,42.0937961],[43.2172966,42.0928726],[43.2176828,42.0900383],[43.2012063,42.0868824],[43.1949269,42.0827335],[43.1930696,42.08056],[43.1922931,42.0741149],[43.1876932,42.0700368],[43.1847989,42.0695253],[43.1679495,42.0617888],[43.1619472,42.0628257],[43.159632,42.0662111],[43.1599402,42.0724084],[43.1613779,42.075148],[43.1588459,42.0754506],[43.1568718,42.0730614],[43.1567859,42.0694298],[43.1486964,42.0740012],[43.1456387,42.0689838],[43.1436539,42.0681873],[43.1432569,42.0672077],[43.144995,42.0658338],[43.1442439,42.0628827],[43.1464004,42.0589797],[43.1466579,42.0551082],[43.143847,42.0537141],[43.1424093,42.0520332],[43.1390405,42.0512365],[43.1367123,42.0516588],[43.1341159,42.0539929],[43.1328392,42.0523439],[43.1290412,42.0534512],[43.1270235,42.0578396],[43.1198951,42.0576229],[43.1126238,42.0615349],[43.1098822,42.0601595],[43.108348,42.0579899],[43.108447,42.054656],[43.1094833,42.0520523],[43.0996191,42.0520849],[43.0950821,42.0544077],[43.0883785,42.0514284],[43.0841699,42.0518335],[43.0807558,42.048839],[43.0695927,42.0444917],[43.0617969,42.0447524],[43.0564481,42.0437272],[43.0544758,42.0447992],[43.0521798,42.0444964],[43.0522146,42.039986],[43.0457434,42.0352597],[43.0416494,42.0332838],[43.0380463,42.0328466],[43.0350024,42.0307441],[43.0369331,42.0272263],[43.0299647,42.0206296],[43.0268657,42.0151574],[43.0132101,42.0167289],[42.9990596,41.9974379]]]}},{"type":"Feature","properties":{"sourceName":"Adigeni Municipality","sourceId":"osm-relation-2013747","code":"59","nameKa":"ადიგენი","nameEn":"Adigeni","source":"OpenStreetMap"},"geometry":{"type":"Polygon","coordinates":[[[42.4919908,41.7998957],[42.4938667,41.7958639],[42.4989409,41.7906154],[42.5038443,41.7823617],[42.5190667,41.7663995],[42.5212014,41.7630156],[42.5213624,41.7588145],[42.5201176,41.7539887],[42.5185665,41.7496682],[42.5145157,41.7433634],[42.5106562,41.7321325],[42.5013328,41.7216402],[42.4949736,41.715928],[42.4930979,41.7126724],[42.4940216,41.7109767],[42.5077004,41.6975546],[42.5113612,41.6916315],[42.5141642,41.6856898],[42.5152111,41.6807819],[42.5156561,41.6692153],[42.5175513,41.6645401],[42.522327,41.6592839],[42.5315244,41.6579813],[42.5535238,41.6507344],[42.5692551,41.6406265],[42.5744122,41.6348848],[42.5783198,41.6221047],[42.5831115,41.6162031],[42.6001452,41.5882624],[42.6027202,41.5852081],[42.6603274,41.5927009],[42.684129,41.5998375],[42.6871805,41.5990878],[42.697506,41.600269],[42.713653,41.595541],[42.722013,41.595158],[42.740135,41.596111],[42.746598,41.590704],[42.748328,41.588268],[42.750357,41.587713],[42.752686,41.585564],[42.761956,41.585242],[42.763379,41.586367],[42.7692368,41.5851104],[42.7705321,41.5844965],[42.7746387,41.578535],[42.7790762,41.5780121],[42.780882,41.576896],[42.782438,41.577704],[42.782052,41.580075],[42.783286,41.583163],[42.785846,41.584904],[42.793217,41.586692],[42.793404,41.588342],[42.815753,41.588586],[42.8219744,41.5874715],[42.8257926,41.5925216],[42.8287645,41.6199194],[42.8438551,41.6235021],[42.8427346,41.6305663],[42.846307,41.6334405],[42.8569364,41.6382503],[42.8571286,41.646121],[42.8705637,41.6500439],[42.884531,41.6469735],[42.8874492,41.6493466],[42.8887367,41.6526174],[42.8839731,41.655888],[42.8825569,41.6581645],[42.8833109,41.6607022],[42.9095874,41.6640151],[42.916462,41.6703025],[42.9149465,41.6778148],[42.91944,41.6931459],[42.9170787,41.6990287],[42.917052,41.7024874],[42.9092317,41.7050681],[42.9051195,41.7137171],[42.9057624,41.716263],[42.9134048,41.7186149],[42.9181358,41.7295595],[42.9121722,41.7385986],[42.9152064,41.755403],[42.9161188,41.7732854],[42.9192831,41.7769159],[42.9290581,41.7791025],[42.9531898,41.7802051],[42.9632294,41.7835102],[42.9631446,41.7861885],[42.960312,41.790828],[42.957245,41.8028329],[42.9577139,41.8068611],[42.9570039,41.8104212],[42.9548729,41.8117236],[42.9446938,41.8126585],[42.9355715,41.8178545],[42.9181672,41.829823],[42.9120973,41.8328393],[42.9064272,41.832736],[42.890436,41.8259644],[42.88156,41.8261357],[42.8775451,41.8239179],[42.8734907,41.8243015],[42.8716779,41.8270751],[42.8679732,41.8280719],[42.8634579,41.8272227],[42.8595543,41.8278745],[42.8506507,41.8271654],[42.8447446,41.8289149],[42.8407964,41.8317125],[42.8332515,41.8330547],[42.8324961,41.8355969],[42.8301009,41.8381287],[42.823677,41.8376752],[42.8177394,41.8392174],[42.8107144,41.8374272],[42.8011036,41.83903],[42.7973158,41.8362776],[42.795212,41.8279744],[42.7911804,41.8236539],[42.7835309,41.82038],[42.7752313,41.8186563],[42.7631861,41.8130626],[42.7504918,41.8090182],[42.7459346,41.8094794],[42.7425529,41.8134905],[42.7329055,41.8154544],[42.7254125,41.815915],[42.707328,41.8132091],[42.6937753,41.8177061],[42.6891919,41.8200153],[42.6839906,41.8242688],[42.6749183,41.8268272],[42.6734506,41.8296604],[42.6708499,41.831061],[42.6661163,41.8310057],[42.6617905,41.8328426],[42.6475318,41.831388],[42.6415738,41.8326619],[42.6355213,41.8364931],[42.6321098,41.8361901],[42.6275235,41.8340012],[42.6232054,41.8329812],[42.6195609,41.8305788],[42.6142242,41.8234874],[42.6099502,41.8213043],[42.6069718,41.817752],[42.6064378,41.8070372],[42.6047725,41.8016507],[42.5996462,41.7973553],[42.5938297,41.7949067],[42.58797,41.7936203],[42.5805047,41.7936959],[42.5598493,41.7972146],[42.5481494,41.8023171],[42.5384547,41.8037385],[42.51207,41.8024718],[42.5037529,41.8004298],[42.4919908,41.7998957]]]}},{"type":"Feature","properties":{"sourceName":"Khulo Municipality","sourceId":"osm-relation-2009242","code":"11","nameKa":"ხულო","nameEn":"Khulo","source":"OpenStreetMap"},"geometry":{"type":"Polygon","coordinates":[[[42.2544479,41.6952989],[42.2611876,41.6925267],[42.2649407,41.6896428],[42.266829,41.6863738],[42.2699404,41.6837938],[42.2686079,41.6759162],[42.2658634,41.6740177],[42.2654967,41.6712605],[42.2633881,41.6678032],[42.264061,41.6666286],[42.2628164,41.6627654],[42.259798,41.6587253],[42.2597265,41.6555193],[42.2584176,41.6530502],[42.2592759,41.647679],[42.2612143,41.6444588],[42.2611105,41.6429247],[42.2695541,41.6365824],[42.267929,41.6318742],[42.269702,41.6254385],[42.2698478,41.619871],[42.2753339,41.6103257],[42.2728766,41.6023768],[42.2725964,41.5959679],[42.2761124,41.590887],[42.2892639,41.5830462],[42.3117348,41.576212],[42.3180756,41.5701761],[42.3198141,41.5654737],[42.3341171,41.558783],[42.3455599,41.5547099],[42.3621733,41.545177],[42.3800469,41.5383558],[42.3833598,41.5380181],[42.396843,41.5308876],[42.4257683,41.5224499],[42.4352689,41.5185308],[42.442968,41.5114722],[42.4530238,41.5003338],[42.4653535,41.4942024],[42.4794341,41.4924463],[42.4866594,41.4903322],[42.49357,41.4749897],[42.5011418,41.4637928],[42.5102386,41.455727],[42.520598,41.449479],[42.521334,41.453308],[42.517651,41.455835],[42.516791,41.457646],[42.518659,41.459698],[42.516303,41.460882],[42.513316,41.465871],[42.512435,41.469831],[42.512774,41.472079],[42.517959,41.476445],[42.524457,41.478277],[42.526439,41.47972],[42.532349,41.49064],[42.544911,41.493013],[42.549521,41.498988],[42.552954,41.498284],[42.55519,41.498697],[42.556693,41.500787],[42.557769,41.504515],[42.560005,41.506529],[42.563007,41.507598],[42.571324,41.508095],[42.572898,41.509911],[42.571095,41.514207],[42.567998,41.517297],[42.567782,41.519807],[42.564778,41.525278],[42.565088,41.526748],[42.567079,41.527201],[42.568357,41.528829],[42.569949,41.533436],[42.573938,41.535018],[42.577044,41.53984],[42.580754,41.543211],[42.576347,41.555237],[42.573749,41.557961],[42.57652,41.563645],[42.576574,41.565475],[42.591309,41.573697],[42.600945,41.584851],[42.6027202,41.5852081],[42.6001452,41.5882624],[42.5831115,41.6162031],[42.5783198,41.6221047],[42.5744122,41.6348848],[42.5692551,41.6406265],[42.5535238,41.6507344],[42.5315244,41.6579813],[42.522327,41.6592839],[42.5175513,41.6645401],[42.5156561,41.6692153],[42.5152111,41.6807819],[42.5141642,41.6856898],[42.5113612,41.6916315],[42.5077004,41.6975546],[42.4940216,41.7109767],[42.4930979,41.7126724],[42.4949736,41.715928],[42.5013328,41.7216402],[42.5106562,41.7321325],[42.5145157,41.7433634],[42.5185665,41.7496682],[42.5201176,41.7539887],[42.5213624,41.7588145],[42.5212014,41.7630156],[42.5190667,41.7663995],[42.5038443,41.7823617],[42.4989409,41.7906154],[42.4938667,41.7958639],[42.4919908,41.7998957],[42.4880548,41.8037057],[42.4843304,41.805302],[42.4680219,41.8047291],[42.4608062,41.8060703],[42.449044,41.8064527],[42.4412382,41.8082083],[42.4364615,41.8130321],[42.4349188,41.8157845],[42.4354015,41.8252274],[42.4343885,41.8290634],[42.4284126,41.8351463],[42.4004547,41.8422928],[42.3964623,41.8447647],[42.395339,41.8449128],[42.3949367,41.8439257],[42.3936009,41.8442334],[42.3933488,41.8451525],[42.3917663,41.8452604],[42.3902106,41.8437539],[42.3906027,41.8430892],[42.3878646,41.8410704],[42.3857474,41.8416877],[42.3840952,41.8410323],[42.3834729,41.8374514],[42.3806005,41.8347546],[42.3783164,41.8342285],[42.3724174,41.8246479],[42.3668713,41.8221033],[42.3643756,41.8229177],[42.3581565,41.8201852],[42.3559769,41.8204075],[42.3503102,41.8180038],[42.3471665,41.8179605],[42.3335448,41.8214055],[42.3277902,41.8209268],[42.3246352,41.8184164],[42.3155736,41.8150534],[42.3135436,41.8110663],[42.3153232,41.8093736],[42.3101376,41.8052115],[42.3129281,41.8035462],[42.3132098,41.7992874],[42.3215566,41.7934704],[42.3211362,41.7884931],[42.3232242,41.7857737],[42.3222808,41.7842635],[42.3206519,41.7835697],[42.3216705,41.7819636],[42.3214757,41.7807002],[42.3231163,41.7796932],[42.322007,41.7776717],[42.3232393,41.7753484],[42.3223177,41.7749112],[42.3233686,41.7723139],[42.3230877,41.7655087],[42.3259201,41.7571055],[42.3290802,41.7540805],[42.3333167,41.7517002],[42.3334534,41.7483983],[42.3301808,41.747496],[42.3164026,41.7471748],[42.3134661,41.7448339],[42.3130011,41.7427574],[42.3054743,41.7409302],[42.2910621,41.7332716],[42.2913829,41.7306828],[42.2880948,41.7278778],[42.287085,41.722579],[42.2808837,41.7188313],[42.28322,41.7164424],[42.271657,41.705312],[42.2666359,41.7051678],[42.2544479,41.6952989]]]}},{"type":"Feature","properties":{"sourceName":"Shuakhevi Municipality","sourceId":"osm-relation-2009241","code":"10","nameKa":"შუახევი","nameEn":"Shuakhevi","source":"OpenStreetMap"},"geometry":{"type":"Polygon","coordinates":[[[42.0981942,41.5871016],[42.0995757,41.5819524],[42.1062342,41.5703083],[42.1049204,41.5653794],[42.1020612,41.5606983],[42.1027916,41.5529389],[42.1052056,41.5504072],[42.1069432,41.5458419],[42.1067784,41.5409406],[42.114771,41.5336518],[42.114963,41.5293356],[42.1135603,41.5177777],[42.1143776,41.5109155],[42.116991,41.509789],[42.120421,41.506537],[42.127287,41.505337],[42.133887,41.50605],[42.137205,41.508054],[42.148939,41.505464],[42.156933,41.506302],[42.166873,41.509932],[42.168076,41.511654],[42.171835,41.513347],[42.175664,41.513441],[42.17823,41.514602],[42.182505,41.512832],[42.182998,41.511289],[42.186381,41.509039],[42.192494,41.508366],[42.196404,41.506586],[42.199081,41.499517],[42.201397,41.496601],[42.201994,41.493312],[42.202849,41.491823],[42.205382,41.490924],[42.208627,41.491827],[42.211332,41.495414],[42.219147,41.496152],[42.225908,41.498785],[42.228911,41.496845],[42.2326,41.497345],[42.235548,41.496685],[42.238854,41.494752],[42.242405,41.494197],[42.248015,41.493874],[42.250283,41.494889],[42.253872,41.494883],[42.262769,41.49162],[42.267,41.491537],[42.270196,41.493626],[42.274307,41.494226],[42.277653,41.492779],[42.284952,41.492769],[42.289628,41.490044],[42.292218,41.48919],[42.293659,41.489636],[42.295463,41.487209],[42.298212,41.486907],[42.30095,41.483953],[42.304111,41.482518],[42.311603,41.480773],[42.313454,41.481594],[42.315091,41.479506],[42.317421,41.479057],[42.323486,41.473527],[42.325641,41.472892],[42.325577,41.471472],[42.329555,41.467906],[42.341197,41.471652],[42.341783,41.470705],[42.343188,41.470555],[42.344783,41.471689],[42.346998,41.471054],[42.348559,41.471547],[42.353079,41.469548],[42.353671,41.469927],[42.358841,41.466891],[42.361945,41.466825],[42.367769,41.464883],[42.373623,41.465978],[42.375554,41.464833],[42.376844,41.466005],[42.3814,41.467618],[42.382819,41.467102],[42.384983,41.463172],[42.39192,41.466074],[42.397578,41.465974],[42.399614,41.466751],[42.402686,41.464443],[42.405938,41.463693],[42.411428,41.458649],[42.416098,41.458937],[42.422025,41.454325],[42.424929,41.453155],[42.425982,41.451121],[42.43324,41.444332],[42.434725,41.443679],[42.437816,41.443885],[42.439242,41.44163],[42.446492,41.441197],[42.448237,41.440092],[42.448301,41.438447],[42.452152,41.437892],[42.453386,41.438972],[42.456295,41.439173],[42.45924,41.438461],[42.46131,41.436814],[42.472873,41.435623],[42.477265,41.438326],[42.482153,41.437656],[42.485921,41.440802],[42.489646,41.440335],[42.492137,41.445106],[42.497282,41.444074],[42.503254,41.4405],[42.505442,41.440502],[42.506615,41.441625],[42.508499,41.440019],[42.511916,41.439681],[42.520234,41.436706],[42.52445,41.444114],[42.520686,41.447188],[42.520598,41.449479],[42.5102386,41.455727],[42.5011418,41.4637928],[42.49357,41.4749897],[42.4866594,41.4903322],[42.4794341,41.4924463],[42.4653535,41.4942024],[42.4530238,41.5003338],[42.442968,41.5114722],[42.4352689,41.5185308],[42.4257683,41.5224499],[42.396843,41.5308876],[42.3833598,41.5380181],[42.3800469,41.5383558],[42.3621733,41.545177],[42.3455599,41.5547099],[42.3341171,41.558783],[42.3198141,41.5654737],[42.3180756,41.5701761],[42.3117348,41.576212],[42.2892639,41.5830462],[42.2761124,41.590887],[42.2725964,41.5959679],[42.2728766,41.6023768],[42.2753339,41.6103257],[42.2698478,41.619871],[42.269702,41.6254385],[42.267929,41.6318742],[42.2695541,41.6365824],[42.2611105,41.6429247],[42.2612143,41.6444588],[42.2592759,41.647679],[42.2584176,41.6530502],[42.2597265,41.6555193],[42.259798,41.6587253],[42.2628164,41.6627654],[42.264061,41.6666286],[42.2633881,41.6678032],[42.2654967,41.6712605],[42.2658634,41.6740177],[42.2686079,41.6759162],[42.2699404,41.6837938],[42.266829,41.6863738],[42.2649407,41.6896428],[42.2611876,41.6925267],[42.2544479,41.6952989],[42.2666359,41.7051678],[42.271657,41.705312],[42.28322,41.7164424],[42.2808837,41.7188313],[42.287085,41.722579],[42.2880948,41.7278778],[42.2913829,41.7306828],[42.2910621,41.7332716],[42.3054743,41.7409302],[42.3130011,41.7427574],[42.3134661,41.7448339],[42.3164026,41.7471748],[42.3301808,41.747496],[42.3334534,41.7483983],[42.3333167,41.7517002],[42.3290802,41.7540805],[42.3259201,41.7571055],[42.3230877,41.7655087],[42.3233686,41.7723139],[42.3223177,41.7749112],[42.3232393,41.7753484],[42.322007,41.7776717],[42.3231163,41.7796932],[42.3214757,41.7807002],[42.3216705,41.7819636],[42.3206519,41.7835697],[42.3222808,41.7842635],[42.3232242,41.7857737],[42.3211362,41.7884931],[42.3215566,41.7934704],[42.3132098,41.7992874],[42.3129281,41.8035462],[42.3101376,41.8052115],[42.3072595,41.8046241],[42.2945239,41.8072188],[42.2907646,41.8089648],[42.2878037,41.8089338],[42.2865797,41.8097049],[42.2839593,41.8089216],[42.2753485,41.8098309],[42.2688249,41.8073939],[42.2647439,41.807418],[42.2621256,41.8079618],[42.2602208,41.8105888],[42.2567393,41.8045171],[42.2502328,41.800385],[42.2503924,41.7980637],[42.2415089,41.7978477],[42.2395348,41.7971039],[42.2361016,41.7914007],[42.2294712,41.7868811],[42.2238278,41.787633],[42.2221327,41.7865451],[42.2167286,41.7866224],[42.2164715,41.7800883],[42.2079786,41.7706558],[42.2002912,41.766368],[42.1894827,41.7630284],[42.1761471,41.7627012],[42.168602,41.763028],[42.1537744,41.7654793],[42.1450773,41.7609064],[42.1422044,41.7562213],[42.1417591,41.7508315],[42.1440033,41.7465303],[42.1511914,41.7387645],[42.1506891,41.7346516],[42.1404112,41.719529],[42.1382127,41.7151172],[42.1326546,41.7093432],[42.1307985,41.7049398],[42.1190137,41.7007984],[42.0997938,41.6968951],[42.0986464,41.6882243],[42.0992285,41.6752762],[42.1047501,41.6595511],[42.106885,41.6571077],[42.1184783,41.6535329],[42.1199373,41.6517813],[42.1202422,41.6471448],[42.1223526,41.6470439],[42.1271534,41.6444364],[42.1258488,41.6353285],[42.1240587,41.6316659],[42.1232962,41.6266228],[42.1261468,41.6229487],[42.1246005,41.6145568],[42.1079226,41.6098171],[42.1023006,41.6067948],[42.0997718,41.6032728],[42.10021,41.593491],[42.0981942,41.5871016]]]}},{"type":"Feature","properties":{"sourceName":"Akhaltsikhe Municipality","sourceId":"osm-relation-2013748","code":"62","nameKa":"ახალციხე","nameEn":"Akhaltsikhe","source":"OpenStreetMap"},"geometry":{"type":"Polygon","coordinates":[[[42.7974758,41.5159335],[42.7987554,41.513265],[42.802284,41.511508],[42.804119,41.507609],[42.8011303,41.501715],[42.801563,41.496859],[42.80239,41.495777],[42.822804,41.487441],[42.830394,41.478712],[42.834507,41.477555],[42.837051,41.477877],[42.846021,41.473289],[42.849119,41.473393],[42.851401,41.470554],[42.856061,41.471236],[42.858424,41.473338],[42.859011,41.475819],[42.857688,41.477212],[42.861177,41.482079],[42.863105,41.490027],[42.862741,41.49185],[42.868477,41.497782],[42.877189,41.502974],[42.890953,41.502541],[42.89683,41.501414],[42.900942,41.5003],[42.899257,41.497845],[42.898606,41.489738],[42.899082,41.488192],[42.896989,41.487102],[42.89941,41.478982],[42.904815,41.477343],[42.913667,41.476269],[42.926494,41.472613],[42.931771,41.469187],[42.929584,41.467227],[42.931803,41.464357],[42.936054,41.464525],[42.943265,41.457611],[42.95899,41.452448],[42.967043,41.451539],[42.9680632,41.4504466],[42.9787225,41.4559314],[42.9858626,41.4583832],[42.9992568,41.458617],[43.0075589,41.4568223],[43.0216331,41.4516368],[43.0258917,41.4484783],[43.0316273,41.4342323],[43.0601263,41.4255245],[43.0686617,41.4299463],[43.0774362,41.4254795],[43.0918279,41.4355852],[43.0858247,41.4447126],[43.0847523,41.4510312],[43.0855306,41.4547126],[43.0940993,41.4648598],[43.0957646,41.4685558],[43.09629,41.4809038],[43.0999774,41.4913031],[43.1072422,41.5007607],[43.1131988,41.510951],[43.1193077,41.5137654],[43.1284106,41.520118],[43.1333893,41.5264029],[43.1391895,41.5400683],[43.1388894,41.5505328],[43.1273597,41.5565496],[43.1116885,41.562885],[43.1001428,41.5692865],[43.0944318,41.5703552],[43.0881109,41.570478],[43.0890196,41.5787959],[43.0960977,41.5839541],[43.106365,41.5860624],[43.1119078,41.5908066],[43.1158236,41.5982381],[43.117641,41.6067983],[43.1175595,41.6109419],[43.1099117,41.6141513],[43.0997889,41.6165871],[43.1031991,41.6236218],[43.1129224,41.6268838],[43.1406823,41.6319892],[43.1498147,41.6379528],[43.164984,41.6498285],[43.176243,41.6538851],[43.1849194,41.6579],[43.1905066,41.6614778],[43.1943273,41.6727826],[43.1998623,41.6782979],[43.2126795,41.6823754],[43.2245602,41.6829473],[43.2344154,41.681936],[43.2638961,41.6819974],[43.268487,41.6843932],[43.2735331,41.6891221],[43.2760254,41.6926492],[43.2685259,41.7022301],[43.2589655,41.7113915],[43.2463301,41.719342],[43.2441553,41.7231862],[43.2348218,41.7238187],[43.2248428,41.7290934],[43.2168782,41.7363371],[43.2023682,41.7368865],[43.1933217,41.7456626],[43.2030789,41.7485299],[43.2111335,41.7567982],[43.1966045,41.7763458],[43.1824609,41.7819389],[43.1683699,41.7855925],[43.1523453,41.8023963],[43.1452429,41.8150771],[43.1270446,41.8323353],[43.1181638,41.8371252],[43.1067857,41.8361627],[43.0975382,41.8332957],[43.0851363,41.8319264],[43.0690729,41.8316574],[43.0441065,41.8343367],[43.0285611,41.8340709],[43.0181497,41.8354426],[43.0057133,41.8352272],[42.9963257,41.8370025],[42.9834318,41.8348381],[42.9757937,41.8304387],[42.9708205,41.8237595],[42.9683894,41.818676],[42.9628507,41.8135373],[42.9570039,41.8104212],[42.9577139,41.8068611],[42.957245,41.8028329],[42.960312,41.790828],[42.9631446,41.7861885],[42.9632294,41.7835102],[42.9531898,41.7802051],[42.9290581,41.7791025],[42.9192831,41.7769159],[42.9161188,41.7732854],[42.9152064,41.755403],[42.9121722,41.7385986],[42.9181358,41.7295595],[42.9134048,41.7186149],[42.9057624,41.716263],[42.9051195,41.7137171],[42.9092317,41.7050681],[42.917052,41.7024874],[42.9170787,41.6990287],[42.91944,41.6931459],[42.9149465,41.6778148],[42.916462,41.6703025],[42.9095874,41.6640151],[42.8833109,41.6607022],[42.8825569,41.6581645],[42.8839731,41.655888],[42.8887367,41.6526174],[42.8874492,41.6493466],[42.884531,41.6469735],[42.8705637,41.6500439],[42.8571286,41.646121],[42.8569364,41.6382503],[42.846307,41.6334405],[42.8427346,41.6305663],[42.8438551,41.6235021],[42.8287645,41.6199194],[42.8257926,41.5925216],[42.8265845,41.5927041],[42.8271487,41.5907469],[42.8403764,41.5892639],[42.8365871,41.5848074],[42.835665,41.581514],[42.833724,41.579454],[42.834371,41.578323],[42.833284,41.574415],[42.834997,41.572343],[42.8318195,41.5638652],[42.830072,41.5622008],[42.830328,41.5595463],[42.8293295,41.5577655],[42.8257219,41.5570395],[42.823503,41.555542],[42.82095,41.555402],[42.818973,41.552649],[42.818234,41.549251],[42.818689,41.544777],[42.817078,41.542003],[42.816916,41.539593],[42.81284,41.535902],[42.810915,41.535225],[42.80674,41.530893],[42.805351,41.526979],[42.799226,41.520945],[42.7974758,41.5159335]]]}},{"type":"Feature","properties":{"sourceName":"Aspindza Municipality","sourceId":"osm-relation-2013749","code":"60","nameKa":"ასპინძა","nameEn":"Aspindza","source":"OpenStreetMap"},"geometry":{"type":"Polygon","coordinates":[[[42.967367,41.43436],[42.968384,41.432914],[42.97451,41.429409],[42.989095,41.4245173],[42.9900906,41.4225998],[42.990532,41.416278],[42.9894774,41.4136889],[42.9902526,41.4114247],[42.9945795,41.410194],[42.999978,41.407433],[43.003645,41.406719],[43.006273,41.398258],[43.010825,41.39637],[43.012084,41.394928],[43.013982,41.389438],[43.018258,41.384618],[43.019954,41.38076],[43.021633,41.379462],[43.018652,41.375661],[43.03252,41.370816],[43.035812,41.372382],[43.039101,41.376097],[43.042722,41.376845],[43.055365,41.372302],[43.05923,41.366879],[43.060552,41.366324],[43.067398,41.364747],[43.073953,41.364811],[43.084196,41.359174],[43.096154,41.357131],[43.108759,41.349472],[43.112666,41.345529],[43.113529,41.342982],[43.119631,41.335489],[43.123733,41.332126],[43.1250642,41.3290176],[43.129022,41.325415],[43.1319379,41.3208293],[43.1354266,41.3187299],[43.150641,41.316159],[43.1594162,41.3160935],[43.1661991,41.3084169],[43.1674962,41.3089137],[43.176916,41.307174],[43.1791688,41.3060105],[43.181062,41.3061927],[43.1831532,41.3046148],[43.1891864,41.3042358],[43.1986739,41.3086032],[43.2043793,41.3055176],[43.2072423,41.3052126],[43.2125941,41.3062313],[43.2137502,41.3049778],[43.2170884,41.3057751],[43.2218304,41.3091049],[43.2232246,41.3116316],[43.2261743,41.3139816],[43.2261079,41.3160102],[43.2304031,41.3196088],[43.2306902,41.3223771],[43.2322637,41.3243584],[43.2359761,41.3262723],[43.2378776,41.3300937],[43.2436826,41.3315973],[43.2464724,41.3308585],[43.2482919,41.3319009],[43.2517152,41.3314657],[43.2535541,41.3297597],[43.2565267,41.3237637],[43.2603274,41.3240168],[43.2639932,41.3255856],[43.2654219,41.3267191],[43.2655027,41.3277414],[43.2640606,41.3292595],[43.2637237,41.3320021],[43.26486,41.3355842],[43.2615177,41.3381769],[43.2625715,41.3435556],[43.2559071,41.3489404],[43.2549656,41.3551621],[43.253629,41.3581071],[43.2540468,41.3595031],[43.2562061,41.3609435],[43.2551176,41.3643649],[43.2562034,41.3684745],[43.263535,41.3724502],[43.2661505,41.372127],[43.2691956,41.3736437],[43.2753836,41.3743829],[43.2812714,41.3736639],[43.2817957,41.3655371],[43.2844522,41.3663411],[43.288765,41.3657544],[43.2911341,41.3671713],[43.292498,41.3695251],[43.2971547,41.3716006],[43.2934304,41.3785469],[43.2892742,41.3783003],[43.2869283,41.379405],[43.2890081,41.3807855],[43.2884717,41.3825404],[43.2862723,41.3842228],[43.2835364,41.3850278],[43.2821846,41.387177],[43.282721,41.3879176],[43.2853174,41.3865653],[43.2869911,41.3865814],[43.2895875,41.3901714],[43.288579,41.3924572],[43.2891583,41.3928919],[43.2919478,41.3908153],[43.2960892,41.3913143],[43.2959819,41.3857442],[43.2968007,41.3838952],[43.3030844,41.3841987],[43.3044147,41.383603],[43.3053585,41.3798441],[43.3079981,41.3784508],[43.3178321,41.3817877],[43.3256977,41.3793048],[43.3300996,41.3795297],[43.3342695,41.381387],[43.3386709,41.3869104],[43.3440513,41.3856917],[43.3470562,41.3905757],[43.3486682,41.3979706],[43.3536585,41.4102407],[43.3545697,41.4175504],[43.3484458,41.4215551],[43.3504871,41.4259634],[43.3330999,41.4250203],[43.3269882,41.4340399],[43.3295348,41.4367559],[43.323935,41.4480305],[43.3214946,41.4554043],[43.3253013,41.4605396],[43.3372888,41.4649472],[43.3405405,41.4698628],[43.3392207,41.4774643],[43.3410607,41.4825712],[43.345739,41.4882565],[43.354691,41.4873777],[43.3609383,41.4841064],[43.3730518,41.4846467],[43.3829691,41.4814553],[43.3859109,41.4878454],[43.3858881,41.4920042],[43.3784211,41.4963825],[43.3735084,41.5058135],[43.362559,41.5020492],[43.3598736,41.5067609],[43.3552226,41.5236289],[43.356805,41.5278851],[43.35614,41.5318975],[43.3448272,41.5336403],[43.3406413,41.5431055],[43.3399535,41.5479642],[43.3442497,41.5562816],[43.3452523,41.5611646],[43.3394877,41.5661618],[43.3362853,41.5701374],[43.3402138,41.5818364],[43.3461439,41.5925058],[43.3478741,41.6020561],[43.3567717,41.6070522],[43.3742306,41.6081473],[43.3794973,41.61182],[43.3932748,41.6249257],[43.3967208,41.6338643],[43.4033648,41.639037],[43.4156674,41.6436524],[43.4396321,41.6562575],[43.4420746,41.6603125],[43.4411517,41.6634753],[43.4160161,41.6639781],[43.4004119,41.6671488],[43.3889973,41.6720696],[43.3814561,41.6777171],[43.376857,41.6833292],[43.3685953,41.6973943],[43.3648607,41.6998813],[43.3504344,41.7007335],[43.3323612,41.6896773],[43.3174937,41.6858621],[43.3136303,41.6824187],[43.3032536,41.6797259],[43.2944259,41.6825586],[43.2828029,41.6842906],[43.2735331,41.6891221],[43.268487,41.6843932],[43.2638961,41.6819974],[43.2344154,41.681936],[43.2245602,41.6829473],[43.2126795,41.6823754],[43.1998623,41.6782979],[43.1943273,41.6727826],[43.1905066,41.6614778],[43.1849194,41.6579],[43.164984,41.6498285],[43.1498147,41.6379528],[43.1406823,41.6319892],[43.1129224,41.6268838],[43.1031991,41.6236218],[43.0997889,41.6165871],[43.1099117,41.6141513],[43.1175595,41.6109419],[43.1172148,41.6036893],[43.1158236,41.5982381],[43.1119078,41.5908066],[43.106365,41.5860624],[43.0960977,41.5839541],[43.0890196,41.5787959],[43.0881109,41.570478],[43.0944318,41.5703552],[43.1001428,41.5692865],[43.1116885,41.562885],[43.1273597,41.5565496],[43.1388894,41.5505328],[43.1391895,41.5400683],[43.1333893,41.5264029],[43.1284106,41.520118],[43.1193077,41.5137654],[43.1131988,41.510951],[43.1072422,41.5007607],[43.0999774,41.4913031],[43.09629,41.4809038],[43.0957646,41.4685558],[43.0940993,41.4648598],[43.0855306,41.4547126],[43.0847523,41.4510312],[43.0858247,41.4447126],[43.0918279,41.4355852],[43.0774362,41.4254795],[43.0686617,41.4299463],[43.0601263,41.4255245],[43.0316273,41.4342323],[43.0258917,41.4484783],[43.0216331,41.4516368],[43.0075589,41.4568223],[42.9992568,41.458617],[42.9858626,41.4583832],[42.9787225,41.4559314],[42.9680632,41.4504466],[42.971399,41.441474],[42.968066,41.437253],[42.967367,41.43436]]]}},{"type":"Feature","properties":{"sourceName":"Borjomi Municipality","sourceId":"osm-relation-2013752","code":"58","nameKa":"ბორჯომი","nameEn":"Borjomi","source":"OpenStreetMap"},"geometry":{"type":"Polygon","coordinates":[[[43.1270446,41.8323353],[43.1452429,41.8150771],[43.1523453,41.8023963],[43.1683699,41.7855925],[43.1824609,41.7819389],[43.1966045,41.7763458],[43.2111335,41.7567982],[43.2030789,41.7485299],[43.1933217,41.7456626],[43.2023682,41.7368865],[43.2168782,41.7363371],[43.2248428,41.7290934],[43.2348218,41.7238187],[43.2441553,41.7231862],[43.2463301,41.719342],[43.2589655,41.7113915],[43.2685259,41.7022301],[43.2760254,41.6926492],[43.2735331,41.6891221],[43.2828029,41.6842906],[43.2944259,41.6825586],[43.3032536,41.6797259],[43.3136303,41.6824187],[43.3174937,41.6858621],[43.3323612,41.6896773],[43.3504344,41.7007335],[43.3648607,41.6998813],[43.3685953,41.6973943],[43.376857,41.6833292],[43.3814561,41.6777171],[43.3889973,41.6720696],[43.4004119,41.6671488],[43.4160161,41.6639781],[43.4411517,41.6634753],[43.4424902,41.665264],[43.4484237,41.6656227],[43.4555041,41.6646042],[43.4645399,41.6594342],[43.4683906,41.6536376],[43.4781727,41.648198],[43.4912348,41.6453069],[43.4983707,41.6417802],[43.506338,41.6343651],[43.5157174,41.6300309],[43.5172387,41.6195107],[43.520232,41.611151],[43.5203593,41.6055845],[43.5268486,41.5975921],[43.5328142,41.596276],[43.5420234,41.5991779],[43.5459345,41.6067464],[43.5521345,41.6115588],[43.5591209,41.6144314],[43.5646054,41.6181203],[43.5820925,41.6194512],[43.585833,41.6215023],[43.5914878,41.6224575],[43.5908838,41.633683],[43.5873255,41.6370742],[43.5871943,41.6380542],[43.6581406,41.6565113],[43.661849,41.6562309],[43.6643344,41.6588664],[43.6699079,41.6608693],[43.6750942,41.6614861],[43.6757911,41.663722],[43.68587,41.6794325],[43.6965612,41.6834529],[43.7032241,41.6846422],[43.7194225,41.6920643],[43.7225122,41.7049087],[43.7275928,41.7110915],[43.7334995,41.7131061],[43.738232,41.7181708],[43.7511196,41.7244381],[43.7648491,41.7257004],[43.7790827,41.7200044],[43.7832336,41.7167067],[43.8016232,41.7071532],[43.8098589,41.703897],[43.8244096,41.7007051],[43.8326333,41.6980041],[43.8331599,41.709984],[43.8360521,41.714469],[43.8452275,41.7209666],[43.8629188,41.7294974],[43.8711008,41.7292995],[43.8736589,41.731831],[43.8709497,41.7379309],[43.8711703,41.7465659],[43.8744337,41.751332],[43.8817492,41.7583654],[43.8937953,41.7669625],[43.892308,41.7715561],[43.8881783,41.773744],[43.8810583,41.772516],[43.8725654,41.7762185],[43.8641161,41.7773971],[43.8573743,41.7773303],[43.849209,41.7838073],[43.8412775,41.7848367],[43.8340294,41.7875882],[43.8272851,41.7930591],[43.8181195,41.7959064],[43.8044569,41.7983074],[43.802056,41.7957608],[43.7948217,41.7943506],[43.7923965,41.7929191],[43.7776697,41.7970528],[43.7712241,41.7960547],[43.7611242,41.7930031],[43.7569944,41.7941381],[43.7502489,41.7938504],[43.7490482,41.795005],[43.7422634,41.7950978],[43.7399926,41.7939767],[43.7377731,41.7959183],[43.7344561,41.7953695],[43.7332551,41.7965239],[43.7285854,41.7975447],[43.7195015,41.8027341],[43.7134521,41.8026427],[43.7048882,41.8073672],[43.6985456,41.8090043],[43.6965948,41.81096],[43.6968331,41.8149186],[43.6943229,41.8161769],[43.682709,41.8141546],[43.6692355,41.817009],[43.6654384,41.8188475],[43.6647146,41.8214843],[43.6617278,41.8264039],[43.6611295,41.831169],[43.6630789,41.8357872],[43.6620079,41.838253],[43.6592879,41.8407656],[43.659036,41.8436724],[43.6490473,41.8416426],[43.6265237,41.8405034],[43.6163476,41.8447324],[43.6142206,41.846803],[43.613491,41.8515982],[43.6068999,41.8547938],[43.6056375,41.8606121],[43.5998943,41.8626092],[43.600282,41.8707349],[43.6029052,41.87511],[43.6029768,41.8799143],[43.6013889,41.8815758],[43.592647,41.8858305],[43.5836649,41.8871351],[43.5746254,41.8911166],[43.5739704,41.8969091],[43.5769786,41.9036603],[43.5766949,41.9103031],[43.5742791,41.9144318],[43.5684596,41.9161651],[43.5637897,41.9164814],[43.5577814,41.9207712],[43.5449552,41.921407],[43.5317497,41.9195715],[43.52633,41.921407],[43.5162019,41.9201936],[43.5128876,41.9233013],[43.5140991,41.9267394],[43.5137057,41.9337845],[43.5097325,41.9396214],[43.5063046,41.9417961],[43.5070824,41.943053],[43.5033917,41.9450001],[43.49899,41.9458119],[43.4930177,41.9444704],[43.4895515,41.9452715],[43.4853673,41.9438989],[43.4803262,41.944075],[43.4760332,41.947809],[43.4710377,41.9500884],[43.4567558,41.9497457],[43.4521593,41.9464865],[43.4466177,41.9392869],[43.4443879,41.9347206],[43.4334619,41.9289871],[43.4111526,41.9279657],[43.4065047,41.9224213],[43.3986091,41.919214],[43.3948539,41.9163024],[43.3890599,41.9183656],[43.3808047,41.9168199],[43.3795834,41.9146583],[43.3736214,41.9107618],[43.3670954,41.9039979],[43.3595777,41.8986489],[43.354532,41.8964324],[43.3351667,41.8930558],[43.3294351,41.8927343],[43.3221971,41.8890548],[43.3111478,41.8848424],[43.3086483,41.8828995],[43.2927826,41.8800438],[43.2867974,41.8773338],[43.2823295,41.8775053],[43.2792067,41.8750759],[43.2789327,41.8734039],[43.2684749,41.8711023],[43.2468788,41.8681538],[43.2316833,41.8643468],[43.2186668,41.8624778],[43.2120427,41.8599922],[43.2058242,41.8544152],[43.1903496,41.8494071],[43.1879172,41.8498685],[43.17563,41.845029],[43.1627547,41.8441092],[43.1560272,41.8454305],[43.1512612,41.8449966],[43.1451245,41.8423965],[43.1343993,41.8332904],[43.1270446,41.8323353]]]}},{"type":"Feature","properties":{"sourceName":"Khashuri Municipality","sourceId":"osm-relation-2025546","code":"47","nameKa":"ხაშური","nameEn":"Khashuri","source":"OpenStreetMap"},"geometry":{"type":"Polygon","coordinates":[[[43.4342548,41.9609602],[43.4376628,41.9526159],[43.4449098,41.9516588],[43.4521593,41.9464865],[43.4567558,41.9497457],[43.4710377,41.9500884],[43.4760332,41.947809],[43.4803262,41.944075],[43.4853673,41.9438989],[43.4895515,41.9452715],[43.4930177,41.9444704],[43.49899,41.9458119],[43.5033917,41.9450001],[43.5070824,41.943053],[43.5063046,41.9417961],[43.5097325,41.9396214],[43.5137057,41.9337845],[43.5140991,41.9267394],[43.5128876,41.9233013],[43.5162019,41.9201936],[43.52633,41.921407],[43.5317497,41.9195715],[43.5449552,41.921407],[43.5577814,41.9207712],[43.5637897,41.9164814],[43.5684596,41.9161651],[43.5742791,41.9144318],[43.5766949,41.9103031],[43.5769786,41.9036603],[43.5739704,41.8969091],[43.5746254,41.8911166],[43.5836649,41.8871351],[43.592647,41.8858305],[43.6013889,41.8815758],[43.6029768,41.8799143],[43.6029052,41.87511],[43.600282,41.8707349],[43.5998943,41.8626092],[43.6056375,41.8606121],[43.6068999,41.8547938],[43.613491,41.8515982],[43.6142206,41.846803],[43.6163476,41.8447324],[43.6265237,41.8405034],[43.638572,41.8406469],[43.6490473,41.8416426],[43.659036,41.8436724],[43.6593714,41.8499034],[43.6646381,41.8583951],[43.6711508,41.8631219],[43.6768449,41.8698739],[43.6825044,41.8783693],[43.6843237,41.884495],[43.6846113,41.8894402],[43.6840016,41.9001889],[43.6854621,41.9048567],[43.6845052,41.9135673],[43.6848346,41.9164781],[43.6870681,41.9214456],[43.6880271,41.9316311],[43.6863987,41.9351009],[43.6964774,41.9372506],[43.7123315,41.9426622],[43.7288803,41.9524397],[43.7451588,41.9563978],[43.7567666,41.9603032],[43.7644591,41.9653282],[43.7692085,41.9816584],[43.7595494,41.9975429],[43.7544828,42.0175462],[43.7467866,42.032288],[43.7392533,42.0386008],[43.7351932,42.0466956],[43.7280181,42.0544652],[43.7271162,42.0605597],[43.7286299,42.0629021],[43.7347722,42.0679118],[43.7404736,42.0755326],[43.7246718,42.0852416],[43.7241186,42.0933731],[43.7256212,42.0962986],[43.7318069,42.099274],[43.7332695,42.104232],[43.7283657,42.1098296],[43.7184315,42.1116029],[43.7090791,42.118546],[43.7090261,42.1253292],[43.7055645,42.1318519],[43.7113687,42.1381298],[43.7123095,42.1406927],[43.7096,42.1422023],[43.7042034,42.1409135],[43.699708,42.1414107],[43.6960494,42.1400464],[43.6886948,42.1418642],[43.689191,42.1444257],[43.6882254,42.147723],[43.6972082,42.1499462],[43.6956418,42.1538218],[43.6911651,42.1578205],[43.6917713,42.1590353],[43.6827598,42.1658616],[43.6713711,42.1639357],[43.6593933,42.1682462],[43.653417,42.168581],[43.6519679,42.1716797],[43.6495642,42.1729082],[43.6483769,42.1749301],[43.644769,42.174801],[43.641131,42.176573],[43.6400352,42.1785117],[43.6400098,42.1831612],[43.6381659,42.1865684],[43.6361774,42.1883738],[43.6359014,42.1902215],[43.6333153,42.1929566],[43.6322513,42.1953241],[43.6325501,42.1973357],[43.6304104,42.2000142],[43.6248887,42.1989951],[43.6169641,42.1883095],[43.6099861,42.1805709],[43.603797,42.1760307],[43.5984942,42.1702253],[43.5924718,42.1582449],[43.5846857,42.1485812],[43.5808814,42.1398168],[43.5793483,42.1317183],[43.57408,42.1246365],[43.5668286,42.1168918],[43.5589888,42.1099898],[43.5479527,42.1055982],[43.5342402,42.0935171],[43.5257623,42.0897939],[43.5163946,42.087547],[43.5048164,42.0886873],[43.5055213,42.081243],[43.5049769,42.0771855],[43.5012301,42.0733245],[43.500013,42.0706878],[43.493586,42.065106],[43.4923724,42.0561757],[43.4871248,42.0504697],[43.4748745,42.045086],[43.476119,42.0399229],[43.4837267,42.0371771],[43.4995344,42.0369301],[43.499043,42.0304094],[43.499738,42.0280359],[43.4967612,42.0206054],[43.5003879,42.0156452],[43.489809,42.0126025],[43.4950116,42.0052893],[43.4839593,42.0009806],[43.4787774,42.00071],[43.4746138,41.9981593],[43.4712238,41.9934499],[43.4653472,41.9901827],[43.4637781,41.9882582],[43.4594117,41.9885041],[43.4513949,41.9849278],[43.4522581,41.9826864],[43.447237,41.9823674],[43.4441696,41.9805001],[43.4359337,41.9790135],[43.4367169,41.9752498],[43.4391456,41.9745841],[43.442173,41.9712807],[43.4418887,41.9693963],[43.4342548,41.9609602]]]}},{"type":"Feature","properties":{"sourceName":"Kareli Municipality","sourceId":"osm-relation-2025547","code":"44","nameKa":"ქარელი","nameEn":"Kareli","source":"OpenStreetMap"},"geometry":{"type":"Polygon","coordinates":[[[43.6593714,41.8499034],[43.6592879,41.8407656],[43.6620079,41.838253],[43.6630789,41.8357872],[43.6611295,41.831169],[43.6617278,41.8264039],[43.6647146,41.8214843],[43.6654384,41.8188475],[43.6692355,41.817009],[43.682709,41.8141546],[43.6943229,41.8161769],[43.6968331,41.8149186],[43.6965948,41.81096],[43.6985456,41.8090043],[43.7048882,41.8073672],[43.7134521,41.8026427],[43.7195015,41.8027341],[43.7285854,41.7975447],[43.7332551,41.7965239],[43.7344561,41.7953695],[43.7377731,41.7959183],[43.7399926,41.7939767],[43.7422634,41.7950978],[43.7490482,41.795005],[43.7502489,41.7938504],[43.7569944,41.7941381],[43.7611242,41.7930031],[43.7712241,41.7960547],[43.7776697,41.7970528],[43.7923965,41.7929191],[43.7948217,41.7943506],[43.802056,41.7957608],[43.8044569,41.7983074],[43.8002548,41.8039445],[43.7953351,41.8054181],[43.793501,41.8067525],[43.7896912,41.8132301],[43.7896199,41.8170145],[43.8075328,41.828874],[43.8154751,41.8327416],[43.8204547,41.8372093],[43.8224709,41.8422772],[43.822806,41.8470125],[43.8302837,41.8533979],[43.8377857,41.8585213],[43.8460421,41.8686991],[43.8489166,41.8731443],[43.8513017,41.8813699],[43.8541714,41.8861304],[43.8612683,41.8906173],[43.903409,41.8951283],[43.924716,41.9085787],[43.9333695,41.9119441],[43.9422207,41.9226212],[43.9430131,41.925782],[43.9408129,41.9311254],[43.9415482,41.9377566],[43.9817904,41.9576784],[43.9884189,41.9708489],[43.985762,41.9723659],[43.9892032,41.9728658],[43.9862328,41.9822478],[43.9801179,41.9858795],[43.9804149,41.9925338],[43.992321,42.0071884],[44.0037831,42.0066024],[44.0113511,42.0051809],[44.0230864,42.0053674],[44.0348278,42.0033096],[44.0358853,42.0024181],[44.0368509,42.0029961],[44.0359819,42.0036259],[44.0365076,42.0041999],[44.0361535,42.0076121],[44.0408742,42.0086405],[44.0430415,42.012447],[44.046185,42.0118691],[44.0491086,42.0099917],[44.055149,42.0105219],[44.0540278,42.0126822],[44.0539343,42.0149207],[44.0521824,42.0163649],[44.0518123,42.0184612],[44.0503478,42.0187322],[44.0484381,42.0204778],[44.0455842,42.024718],[44.0427367,42.0364339],[44.0096427,42.0421467],[43.9981341,42.0474094],[43.994251,42.0521071],[43.9801294,42.0617613],[43.9569332,42.0823721],[43.9472537,42.1043647],[43.9268371,42.1344579],[43.9190384,42.1444788],[43.9145581,42.1586309],[43.9146363,42.1622998],[43.9127183,42.1589021],[43.8980422,42.1586738],[43.8949732,42.1611385],[43.8872191,42.1599331],[43.8809087,42.1619398],[43.879633,42.1638371],[43.8791309,42.167404],[43.8721928,42.1704305],[43.8693636,42.1699335],[43.8687921,42.1643034],[43.8659356,42.1632132],[43.8664201,42.159701],[43.8710188,42.1570663],[43.8728541,42.1550296],[43.873077,42.15252],[43.8722742,42.1513138],[43.865699,42.153448],[43.8647477,42.1530907],[43.872322,42.145996],[43.873191,42.141645],[43.8680294,42.1367171],[43.8717506,42.1353332],[43.8720983,42.1326488],[43.8690874,42.1323248],[43.867962,42.1310487],[43.8652825,42.1317983],[43.862967,42.133577],[43.85807,42.133057],[43.8583558,42.1288678],[43.8575935,42.1284979],[43.8584196,42.1265007],[43.8567671,42.126285],[43.8570142,42.1251718],[43.8543428,42.1245546],[43.8472348,42.1100172],[43.8410957,42.1096657],[43.8388496,42.1072361],[43.8370792,42.1080168],[43.839408,42.112724],[43.836623,42.11358],[43.834845,42.111323],[43.825042,42.115229],[43.823095,42.11356],[43.819561,42.11641],[43.816248,42.115904],[43.813157,42.120408],[43.808346,42.119592],[43.807953,42.123682],[43.806282,42.124195],[43.80298,42.123042],[43.797827,42.123577],[43.79708,42.129577],[43.791769,42.130052],[43.791251,42.132343],[43.798016,42.134476],[43.796482,42.13611],[43.796551,42.140793],[43.792416,42.14181],[43.79141,42.140621],[43.789904,42.140723],[43.787431,42.141758],[43.78331,42.146132],[43.784219,42.148262],[43.79092,42.149747],[43.792048,42.148698],[43.79901,42.148889],[43.803154,42.147401],[43.812821,42.151095],[43.809927,42.15348],[43.809054,42.15783],[43.809557,42.160545],[43.808671,42.16136],[43.80408,42.161312],[43.801998,42.162528],[43.796935,42.162298],[43.793864,42.161441],[43.792943,42.1599],[43.790859,42.161233],[43.785978,42.159767],[43.784289,42.161163],[43.779324,42.159991],[43.778581,42.161574],[43.770424,42.161663],[43.769633,42.165719],[43.749152,42.166381],[43.74613,42.167055],[43.744037,42.1688],[43.742693,42.168667],[43.736766,42.164125],[43.733983,42.164683],[43.731556,42.167307],[43.726239,42.167896],[43.727574,42.164495],[43.7324384,42.1606469],[43.7257743,42.1585498],[43.715145,42.160468],[43.712455,42.160379],[43.710894,42.159302],[43.712967,42.156593],[43.716487,42.154806],[43.716641,42.151097],[43.71443,42.150837],[43.714155,42.148772],[43.710994,42.148501],[43.711509,42.146504],[43.709948,42.145426],[43.709976,42.144251],[43.7139597,42.1446823],[43.7170669,42.1422107],[43.717729,42.140556],[43.7166245,42.1396415],[43.7168205,42.138572],[43.715639,42.1383568],[43.7148504,42.1396058],[43.7123095,42.1406927],[43.7113687,42.1381298],[43.7055645,42.1318519],[43.7090261,42.1253292],[43.7090791,42.118546],[43.7184315,42.1116029],[43.7283657,42.1098296],[43.7332695,42.104232],[43.7318069,42.099274],[43.7256212,42.0962986],[43.7241186,42.0933731],[43.7246718,42.0852416],[43.7404736,42.0755326],[43.7347722,42.0679118],[43.7286299,42.0629021],[43.7271162,42.0605597],[43.7280181,42.0544652],[43.7351932,42.0466956],[43.7392533,42.0386008],[43.7467866,42.032288],[43.7544828,42.0175462],[43.7595494,41.9975429],[43.7692085,41.9816584],[43.7644591,41.9653282],[43.7567666,41.9603032],[43.7451588,41.9563978],[43.7288803,41.9524397],[43.7123315,41.9426622],[43.6964774,41.9372506],[43.6863987,41.9351009],[43.6880271,41.9316311],[43.6870681,41.9214456],[43.6848346,41.9164781],[43.6845052,41.9135673],[43.6854621,41.9048567],[43.6840016,41.9001889],[43.6846113,41.8894402],[43.6843237,41.884495],[43.6825044,41.8783693],[43.6768449,41.8698739],[43.6711508,41.8631219],[43.6646381,41.8583951],[43.6593714,41.8499034]]]}},{"type":"Feature","properties":{"sourceName":"Gori Municipality","sourceId":"osm-relation-2025548","code":"41","nameKa":"გორი","nameEn":"Gori","source":"OpenStreetMap"},"geometry":{"type":"Polygon","coordinates":[[[43.7896199,41.8170145],[43.7896912,41.8132301],[43.793501,41.8067525],[43.7953351,41.8054181],[43.8002548,41.8039445],[43.8044569,41.7983074],[43.8181195,41.7959064],[43.8272851,41.7930591],[43.8340294,41.7875882],[43.8412775,41.7848367],[43.849209,41.7838073],[43.8573743,41.7773303],[43.8641161,41.7773971],[43.8725654,41.7762185],[43.8810583,41.772516],[43.8881783,41.773744],[43.892308,41.7715561],[43.8937953,41.7669625],[43.9050659,41.7484569],[43.9172748,41.748888],[43.9381447,41.7464931],[43.9508997,41.746017],[43.963382,41.7370102],[43.9860576,41.7413135],[44.0108616,41.7443689],[44.0222331,41.7444662],[44.0686212,41.7407505],[44.0829806,41.7380268],[44.0964746,41.7368718],[44.1086829,41.7372826],[44.1217165,41.7389602],[44.130518,41.7421818],[44.1519685,41.7445503],[44.1547349,41.7584513],[44.1690359,41.7830258],[44.1739011,41.7838571],[44.1740942,41.7851371],[44.1765618,41.7844811],[44.1781068,41.7854731],[44.1774416,41.787009],[44.1791796,41.7867051],[44.1824841,41.787873],[44.1874602,41.787187],[44.1890072,41.788177],[44.1870975,41.788753],[44.1884279,41.7896489],[44.1911101,41.7893449],[44.194203,41.7901565],[44.1987705,41.7944963],[44.2087944,41.7953777],[44.2170663,41.7982074],[44.2181682,41.8000793],[44.2221667,41.8006682],[44.2201146,41.8018537],[44.2159333,41.8085796],[44.2185841,41.8142208],[44.2125463,41.8209349],[44.2137589,41.8238643],[44.2181682,41.8227738],[44.2230622,41.8240882],[44.22856,41.8316396],[44.2308526,41.8333167],[44.2326663,41.8398821],[44.2366153,41.8447845],[44.2455818,41.8469865],[44.2429929,41.8486571],[44.2404207,41.8521102],[44.2285621,41.8558166],[44.2234304,41.8614603],[44.2187773,41.8623751],[44.2107795,41.8607432],[44.2007626,41.8518411],[44.1936301,41.8486367],[44.1856145,41.8485802],[44.1790813,41.8545124],[44.1702451,41.8553287],[44.1676271,41.8544318],[44.1671666,41.856982],[44.1613695,41.8588352],[44.1605147,41.8636614],[44.1634515,41.8657711],[44.1774317,41.8739394],[44.1921277,41.8787691],[44.20156,41.8833331],[44.2038774,41.8860169],[44.2007875,41.8881894],[44.1953831,41.8902903],[44.1943073,41.8931732],[44.1963672,41.8944989],[44.2037272,41.8936364],[44.1925048,41.9009675],[44.1902902,41.9036019],[44.1870975,41.9098787],[44.1802889,41.9180845],[44.1830635,41.9247917],[44.1820764,41.9258454],[44.1827631,41.9285274],[44.1773573,41.9299061],[44.1813286,41.9406846],[44.2009992,41.9344921],[44.2085875,41.9358065],[44.2211957,41.9412554],[44.2447692,41.9486682],[44.2497952,41.9524866],[44.2526832,41.958499],[44.2572548,41.9651532],[44.2639337,41.9724516],[44.2630148,41.975923],[44.263916,41.9802938],[44.2746712,41.9752952],[44.2825412,41.9764016],[44.28707,41.9744041],[44.2847728,41.9702119],[44.2908239,41.9681698],[44.2960167,41.9643726],[44.3006086,41.9626813],[44.3007373,41.9612453],[44.3073033,41.9598093],[44.3087196,41.9585327],[44.3228387,41.9612453],[44.3209505,41.9647236],[44.3197059,41.9736578],[44.3222808,41.9736578],[44.3256712,41.9756997],[44.3281173,41.9759549],[44.3341255,41.971871],[44.3336963,41.9757954],[44.3306922,41.9788262],[44.3291902,41.9819526],[44.3265295,41.982814],[44.321208,41.9826226],[44.3132145,41.983747],[44.309389,41.990141],[44.298041,41.9915085],[44.3008781,42.0018014],[44.3004695,42.0138345],[44.3012011,42.0204684],[44.2967799,42.0209034],[44.297111,42.0232674],[44.3005013,42.0239688],[44.3009285,42.0247499],[44.3035725,42.0245039],[44.302006,42.036326],[44.302586,42.037358],[44.31289,42.041239],[44.313863,42.042347],[44.314132,42.044772],[44.312885,42.050788],[44.311788,42.05203],[44.31157,42.053938],[44.3087955,42.056621],[44.3123347,42.0612619],[44.3141353,42.0655928],[44.3122833,42.0668334],[44.3098038,42.0669707],[44.3092737,42.0679755],[44.3078702,42.0679518],[44.3056659,42.06708],[44.3025935,42.0618871],[44.294612,42.0674626],[44.2919095,42.0673513],[44.2911142,42.0627907],[44.283997,42.052039],[44.2841143,42.0407792],[44.2818121,42.0391143],[44.2787775,42.0431393],[44.2776996,42.0473441],[44.2733996,42.0461502],[44.268775,42.047462],[44.2617286,42.0481171],[44.2651819,42.0545282],[44.2662174,42.0549208],[44.2708578,42.0614089],[44.2720819,42.0618301],[44.2697584,42.0628396],[44.2668338,42.0706024],[44.2680999,42.0721525],[44.2698055,42.0720741],[44.2803289,42.0904866],[44.2814936,42.1010182],[44.2790948,42.1018511],[44.278714,42.103608],[44.2818094,42.1046821],[44.281505,42.106961],[44.278833,42.107752],[44.282048,42.111298],[44.266933,42.113332],[44.263028,42.109782],[44.2546066,42.1093729],[44.2555384,42.1128869],[44.2506981,42.1180098],[44.2498398,42.1180894],[44.249094,42.120415],[44.2431235,42.1211771],[44.2419538,42.1239388],[44.2408512,42.1244679],[44.2394915,42.1240693],[44.2364998,42.1187766],[44.2319763,42.1194554],[44.2303534,42.1227825],[44.226889,42.125124],[44.2247119,42.1282024],[44.2227119,42.1287207],[44.2227495,42.1320307],[44.2247343,42.1343142],[44.2282883,42.1357965],[44.2289625,42.1372057],[44.2278806,42.1384067],[44.2237613,42.1397351],[44.2265796,42.1416733],[44.225657,42.1425006],[44.2235327,42.1424688],[44.2218697,42.145969],[44.2212957,42.1505727],[44.2176489,42.1515732],[44.2174073,42.1505296],[44.2147082,42.1505945],[44.2148745,42.1498349],[44.2100304,42.1489788],[44.2084815,42.1472209],[44.2005346,42.1485636],[44.1988781,42.1577493],[44.2002092,42.1606473],[44.1993382,42.1640588],[44.196884,42.165084],[44.195122,42.163896],[44.194893,42.158606],[44.191869,42.155794],[44.191938,42.15036],[44.1944682,42.1475493],[44.1930473,42.1459831],[44.1920972,42.1469076],[44.1908618,42.1465672],[44.1879158,42.1504555],[44.1850377,42.1470654],[44.1815078,42.1458974],[44.1802494,42.1436955],[44.1710719,42.148582],[44.1699905,42.145103],[44.1680855,42.145671],[44.1666218,42.1402623],[44.158039,42.140297],[44.1579964,42.1385725],[44.1455473,42.1174694],[44.1461036,42.1164823],[44.143598,42.1090053],[44.141511,42.1089348],[44.1410694,42.1112351],[44.1377565,42.112041],[44.1343825,42.1147176],[44.1371309,42.1214799],[44.1336719,42.1270735],[44.135424,42.1306256],[44.1351117,42.1324364],[44.1381904,42.1368348],[44.141221,42.1351178],[44.1416501,42.1339243],[44.1401052,42.1344017],[44.138571,42.1322376],[44.14047,42.1318238],[44.1397297,42.1310202],[44.1408269,42.129161],[44.1434897,42.1294543],[44.1452336,42.1313385],[44.1462207,42.1334549],[44.1459339,42.1394946],[44.1429484,42.1407186],[44.1437829,42.1427012],[44.1427094,42.1436354],[44.1445945,42.1461203],[44.143684,42.149569],[44.1449879,42.1506186],[44.1423418,42.1525217],[44.1356077,42.1550939],[44.135406,42.1559355],[44.1333139,42.1560707],[44.1325398,42.1569992],[44.1336478,42.1578001],[44.1318118,42.1580352],[44.1319834,42.1590209],[44.1302454,42.1586476],[44.1295803,42.1593674],[44.1303932,42.1603478],[44.1297982,42.1606614],[44.1305103,42.1636639],[44.134072,42.166867],[44.134538,42.168927],[44.137071,42.171443],[44.136956,42.172617],[44.133684,42.173621],[44.130438,42.172715],[44.1257247,42.1681418],[44.1218832,42.1701364],[44.1178161,42.1688269],[44.1185671,42.1704331],[44.1159101,42.1726948],[44.114001,42.1768448],[44.109587,42.1763344],[44.1075907,42.1785404],[44.1109294,42.1816091],[44.1115595,42.1853407],[44.1111803,42.1886319],[44.1097104,42.1889101],[44.110086,42.1903967],[44.1077149,42.1959052],[44.1064703,42.1971293],[44.0962136,42.1948639],[44.0940249,42.1963781],[44.0947437,42.1976379],[44.0924638,42.1984367],[44.0917557,42.1966961],[44.0861177,42.2003721],[44.0862036,42.2018981],[44.0890145,42.2023352],[44.0963101,42.2072824],[44.0973133,42.2061261],[44.0983593,42.2065036],[44.097552,42.2102923],[44.1022056,42.2123366],[44.1007089,42.2152683],[44.1016209,42.2167934],[44.0990192,42.21656],[44.0978712,42.2148992],[44.0966964,42.2147443],[44.0959245,42.2168986],[44.0959849,42.2229244],[44.0929393,42.2253741],[44.0907158,42.229077],[44.0891594,42.2285889],[44.0884459,42.2291887],[44.0877807,42.2305273],[44.0885053,42.2316148],[44.0863216,42.2324179],[44.0852094,42.2341307],[44.0834248,42.2337485],[44.0829956,42.2340702],[44.0838333,42.2350944],[44.0787846,42.2371761],[44.0614813,42.2391886],[44.062407,42.2362299],[44.0556271,42.2345006],[44.0479787,42.2310129],[44.0469235,42.229983],[44.0470452,42.2279246],[44.0435578,42.2265065],[44.0453707,42.2212334],[44.0421295,42.219325],[44.0357029,42.2184828],[44.0335547,42.216113],[44.0309095,42.2168218],[44.0290491,42.2160904],[44.0229659,42.2164563],[44.0215837,42.2171855],[44.0161576,42.2161914],[43.9981706,42.2163903],[43.9875269,42.2151105],[43.9894886,42.2090242],[43.9822992,42.2082082],[43.9828423,42.204055],[43.9743015,42.2025991],[43.9720952,42.2024941],[43.965101,42.2052994],[43.9612971,42.2050594],[43.9421094,42.2106258],[43.9372355,42.2108158],[43.926902,42.2151635],[43.9234901,42.2134714],[43.9085954,42.2211556],[43.9060922,42.2182056],[43.9096824,42.2157315],[43.9132462,42.2149173],[43.9182222,42.2111247],[43.9235375,42.2091879],[43.9302124,42.2036468],[43.9301059,42.2027986],[43.9264739,42.2017797],[43.9181363,42.2011192],[43.9165114,42.1996348],[43.91869,42.195827],[43.9253461,42.1954203],[43.9279425,42.1942201],[43.9282517,42.1925693],[43.9281477,42.1895951],[43.9236028,42.1878039],[43.9250162,42.1870524],[43.9254805,42.180072],[43.9230161,42.1770145],[43.9213745,42.1762139],[43.9215698,42.1743593],[43.9192395,42.1741396],[43.9147114,42.1633276],[43.9145581,42.1586309],[43.9190384,42.1444788],[43.9268371,42.1344579],[43.9472537,42.1043647],[43.9569332,42.0823721],[43.9801294,42.0617613],[43.994251,42.0521071],[43.9981341,42.0474094],[44.0096427,42.0421467],[44.0427367,42.0364339],[44.0455842,42.024718],[44.0484381,42.0204778],[44.0503478,42.0187322],[44.0518123,42.0184612],[44.0521824,42.0163649],[44.0539343,42.0149207],[44.0540278,42.0126822],[44.055149,42.0105219],[44.0491086,42.0099917],[44.046185,42.0118691],[44.0430415,42.012447],[44.0408742,42.0086405],[44.0361535,42.0076121],[44.0365076,42.0041999],[44.0359819,42.0036259],[44.0368509,42.0029961],[44.0358853,42.0024181],[44.0348278,42.0033096],[44.0230864,42.0053674],[44.0113511,42.0051809],[44.0037831,42.0066024],[43.992321,42.0071884],[43.9804149,41.9925338],[43.9801179,41.9858795],[43.9862328,41.9822478],[43.9892032,41.9728658],[43.985762,41.9723659],[43.9884189,41.9708489],[43.9817904,41.9576784],[43.9415482,41.9377566],[43.9408129,41.9311254],[43.9430131,41.925782],[43.9422207,41.9226212],[43.9333695,41.9119441],[43.924716,41.9085787],[43.903409,41.8951283],[43.8612683,41.8906173],[43.8541714,41.8861304],[43.8513017,41.8813699],[43.8489166,41.8731443],[43.8460421,41.8686991],[43.8377857,41.8585213],[43.8302837,41.8533979],[43.822806,41.8470125],[43.8224709,41.8422772],[43.8204547,41.8372093],[43.8154751,41.8327416],[43.8075328,41.828874],[43.7896199,41.8170145]]]}},{"type":"Feature","properties":{"sourceName":"Akhalkalaki Municipality","sourceId":"osm-relation-2013750","code":"61","nameKa":"ახალქალაქი","nameEn":"Akhalkalaki","source":"OpenStreetMap"},"geometry":{"type":"Polygon","coordinates":[[[43.127956,41.253476],[43.131869,41.252259],[43.135435,41.252591],[43.140957,41.25021],[43.1471093,41.246284],[43.149842,41.246786],[43.153266,41.245698],[43.164122,41.249713],[43.167697,41.249724],[43.176653,41.254578],[43.190147,41.253144],[43.194366,41.253988],[43.199403,41.244919],[43.2014832,41.2335088],[43.231043,41.1919638],[43.237638,41.184119],[43.233317,41.178198],[43.229017,41.174908],[43.2282162,41.1733946],[43.229621,41.1723443],[43.234263,41.175674],[43.24198,41.174557],[43.246875,41.177148],[43.253956,41.17721],[43.256029,41.178933],[43.263523,41.179413],[43.27309,41.183947],[43.281736,41.186729],[43.288662,41.186981],[43.293921,41.189621],[43.305119,41.18974],[43.309994,41.19091],[43.317834,41.194501],[43.322292,41.195389],[43.330236,41.200884],[43.337328,41.200621],[43.3482598,41.2027044],[43.358327,41.201243],[43.367357,41.203384],[43.370117,41.202005],[43.375119,41.20299],[43.382807,41.200669],[43.405704,41.190422],[43.4116,41.186982],[43.4411851,41.1785947],[43.4390867,41.186595],[43.4405724,41.214069],[43.4391131,41.2214776],[43.4386599,41.2405275],[43.4413933,41.2515459],[43.4412091,41.259295],[43.4406583,41.2644552],[43.4379062,41.2721694],[43.444049,41.2838806],[43.4370006,41.2921819],[43.427654,41.3193546],[43.4353649,41.3247805],[43.4414858,41.3276303],[43.4533305,41.3294176],[43.4632788,41.3365963],[43.4644889,41.3388949],[43.4680719,41.3414553],[43.4837978,41.3480842],[43.4866419,41.3433339],[43.486762,41.3395393],[43.4904099,41.3344604],[43.4911804,41.3314632],[43.4968528,41.3290062],[43.5030734,41.3317889],[43.509314,41.3282931],[43.5079547,41.3331567],[43.5097646,41.3323697],[43.517425,41.333272],[43.51897,41.3378799],[43.5202145,41.3395715],[43.5220384,41.3395554],[43.5232186,41.3385727],[43.5237121,41.3355438],[43.5270166,41.3325308],[43.5272935,41.3305586],[43.5376134,41.3238988],[43.5399246,41.3277411],[43.5463995,41.3345722],[43.5531018,41.3375234],[43.5535339,41.3497418],[43.5489893,41.3541017],[43.5445689,41.3547782],[43.5443114,41.3606408],[43.5504054,41.3626379],[43.5509436,41.3736832],[43.5638524,41.3823167],[43.5678928,41.3779701],[43.5793304,41.3702067],[43.5820459,41.3770659],[43.5970012,41.37951],[43.6059004,41.3844629],[43.6182312,41.3894563],[43.6263506,41.3908454],[43.6362125,41.3909627],[43.6551256,41.3889244],[43.6597957,41.3912398],[43.6837102,41.3963605],[43.6845157,41.3989541],[43.6829358,41.4134695],[43.674622,41.4214485],[43.66758,41.4300875],[43.6652297,41.4400725],[43.6650841,41.4471763],[43.686099,41.4693806],[43.6910817,41.4778347],[43.6905419,41.4833192],[43.6815219,41.5045324],[43.6804858,41.5132408],[43.680758,41.5209952],[43.6834379,41.526283],[43.6720393,41.5389194],[43.6755122,41.5494934],[43.6929781,41.5552869],[43.6929324,41.5684203],[43.6942809,41.5751184],[43.6905231,41.5774215],[43.6991671,41.5912082],[43.7123549,41.5992513],[43.7175273,41.6190814],[43.7232057,41.6322332],[43.7242618,41.6539664],[43.7216106,41.6753784],[43.7213625,41.6879085],[43.7194225,41.6920643],[43.7032241,41.6846422],[43.6965612,41.6834529],[43.68587,41.6794325],[43.6757911,41.663722],[43.6750942,41.6614861],[43.6699079,41.6608693],[43.6643344,41.6588664],[43.661849,41.6562309],[43.6581406,41.6565113],[43.5871943,41.6380542],[43.5873255,41.6370742],[43.5908838,41.633683],[43.5914878,41.6224575],[43.585833,41.6215023],[43.5820925,41.6194512],[43.5646054,41.6181203],[43.5591209,41.6144314],[43.5521345,41.6115588],[43.5459345,41.6067464],[43.5420234,41.5991779],[43.5328142,41.596276],[43.5268486,41.5975921],[43.5203593,41.6055845],[43.520232,41.611151],[43.5172387,41.6195107],[43.5157174,41.6300309],[43.506338,41.6343651],[43.4983707,41.6417802],[43.4912348,41.6453069],[43.4781727,41.648198],[43.4683906,41.6536376],[43.4645399,41.6594342],[43.4555041,41.6646042],[43.4484237,41.6656227],[43.4424902,41.665264],[43.4411517,41.6634753],[43.4420746,41.6603125],[43.4396321,41.6562575],[43.4156674,41.6436524],[43.4033648,41.639037],[43.3967208,41.6338643],[43.3932748,41.6249257],[43.3794973,41.61182],[43.3742306,41.6081473],[43.3567717,41.6070522],[43.3478741,41.6020561],[43.3461439,41.5925058],[43.3402138,41.5818364],[43.3362853,41.5701374],[43.3394877,41.5661618],[43.3452523,41.5611646],[43.3442497,41.5562816],[43.3399535,41.5479642],[43.3406413,41.5431055],[43.3448272,41.5336403],[43.35614,41.5318975],[43.356805,41.5278851],[43.3552226,41.5236289],[43.3598736,41.5067609],[43.362559,41.5020492],[43.3735084,41.5058135],[43.3784211,41.4963825],[43.3858881,41.4920042],[43.3859109,41.4878454],[43.3829691,41.4814553],[43.3730518,41.4846467],[43.3609383,41.4841064],[43.354691,41.4873777],[43.345739,41.4882565],[43.3410607,41.4825712],[43.3392207,41.4774643],[43.3405405,41.4698628],[43.3372888,41.4649472],[43.3253013,41.4605396],[43.3214946,41.4554043],[43.323935,41.4480305],[43.3295348,41.4367559],[43.3269882,41.4340399],[43.3330999,41.4250203],[43.3504871,41.4259634],[43.3484458,41.4215551],[43.3545697,41.4175504],[43.3536585,41.4102407],[43.3486682,41.3979706],[43.3470562,41.3905757],[43.3440513,41.3856917],[43.3386709,41.3869104],[43.3342695,41.381387],[43.3300996,41.3795297],[43.3256977,41.3793048],[43.3178321,41.3817877],[43.3079981,41.3784508],[43.3053585,41.3798441],[43.3044147,41.383603],[43.3030844,41.3841987],[43.2968007,41.3838952],[43.2959819,41.3857442],[43.2960892,41.3913143],[43.2919478,41.3908153],[43.2891583,41.3928919],[43.288579,41.3924572],[43.2895875,41.3901714],[43.2869911,41.3865814],[43.2853174,41.3865653],[43.282721,41.3879176],[43.2821846,41.387177],[43.2835364,41.3850278],[43.2862723,41.3842228],[43.2884717,41.3825404],[43.2890081,41.3807855],[43.2869283,41.379405],[43.2892742,41.3783003],[43.2934304,41.3785469],[43.2971547,41.3716006],[43.292498,41.3695251],[43.2911341,41.3671713],[43.288765,41.3657544],[43.2844522,41.3663411],[43.2817957,41.3655371],[43.2812714,41.3736639],[43.2753836,41.3743829],[43.2691956,41.3736437],[43.2661505,41.372127],[43.263535,41.3724502],[43.2562034,41.3684745],[43.2551176,41.3643649],[43.2562061,41.3609435],[43.2540468,41.3595031],[43.253629,41.3581071],[43.2549656,41.3551621],[43.2559071,41.3489404],[43.2625715,41.3435556],[43.2615177,41.3381769],[43.26486,41.3355842],[43.2637237,41.3320021],[43.2640606,41.3292595],[43.2649905,41.3288041],[43.2654219,41.3267191],[43.2603274,41.3240168],[43.2565267,41.3237637],[43.2535541,41.3297597],[43.2517152,41.3314657],[43.2482919,41.3319009],[43.2464724,41.3308585],[43.2436826,41.3315973],[43.2378776,41.3300937],[43.2359761,41.3262723],[43.2322637,41.3243584],[43.2306902,41.3223771],[43.2304031,41.3196088],[43.2261079,41.3160102],[43.2261743,41.3139816],[43.2232246,41.3116316],[43.2218304,41.3091049],[43.2170884,41.3057751],[43.2130428,41.3048481],[43.213442,41.30235],[43.214934,41.301001],[43.214916,41.299446],[43.214763,41.298391],[43.212062,41.297343],[43.212588,41.290319],[43.211935,41.289806],[43.209216,41.289443],[43.208347,41.287966],[43.206124,41.2872],[43.203704,41.286979],[43.202729,41.284951],[43.201532,41.284384],[43.1974842,41.2858546],[43.186427,41.281345],[43.185305,41.27808],[43.179673,41.275659],[43.1805561,41.273768],[43.1789592,41.2723916],[43.1778531,41.2722313],[43.1771025,41.2735108],[43.1759093,41.2735606],[43.173417,41.271718],[43.169272,41.272521],[43.162534,41.270676],[43.161861,41.2693295],[43.1585072,41.2677724],[43.1560543,41.26802],[43.1510179,41.2619195],[43.1482594,41.2616664],[43.1469159,41.2623141],[43.140668,41.2594131],[43.1414633,41.257593],[43.1399573,41.2570763],[43.1391033,41.2572537],[43.138818,41.2583027],[43.1377937,41.2582433],[43.1345194,41.2564249],[43.131082,41.2560989],[43.127956,41.253476]]]}},{"type":"Feature","properties":{"sourceName":"Ninotsminda Municipality","sourceId":"osm-relation-2013751","code":"63","nameKa":"ნინოწმინდა","nameEn":"Ninotsminda","source":"OpenStreetMap"},"geometry":{"type":"Polygon","coordinates":[[[43.427654,41.3193546],[43.4370006,41.2921819],[43.444049,41.2838806],[43.4379062,41.2721694],[43.4406583,41.2644552],[43.4413933,41.2515459],[43.4386599,41.2405275],[43.4391131,41.2214776],[43.4405724,41.214069],[43.4390867,41.186595],[43.4411851,41.1785947],[43.44848,41.176399],[43.45941,41.156895],[43.474145,41.123038],[43.480679,41.125594],[43.493682,41.125674],[43.496967,41.127546],[43.50064,41.12828],[43.5067201,41.131791],[43.508069,41.13414],[43.529558,41.133599],[43.539293,41.139257],[43.5578378,41.1444911],[43.5681211,41.1451261],[43.591024,41.139501],[43.593445,41.138197],[43.597547,41.128916],[43.6028879,41.128866],[43.613538,41.1311921],[43.619821,41.129661],[43.632805,41.129054],[43.648351,41.132475],[43.650844,41.133742],[43.667929,41.135845],[43.670849,41.134736],[43.684596,41.133751],[43.691233,41.129352],[43.701632,41.12566],[43.718259,41.122205],[43.750739,41.109326],[43.763883,41.120037],[43.776457,41.127789],[43.7775975,41.1308794],[43.786281,41.134558],[43.8147567,41.1493328],[43.8574492,41.1630428],[43.879804,41.163685],[43.888287,41.164946],[43.894495,41.166719],[43.904398,41.167885],[43.91212,41.172458],[43.921629,41.171797],[43.938712,41.176241],[43.950655,41.174101],[43.948898,41.168728],[43.9525387,41.1663356],[43.955392,41.1707943],[43.9658941,41.1825168],[43.9665864,41.1928567],[43.9525158,41.2253546],[43.9429636,41.2379286],[43.9327797,41.2471363],[43.9201531,41.2602612],[43.9299552,41.2890987],[43.9307113,41.2952423],[43.933572,41.3036667],[43.9483432,41.317368],[43.9575147,41.3332778],[43.9517947,41.3425924],[43.949099,41.3503195],[43.9460105,41.355782],[43.9381331,41.3657222],[43.9302108,41.3782452],[43.9296551,41.3859916],[43.9249011,41.3882082],[43.9094262,41.3903234],[43.9020494,41.395421],[43.8936274,41.4114894],[43.8948103,41.4176375],[43.9036509,41.4277344],[43.9064918,41.4374508],[43.9071605,41.4487613],[43.9061774,41.4561807],[43.9038897,41.4645563],[43.9003553,41.4740404],[43.8967526,41.4803141],[43.8903708,41.4859544],[43.876896,41.4901117],[43.8726123,41.4934384],[43.8706252,41.5012166],[43.8709086,41.5062322],[43.8663325,41.5137064],[43.8392921,41.5340448],[43.8265873,41.5397641],[43.8121903,41.5365529],[43.7727661,41.5327222],[43.7490939,41.5272601],[43.7192203,41.5274847],[43.7062551,41.5189275],[43.6834379,41.526283],[43.680758,41.5209952],[43.6804858,41.5132408],[43.6815219,41.5045324],[43.6905419,41.4833192],[43.6910817,41.4778347],[43.686099,41.4693806],[43.6650841,41.4471763],[43.6652297,41.4400725],[43.66758,41.4300875],[43.674622,41.4214485],[43.6829358,41.4134695],[43.6845157,41.3989541],[43.6837102,41.3963605],[43.6597957,41.3912398],[43.6551256,41.3889244],[43.6362125,41.3909627],[43.6263506,41.3908454],[43.6182312,41.3894563],[43.6059004,41.3844629],[43.5970012,41.37951],[43.5820459,41.3770659],[43.5793304,41.3702067],[43.5678928,41.3779701],[43.5638524,41.3823167],[43.5509436,41.3736832],[43.5504054,41.3626379],[43.5443114,41.3606408],[43.5445689,41.3547782],[43.5489893,41.3541017],[43.5535339,41.3497418],[43.5531018,41.3375234],[43.5463995,41.3345722],[43.5399246,41.3277411],[43.5376134,41.3238988],[43.5272935,41.3305586],[43.5270166,41.3325308],[43.5237121,41.3355438],[43.5232186,41.3385727],[43.5220384,41.3395554],[43.5202145,41.3395715],[43.51897,41.3378799],[43.517425,41.333272],[43.5097646,41.3323697],[43.5079547,41.3331567],[43.509314,41.3282931],[43.5030734,41.3317889],[43.4968528,41.3290062],[43.4911804,41.3314632],[43.4904099,41.3344604],[43.486762,41.3395393],[43.4866419,41.3433339],[43.4837978,41.3480842],[43.4680719,41.3414553],[43.4644889,41.3388949],[43.4632788,41.3365963],[43.4533305,41.3294176],[43.4414858,41.3276303],[43.4353649,41.3247805],[43.427654,41.3193546]]]}},{"type":"Feature","properties":{"sourceName":"Dmanisi Municipality","sourceId":"osm-relation-2014299","code":"51","nameKa":"დმანისი","nameEn":"Dmanisi","source":"OpenStreetMap"},"geometry":{"type":"Polygon","coordinates":[[[43.8903708,41.4859544],[43.8967526,41.4803141],[43.9003553,41.4740404],[43.9061774,41.4561807],[43.9071605,41.4487613],[43.9064918,41.4374508],[43.9036509,41.4277344],[43.8948103,41.4176375],[43.8936274,41.4114894],[43.9020494,41.395421],[43.9094262,41.3903234],[43.9249011,41.3882082],[43.9296551,41.3859916],[43.9302108,41.3782452],[43.9381331,41.3657222],[43.9460105,41.355782],[43.949099,41.3503195],[43.9517947,41.3425924],[43.9575147,41.3332778],[43.9483432,41.317368],[43.933572,41.3036667],[43.9307113,41.2952423],[43.9299552,41.2890987],[43.9201531,41.2602612],[43.9327797,41.2471363],[43.9429636,41.2379286],[43.9525158,41.2253546],[43.9665864,41.1928567],[43.9658941,41.1825168],[43.955392,41.1707943],[43.9525387,41.1663356],[43.954052,41.165562],[43.965114,41.165233],[43.966774,41.167819],[43.975392,41.169717],[43.979573,41.174361],[43.985163,41.175053],[43.989224,41.178302],[43.992839,41.179887],[44.0026816,41.1816253],[44.0104411,41.1855376],[44.03016,41.1893133],[44.0345444,41.1886649],[44.0404428,41.189818],[44.055288,41.190562],[44.0619101,41.1939546],[44.0774996,41.1968871],[44.0796984,41.1986818],[44.0836802,41.2001815],[44.0846945,41.2018932],[44.0859371,41.2023507],[44.0887064,41.2023595],[44.0895849,41.1907508],[44.0909476,41.1896542],[44.0935161,41.189185],[44.1037203,41.1898715],[44.1244783,41.1860088],[44.146183,41.189],[44.153564,41.188411],[44.162065,41.189045],[44.174295,41.208862],[44.18336,41.232708],[44.18241,41.236963],[44.179908,41.240567],[44.178454,41.244553],[44.180083,41.247143],[44.18588,41.243369],[44.200006,41.23652],[44.208374,41.234694],[44.212138,41.233012],[44.216429,41.232982],[44.226525,41.236643],[44.231759,41.23603],[44.237187,41.238833],[44.240955,41.236739],[44.244397,41.235878],[44.245042,41.234057],[44.248873,41.233316],[44.261737,41.219974],[44.271137,41.212696],[44.279656,41.210924],[44.286016,41.2085172],[44.287837,41.211446],[44.295291,41.214377],[44.307919,41.214866],[44.313854,41.214018],[44.316752,41.21274],[44.323691,41.205303],[44.325726,41.20455],[44.333052,41.204769],[44.345316,41.202484],[44.346623,41.204317],[44.344459,41.210193],[44.347342,41.214397],[44.343936,41.219677],[44.344114,41.225272],[44.344727,41.226335],[44.351804,41.228378],[44.353806,41.231038],[44.356063,41.231581],[44.359115,41.230538],[44.362197,41.226434],[44.364076,41.225678],[44.370318,41.225359],[44.374003,41.223378],[44.378375,41.222871],[44.38266,41.2210171],[44.3861663,41.2260617],[44.3897145,41.2351306],[44.3968817,41.2458638],[44.3997358,41.2516377],[44.396791,41.255736],[44.3811005,41.2625088],[44.3763447,41.2657748],[44.3763291,41.2674194],[44.3853769,41.2715816],[44.4009212,41.2809877],[44.4070517,41.2865042],[44.4139201,41.2909272],[44.4175072,41.2964302],[44.4181906,41.3013699],[44.4217859,41.3060501],[44.427954,41.3077263],[44.4341105,41.3107734],[44.4369729,41.3162722],[44.4376486,41.3223087],[44.4302993,41.330774],[44.4142328,41.3372751],[44.3857809,41.3448055],[44.3824852,41.3469818],[44.3813652,41.349993],[44.3845473,41.3598819],[44.3891943,41.3689565],[44.3880689,41.3725156],[44.3774778,41.3760239],[44.3691018,41.3762525],[44.3643931,41.3737585],[44.3636917,41.3710123],[44.3695214,41.3704959],[44.3764615,41.3680656],[44.375757,41.3655936],[44.3673984,41.3641768],[44.343375,41.3640423],[44.3317134,41.3653464],[44.3119653,41.3740056],[44.303161,41.38026],[44.295474,41.3840525],[44.2834197,41.3875432],[44.2747022,41.385569],[44.2655843,41.3868823],[44.2593135,41.3939722],[44.2493238,41.4076192],[44.2488934,41.4133754],[44.2661956,41.4296666],[44.2749034,41.4330126],[44.2857263,41.4429526],[44.287148,41.4462522],[44.2833453,41.4520065],[44.2793063,41.4531683],[44.2679939,41.4520065],[44.2611521,41.456739],[44.2588322,41.4549657],[44.2576461,41.4549657],[44.2568235,41.4531176],[44.2551449,41.4530023],[44.2515134,41.4567184],[44.248838,41.4535182],[44.2454754,41.4551021],[44.2412394,41.4553108],[44.238342,41.4593653],[44.2376164,41.4726534],[44.2398643,41.4754555],[44.2397967,41.481244],[44.2445659,41.4879218],[44.2474629,41.4963024],[44.2488688,41.4980268],[44.2525562,41.4997661],[44.2590393,41.5064544],[44.2612405,41.5135438],[44.2611991,41.5171884],[44.2605846,41.5210436],[44.2534584,41.5338672],[44.2517993,41.5346828],[44.245125,41.5349177],[44.2432235,41.5390822],[44.243568,41.5413128],[44.2477676,41.5439014],[44.2397248,41.5483509],[44.2326646,41.5540928],[44.2235471,41.5527452],[44.2181504,41.5505647],[44.2050436,41.5487596],[44.1953487,41.548049],[44.1807757,41.5494469],[44.1762477,41.546413],[44.1646057,41.5418267],[44.1600762,41.5390065],[44.15788,41.5360349],[44.1534519,41.5254968],[44.1424196,41.5183399],[44.1355881,41.5172168],[44.1195686,41.5205257],[44.1153074,41.5192066],[44.1099465,41.5148773],[44.1059799,41.5129169],[44.1045775,41.5111908],[44.1003112,41.5102999],[44.0974831,41.5085626],[44.0911539,41.5113916],[44.0851104,41.5055232],[44.082016,41.5072758],[44.0803803,41.5055303],[44.0738803,41.50732],[44.0615002,41.5033753],[44.0562939,41.5044555],[44.0498238,41.5036028],[44.0354335,41.4978554],[44.0303043,41.497598],[44.0221279,41.4997039],[44.0178791,41.5020066],[44.0166655,41.5037939],[44.0116513,41.5060446],[44.0066898,41.5052417],[43.9966526,41.5087993],[43.9877951,41.5097937],[43.986104,41.5084924],[43.9764618,41.5049767],[43.9722283,41.5021517],[43.9631683,41.4979968],[43.9527668,41.4886835],[43.9473882,41.486276],[43.9340279,41.4837946],[43.9263381,41.4832942],[43.9220301,41.4851835],[43.9171767,41.4855668],[43.9095012,41.4842079],[43.8994911,41.4860421],[43.8903708,41.4859544]]]}},{"type":"Feature","properties":{"sourceName":"Tsalka Municipality","sourceId":"osm-relation-2014298","code":"54","nameKa":"წალკა","nameEn":"Tsalka","source":"OpenStreetMap"},"geometry":{"type":"Polygon","coordinates":[[[43.6720393,41.5389194],[43.6834379,41.526283],[43.7062551,41.5189275],[43.7192203,41.5274847],[43.7490939,41.5272601],[43.7727661,41.5327222],[43.8121903,41.5365529],[43.8265873,41.5397641],[43.8392921,41.5340448],[43.8663325,41.5137064],[43.8709086,41.5062322],[43.8706252,41.5012166],[43.8726123,41.4934384],[43.876896,41.4901117],[43.8903708,41.4859544],[43.8994911,41.4860421],[43.9095012,41.4842079],[43.9171767,41.4855668],[43.9220301,41.4851835],[43.9263381,41.4832942],[43.9340279,41.4837946],[43.9473882,41.486276],[43.9527668,41.4886835],[43.9631683,41.4979968],[43.9722283,41.5021517],[43.9764618,41.5049767],[43.986104,41.5084924],[43.9877951,41.5097937],[43.9966526,41.5087993],[44.0066898,41.5052417],[44.0116513,41.5060446],[44.0166655,41.5037939],[44.0178791,41.5020066],[44.0221279,41.4997039],[44.0303043,41.497598],[44.0354335,41.4978554],[44.0498238,41.5036028],[44.0562939,41.5044555],[44.0615002,41.5033753],[44.0738803,41.50732],[44.0803803,41.5055303],[44.082016,41.5072758],[44.0851104,41.5055232],[44.0911539,41.5113916],[44.0974831,41.5085626],[44.1003112,41.5102999],[44.1045775,41.5111908],[44.1059799,41.5129169],[44.1099465,41.5148773],[44.1153074,41.5192066],[44.1195686,41.5205257],[44.1355881,41.5172168],[44.1387257,41.5172403],[44.1424196,41.5183399],[44.1534519,41.5254968],[44.15788,41.5360349],[44.1600762,41.5390065],[44.1646057,41.5418267],[44.1762477,41.546413],[44.1807757,41.5494469],[44.1953487,41.548049],[44.2050436,41.5487596],[44.2181504,41.5505647],[44.2235471,41.5527452],[44.2326646,41.5540928],[44.2397248,41.5483509],[44.2477676,41.5439014],[44.243568,41.5413128],[44.2432235,41.5390822],[44.245125,41.5349177],[44.2517993,41.5346828],[44.2588758,41.5316652],[44.2599749,41.5327863],[44.2576431,41.5422399],[44.2475191,41.5522009],[44.2459361,41.5608227],[44.2454196,41.5733513],[44.2412134,41.5841847],[44.2299543,41.5952494],[44.2269039,41.6021913],[44.2376264,41.6053261],[44.2427653,41.6100944],[44.2412159,41.6156539],[44.2411147,41.6242864],[44.2421463,41.6312554],[44.2354394,41.6334388],[44.2250298,41.6347616],[44.2127402,41.6380199],[44.2089737,41.6424499],[44.2059356,41.6479986],[44.2047259,41.6557879],[44.1991047,41.6599261],[44.1971928,41.6643686],[44.1971478,41.6679885],[44.2008271,41.6708001],[44.2007617,41.6760898],[44.2066907,41.6772448],[44.2137884,41.6739517],[44.2271391,41.6757131],[44.2289862,41.676561],[44.2274505,41.680728],[44.2225413,41.6873785],[44.2128115,41.6931604],[44.2086088,41.7026],[44.2029163,41.7251113],[44.2025418,41.7315697],[44.2048187,41.7387765],[44.1988321,41.7417983],[44.18865,41.7531446],[44.1627248,41.7448827],[44.1567868,41.7440038],[44.1519685,41.7445503],[44.130518,41.7421818],[44.1217165,41.7389602],[44.1086829,41.7372826],[44.0964746,41.7368718],[44.0829806,41.7380268],[44.0686212,41.7407505],[44.0222331,41.7444662],[44.0108616,41.7443689],[43.9860576,41.7413135],[43.963382,41.7370102],[43.9508997,41.746017],[43.9381447,41.7464931],[43.9172748,41.748888],[43.9050659,41.7484569],[43.8937953,41.7669625],[43.8817492,41.7583654],[43.8744337,41.751332],[43.8711703,41.7465659],[43.8709497,41.7379309],[43.8736589,41.731831],[43.8711008,41.7292995],[43.8629188,41.7294974],[43.8452275,41.7209666],[43.8360521,41.714469],[43.8331599,41.709984],[43.8326333,41.6980041],[43.8244096,41.7007051],[43.8098589,41.703897],[43.8016232,41.7071532],[43.7832336,41.7167067],[43.7790827,41.7200044],[43.7648491,41.7257004],[43.7511196,41.7244381],[43.738232,41.7181708],[43.7334995,41.7131061],[43.7275928,41.7110915],[43.7225122,41.7049087],[43.7194225,41.6920643],[43.7213625,41.6879085],[43.7216106,41.6753784],[43.7242618,41.6539664],[43.7232057,41.6322332],[43.7175273,41.6190814],[43.7123549,41.5992513],[43.6991671,41.5912082],[43.6905231,41.5774215],[43.6942809,41.5751184],[43.6929324,41.5684203],[43.6929781,41.5552869],[43.6755122,41.5494934],[43.6720393,41.5389194]]]}},{"type":"Feature","properties":{"sourceName":"Bolnisi Municipality","sourceId":"osm-relation-2014300","code":"49","nameKa":"ბოლნისი","nameEn":"Bolnisi","source":"OpenStreetMap"},"geometry":{"type":"Polygon","coordinates":[[[44.2488934,41.4133754],[44.2493238,41.4076192],[44.2593135,41.3939722],[44.2655843,41.3868823],[44.2747022,41.385569],[44.2834197,41.3875432],[44.295474,41.3840525],[44.303161,41.38026],[44.3119653,41.3740056],[44.3317134,41.3653464],[44.343375,41.3640423],[44.3673984,41.3641768],[44.375757,41.3655936],[44.3764615,41.3680656],[44.3695214,41.3704959],[44.3636917,41.3710123],[44.3643931,41.3737585],[44.3691018,41.3762525],[44.3774778,41.3760239],[44.3880689,41.3725156],[44.3891943,41.3689565],[44.3845473,41.3598819],[44.3813652,41.349993],[44.3824852,41.3469818],[44.3857809,41.3448055],[44.4142328,41.3372751],[44.4302993,41.330774],[44.4328674,41.3283185],[44.4376486,41.3223087],[44.4369729,41.3162722],[44.4341105,41.3107734],[44.427954,41.3077263],[44.4217859,41.3060501],[44.4181906,41.3013699],[44.4175072,41.2964302],[44.4139201,41.2909272],[44.4070517,41.2865042],[44.4009212,41.2809877],[44.3853769,41.2715816],[44.3763291,41.2674194],[44.3763447,41.2657748],[44.3811005,41.2625088],[44.396791,41.255736],[44.3997358,41.2516377],[44.3968817,41.2458638],[44.3897145,41.2351306],[44.3861663,41.2260617],[44.38266,41.2210171],[44.386578,41.221325],[44.390346,41.218637],[44.391926,41.216467],[44.3956,41.215485],[44.407053,41.208007],[44.411319,41.201788],[44.41273,41.200912],[44.422382,41.198222],[44.425031,41.198353],[44.440599,41.192012],[44.447467,41.191103],[44.452607,41.191657],[44.45644,41.190027],[44.460055,41.186511],[44.462978,41.181696],[44.468129,41.180778],[44.47646,41.181876],[44.478228,41.184946],[44.480247,41.185897],[44.49169,41.187832],[44.497826,41.190745],[44.507279,41.193141],[44.511005,41.195276],[44.510368,41.19704],[44.512459,41.198933],[44.51444,41.205124],[44.52156,41.212397],[44.527629,41.214188],[44.529787,41.217738],[44.529475,41.223227],[44.530943,41.225117],[44.535926,41.226315],[44.5321036,41.2382649],[44.5284135,41.246203],[44.5279396,41.2615586],[44.5391251,41.273122],[44.5456357,41.27781],[44.5659839,41.2792596],[44.5692196,41.2847566],[44.57026,41.2924392],[44.5720386,41.2984791],[44.5763721,41.3031572],[44.5821785,41.3050981],[44.5886575,41.3158168],[44.5926347,41.3196703],[44.5998914,41.3227123],[44.6042667,41.321082],[44.6068377,41.3169772],[44.6133851,41.3169994],[44.6166106,41.3252373],[44.6195034,41.3282635],[44.6253463,41.3244433],[44.6329949,41.3228225],[44.640971,41.327784],[44.6547131,41.3434576],[44.6608878,41.3456698],[44.6678132,41.3434961],[44.6700254,41.3377439],[44.6693367,41.3300627],[44.6650368,41.3171611],[44.6657978,41.3105815],[44.6752638,41.3086889],[44.6832294,41.3161156],[44.6868038,41.3292888],[44.6929371,41.3402748],[44.7100127,41.3463524],[44.7209042,41.3524125],[44.7230531,41.3606449],[44.7303046,41.367518],[44.7382573,41.3815224],[44.7406076,41.398206],[44.7379705,41.4043325],[44.7467994,41.409454],[44.7504472,41.4106127],[44.7599322,41.4182011],[44.776785,41.4092642],[44.7813892,41.4098724],[44.785192,41.4078579],[44.7867536,41.408424],[44.7874562,41.4126001],[44.7807145,41.4173354],[44.7824017,41.4194336],[44.7772845,41.4216382],[44.7735592,41.4221253],[44.7700503,41.4210366],[44.7654245,41.4207967],[44.7618261,41.4215916],[44.7601922,41.4239741],[44.7562494,41.423627],[44.7540692,41.4261578],[44.7510497,41.4262289],[44.7414934,41.4314551],[44.7380447,41.430211],[44.7365523,41.4304321],[44.7301365,41.4349995],[44.7238184,41.4356108],[44.7223606,41.4379778],[44.7221392,41.4401568],[44.7274875,41.4438041],[44.736135,41.441697],[44.7418642,41.4461364],[44.7465419,41.4462007],[44.7522497,41.4479056],[44.7535365,41.4521145],[44.7468853,41.4686182],[44.7422611,41.4774367],[44.7407554,41.4860115],[44.7329927,41.4936528],[44.7097761,41.4838427],[44.7027212,41.4861119],[44.6949509,41.4833622],[44.6882521,41.486898],[44.6802311,41.4890706],[44.6768141,41.4872688],[44.672292,41.4876561],[44.6676581,41.4919033],[44.6645145,41.4919033],[44.6641777,41.4926599],[44.6614698,41.4913659],[44.660576,41.4924368],[44.6551334,41.4930605],[44.6522418,41.4942177],[44.6447058,41.4940892],[44.6373134,41.4952463],[44.6360427,41.4952463],[44.6306958,41.490741],[44.6207546,41.4897021],[44.6157847,41.490752],[44.6138977,41.4893476],[44.6097207,41.488433],[44.6044566,41.4892234],[44.5918171,41.4951156],[44.5880311,41.4948577],[44.5854973,41.4959421],[44.5856711,41.4972437],[44.5792611,41.5012873],[44.5738816,41.5015687],[44.5723757,41.5035735],[44.5699097,41.5024278],[44.5645231,41.5038478],[44.5615428,41.5024574],[44.5577957,41.5021891],[44.556586,41.5029656],[44.5502242,41.5033512],[44.5475329,41.5050114],[44.5370388,41.5051342],[44.5344208,41.5075513],[44.5297016,41.5062859],[44.526845,41.5086686],[44.5188703,41.5081544],[44.5166521,41.5058021],[44.5009264,41.5025748],[44.4955825,41.5028349],[44.4886615,41.5003819],[44.4854198,41.501159],[44.4840083,41.500924],[44.4838349,41.4998847],[44.4697262,41.4986095],[44.4681989,41.4942491],[44.4657515,41.4933936],[44.4685841,41.4902244],[44.4666356,41.4869064],[44.4597227,41.4875348],[44.4582826,41.4866959],[44.4584395,41.4856383],[44.4603413,41.4840903],[44.4601506,41.482805],[44.4561228,41.4813586],[44.4544383,41.4813586],[44.4517593,41.4853253],[44.4490718,41.4834195],[44.4404623,41.4830304],[44.4369228,41.4819872],[44.4336013,41.4848055],[44.4317506,41.483554],[44.428716,41.4831543],[44.4269007,41.484267],[44.4233208,41.4814794],[44.4094841,41.4814872],[44.4069979,41.4829506],[44.4056968,41.4849594],[44.4021565,41.4850879],[44.3999998,41.481873],[44.3986635,41.481873],[44.3948881,41.484445],[44.3912936,41.4833979],[44.3898986,41.4845736],[44.388269,41.4845736],[44.3788885,41.4835448],[44.3796722,41.4809818],[44.3772499,41.4808522],[44.3755092,41.4762519],[44.3679968,41.47418],[44.3683265,41.4715469],[44.367081,41.4698138],[44.3627403,41.4677329],[44.3557155,41.4660679],[44.3498575,41.4619365],[44.3351633,41.4597466],[44.3331794,41.4608279],[44.3328492,41.4620652],[44.3303423,41.4620652],[44.3286164,41.4632291],[44.3219749,41.4629501],[44.3219749,41.461815],[44.3171306,41.4620719],[44.3072708,41.4665376],[44.3049081,41.4637184],[44.2995778,41.465028],[44.2992445,41.4636539],[44.2945864,41.4591234],[44.2873675,41.456408],[44.2849601,41.4526789],[44.2833453,41.4520065],[44.287148,41.4462522],[44.2857263,41.4429526],[44.2749034,41.4330126],[44.2661956,41.4296666],[44.2488934,41.4133754]]]}},{"type":"Feature","properties":{"sourceName":"Tetritskaro Municipality","sourceId":"osm-relation-2014301","code":"52","nameKa":"თეთრიწყარო","nameEn":"Tetritsqaro","source":"OpenStreetMap"},"geometry":{"type":"Polygon","coordinates":[[[44.1971478,41.6679885],[44.1971928,41.6643686],[44.1991047,41.6599261],[44.2047259,41.6557879],[44.2059356,41.6479986],[44.2089737,41.6424499],[44.2127402,41.6380199],[44.2250298,41.6347616],[44.2354394,41.6334388],[44.2421463,41.6312554],[44.2411147,41.6242864],[44.2412159,41.6156539],[44.2427653,41.6100944],[44.2376264,41.6053261],[44.2269039,41.6021913],[44.2299543,41.5952494],[44.2412134,41.5841847],[44.2454196,41.5733513],[44.2459361,41.5608227],[44.2475191,41.5522009],[44.2576431,41.5422399],[44.2599749,41.5327863],[44.2588758,41.5316652],[44.2534584,41.5338672],[44.2605846,41.5210436],[44.2612405,41.5135438],[44.2601484,41.5092488],[44.2590393,41.5064544],[44.2525562,41.4997661],[44.2488688,41.4980268],[44.2474629,41.4963024],[44.2445659,41.4879218],[44.2397967,41.481244],[44.2398643,41.4754555],[44.2376164,41.4726534],[44.2377445,41.4617198],[44.239507,41.457229],[44.2412394,41.4553108],[44.2454754,41.4551021],[44.248838,41.4535182],[44.2515134,41.4567184],[44.2551449,41.4530023],[44.2568235,41.4531176],[44.2576461,41.4549657],[44.2588322,41.4549657],[44.2611521,41.456739],[44.2679939,41.4520065],[44.2779823,41.4532923],[44.2833453,41.4520065],[44.2849601,41.4526789],[44.2873675,41.456408],[44.2945864,41.4591234],[44.2992445,41.4636539],[44.2995778,41.465028],[44.3049081,41.4637184],[44.3072708,41.4665376],[44.3171306,41.4620719],[44.3219749,41.461815],[44.3219749,41.4629501],[44.3286164,41.4632291],[44.3303423,41.4620652],[44.3328492,41.4620652],[44.3331794,41.4608279],[44.3351633,41.4597466],[44.3498575,41.4619365],[44.3557155,41.4660679],[44.3627403,41.4677329],[44.367081,41.4698138],[44.3683265,41.4715469],[44.3679968,41.47418],[44.3755092,41.4762519],[44.3772499,41.4808522],[44.3796722,41.4809818],[44.3788885,41.4835448],[44.3898986,41.4845736],[44.3912936,41.4833979],[44.3948881,41.484445],[44.3986635,41.481873],[44.3999998,41.481873],[44.4021565,41.4850879],[44.4056968,41.4849594],[44.4069979,41.4829506],[44.4094841,41.4814872],[44.4233208,41.4814794],[44.4269007,41.484267],[44.428716,41.4831543],[44.4317506,41.483554],[44.4336013,41.4848055],[44.4369228,41.4819872],[44.4404623,41.4830304],[44.4490718,41.4834195],[44.4517593,41.4853253],[44.4544383,41.4813586],[44.4561228,41.4813586],[44.4601506,41.482805],[44.4603413,41.4840903],[44.4584395,41.4856383],[44.4582826,41.4866959],[44.4597227,41.4875348],[44.4666356,41.4869064],[44.4685841,41.4902244],[44.4657515,41.4933936],[44.4681989,41.4942491],[44.4697262,41.4986095],[44.4838349,41.4998847],[44.4840083,41.500924],[44.4854198,41.501159],[44.4886615,41.5003819],[44.4955825,41.5028349],[44.5009264,41.5025748],[44.5029441,41.503473],[44.5051813,41.5033441],[44.5093141,41.5047626],[44.5166521,41.5058021],[44.5188703,41.5081544],[44.525148,41.5086523],[44.5275043,41.5084404],[44.5297016,41.5062859],[44.5344208,41.5075513],[44.5370388,41.5051342],[44.5475329,41.5050114],[44.5502242,41.5033512],[44.556586,41.5029656],[44.5577957,41.5021891],[44.5615428,41.5024574],[44.5645231,41.5038478],[44.5699097,41.5024278],[44.5723757,41.5035735],[44.5738816,41.5015687],[44.5792611,41.5012873],[44.5856711,41.4972437],[44.5854973,41.4959421],[44.5880311,41.4948577],[44.5918171,41.4951156],[44.6044566,41.4892234],[44.6080641,41.4886277],[44.6117985,41.4886923],[44.6157847,41.490752],[44.6207546,41.4897021],[44.6306958,41.490741],[44.6360427,41.4952463],[44.6373134,41.4952463],[44.6447058,41.4940892],[44.6522418,41.4942177],[44.6551334,41.4930605],[44.660576,41.4924368],[44.6614698,41.4913659],[44.6641777,41.4926599],[44.6645145,41.4919033],[44.6676581,41.4919033],[44.672292,41.4876561],[44.6768141,41.4872688],[44.6802311,41.4890706],[44.6882521,41.486898],[44.6949509,41.4833622],[44.7027212,41.4861119],[44.7097761,41.4838427],[44.7329927,41.4936528],[44.7338557,41.4953678],[44.7294021,41.4975031],[44.7293873,41.5010681],[44.7392296,41.5027362],[44.7501373,41.5120842],[44.7504949,41.5140046],[44.7531263,41.5168159],[44.7554165,41.5146767],[44.7671226,41.5116993],[44.7734813,41.5137779],[44.7807524,41.5214704],[44.7880395,41.5247748],[44.8041054,41.5215125],[44.8165094,41.5223556],[44.8201319,41.5319594],[44.8252255,41.5380023],[44.8306718,41.5487023],[44.831005,41.5610424],[44.8083397,41.5706048],[44.7967304,41.5825079],[44.7793647,41.5954901],[44.774539,41.6027983],[44.7708073,41.6030912],[44.763419,41.6081471],[44.7547493,41.6160828],[44.7551642,41.6176152],[44.7543323,41.6217312],[44.7486257,41.6253965],[44.7491092,41.627597],[44.7412414,41.6314632],[44.7353993,41.6328625],[44.7303437,41.638302],[44.7237861,41.6400463],[44.7177982,41.6401292],[44.703944,41.6426434],[44.6982789,41.6423556],[44.6953332,41.6431653],[44.6916211,41.6420588],[44.6917391,41.6414094],[44.6876728,41.6408722],[44.6829515,41.6419836],[44.6735535,41.6417327],[44.6735537,41.6478875],[44.6721268,41.6478554],[44.6698308,41.6455384],[44.6657968,41.6437064],[44.6642464,41.6419746],[44.662135,41.6414753],[44.6619236,41.6404312],[44.6589088,41.640351],[44.6559757,41.6382474],[44.6536195,41.6407519],[44.6523857,41.6390481],[44.6491324,41.6374751],[44.6474561,41.6372324],[44.6454012,41.6395011],[44.644736,41.6393808],[44.6434593,41.6371197],[44.6406823,41.6360983],[44.6378159,41.6370716],[44.637309,41.6379175],[44.6356469,41.637143],[44.633616,41.6379352],[44.6234417,41.6561518],[44.6229288,41.6589244],[44.61815,41.6590863],[44.6155214,41.6607215],[44.6151459,41.6634146],[44.6161812,41.6656308],[44.6153873,41.6653262],[44.6117663,41.667398],[44.6099581,41.6691177],[44.6088032,41.6734419],[44.6027005,41.6769347],[44.6009838,41.6790983],[44.6016343,41.6803726],[44.5995676,41.6849316],[44.5968955,41.6862175],[44.5962016,41.6877513],[44.6025731,41.6902674],[44.6029648,41.6910885],[44.6052889,41.6901155],[44.6059906,41.6909815],[44.6078879,41.6909727],[44.6093852,41.6924461],[44.6109666,41.6922266],[44.613047,41.6935965],[44.613381,41.6916697],[44.6150674,41.692097],[44.6154438,41.6929925],[44.617812,41.6922866],[44.6054775,41.7032557],[44.6035126,41.7084176],[44.6078929,41.7130424],[44.6015872,41.719428],[44.5983863,41.7187834],[44.5893781,41.7263355],[44.5800257,41.7312923],[44.5807617,41.7324069],[44.5628569,41.7412536],[44.5624453,41.7470997],[44.5549813,41.7509695],[44.5169792,41.7602832],[44.5069458,41.7591287],[44.5006536,41.7552031],[44.4861474,41.7554174],[44.4820834,41.7520564],[44.4787726,41.7475857],[44.4721226,41.7422642],[44.4602687,41.736918],[44.4450398,41.7351746],[44.4171542,41.7353151],[44.3955626,41.7382669],[44.3806348,41.7440356],[44.3712578,41.7523391],[44.36787,41.7564978],[44.3603768,41.762026],[44.3551141,41.7675662],[44.3450147,41.7730787],[44.3379526,41.7724813],[44.3320471,41.7679914],[44.3287662,41.7615672],[44.3217466,41.7570703],[44.3139576,41.7550747],[44.3024233,41.7555623],[44.2979728,41.7544212],[44.2908918,41.7557702],[44.2856978,41.7546241],[44.2791067,41.745393],[44.2761541,41.7434251],[44.2690897,41.7433804],[44.2552652,41.7491398],[44.2345479,41.7400923],[44.2308333,41.739789],[44.2222621,41.7414022],[44.2181521,41.7430452],[44.211828,41.7432805],[44.2077587,41.7415817],[44.2048187,41.7387765],[44.2025418,41.7315697],[44.2029163,41.7251113],[44.2086088,41.7026],[44.2128115,41.6931604],[44.2225413,41.6873785],[44.2274505,41.680728],[44.2289862,41.676561],[44.2271391,41.6757131],[44.2137884,41.6739517],[44.2066907,41.6772448],[44.2007617,41.6760898],[44.2008271,41.6708001],[44.1971478,41.6679885]]]}},{"type":"Feature","properties":{"sourceName":"Kaspi Municipality","sourceId":"osm-relation-2025549","code":"45","nameKa":"კასპი","nameEn":"Kaspi","source":"OpenStreetMap"},"geometry":{"type":"Polygon","coordinates":[[[44.1519685,41.7445503],[44.1567868,41.7440038],[44.1627248,41.7448827],[44.18865,41.7531446],[44.1988321,41.7417983],[44.2048187,41.7387765],[44.2077587,41.7415817],[44.211828,41.7432805],[44.2181521,41.7430452],[44.2222621,41.7414022],[44.2308333,41.739789],[44.2345479,41.7400923],[44.2552652,41.7491398],[44.2690897,41.7433804],[44.2761541,41.7434251],[44.2791067,41.745393],[44.2856978,41.7546241],[44.2908918,41.7557702],[44.2979728,41.7544212],[44.3024233,41.7555623],[44.3139576,41.7550747],[44.3217466,41.7570703],[44.3287662,41.7615672],[44.3320471,41.7679914],[44.3379526,41.7724813],[44.3450147,41.7730787],[44.3551141,41.7675662],[44.3603768,41.762026],[44.36787,41.7564978],[44.3712578,41.7523391],[44.3806348,41.7440356],[44.3955626,41.7382669],[44.4171542,41.7353151],[44.4450398,41.7351746],[44.4602687,41.736918],[44.4721226,41.7422642],[44.4787726,41.7475857],[44.4820834,41.7520564],[44.4861474,41.7554174],[44.4752514,41.7690128],[44.4752219,41.7726329],[44.4737021,41.7765245],[44.4865783,41.7946842],[44.4898723,41.8016609],[44.4968999,41.8072615],[44.5043223,41.8100785],[44.5042086,41.824837],[44.50714,41.8309766],[44.5116016,41.8318311],[44.5130594,41.8360145],[44.506618,41.8504679],[44.5021379,41.8518409],[44.4939527,41.8506913],[44.4916937,41.8537446],[44.4920508,41.8556955],[44.4961284,41.8582197],[44.5032079,41.8579721],[44.5091592,41.8591116],[44.5113645,41.8630197],[44.5200345,41.8735875],[44.5273165,41.8722094],[44.53724,41.8680319],[44.5442434,41.8702537],[44.5461323,41.869545],[44.5501369,41.8633745],[44.5515266,41.8625236],[44.5545276,41.8623019],[44.5578582,41.8637002],[44.5599251,41.8635477],[44.5626669,41.8619739],[44.562124,41.8645958],[44.5646791,41.8678433],[44.5678634,41.8691935],[44.568829,41.8730284],[44.573142,41.8776458],[44.5734268,41.8809807],[44.5706956,41.8849627],[44.5714681,41.8901703],[44.5733285,41.8921646],[44.5739143,41.8958087],[44.5729916,41.8983163],[44.5734637,41.8999614],[44.5691507,41.9018459],[44.5683353,41.9039381],[44.5654814,41.906094],[44.5632881,41.9113589],[44.561868,41.9177717],[44.5595766,41.9188696],[44.5584537,41.9213802],[44.5548048,41.9244415],[44.553071,41.9293457],[44.5511048,41.9307784],[44.5504181,41.9343541],[44.5441096,41.9390788],[44.5408909,41.9435957],[44.5376079,41.946293],[44.5320654,41.9463385],[44.5274369,41.949022],[44.5246718,41.9523214],[44.5253502,41.9533627],[44.5238964,41.9558202],[44.5263426,41.9607986],[44.5254167,41.9638609],[44.5218896,41.9690258],[44.5188539,41.9701481],[44.5120947,41.9751255],[44.5113222,41.9767207],[44.5114724,41.9835318],[44.5070307,41.991028],[44.5080328,41.9981063],[44.5054047,42.0005318],[44.5066063,42.0042072],[44.5089302,42.0059137],[44.5083079,42.0083851],[44.5092413,42.0100831],[44.5069883,42.0114702],[44.5064197,42.0140848],[44.5068274,42.018166],[44.5037257,42.0228443],[44.5043931,42.0246607],[44.5009479,42.0272282],[44.5008621,42.030408],[44.4963882,42.0327589],[44.4960706,42.0343921],[44.494575,42.0360022],[44.4955728,42.0379863],[44.4928369,42.0405999],[44.4929871,42.0417751],[44.4897815,42.0430382],[44.4881594,42.0420105],[44.484433,42.0421135],[44.4808886,42.0462579],[44.47764,42.046542],[44.475178,42.046384],[44.471549,42.044311],[44.466997,42.04664],[44.462654,42.047501],[44.435612,42.046637],[44.429629,42.054466],[44.426378,42.054376],[44.420286,42.052363],[44.41743,42.052201],[44.408141,42.054871],[44.398677,42.055189],[44.392475,42.054496],[44.386583,42.052334],[44.366849,42.054798],[44.364897,42.052804],[44.365414,42.050457],[44.363771,42.047142],[44.360309,42.04357],[44.358738,42.042974],[44.347594,42.043939],[44.345636,42.042753],[44.335782,42.04277],[44.334841,42.038504],[44.327946,42.038391],[44.3253135,42.0332128],[44.3244764,42.0286251],[44.3216484,42.0228059],[44.3172168,42.0238121],[44.3140218,42.0228453],[44.3076897,42.0248056],[44.3035237,42.0250669],[44.3035725,42.0245039],[44.3009285,42.0247499],[44.3005013,42.0239688],[44.297111,42.0232674],[44.2967799,42.0209034],[44.3012011,42.0204684],[44.3004695,42.0138345],[44.3008781,42.0018014],[44.298041,41.9915085],[44.309389,41.990141],[44.3132145,41.983747],[44.321208,41.9826226],[44.3265295,41.982814],[44.3291902,41.9819526],[44.3306922,41.9788262],[44.3336963,41.9757954],[44.3341255,41.971871],[44.3281173,41.9759549],[44.3256712,41.9756997],[44.3222808,41.9736578],[44.3197059,41.9736578],[44.3209505,41.9647236],[44.3228387,41.9612453],[44.3087196,41.9585327],[44.3073033,41.9598093],[44.3007373,41.9612453],[44.3006086,41.9626813],[44.2960167,41.9643726],[44.2908239,41.9681698],[44.2847728,41.9702119],[44.28707,41.9744041],[44.2825412,41.9764016],[44.2746712,41.9752952],[44.263916,41.9802938],[44.2630148,41.975923],[44.2639337,41.9724516],[44.2572548,41.9651532],[44.2526832,41.958499],[44.2497952,41.9524866],[44.2447692,41.9486682],[44.2211957,41.9412554],[44.2085875,41.9358065],[44.2009992,41.9344921],[44.1813286,41.9406846],[44.1773573,41.9299061],[44.1827631,41.9285274],[44.1820764,41.9258454],[44.1830635,41.9247917],[44.1802889,41.9180845],[44.1870975,41.9098787],[44.1902902,41.9036019],[44.1925048,41.9009675],[44.2037272,41.8936364],[44.1963672,41.8944989],[44.1943073,41.8931732],[44.1953831,41.8902903],[44.2007875,41.8881894],[44.2038774,41.8860169],[44.20156,41.8833331],[44.1921277,41.8787691],[44.1774317,41.8739394],[44.1634515,41.8657711],[44.1605147,41.8636614],[44.1613695,41.8588352],[44.1671666,41.856982],[44.1676271,41.8544318],[44.1702451,41.8553287],[44.1790813,41.8545124],[44.1856145,41.8485802],[44.1936301,41.8486367],[44.2007626,41.8518411],[44.2107795,41.8607432],[44.2187773,41.8623751],[44.2234304,41.8614603],[44.2285621,41.8558166],[44.2404207,41.8521102],[44.2429929,41.8486571],[44.2455818,41.8469865],[44.2366153,41.8447845],[44.2326663,41.8398821],[44.2308526,41.8333167],[44.22856,41.8316396],[44.2230622,41.8240882],[44.2181682,41.8227738],[44.2137589,41.8238643],[44.2125463,41.8209349],[44.2185841,41.8142208],[44.2159333,41.8085796],[44.2201146,41.8018537],[44.2221667,41.8006682],[44.2181682,41.8000793],[44.2170663,41.7982074],[44.2087944,41.7953777],[44.1987705,41.7944963],[44.194203,41.7901565],[44.1911101,41.7893449],[44.1884279,41.7896489],[44.1870975,41.788753],[44.1890072,41.788177],[44.1874602,41.787187],[44.1824841,41.787873],[44.1791796,41.7867051],[44.1774416,41.787009],[44.1781068,41.7854731],[44.1765618,41.7844811],[44.1740942,41.7851371],[44.1739011,41.7838571],[44.1690359,41.7830258],[44.1547349,41.7584513],[44.1519685,41.7445503]]]}},{"type":"Feature","properties":{"sourceName":"Kazbegi Municipality","sourceId":"osm-relation-2025553","code":"68","nameKa":"ყაზბეგი","nameEn":"Kazbegi","source":"OpenStreetMap"},"geometry":{"type":"Polygon","coordinates":[[[44.2249943,42.6107132],[44.2275764,42.6068105],[44.2297472,42.6058135],[44.2320004,42.6061333],[44.2342185,42.6078007],[44.23768,42.6049944],[44.2456413,42.5936653],[44.248186,42.5916754],[44.2500801,42.5914778],[44.2515595,42.5923104],[44.2526835,42.5960987],[44.2549302,42.598086],[44.2614553,42.6003469],[44.2659043,42.60376],[44.268342,42.6045036],[44.2716337,42.6010308],[44.27682,42.599246],[44.2799388,42.5967096],[44.2835298,42.5955472],[44.2863042,42.5960104],[44.2879254,42.5953701],[44.2919724,42.5911315],[44.2940762,42.5905692],[44.300822,42.5846277],[44.3026113,42.5810261],[44.302353,42.5789068],[44.3072754,42.5785774],[44.3072507,42.5712643],[44.3080967,42.5700421],[44.3086092,42.5638049],[44.3102443,42.5603989],[44.314564,42.556635],[44.3184507,42.5548269],[44.3200034,42.5528035],[44.3226384,42.5514205],[44.3260566,42.5513874],[44.3309187,42.5489081],[44.3358588,42.5483391],[44.3386883,42.5469404],[44.3446237,42.5469094],[44.3446674,42.5433082],[44.3470525,42.5401264],[44.3460638,42.5366414],[44.347719,42.532166],[44.3490002,42.5308663],[44.3462654,42.5276791],[44.3469143,42.5267911],[44.3524596,42.5237376],[44.3605841,42.5256696],[44.3621586,42.5250383],[44.3658912,42.5223538],[44.3663354,42.5206181],[44.368944,42.519472],[44.3718552,42.5136892],[44.3752995,42.5130647],[44.379542,42.510434],[44.376826,42.504103],[44.3664369,42.5045014],[44.3637747,42.5058247],[44.3562058,42.5067159],[44.3514812,42.50182],[44.3466734,42.5003135],[44.3410942,42.4999826],[44.3428878,42.4965814],[44.3413681,42.4971832],[44.3375663,42.4955701],[44.3357405,42.4966362],[44.3345356,42.495386],[44.3337814,42.492617],[44.3368343,42.4899313],[44.3394892,42.4855322],[44.3409299,42.4816564],[44.3398834,42.4797284],[44.3408145,42.4783758],[44.3401873,42.476082],[44.3407541,42.4744791],[44.3434315,42.4721248],[44.3490146,42.4683811],[44.3503399,42.4683308],[44.3522571,42.4707871],[44.356349,42.4721798],[44.3611545,42.4718407],[44.3684666,42.4727118],[44.3708523,42.4721202],[44.3720369,42.4730771],[44.3762287,42.4718207],[44.382843,42.4688897],[44.3839478,42.4662365],[44.383631,42.4630824],[44.3846571,42.4589927],[44.3902293,42.4598388],[44.3955325,42.4589482],[44.4002328,42.4631649],[44.4087697,42.4638431],[44.4106951,42.4637324],[44.4146937,42.4617397],[44.4202834,42.4638854],[44.4273671,42.4595731],[44.4330954,42.4612603],[44.4382096,42.4615816],[44.4484746,42.4584036],[44.4535577,42.4500323],[44.4540197,42.4464754],[44.4567899,42.4442114],[44.4597685,42.4397104],[44.4629432,42.4376365],[44.4764519,42.4403836],[44.4799123,42.4422053],[44.4871704,42.4438919],[44.486885,42.4452988],[44.48859,42.4493615],[44.4913218,42.4510269],[44.4932106,42.453549],[44.4876809,42.4617641],[44.4849757,42.4638059],[44.4868479,42.4678322],[44.490838,42.4672316],[44.4950139,42.4694481],[44.495449,42.4714165],[44.4944714,42.4727627],[44.4874501,42.4737812],[44.4902991,42.4780271],[44.4894312,42.4803664],[44.4866084,42.4813878],[44.4866199,42.4821518],[44.4885834,42.4827547],[44.4825945,42.4861186],[44.4798708,42.490039],[44.4834368,42.4957995],[44.4815713,42.4996819],[44.4813362,42.5028235],[44.4827307,42.5033314],[44.4843985,42.5057148],[44.486834,42.5130249],[44.4948649,42.5102449],[44.4963241,42.510324],[44.4970107,42.5115657],[44.5000899,42.512056],[44.5037199,42.5150367],[44.5080469,42.513053],[44.5121062,42.512544],[44.5151481,42.5149085],[44.5212536,42.5162603],[44.5217178,42.5196493],[44.5281147,42.5222501],[44.5370214,42.5230985],[44.5399467,42.5221077],[44.54732,42.5226269],[44.5512476,42.5238196],[44.5555302,42.5212593],[44.5606253,42.5201732],[44.5612741,42.5186579],[44.5653662,42.5179931],[44.5647428,42.5129236],[44.5670819,42.5076972],[44.5748338,42.5061211],[44.5813292,42.5097858],[44.5887229,42.5115918],[44.5928564,42.5106498],[44.5937886,42.5090718],[44.5997012,42.5058713],[44.6022587,42.5027711],[44.6043379,42.4981922],[44.6068771,42.4972268],[44.6100553,42.4977285],[44.6142313,42.4967645],[44.618476,42.4972863],[44.6200952,42.4966915],[44.6242609,42.4983595],[44.6289699,42.4973157],[44.6298577,42.4961632],[44.6348869,42.493652],[44.6415351,42.4914064],[44.6415007,42.492233],[44.6447115,42.4951342],[44.649362,42.501813],[44.6488732,42.5071046],[44.6524467,42.5088305],[44.6565408,42.514071],[44.6618752,42.5173268],[44.6672946,42.5193673],[44.6704171,42.5243617],[44.6792885,42.5166935],[44.6865594,42.5134834],[44.6906852,42.5132263],[44.6924915,42.5140615],[44.6980781,42.5145286],[44.6994273,42.5137629],[44.7004105,42.5103092],[44.7056722,42.506277],[44.7066371,42.5106449],[44.7118382,42.5137971],[44.7152637,42.5192166],[44.7230338,42.5280389],[44.7372312,42.5236055],[44.7399156,42.5249921],[44.7599391,42.5247012],[44.7668165,42.5268766],[44.7688233,42.5286917],[44.7686827,42.5298815],[44.7763289,42.5323623],[44.7760483,42.5340603],[44.7767603,42.5350009],[44.7780704,42.5352461],[44.7835106,42.5334508],[44.7896608,42.539294],[44.7932133,42.5410779],[44.7926966,42.543441],[44.7934133,42.5465129],[44.8038469,42.5490352],[44.8085875,42.5513344],[44.8113525,42.5514788],[44.8138697,42.5526886],[44.8149121,42.5552638],[44.8210241,42.556845],[44.8273193,42.5671252],[44.8319847,42.572725],[44.8325876,42.5752013],[44.8359862,42.5771393],[44.8377427,42.5801197],[44.8447111,42.5838283],[44.8479402,42.5878635],[44.8505262,42.589774],[44.858272,42.591575],[44.857686,42.595521],[44.852681,42.599213],[44.851327,42.602595],[44.855372,42.606755],[44.844205,42.611788],[44.8416383,42.6121141],[44.839804,42.615734],[44.836739,42.618011],[44.832188,42.618593],[44.8290542,42.6177972],[44.827336,42.6157105],[44.823493,42.616582],[44.8141171,42.6152841],[44.810868,42.615879],[44.802337,42.6150007],[44.794222,42.620628],[44.792828,42.622942],[44.7894358,42.6254493],[44.787878,42.629302],[44.785094,42.632709],[44.779231,42.635655],[44.777525,42.638723],[44.771044,42.641895],[44.7674764,42.6414066],[44.763921,42.651547],[44.763749,42.656367],[44.761112,42.661024],[44.758944,42.663749],[44.7568694,42.66455],[44.7545242,42.6686632],[44.7573022,42.6723446],[44.757208,42.674095],[44.752239,42.683525],[44.747443,42.687722],[44.746014,42.697728],[44.744617,42.700113],[44.7469848,42.7048485],[44.7521989,42.7108961],[44.7528491,42.7140979],[44.748401,42.717721],[44.746536,42.721129],[44.743287,42.723397],[44.7413422,42.7274122],[44.7300387,42.728546],[44.7255902,42.7323529],[44.718011,42.735848],[44.7150281,42.7388653],[44.714347,42.7420096],[44.7056851,42.7417606],[44.6984681,42.742506],[44.690954,42.747379],[44.687545,42.7530833],[44.6812475,42.7546955],[44.6799687,42.7559099],[44.675024,42.754272],[44.670568,42.750506],[44.6503068,42.7464026],[44.637881,42.745517],[44.629392,42.745945],[44.617035,42.747951],[44.597123,42.748679],[44.585266,42.744997],[44.580175,42.744751],[44.576453,42.747467],[44.569023,42.750852],[44.562972,42.755492],[44.555112,42.764674],[44.5524868,42.766391],[44.5473826,42.7642998],[44.5481014,42.762945],[44.5476776,42.7613775],[44.545481,42.7582998],[44.5354307,42.7554183],[44.5343733,42.7534176],[44.5298946,42.7528737],[44.5231783,42.7545517],[44.5188171,42.753374],[44.5139515,42.7542248],[44.5114142,42.7534528],[44.5100731,42.7525586],[44.5091021,42.7505024],[44.5091557,42.7469098],[44.5080276,42.7453066],[44.507879,42.7410082],[44.5055669,42.7407009],[44.499928,42.736198],[44.5001,42.733924],[44.5120954,42.7222914],[44.5125139,42.719848],[44.5110226,42.7158594],[44.519144,42.705231],[44.521128,42.699878],[44.5181108,42.6969414],[44.509181,42.697569],[44.50129,42.700947],[44.4935989,42.7018869],[44.4696307,42.7085675],[44.4277667,42.7172547],[44.4150209,42.718106],[44.4130683,42.7128009],[44.4105148,42.7090799],[44.4074557,42.7076933],[44.4031548,42.7088],[44.397608,42.7079013],[44.394207,42.7063994],[44.3925553,42.7043646],[44.3868685,42.7130373],[44.3835073,42.714732],[44.3794003,42.7155839],[44.3636191,42.7159225],[44.3515652,42.7110468],[44.344637,42.714573],[44.3368413,42.7159757],[44.335028,42.718953],[44.327127,42.7205074],[44.3206694,42.7200767],[44.3194646,42.7228418],[44.3118966,42.7211526],[44.3091762,42.7192629],[44.3057585,42.7133475],[44.305655,42.711159],[44.3016125,42.7067447],[44.290589,42.7010087],[44.2887861,42.6992463],[44.2846507,42.6988973],[44.2799825,42.6966505],[44.2731213,42.6957197],[44.2733991,42.6937751],[44.2723197,42.6920123],[44.2645263,42.6889011],[44.2577852,42.684527],[44.2494758,42.6808151],[44.2438459,42.6688701],[44.2409117,42.6666212],[44.2410824,42.6626952],[44.239821,42.6584689],[44.2405419,42.6542154],[44.2390847,42.6491275],[44.2367297,42.6453711],[44.2343181,42.6448188],[44.2310537,42.6413102],[44.2309688,42.6386921],[44.2332004,42.6369844],[44.2335004,42.6358955],[44.233154,42.6275727],[44.2312104,42.6247246],[44.2320056,42.6220854],[44.2289471,42.6176532],[44.2273575,42.6121224],[44.2249943,42.6107132]]]}},{"type":"Feature","properties":{"sourceName":"Dusheti Municipality","sourceId":"osm-relation-2025552","code":"65","nameKa":"დუშეთი","nameEn":"Dusheti","source":"OpenStreetMap"},"geometry":{"type":"Polygon","coordinates":[[[44.4629432,42.4376365],[44.464559,42.4319412],[44.467873,42.430248],[44.4722484,42.4269022],[44.473972,42.424033],[44.477055,42.422872],[44.48015,42.420169],[44.483987,42.411566],[44.4885092,42.4118826],[44.4903465,42.4127457],[44.5015413,42.4115409],[44.507097,42.409391],[44.5102207,42.4063023],[44.5132053,42.4076715],[44.5181412,42.4082839],[44.5235968,42.4072545],[44.5292676,42.40793],[44.543616,42.402712],[44.546208,42.400565],[44.54802,42.39668],[44.5487978,42.3923756],[44.5467958,42.3894386],[44.553938,42.386494],[44.5555121,42.384696],[44.5583724,42.3841718],[44.563685,42.38095],[44.569413,42.383469],[44.574663,42.383562],[44.587076,42.379054],[44.5908634,42.3765149],[44.5976517,42.3781067],[44.6062874,42.3739031],[44.6064676,42.3710445],[44.61001,42.362719],[44.609128,42.361247],[44.604693,42.357707],[44.604016,42.355208],[44.60264,42.353587],[44.598791,42.351591],[44.593581,42.345734],[44.5912801,42.340914],[44.5822592,42.3362032],[44.5781769,42.3282413],[44.580946,42.3266882],[44.586519,42.320526],[44.5964321,42.3143868],[44.597965,42.310211],[44.5966609,42.3028608],[44.5955103,42.3014865],[44.601287,42.301263],[44.6059578,42.29868],[44.6069606,42.2970174],[44.610628,42.294685],[44.611342,42.291088],[44.6106614,42.2834526],[44.6131998,42.2817865],[44.614882,42.278422],[44.6186345,42.2760758],[44.6206005,42.2738359],[44.619681,42.269698],[44.617234,42.265577],[44.6191242,42.2619013],[44.6192212,42.2601068],[44.617197,42.255294],[44.615951,42.2545539],[44.616079,42.2535803],[44.617221,42.251356],[44.6234386,42.2456723],[44.6222026,42.242482],[44.6176776,42.2373246],[44.6180718,42.2364003],[44.6132767,42.2286967],[44.6134867,42.2249226],[44.6151757,42.2241019],[44.620094,42.217324],[44.617257,42.212761],[44.618174,42.208063],[44.623829,42.204042],[44.6252026,42.2017295],[44.6231601,42.1975975],[44.6185786,42.1926985],[44.6115022,42.1900404],[44.6060408,42.1899055],[44.604866,42.1890762],[44.6017415,42.18978],[44.5939407,42.185846],[44.5884436,42.1849641],[44.5862042,42.18372],[44.586134,42.1805848],[44.5832699,42.1767516],[44.5806026,42.1754716],[44.5743605,42.1747083],[44.5709421,42.1764318],[44.5694859,42.1753798],[44.5647543,42.1744598],[44.5633496,42.1697918],[44.5640585,42.1675426],[44.5714605,42.1673536],[44.5802149,42.156142],[44.5731848,42.1558768],[44.5752177,42.1455595],[44.5684105,42.1406648],[44.565821,42.1370884],[44.560282,42.1339177],[44.5608257,42.1320931],[44.5653434,42.1275027],[44.5666799,42.1165411],[44.5611924,42.1145375],[44.5598029,42.1162196],[44.5581609,42.1168226],[44.5565223,42.1158071],[44.5470848,42.1156836],[44.5472244,42.1133926],[44.5419236,42.1086719],[44.5396635,42.1039578],[44.5364577,42.1009022],[44.5319619,42.1007359],[44.5262926,42.0979738],[44.5242014,42.0955095],[44.5210554,42.0944644],[44.5203176,42.0909624],[44.5226077,42.0823904],[44.5219224,42.0761224],[44.5246837,42.0719097],[44.5257339,42.0664826],[44.5325883,42.0694804],[44.5372173,42.068468],[44.5418078,42.0720759],[44.5480203,42.0740606],[44.5588155,42.0621403],[44.5526153,42.0599443],[44.5502068,42.0554296],[44.5411578,42.0508417],[44.540645,42.0496348],[44.5427721,42.0482198],[44.5412891,42.0469586],[44.541369,42.0455937],[44.5391941,42.0454339],[44.5384904,42.0435665],[44.5314003,42.0407753],[44.5106636,42.0533197],[44.503889,42.05437],[44.4986778,42.0573944],[44.4925189,42.0594895],[44.4873195,42.0684045],[44.4853521,42.067344],[44.4865349,42.0647582],[44.4863462,42.0634801],[44.4845668,42.0618568],[44.4883953,42.0489933],[44.491024,42.0442096],[44.4897815,42.0430382],[44.4929871,42.0417751],[44.4930987,42.040217],[44.495487,42.0382094],[44.494575,42.0360022],[44.4960706,42.0343921],[44.4963882,42.0327589],[44.5008621,42.030408],[44.5009479,42.0272282],[44.5043931,42.0246607],[44.5037257,42.0228443],[44.5068274,42.018166],[44.5064197,42.0140848],[44.5069883,42.0114702],[44.5092521,42.0097642],[44.5083079,42.0083851],[44.5089302,42.0059137],[44.5066063,42.0042072],[44.5055335,42.000173],[44.5335223,41.9921568],[44.5572602,41.9925849],[44.5745156,41.9911464],[44.583971,41.9836623],[44.6014734,41.9780435],[44.6144726,41.9760828],[44.6382062,41.9763271],[44.6424558,41.9771758],[44.6637216,41.9784096],[44.6699784,41.980934],[44.6766564,41.9863186],[44.68719,41.9864442],[44.704011,41.9820292],[44.7127316,41.9848917],[44.720323,41.9900901],[44.7299534,41.9901131],[44.7516881,41.9874888],[44.7568464,41.9854949],[44.7552937,41.9816486],[44.7548651,41.9766361],[44.7562206,41.9734634],[44.7564884,41.9619352],[44.7603272,41.9530878],[44.7575719,41.9474169],[44.7597554,41.9445982],[44.7567157,41.9414217],[44.7503468,41.9268991],[44.7550461,41.9247835],[44.7572819,41.9249289],[44.7789335,41.9297898],[44.7786513,41.9372338],[44.7670387,41.9433369],[44.7649549,41.9470986],[44.7738491,41.9482943],[44.7786731,41.9525873],[44.7787701,41.9556108],[44.7997342,41.9491304],[44.8014535,41.94258],[44.8073668,41.9416474],[44.8158839,41.93715],[44.8217068,41.9354884],[44.829093,41.9348312],[44.8369199,41.9368476],[44.8420597,41.9396952],[44.8471961,41.9442135],[44.8491981,41.9493957],[44.8596976,41.9686998],[44.8593915,41.9732261],[44.8618162,41.9732362],[44.8674582,41.9945309],[44.8649514,42.0149121],[44.8618046,42.0195867],[44.862466,42.0246],[44.8736663,42.0266178],[44.8918181,42.0264692],[44.9010022,42.0288166],[44.9063713,42.0351702],[44.8949101,42.0540406],[44.8940061,42.0583839],[44.8891276,42.0703535],[44.8891141,42.0781506],[44.8913375,42.0892898],[44.8894585,42.0951374],[44.8741137,42.1029187],[44.8681094,42.1132153],[44.8542366,42.1285142],[44.8519772,42.134916],[44.8519571,42.1435484],[44.8575498,42.1524663],[44.873615,42.1658514],[44.8754723,42.1730935],[44.8758315,42.1808907],[44.8720719,42.1886837],[44.8638068,42.2014835],[44.8547996,42.2101062],[44.8618924,42.2206951],[44.8686323,42.2223738],[44.875739,42.2282293],[44.8884676,42.2340901],[44.9011916,42.2444047],[44.9068042,42.2505355],[44.9206472,42.2703165],[44.9247678,42.2733823],[44.9277626,42.2775611],[44.9281331,42.2814598],[44.9228833,42.2814564],[44.9217542,42.2850744],[44.927747,42.2912056],[44.9318693,42.2942712],[44.9419957,42.2945551],[44.9476238,42.2920517],[44.9555005,42.2912197],[44.9652494,42.2953999],[44.9738732,42.3023636],[45.0027583,42.3304906],[45.0027585,42.3349459],[44.9945015,42.3374519],[44.9937511,42.3396784],[45.0086498,42.3484565],[45.0222831,42.3591693],[45.0213942,42.3633505],[45.023129,42.367011],[45.027492,42.366498],[45.033472,42.368153],[45.03629,42.366079],[45.041006,42.365593],[45.0434331,42.3605635],[45.051423,42.360045],[45.058884,42.36172],[45.061934,42.35565],[45.066078,42.356592],[45.072521,42.356073],[45.075601,42.350195],[45.077439,42.348603],[45.07784,42.344807],[45.086483,42.345169],[45.09163,42.344406],[45.093074,42.345337],[45.092304,42.347713],[45.09352,42.349426],[45.093475,42.351111],[45.098673,42.355142],[45.101946,42.355955],[45.106109,42.359534],[45.110294,42.361617],[45.11829,42.360306],[45.121657,42.3635],[45.126384,42.365359],[45.142133,42.365251],[45.146151,42.366492],[45.156768,42.36482],[45.160413,42.365139],[45.162914,42.363518],[45.166479,42.363002],[45.171066,42.364534],[45.18375,42.37491],[45.192344,42.376558],[45.196857,42.379099],[45.201513,42.382991],[45.2035,42.383692],[45.20852,42.382011],[45.210789,42.383764],[45.217363,42.38445],[45.221545,42.386562],[45.2219367,42.3887363],[45.2245881,42.3918024],[45.225288,42.394601],[45.224985,42.400745],[45.222633,42.40766],[45.223058,42.412988],[45.220839,42.417524],[45.219601,42.417948],[45.2181908,42.4218297],[45.2237142,42.4285684],[45.229583,42.429724],[45.235978,42.432793],[45.237478,42.434866],[45.237578,42.437316],[45.245599,42.4475],[45.253036,42.449023],[45.256684,42.448145],[45.260147,42.450203],[45.262894,42.453468],[45.268197,42.454625],[45.27259,42.457649],[45.276218,42.465865],[45.272387,42.47095],[45.275074,42.473833],[45.269761,42.47625],[45.269836,42.477101],[45.26637,42.479789],[45.264501,42.484614],[45.267007,42.485763],[45.268185,42.489811],[45.270463,42.493187],[45.268756,42.496415],[45.270237,42.49977],[45.269232,42.500951],[45.269661,42.502462],[45.265427,42.507916],[45.26648,42.512992],[45.265765,42.516722],[45.2641553,42.5194542],[45.266663,42.522211],[45.27238,42.526026],[45.274464,42.529608],[45.279469,42.533543],[45.280871,42.538758],[45.282794,42.541847],[45.2890372,42.5457405],[45.294264,42.54644],[45.2991146,42.5486581],[45.299308,42.552568],[45.301711,42.554296],[45.303154,42.558061],[45.305405,42.559371],[45.308814,42.563391],[45.3096842,42.5691977],[45.3041893,42.5704654],[45.2974462,42.5731991],[45.2955365,42.5748504],[45.2941542,42.5793812],[45.2923876,42.5801238],[45.291717,42.584441],[45.2885397,42.586103],[45.2878842,42.5873149],[45.2850137,42.5879639],[45.2810794,42.5902113],[45.2827853,42.5931772],[45.2839172,42.5936432],[45.2843893,42.5953097],[45.2843517,42.5971183],[45.2829248,42.59792],[45.2809024,42.6012172],[45.2834773,42.6060344],[45.2795291,42.6057422],[45.26806,42.6076453],[45.2660644,42.6062239],[45.2583403,42.6050734],[45.2555045,42.6061022],[45.2518252,42.6198945],[45.2470878,42.6250875],[45.24589,42.627868],[45.2424904,42.6301643],[45.2416231,42.6325402],[45.2388718,42.6357101],[45.2382676,42.6398054],[45.2328444,42.6433197],[45.2290192,42.6489191],[45.2213896,42.6533444],[45.2170017,42.6607173],[45.2009078,42.6663672],[45.1943842,42.6668303],[45.1907911,42.6688572],[45.1838687,42.678002],[45.1787871,42.6802372],[45.1706064,42.6870505],[45.1649793,42.6967431],[45.1602526,42.7018892],[45.1583732,42.7075304],[45.1453981,42.7081361],[45.1415839,42.7093631],[45.1371845,42.7087627],[45.1337467,42.7099475],[45.1266246,42.7079112],[45.1204736,42.7086607],[45.1119442,42.7048135],[45.1069659,42.7041726],[45.0948142,42.7065579],[45.0903115,42.7102477],[45.0866131,42.7117542],[45.0839263,42.7103787],[45.0801646,42.7098782],[45.0787624,42.7073978],[45.0747211,42.7067713],[45.071381,42.7050089],[45.0695643,42.7031117],[45.0702471,42.7022138],[45.069506,42.6998316],[45.0655931,42.6965313],[45.0632472,42.6955768],[45.0607026,42.6959828],[45.055779,42.695067],[45.0512656,42.6925171],[45.042644,42.6921207],[45.0347448,42.6927319],[45.0319775,42.6958697],[45.0315856,42.6981306],[45.0324657,42.7007171],[45.0294019,42.7043636],[45.0206058,42.7083241],[45.020091,42.71002],[45.0164326,42.7123197],[45.0109198,42.7127979],[45.0058385,42.7153636],[45.0009139,42.7210259],[44.996417,42.723329],[44.99472,42.727082],[44.9943869,42.7301812],[44.9879868,42.7344617],[44.983148,42.736634],[44.983301,42.738568],[44.982066,42.741638],[44.979751,42.744936],[44.9669056,42.7489941],[44.9575181,42.7488039],[44.9460107,42.7509297],[44.9260783,42.7504236],[44.9249357,42.7491434],[44.9211645,42.7478119],[44.9109721,42.7498052],[44.9095452,42.7507427],[44.9054468,42.7489188],[44.8929262,42.7482964],[44.8861563,42.7467916],[44.8841607,42.7421035],[44.8811245,42.7393377],[44.879164,42.7338],[44.8755401,42.7319027],[44.8762536,42.7312683],[44.8701221,42.7272214],[44.8685342,42.7203879],[44.8701596,42.7157333],[44.8704332,42.7115553],[44.8678207,42.7076608],[44.8639047,42.7044757],[44.8671019,42.7000091],[44.8685503,42.6992167],[44.8684645,42.6965989],[44.8672521,42.6949587],[44.8684162,42.6940204],[44.8689902,42.6914378],[44.8667286,42.6904505],[44.8650581,42.6882952],[44.8609543,42.6864261],[44.859243,42.6822422],[44.8563302,42.6796788],[44.8570222,42.6776241],[44.8563999,42.6767683],[44.8459768,42.6736013],[44.8404729,42.6750567],[44.8361143,42.6743053],[44.8353553,42.6709982],[44.8369002,42.6669473],[44.8339847,42.6639278],[44.8298836,42.6462393],[44.8270136,42.6431102],[44.8229052,42.6413028],[44.8237199,42.6371159],[44.8226255,42.6332878],[44.8238057,42.6307185],[44.8264289,42.6284254],[44.8261017,42.6254098],[44.8269921,42.6217665],[44.8290542,42.6177972],[44.832188,42.618593],[44.835987,42.618402],[44.839804,42.615734],[44.8416383,42.6121141],[44.844205,42.611788],[44.855372,42.606755],[44.851327,42.602595],[44.852681,42.599213],[44.857686,42.595521],[44.858272,42.591575],[44.8505262,42.589774],[44.8479402,42.5878635],[44.8447111,42.5838283],[44.8377427,42.5801197],[44.8359862,42.5771393],[44.8325876,42.5752013],[44.8319847,42.572725],[44.8273193,42.5671252],[44.8210241,42.556845],[44.8149121,42.5552638],[44.8138697,42.5526886],[44.8113525,42.5514788],[44.8085875,42.5513344],[44.8038469,42.5490352],[44.7934133,42.5465129],[44.7926966,42.543441],[44.7932133,42.5410779],[44.7896608,42.539294],[44.7848632,42.5342971],[44.7835106,42.5334508],[44.7780704,42.5352461],[44.7767603,42.5350009],[44.7760483,42.5340603],[44.7763289,42.5323623],[44.7686827,42.5298815],[44.7688233,42.5286917],[44.7668165,42.5268766],[44.7599391,42.5247012],[44.7399156,42.5249921],[44.7372312,42.5236055],[44.7230338,42.5280389],[44.7152637,42.5192166],[44.7118382,42.5137971],[44.7066371,42.5106449],[44.7056722,42.506277],[44.7004105,42.5103092],[44.6994273,42.5137629],[44.6980781,42.5145286],[44.6924915,42.5140615],[44.6906852,42.5132263],[44.6865594,42.5134834],[44.6792885,42.5166935],[44.6704171,42.5243617],[44.6672946,42.5193673],[44.6618752,42.5173268],[44.6565408,42.514071],[44.6524467,42.5088305],[44.6488732,42.5071046],[44.649362,42.501813],[44.6447115,42.4951342],[44.6415007,42.492233],[44.6415351,42.4914064],[44.6348869,42.493652],[44.6298577,42.4961632],[44.6289699,42.4973157],[44.6242609,42.4983595],[44.6200952,42.4966915],[44.618476,42.4972863],[44.6142313,42.4967645],[44.6100553,42.4977285],[44.6068771,42.4972268],[44.6043379,42.4981922],[44.6022587,42.5027711],[44.5997012,42.5058713],[44.5937886,42.5090718],[44.5928564,42.5106498],[44.5887229,42.5115918],[44.5813292,42.5097858],[44.5748338,42.5061211],[44.5670819,42.5076972],[44.5647428,42.5129236],[44.5653662,42.5179931],[44.5612741,42.5186579],[44.5606253,42.5201732],[44.5555302,42.5212593],[44.5512476,42.5238196],[44.54732,42.5226269],[44.5399467,42.5221077],[44.5370214,42.5230985],[44.5281147,42.5222501],[44.5217178,42.5196493],[44.5212536,42.5162603],[44.5151481,42.5149085],[44.5121062,42.512544],[44.5080469,42.513053],[44.5037199,42.5150367],[44.5000899,42.512056],[44.4970107,42.5115657],[44.4963241,42.510324],[44.4948649,42.5102449],[44.486834,42.5130249],[44.4843985,42.5057148],[44.4827307,42.5033314],[44.4813362,42.5028235],[44.4815713,42.4996819],[44.4834368,42.4957995],[44.4798708,42.490039],[44.4825945,42.4861186],[44.4885834,42.4827547],[44.4866199,42.4821518],[44.4866084,42.4813878],[44.4894312,42.4803664],[44.4902991,42.4780271],[44.4874501,42.4737812],[44.4944714,42.4727627],[44.495449,42.4714165],[44.4950139,42.4694481],[44.490838,42.4672316],[44.4868479,42.4678322],[44.4849757,42.4638059],[44.4876809,42.4617641],[44.4932106,42.453549],[44.4913218,42.4510269],[44.48859,42.4493615],[44.486885,42.4452988],[44.4871704,42.4438919],[44.4799123,42.4422053],[44.4764519,42.4403836],[44.4629432,42.4376365]]]}},{"type":"Feature","properties":{"sourceName":"Tianeti Municipality","sourceId":"osm-relation-2025551","code":"66","nameKa":"თიანეთი","nameEn":"Tianeti","source":"OpenStreetMap"},"geometry":{"type":"Polygon","coordinates":[[[44.8519571,42.1435484],[44.8519772,42.134916],[44.8542366,42.1285142],[44.8681094,42.1132153],[44.8741137,42.1029187],[44.8894585,42.0951374],[44.8913375,42.0892898],[44.8891141,42.0781506],[44.8891276,42.0703535],[44.8940061,42.0583839],[44.8949101,42.0540406],[44.9063713,42.0351702],[44.9010022,42.0288166],[44.8918181,42.0264692],[44.8736663,42.0266178],[44.862466,42.0246],[44.8618046,42.0195867],[44.8649514,42.0149121],[44.8674582,41.9945309],[44.8618162,41.9732362],[44.8593915,41.9732261],[44.864412,41.971792],[44.8698224,41.9683418],[44.8744626,41.9637386],[44.8764064,41.9562522],[44.8810538,41.9470403],[44.8949721,41.929196],[44.907731,41.9078927],[44.9119798,41.9024233],[44.9208544,41.8969572],[44.9482277,41.8955326],[44.9879357,41.8955441],[44.9960315,41.896409],[45.009139,41.8958328],[45.0264857,41.8915101],[45.0258475,41.8988645],[45.0303219,41.902205],[45.0426234,41.9027581],[45.055673,41.9060942],[45.0605227,41.9097119],[45.0650012,41.9144435],[45.0791778,41.9216749],[45.0861816,41.9237509],[45.0942187,41.9231013],[45.1045461,41.9188046],[45.1141492,41.9115062],[45.1221816,41.9093541],[45.1319256,41.9024828],[45.1345025,41.8996928],[45.1396627,41.8973283],[45.1408044,41.8945398],[45.1402248,41.8919679],[45.1451183,41.8959905],[45.1469883,41.8987729],[45.1503449,41.899604],[45.1585439,41.8990359],[45.1645092,41.8995845],[45.1689939,41.9040336],[45.179072,41.9087524],[45.1872809,41.9112456],[45.1962266,41.9106736],[45.1999931,41.9229201],[45.198524,41.930163],[45.1795324,41.9399409],[45.1739491,41.9441267],[45.1664919,41.9452517],[45.1538082,41.9447124],[45.1348066,41.9550399],[45.119516,41.9578417],[45.1116753,41.9545079],[45.1049592,41.9539573],[45.0881768,41.9578701],[45.0829605,41.963165],[45.0788664,41.9712433],[45.0695451,41.97849],[45.0658185,41.9837832],[45.0661973,41.989074],[45.0691898,41.9949201],[45.0744235,42.0013217],[45.0899587,42.0111329],[45.0957273,42.0169003],[45.0983473,42.0207966],[45.0938803,42.0305469],[45.0789499,42.0386338],[45.0744685,42.0397507],[45.0561856,42.0642665],[45.0561915,42.0709497],[45.0606837,42.0784661],[45.0782702,42.0937705],[45.0722966,42.1007367],[45.0659461,42.1065884],[45.0502421,42.109381],[45.0461334,42.1160657],[45.0491338,42.1269249],[45.0633543,42.1324872],[45.0786972,42.1360977],[45.082821,42.1424995],[45.0817107,42.1519681],[45.0817222,42.160879],[45.0918548,42.1795284],[45.0944901,42.1892724],[45.0933811,42.1990195],[45.0937721,42.2101577],[45.0971612,42.2218503],[45.100545,42.2293658],[45.1024287,42.2357687],[45.1084333,42.2410539],[45.1114426,42.2474556],[45.1122001,42.2519103],[45.115582,42.2566407],[45.1249685,42.2644277],[45.1264804,42.2705521],[45.127256,42.2833604],[45.133266,42.2880873],[45.1407746,42.2916983],[45.148903,42.2889202],[45.1611056,42.2934341],[45.1591288,42.2967896],[45.159936,42.3050391],[45.1674563,42.3117113],[45.1851226,42.3231008],[45.1956343,42.3247541],[45.2061412,42.3247356],[45.2174023,42.3258286],[45.2350567,42.3305275],[45.2429536,42.3346879],[45.2441022,42.340533],[45.2426544,42.3544588],[45.2438247,42.3658722],[45.2423465,42.3720021],[45.2341285,42.3837143],[45.2217684,42.3870777],[45.218667,42.384943],[45.210789,42.383764],[45.20852,42.382011],[45.2035,42.383692],[45.201513,42.382991],[45.196857,42.379099],[45.192344,42.376558],[45.18375,42.37491],[45.171066,42.364534],[45.166479,42.363002],[45.162914,42.363518],[45.160413,42.365139],[45.156768,42.36482],[45.146151,42.366492],[45.142133,42.365251],[45.126384,42.365359],[45.121657,42.3635],[45.11829,42.360306],[45.110294,42.361617],[45.106109,42.359534],[45.101946,42.355955],[45.098673,42.355142],[45.093475,42.351111],[45.09352,42.349426],[45.092304,42.347713],[45.093074,42.345337],[45.09163,42.344406],[45.086483,42.345169],[45.07784,42.344807],[45.077439,42.348603],[45.075601,42.350195],[45.072521,42.356073],[45.066078,42.356592],[45.061934,42.35565],[45.058884,42.36172],[45.051423,42.360045],[45.0434331,42.3605635],[45.041006,42.365593],[45.03629,42.366079],[45.033472,42.368153],[45.027492,42.366498],[45.023129,42.367011],[45.0213942,42.3633505],[45.0222831,42.3591693],[45.0086498,42.3484565],[44.9937511,42.3396784],[44.9945015,42.3374519],[45.0027585,42.3349459],[45.0027583,42.3304906],[44.9738732,42.3023636],[44.9652494,42.2953999],[44.9555005,42.2912197],[44.9476238,42.2920517],[44.9419957,42.2945551],[44.9318693,42.2942712],[44.927747,42.2912056],[44.9217542,42.2850744],[44.9228833,42.2814564],[44.9281331,42.2814598],[44.9277626,42.2775611],[44.9247678,42.2733823],[44.9206472,42.2703165],[44.9068042,42.2505355],[44.9011916,42.2444047],[44.8884676,42.2340901],[44.875739,42.2282293],[44.8686323,42.2223738],[44.8618924,42.2206951],[44.8547996,42.2101062],[44.8638068,42.2014835],[44.8720719,42.1886837],[44.8758315,42.1808907],[44.8754723,42.1730935],[44.873615,42.1658514],[44.8575498,42.1524663],[44.8519571,42.1435484]]]}},{"type":"Feature","properties":{"sourceName":"Mtskheta Municipality","sourceId":"osm-relation-2025550","code":"67","nameKa":"მცხეთა","nameEn":"Mtskheta","source":"OpenStreetMap"},"geometry":{"type":"Polygon","coordinates":[[[44.4737021,41.7765245],[44.4752219,41.7726329],[44.4752514,41.7690128],[44.4861474,41.7554174],[44.5006536,41.7552031],[44.5069458,41.7591287],[44.5169792,41.7602832],[44.5549813,41.7509695],[44.5624453,41.7470997],[44.5628569,41.7412536],[44.5807617,41.7324069],[44.5800257,41.7312923],[44.5893781,41.7263355],[44.5983863,41.7187834],[44.6015872,41.719428],[44.6078929,41.7130424],[44.6035126,41.7084176],[44.6054775,41.7032557],[44.6148187,41.694653],[44.6177849,41.6928982],[44.6195567,41.6934199],[44.6201359,41.6925123],[44.6207954,41.6932594],[44.6227445,41.6926889],[44.6241909,41.6939561],[44.6262389,41.6937481],[44.6270077,41.6925848],[44.6334311,41.6939681],[44.6357742,41.6925908],[44.6369758,41.693533],[44.6392761,41.693424],[44.6409482,41.6925139],[44.6404949,41.6914051],[44.6425935,41.6936236],[44.6446748,41.6926357],[44.6457263,41.6950335],[44.6481296,41.693896],[44.6506744,41.6949172],[44.6517023,41.6941043],[44.6524268,41.6961023],[44.654468,41.6966385],[44.6565417,41.6957144],[44.6578942,41.6964385],[44.6584677,41.6974989],[44.6572027,41.698256],[44.6581926,41.6993815],[44.6601219,41.6989592],[44.6601774,41.7005591],[44.6625914,41.6999823],[44.664606,41.7030329],[44.6669888,41.7029676],[44.6673341,41.7048375],[44.6693598,41.7054783],[44.6701065,41.7075032],[44.6748272,41.7083874],[44.6735655,41.7108351],[44.6798686,41.7102845],[44.6858589,41.7127221],[44.6856434,41.7137103],[44.6867957,41.7128818],[44.6883476,41.7130365],[44.6885254,41.7139195],[44.6921231,41.7142344],[44.6933526,41.7153531],[44.6926269,41.7159933],[44.6936515,41.7164128],[44.6928396,41.7176411],[44.6942993,41.7187937],[44.6953922,41.7211897],[44.6932385,41.7223067],[44.694501,41.7225507],[44.6858543,41.7283523],[44.6827376,41.7324758],[44.6766007,41.7349978],[44.677313,41.7364803],[44.6805328,41.7383383],[44.6786419,41.7391579],[44.681713,41.73927],[44.6869312,41.7430085],[44.688385,41.7450879],[44.6912616,41.7448007],[44.6952995,41.7462685],[44.6940702,41.7498365],[44.6897347,41.7526338],[44.6900932,41.7544718],[44.688195,41.7634592],[44.6788983,41.7646386],[44.6790361,41.7659543],[44.6816754,41.766242],[44.6795545,41.7674871],[44.6792449,41.7699887],[44.6783921,41.7707869],[44.6790396,41.7720082],[44.6722788,41.7747855],[44.6754657,41.7752254],[44.6755075,41.7760864],[44.6686203,41.7796897],[44.6650806,41.7830051],[44.6639852,41.7828238],[44.6625071,41.7841124],[44.6605042,41.7845018],[44.6596343,41.7859267],[44.6631595,41.7885346],[44.665437,41.7940173],[44.6794116,41.8022707],[44.6812639,41.8047164],[44.6888638,41.8092762],[44.690119,41.8092444],[44.6932733,41.8127589],[44.6947303,41.812953],[44.6892607,41.8177685],[44.6940146,41.8188283],[44.6951723,41.8176966],[44.6973419,41.8173265],[44.7086263,41.8186601],[44.7128765,41.8180992],[44.7150489,41.8137555],[44.7210503,41.8130588],[44.7254598,41.8116314],[44.7304702,41.8134346],[44.7348905,41.8137625],[44.7420797,41.8191157],[44.7493422,41.8176406],[44.7579414,41.8189999],[44.7622948,41.8217409],[44.7624904,41.8235693],[44.7610044,41.8247526],[44.7551733,41.8216224],[44.749589,41.8211667],[44.7462942,41.8262498],[44.7460699,41.8283462],[44.7483122,41.8329988],[44.7525139,41.8346874],[44.7642196,41.8360543],[44.7665727,41.8373555],[44.7708708,41.8418823],[44.7746944,41.8438777],[44.7772693,41.8419435],[44.7916031,41.8381868],[44.7922535,41.8373557],[44.8093309,41.835557],[44.8129756,41.8304228],[44.8177922,41.8303848],[44.8220035,41.8287967],[44.8308277,41.8288219],[44.8292157,41.8273399],[44.8349174,41.8279201],[44.8425543,41.8269232],[44.8454222,41.8278329],[44.8448086,41.8225613],[44.8478436,41.8219583],[44.8529559,41.822414],[44.869988,41.8187041],[44.8793139,41.8147117],[44.8794195,41.81371],[44.8863172,41.8112676],[44.8884573,41.8084462],[44.8877764,41.8071012],[44.8898578,41.80463],[44.8884807,41.8032397],[44.8947287,41.8036423],[44.9078109,41.8130613],[44.9051997,41.8169576],[44.8992389,41.8197345],[44.8865661,41.8283569],[44.8783671,41.8325261],[44.8724065,41.8339106],[44.8794736,41.8380958],[44.885056,41.8400507],[44.8895288,41.8378268],[44.8988426,41.8350533],[44.9062921,41.8336641],[44.9115051,41.8336682],[44.9159701,41.8364581],[44.915965,41.8403565],[44.9256411,41.8456526],[44.9438842,41.852906],[44.9487236,41.8562484],[44.9546827,41.8576419],[44.9561704,41.8609872],[44.9602691,41.8595932],[44.9636216,41.8595943],[45.0269443,41.8487388],[45.0481747,41.847895],[45.0515264,41.8492866],[45.0537652,41.8540197],[45.0560069,41.861816],[45.0589892,41.8640424],[45.0627154,41.8648758],[45.0653263,41.8679376],[45.0664487,41.8723926],[45.0660798,41.876013],[45.0623559,41.878243],[45.0496905,41.8829833],[45.0388846,41.8846584],[45.0310606,41.888281],[45.0264857,41.8915101],[45.009139,41.8958328],[44.9960315,41.896409],[44.9879357,41.8955441],[44.9482277,41.8955326],[44.9208544,41.8969572],[44.9119798,41.9024233],[44.907731,41.9078927],[44.8949721,41.929196],[44.8810538,41.9470403],[44.8764064,41.9562522],[44.8744626,41.9637386],[44.8698224,41.9683418],[44.864412,41.971792],[44.8593915,41.9732261],[44.8596976,41.9686998],[44.8491981,41.9493957],[44.8471961,41.9442135],[44.8420597,41.9396952],[44.8369199,41.9368476],[44.829093,41.9348312],[44.8217068,41.9354884],[44.8158839,41.93715],[44.8073668,41.9416474],[44.8014535,41.94258],[44.7997342,41.9491304],[44.7787701,41.9556108],[44.7786731,41.9525873],[44.7738491,41.9482943],[44.7649549,41.9470986],[44.7670387,41.9433369],[44.7786513,41.9372338],[44.7789335,41.9297898],[44.7550461,41.9247835],[44.7503468,41.9268991],[44.7567157,41.9414217],[44.7597554,41.9445982],[44.7575719,41.9474169],[44.7603272,41.9530878],[44.7564884,41.9619352],[44.7562206,41.9734634],[44.7548651,41.9766361],[44.7552937,41.9816486],[44.7568464,41.9854949],[44.7516881,41.9874888],[44.7299534,41.9901131],[44.720323,41.9900901],[44.7127316,41.9848917],[44.704011,41.9820292],[44.68719,41.9864442],[44.6766564,41.9863186],[44.6699784,41.980934],[44.6637216,41.9784096],[44.6424558,41.9771758],[44.6382062,41.9763271],[44.6144726,41.9760828],[44.6014734,41.9780435],[44.583971,41.9836623],[44.5745156,41.9911464],[44.5572602,41.9925849],[44.5335223,41.9921568],[44.5063027,41.9994729],[44.5080328,41.9981063],[44.5070307,41.991028],[44.5114724,41.9835318],[44.5113222,41.9767207],[44.5120947,41.9751255],[44.5188539,41.9701481],[44.5218896,41.9690258],[44.5259247,41.9626654],[44.5262139,41.9603997],[44.5252483,41.957735],[44.5238321,41.9564106],[44.5253502,41.9533627],[44.5246718,41.9523214],[44.5279734,41.9484794],[44.5320654,41.9463385],[44.5376079,41.946293],[44.541599,41.9428137],[44.5441096,41.9390788],[44.5504181,41.9343541],[44.5511048,41.9307784],[44.553071,41.9293457],[44.5548048,41.9244415],[44.5584537,41.9213802],[44.5595766,41.9188696],[44.561868,41.9177717],[44.5632881,41.9113589],[44.5654814,41.906094],[44.5683353,41.9039381],[44.5691507,41.9018459],[44.5734637,41.8999614],[44.5729916,41.8983163],[44.5739143,41.8958087],[44.5733285,41.8921646],[44.5714681,41.8901703],[44.5706956,41.8849627],[44.5734268,41.8809807],[44.5732493,41.8783328],[44.568829,41.8730284],[44.5678634,41.8691935],[44.5646791,41.8678433],[44.562124,41.8645958],[44.5626669,41.8619739],[44.5599251,41.8635477],[44.5578582,41.8637002],[44.5545276,41.8623019],[44.5515266,41.8625236],[44.5501369,41.8633745],[44.5461323,41.869545],[44.5442434,41.8702537],[44.53724,41.8680319],[44.5273165,41.8722094],[44.5200345,41.8735875],[44.5113645,41.8630197],[44.5091592,41.8591116],[44.5032079,41.8579721],[44.4961284,41.8582197],[44.4920508,41.8556955],[44.4916937,41.8537446],[44.4939527,41.8506913],[44.5021379,41.8518409],[44.506618,41.8504679],[44.5130594,41.8360145],[44.5116016,41.8318311],[44.50714,41.8309766],[44.5042086,41.824837],[44.5043223,41.8100785],[44.4968999,41.8072615],[44.4898723,41.8016609],[44.4865783,41.7946842],[44.4737021,41.7765245]]]}},{"type":"Feature","properties":{"sourceName":"Marneuli Municipality","sourceId":"osm-relation-1997312","code":"53","nameKa":"მარნეული","nameEn":"Marneuli","source":"OpenStreetMap"},"geometry":{"type":"Polygon","coordinates":[[[44.5279396,41.2615586],[44.5284135,41.246203],[44.5321036,41.2382649],[44.535926,41.226315],[44.540303,41.224979],[44.545993,41.225531],[44.547326,41.224359],[44.546864,41.223591],[44.543589,41.22352],[44.542813,41.222869],[44.542056,41.219686],[44.537472,41.217254],[44.537633,41.216489],[44.539583,41.216438],[44.539666,41.215731],[44.536167,41.214245],[44.535862,41.213361],[44.543121,41.21233],[44.540329,41.210081],[44.540898,41.206786],[44.54005,41.205428],[44.532279,41.201864],[44.535021,41.199932],[44.53285,41.198275],[44.533404,41.19704],[44.536365,41.197229],[44.543003,41.195607],[44.5472734,41.1970791],[44.5472727,41.1957839],[44.5431333,41.1917878],[44.5439691,41.1908962],[44.5520385,41.1963993],[44.5517278,41.1976279],[44.553933,41.2007967],[44.5551189,41.2007535],[44.5563355,41.2028713],[44.5583762,41.2038621],[44.562343,41.2024851],[44.5669712,41.2026146],[44.5680632,41.2042692],[44.5680156,41.2069386],[44.5703299,41.2077736],[44.5733119,41.204306],[44.5753205,41.203989],[44.5762487,41.2052097],[44.5754599,41.2077262],[44.5803226,41.207099],[44.5799914,41.2086926],[44.5757514,41.2106811],[44.5768011,41.2121574],[44.5792097,41.2127799],[44.582356,41.2120409],[44.5834696,41.2090319],[44.585828,41.2114438],[44.593336,41.212503],[44.592875,41.211383],[44.585106,41.206939],[44.584643,41.206172],[44.585523,41.202583],[44.583612,41.19657],[44.584167,41.195159],[44.585183,41.194751],[44.588917,41.196059],[44.589471,41.194648],[44.592352,41.195129],[44.593224,41.192895],[44.594965,41.193275],[44.599429,41.204399],[44.5997391,41.208823],[44.602038,41.211238],[44.603178,41.21613],[44.6077668,41.2203492],[44.6077025,41.2222779],[44.6065652,41.2225173],[44.6056461,41.2273133],[44.6035196,41.2317495],[44.6102339,41.2345384],[44.6101579,41.2378516],[44.6067003,41.2391842],[44.6084704,41.240571],[44.6143762,41.2413797],[44.6226254,41.239728],[44.6238577,41.2400933],[44.630113,41.2383077],[44.6389425,41.2343328],[44.646002,41.2341553],[44.6474546,41.2334087],[44.6484486,41.2340884],[44.650968,41.2336628],[44.6524662,41.2346572],[44.657239,41.2341553],[44.6638276,41.2380875],[44.6666853,41.2366281],[44.6701685,41.2374232],[44.673296,41.236937],[44.6738634,41.23611],[44.6773195,41.238149],[44.6803228,41.2388289],[44.6833062,41.2382539],[44.6861386,41.2410453],[44.6878445,41.2411582],[44.6883857,41.2402165],[44.6850313,41.2374849],[44.6825123,41.2337115],[44.6808332,41.2275336],[44.6811541,41.2247089],[44.6820991,41.2234806],[44.6880511,41.2190816],[44.6914461,41.2193205],[44.6976234,41.217985],[44.6955512,41.2159848],[44.6959285,41.2147492],[44.696841,41.2146588],[44.7015511,41.2154151],[44.7011919,41.2176843],[44.7023355,41.2189572],[44.7044638,41.2191171],[44.7065798,41.2179834],[44.7075533,41.2200332],[44.7135076,41.2204062],[44.7159296,41.2231929],[44.7197738,41.2233886],[44.7253095,41.2257253],[44.7271271,41.2256764],[44.7280496,41.2250899],[44.728442,41.2233279],[44.726988,41.221811],[44.7270847,41.2203169],[44.7236254,41.2183804],[44.7227523,41.2159597],[44.7252399,41.2140184],[44.7254856,41.2129281],[44.7231606,41.2101981],[44.7229704,41.2089404],[44.7259855,41.2065316],[44.7252477,41.2041944],[44.7263829,41.2035443],[44.7292043,41.204712],[44.7339963,41.204863],[44.7342682,41.20838],[44.7403514,41.2142316],[44.7432587,41.2140864],[44.7433595,41.2098854],[44.7444786,41.2098974],[44.7463977,41.2170307],[44.7493315,41.2200584],[44.7545988,41.2209981],[44.7628874,41.2206516],[44.7652712,41.2221406],[44.7702021,41.2193236],[44.77198,41.2220194],[44.7732175,41.2224698],[44.7765394,41.2207451],[44.7779979,41.2215605],[44.7844255,41.2218096],[44.7937666,41.2211613],[44.7943856,41.2226288],[44.7918016,41.2276317],[44.7948164,41.2300928],[44.8014756,41.2253543],[44.8080332,41.2152626],[44.8112788,41.2162494],[44.8145091,41.2140621],[44.8169223,41.2136528],[44.8196985,41.215383],[44.8305186,41.2144302],[44.8361467,41.2150977],[44.8404544,41.2167675],[44.8424981,41.2165562],[44.8461592,41.2138684],[44.8486052,41.2092802],[44.8521694,41.2092444],[44.8572055,41.2072814],[44.8614583,41.2070267],[44.8664913,41.2049115],[44.8830661,41.2042932],[44.8858238,41.2052822],[44.895452,41.2115298],[44.9014507,41.2117642],[44.8936412,41.2163612],[44.8929124,41.2172779],[44.892839,41.2202028],[44.8915029,41.2216179],[44.8819226,41.2214071],[44.8786754,41.219319],[44.8777107,41.2177695],[44.8728877,41.2185508],[44.8672741,41.2178628],[44.86315,41.224129],[44.8549212,41.2238171],[44.8541778,41.2282823],[44.843685,41.2301865],[44.8383707,41.2280005],[44.8343471,41.2291534],[44.8280418,41.2292324],[44.8264674,41.2315568],[44.8213054,41.2324686],[44.819993,41.234433],[44.8144334,41.2379347],[44.8133176,41.2396451],[44.813103,41.2443887],[44.806217,41.250331],[44.803,41.256479],[44.80353,41.261684],[44.807031,41.265341],[44.809198,41.271586],[44.8079687,41.2743869],[44.807699,41.277236],[44.808628,41.279769],[44.807123,41.287304],[44.807428,41.289601],[44.816513,41.3001869],[44.8183943,41.3012008],[44.8252592,41.3015336],[44.826013,41.2993366],[44.827256,41.2997412],[44.8271124,41.2990942],[44.8285797,41.2981141],[44.8302979,41.2986704],[44.8348379,41.2927939],[44.8380435,41.2925854],[44.8379,41.290879],[44.8391256,41.287965],[44.8414693,41.2877503],[44.8429563,41.2858354],[44.8480243,41.2827326],[44.8482478,41.280525],[44.8469457,41.277834],[44.8468244,41.2747508],[44.852353,41.274026],[44.859529,41.275802],[44.861638,41.275275],[44.870611,41.276698],[44.876235,41.274349],[44.880028,41.270261],[44.889711,41.267326],[44.891114,41.268034],[44.890954,41.270448],[44.891809,41.272687],[44.896177,41.274222],[44.898363,41.274106],[44.903442,41.269753],[44.903447,41.266809],[44.905792,41.264279],[44.9062598,41.2626007],[44.9087534,41.2610695],[44.9094286,41.2597863],[44.9111627,41.2593858],[44.9114268,41.2570709],[44.9129083,41.2562118],[44.9145605,41.2571507],[44.9164216,41.2563199],[44.9176978,41.257558],[44.9213296,41.2569774],[44.9236021,41.2591819],[44.9260612,41.2596053],[44.9307048,41.2586916],[44.9336995,41.2591098],[44.9344162,41.2577772],[44.9358037,41.2585022],[44.9374614,41.2573485],[44.9372268,41.2554781],[44.9380667,41.2546126],[44.9410512,41.2557235],[44.9432618,41.2589804],[44.9458535,41.2567268],[44.948466,41.2572773],[44.9492177,41.2565194],[44.9517445,41.2566535],[44.9525366,41.2581544],[44.9537487,41.2586516],[44.9555296,41.2567406],[44.9615115,41.2561534],[44.9610638,41.2585535],[44.9619616,41.2619624],[44.9641943,41.2659658],[44.9724613,41.2706723],[44.973916,41.272219],[44.974071,41.274162],[44.972821,41.276812],[44.975163,41.277637],[44.977893,41.281052],[44.986401,41.284175],[44.993973,41.285235],[44.995222,41.286177],[44.99569,41.288003],[44.999281,41.290358],[45.0028558,41.2941238],[45.0106234,41.2965637],[45.0136009,41.2964466],[45.0167072,41.2980919],[45.0192335,41.3001237],[45.022581,41.3053363],[45.0416444,41.309108],[45.046446,41.3110181],[45.0478257,41.3144007],[45.0459194,41.3173029],[45.0469829,41.3196902],[45.0539058,41.3227206],[45.0606746,41.3280457],[45.0643412,41.3276194],[45.0693946,41.3290683],[45.0732337,41.3282159],[45.0726382,41.3337399],[45.0743755,41.3366977],[45.0741564,41.3396643],[45.0782861,41.3429965],[45.0798643,41.3434113],[45.0798353,41.345583],[45.0836293,41.3445465],[45.0859783,41.3423133],[45.0901554,41.3412691],[45.092025,41.3391635],[45.0957959,41.3415472],[45.0795249,41.3556386],[45.0787496,41.3570857],[45.0791457,41.358087],[45.0829794,41.3619243],[45.082104,41.3638753],[45.0739943,41.3652796],[45.0625298,41.3697816],[45.0571949,41.3743078],[45.0526574,41.3829266],[45.0450501,41.3899115],[45.0422104,41.3964565],[45.0411487,41.4028777],[45.0422186,41.4088967],[45.0464921,41.4217366],[45.0454303,41.4281577],[45.03557,41.4349832],[45.0291721,41.4373928],[45.0249072,41.4406042],[45.0147759,41.4462241],[45.012643,41.4482308],[45.0099776,41.4570596],[45.0099796,41.4694997],[45.0137151,41.4731109],[45.0179841,41.4751168],[45.0222539,41.4783263],[45.0233224,41.4819377],[45.022257,41.4871547],[45.0222589,41.4927728],[45.0234425,41.498292],[45.0244125,41.4993084],[45.0178579,41.5090204],[45.0140695,41.5124931],[45.0029534,41.5127651],[44.9961246,41.5165977],[44.9959545,41.5181422],[44.9943172,41.5191077],[44.9937607,41.5217061],[45.0010691,41.5264654],[44.9994063,41.5292525],[44.9984156,41.5298229],[44.9962306,41.5282149],[44.9947941,41.5285943],[44.9950884,41.5295677],[44.9928522,41.5300512],[44.9849932,41.5306398],[44.9780087,41.5368603],[44.9758647,41.5428092],[44.9782779,41.5461068],[44.9751642,41.5472487],[44.9718688,41.5498313],[44.9686369,41.5536829],[44.9645754,41.5543616],[44.9635417,41.5561162],[44.964171,41.5576197],[44.9618466,41.5600265],[44.9584179,41.5588898],[44.9576825,41.5600512],[44.9523914,41.5618172],[44.9413477,41.5565616],[44.9315822,41.5546139],[44.9239088,41.5554176],[44.9088247,41.555338],[44.8957599,41.5566675],[44.8873208,41.5560285],[44.8840817,41.5541269],[44.8678512,41.5511528],[44.8457247,41.5455816],[44.8376168,41.5418747],[44.8252255,41.5380023],[44.8201319,41.5319594],[44.8165094,41.5223556],[44.8041054,41.5215125],[44.7880395,41.5247748],[44.7807524,41.5214704],[44.7734813,41.5137779],[44.7671226,41.5116993],[44.7554165,41.5146767],[44.7531263,41.5168159],[44.7504949,41.5140046],[44.7501373,41.5120842],[44.7392296,41.5027362],[44.7293873,41.5010681],[44.7294021,41.4975031],[44.7338557,41.4953678],[44.7329927,41.4936528],[44.7407554,41.4860115],[44.7422611,41.4774367],[44.7468853,41.4686182],[44.7535365,41.4521145],[44.7522497,41.4479056],[44.7465419,41.4462007],[44.7418642,41.4461364],[44.736135,41.441697],[44.7274875,41.4438041],[44.7221392,41.4401568],[44.7223606,41.4379778],[44.7238184,41.4356108],[44.7301365,41.4349995],[44.7365523,41.4304321],[44.7380447,41.430211],[44.7414934,41.4314551],[44.7510497,41.4262289],[44.7540692,41.4261578],[44.7562494,41.423627],[44.7601922,41.4239741],[44.7618261,41.4215916],[44.7654245,41.4207967],[44.7700503,41.4210366],[44.7735592,41.4221253],[44.7772845,41.4216382],[44.7824017,41.4194336],[44.7807145,41.4173354],[44.7874562,41.4126001],[44.7867536,41.408424],[44.785192,41.4078579],[44.7813892,41.4098724],[44.776785,41.4092642],[44.7599322,41.4182011],[44.7504472,41.4106127],[44.7467994,41.409454],[44.7379705,41.4043325],[44.7406076,41.398206],[44.7382573,41.3815224],[44.7303046,41.367518],[44.7230531,41.3606449],[44.7209042,41.3524125],[44.7100127,41.3463524],[44.6929371,41.3402748],[44.6868038,41.3292888],[44.6832294,41.3161156],[44.6752638,41.3086889],[44.6657978,41.3105815],[44.6650368,41.3171611],[44.6693367,41.3300627],[44.6700254,41.3377439],[44.6678132,41.3434961],[44.6608878,41.3456698],[44.6547131,41.3434576],[44.640971,41.327784],[44.6329949,41.3228225],[44.6253463,41.3244433],[44.6195034,41.3282635],[44.6166106,41.3252373],[44.6133851,41.3169994],[44.6068377,41.3169772],[44.6042667,41.321082],[44.5998914,41.3227123],[44.5926347,41.3196703],[44.5886575,41.3158168],[44.5821785,41.3050981],[44.5763721,41.3031572],[44.5720386,41.2984791],[44.57026,41.2924392],[44.5692196,41.2847566],[44.5659839,41.2792596],[44.5456357,41.27781],[44.5391251,41.273122],[44.5279396,41.2615586]]]}},{"type":"Feature","properties":{"sourceName":"Akhmeta Municipality","sourceId":"osm-relation-2027328","code":"12","nameKa":"ახმეტა","nameEn":"Akhmeta","source":"OpenStreetMap"},"geometry":{"type":"MultiPolygon","coordinates":[[[[45.0461334,42.1160657],[45.0502421,42.109381],[45.0659461,42.1065884],[45.0722966,42.1007367],[45.0782702,42.0937705],[45.0606837,42.0784661],[45.0561915,42.0709497],[45.0561856,42.0642665],[45.0744685,42.0397507],[45.0789499,42.0386338],[45.0938803,42.0305469],[45.0983473,42.0207966],[45.0957273,42.0169003],[45.0899587,42.0111329],[45.0744235,42.0013217],[45.0691898,41.9949201],[45.0661973,41.989074],[45.0658185,41.9837832],[45.0695451,41.97849],[45.0788664,41.9712433],[45.0829605,41.963165],[45.0881768,41.9578701],[45.1049592,41.9539573],[45.1116753,41.9545079],[45.119516,41.9578417],[45.1348066,41.9550399],[45.1538082,41.9447124],[45.1664919,41.9452517],[45.1739491,41.9441267],[45.1795324,41.9399409],[45.198524,41.930163],[45.1999931,41.9229201],[45.1962266,41.9106736],[45.269175,41.881564],[45.2747519,41.8784875],[45.2836968,41.8790227],[45.2896562,41.8784508],[45.2982407,41.8814921],[45.3023594,41.8856584],[45.3206839,41.8984186],[45.3307765,41.9039595],[45.3379031,41.912293],[45.3461879,41.9275844],[45.3676636,41.9449342],[45.369989,41.9460669],[45.3728082,41.9551689],[45.3803057,41.958387],[45.381823,41.9625591],[45.3889493,41.9686616],[45.3923537,41.9761687],[45.3983612,41.981996],[45.4032517,41.9881052],[45.4055337,41.9947805],[45.4050151,42.0307051],[45.3968605,42.0407585],[45.3961515,42.0468873],[45.4014345,42.055223],[45.4029837,42.0638501],[45.4021382,42.0673988],[45.4049714,42.0700797],[45.4011319,42.0740146],[45.4007976,42.0785001],[45.3957667,42.0826254],[45.3960845,42.0855469],[45.3953448,42.0886462],[45.4027619,42.0897064],[45.4045927,42.092345],[45.4098198,42.0950646],[45.4043507,42.10335],[45.4044831,42.1069386],[45.4037239,42.1093376],[45.4042993,42.1141451],[45.4037141,42.1157485],[45.4006153,42.1199984],[45.3975907,42.1225825],[45.392979,42.1246785],[45.385072,42.1299083],[45.3854714,42.1340839],[45.3802739,42.1407845],[45.3709478,42.1455489],[45.362762,42.1536506],[45.3562791,42.1724179],[45.3611021,42.1793729],[45.3606605,42.1816417],[45.3612184,42.1832818],[45.3681707,42.1880834],[45.3833627,42.1908498],[45.3847789,42.1930119],[45.3819617,42.1970912],[45.3834486,42.2030267],[45.3926857,42.2182379],[45.3935081,42.2230909],[45.397277,42.2270502],[45.4081564,42.2292397],[45.4224236,42.2336433],[45.4370829,42.2402714],[45.4404433,42.245885],[45.4395604,42.2486135],[45.4370587,42.2498188],[45.4321575,42.2559513],[45.4292393,42.262002],[45.4270543,42.2629036],[45.4270935,42.2652574],[45.4180916,42.2745876],[45.4184485,42.2761976],[45.4223843,42.2777964],[45.4258595,42.2807035],[45.4320819,42.2834912],[45.4352484,42.2858007],[45.4348748,42.2882958],[45.4366293,42.2912271],[45.4364782,42.2935328],[45.4402922,42.2961998],[45.4440593,42.2965287],[45.4459892,42.2990043],[45.4508655,42.3000157],[45.4576378,42.2985573],[45.4616942,42.2992447],[45.4656913,42.2974412],[45.4681238,42.2991823],[45.4715066,42.2995872],[45.4758814,42.2962759],[45.4774526,42.2925857],[45.4794436,42.2925297],[45.4790436,42.2914582],[45.4801942,42.2902605],[45.4848286,42.2902612],[45.4900964,42.2928398],[45.4915847,42.2909086],[45.4908813,42.2878827],[45.4921654,42.2881099],[45.4923656,42.2869303],[45.4978698,42.282618],[45.4982286,42.2789735],[45.5111808,42.27792],[45.5115161,42.2772027],[45.515547,42.2766982],[45.5166949,42.2728792],[45.5176074,42.2723303],[45.520012,42.2716384],[45.52253,42.2719772],[45.5246123,42.2703332],[45.5302025,42.2685565],[45.5279295,42.2627437],[45.525868,42.2607509],[45.5239803,42.2600863],[45.5260925,42.2570042],[45.5250385,42.2559906],[45.5272566,42.2516997],[45.5276803,42.2468368],[45.535053,42.2429379],[45.5354688,42.2374506],[45.5384341,42.2334879],[45.5375836,42.2297618],[45.5392452,42.2280553],[45.5403794,42.2252642],[45.5419204,42.2248561],[45.5462412,42.2265501],[45.5540335,42.2262363],[45.5552162,42.2273953],[45.555574,42.2296309],[45.5582218,42.230699],[45.5612554,42.2307764],[45.5673209,42.2273212],[45.5708789,42.2273036],[45.5765772,42.2259584],[45.5781102,42.2239988],[45.5805022,42.223074],[45.582363,42.224034],[45.5825425,42.227191],[45.5850999,42.2303713],[45.5869035,42.2355074],[45.5936278,42.2386163],[45.594878,42.2399403],[45.6006741,42.2409886],[45.6073661,42.23734],[45.6079204,42.235992],[45.610514,42.235051],[45.6213,42.242386],[45.6224884,42.2449463],[45.619364,42.247856],[45.618165,42.25055],[45.61927,42.253956],[45.62296,42.255528],[45.627306,42.261419],[45.6334166,42.2645831],[45.635027,42.267974],[45.63704,42.270124],[45.6381101,42.2746445],[45.6421292,42.2768784],[45.6431587,42.2812344],[45.648232,42.286326],[45.6520716,42.292134],[45.6575178,42.2919105],[45.6624438,42.2867042],[45.6698215,42.2828131],[45.6742346,42.2840279],[45.6769405,42.2858019],[45.6807839,42.2850678],[45.6850826,42.2865179],[45.687725,42.2845529],[45.6899473,42.2868283],[45.6927515,42.2879452],[45.7022713,42.296446],[45.7157436,42.2930709],[45.7181535,42.2917347],[45.720184,42.289223],[45.7214102,42.2889596],[45.7244957,42.2908313],[45.7330431,42.2932858],[45.7374395,42.2932067],[45.7397809,42.2940918],[45.742796,42.297155],[45.7455808,42.3024697],[45.7512537,42.3065126],[45.7535706,42.3093891],[45.7526899,42.3121739],[45.754026,42.3179524],[45.7536847,42.3202743],[45.7545012,42.3230386],[45.7574656,42.3259968],[45.7500957,42.3278946],[45.7479447,42.3303082],[45.745058,42.3307569],[45.7425062,42.3334563],[45.743497,42.343741],[45.7433227,42.3512821],[45.7421633,42.3552925],[45.741855,42.360528],[45.7439528,42.3626226],[45.7427632,42.3641365],[45.739462,42.365775],[45.7399669,42.3677188],[45.7360596,42.3717405],[45.734701,42.378317],[45.752114,42.397767],[45.754329,42.403326],[45.755155,42.408183],[45.759028,42.411228],[45.761802,42.41212],[45.7704715,42.4217976],[45.771941,42.425359],[45.77459,42.428526],[45.77481,42.433984],[45.776215,42.435794],[45.775638,42.438869],[45.777214,42.442156],[45.7812077,42.4468663],[45.7791174,42.4506988],[45.7787496,42.4536095],[45.773453,42.4604675],[45.774153,42.467924],[45.7767858,42.4743733],[45.77597,42.478148],[45.7761951,42.4849157],[45.7751396,42.4882888],[45.7710179,42.4882343],[45.7660229,42.4859684],[45.7606759,42.4860361],[45.7505033,42.4833183],[45.7413975,42.4786128],[45.7381806,42.4796784],[45.733522,42.4798287],[45.7280924,42.4780852],[45.7251122,42.4762684],[45.7212551,42.4755818],[45.7165695,42.4772907],[45.711488,42.4764968],[45.7114401,42.47751],[45.7087709,42.4793304],[45.6997033,42.4810054],[45.6965239,42.4844991],[45.6944078,42.489803],[45.6909897,42.4920012],[45.6914175,42.4937633],[45.6872802,42.5024717],[45.6882233,42.5047502],[45.6804695,42.5066332],[45.6766028,42.5051821],[45.6659164,42.5052987],[45.6617199,42.502591],[45.6501529,42.4988457],[45.6462961,42.5008356],[45.6440938,42.504317],[45.6378318,42.5062831],[45.637439,42.5070866],[45.6381261,42.5078898],[45.6330445,42.5101852],[45.6297552,42.5083184],[45.6270459,42.5087061],[45.6137652,42.5054206],[45.6084155,42.5099489],[45.600263,42.5134071],[45.5965507,42.5166895],[45.5975022,42.5220165],[45.5964941,42.5264718],[45.5954844,42.5274076],[45.5962351,42.5298401],[45.5987268,42.5328542],[45.5916008,42.5349618],[45.5872017,42.5382743],[45.5837476,42.5398246],[45.5831063,42.5443015],[45.5808358,42.5457396],[45.571454,42.5482357],[45.5628361,42.5437497],[45.5602179,42.541558],[45.5502683,42.5409898],[45.5424816,42.537753],[45.537483,42.5400201],[45.5322154,42.5401678],[45.5298601,42.541562],[45.5290063,42.543644],[45.5250697,42.5439848],[45.5225163,42.5451286],[45.510933,42.5373901],[45.5037838,42.5357894],[45.4936385,42.5351056],[45.4843506,42.5365754],[45.4725796,42.540137],[45.4695114,42.5391119],[45.4647075,42.5389108],[45.4625125,42.5397268],[45.4597433,42.542444],[45.4537716,42.5445919],[45.452499,42.5457453],[45.4439705,42.5423948],[45.435394,42.5407548],[45.4315088,42.5408882],[45.4244008,42.5458266],[45.4228814,42.5481107],[45.4186676,42.5513718],[45.4123661,42.5489607],[45.4048013,42.5493643],[45.4008861,42.5463993],[45.3953475,42.5376495],[45.3798514,42.5314],[45.3751479,42.5284199],[45.3728432,42.5287065],[45.3652672,42.5272987],[45.3544113,42.5219691],[45.3411327,42.5222635],[45.3380249,42.524849],[45.3338369,42.5267951],[45.3316693,42.5301559],[45.3316879,42.5332787],[45.3266555,42.5436813],[45.3254703,42.5473574],[45.325587,42.5507973],[45.3273275,42.5541375],[45.3251164,42.5620349],[45.3250407,42.5642484],[45.3258091,42.5655479],[45.3234704,42.5655655],[45.3223048,42.5663639],[45.3146885,42.5739678],[45.3104114,42.5706563],[45.308814,42.563391],[45.305405,42.559371],[45.303154,42.558061],[45.301711,42.554296],[45.299308,42.552568],[45.2991146,42.5486581],[45.294264,42.54644],[45.2890372,42.5457405],[45.282794,42.541847],[45.280871,42.538758],[45.279469,42.533543],[45.274464,42.529608],[45.27238,42.526026],[45.266663,42.522211],[45.2641553,42.5194542],[45.265765,42.516722],[45.26648,42.512992],[45.265427,42.507916],[45.269661,42.502462],[45.269232,42.500951],[45.270237,42.49977],[45.268756,42.496415],[45.270463,42.493187],[45.268185,42.489811],[45.267007,42.485763],[45.264501,42.484614],[45.26637,42.479789],[45.269836,42.477101],[45.269761,42.47625],[45.275074,42.473833],[45.272387,42.47095],[45.276218,42.465865],[45.27259,42.457649],[45.268197,42.454625],[45.262894,42.453468],[45.260147,42.450203],[45.256684,42.448145],[45.253036,42.449023],[45.245599,42.4475],[45.237578,42.437316],[45.237478,42.434866],[45.235978,42.432793],[45.229583,42.429724],[45.2237142,42.4285684],[45.2181908,42.4218297],[45.219601,42.417948],[45.220839,42.417524],[45.223058,42.412988],[45.222633,42.40766],[45.224985,42.400745],[45.225288,42.394601],[45.2245881,42.3918024],[45.2219367,42.3887363],[45.2217684,42.3870777],[45.2341285,42.3837143],[45.2423465,42.3720021],[45.2438247,42.3658722],[45.2426544,42.3544588],[45.2441022,42.340533],[45.2429536,42.3346879],[45.2350567,42.3305275],[45.2174023,42.3258286],[45.2061412,42.3247356],[45.1956343,42.3247541],[45.1851226,42.3231008],[45.1674563,42.3117113],[45.159936,42.3050391],[45.1591288,42.2967896],[45.1611056,42.2934341],[45.148903,42.2889202],[45.1407746,42.2916983],[45.133266,42.2880873],[45.127256,42.2833604],[45.1264804,42.2705521],[45.1249685,42.2644277],[45.115582,42.2566407],[45.1122001,42.2519103],[45.1114426,42.2474556],[45.1084333,42.2410539],[45.1024287,42.2357687],[45.100545,42.2293658],[45.0971612,42.2218503],[45.0937721,42.2101577],[45.0933811,42.1990195],[45.0944901,42.1892724],[45.0918548,42.1795284],[45.0817222,42.160879],[45.0817107,42.1519681],[45.082821,42.1424995],[45.0786972,42.1360977],[45.0633543,42.1324872],[45.0491338,42.1269249],[45.0461334,42.1160657]]],[[[46.3505459,41.2644045],[46.3588714,41.2625496],[46.3658452,41.2599527],[46.3654589,41.2619206],[46.3682699,41.2608399],[46.3703888,41.2564846],[46.3720894,41.2560087],[46.3758659,41.2571218],[46.3771534,41.2582509],[46.3806081,41.2560491],[46.3887834,41.2546779],[46.390028,41.2535164],[46.3930749,41.2532261],[46.3994157,41.2504997],[46.4069688,41.2500319],[46.4086103,41.2480798],[46.408782,41.2448369],[46.4041471,41.2406742],[46.4011859,41.2411583],[46.3992118,41.2400611],[46.3944912,41.240771],[46.3921737,41.2379635],[46.390028,41.2372535],[46.3924741,41.2325416],[46.3921737,41.2297983],[46.3946199,41.2284427],[46.4013576,41.2275067],[46.4035892,41.2245372],[46.4144897,41.2189529],[46.4219999,41.2184686],[46.428523,41.216338],[46.4406037,41.213941],[46.4468104,41.2168424],[46.4569089,41.2147451],[46.4597628,41.2186835],[46.4723544,41.2135234],[46.4897525,41.2318679],[46.4933467,41.2318477],[46.5099925,41.2450769],[46.5105128,41.2408033],[46.5118003,41.2390445],[46.5205335,41.2394479],[46.5192889,41.2510321],[46.5202331,41.254323],[46.5235805,41.2578719],[46.5247821,41.2613883],[46.5215635,41.269356],[46.5180015,41.2732266],[46.5098476,41.2776775],[46.5002426,41.2815838],[46.4992904,41.2892871],[46.4981746,41.2905447],[46.4972305,41.2939626],[46.4981317,41.2945752],[46.4980459,41.2960907],[46.4961791,41.2971708],[46.4962864,41.2987667],[46.4986253,41.3000403],[46.4999127,41.2996373],[46.5078896,41.3035584],[46.4463758,41.3402321],[46.4315271,41.3257512],[46.4532208,41.3141118],[46.4574372,41.3107353],[46.4515417,41.3014468],[46.4383077,41.3113397],[46.3898671,41.3375859],[46.3743639,41.3218757],[46.3950652,41.3120649],[46.3865358,41.3003989],[46.3755655,41.303635],[46.3726258,41.3008946],[46.3710594,41.2976705],[46.3681197,41.2968161],[46.3639569,41.2849499],[46.3594723,41.2857077],[46.3553094,41.2810316],[46.3505459,41.2644045]]]]}},{"type":"Feature","properties":{"sourceName":"Telavi Municipality","sourceId":"osm-relation-2027329","code":"15","nameKa":"თელავი","nameEn":"Telavi","source":"OpenStreetMap"},"geometry":{"type":"Polygon","coordinates":[[[45.2747519,41.8784875],[45.2777967,41.876601],[45.2794308,41.8724803],[45.2799419,41.8634263],[45.2815644,41.8568371],[45.2815282,41.8486078],[45.2831577,41.8436653],[45.2919127,41.8325321],[45.3028848,41.8255076],[45.3105516,41.8180795],[45.3171349,41.8143577],[45.3454107,41.8117039],[45.3531479,41.8116803],[45.3677725,41.8133495],[45.3714918,41.8122656],[45.3740596,41.8103277],[45.3783264,41.804954],[45.3823264,41.8030112],[45.3943421,41.799969],[45.4023644,41.7999412],[45.4132642,41.801832],[45.4238993,41.8069386],[45.4309519,41.8061675],[45.450482,41.8067098],[45.4546232,41.8089569],[45.4574027,41.8130612],[45.4697975,41.8154803],[45.4744673,41.8146381],[45.5039191,41.8145873],[45.510697,41.8135547],[45.5135861,41.8160362],[45.5160198,41.8162858],[45.5189295,41.8184462],[45.5196257,41.8200088],[45.5246282,41.8233116],[45.5265268,41.8241486],[45.5295022,41.8241454],[45.5336221,41.8258831],[45.5496323,41.823409],[45.5539696,41.8209361],[45.5571746,41.8206089],[45.5591121,41.8193845],[45.5600278,41.8171651],[45.5622379,41.8178972],[45.5655416,41.822409],[45.5713412,41.8256847],[45.5814395,41.8290025],[45.5831814,41.8324324],[45.5829888,41.834209],[45.5873338,41.8361644],[45.5887174,41.8379001],[45.587877,41.8416931],[45.5882952,41.8452935],[45.5913858,41.8491432],[45.6071281,41.8503579],[45.6167984,41.8533201],[45.6238937,41.8571239],[45.6269836,41.8569961],[45.6308603,41.8581148],[45.6310892,41.8591163],[45.6323337,41.859095],[45.6335068,41.861897],[45.6365681,41.86325],[45.6366396,41.8655725],[45.6389284,41.8662117],[45.6430688,41.8693485],[45.6471395,41.8706752],[45.6508016,41.8697697],[45.6564236,41.8710906],[45.6622171,41.8746271],[45.6653777,41.8789439],[45.6704203,41.8811806],[45.6739179,41.884184],[45.6808916,41.8878262],[45.6845823,41.8886569],[45.689582,41.8915801],[45.6918136,41.891628],[45.6953756,41.8938482],[45.7026068,41.8956371],[45.7097438,41.9013453],[45.7138964,41.9028913],[45.713697,41.9041259],[45.7167274,41.9074076],[45.7211923,41.9081779],[45.7216644,41.9093756],[45.7210958,41.9105413],[45.7172334,41.9137589],[45.7128775,41.9121861],[45.7084679,41.9129445],[45.7030392,41.921407],[45.6948196,41.9248455],[45.6911361,41.9282836],[45.6910711,41.9307822],[45.689317,41.9325162],[45.6860071,41.933045],[45.6835771,41.9322309],[45.6799132,41.9355751],[45.6756377,41.9355631],[45.6747043,41.9369438],[45.6752139,41.9380692],[45.6738836,41.9389351],[45.6731701,41.9409741],[45.6674409,41.941441],[45.6660461,41.9442301],[45.6609821,41.9460295],[45.6548708,41.9456347],[45.6544617,41.9466001],[45.6526485,41.9470889],[45.6495023,41.9453712],[45.6472224,41.9451398],[45.6454495,41.9484873],[45.6431079,41.948978],[45.6418258,41.9507614],[45.6421584,41.9517069],[45.647791,41.9557383],[45.6478044,41.9567715],[45.6418017,41.9586125],[45.6395593,41.9574536],[45.6334895,41.9594043],[45.6300428,41.9651224],[45.6217309,41.9702724],[45.6231367,41.9716875],[45.622942,41.9736066],[45.6148391,41.9747648],[45.6082553,41.9732669],[45.6057718,41.9763385],[45.6046879,41.9791213],[45.5997852,41.9822325],[45.5907885,41.9856592],[45.5881977,41.9838188],[45.5864114,41.9837112],[45.579223,41.9905893],[45.5774581,41.9908724],[45.5744433,41.9931052],[45.5746311,41.9954734],[45.5711549,41.9987106],[45.5640739,41.9985152],[45.5525014,42.0027755],[45.552166,42.0050194],[45.548985,42.0105319],[45.5491781,42.0136248],[45.560269,42.0278765],[45.5651455,42.0313498],[45.5660822,42.0336006],[45.5751907,42.0308446],[45.5783827,42.0330733],[45.5822548,42.0334349],[45.5856559,42.0348867],[45.5899852,42.0330681],[45.5933097,42.0339864],[45.6038139,42.0442805],[45.6042885,42.0470329],[45.605708,42.0486295],[45.6070365,42.0478394],[45.613005,42.0495919],[45.6238505,42.0503553],[45.6293885,42.0537423],[45.6380901,42.0532897],[45.6408452,42.0558429],[45.6439199,42.0570779],[45.6470195,42.0610262],[45.6448471,42.0634381],[45.6435461,42.0663748],[45.6376779,42.0723534],[45.6371108,42.0739396],[45.6383735,42.0769341],[45.6384737,42.0802008],[45.6372042,42.0856373],[45.6387328,42.0860601],[45.6414605,42.0892992],[45.6446995,42.0915154],[45.6465798,42.0980109],[45.6465375,42.1018821],[45.6476175,42.1034503],[45.6499253,42.1046651],[45.65309,42.1101164],[45.6550519,42.1106372],[45.6611002,42.1147246],[45.6646444,42.1184824],[45.6662663,42.1238141],[45.6719381,42.1328108],[45.6767554,42.1357026],[45.6799213,42.141226],[45.6862809,42.1443766],[45.6943066,42.1517936],[45.6962824,42.1570334],[45.6942476,42.1615432],[45.6944026,42.1631222],[45.7002146,42.1676415],[45.7006078,42.1687994],[45.6994808,42.1725562],[45.6974099,42.1748576],[45.692988,42.176815],[45.68352,42.17801],[45.678978,42.182359],[45.6720941,42.1853878],[45.666635,42.186526],[45.6563019,42.1866338],[45.649343,42.185601],[45.647516,42.186408],[45.644197,42.190863],[45.638719,42.193737],[45.636147,42.196481],[45.632033,42.198096],[45.629929,42.201861],[45.622504,42.209167],[45.62144,42.209855],[45.611806,42.210362],[45.6084413,42.2121819],[45.6076121,42.2133969],[45.6079496,42.2158817],[45.6061584,42.2181419],[45.6059422,42.2198044],[45.608773,42.229032],[45.608193,42.232447],[45.610514,42.235051],[45.6079204,42.235992],[45.6073661,42.23734],[45.6006741,42.2409886],[45.594878,42.2399403],[45.5936278,42.2386163],[45.5869035,42.2355074],[45.5850999,42.2303713],[45.5825425,42.227191],[45.5826834,42.2248466],[45.5815476,42.2233014],[45.5791801,42.2234026],[45.5765772,42.2259584],[45.5708789,42.2273036],[45.5673209,42.2273212],[45.5612554,42.2307764],[45.5582218,42.230699],[45.555574,42.2296309],[45.5552162,42.2273953],[45.5540335,42.2262363],[45.5462412,42.2265501],[45.5419204,42.2248561],[45.5403794,42.2252642],[45.5392452,42.2280553],[45.5375836,42.2297618],[45.5384341,42.2334879],[45.5354688,42.2374506],[45.535053,42.2429379],[45.5276803,42.2468368],[45.5272566,42.2516997],[45.5250385,42.2559906],[45.5260925,42.2570042],[45.5239803,42.2600863],[45.525868,42.2607509],[45.5279295,42.2627437],[45.5302025,42.2685565],[45.5246123,42.2703332],[45.52253,42.2719772],[45.520012,42.2716384],[45.5176074,42.2723303],[45.5166949,42.2728792],[45.515547,42.2766982],[45.5115161,42.2772027],[45.5111808,42.27792],[45.4982286,42.2789735],[45.4978698,42.282618],[45.4923656,42.2869303],[45.4921654,42.2881099],[45.4908813,42.2878827],[45.4915847,42.2909086],[45.4900964,42.2928398],[45.4848286,42.2902612],[45.4801942,42.2902605],[45.4790436,42.2914582],[45.4794436,42.2925297],[45.4774526,42.2925857],[45.4758814,42.2962759],[45.4715066,42.2995872],[45.4681238,42.2991823],[45.4645957,42.297426],[45.4616942,42.2992447],[45.4576378,42.2985573],[45.4508655,42.3000157],[45.4459892,42.2990043],[45.4436829,42.2963594],[45.4402231,42.2961694],[45.4364782,42.2935328],[45.4366293,42.2912271],[45.4348748,42.2882958],[45.4352484,42.2858007],[45.4320819,42.2834912],[45.4258595,42.2807035],[45.4223843,42.2777964],[45.4184485,42.2761976],[45.4180916,42.2745876],[45.4270935,42.2652574],[45.4270543,42.2629036],[45.4292393,42.262002],[45.4306125,42.2583494],[45.4370587,42.2498188],[45.4395604,42.2486135],[45.4404433,42.245885],[45.4370829,42.2402714],[45.4224236,42.2336433],[45.4081564,42.2292397],[45.397277,42.2270502],[45.3935081,42.2230909],[45.3926857,42.2182379],[45.3834486,42.2030267],[45.3819617,42.1970912],[45.3847789,42.1930119],[45.3833627,42.1908498],[45.3681707,42.1880834],[45.3612184,42.1832818],[45.3606605,42.1816417],[45.3611021,42.1793729],[45.3562791,42.1724179],[45.362762,42.1536506],[45.3709478,42.1455489],[45.3802739,42.1407845],[45.3854714,42.1340839],[45.385072,42.1299083],[45.392979,42.1246785],[45.3975907,42.1225825],[45.4006153,42.1199984],[45.4037141,42.1157485],[45.4042993,42.1141451],[45.4037239,42.1093376],[45.4044831,42.1069386],[45.4043507,42.10335],[45.4098198,42.0950646],[45.4045927,42.092345],[45.4027619,42.0897064],[45.3953448,42.0886462],[45.3960845,42.0855469],[45.3957667,42.0826254],[45.4007976,42.0785001],[45.4011319,42.0740146],[45.4049714,42.0700797],[45.4021382,42.0673988],[45.4029837,42.0638501],[45.4014345,42.055223],[45.3961515,42.0468873],[45.3968605,42.0407585],[45.4050151,42.0307051],[45.4055337,41.9947805],[45.4032517,41.9881052],[45.3983612,41.981996],[45.3923537,41.9761687],[45.3889493,41.9686616],[45.381823,41.9625591],[45.3803057,41.958387],[45.3728082,41.9551689],[45.369989,41.9460669],[45.3676636,41.9449342],[45.3461879,41.9275844],[45.3379031,41.912293],[45.3307765,41.9039595],[45.3206839,41.8984186],[45.3023594,41.8856584],[45.2982407,41.8814921],[45.2896562,41.8784508],[45.2836968,41.8790227],[45.2747519,41.8784875]]]}},{"type":"Feature","properties":{"sourceName":"Tbilisi","sourceId":"osm-relation-1996871","code":"04","nameKa":"თბილისი","nameEn":"Tbilisi","source":"OpenStreetMap"},"geometry":{"type":"Polygon","coordinates":[[[44.5962016,41.6877513],[44.5968955,41.6862175],[44.5995676,41.6849316],[44.6016343,41.6803726],[44.6009838,41.6790983],[44.6027005,41.6769347],[44.6088032,41.6734419],[44.6099581,41.6691177],[44.6117663,41.667398],[44.6153873,41.6653262],[44.6161812,41.6656308],[44.6151459,41.6634146],[44.6155214,41.6607215],[44.61815,41.6590863],[44.6229288,41.6589244],[44.6234417,41.6561518],[44.633616,41.6379352],[44.6351659,41.6371838],[44.637309,41.6379175],[44.6378159,41.6370716],[44.6406823,41.6360983],[44.6434593,41.6371197],[44.6454012,41.6395011],[44.6466833,41.6375928],[44.6491324,41.6374751],[44.6523857,41.6390481],[44.6536195,41.6407519],[44.6559757,41.6382474],[44.6589088,41.640351],[44.6619236,41.6404312],[44.662135,41.6414753],[44.6642464,41.6419746],[44.6657968,41.6437064],[44.6698308,41.6455384],[44.6721268,41.6478554],[44.6735537,41.6478875],[44.6735535,41.6417327],[44.6759677,41.6414254],[44.6829515,41.6419836],[44.6876728,41.6408722],[44.6917391,41.6414094],[44.6916211,41.6420588],[44.6953332,41.6431653],[44.6982789,41.6423556],[44.703944,41.6426434],[44.7177982,41.6401292],[44.7237861,41.6400463],[44.7303437,41.638302],[44.7386665,41.6399774],[44.7397131,41.6382242],[44.743444,41.6372279],[44.7462362,41.6344174],[44.7485349,41.6340145],[44.7516704,41.6322644],[44.7516176,41.6313801],[44.75405,41.6308772],[44.7542453,41.6298386],[44.7569221,41.6286838],[44.7575162,41.6287494],[44.7573499,41.6349484],[44.7623809,41.6324944],[44.7762774,41.631041],[44.7800562,41.6319296],[44.7791452,41.6342595],[44.7808952,41.6351011],[44.7854452,41.6315798],[44.7876526,41.6325049],[44.7873239,41.6338753],[44.7893287,41.6347493],[44.7900309,41.634396],[44.7903627,41.6316842],[44.7926438,41.6297584],[44.7931501,41.6280818],[44.7952866,41.6271998],[44.7970346,41.6249045],[44.7998542,41.6260733],[44.8004818,41.6294519],[44.8025355,41.6303965],[44.8016341,41.6311442],[44.8035398,41.6320973],[44.8044659,41.6317007],[44.8089793,41.6346312],[44.8021253,41.6392433],[44.8024951,41.6402446],[44.7997359,41.6432128],[44.7991013,41.645397],[44.7945535,41.6499518],[44.8013428,41.6503901],[44.8014629,41.6514189],[44.8148341,41.6569552],[44.8363432,41.6559962],[44.8377293,41.6572285],[44.8429876,41.6574648],[44.850837,41.6548738],[44.8555229,41.6556074],[44.8637599,41.6540445],[44.8658402,41.6515511],[44.8687434,41.6502044],[44.8690653,41.6482082],[44.8733069,41.6502848],[44.8761999,41.647687],[44.8856735,41.6454502],[44.8901874,41.643209],[44.8857695,41.6418594],[44.8867511,41.6389051],[44.899144,41.6385513],[44.9023127,41.6397692],[44.9048977,41.6362463],[44.9062903,41.6354842],[44.9031079,41.6302235],[44.9004956,41.622578],[44.9056345,41.6214632],[44.9063742,41.6234307],[44.9153238,41.6218207],[44.9228671,41.6200897],[44.9238698,41.6177901],[44.9281965,41.6183033],[44.9283627,41.6192562],[44.9213197,41.6300933],[44.922989,41.6333265],[44.928579,41.637944],[44.931094,41.6375887],[44.9390295,41.6396507],[44.9424398,41.6353155],[44.9435562,41.6350569],[44.9472551,41.6359183],[44.950996,41.6394129],[44.9563525,41.6387743],[44.9587859,41.6392816],[44.9616794,41.6420296],[44.961029,41.6464343],[44.9579993,41.6485509],[44.9597724,41.6502032],[44.9638908,41.6502043],[44.968165,41.6520991],[44.9685162,41.6534881],[44.9702812,41.6544079],[44.9755598,41.6552916],[44.9789856,41.6602401],[44.984853,41.6586783],[44.9878309,41.659056],[44.991484,41.6608803],[44.9965078,41.66487],[44.9947045,41.6688582],[44.9949718,41.6711082],[45.0001195,41.6749825],[45.0005535,41.6821652],[45.002466,41.6840557],[45.0104396,41.6860092],[45.0122951,41.6893982],[45.0138278,41.6899874],[45.0145982,41.6921989],[45.0162866,41.6933768],[45.017012,41.6974022],[45.0159404,41.699173],[45.0172789,41.7029791],[45.0157093,41.704369],[45.0142564,41.7044493],[45.0140227,41.7059372],[45.0156497,41.7094868],[45.0125007,41.711608],[45.0121764,41.7161127],[45.0126304,41.7186138],[45.0155122,41.7201929],[45.0161446,41.7241667],[45.0134184,41.7258564],[45.0082678,41.733815],[45.0072593,41.7340391],[45.0075772,41.7348285],[45.0061779,41.7375387],[45.0044247,41.7372734],[44.9996346,41.7317911],[44.9970391,41.7308878],[44.9958467,41.7294064],[44.9914563,41.7294669],[44.9857843,41.736567],[44.9855481,41.7388806],[44.9869966,41.7394171],[44.9869537,41.7402017],[44.990226,41.7412023],[44.9923074,41.7408021],[44.9931121,41.7418508],[44.9925756,41.7433878],[44.9942118,41.743656],[44.9944853,41.7463029],[44.9862027,41.7508562],[44.9756877,41.7541978],[44.973695,41.7533499],[44.9690132,41.7563501],[44.9629862,41.7561912],[44.9617883,41.7578493],[44.9570368,41.7581393],[44.9561083,41.7598283],[44.9489148,41.7598124],[44.9494298,41.7605095],[44.9485544,41.761222],[44.9471712,41.7606206],[44.9429226,41.7610527],[44.9379164,41.7649895],[44.9378979,41.7664512],[44.9349772,41.7648159],[44.9296697,41.7667993],[44.9250913,41.764686],[44.9246943,41.7636056],[44.923224,41.7635643],[44.9180746,41.7658463],[44.9157821,41.7627851],[44.9159288,41.7611488],[44.914974,41.7600203],[44.9106717,41.7574113],[44.9018693,41.7599843],[44.8997182,41.7586988],[44.8930361,41.7578769],[44.8773839,41.7629274],[44.877879,41.7646299],[44.8802741,41.765839],[44.8807933,41.7678326],[44.8821517,41.768449],[44.8824849,41.7700568],[44.8860222,41.7722039],[44.8844993,41.7754372],[44.8826585,41.7772307],[44.8829561,41.7792204],[44.8800466,41.782197],[44.8817992,41.7919023],[44.8805311,41.794109],[44.8820211,41.7951269],[44.8839497,41.7948294],[44.8805939,41.7972016],[44.8807168,41.7978237],[44.8841554,41.7990595],[44.8889215,41.7988521],[44.8950237,41.801175],[44.891959,41.8015361],[44.8947287,41.8036423],[44.8884807,41.8032397],[44.8898578,41.80463],[44.8877764,41.8071012],[44.8884573,41.8084462],[44.8863172,41.8112676],[44.8794195,41.81371],[44.8793139,41.8147117],[44.869988,41.8187041],[44.8529559,41.822414],[44.8478436,41.8219583],[44.8448086,41.8225613],[44.8454222,41.8278329],[44.8425543,41.8269232],[44.8349174,41.8279201],[44.8292157,41.8273399],[44.8308277,41.8288219],[44.8220035,41.8287967],[44.8177922,41.8303848],[44.8129756,41.8304228],[44.8093309,41.835557],[44.7922535,41.8373557],[44.7916031,41.8381868],[44.7772693,41.8419435],[44.7746944,41.8438777],[44.7708708,41.8418823],[44.7665727,41.8373555],[44.7642196,41.8360543],[44.7525139,41.8346874],[44.7477758,41.8321915],[44.7460699,41.8283462],[44.7462942,41.8262498],[44.749589,41.8211667],[44.7551733,41.8216224],[44.7610044,41.8247526],[44.7624904,41.8235693],[44.7622948,41.8217409],[44.758518,41.8192638],[44.7493422,41.8176406],[44.7420797,41.8191157],[44.7348905,41.8137625],[44.7304702,41.8134346],[44.7254598,41.8116314],[44.7210503,41.8130588],[44.7150489,41.8137555],[44.7128765,41.8180992],[44.7086263,41.8186601],[44.6973419,41.8173265],[44.6951723,41.8176966],[44.6940146,41.8188283],[44.6892607,41.8177685],[44.6947303,41.812953],[44.6932733,41.8127589],[44.690119,41.8092444],[44.6888638,41.8092762],[44.6812639,41.8047164],[44.6794116,41.8022707],[44.665437,41.7940173],[44.6631595,41.7885346],[44.6597135,41.7865276],[44.6605042,41.7845018],[44.6625071,41.7841124],[44.6639852,41.7828238],[44.6650806,41.7830051],[44.6686203,41.7796897],[44.6755075,41.7760864],[44.6754657,41.7752254],[44.6722788,41.7747855],[44.6790396,41.7720082],[44.6783921,41.7707869],[44.6792449,41.7699887],[44.6795545,41.7674871],[44.6816754,41.766242],[44.6790361,41.7659543],[44.6788983,41.7646386],[44.688195,41.7634592],[44.6900932,41.7544718],[44.6897347,41.7526338],[44.6940702,41.7498365],[44.6952995,41.7462685],[44.6912616,41.7448007],[44.688385,41.7450879],[44.6869312,41.7430085],[44.681713,41.73927],[44.6786419,41.7391579],[44.6805328,41.7383383],[44.677313,41.7364803],[44.6766007,41.7349978],[44.6827376,41.7324758],[44.6858543,41.7283523],[44.694501,41.7225507],[44.6932385,41.7223067],[44.6953922,41.7211897],[44.6942993,41.7187937],[44.6928396,41.7176411],[44.6936515,41.7164128],[44.6926269,41.7159933],[44.6933526,41.7153531],[44.6922687,41.7143332],[44.6885254,41.7139195],[44.6883476,41.7130365],[44.6867957,41.7128818],[44.6857951,41.7137616],[44.6858589,41.7127221],[44.6793976,41.7101919],[44.6735655,41.7108351],[44.6748272,41.7083874],[44.6701065,41.7075032],[44.6693598,41.7054783],[44.6673341,41.7048375],[44.6669888,41.7029676],[44.664606,41.7030329],[44.6625914,41.6999823],[44.6599521,41.700519],[44.6602359,41.6990316],[44.658485,41.6995315],[44.6572291,41.6983809],[44.6584677,41.6974989],[44.6578942,41.6964385],[44.6565417,41.6957144],[44.654468,41.6966385],[44.6524268,41.6961023],[44.6517023,41.6941043],[44.6506744,41.6949172],[44.6481296,41.693896],[44.6457263,41.6950335],[44.6446748,41.6926357],[44.6425935,41.6936236],[44.6404949,41.6914051],[44.6409482,41.6925139],[44.6397047,41.6933238],[44.6369758,41.693533],[44.6357742,41.6925908],[44.6334311,41.6939681],[44.6323904,41.6932951],[44.6306952,41.6936636],[44.6300086,41.6927343],[44.6290966,41.6932471],[44.6270077,41.6925848],[44.6262389,41.6937481],[44.6243351,41.6939551],[44.6225042,41.6926128],[44.6207954,41.6932594],[44.6199819,41.692539],[44.6195567,41.6934199],[44.617802,41.6930431],[44.6176323,41.6922445],[44.6154438,41.6929925],[44.6150674,41.692097],[44.613381,41.6916697],[44.613047,41.6935965],[44.6109666,41.6922266],[44.6093852,41.6924461],[44.6078879,41.6909727],[44.6059906,41.6909815],[44.6052889,41.6901155],[44.6029648,41.6910885],[44.6025731,41.6902674],[44.5962016,41.6877513]]]}},{"type":"Feature","properties":{"sourceName":"Gardabani Municipality","sourceId":"osm-relation-2014334","code":"50","nameKa":"გარდაბანი","nameEn":"Gardabani","source":"OpenStreetMap"},"geometry":{"type":"Polygon","coordinates":[[[44.7303437,41.638302],[44.7353993,41.6328625],[44.7412414,41.6314632],[44.7491092,41.627597],[44.7486257,41.6253965],[44.7543323,41.6217312],[44.7551642,41.6176152],[44.7547493,41.6160828],[44.763419,41.6081471],[44.7708073,41.6030912],[44.774539,41.6027983],[44.7793647,41.5954901],[44.7967304,41.5825079],[44.8083397,41.5706048],[44.831005,41.5610424],[44.8306718,41.5487023],[44.8252255,41.5380023],[44.8376168,41.5418747],[44.8457247,41.5455816],[44.8678512,41.5511528],[44.8840817,41.5541269],[44.8873208,41.5560285],[44.8957599,41.5566675],[44.8940914,41.5602447],[44.8972198,41.5722195],[44.8903022,41.5822594],[44.8908991,41.5845768],[44.8997671,41.5871995],[44.905555,41.5849491],[44.9101995,41.5854483],[44.9134253,41.5839657],[44.921011,41.5856983],[44.9227071,41.584738],[44.9232078,41.5839831],[44.9223425,41.5830091],[44.9253391,41.5804566],[44.923941,41.579222],[44.9264418,41.5753656],[44.9288945,41.5748154],[44.9323322,41.5760743],[44.933334,41.5767652],[44.9318997,41.580423],[44.9297975,41.5827248],[44.9296412,41.5863614],[44.930351,41.5877923],[44.9414668,41.5935178],[44.9446268,41.594266],[44.9406735,41.6002987],[44.9425656,41.6007633],[44.9458848,41.5999693],[44.9496536,41.6009938],[44.9543244,41.5964996],[44.969498,41.5924542],[44.9719344,41.5874683],[44.9791109,41.5843169],[44.9824986,41.5852298],[44.9914865,41.5813149],[45.0029759,41.5811047],[45.0061021,41.5797635],[45.0062646,41.5773591],[45.0107722,41.5762267],[45.0110161,41.5775604],[45.0171819,41.5799779],[45.0191291,41.5762526],[45.0166649,41.5758576],[45.0161959,41.5750544],[45.0170902,41.574419],[45.019343,41.5749211],[45.0195953,41.573519],[45.01716,41.5693123],[45.0327248,41.5703467],[45.0333601,41.5711151],[45.0389526,41.5685554],[45.0389135,41.5671482],[45.0410636,41.5666069],[45.043661,41.5679193],[45.0472975,41.5657446],[45.0449437,41.5598966],[45.0426243,41.5581303],[45.0571367,41.5425943],[45.0582604,41.5432998],[45.067452,41.5336518],[45.0724485,41.53631],[45.0788771,41.5297738],[45.0757748,41.5242574],[45.0792384,41.520757],[45.080656,41.5215481],[45.0824529,41.5196006],[45.0818293,41.5191876],[45.0862639,41.5149045],[45.0788019,41.5101619],[45.0696839,41.5155772],[45.0602879,41.5168464],[45.05749,41.5154012],[45.0557151,41.5121576],[45.0560928,41.5116018],[45.0517708,41.5100445],[45.0494829,41.5093659],[45.0458658,41.5096148],[45.0447083,41.50878],[45.0416483,41.5104689],[45.0395916,41.5097211],[45.0392981,41.5092908],[45.0427281,41.5070781],[45.0334003,41.4985925],[45.0360432,41.4940949],[45.0346772,41.4925282],[45.0313905,41.4926037],[45.0297423,41.4910595],[45.0272592,41.4930114],[45.0276368,41.4949666],[45.026263,41.4967354],[45.0248921,41.4967143],[45.0244125,41.4993084],[45.0234425,41.498292],[45.0222589,41.4927728],[45.022257,41.4871547],[45.0233224,41.4819377],[45.0222539,41.4783263],[45.0179841,41.4751168],[45.0137151,41.4731109],[45.0099796,41.4694997],[45.0105105,41.4538492],[45.012643,41.4482308],[45.0147759,41.4462241],[45.0249072,41.4406042],[45.0291721,41.4373928],[45.03557,41.4349832],[45.0454303,41.4281577],[45.0464921,41.4217366],[45.0422186,41.4088967],[45.0411487,41.4028777],[45.0422104,41.3964565],[45.0450501,41.3899115],[45.0526574,41.3829266],[45.0571949,41.3743078],[45.0625298,41.3697816],[45.0739943,41.3652796],[45.082104,41.3638753],[45.0829794,41.3619243],[45.0791457,41.358087],[45.0787496,41.3570857],[45.0795249,41.3556386],[45.0957959,41.3415472],[45.0969664,41.3436783],[45.1723983,41.4123222],[45.1733335,41.4153964],[45.1719028,41.4193989],[45.1733461,41.4202357],[45.1748128,41.422992],[45.178448,41.4237977],[45.1815921,41.4218807],[45.1865927,41.4205045],[45.1881516,41.4190561],[45.1963755,41.4167625],[45.2025736,41.4212781],[45.2328278,41.4357673],[45.249072,41.446324],[45.256634,41.458849],[45.259407,41.467336],[45.2881599,41.4627876],[45.3073804,41.4720164],[45.3078979,41.4743885],[45.3066453,41.4777308],[45.3038015,41.4832925],[45.2998798,41.4875796],[45.2923393,41.486672],[45.2844,41.4932138],[45.2821898,41.4942906],[45.2810418,41.4940255],[45.2806342,41.4956005],[45.2776623,41.4963077],[45.2777481,41.497055],[45.2748728,41.4975693],[45.2743578,41.4969747],[45.2731132,41.4980193],[45.2708173,41.4974407],[45.2702379,41.4985336],[45.2686608,41.4981318],[45.2680063,41.4988309],[45.2681565,41.4977943],[45.2669763,41.4977622],[45.2601313,41.5019567],[45.2583504,41.5016674],[45.2550244,41.5046082],[45.2533936,41.5036762],[45.2473211,41.5057652],[45.2467847,41.5076293],[45.2423429,41.5072918],[45.2410984,41.5080149],[45.2418494,41.5093807],[45.2386093,41.5092361],[45.2392316,41.5114696],[45.2362489,41.5131407],[45.2363133,41.5116142],[45.2342748,41.5117749],[45.2260566,41.5142172],[45.2237498,41.516314],[45.2183533,41.5146871],[45.2176827,41.5165027],[45.2166152,41.5170008],[45.2149683,41.5161894],[45.2136433,41.5172739],[45.2099311,41.5166192],[45.208751,41.5181375],[45.2130532,41.5198486],[45.2123826,41.522642],[45.2160251,41.5228448],[45.2179025,41.5239534],[45.1745152,41.5678117],[45.1735335,41.5650021],[45.1513516,41.5482268],[45.1328122,41.5442802],[45.1306987,41.5528957],[45.1293468,41.5545496],[45.1253128,41.5559948],[45.1209889,41.5650825],[45.1523065,41.5823228],[45.1524022,41.5842228],[45.158614,41.5900345],[45.1595559,41.5956654],[45.1503268,41.5975525],[45.1526498,41.6034738],[45.1513195,41.6069394],[45.1533761,41.6135551],[45.159173,41.6150253],[45.1684856,41.6206719],[45.1716613,41.6187149],[45.1900577,41.6200138],[45.1925181,41.6233988],[45.2024797,41.6270174],[45.2088531,41.6362986],[45.2133272,41.6478104],[45.2121011,41.6554837],[45.2066911,41.6650342],[45.1962872,41.6737506],[45.1894203,41.6945089],[45.1922272,41.6994828],[45.1947498,41.699801],[45.1957133,41.7016047],[45.1997924,41.7015793],[45.2010282,41.6965902],[45.2055501,41.697115],[45.205693,41.7013052],[45.2003419,41.7029391],[45.2084704,41.7067514],[45.2078447,41.7081609],[45.2048336,41.7100715],[45.202766,41.7106742],[45.1975581,41.7100937],[45.1958227,41.7117196],[45.2012515,41.716669],[45.1891233,41.7229955],[45.1938973,41.7247948],[45.1924109,41.7283283],[45.1941705,41.7294813],[45.1882359,41.7360832],[45.1797554,41.7355149],[45.1753588,41.742567],[45.1670882,41.7405712],[45.1671055,41.7472174],[45.1716992,41.7521417],[45.1696301,41.7634569],[45.1660634,41.7644333],[45.1637649,41.7637497],[45.1623058,41.761821],[45.1594949,41.7608607],[45.1542592,41.754506],[45.1430387,41.7513639],[45.135803,41.7524392],[45.1294326,41.7581556],[45.1171682,41.7589533],[45.1198207,41.7693958],[45.1138139,41.7716971],[45.1036789,41.7802627],[45.099939,41.7823275],[45.1013384,41.7859584],[45.0973528,41.7896746],[45.0949683,41.7957475],[45.0952916,41.7988468],[45.0860831,41.8236551],[45.0844972,41.8298563],[45.0771786,41.8420232],[45.0739925,41.8444099],[45.0567739,41.8475199],[45.0269443,41.8487388],[44.9636216,41.8595943],[44.9602691,41.8595932],[44.9561704,41.8609872],[44.9546827,41.8576419],[44.9487236,41.8562484],[44.9438842,41.852906],[44.9256411,41.8456526],[44.915965,41.8403565],[44.9159701,41.8364581],[44.9115051,41.8336682],[44.9062921,41.8336641],[44.8988426,41.8350533],[44.8895288,41.8378268],[44.885056,41.8400507],[44.8794736,41.8380958],[44.8724065,41.8339106],[44.8783671,41.8325261],[44.8865661,41.8283569],[44.8992389,41.8197345],[44.9051997,41.8169576],[44.9078109,41.8130613],[44.891959,41.8015361],[44.8947859,41.8009527],[44.8889215,41.7988521],[44.8841554,41.7990595],[44.8807168,41.7978237],[44.8805939,41.7972016],[44.8839497,41.7948294],[44.8820211,41.7951269],[44.8805311,41.794109],[44.8817992,41.7919023],[44.8800466,41.782197],[44.8829561,41.7792204],[44.8826585,41.7772307],[44.8844993,41.7754372],[44.8860222,41.7722039],[44.8824849,41.7700568],[44.8821517,41.768449],[44.8807933,41.7678326],[44.8802741,41.765839],[44.877879,41.7646299],[44.8773839,41.7629274],[44.8930361,41.7578769],[44.8997182,41.7586988],[44.9018693,41.7599843],[44.9106717,41.7574113],[44.914974,41.7600203],[44.9159288,41.7611488],[44.9157821,41.7627851],[44.9180746,41.7658463],[44.923224,41.7635643],[44.9246943,41.7636056],[44.9250913,41.764686],[44.9296697,41.7667993],[44.9349772,41.7648159],[44.9378979,41.7664512],[44.9379164,41.7649895],[44.9429226,41.7610527],[44.9471712,41.7606206],[44.9485544,41.761222],[44.9494298,41.7605095],[44.9489148,41.7598124],[44.9561083,41.7598283],[44.9570368,41.7581393],[44.9617883,41.7578493],[44.9629862,41.7561912],[44.9690132,41.7563501],[44.973695,41.7533499],[44.9756877,41.7541978],[44.9862027,41.7508562],[44.9944853,41.7463029],[44.9942118,41.743656],[44.9925756,41.7433878],[44.9931121,41.7418508],[44.9923074,41.7408021],[44.990226,41.7412023],[44.9869537,41.7402017],[44.9869966,41.7394171],[44.9855481,41.7388806],[44.9857843,41.736567],[44.9914563,41.7294669],[44.9958467,41.7294064],[44.9970391,41.7308878],[44.9996346,41.7317911],[45.0044247,41.7372734],[45.0061779,41.7375387],[45.0075772,41.7348285],[45.0072593,41.7340391],[45.0082678,41.733815],[45.0134184,41.7258564],[45.0161446,41.7241667],[45.0155122,41.7201929],[45.0126304,41.7186138],[45.0121764,41.7161127],[45.0125007,41.711608],[45.0156497,41.7094868],[45.0140227,41.7059372],[45.0142564,41.7044493],[45.0157093,41.704369],[45.0172789,41.7029791],[45.0159404,41.699173],[45.017012,41.6974022],[45.0162866,41.6933768],[45.0145982,41.6921989],[45.0138278,41.6899874],[45.0122951,41.6893982],[45.0104396,41.6860092],[45.002466,41.6840557],[45.0005535,41.6821652],[45.0001195,41.6749825],[44.9949718,41.6711082],[44.9947045,41.6688582],[44.9965078,41.66487],[44.991484,41.6608803],[44.9878309,41.659056],[44.984853,41.6586783],[44.9789856,41.6602401],[44.9755598,41.6552916],[44.9702812,41.6544079],[44.9685162,41.6534881],[44.968165,41.6520991],[44.9638908,41.6502043],[44.9597724,41.6502032],[44.9579993,41.6485509],[44.961029,41.6464343],[44.9616794,41.6420296],[44.9587859,41.6392816],[44.9563525,41.6387743],[44.950996,41.6394129],[44.9472551,41.6359183],[44.9435562,41.6350569],[44.9424398,41.6353155],[44.9390295,41.6396507],[44.931094,41.6375887],[44.928579,41.637944],[44.922989,41.6333265],[44.9213197,41.6300933],[44.9283272,41.6183713],[44.9238698,41.6177901],[44.9228671,41.6200897],[44.9063742,41.6234307],[44.9056345,41.6214632],[44.9004956,41.622578],[44.9031079,41.6302235],[44.9062903,41.6354842],[44.9048977,41.6362463],[44.9023127,41.6397692],[44.899144,41.6385513],[44.8867511,41.6389051],[44.8857695,41.6418594],[44.8901874,41.643209],[44.8856735,41.6454502],[44.8761999,41.647687],[44.8733069,41.6502848],[44.8690653,41.6482082],[44.8687434,41.6502044],[44.8658402,41.6515511],[44.8637599,41.6540445],[44.8555229,41.6556074],[44.850837,41.6548738],[44.8429876,41.6574648],[44.8377293,41.6572285],[44.8363432,41.6559962],[44.8148341,41.6569552],[44.8014629,41.6514189],[44.8013428,41.6503901],[44.7945535,41.6499518],[44.7991013,41.645397],[44.7997359,41.6432128],[44.8024951,41.6402446],[44.8021253,41.6392433],[44.8089793,41.6346312],[44.8044659,41.6317007],[44.8035398,41.6320973],[44.8016341,41.6311442],[44.8025355,41.6303965],[44.8004818,41.6294519],[44.7998542,41.6260733],[44.7970346,41.6249045],[44.7952866,41.6271998],[44.7931501,41.6280818],[44.7926438,41.6297584],[44.7903627,41.6316842],[44.7900309,41.634396],[44.7893287,41.6347493],[44.7873239,41.6338753],[44.7876526,41.6325049],[44.7854452,41.6315798],[44.7808952,41.6351011],[44.7791452,41.6342595],[44.7800562,41.6319296],[44.7762774,41.631041],[44.7623809,41.6324944],[44.7573499,41.6349484],[44.7575162,41.6287494],[44.7569221,41.6286838],[44.7542453,41.6298386],[44.75405,41.6308772],[44.7516176,41.6313801],[44.7516704,41.6322644],[44.7485349,41.6340145],[44.7462362,41.6344174],[44.743444,41.6372279],[44.7397131,41.6382242],[44.7386665,41.6399774],[44.7303437,41.638302]]]}},{"type":"Feature","properties":{"sourceName":"Sagarejo Municipality","sourceId":"osm-relation-2027335","code":"17","nameKa":"საგარეჯო","nameEn":"Sagarejo","source":"OpenStreetMap"},"geometry":{"type":"Polygon","coordinates":[[[45.0258475,41.8988645],[45.0264857,41.8915101],[45.0310606,41.888281],[45.0388846,41.8846584],[45.0496905,41.8829833],[45.0549061,41.88131],[45.0660798,41.876013],[45.0664487,41.8723926],[45.0653263,41.8679376],[45.0627154,41.8648758],[45.0589892,41.8640424],[45.0560069,41.861816],[45.0537652,41.8540197],[45.0515264,41.8492866],[45.0481747,41.847895],[45.0567739,41.8475199],[45.0739925,41.8444099],[45.0771786,41.8420232],[45.0844972,41.8298563],[45.0860831,41.8236551],[45.0952916,41.7988468],[45.0949683,41.7957475],[45.0973528,41.7896746],[45.1013384,41.7859584],[45.099939,41.7823275],[45.1036789,41.7802627],[45.1138139,41.7716971],[45.1198207,41.7693958],[45.1171682,41.7589533],[45.1294326,41.7581556],[45.135803,41.7524392],[45.1430387,41.7513639],[45.1542592,41.754506],[45.1594949,41.7608607],[45.1623058,41.761821],[45.1637649,41.7637497],[45.1660634,41.7644333],[45.1696301,41.7634569],[45.1716992,41.7521417],[45.1671055,41.7472174],[45.1670882,41.7405712],[45.1753588,41.742567],[45.1797554,41.7355149],[45.1882359,41.7360832],[45.1941705,41.7294813],[45.1924109,41.7283283],[45.1938973,41.7247948],[45.1891233,41.7229955],[45.2012515,41.716669],[45.1958227,41.7117196],[45.1975581,41.7100937],[45.202766,41.7106742],[45.2048336,41.7100715],[45.2078447,41.7081609],[45.2084704,41.7067514],[45.2003419,41.7029391],[45.205693,41.7013052],[45.2055501,41.697115],[45.2010282,41.6965902],[45.1997924,41.7015793],[45.1957133,41.7016047],[45.1947498,41.699801],[45.1922272,41.6994828],[45.1894203,41.6945089],[45.1962872,41.6737506],[45.2066911,41.6650342],[45.2121011,41.6554837],[45.2133272,41.6478104],[45.2088531,41.6362986],[45.2024797,41.6270174],[45.1925181,41.6233988],[45.1900577,41.6200138],[45.1716613,41.6187149],[45.1684856,41.6206719],[45.159173,41.6150253],[45.1533761,41.6135551],[45.1513195,41.6069394],[45.1526498,41.6034738],[45.1503268,41.5975525],[45.1595559,41.5956654],[45.158614,41.5900345],[45.1524022,41.5842228],[45.1523065,41.5823228],[45.1209889,41.5650825],[45.1253128,41.5559948],[45.1293468,41.5545496],[45.1306987,41.5528957],[45.1328122,41.5442802],[45.1513516,41.5482268],[45.1735335,41.5650021],[45.1745152,41.5678117],[45.2179025,41.5239534],[45.2160251,41.5228448],[45.2123826,41.522642],[45.2130532,41.5198486],[45.208751,41.5181375],[45.2099311,41.5166192],[45.2136433,41.5172739],[45.2149683,41.5161894],[45.2166152,41.5170008],[45.2176827,41.5165027],[45.2183533,41.5146871],[45.2237498,41.516314],[45.2260566,41.5142172],[45.2342748,41.5117749],[45.2363133,41.5116142],[45.2362489,41.5131407],[45.2392316,41.5114696],[45.2386093,41.5092361],[45.2418494,41.5093807],[45.2410984,41.5080149],[45.2423429,41.5072918],[45.2467847,41.5076293],[45.2473211,41.5057652],[45.2533936,41.5036762],[45.2550244,41.5046082],[45.2583504,41.5016674],[45.2601313,41.5019567],[45.2669763,41.4977622],[45.2681565,41.4977943],[45.2680063,41.4988309],[45.2686608,41.4981318],[45.2702379,41.4985336],[45.2708173,41.4974407],[45.2731132,41.4980193],[45.2743578,41.4969747],[45.2748728,41.4975693],[45.2777481,41.497055],[45.2776623,41.4963077],[45.2806342,41.4956005],[45.2810418,41.4940255],[45.2821898,41.4942906],[45.2844,41.4932138],[45.2923393,41.486672],[45.2998798,41.4875796],[45.3038015,41.4832925],[45.3066453,41.4777308],[45.3078979,41.4743885],[45.3073804,41.4720164],[45.310199,41.472944],[45.322749,41.4676704],[45.3356666,41.4633679],[45.341601,41.4599559],[45.3639732,41.453662],[45.3700437,41.4487699],[45.3802299,41.438705],[45.3832571,41.435366],[45.3847945,41.4304984],[45.388534,41.428332],[45.391266,41.42738],[45.4092842,41.4273804],[45.4276479,41.4301871],[45.4317461,41.4335536],[45.4342745,41.4402377],[45.439608,41.4460188],[45.4439123,41.4478241],[45.4543687,41.4555036],[45.4611039,41.4558505],[45.4625005,41.455535],[45.469804,41.448685],[45.4942981,41.4353543],[45.516659,41.420549],[45.52729,41.419617],[45.5504599,41.4112396],[45.55818,41.4291097],[45.557665,41.4302358],[45.5628363,41.4347404],[45.5639521,41.4399202],[45.563008,41.4402097],[45.5600897,41.4443597],[45.5632655,41.4461129],[45.5664412,41.4491688],[45.5798266,41.4515264],[45.5875341,41.456599],[45.586547,41.4625328],[45.589637,41.4775017],[45.5894224,41.4821476],[45.586075,41.4865039],[45.5868904,41.4941226],[45.5859677,41.4955851],[45.5860964,41.4964691],[45.5874912,41.496887],[45.5874054,41.501885],[45.5918256,41.5110445],[45.595967,41.5108678],[45.6003658,41.514724],[45.6078545,41.5189495],[45.6209437,41.5242993],[45.6307499,41.5270946],[45.6374913,41.5302323],[45.6364211,41.5320856],[45.6347179,41.5319651],[45.6366089,41.5325815],[45.6360805,41.5340794],[45.637081,41.5355531],[45.6353858,41.5374684],[45.6338409,41.5378117],[45.6341305,41.5386188],[45.6368396,41.5396467],[45.6350425,41.5392894],[45.6350506,41.5405772],[45.6337121,41.5411143],[45.6347957,41.542616],[45.6325185,41.5440373],[45.634152,41.5450932],[45.6363192,41.5446977],[45.6386769,41.5479859],[45.6326017,41.5515489],[45.6317943,41.5550715],[45.6333607,41.5568117],[45.63048,41.5566591],[45.631274,41.5599487],[45.6299436,41.5606913],[45.6315905,41.5614659],[45.6306839,41.5631919],[45.6269985,41.5639344],[45.6263012,41.5654356],[45.6240857,41.5662624],[45.6216502,41.5646649],[45.621897,41.5657366],[45.6202769,41.5661741],[45.6232408,41.5678277],[45.6233561,41.5687829],[45.6216314,41.5701695],[45.6202769,41.569718],[45.61863,41.5715802],[45.6168705,41.57154],[45.6160229,41.5693769],[45.6154355,41.5701494],[45.6127131,41.5687909],[45.6116509,41.5695053],[45.6125146,41.5709421],[45.6114846,41.5739399],[45.6137538,41.5761712],[45.6136411,41.5769176],[45.6095856,41.5778967],[45.6098592,41.5788398],[45.6087166,41.57955],[45.6067264,41.5776239],[45.6043017,41.5774393],[45.5997097,41.5792029],[45.5986288,41.580483],[45.5963168,41.5801479],[45.5968827,41.5813838],[45.5948228,41.5808923],[45.5928701,41.5815865],[45.5917919,41.5824632],[45.5906787,41.5860524],[45.5876076,41.5867225],[45.5869678,41.5888934],[45.5890986,41.5911618],[45.5919307,41.5973503],[45.589279,41.5985789],[45.592385,41.6017083],[45.5940617,41.6021146],[45.6215781,41.6233456],[45.6159631,41.6416935],[45.6295556,41.6414074],[45.6292584,41.645979],[45.6330896,41.6489237],[45.6312724,41.6520558],[45.633971,41.652444],[45.6343818,41.6544389],[45.6357448,41.6547231],[45.633163,41.6673071],[45.63452,41.6668611],[45.6351571,41.6675302],[45.6349981,41.6714891],[45.6358034,41.6726329],[45.6358571,41.6754915],[45.6373277,41.6771836],[45.6397163,41.6775867],[45.6391728,41.6794275],[45.6362863,41.6795727],[45.6342472,41.6812401],[45.6316546,41.6806061],[45.6261321,41.680943],[45.6257854,41.6845022],[45.622185,41.6853161],[45.6242661,41.6929513],[45.6216571,41.6947879],[45.6144251,41.6955934],[45.6050144,41.6948949],[45.5967589,41.6919432],[45.5900048,41.6929521],[45.5839413,41.6928947],[45.5811015,41.6942444],[45.5805767,41.6966991],[45.5794708,41.6974331],[45.570913,41.6974961],[45.5670719,41.701932],[45.5650148,41.7051479],[45.5634169,41.7097718],[45.5656428,41.7121138],[45.5659949,41.7142339],[45.5637655,41.7160797],[45.5614911,41.7213438],[45.5625094,41.7227349],[45.5621454,41.7240954],[45.5551622,41.7298978],[45.564532,41.7385202],[45.563338,41.7401693],[45.5515923,41.7442704],[45.5487245,41.7487327],[45.5527968,41.7508532],[45.5527399,41.7522275],[45.549545,41.7549081],[45.5485493,41.7576996],[45.5459841,41.759206],[45.5438441,41.759448],[45.5384293,41.7652],[45.5303475,41.7690918],[45.5234704,41.7767282],[45.5281884,41.7831375],[45.5308234,41.7914834],[45.5348709,41.7948154],[45.5381345,41.7994565],[45.5324257,41.8005548],[45.5284522,41.8003726],[45.523373,41.8020696],[45.5190732,41.8045173],[45.5166746,41.8070383],[45.5172655,41.8100366],[45.5146207,41.8120064],[45.510697,41.8135547],[45.5039191,41.8145873],[45.4744673,41.8146381],[45.4697975,41.8154803],[45.4574027,41.8130612],[45.4546232,41.8089569],[45.450482,41.8067098],[45.4309519,41.8061675],[45.4238993,41.8069386],[45.4132642,41.801832],[45.4023644,41.7999412],[45.3943421,41.799969],[45.3823264,41.8030112],[45.3783264,41.804954],[45.3740596,41.8103277],[45.3714918,41.8122656],[45.3677725,41.8133495],[45.3531479,41.8116803],[45.3454107,41.8117039],[45.3171349,41.8143577],[45.3105516,41.8180795],[45.3028848,41.8255076],[45.2919127,41.8325321],[45.2831577,41.8436653],[45.2815282,41.8486078],[45.2815644,41.8568371],[45.2799419,41.8634263],[45.2794308,41.8724803],[45.2777967,41.876601],[45.269175,41.881564],[45.1962266,41.9106736],[45.1872809,41.9112456],[45.179072,41.9087524],[45.1689939,41.9040336],[45.1645092,41.8995845],[45.1585439,41.8990359],[45.1503449,41.899604],[45.1469883,41.8987729],[45.1451183,41.8959905],[45.1402248,41.8919679],[45.1408044,41.8945398],[45.1396627,41.8973283],[45.1345025,41.8996928],[45.1319256,41.9024828],[45.1221816,41.9093541],[45.1141492,41.9115062],[45.1045461,41.9188046],[45.0942187,41.9231013],[45.0861816,41.9237509],[45.0791778,41.9216749],[45.0650012,41.9144435],[45.0605227,41.9097119],[45.055673,41.9060942],[45.0426234,41.9027581],[45.0303219,41.902205],[45.0258475,41.8988645]]]}},{"type":"Feature","properties":{"sourceName":"Kvareli Municipality","sourceId":"osm-relation-2027331","code":"19","nameKa":"ყვარელი","nameEn":"Kvareli","source":"OpenStreetMap"},"geometry":{"type":"Polygon","coordinates":[[[45.548985,42.0105319],[45.552166,42.0050194],[45.5525014,42.0027755],[45.5640739,41.9985152],[45.5711549,41.9987106],[45.5746311,41.9954734],[45.5744433,41.9931052],[45.5774581,41.9908724],[45.579223,41.9905893],[45.5864114,41.9837112],[45.5881977,41.9838188],[45.5907885,41.9856592],[45.5997852,41.9822325],[45.6046879,41.9791213],[45.6057718,41.9763385],[45.6082553,41.9732669],[45.6148391,41.9747648],[45.622942,41.9736066],[45.6231367,41.9716875],[45.6217309,41.9702724],[45.6300428,41.9651224],[45.6334895,41.9594043],[45.6395593,41.9574536],[45.6418017,41.9586125],[45.6478044,41.9567715],[45.647791,41.9557383],[45.6421584,41.9517069],[45.6418258,41.9507614],[45.6431079,41.948978],[45.6454495,41.9484873],[45.6472224,41.9451398],[45.6495023,41.9453712],[45.6526485,41.9470889],[45.6544617,41.9466001],[45.6548708,41.9456347],[45.6609821,41.9460295],[45.6660461,41.9442301],[45.6674409,41.941441],[45.6731701,41.9409741],[45.6738836,41.9389351],[45.6752139,41.9380692],[45.6747043,41.9369438],[45.6756377,41.9355631],[45.6799132,41.9355751],[45.6835771,41.9322309],[45.6860071,41.933045],[45.689317,41.9325162],[45.6910711,41.9307822],[45.6911361,41.9282836],[45.6948196,41.9248455],[45.7030392,41.921407],[45.7084679,41.9129445],[45.7128775,41.9121861],[45.7172334,41.9137589],[45.7187676,41.9128008],[45.7215786,41.9097349],[45.7211923,41.9079144],[45.7244968,41.9071399],[45.7263181,41.904515],[45.7278979,41.8997057],[45.7330477,41.8990908],[45.733155,41.8980367],[45.7316047,41.8964315],[45.7324094,41.8953334],[45.7366848,41.8937761],[45.741148,41.8963636],[45.7423228,41.8960801],[45.7445168,41.8935765],[45.7466626,41.893285],[45.7503855,41.8941874],[45.7508951,41.8920391],[45.7522738,41.89146],[45.7557714,41.8917755],[45.7594943,41.8875744],[45.762434,41.8875025],[45.767262,41.8848747],[45.7685602,41.8828299],[45.7679379,41.8808489],[45.7662964,41.8795708],[45.7672834,41.8776935],[45.7725996,41.8767189],[45.7756412,41.8750134],[45.77658,41.8753329],[45.7782483,41.878069],[45.7804048,41.8781728],[45.7888377,41.8724849],[45.7885561,41.8695447],[45.7930256,41.8704464],[45.7949489,41.8700362],[45.7993353,41.8674239],[45.8019218,41.8640945],[45.807853,41.8628167],[45.8082354,41.861497],[45.8069694,41.8591778],[45.8113816,41.856381],[45.8127653,41.8513387],[45.8143777,41.8488729],[45.8235723,41.8446051],[45.8267909,41.8445771],[45.8307713,41.8433662],[45.8323485,41.8420954],[45.8318603,41.8393617],[45.8346069,41.8388941],[45.8369592,41.8374174],[45.8402798,41.8372815],[45.8430156,41.8334485],[45.8464086,41.8327171],[45.8504265,41.8343938],[45.8554798,41.8329449],[45.8569846,41.8344957],[45.8588353,41.8348954],[45.8640709,41.832873],[45.8691028,41.8298052],[45.8725816,41.8295314],[45.8779514,41.8316419],[45.880309,41.8290117],[45.8833775,41.8276867],[45.8868509,41.8276707],[45.8910459,41.8303248],[45.8969602,41.8261617],[45.9007958,41.8253202],[45.9011579,41.823969],[45.8967376,41.8204511],[45.8962896,41.8183802],[45.897797,41.8158375],[45.9037703,41.8155217],[45.9062648,41.8136385],[45.9047332,41.8117814],[45.8987814,41.8096482],[45.8977461,41.8077729],[45.8994171,41.8061975],[45.903317,41.8052318],[45.9054548,41.8031184],[45.9068146,41.8035283],[45.9087653,41.8056681],[45.9105939,41.8040502],[45.9118995,41.80483],[45.9186262,41.8053106],[45.9219006,41.8090502],[45.9243346,41.8087031],[45.9252145,41.8076952],[45.9386876,41.8134651],[45.9394169,41.8147728],[45.9410684,41.8152865],[45.9413426,41.8173489],[45.9530923,41.8196994],[45.9606532,41.8243958],[45.9605578,41.8253282],[45.963143,41.827646],[45.9663111,41.8281427],[45.9727069,41.8340632],[45.9784928,41.834278],[45.9883361,41.8398445],[45.9881152,41.8416095],[45.9900113,41.8417641],[45.9909187,41.8437838],[45.9940047,41.8430146],[46.01401,41.8543086],[46.0224948,41.8523853],[46.0231452,41.8504267],[46.02498,41.8514815],[46.0260598,41.8504831],[46.0284084,41.8519123],[46.0288779,41.8530456],[46.0300761,41.8529025],[46.0559892,41.8455213],[46.0572491,41.8476606],[46.0604032,41.8468647],[46.0736158,41.8463289],[46.0732214,41.8477904],[46.0740594,41.8503314],[46.0759456,41.852722],[46.082615,41.8557249],[46.0862068,41.8594445],[46.0840201,41.8646406],[46.0854927,41.8662518],[46.082641,41.8686805],[46.0819603,41.8726038],[46.0781694,41.8757558],[46.0784736,41.8822133],[46.079811,41.8858778],[46.0832559,41.8915333],[46.0891164,41.8955441],[46.0891518,41.8970069],[46.0909402,41.8983952],[46.0912238,41.903575],[46.0920889,41.9047219],[46.096712,41.9065891],[46.1063074,41.9067693],[46.1055769,41.9089291],[46.107701,41.912702],[46.1079465,41.9195112],[46.1095344,41.9247883],[46.116948,41.9320298],[46.1182743,41.9352593],[46.1203676,41.9356363],[46.1162573,41.9435893],[46.1162494,41.9501018],[46.1151321,41.9532637],[46.111685,41.9552916],[46.1088973,41.9586261],[46.1047356,41.9594585],[46.1031152,41.9612704],[46.100528,41.9624933],[46.0989115,41.9652312],[46.0973647,41.9661907],[46.0958221,41.9723563],[46.0965728,41.974018],[46.0990265,41.975942],[46.1010295,41.9796122],[46.1061976,41.9833647],[46.1068907,41.9854255],[46.1080037,41.9861991],[46.10629,41.986029],[46.104212,41.990409],[46.094678,41.994918],[46.0934792,41.9988023],[46.0906604,42.0024113],[46.088089,42.0047094],[46.085935,42.005384],[46.083864,42.01028],[46.085661,42.016387],[46.083641,42.01979],[46.085071,42.022416],[46.083204,42.02576],[46.083631,42.028223],[46.082966,42.029893],[46.079625,42.032506],[46.079284,42.035091],[46.075285,42.039789],[46.072682,42.040617],[46.066358,42.035169],[46.065327,42.033342],[46.063082,42.032503],[46.060634,42.028739],[46.058457,42.027383],[46.051826,42.026526],[46.049137,42.022076],[46.047197,42.021061],[46.04382,42.021608],[46.040485,42.019917],[46.038718,42.020105],[46.033939,42.024279],[46.02901,42.023922],[46.023431,42.026266],[46.023626,42.033607],[46.02228,42.040847],[46.02083,42.041663],[46.0176,42.041807],[46.006904,42.036968],[46.004748,42.036872],[46.001599,42.037301],[46.000073,42.038117],[45.998346,42.040828],[45.992362,42.042028],[45.987334,42.045341],[45.985626,42.0452613],[45.983878,42.043363],[45.974485,42.038051],[45.972653,42.033993],[45.968784,42.032534],[45.964935,42.027346],[45.957576,42.024081],[45.954341,42.023821],[45.943813,42.029874],[45.943824,42.035783],[45.940289,42.036099],[45.927909,42.031495],[45.927299,42.031844],[45.931758,42.036856],[45.934246,42.043835],[45.930244,42.054394],[45.92728,42.057],[45.913961,42.062212],[45.911838,42.064523],[45.913133,42.068916],[45.912556,42.071617],[45.916058,42.074228],[45.9212725,42.0808363],[45.9173406,42.0835073],[45.9175617,42.084966],[45.9137065,42.0886857],[45.9134084,42.0953854],[45.905796,42.097119],[45.9031749,42.0989707],[45.8979368,42.1061086],[45.89222,42.106691],[45.887741,42.105865],[45.884473,42.103538],[45.883006,42.10332],[45.8786487,42.1041131],[45.870299,42.109211],[45.857015,42.112466],[45.853981,42.115988],[45.852481,42.113303],[45.850378,42.111655],[45.841721,42.109295],[45.837006,42.110808],[45.834104,42.11083],[45.825494,42.10657],[45.822892,42.106133],[45.820457,42.106833],[45.8035469,42.1168081],[45.798522,42.111651],[45.793294,42.108958],[45.791241,42.103512],[45.788164,42.101714],[45.78603,42.102069],[45.778693,42.107849],[45.769484,42.116897],[45.770036,42.124628],[45.769147,42.126909],[45.754016,42.126554],[45.748371,42.127274],[45.745207,42.131048],[45.738947,42.131543],[45.738998,42.135865],[45.740253,42.138644],[45.742429,42.141815],[45.7472,42.144627],[45.747842,42.147239],[45.737812,42.152195],[45.727885,42.152941],[45.725601,42.153752],[45.721228,42.159011],[45.720782,42.160152],[45.721881,42.162647],[45.7196615,42.1653046],[45.7156867,42.1657648],[45.706667,42.169339],[45.7029122,42.1732067],[45.6994808,42.1725562],[45.7006078,42.1687994],[45.7002146,42.1676415],[45.6944026,42.1631222],[45.6942476,42.1615432],[45.6962824,42.1570334],[45.6943066,42.1517936],[45.6862809,42.1443766],[45.6799213,42.141226],[45.6767554,42.1357026],[45.6719381,42.1328108],[45.6662663,42.1238141],[45.6646444,42.1184824],[45.6611002,42.1147246],[45.6550519,42.1106372],[45.65309,42.1101164],[45.6499253,42.1046651],[45.6476175,42.1034503],[45.6465375,42.1018821],[45.6465798,42.0980109],[45.6446995,42.0915154],[45.6414605,42.0892992],[45.6387328,42.0860601],[45.6372042,42.0856373],[45.6384737,42.0802008],[45.6383735,42.0769341],[45.6371108,42.0739396],[45.6376779,42.0723534],[45.6435461,42.0663748],[45.6448471,42.0634381],[45.6470195,42.0610262],[45.6439199,42.0570779],[45.6408452,42.0558429],[45.6380901,42.0532897],[45.6293885,42.0537423],[45.6238505,42.0503553],[45.613005,42.0495919],[45.6070365,42.0478394],[45.605708,42.0486295],[45.6042885,42.0470329],[45.6038139,42.0442805],[45.5933097,42.0339864],[45.5899852,42.0330681],[45.5856559,42.0348867],[45.5822548,42.0334349],[45.5783827,42.0330733],[45.5751907,42.0308446],[45.5660822,42.0336006],[45.5651455,42.0313498],[45.560269,42.0278765],[45.5491781,42.0136248],[45.548985,42.0105319]]]}},{"type":"Feature","properties":{"sourceName":"Gurjaani Municipality","sourceId":"osm-relation-2027330","code":"13","nameKa":"გურჯაანი","nameEn":"Gurjaani","source":"OpenStreetMap"},"geometry":{"type":"Polygon","coordinates":[[[45.510697,41.8135547],[45.5172655,41.8100366],[45.5166746,41.8070383],[45.5190732,41.8045173],[45.523373,41.8020696],[45.5284522,41.8003726],[45.5324257,41.8005548],[45.5381345,41.7994565],[45.5348709,41.7948154],[45.5308234,41.7914834],[45.5281884,41.7831375],[45.5234704,41.7767282],[45.5303475,41.7690918],[45.5384293,41.7652],[45.5438441,41.759448],[45.5459841,41.759206],[45.5485493,41.7576996],[45.549545,41.7549081],[45.5527399,41.7522275],[45.5527968,41.7508532],[45.5487245,41.7487327],[45.5515923,41.7442704],[45.563338,41.7401693],[45.564532,41.7385202],[45.5551622,41.7298978],[45.5621454,41.7240954],[45.5625094,41.7227349],[45.5614911,41.7213438],[45.5637655,41.7160797],[45.5659949,41.7142339],[45.5656428,41.7121138],[45.5634169,41.7097718],[45.564306,41.7070694],[45.5670719,41.701932],[45.570913,41.6974961],[45.5794708,41.6974331],[45.5805767,41.6966991],[45.5811015,41.6942444],[45.5839413,41.6928947],[45.5900048,41.6929521],[45.5967589,41.6919432],[45.6050144,41.6948949],[45.6144251,41.6955934],[45.6216571,41.6947879],[45.6242661,41.6929513],[45.622185,41.6853161],[45.6257854,41.6845022],[45.6261321,41.680943],[45.6316546,41.6806061],[45.6342472,41.6812401],[45.6362863,41.6795727],[45.6391728,41.6794275],[45.6397163,41.6775867],[45.6373277,41.6771836],[45.6358571,41.6754915],[45.6358034,41.6726329],[45.6349981,41.6714891],[45.6351571,41.6675302],[45.63452,41.6668611],[45.633163,41.6673071],[45.6357448,41.6547231],[45.6343818,41.6544389],[45.633971,41.652444],[45.6312724,41.6520558],[45.6330896,41.6489237],[45.6292584,41.645979],[45.6295556,41.6414074],[45.6159631,41.6416935],[45.6215781,41.6233456],[45.5940617,41.6021146],[45.592385,41.6017083],[45.589279,41.5985789],[45.5919307,41.5973503],[45.5890986,41.5911618],[45.5869678,41.5888934],[45.5869478,41.5875671],[45.5877095,41.5866563],[45.5906787,41.5860524],[45.5917919,41.5824632],[45.5928701,41.5815865],[45.5948228,41.5808923],[45.5969363,41.5813517],[45.5964804,41.5800777],[45.5986288,41.580483],[45.5997097,41.5792029],[45.6050366,41.5773109],[45.6067264,41.5776239],[45.6078047,41.579241],[45.6090063,41.5795139],[45.609929,41.5786552],[45.6095856,41.5778967],[45.6136411,41.5769176],[45.6137538,41.5761712],[45.6115168,41.5740964],[45.6125146,41.5709421],[45.6116509,41.5695053],[45.6129813,41.5687488],[45.6154355,41.5701494],[45.6160229,41.5693769],[45.6168705,41.57154],[45.61863,41.5715802],[45.6202769,41.569718],[45.6216314,41.5701695],[45.6233561,41.5687829],[45.6232408,41.5678277],[45.6202769,41.5661741],[45.621897,41.5657366],[45.6217253,41.5646128],[45.6240857,41.5662624],[45.6263012,41.5654356],[45.6269985,41.5639344],[45.6305391,41.5633404],[45.6315905,41.5614659],[45.6299436,41.5606913],[45.631274,41.5599487],[45.63048,41.5566591],[45.6333607,41.5568117],[45.6317943,41.5550715],[45.6326017,41.5515489],[45.638634,41.5480702],[45.6373224,41.5461431],[45.6415577,41.5464141],[45.646736,41.5451513],[45.6512077,41.5429996],[45.6544357,41.544564],[45.6589386,41.543298],[45.6600004,41.5440955],[45.6655658,41.54432],[45.6663695,41.5453333],[45.6634946,41.5474654],[45.6626187,41.5526868],[45.6548856,41.5559448],[45.6526713,41.5552464],[45.647251,41.5569926],[45.6469811,41.557821],[45.6410883,41.5578658],[45.6419907,41.5609792],[45.6449044,41.5633691],[45.6454836,41.5631005],[45.645165,41.5638344],[45.6462955,41.5634409],[45.6466719,41.5643567],[45.6476497,41.5641251],[45.6484391,41.5656664],[45.6518549,41.5645632],[45.6530214,41.5629591],[45.6552072,41.5619677],[45.6717987,41.5579706],[45.6719138,41.5561134],[45.6788563,41.5560778],[45.6796326,41.5571185],[45.683119,41.5584405],[45.6904543,41.5559242],[45.6932376,41.5563117],[45.6978192,41.554484],[45.7007643,41.5570313],[45.7008013,41.558941],[45.7024586,41.5613373],[45.7073574,41.5614646],[45.7087337,41.5625363],[45.7092426,41.5642057],[45.7100822,41.5647702],[45.7113185,41.5641934],[45.71328,41.5652095],[45.7133975,41.5662722],[45.7166235,41.5683731],[45.7358138,41.5761221],[45.7677939,41.5938633],[45.781755,41.6036911],[45.7782119,41.6039788],[45.7813647,41.608525],[45.7868322,41.6073909],[45.7906899,41.6106219],[45.7926921,41.6145086],[45.8020797,41.6130181],[45.8120454,41.6096073],[45.8239269,41.6080297],[45.8276231,41.6193436],[45.8299665,41.6155169],[45.8314438,41.6154427],[45.8348258,41.6175223],[45.8329459,41.6201882],[45.8329693,41.6217554],[45.8429618,41.6210465],[45.8453033,41.6237686],[45.8484682,41.624795],[45.850511,41.6267217],[45.8557365,41.6276658],[45.857149,41.6298671],[45.8610067,41.6308443],[45.8607694,41.6321489],[45.8596429,41.6327375],[45.8643775,41.6332804],[45.8704715,41.6366002],[45.8760076,41.6369049],[45.8814793,41.63915],[45.8861785,41.637851],[45.8913069,41.6385406],[45.8945256,41.6407215],[45.8946349,41.6415497],[45.8905676,41.6426463],[45.8888277,41.6444577],[45.8910538,41.6479713],[45.8901216,41.6506411],[45.89232,41.6523185],[45.8922436,41.653164],[45.8971703,41.6544392],[45.8992657,41.6564878],[45.9023306,41.6571246],[45.9079367,41.6622716],[45.9097915,41.6623015],[45.9202634,41.6734871],[45.925403,41.676096],[45.9264566,41.6751321],[45.9308209,41.6774875],[45.9280922,41.6797494],[45.9289809,41.6802124],[45.9296732,41.6794908],[45.9319702,41.6807196],[45.9310927,41.681715],[45.9344817,41.6834996],[45.942001,41.6894801],[45.9407426,41.6914944],[45.9461734,41.6950129],[45.9468979,41.6947505],[45.9655643,41.7129541],[45.9665066,41.7118647],[45.9677959,41.7123375],[45.9695774,41.7103337],[45.9719872,41.7132054],[45.977406,41.7130313],[45.9768171,41.7142179],[45.9722466,41.7149547],[45.9718174,41.7183823],[45.9698809,41.721101],[45.97031,41.721988],[45.9741134,41.7222262],[45.976345,41.7236836],[45.9766454,41.7248847],[45.9754384,41.7265022],[45.9630627,41.7237797],[45.9610457,41.7259577],[45.9577921,41.7256835],[45.9559602,41.7268485],[45.9561742,41.7280472],[45.9594149,41.7293847],[45.9644038,41.7290404],[45.9661494,41.7307036],[45.9663129,41.7346147],[45.964908,41.7359981],[45.9633416,41.7357899],[45.9595115,41.7318589],[45.9551845,41.7334538],[45.956226,41.7356591],[45.959063,41.7375689],[45.9611959,41.7375673],[45.9634028,41.7401829],[45.963171,41.7432872],[45.9603172,41.7452092],[45.9587647,41.7448834],[45.9585426,41.7438588],[45.9603129,41.7406952],[45.9597979,41.7397986],[45.9570112,41.7399197],[45.953889,41.7428505],[45.9499742,41.7448356],[45.9516228,41.7472435],[45.9508577,41.7482995],[45.9444631,41.7489142],[45.9428066,41.747926],[45.94315,41.7437795],[45.9405331,41.7404963],[45.9369819,41.7396544],[45.9350826,41.7408921],[45.9353164,41.7424366],[45.9386768,41.7466275],[45.9366836,41.7484509],[45.9344596,41.7474938],[45.9305845,41.7427595],[45.9250617,41.7416186],[45.9244823,41.7398814],[45.9222206,41.7397908],[45.9233612,41.7435959],[45.9184269,41.7452737],[45.918442,41.7508562],[45.9160924,41.7510563],[45.9137857,41.7493834],[45.9118438,41.7498556],[45.9124446,41.7526971],[45.9111249,41.7552743],[45.9113073,41.7570271],[45.9160173,41.7594081],[45.9205341,41.7642778],[45.9212369,41.7662224],[45.9182767,41.7680872],[45.9111786,41.7686391],[45.9073806,41.7708476],[45.9073377,41.7722959],[45.911833,41.7717838],[45.9135282,41.7701594],[45.9150731,41.7707516],[45.9154648,41.772924],[45.9128362,41.7762305],[45.9214139,41.7793549],[45.9245977,41.7841171],[45.922814,41.787213],[45.9248525,41.7903228],[45.9211242,41.7920407],[45.9222776,41.796552],[45.9199387,41.7971919],[45.9181228,41.7991774],[45.9154916,41.7995194],[45.9094499,41.8055537],[45.9082711,41.8055177],[45.9068146,41.8035283],[45.9054548,41.8031184],[45.903317,41.8052318],[45.8999267,41.8059715],[45.897824,41.8074233],[45.8987814,41.8096482],[45.9047332,41.8117814],[45.9062648,41.8136385],[45.9037703,41.8155217],[45.897797,41.8158375],[45.8962896,41.8183802],[45.8967376,41.8204511],[45.9011579,41.823969],[45.9007958,41.8253202],[45.8969602,41.8261617],[45.8910459,41.8303248],[45.8868509,41.8276707],[45.8833775,41.8276867],[45.880309,41.8290117],[45.8779514,41.8316419],[45.8725816,41.8295314],[45.8691028,41.8298052],[45.8640709,41.832873],[45.8588353,41.8348954],[45.8569846,41.8344957],[45.8554798,41.8329449],[45.8504265,41.8343938],[45.8464086,41.8327171],[45.8435252,41.8331847],[45.8402798,41.8372815],[45.8369592,41.8374174],[45.8346069,41.8388941],[45.8318603,41.8393617],[45.8323485,41.8420954],[45.8307713,41.8433662],[45.8267909,41.8445771],[45.8235723,41.8446051],[45.8143777,41.8488729],[45.8127653,41.8513387],[45.8113816,41.856381],[45.8069694,41.8591778],[45.8082354,41.861497],[45.807853,41.8628167],[45.8019218,41.8640945],[45.7993353,41.8674239],[45.7949489,41.8700362],[45.7930256,41.8704464],[45.7885561,41.8695447],[45.7888377,41.8724849],[45.7804048,41.8781728],[45.7782483,41.878069],[45.77658,41.8753329],[45.7756412,41.8750134],[45.7725996,41.8767189],[45.7672834,41.8776935],[45.7662964,41.8795708],[45.7679379,41.8808489],[45.7685602,41.8828299],[45.767262,41.8848747],[45.762434,41.8875025],[45.7594943,41.8875744],[45.7557714,41.8917755],[45.7522738,41.89146],[45.7508951,41.8920391],[45.7503855,41.8941874],[45.7466626,41.893285],[45.7445168,41.8935765],[45.7423228,41.8960801],[45.741148,41.8963636],[45.7366848,41.8937761],[45.7324094,41.8953334],[45.7316047,41.8964315],[45.733155,41.8980367],[45.7330477,41.8990908],[45.7278979,41.8997057],[45.7263181,41.904515],[45.7244968,41.9071399],[45.7210128,41.9082738],[45.7167274,41.9074076],[45.713697,41.9041259],[45.7138964,41.9028913],[45.7097438,41.9013453],[45.7026068,41.8956371],[45.6953756,41.8938482],[45.6918136,41.891628],[45.689582,41.8915801],[45.6845823,41.8886569],[45.6808916,41.8878262],[45.6739179,41.884184],[45.6704203,41.8811806],[45.6653777,41.8789439],[45.6622171,41.8746271],[45.6579399,41.8718362],[45.6514025,41.8698443],[45.6471395,41.8706752],[45.6430688,41.8693485],[45.6389284,41.8662117],[45.6366396,41.8655725],[45.6365681,41.86325],[45.6335068,41.861897],[45.6323337,41.859095],[45.6310892,41.8591163],[45.6308603,41.8581148],[45.6269836,41.8569961],[45.6238937,41.8571239],[45.6167984,41.8533201],[45.6071281,41.8503579],[45.5913858,41.8491432],[45.5882952,41.8452935],[45.587877,41.8416931],[45.5887174,41.8379001],[45.5873338,41.8361644],[45.5829888,41.834209],[45.5831814,41.8324324],[45.5814395,41.8290025],[45.5713412,41.8256847],[45.5655416,41.822409],[45.5622379,41.8178972],[45.5600278,41.8171651],[45.5591121,41.8193845],[45.5571746,41.8206089],[45.5539696,41.8209361],[45.5467675,41.8243158],[45.5336221,41.8258831],[45.5295022,41.8241454],[45.5265268,41.8241486],[45.5246282,41.8233116],[45.5196257,41.8200088],[45.5189295,41.8184462],[45.5160198,41.8162858],[45.5135861,41.8160362],[45.510697,41.8135547]]]}},{"type":"Feature","properties":{"sourceName":"Lagodekhi Municipality","sourceId":"osm-relation-2027332","code":"16","nameKa":"ლაგოდეხი","nameEn":"Lagodekhi","source":"OpenStreetMap"},"geometry":{"type":"Polygon","coordinates":[[[45.9072304,41.7716878],[45.9084105,41.7699194],[45.9111786,41.7686391],[45.9182767,41.7680872],[45.9212369,41.7662224],[45.9205341,41.7642778],[45.917357,41.7606782],[45.9116786,41.7575869],[45.9109962,41.7559787],[45.9124446,41.7526971],[45.9118438,41.7498556],[45.9137857,41.7493834],[45.9160924,41.7510563],[45.918442,41.7508562],[45.9184269,41.7452737],[45.9233612,41.7435959],[45.9219235,41.7399295],[45.9239352,41.7396413],[45.9250617,41.7416186],[45.9305845,41.7427595],[45.9344596,41.7474938],[45.9366836,41.7484509],[45.9386768,41.7466275],[45.9353164,41.7424366],[45.9350826,41.7408921],[45.9369819,41.7396544],[45.9405331,41.7404963],[45.94315,41.7437795],[45.9428066,41.747926],[45.9444631,41.7489142],[45.9508577,41.7482995],[45.9516228,41.7472435],[45.9499742,41.7448356],[45.953889,41.7428505],[45.9570112,41.7399197],[45.958895,41.739574],[45.9603129,41.7406952],[45.9585426,41.7438588],[45.9587647,41.7448834],[45.9603172,41.7452092],[45.9623728,41.7440254],[45.963708,41.742293],[45.9628771,41.7389901],[45.9611959,41.7375673],[45.9580491,41.7370445],[45.9554367,41.7348388],[45.9551845,41.7334538],[45.9595115,41.7318589],[45.9633416,41.7357899],[45.964908,41.7359981],[45.9663129,41.7346147],[45.9661494,41.7307036],[45.9644038,41.7290404],[45.9594149,41.7293847],[45.9561742,41.7280472],[45.9559602,41.7268485],[45.9577921,41.7256835],[45.9610457,41.7259577],[45.9630627,41.7237797],[45.9741778,41.7265823],[45.9758965,41.7261675],[45.9766454,41.7248847],[45.976345,41.7236836],[45.9741134,41.7222262],[45.97031,41.721988],[45.9701599,41.720056],[45.9718174,41.7183823],[45.9722466,41.7149547],[45.9773106,41.7136092],[45.9767527,41.709925],[45.978818,41.7075422],[45.9797192,41.7043483],[45.9847274,41.7003764],[45.9864537,41.7001762],[45.9908976,41.7014955],[45.9921699,41.7005919],[45.9928152,41.697214],[45.995096,41.6972016],[45.997396,41.6995601],[46.0003483,41.6970648],[46.013529,41.6962965],[46.0148121,41.6955575],[46.0154304,41.6939453],[46.0193183,41.6964239],[46.0227451,41.6964447],[46.0235647,41.6947007],[46.0202441,41.6915658],[46.0204695,41.6898481],[46.0228513,41.6884132],[46.0305149,41.6872787],[46.031547,41.6844704],[46.0331713,41.6830305],[46.0407373,41.6805706],[46.0431781,41.6810562],[46.0438487,41.6820145],[46.0437548,41.6870359],[46.0465695,41.6889901],[46.0493622,41.6886448],[46.0514071,41.6872306],[46.0514812,41.6855825],[46.0500575,41.6827661],[46.0511411,41.6808807],[46.0540379,41.6807204],[46.0584356,41.6834159],[46.061136,41.683492],[46.0614075,41.6821571],[46.060517,41.6813294],[46.0529714,41.6784223],[46.0506443,41.6763981],[46.0504029,41.6748539],[46.0524049,41.6694965],[46.0552448,41.6700222],[46.0595192,41.6748386],[46.0613717,41.6758523],[46.0746694,41.6748498],[46.0759847,41.6755919],[46.0762444,41.6767819],[46.0753093,41.6800669],[46.0783934,41.6809263],[46.0807001,41.6794872],[46.0788445,41.6773348],[46.0790167,41.6759505],[46.082806,41.675947],[46.085085,41.6744],[46.0844476,41.670574],[46.081178,41.664469],[46.0812521,41.6634277],[46.0831414,41.6617313],[46.0882128,41.6623728],[46.0947928,41.6596708],[46.098784,41.6591795],[46.1023105,41.6610527],[46.103971,41.664387],[46.1053736,41.6650747],[46.1071331,41.6639438],[46.1073745,41.6616851],[46.1094452,41.6608691],[46.1114815,41.6617084],[46.1141273,41.665025],[46.1168417,41.6652446],[46.1187782,41.6625115],[46.1175079,41.6606599],[46.1180583,41.6594809],[46.1198994,41.6585494],[46.125767,41.6587595],[46.121867,41.6556806],[46.1214454,41.6540653],[46.123672,41.648432],[46.1271113,41.6477466],[46.1301454,41.6500041],[46.1318534,41.6488264],[46.1323856,41.6450119],[46.1315842,41.6426836],[46.1246437,41.6404137],[46.1243218,41.6388422],[46.1252155,41.6377734],[46.1267058,41.6371944],[46.1307773,41.6375994],[46.134906,41.639477],[46.1391126,41.6428872],[46.1445757,41.6438197],[46.1499315,41.6473273],[46.1518166,41.6465384],[46.1514175,41.6443625],[46.1431359,41.6402437],[46.136371,41.634755],[46.135639,41.63215],[46.1382886,41.6291186],[46.1430962,41.6295525],[46.1478653,41.634835],[46.1494902,41.6353915],[46.1548364,41.6348414],[46.1586628,41.6355599],[46.1608005,41.6317754],[46.1644977,41.6301751],[46.1658399,41.6307297],[46.167876,41.635325],[46.1699034,41.6362843],[46.171635,41.6352327],[46.1730829,41.6327429],[46.1784886,41.6328218],[46.1834078,41.6350671],[46.1856759,41.6349873],[46.187275,41.6332156],[46.1852328,41.6298989],[46.1849511,41.6278443],[46.1865755,41.626752],[46.1893274,41.626969],[46.1921293,41.6304298],[46.1912254,41.6339874],[46.1917328,41.6348205],[46.1945754,41.6347981],[46.196711,41.6325935],[46.1986125,41.6333532],[46.1985908,41.6352398],[46.2022297,41.6377296],[46.1991405,41.6401512],[46.200659,41.6405403],[46.2005648,41.6422987],[46.1938431,41.6430829],[46.1942679,41.6460332],[46.1967417,41.6465374],[46.1950425,41.6487407],[46.2019391,41.6508505],[46.2071365,41.6509252],[46.2077112,41.6532963],[46.2043879,41.6577583],[46.2086682,41.6611626],[46.2066435,41.6651117],[46.2038663,41.6640339],[46.1990215,41.6678936],[46.1986045,41.6720792],[46.1951734,41.6737544],[46.1902296,41.6786408],[46.190569,41.680177],[46.1888598,41.6815385],[46.1865371,41.6878197],[46.1889928,41.6903847],[46.18765,41.6933929],[46.1884981,41.6963746],[46.1837275,41.6984327],[46.1819253,41.700992],[46.1846109,41.7024959],[46.1835559,41.7043629],[46.1841534,41.7092072],[46.1805118,41.708722],[46.1781441,41.7135759],[46.1795577,41.7143673],[46.1802291,41.7214364],[46.1820666,41.7219639],[46.1806531,41.7265003],[46.1812843,41.7342903],[46.1824809,41.7355755],[46.183251,41.7399636],[46.1889596,41.7434862],[46.1887279,41.7453321],[46.1959327,41.7477868],[46.1986035,41.7499712],[46.1997711,41.7568444],[46.2016952,41.7606655],[46.2013703,41.7635918],[46.2022438,41.7649603],[46.2013466,41.7682192],[46.2017664,41.7698223],[46.2046163,41.7727968],[46.2164071,41.7633536],[46.2419184,41.7562534],[46.2527208,41.7700508],[46.2682436,41.7709994],[46.3044494,41.7756693],[46.3029235,41.7860402],[46.3047521,41.7883368],[46.3085128,41.7887319],[46.3111991,41.7924182],[46.3154417,41.7924582],[46.3251115,41.7968015],[46.3334132,41.8042588],[46.3379687,41.80965],[46.3546998,41.8201075],[46.3606578,41.8247329],[46.3745816,41.8278088],[46.3803301,41.8343973],[46.3820216,41.8344868],[46.3859989,41.8366709],[46.3864275,41.8377821],[46.3926334,41.8400173],[46.4000165,41.8452876],[46.4007879,41.8465009],[46.4002736,41.8472458],[46.4026222,41.8497445],[46.4020794,41.8514642],[46.4038166,41.8536946],[46.4028645,41.85434],[46.4023822,41.8568698],[46.4035148,41.8578413],[46.4043423,41.8611472],[46.4065424,41.8615387],[46.4092682,41.8648327],[46.4115425,41.866186],[46.4119879,41.8678336],[46.4143162,41.8690864],[46.4158989,41.8714019],[46.4165504,41.8737719],[46.4165343,41.8763695],[46.4141854,41.8799598],[46.4144992,41.8822224],[46.4115911,41.8829316],[46.411037,41.8836349],[46.4114558,41.8853071],[46.4091361,41.8865169],[46.4087188,41.8891252],[46.4100616,41.8922334],[46.413719,41.8953085],[46.4135286,41.8962137],[46.4186913,41.8996421],[46.4186524,41.9014813],[46.4200285,41.9023317],[46.4220692,41.9080428],[46.4263886,41.9130046],[46.4213781,41.9161773],[46.4213339,41.9210884],[46.4150217,41.92033],[46.4083542,41.9184276],[46.4044114,41.9206884],[46.4039578,41.9219067],[46.4051874,41.924502],[46.4020124,41.9276114],[46.3995135,41.9401964],[46.3918706,41.9378789],[46.3807013,41.9378984],[46.3682822,41.934063],[46.3589068,41.9330452],[46.355903,41.9343008],[46.357029,41.937123],[46.3563121,41.9394241],[46.344239,41.942724],[46.338853,41.946056],[46.330727,41.943283],[46.330749,41.936972],[46.3242017,41.934772],[46.32381,41.932061],[46.3200475,41.9292699],[46.3170799,41.9309465],[46.315539,41.933361],[46.31145,41.936276],[46.308611,41.936423],[46.296274,41.941841],[46.282439,41.945439],[46.281459,41.946425],[46.284083,41.950784],[46.278804,41.959677],[46.278757,41.961169],[46.275469,41.965852],[46.272255,41.966577],[46.2661508,41.9723863],[46.2660484,41.9745586],[46.2702978,41.9829711],[46.2601815,41.9825096],[46.2436894,41.9789345],[46.2452725,41.9810145],[46.249774,41.994259],[46.258221,41.997551],[46.2562329,42.002251],[46.2508587,42.0048426],[46.2430056,42.0072367],[46.2386682,42.0104342],[46.2369535,42.016045],[46.2294821,42.0149249],[46.221575,42.0155484],[46.220824,42.0136895],[46.2188392,42.012454],[46.2185044,42.0092015],[46.2161977,42.0085319],[46.2130585,42.0093354],[46.2015701,42.0070331],[46.200553,42.0059409],[46.196976,42.0048598],[46.192578,41.999335],[46.191339,41.998831],[46.178806,41.999018],[46.1738446,41.997689],[46.168862,41.993555],[46.161577,41.990417],[46.159265,41.990153],[46.153448,41.991646],[46.150739,41.994943],[46.151249,41.997634],[46.1500783,42.0047783],[46.150327,42.0078973],[46.147179,42.010812],[46.141973,42.007881],[46.133048,42.00774],[46.1248782,42.0041933],[46.1242227,42.0033076],[46.1246776,42.0027559],[46.121133,41.999366],[46.117199,41.998716],[46.113771,41.996168],[46.115234,41.991852],[46.111789,41.988328],[46.1068907,41.9854255],[46.1061976,41.9833647],[46.1010295,41.9796122],[46.0990265,41.975942],[46.0965728,41.974018],[46.0958221,41.9723563],[46.0973647,41.9661907],[46.0989115,41.9652312],[46.100528,41.9624933],[46.1031152,41.9612704],[46.1047356,41.9594585],[46.1088973,41.9586261],[46.111685,41.9552916],[46.1151321,41.9532637],[46.1162494,41.9501018],[46.1162573,41.9435893],[46.1203676,41.9356363],[46.1182743,41.9352593],[46.116948,41.9320298],[46.1095344,41.9247883],[46.1079465,41.9195112],[46.107701,41.912702],[46.1055769,41.9089291],[46.1063074,41.9067693],[46.096712,41.9065891],[46.0920889,41.9047219],[46.0912238,41.903575],[46.0909402,41.8983952],[46.0891518,41.8970069],[46.0891164,41.8955441],[46.0832559,41.8915333],[46.079811,41.8858778],[46.0784736,41.8822133],[46.0781694,41.8757558],[46.0819603,41.8726038],[46.082641,41.8686805],[46.0854927,41.8662518],[46.0840201,41.8646406],[46.0862068,41.8594445],[46.0843325,41.8569192],[46.0759456,41.852722],[46.0740594,41.8503314],[46.0732739,41.8462273],[46.0604032,41.8468647],[46.0572491,41.8476606],[46.0559892,41.8455213],[46.0300761,41.8529025],[46.0288779,41.8530456],[46.0284084,41.8519123],[46.0260598,41.8504831],[46.02498,41.8514815],[46.0231452,41.8504267],[46.0224948,41.8523853],[46.01401,41.8543086],[45.9940047,41.8430146],[45.9909187,41.8437838],[45.9900113,41.8417641],[45.9881152,41.8416095],[45.9883361,41.8398445],[45.9784928,41.834278],[45.9727069,41.8340632],[45.9663111,41.8281427],[45.963143,41.827646],[45.9605578,41.8253282],[45.9606532,41.8243958],[45.9530923,41.8196994],[45.9413426,41.8173489],[45.9410684,41.8152865],[45.9394169,41.8147728],[45.9386876,41.8134651],[45.9252145,41.8076952],[45.9243346,41.8087031],[45.9219006,41.8090502],[45.9186262,41.8053106],[45.9111002,41.8045417],[45.9105939,41.8040502],[45.9116721,41.8027525],[45.9154916,41.7995194],[45.9181228,41.7991774],[45.9199387,41.7971919],[45.9222776,41.796552],[45.9210169,41.7923446],[45.9247962,41.7904768],[45.922806,41.786955],[45.9246567,41.7844351],[45.9211242,41.7790608],[45.9158885,41.7778227],[45.9128362,41.7762305],[45.9154648,41.772924],[45.9147835,41.7705035],[45.9128952,41.7703275],[45.911833,41.7717838],[45.9087968,41.7725999],[45.9075522,41.7725279],[45.9072304,41.7716878]]]}},{"type":"Feature","properties":{"sourceName":"Signagi Municipality","sourceId":"osm-relation-2027333","code":"18","nameKa":"სიღნაღი","nameEn":"Sighnagi","source":"OpenStreetMap"},"geometry":{"type":"Polygon","coordinates":[[[45.5504599,41.4112396],[45.555597,41.409356],[45.558569,41.409342],[45.564103,41.407136],[45.569614,41.402399],[45.580952,41.389057],[45.576732,41.375977],[45.601101,41.373733],[45.607067,41.376528],[45.617231,41.376709],[45.621545,41.378217],[45.628511,41.379121],[45.6461082,41.3789346],[45.652522,41.372393],[45.658368,41.37077],[45.663949,41.366145],[45.667424,41.362003],[45.682905,41.355163],[45.701432,41.355758],[45.703,41.356279],[45.706958,41.360906],[45.708911,41.360894],[45.729363,41.358705],[45.745817,41.35559],[45.760773,41.351429],[45.755942,41.339096],[45.749471,41.340316],[45.741862,41.344487],[45.740528,41.344024],[45.729305,41.332496],[45.700654,41.297772],[45.703121,41.294872],[45.710021,41.290354],[45.712157,41.285807],[45.725651,41.277715],[45.72764,41.274111],[45.735765,41.267876],[45.738024,41.263991],[45.740263,41.261915],[45.741317,41.258493],[45.749476,41.2553368],[45.7633511,41.2654127],[45.785663,41.2735373],[45.7903356,41.2771205],[45.7977484,41.2852598],[45.8001408,41.2867447],[45.8032767,41.2869016],[45.8050868,41.2879928],[45.8075728,41.2876315],[45.8101402,41.2860337],[45.8191896,41.2854171],[45.8188386,41.2874889],[45.8199114,41.288815],[45.8184745,41.2920042],[45.8193515,41.2939222],[45.8177492,41.2945367],[45.8206812,41.2992346],[45.8193272,41.3017256],[45.8220273,41.3016436],[45.8232987,41.3028791],[45.8257753,41.3106667],[45.8336261,41.3079764],[45.8408944,41.3069603],[45.8424292,41.3089341],[45.8422956,41.3122479],[45.8435737,41.3129767],[45.8437612,41.31418],[45.8476404,41.3152652],[45.851,41.3152029],[45.85478,41.3169503],[45.8556837,41.3178125],[45.854423,41.3201916],[45.8585376,41.3205603],[45.8582559,41.3212975],[45.8563891,41.3213318],[45.8562925,41.323046],[45.8579877,41.3231084],[45.8593171,41.3217893],[45.860914,41.3220872],[45.8594502,41.3239801],[45.8606485,41.3264582],[45.8597392,41.3275962],[45.8580651,41.3276814],[45.857356,41.3255971],[45.8553283,41.3262457],[45.8536519,41.3255377],[45.8530954,41.3263283],[45.8547623,41.3285157],[45.8599082,41.3285852],[45.8621317,41.3297534],[45.8618313,41.3307171],[45.8584034,41.3306527],[45.8585094,41.3326869],[45.8547141,41.331692],[45.8512017,41.3332861],[45.848722,41.3354269],[45.8492169,41.3378396],[45.8473554,41.3388143],[45.8455187,41.3383815],[45.8466429,41.3363223],[45.8455798,41.33529],[45.8405372,41.3361077],[45.840013,41.3385981],[45.8372556,41.3395394],[45.8379033,41.3412661],[45.8368506,41.3427291],[45.8381005,41.3445656],[45.8335246,41.343144],[45.8321151,41.3436746],[45.8321996,41.3457496],[45.8276464,41.3448696],[45.8281642,41.3478971],[45.8241758,41.3460356],[45.8209062,41.3463316],[45.8205736,41.3455281],[45.822022,41.3436756],[45.8209705,41.3426345],[45.8197944,41.3439706],[45.8174897,41.3447831],[45.8174086,41.3465903],[45.8136508,41.3468179],[45.8135046,41.3482294],[45.8152333,41.3481418],[45.8162083,41.3499741],[45.81835,41.3510433],[45.8178028,41.3522317],[45.8164,41.35265],[45.8115612,41.352084],[45.8099802,41.3529409],[45.8097048,41.3535795],[45.811151,41.3555181],[45.8096639,41.357724],[45.8103132,41.3625913],[45.8263024,41.3889517],[45.8327827,41.4031328],[45.8367305,41.4089141],[45.8393679,41.408741],[45.8370836,41.4114576],[45.8376132,41.4123989],[45.8362055,41.4235417],[45.8391664,41.4267289],[45.8392765,41.4282588],[45.8367819,41.4304815],[45.8359176,41.4397751],[45.8338747,41.4415718],[45.8381353,41.449681],[45.8440694,41.4541013],[45.844756,41.4573177],[45.8512745,41.4660816],[45.855706,41.4800553],[45.8610344,41.4847122],[45.8869847,41.5131766],[45.8909544,41.5187518],[45.8948168,41.5199085],[45.8958521,41.524684],[45.8941771,41.5255032],[45.8958682,41.5274591],[45.8999851,41.5294299],[45.899765,41.5302607],[45.8984002,41.5302863],[45.8988438,41.5312199],[45.9025788,41.5315894],[45.9043869,41.5338201],[45.9067043,41.5334989],[45.9072551,41.5352442],[45.9080389,41.5350716],[45.9088716,41.5386226],[45.9202496,41.5513878],[45.9203517,41.5540334],[45.9247719,41.5555971],[45.9236715,41.5613338],[45.9221572,41.5625951],[45.9264262,41.5632767],[45.9270859,41.5641875],[45.92642,41.566026],[45.924618,41.5674197],[45.9432056,41.5715133],[45.94668,41.5748948],[45.9566653,41.5767279],[45.9589752,41.5787312],[45.9634461,41.5769475],[45.9647795,41.5750312],[45.9695861,41.5743169],[45.9711095,41.5708656],[45.9756108,41.5700099],[45.9827882,41.5715079],[45.9838494,41.570444],[45.9869527,41.5703169],[45.9903869,41.5663032],[45.9900033,41.5630825],[45.9908447,41.5603981],[45.9934205,41.5584554],[45.9973874,41.559467],[45.9994782,41.5612177],[46.0056941,41.5563274],[46.009446,41.5556319],[46.0084803,41.5524759],[46.0085162,41.5457758],[46.0181075,41.5416798],[46.0171219,41.5373169],[46.0179533,41.5363499],[46.0231599,41.5349878],[46.0278425,41.5314309],[46.0327574,41.5307949],[46.03439,41.5293813],[46.0355963,41.5294993],[46.0357719,41.5323335],[46.0374786,41.5326472],[46.0411228,41.5306881],[46.0407374,41.5289631],[46.0437359,41.5278409],[46.0423162,41.5261657],[46.0453338,41.5225322],[46.055158,41.5183814],[46.0613616,41.5201909],[46.0642025,41.5181703],[46.0689937,41.5190662],[46.0716,41.5175936],[46.0789452,41.5176999],[46.0824452,41.516344],[46.0893689,41.5168914],[46.0924935,41.5163628],[46.0965812,41.5142338],[46.0980736,41.5150266],[46.103225,41.5153906],[46.1079814,41.5137383],[46.1114851,41.5100341],[46.1117173,41.5052177],[46.1166143,41.4996746],[46.1186406,41.4986814],[46.1183732,41.4973449],[46.1199617,41.4942424],[46.1238746,41.4947995],[46.1265937,41.492767],[46.1310512,41.4919346],[46.1343517,41.4893714],[46.1364309,41.4889542],[46.1372255,41.4871236],[46.1401402,41.4864642],[46.140131,41.4858534],[46.1537727,41.4790177],[46.1586976,41.4791445],[46.1598766,41.484026],[46.1608084,41.4843126],[46.1628686,41.4898417],[46.1680203,41.4936972],[46.169339,41.4976676],[46.1706214,41.4985294],[46.1831755,41.4937771],[46.1819202,41.4934047],[46.1876914,41.4909651],[46.1911002,41.4950148],[46.2000375,41.4965406],[46.2035454,41.494785],[46.2073495,41.4942716],[46.2238991,41.4860844],[46.2289354,41.4915175],[46.2523219,41.4817256],[46.2538853,41.4837854],[46.2698486,41.482803],[46.268911,41.475648],[46.2666405,41.4716088],[46.2664988,41.4689378],[46.2710679,41.4639175],[46.2708179,41.4630289],[46.272938,41.4590826],[46.27099,41.4552967],[46.2612697,41.4529344],[46.2577113,41.4500792],[46.257699,41.4481592],[46.262525,41.4436523],[46.2700539,41.4284856],[46.2714324,41.4275146],[46.2776466,41.4247249],[46.2802701,41.424322],[46.2982136,41.4231899],[46.3006144,41.424654],[46.3072598,41.4221068],[46.3135404,41.4180875],[46.3139224,41.4169293],[46.306129,41.4079043],[46.3122284,41.4039332],[46.3440687,41.4221058],[46.3369686,41.4284068],[46.3524374,41.4356999],[46.3542113,41.4371787],[46.3581808,41.4379723],[46.3601402,41.4400193],[46.3582826,41.4417571],[46.3553106,41.4429379],[46.354224,41.4462289],[46.3595218,41.4547815],[46.3587071,41.4578346],[46.3609745,41.4636411],[46.3622272,41.4644146],[46.3660281,41.4712136],[46.3671763,41.4709904],[46.3702711,41.4758333],[46.3780146,41.4735142],[46.3823337,41.4707585],[46.3920077,41.4667288],[46.4004019,41.4660824],[46.3998971,41.468676],[46.4009917,41.4708463],[46.3974723,41.4702554],[46.3923636,41.4725716],[46.3932233,41.477308],[46.3975947,41.4795574],[46.4017542,41.4796443],[46.4044503,41.4814079],[46.4033197,41.483144],[46.4005617,41.4837891],[46.3970025,41.4816781],[46.3924883,41.4830642],[46.3901436,41.4824864],[46.386447,41.4829103],[46.3849937,41.4842198],[46.3850921,41.4887065],[46.382645,41.4921027],[46.3813413,41.4927413],[46.3798804,41.4923536],[46.3801252,41.4893142],[46.3791383,41.4886689],[46.3754799,41.4888803],[46.3723536,41.4871101],[46.3702954,41.4880078],[46.3675115,41.4908258],[46.3655328,41.4912433],[46.3638271,41.4907906],[46.3623218,41.4885454],[46.3606458,41.4881783],[46.3578947,41.4891728],[46.3565398,41.4912213],[46.3567256,41.4927813],[46.3598357,41.4962424],[46.3599107,41.497513],[46.3578291,41.4995306],[46.3579451,41.5031325],[46.3568976,41.5041383],[46.3550135,41.5045931],[46.3528082,41.5034124],[46.3526297,41.5023862],[46.3547288,41.499676],[46.3554138,41.4966414],[46.3547077,41.4940828],[46.3518099,41.4923911],[46.3489698,41.4923721],[46.3413152,41.4953879],[46.3410675,41.4966587],[46.3433357,41.4996825],[46.3422719,41.5006204],[46.3361556,41.4993236],[46.3326127,41.4996049],[46.331042,41.5014076],[46.3326274,41.5049688],[46.3325026,41.5067486],[46.328789,41.5115929],[46.3272325,41.5186648],[46.3254006,41.5213105],[46.3256903,41.5230601],[46.3280183,41.5245468],[46.3347104,41.5242101],[46.335375,41.525052],[46.3349718,41.526507],[46.3320006,41.5276819],[46.3249205,41.5259417],[46.322024,41.5271191],[46.3207851,41.5286276],[46.3205175,41.531055],[46.3216952,41.5329497],[46.3283235,41.5351951],[46.3290335,41.5370337],[46.3281204,41.5382371],[46.325271,41.5389809],[46.3232013,41.5382879],[46.3227001,41.5361965],[46.3201952,41.5333204],[46.3177836,41.5327484],[46.3152282,41.5328079],[46.310872,41.535745],[46.3070665,41.5357867],[46.3044344,41.5371036],[46.3044444,41.5381414],[46.3055604,41.5386499],[46.308405,41.5384265],[46.3100338,41.5396402],[46.3096502,41.5411361],[46.3054945,41.544684],[46.3043064,41.5502186],[46.305011,41.5515699],[46.3043224,41.5523388],[46.3012738,41.5528223],[46.2999058,41.554079],[46.299856,41.5556478],[46.3015077,41.5565362],[46.3050192,41.5561417],[46.3072209,41.5573942],[46.3021014,41.5613721],[46.3010502,41.567618],[46.2974177,41.5718515],[46.2985307,41.5755424],[46.3016376,41.5767973],[46.3058725,41.5761053],[46.3065538,41.5739551],[46.3045968,41.5705959],[46.3046488,41.5692185],[46.3055339,41.5678131],[46.3073561,41.5675893],[46.3132857,41.5698162],[46.3126978,41.57131],[46.309035,41.5737394],[46.3090469,41.5756291],[46.3143648,41.5783832],[46.3170795,41.5786236],[46.321914,41.5808297],[46.3235304,41.5797875],[46.3235587,41.5779923],[46.3249316,41.5771093],[46.3256233,41.5753412],[46.3267007,41.5752297],[46.3297539,41.5769984],[46.3312967,41.5764007],[46.3314992,41.5722228],[46.3367288,41.5705362],[46.3365569,41.5683316],[46.3377928,41.5670991],[46.3429774,41.5686535],[46.3446122,41.570091],[46.3445614,41.5716731],[46.3427443,41.5731861],[46.338232,41.5718607],[46.3359546,41.5725634],[46.3348357,41.5755641],[46.3358175,41.5769166],[46.3375789,41.577158],[46.3409566,41.5762415],[46.338036,41.5816487],[46.3412244,41.5836893],[46.3407942,41.5848598],[46.3377395,41.5868131],[46.3385116,41.5895119],[46.341483,41.5909634],[46.3410187,41.591856],[46.3305688,41.5991334],[46.3296139,41.599326],[46.3275969,41.5974646],[46.3273716,41.5956112],[46.3265776,41.5950335],[46.3250541,41.5952983],[46.321578,41.6006498],[46.3217772,41.6022879],[46.3244421,41.6065237],[46.3241856,41.6078516],[46.3224641,41.6087189],[46.3189125,41.6083313],[46.3159747,41.6108624],[46.3145407,41.6111732],[46.3113593,41.6075398],[46.3094973,41.6077898],[46.3068374,41.6099828],[46.3051321,41.6103407],[46.3035454,41.6096882],[46.3033427,41.6085884],[46.3059011,41.607691],[46.3073516,41.6058645],[46.3069224,41.6046771],[46.305971,41.6044452],[46.3030556,41.6057328],[46.3004575,41.6051762],[46.3005741,41.6031383],[46.3031829,41.5992044],[46.3030974,41.5974466],[46.2999487,41.5965511],[46.2974022,41.5969713],[46.2952548,41.5993816],[46.2907005,41.5988999],[46.2886144,41.6014076],[46.2869956,41.6014238],[46.2829199,41.5995091],[46.2807636,41.5995479],[46.2700438,41.6058803],[46.2666528,41.6071267],[46.2665838,41.608731],[46.2684492,41.6094761],[46.2764022,41.606214],[46.2781058,41.6072528],[46.278074,41.6082908],[46.2736364,41.6088357],[46.2719039,41.610173],[46.2719531,41.6117807],[46.2753861,41.6120953],[46.2785577,41.6112748],[46.279829,41.6120367],[46.2775787,41.6173835],[46.2776765,41.6210177],[46.2741727,41.6236416],[46.2721817,41.6277956],[46.2678871,41.6300283],[46.2667312,41.6316238],[46.2663622,41.634039],[46.2652231,41.6351961],[46.2638753,41.6351834],[46.2627055,41.6343283],[46.2628268,41.6335536],[46.2649266,41.6312573],[46.2619779,41.6253994],[46.2636889,41.6242075],[46.2668687,41.6259093],[46.2683341,41.6253235],[46.2664387,41.6207714],[46.2647672,41.6203966],[46.2593268,41.6214291],[46.2564379,41.622163],[46.2546618,41.62354],[46.2526854,41.6225102],[46.2504303,41.618161],[46.2523512,41.6159399],[46.2534697,41.6128352],[46.2561405,41.6113587],[46.2561749,41.6098365],[46.2551234,41.6089293],[46.2521223,41.6089391],[46.2468407,41.6141776],[46.2429645,41.6136622],[46.243134,41.6123169],[46.2479448,41.6107736],[46.2488876,41.6075129],[46.2469928,41.6041074],[46.2499992,41.6022828],[46.2504307,41.6006],[46.2457333,41.5963716],[46.240296,41.5953578],[46.2383448,41.5963396],[46.2374922,41.5978795],[46.2370023,41.6015281],[46.2376402,41.6023709],[46.2424024,41.6030783],[46.2429137,41.604228],[46.2423805,41.6046913],[46.2362052,41.6035023],[46.2329319,41.6053782],[46.2277885,41.6051135],[46.2204395,41.6078322],[46.2203333,41.6095596],[46.2228913,41.6114987],[46.2224684,41.613029],[46.2208954,41.6134865],[46.2154959,41.6112928],[46.2138309,41.6121295],[46.215629,41.613791],[46.2149236,41.615197],[46.2073614,41.6139206],[46.2034998,41.6156213],[46.203946,41.6200683],[46.2070075,41.6211558],[46.2074915,41.6219982],[46.2071446,41.6230107],[46.2026009,41.6252954],[46.2020433,41.6261989],[46.2025685,41.626882],[46.2119223,41.626016],[46.2134191,41.626592],[46.2134219,41.6280255],[46.2060162,41.6282108],[46.2049888,41.6289005],[46.2049226,41.6311285],[46.2030809,41.6317247],[46.2006821,41.6283821],[46.1978803,41.6264634],[46.1937164,41.625362],[46.1927392,41.6259363],[46.1924587,41.627593],[46.1955336,41.6297614],[46.1968563,41.6318362],[46.1945754,41.6347981],[46.1930273,41.6352151],[46.1913643,41.6344837],[46.1921293,41.6304298],[46.1903703,41.6276482],[46.1865755,41.626752],[46.1849511,41.6278443],[46.1852328,41.6298989],[46.187275,41.6332156],[46.1856759,41.6349873],[46.1834078,41.6350671],[46.1784886,41.6328218],[46.1730829,41.6327429],[46.171635,41.6352327],[46.1699034,41.6362843],[46.167876,41.635325],[46.1658399,41.6307297],[46.1644977,41.6301751],[46.1608005,41.6317754],[46.1586628,41.6355599],[46.1548364,41.6348414],[46.1494902,41.6353915],[46.1478653,41.634835],[46.1430962,41.6295525],[46.1382886,41.6291186],[46.135639,41.63215],[46.136371,41.634755],[46.1431359,41.6402437],[46.1514175,41.6443625],[46.1518166,41.6465384],[46.1499315,41.6473273],[46.1445757,41.6438197],[46.1391126,41.6428872],[46.134906,41.639477],[46.1307773,41.6375994],[46.1267058,41.6371944],[46.1252155,41.6377734],[46.1243218,41.6388422],[46.1246437,41.6404137],[46.1315842,41.6426836],[46.1323856,41.6450119],[46.1318534,41.6488264],[46.1301454,41.6500041],[46.1271113,41.6477466],[46.123672,41.648432],[46.1214454,41.6540653],[46.121867,41.6556806],[46.125767,41.6587595],[46.1198994,41.6585494],[46.1180583,41.6594809],[46.1175079,41.6606599],[46.1187782,41.6625115],[46.1168417,41.6652446],[46.1141273,41.665025],[46.1114815,41.6617084],[46.1094452,41.6608691],[46.1073745,41.6616851],[46.1071331,41.6639438],[46.1053736,41.6650747],[46.103971,41.664387],[46.1023105,41.6610527],[46.098784,41.6591795],[46.0947928,41.6596708],[46.0882128,41.6623728],[46.0831414,41.6617313],[46.0812521,41.6634277],[46.081178,41.664469],[46.0844476,41.670574],[46.085085,41.6744],[46.082806,41.675947],[46.0790167,41.6759505],[46.0788445,41.6773348],[46.0807001,41.6794872],[46.0783934,41.6809263],[46.0753093,41.6800669],[46.0762444,41.6767819],[46.0759847,41.6755919],[46.0746694,41.6748498],[46.0613717,41.6758523],[46.0595192,41.6748386],[46.0552448,41.6700222],[46.0524049,41.6694965],[46.0504029,41.6748539],[46.0506443,41.6763981],[46.0529714,41.6784223],[46.060517,41.6813294],[46.0614075,41.6821571],[46.061136,41.683492],[46.0584356,41.6834159],[46.0540379,41.6807204],[46.0511411,41.6808807],[46.0500575,41.6827661],[46.0514812,41.6855825],[46.0514071,41.6872306],[46.0493622,41.6886448],[46.0465695,41.6889901],[46.0437548,41.6870359],[46.0438487,41.6820145],[46.0431781,41.6810562],[46.0390078,41.6809736],[46.0322497,41.6836459],[46.0305149,41.6872787],[46.0228513,41.6884132],[46.0204695,41.6898481],[46.0202441,41.6915658],[46.0235647,41.6947007],[46.0227451,41.6964447],[46.0193183,41.6964239],[46.0154304,41.6939453],[46.0148121,41.6955575],[46.013529,41.6962965],[46.0003483,41.6970648],[45.997396,41.6995601],[45.995096,41.6972016],[45.9928152,41.697214],[45.9916014,41.7011847],[45.9892872,41.701429],[45.9864537,41.7001762],[45.9847274,41.7003764],[45.9797192,41.7043483],[45.978818,41.7075422],[45.9767527,41.709925],[45.977406,41.7130313],[45.9719872,41.7132054],[45.9695774,41.7103337],[45.9677959,41.7123375],[45.9665066,41.7118647],[45.9655643,41.7129541],[45.9468979,41.6947505],[45.9461734,41.6950129],[45.9407426,41.6914944],[45.942001,41.6894801],[45.9344817,41.6834996],[45.9310927,41.681715],[45.9319702,41.6807196],[45.9296732,41.6794908],[45.9289809,41.6802124],[45.9280922,41.6797494],[45.9308209,41.6774875],[45.9264566,41.6751321],[45.925403,41.676096],[45.9202634,41.6734871],[45.9097915,41.6623015],[45.9079367,41.6622716],[45.9023306,41.6571246],[45.8992657,41.6564878],[45.8971703,41.6544392],[45.8922436,41.653164],[45.89232,41.6523185],[45.8901216,41.6506411],[45.8910538,41.6479713],[45.8888277,41.6444577],[45.8905676,41.6426463],[45.8946349,41.6415497],[45.8945256,41.6407215],[45.8913069,41.6385406],[45.8861785,41.637851],[45.8814793,41.63915],[45.8760076,41.6369049],[45.8704715,41.6366002],[45.8643775,41.6332804],[45.8596429,41.6327375],[45.8607694,41.6321489],[45.8610067,41.6308443],[45.857149,41.6298671],[45.8557365,41.6276658],[45.850511,41.6267217],[45.8484682,41.624795],[45.8453033,41.6237686],[45.8429618,41.6210465],[45.8329693,41.6217554],[45.8329459,41.6201882],[45.8348258,41.6175223],[45.8314438,41.6154427],[45.8299665,41.6155169],[45.8276231,41.6193436],[45.8239269,41.6080297],[45.8120454,41.6096073],[45.8020797,41.6130181],[45.7926921,41.6145086],[45.7906899,41.6106219],[45.7868322,41.6073909],[45.7813647,41.608525],[45.7782119,41.6039788],[45.781755,41.6036911],[45.7677939,41.5938633],[45.7358138,41.5761221],[45.7166235,41.5683731],[45.7133975,41.5662722],[45.71328,41.5652095],[45.7113185,41.5641934],[45.7100822,41.5647702],[45.7092426,41.5642057],[45.7087337,41.5625363],[45.7073574,41.5614646],[45.7024586,41.5613373],[45.7008013,41.558941],[45.7007643,41.5570313],[45.6978192,41.554484],[45.6932376,41.5563117],[45.6904543,41.5559242],[45.683119,41.5584405],[45.6796326,41.5571185],[45.6788563,41.5560778],[45.6719138,41.5561134],[45.6717987,41.5579706],[45.6552072,41.5619677],[45.6530214,41.5629591],[45.6518549,41.5645632],[45.6491152,41.5655192],[45.6476819,41.5650904],[45.6476497,41.5641251],[45.6465295,41.5642769],[45.6464964,41.5634689],[45.645165,41.5638344],[45.6454836,41.5631005],[45.6449044,41.5633691],[45.6419907,41.5609792],[45.6410883,41.5578658],[45.6469811,41.557821],[45.647251,41.5569926],[45.6526713,41.5552464],[45.6548856,41.5559448],[45.6626187,41.5526868],[45.6634946,41.5474654],[45.66585,41.5460776],[45.6661865,41.5447824],[45.6600004,41.5440955],[45.6589386,41.543298],[45.6544357,41.544564],[45.6512077,41.5429996],[45.646736,41.5451513],[45.6415577,41.5464141],[45.6373224,41.5461431],[45.6356728,41.544497],[45.6333338,41.5447896],[45.6325749,41.5437121],[45.6347957,41.542616],[45.6337684,41.5409457],[45.6350506,41.5405772],[45.6351793,41.539197],[45.6368396,41.5396467],[45.6338382,41.5379382],[45.6353858,41.5374684],[45.637081,41.5355531],[45.6360805,41.5340794],[45.6366089,41.5325815],[45.6347179,41.5319651],[45.6364211,41.5320856],[45.6374028,41.5301339],[45.6078545,41.5189495],[45.6003658,41.514724],[45.595967,41.5108678],[45.5918256,41.5110445],[45.5874054,41.501885],[45.5874912,41.496887],[45.5860964,41.4964691],[45.5859677,41.4955851],[45.5868904,41.4941226],[45.586075,41.4865039],[45.5894224,41.4821476],[45.589637,41.4775017],[45.586547,41.4625328],[45.5875341,41.456599],[45.5798266,41.4515264],[45.5664412,41.4491688],[45.5632655,41.4461129],[45.5600897,41.4443597],[45.563008,41.4402097],[45.5639521,41.4399202],[45.5628363,41.4347404],[45.557665,41.4302358],[45.55818,41.4291097],[45.5504599,41.4112396]]]}},{"type":"Feature","properties":{"sourceName":"Dedoplistsqaro Municipality","sourceId":"osm-relation-2027334","code":"14","nameKa":"დედოფლისწყარო","nameEn":"Dedoplistsqaro","source":"OpenStreetMap"},"geometry":{"type":"Polygon","coordinates":[[[45.749476,41.2553368],[45.7533709,41.2534469],[45.756634,41.253418],[45.759345,41.252017],[45.767781,41.246131],[45.771784,41.241571],[45.775597,41.24078],[45.777681,41.238881],[45.786365,41.234487],[45.794212,41.23196],[45.79846,41.228457],[45.803276,41.226833],[45.804898,41.225585],[45.80579,41.221987],[45.817098,41.221967],[45.832886,41.218615],[45.861414,41.2146],[45.865526,41.212979],[45.879331,41.213228],[45.881897,41.212678],[45.891424,41.208012],[45.903364,41.197379],[45.913715,41.190585],[45.925602,41.187781],[45.953168,41.177856],[45.961507,41.177845],[45.974164,41.179976],[45.983963,41.178598],[45.993086,41.178931],[45.999498,41.180289],[46.004046,41.179602],[46.006285,41.183292],[46.007383,41.183753],[46.010116,41.184083],[46.016797,41.182611],[46.024102,41.186256],[46.034777,41.186043],[46.042604,41.188151],[46.050212,41.186197],[46.056541,41.18714],[46.058604,41.189418],[46.065158,41.189828],[46.08017,41.183153],[46.081939,41.181723],[46.083039,41.177532],[46.080265,41.174673],[46.08805,41.174187],[46.097871,41.171974],[46.1104083,41.179279],[46.116643,41.185278],[46.121489,41.190648],[46.122308,41.192966],[46.122122,41.195735],[46.126261,41.196166],[46.128383,41.197205],[46.128965,41.199319],[46.134316,41.202151],[46.135988,41.204196],[46.13849,41.200108],[46.141058,41.199847],[46.146849,41.20556],[46.149952,41.204646],[46.151022,41.198983],[46.152415,41.19838],[46.153673,41.199015],[46.154121,41.202308],[46.158286,41.204209],[46.161081,41.203533],[46.160422,41.201538],[46.16157,41.200349],[46.164132,41.199734],[46.167115,41.200882],[46.171273,41.197954],[46.171473,41.200425],[46.17297,41.201352],[46.180166,41.193977],[46.181964,41.194253],[46.18765,41.198316],[46.193592,41.194957],[46.203117,41.195742],[46.207144,41.194286],[46.208669,41.192445],[46.213483,41.191452],[46.215532,41.192667],[46.216262,41.19419],[46.219725,41.19174],[46.22159,41.191425],[46.221886,41.190598],[46.225142,41.189621],[46.229764,41.195048],[46.231126,41.192855],[46.229623,41.191693],[46.229103,41.188872],[46.23249,41.186599],[46.234657,41.18581],[46.238639,41.186179],[46.252188,41.1824543],[46.2737463,41.19063],[46.2788373,41.189904],[46.2799193,41.189421],[46.2913823,41.173807],[46.3685673,41.1193479],[46.3692873,41.1053249],[46.3913823,41.1009979],[46.4036133,41.1014379],[46.4146503,41.1043059],[46.4218474,41.103408],[46.4283263,41.1052533],[46.4339411,41.1043769],[46.4438438,41.0997],[46.4580206,41.0990443],[46.4616417,41.0948012],[46.4622489,41.0930218],[46.4606493,41.0881498],[46.4634073,41.0791648],[46.4650803,41.0774358],[46.4667983,41.0707018],[46.4700433,41.0644408],[46.4746409,41.0615565],[46.4811815,41.059996],[46.4872893,41.0563888],[46.4924919,41.0551284],[46.5021497,41.060072],[46.5069225,41.0664845],[46.5189873,41.0783498],[46.5498283,41.1125619],[46.5796183,41.1113909],[46.5839024,41.1105215],[46.5859751,41.1091043],[46.5857623,41.1078919],[46.5867553,41.1071129],[46.5916543,41.1068679],[46.5939183,41.1039519],[46.5989493,41.1027629],[46.6036823,41.0989289],[46.6155192,41.0965817],[46.6192314,41.1004465],[46.6239351,41.100058],[46.6308951,41.0976669],[46.6393393,41.1016006],[46.641217,41.1077169],[46.6423221,41.1090912],[46.6445859,41.1103765],[46.648706,41.1105026],[46.6500683,41.1123246],[46.6453812,41.1185241],[46.6457741,41.120961],[46.6528458,41.1240413],[46.6530483,41.1278689],[46.6538958,41.1288629],[46.6597958,41.1308311],[46.6546754,41.1348332],[46.653742,41.136726],[46.6570009,41.1447735],[46.6566415,41.152097],[46.6521944,41.1563704],[46.6531063,41.1603002],[46.6555311,41.1633332],[46.6556587,41.1646942],[46.6534858,41.1663373],[46.6538659,41.1677484],[46.6601373,41.1688315],[46.6672468,41.1713569],[46.661947,41.1756338],[46.6617273,41.1773775],[46.6632556,41.1824237],[46.6678313,41.1852531],[46.6691603,41.1888267],[46.6683693,41.1903462],[46.6670636,41.190946],[46.6594707,41.1906831],[46.6582803,41.1915824],[46.6601202,41.1973541],[46.6567357,41.2010863],[46.6572126,41.2031257],[46.6617583,41.2071515],[46.6647453,41.2139838],[46.6676477,41.2151127],[46.6719448,41.2148489],[46.6727841,41.2156993],[46.6722761,41.2168749],[46.6672853,41.2187522],[46.6670919,41.2201195],[46.6682796,41.2214054],[46.6721341,41.222151],[46.6756326,41.2242232],[46.6779804,41.2266747],[46.6774776,41.2297362],[46.6761342,41.2313335],[46.6769292,41.2329011],[46.6782945,41.2337712],[46.6850973,41.2318791],[46.6895147,41.231708],[46.690427,41.2321223],[46.6911573,41.2342868],[46.696503,41.2364381],[46.6957608,41.2403024],[46.6998195,41.241728],[46.7001477,41.2425894],[46.699219,41.2517236],[46.7027339,41.2536869],[46.7064072,41.2541081],[46.7077381,41.2560687],[46.6994175,41.2579918],[46.6973578,41.2592276],[46.6968174,41.2605763],[46.6975318,41.2623808],[46.6994694,41.2640049],[46.7067029,41.2658901],[46.708246,41.2672904],[46.7127898,41.2668792],[46.7143882,41.2677509],[46.7146963,41.2689318],[46.7122551,41.2722644],[46.7121678,41.2740868],[46.7146272,41.2778598],[46.7220692,41.2823249],[46.7249221,41.2849285],[46.7267009,41.2851234],[46.7277123,41.2841458],[46.727578,41.2829145],[46.7233648,41.2795798],[46.723663,41.2780787],[46.7253298,41.2771395],[46.7292005,41.2780897],[46.7299437,41.2810727],[46.7313617,41.2826597],[46.7365373,41.2844857],[46.735674,41.286406],[46.7324657,41.2875601],[46.729432,41.2907288],[46.721325,41.290244],[46.7176565,41.2913682],[46.7102585,41.2953996],[46.7065546,41.2961197],[46.700949,41.2950699],[46.6990136,41.2961791],[46.6993974,41.2984438],[46.7034699,41.3032668],[46.7037334,41.3048164],[46.7011354,41.3081268],[46.6903693,41.315938],[46.6875317,41.3191914],[46.6876286,41.3208516],[46.6887984,41.3218146],[46.6901556,41.3217057],[46.6967761,41.3192563],[46.7031995,41.3247044],[46.7034134,41.326775],[46.7024155,41.3288437],[46.7004351,41.3298981],[46.6981452,41.3297042],[46.6957654,41.3281268],[46.6903983,41.3285362],[46.6882692,41.3271859],[46.6841149,41.3286645],[46.6838479,41.3319571],[46.6879891,41.3327844],[46.6899262,41.3344902],[46.6901451,41.33616],[46.6879654,41.3399374],[46.6821158,41.3411782],[46.6730705,41.3373895],[46.6684341,41.3375641],[46.6666349,41.338599],[46.6659344,41.3402004],[46.6696952,41.3431701],[46.6709415,41.3451886],[46.6704344,41.349017],[46.6680631,41.3502951],[46.6651293,41.3503518],[46.6526491,41.3486956],[46.6491602,41.350557],[46.6505452,41.3521819],[46.6539907,41.3503698],[46.6587682,41.3517268],[46.6595212,41.3534306],[46.6592442,41.3552105],[46.656783,41.3586109],[46.6570285,41.3610779],[46.6602236,41.3637069],[46.6616777,41.3661344],[46.6614671,41.3689168],[46.6591986,41.3706001],[46.6522648,41.371238],[46.6491865,41.3689627],[46.6491307,41.3674066],[46.6517066,41.3639872],[46.6517888,41.3626592],[46.6470312,41.3588718],[46.646705,41.3571246],[46.6492956,41.353263],[46.6476902,41.3519955],[46.6435257,41.3560302],[46.6306483,41.3598152],[46.6263143,41.3588962],[46.6243191,41.359895],[46.624097,41.3615601],[46.6256265,41.3636364],[46.6310838,41.3652732],[46.637053,41.365037],[46.6386605,41.3666268],[46.6375019,41.3681642],[46.6378118,41.3692695],[46.6422205,41.3718193],[46.6504184,41.3731622],[46.6509024,41.3738223],[46.6502741,41.3748805],[46.6465733,41.3735131],[46.6436912,41.373371],[46.6409219,41.3744776],[46.6398285,41.3759073],[46.6395363,41.3811708],[46.6376892,41.3821185],[46.6352755,41.3813599],[46.6315685,41.3777005],[46.6295094,41.3768998],[46.6264574,41.377673],[46.6257392,41.3790234],[46.6259081,41.3814843],[46.6308009,41.3839741],[46.6333341,41.3863665],[46.6332688,41.3883541],[46.631628,41.3903618],[46.626747,41.3906161],[46.6264991,41.3896149],[46.6285501,41.3872393],[46.6237355,41.3834625],[46.6230723,41.379001],[46.6202172,41.3783657],[46.6162772,41.380268],[46.6119943,41.3809982],[46.6111086,41.3820158],[46.6106535,41.3842627],[46.6163573,41.3905719],[46.6164938,41.3918989],[46.6147992,41.3937442],[46.6120545,41.3950925],[46.6083262,41.3948912],[46.6082588,41.3924267],[46.6063872,41.3914822],[46.6043161,41.3941703],[46.6030791,41.3945049],[46.6001513,41.3926827],[46.5986934,41.3929042],[46.5972013,41.3959115],[46.5944875,41.3976519],[46.5847862,41.3984517],[46.5791623,41.3978007],[46.5753881,41.3995016],[46.5693531,41.3993255],[46.5686293,41.4008911],[46.5701977,41.4045349],[46.5680334,41.4066391],[46.5658778,41.4071125],[46.5603997,41.4055763],[46.555189,41.4065458],[46.5485745,41.4062372],[46.5381578,41.4086476],[46.5343888,41.4109861],[46.5253112,41.4102048],[46.5225875,41.4112822],[46.5211867,41.4132408],[46.5221051,41.4161108],[46.521677,41.4174602],[46.5198769,41.4178071],[46.5175303,41.4169992],[46.5153667,41.4143593],[46.5131219,41.4133082],[46.5077579,41.4131617],[46.5077243,41.4142878],[46.5101909,41.4148525],[46.5107963,41.415745],[46.5086418,41.4189453],[46.5041841,41.4201128],[46.5012711,41.4196977],[46.4959251,41.4203613],[46.4848041,41.4246473],[46.4840964,41.426163],[46.4866045,41.428181],[46.4856705,41.4294529],[46.4780299,41.4283021],[46.4728821,41.4292627],[46.4723956,41.4306488],[46.4779918,41.4324584],[46.4786697,41.4334884],[46.4785757,41.4350185],[46.4767053,41.4364282],[46.472907,41.4356158],[46.4719486,41.4337046],[46.4701304,41.4326631],[46.4672728,41.4331292],[46.4655012,41.4361055],[46.4638867,41.4369952],[46.4561679,41.4383927],[46.4523937,41.445353],[46.4502775,41.4465463],[46.4407153,41.4487886],[46.4405704,41.4499029],[46.4482793,41.4529883],[46.4494159,41.4544133],[46.4489299,41.4573554],[46.4440939,41.4620017],[46.4413003,41.4622948],[46.4393886,41.4606852],[46.4406181,41.4594262],[46.4441043,41.4588161],[46.4448032,41.4572052],[46.4420034,41.4543905],[46.4390398,41.4533425],[46.431826,41.4537377],[46.4255352,41.4562851],[46.4258747,41.4641165],[46.4278542,41.4660168],[46.4308241,41.4671933],[46.4322362,41.4704177],[46.4313872,41.4704842],[46.4286717,41.4674348],[46.4258843,41.4671679],[46.4247229,41.4690999],[46.4258758,41.4716579],[46.4245845,41.4734107],[46.4210634,41.4752089],[46.4161285,41.4757889],[46.4105224,41.4816839],[46.4077628,41.4812007],[46.4080764,41.4760881],[46.4036947,41.4718061],[46.4009917,41.4708463],[46.3998971,41.468676],[46.4004019,41.4660824],[46.3920077,41.4667288],[46.3823337,41.4707585],[46.3780146,41.4735142],[46.3702711,41.4758333],[46.3671763,41.4709904],[46.3660281,41.4712136],[46.3622272,41.4644146],[46.3609745,41.4636411],[46.3587071,41.4578346],[46.3595218,41.4547815],[46.354224,41.4462289],[46.3553106,41.4429379],[46.3582826,41.4417571],[46.3601402,41.4400193],[46.3581808,41.4379723],[46.3542113,41.4371787],[46.3524374,41.4356999],[46.3369686,41.4284068],[46.3440687,41.4221058],[46.3122284,41.4039332],[46.306129,41.4079043],[46.3139224,41.4169293],[46.3135404,41.4180875],[46.3072598,41.4221068],[46.3006144,41.424654],[46.2982136,41.4231899],[46.2802701,41.424322],[46.2776466,41.4247249],[46.2714324,41.4275146],[46.2700539,41.4284856],[46.262525,41.4436523],[46.257699,41.4481592],[46.2577113,41.4500792],[46.2612697,41.4529344],[46.27099,41.4552967],[46.272938,41.4590826],[46.2708179,41.4630289],[46.2710679,41.4639175],[46.2664988,41.4689378],[46.2666405,41.4716088],[46.268911,41.475648],[46.2698486,41.482803],[46.2538853,41.4837854],[46.2523219,41.4817256],[46.2289354,41.4915175],[46.2238991,41.4860844],[46.2073495,41.4942716],[46.2035454,41.494785],[46.2000375,41.4965406],[46.1911002,41.4950148],[46.1876914,41.4909651],[46.1819202,41.4934047],[46.1831755,41.4937771],[46.1706214,41.4985294],[46.169339,41.4976676],[46.1680203,41.4936972],[46.1628686,41.4898417],[46.1608084,41.4843126],[46.1598766,41.484026],[46.1586976,41.4791445],[46.1537727,41.4790177],[46.140131,41.4858534],[46.1401402,41.4864642],[46.1372255,41.4871236],[46.1364309,41.4889542],[46.1343517,41.4893714],[46.1310512,41.4919346],[46.1265937,41.492767],[46.1238746,41.4947995],[46.1199617,41.4942424],[46.1183732,41.4973449],[46.1186406,41.4986814],[46.1166143,41.4996746],[46.1117173,41.5052177],[46.1114851,41.5100341],[46.1079814,41.5137383],[46.103225,41.5153906],[46.0980736,41.5150266],[46.0965812,41.5142338],[46.0924935,41.5163628],[46.0893689,41.5168914],[46.0824452,41.516344],[46.0789452,41.5176999],[46.0716,41.5175936],[46.0689937,41.5190662],[46.0642025,41.5181703],[46.0613616,41.5201909],[46.055158,41.5183814],[46.0453338,41.5225322],[46.0423162,41.5261657],[46.0437359,41.5278409],[46.0407374,41.5289631],[46.0411228,41.5306881],[46.0374786,41.5326472],[46.0357719,41.5323335],[46.0355963,41.5294993],[46.03439,41.5293813],[46.0327574,41.5307949],[46.0278425,41.5314309],[46.0231599,41.5349878],[46.0179533,41.5363499],[46.0171219,41.5373169],[46.0181075,41.5416798],[46.0085162,41.5457758],[46.0084803,41.5524759],[46.009446,41.5556319],[46.0056941,41.5563274],[45.9994782,41.5612177],[45.9973874,41.559467],[45.9934205,41.5584554],[45.9908447,41.5603981],[45.9900033,41.5630825],[45.9903869,41.5663032],[45.9880936,41.5686063],[45.9880689,41.5696615],[45.9838494,41.570444],[45.9827882,41.5715079],[45.9756108,41.5700099],[45.9711095,41.5708656],[45.9695861,41.5743169],[45.9647795,41.5750312],[45.9634461,41.5769475],[45.9589752,41.5787312],[45.9566653,41.5767279],[45.94668,41.5748948],[45.9432056,41.5715133],[45.924618,41.5674197],[45.92642,41.566026],[45.9270859,41.5641875],[45.9264262,41.5632767],[45.9221572,41.5625951],[45.9236715,41.5613338],[45.9247719,41.5555971],[45.9203517,41.5540334],[45.9202496,41.5513878],[45.9088716,41.5386226],[45.9080389,41.5350716],[45.9072551,41.5352442],[45.9067043,41.5334989],[45.9043869,41.5338201],[45.9025788,41.5315894],[45.8988438,41.5312199],[45.8984002,41.5302863],[45.899765,41.5302607],[45.8999851,41.5294299],[45.8958682,41.5274591],[45.8941771,41.5255032],[45.8958521,41.524684],[45.8948168,41.5199085],[45.8909544,41.5187518],[45.8869847,41.5131766],[45.8610344,41.4847122],[45.855706,41.4800553],[45.8512745,41.4660816],[45.844756,41.4573177],[45.8440694,41.4541013],[45.8381353,41.449681],[45.8338747,41.4415718],[45.8359176,41.4397751],[45.8367819,41.4304815],[45.8392765,41.4282588],[45.8391664,41.4267289],[45.8362055,41.4235417],[45.8376132,41.4123989],[45.8370836,41.4114576],[45.8393679,41.408741],[45.8367305,41.4089141],[45.8327827,41.4031328],[45.8263024,41.3889517],[45.8103132,41.3625913],[45.8096639,41.357724],[45.811151,41.3555181],[45.8096835,41.3534675],[45.8115612,41.352084],[45.8178028,41.3522317],[45.8183138,41.3507708],[45.8162083,41.3499741],[45.8152333,41.3481418],[45.8135609,41.3482787],[45.8133803,41.3474463],[45.8141899,41.3466105],[45.8158998,41.3471317],[45.8174746,41.3465474],[45.8174897,41.3447831],[45.8197944,41.3439706],[45.8205628,41.3427593],[45.8220112,41.3435407],[45.8205736,41.3455281],[45.8209062,41.3463316],[45.8241758,41.3460356],[45.8283654,41.347875],[45.8276464,41.3448696],[45.8321996,41.3457496],[45.8320896,41.3437259],[45.8332792,41.343152],[45.8381756,41.3445143],[45.8368506,41.3427291],[45.8379033,41.3412661],[45.8372556,41.3395394],[45.840013,41.3385981],[45.8405372,41.3361077],[45.8455798,41.33529],[45.8466429,41.3363223],[45.8455187,41.3383815],[45.8473554,41.3388143],[45.8492169,41.3378396],[45.848722,41.3354269],[45.8512017,41.3332861],[45.8547141,41.331692],[45.8585094,41.3326869],[45.8584034,41.3306527],[45.861787,41.3307443],[45.8621317,41.3297534],[45.8599082,41.3285852],[45.8547623,41.3285157],[45.8530954,41.3263283],[45.8536519,41.3255377],[45.8553283,41.3262457],[45.857356,41.3255971],[45.8580651,41.3276814],[45.8597392,41.3275962],[45.8606485,41.3264582],[45.8594502,41.3239801],[45.860914,41.3220872],[45.8593171,41.3217893],[45.8579877,41.3231084],[45.8562925,41.323046],[45.8563891,41.3213318],[45.8582559,41.3212975],[45.8585376,41.3205603],[45.854423,41.3201916],[45.8556837,41.3178125],[45.85478,41.3169503],[45.851,41.3152029],[45.8476404,41.3152652],[45.8437612,41.31418],[45.8435737,41.3129767],[45.8422956,41.3122479],[45.8424292,41.3089341],[45.8408944,41.3069603],[45.8336261,41.3079764],[45.8257753,41.3106667],[45.8232987,41.3028791],[45.8220273,41.3016436],[45.8193272,41.3017256],[45.8206812,41.2992346],[45.8177492,41.2945367],[45.8193515,41.2939222],[45.8184745,41.2920042],[45.8199114,41.288815],[45.8188386,41.2874889],[45.8191896,41.2854171],[45.8101402,41.2860337],[45.8075728,41.2876315],[45.8050868,41.2879928],[45.8032767,41.2869016],[45.8001408,41.2867447],[45.7977484,41.2852598],[45.7903356,41.2771205],[45.785663,41.2735373],[45.7633511,41.2654127],[45.749476,41.2553368]],[[46.3505459,41.2644045],[46.3553094,41.2810316],[46.3594723,41.2857077],[46.3639569,41.2849499],[46.3681197,41.2968161],[46.3710594,41.2976705],[46.3726258,41.3008946],[46.3755655,41.303635],[46.3865358,41.3003989],[46.3950652,41.3120649],[46.3743639,41.3218757],[46.3898671,41.3375859],[46.4383077,41.3113397],[46.4515417,41.3014468],[46.4574372,41.3107353],[46.4532208,41.3141118],[46.4315271,41.3257512],[46.4463758,41.3402321],[46.5078896,41.3035584],[46.4999127,41.2996373],[46.4986253,41.3000403],[46.4962864,41.2987667],[46.4961791,41.2971708],[46.4980459,41.2960907],[46.4981317,41.2945752],[46.4972305,41.2939626],[46.4981746,41.2905447],[46.4992904,41.2892871],[46.5002426,41.2815838],[46.5098476,41.2776775],[46.5180015,41.2732266],[46.5215635,41.269356],[46.5247821,41.2613883],[46.5235805,41.2578719],[46.5202331,41.254323],[46.5192889,41.2510321],[46.5205335,41.2394479],[46.5118003,41.2390445],[46.5105128,41.2408033],[46.5099925,41.2450769],[46.4933467,41.2318477],[46.4897525,41.2318679],[46.4723544,41.2135234],[46.4597628,41.2186835],[46.4569089,41.2147451],[46.4468104,41.2168424],[46.4406037,41.213941],[46.428523,41.216338],[46.4219999,41.2184686],[46.4144897,41.2189529],[46.4035892,41.2245372],[46.4013576,41.2275067],[46.3946199,41.2284427],[46.3921737,41.2297983],[46.3924741,41.2325416],[46.390028,41.2372535],[46.3921737,41.2379635],[46.3944912,41.240771],[46.3992118,41.2400611],[46.4011859,41.2411583],[46.4041471,41.2406742],[46.408782,41.2448369],[46.4086103,41.2480798],[46.4069688,41.2500319],[46.3994157,41.2504997],[46.3930749,41.2532261],[46.390028,41.2535164],[46.3887834,41.2546779],[46.3806081,41.2560491],[46.3771534,41.2582509],[46.3758659,41.2571218],[46.3720894,41.2560087],[46.3703888,41.2564846],[46.3682699,41.2608399],[46.3654589,41.2619206],[46.3658452,41.2599527],[46.3588714,41.2625496],[46.3505459,41.2644045]]]}}]}
