family,dimension,item_id,code,label_en,parent_id,role,year,flow,value_usd,source_value,source_unit,value_status,months_reported,vintage,source_file,source_sheet,source_cells,derivation
fdi_flows,bpm6,assets,,Assets,,bpm6_line,2000,net,3398782.9999999999000000,3.3987829999999999,million_usd,numeric,,2026-09-30,FDI_Eng_bpm6.xlsx,Sheet1,C8,published
fdi_flows,bpm6,assets,,Assets,,bpm6_line,2001,net,4092200.0000000001000000,4.0922000000000001,million_usd,numeric,,2026-09-30,FDI_Eng_bpm6.xlsx,Sheet1,C13,published
fdi_flows,bpm6,assets,,Assets,,bpm6_line,2002,net,4279200.0000000003000000,4.2792000000000003,million_usd,numeric,,2026-09-30,FDI_Eng_bpm6.xlsx,Sheet1,C18,published
fdi_flows,bpm6,assets,,Assets,,bpm6_line,2003,net,4085700.0000000001000000,4.0857000000000001,million_usd,numeric,,2026-09-30,FDI_Eng_bpm6.xlsx,Sheet1,C23,published
fdi_flows,bpm6,assets,,Assets,,bpm6_line,2004,net,9973999.9999999984000000,9.9739999999999984,million_usd,numeric,,2026-09-30,FDI_Eng_bpm6.xlsx,Sheet1,C28,published
fdi_flows,bpm6,assets,,Assets,,bpm6_line,2005,net,-89122333.329999989000000,-89.122333329999989,million_usd,numeric,,2026-09-30,FDI_Eng_bpm6.xlsx,Sheet1,C33,published
fdi_flows,bpm6,assets,,Assets,,bpm6_line,2006,net,-13166401.51000000,-13.16640151,million_usd,numeric,,2026-09-30,FDI_Eng_bpm6.xlsx,Sheet1,C38,published
fdi_flows,bpm6,assets,,Assets,,bpm6_line,2007,net,201267197.78000000,201.26719778,million_usd,numeric,,2026-09-30,FDI_Eng_bpm6.xlsx,Sheet1,C43,published
fdi_flows,bpm6,assets,,Assets,,bpm6_line,2008,net,173601330.23000000,173.60133023,million_usd,numeric,,2026-09-30,FDI_Eng_bpm6.xlsx,Sheet1,C48,published
fdi_flows,bpm6,assets,,Assets,,bpm6_line,2009,net,-24499922.789999999000000,-24.499922789999999,million_usd,numeric,,2026-09-30,FDI_Eng_bpm6.xlsx,Sheet1,C53,published
fdi_flows,bpm6,assets,,Assets,,bpm6_line,2010,net,190426209.07000000,190.42620907,million_usd,numeric,,2026-09-30,FDI_Eng_bpm6.xlsx,Sheet1,C58,published
fdi_flows,bpm6,assets,,Assets,,bpm6_line,2011,net,182732483.96000000,182.73248396,million_usd,numeric,,2026-09-30,FDI_Eng_bpm6.xlsx,Sheet1,C63,published
fdi_flows,bpm6,assets,,Assets,,bpm6_line,2012,net,216921508.73000003000000,216.92150873000003,million_usd,numeric,,2026-09-30,FDI_Eng_bpm6.xlsx,Sheet1,C68,published
fdi_flows,bpm6,assets,,Assets,,bpm6_line,2013,net,127292141.80999999000000,127.29214180999999,million_usd,numeric,,2026-09-30,FDI_Eng_bpm6.xlsx,Sheet1,C73,published
fdi_flows,bpm6,assets,,Assets,,bpm6_line,2014,net,406550711.19999997000000,406.55071119999997,million_usd,numeric,,2026-09-30,FDI_Eng_bpm6.xlsx,Sheet1,C78,published
fdi_flows,bpm6,assets,,Assets,,bpm6_line,2015,net,315699671.43000002000000,315.69967143000002,million_usd,numeric,,2026-09-30,FDI_Eng_bpm6.xlsx,Sheet1,C83,published
fdi_flows,bpm6,assets,,Assets,,bpm6_line,2016,net,412987349.98000003000000,412.98734998000003,million_usd,numeric,,2026-09-30,FDI_Eng_bpm6.xlsx,Sheet1,C88,published
fdi_flows,bpm6,assets,,Assets,,bpm6_line,2017,net,209282412.11000002000000,209.28241211000002,million_usd,numeric,,2026-09-30,FDI_Eng_bpm6.xlsx,Sheet1,C93,published
fdi_flows,bpm6,assets,,Assets,,bpm6_line,2018,net,293607479.82999999000000,293.60747982999999,million_usd,numeric,,2026-09-30,FDI_Eng_bpm6.xlsx,Sheet1,C98,published
fdi_flows,bpm6,assets,,Assets,,bpm6_line,2019,net,311618487.41000000,311.61848741,million_usd,numeric,,2026-09-30,FDI_Eng_bpm6.xlsx,Sheet1,C103,published
fdi_flows,bpm6,assets,,Assets,,bpm6_line,2020,net,-16117224.969999995000000,-16.117224969999995,million_usd,numeric,,2026-09-30,FDI_Eng_bpm6.xlsx,Sheet1,C108,published
fdi_flows,bpm6,assets,,Assets,,bpm6_line,2021,net,347327460.71999998000000,347.32746071999998,million_usd,numeric,,2026-09-30,FDI_Eng_bpm6.xlsx,Sheet1,C113,published
fdi_flows,bpm6,assets,,Assets,,bpm6_line,2022,net,365171475.91000003000000,365.17147591000003,million_usd,numeric,,2026-09-30,FDI_Eng_bpm6.xlsx,Sheet1,C118,published
fdi_flows,bpm6,assets,,Assets,,bpm6_line,2023,net,481616207.03000000,481.61620703,million_usd,numeric,,2026-09-30,FDI_Eng_bpm6.xlsx,Sheet1,C123,published
fdi_flows,bpm6,assets,,Assets,,bpm6_line,2024,net,467159511.40000004000000,467.15951140000004,million_usd,numeric,,2026-09-30,FDI_Eng_bpm6.xlsx,Sheet1,C128,published
fdi_flows,bpm6,assets,,Assets,,bpm6_line,2025,net,273459732.25000000,273.45973225,million_usd,numeric,,2026-09-30,FDI_Eng_bpm6.xlsx,Sheet1,C133,published
fdi_flows,bpm6,balance,,Balance1,,bpm6_line,2000,net,-128067895.33999998000000,-128.06789533999998,million_usd,numeric,,2026-09-30,FDI_Eng_bpm6.xlsx,Sheet1,B8,published
fdi_flows,bpm6,balance,,Balance1,,bpm6_line,2001,net,-105779435.48999998000000,-105.77943548999998,million_usd,numeric,,2026-09-30,FDI_Eng_bpm6.xlsx,Sheet1,B13,published
fdi_flows,bpm6,balance,,Balance1,,bpm6_line,2002,net,-156119460.46000000,-156.11946046,million_usd,numeric,,2026-09-30,FDI_Eng_bpm6.xlsx,Sheet1,B18,published
fdi_flows,bpm6,balance,,Balance1,,bpm6_line,2003,net,-330805341.62000004000000,-330.80534162000004,million_usd,numeric,,2026-09-30,FDI_Eng_bpm6.xlsx,Sheet1,B23,published
fdi_flows,bpm6,balance,,Balance1,,bpm6_line,2004,net,-482758940.01000000,-482.75894001,million_usd,numeric,,2026-09-30,FDI_Eng_bpm6.xlsx,Sheet1,B28,published
fdi_flows,bpm6,balance,,Balance1,,bpm6_line,2005,net,-542229625.33999998000000,-542.22962533999998,million_usd,numeric,,2026-09-30,FDI_Eng_bpm6.xlsx,Sheet1,B33,published
fdi_flows,bpm6,balance,,Balance1,,bpm6_line,2006,net,-1184560923.7600002000000,-1184.5609237600002,million_usd,numeric,,2026-09-30,FDI_Eng_bpm6.xlsx,Sheet1,B38,published
fdi_flows,bpm6,balance,,Balance1,,bpm6_line,2007,net,-1690826793.3199998000000,-1690.8267933199998,million_usd,numeric,,2026-09-30,FDI_Eng_bpm6.xlsx,Sheet1,B43,published
fdi_flows,bpm6,balance,,Balance1,,bpm6_line,2008,net,-1428631125.74000000,-1428.63112574,million_usd,numeric,,2026-09-30,FDI_Eng_bpm6.xlsx,Sheet1,B48,published
fdi_flows,bpm6,balance,,Balance1,,bpm6_line,2009,net,-685300808.06000001000000,-685.30080806000001,million_usd,numeric,,2026-09-30,FDI_Eng_bpm6.xlsx,Sheet1,B53,published
fdi_flows,bpm6,balance,,Balance1,,bpm6_line,2010,net,-730489603.66000006000000,-730.48960366000006,million_usd,numeric,,2026-09-30,FDI_Eng_bpm6.xlsx,Sheet1,B58,published
fdi_flows,bpm6,balance,,Balance1,,bpm6_line,2011,net,-987355065.54000006000000,-987.35506554000006,million_usd,numeric,,2026-09-30,FDI_Eng_bpm6.xlsx,Sheet1,B63,published
fdi_flows,bpm6,balance,,Balance1,,bpm6_line,2012,net,-751274688.89999989000000,-751.27468889999989,million_usd,numeric,,2026-09-30,FDI_Eng_bpm6.xlsx,Sheet1,B68,published
fdi_flows,bpm6,balance,,Balance1,,bpm6_line,2013,net,-919270053.34000000,-919.27005334,million_usd,numeric,,2026-09-30,FDI_Eng_bpm6.xlsx,Sheet1,B73,published
fdi_flows,bpm6,balance,,Balance1,,bpm6_line,2014,net,-1430328331.6299999000000,-1430.3283316299999,million_usd,numeric,,2026-09-30,FDI_Eng_bpm6.xlsx,Sheet1,B78,published
fdi_flows,bpm6,balance,,Balance1,,bpm6_line,2015,net,-1419607447.1999998000000,-1419.6074471999998,million_usd,numeric,,2026-09-30,FDI_Eng_bpm6.xlsx,Sheet1,B83,published
fdi_flows,bpm6,balance,,Balance1,,bpm6_line,2016,net,-1246836683.3899997000000,-1246.8366833899997,million_usd,numeric,,2026-09-30,FDI_Eng_bpm6.xlsx,Sheet1,B88,published
fdi_flows,bpm6,balance,,Balance1,,bpm6_line,2017,net,-1721098982.6499997000000,-1721.0989826499997,million_usd,numeric,,2026-09-30,FDI_Eng_bpm6.xlsx,Sheet1,B93,published
fdi_flows,bpm6,balance,,Balance1,,bpm6_line,2018,net,-1010417427.8700001000000,-1010.4174278700001,million_usd,numeric,,2026-09-30,FDI_Eng_bpm6.xlsx,Sheet1,B98,published
fdi_flows,bpm6,balance,,Balance1,,bpm6_line,2019,net,-1086260689.88000000,-1086.26068988,million_usd,numeric,,2026-09-30,FDI_Eng_bpm6.xlsx,Sheet1,B103,published
fdi_flows,bpm6,balance,,Balance1,,bpm6_line,2020,net,-573290728.15999984000000,-573.29072815999984,million_usd,numeric,,2026-09-30,FDI_Eng_bpm6.xlsx,Sheet1,B108,published
fdi_flows,bpm6,balance,,Balance1,,bpm6_line,2021,net,-971653404.36000008000000,-971.65340436000008,million_usd,numeric,,2026-09-30,FDI_Eng_bpm6.xlsx,Sheet1,B113,published
fdi_flows,bpm6,balance,,Balance1,,bpm6_line,2022,net,-1926705051.51000000,-1926.70505151,million_usd,numeric,,2026-09-30,FDI_Eng_bpm6.xlsx,Sheet1,B118,published
fdi_flows,bpm6,balance,,Balance1,,bpm6_line,2023,net,-1780863064.2000005000000,-1780.8630642000005,million_usd,numeric,,2026-09-30,FDI_Eng_bpm6.xlsx,Sheet1,B123,published
fdi_flows,bpm6,balance,,Balance1,,bpm6_line,2024,net,-1164816709.4299997000000,-1164.8167094299997,million_usd,numeric,,2026-09-30,FDI_Eng_bpm6.xlsx,Sheet1,B128,published
fdi_flows,bpm6,balance,,Balance1,,bpm6_line,2025,net,-1600960793.1199998000000,-1600.9607931199998,million_usd,numeric,,2026-09-30,FDI_Eng_bpm6.xlsx,Sheet1,B133,published
fdi_flows,bpm6,liabilities,,Liabilities,,bpm6_line,2000,net,131466678.33999999000000,131.46667833999999,million_usd,numeric,,2026-09-30,FDI_Eng_bpm6.xlsx,Sheet1,D8,published
fdi_flows,bpm6,liabilities,,Liabilities,,bpm6_line,2001,net,109871635.48999999000000,109.87163548999999,million_usd,numeric,,2026-09-30,FDI_Eng_bpm6.xlsx,Sheet1,D13,published
fdi_flows,bpm6,liabilities,,Liabilities,,bpm6_line,2002,net,160398660.46000000,160.39866046,million_usd,numeric,,2026-09-30,FDI_Eng_bpm6.xlsx,Sheet1,D18,published
fdi_flows,bpm6,liabilities,,Liabilities,,bpm6_line,2003,net,334891041.62000001000000,334.89104162000001,million_usd,numeric,,2026-09-30,FDI_Eng_bpm6.xlsx,Sheet1,D23,published
fdi_flows,bpm6,liabilities,,Liabilities,,bpm6_line,2004,net,492732940.00999999000000,492.73294000999999,million_usd,numeric,,2026-09-30,FDI_Eng_bpm6.xlsx,Sheet1,D28,published
fdi_flows,bpm6,liabilities,,Liabilities,,bpm6_line,2005,net,453107292.01000004000000,453.10729201000004,million_usd,numeric,,2026-09-30,FDI_Eng_bpm6.xlsx,Sheet1,D33,published
fdi_flows,bpm6,liabilities,,Liabilities,,bpm6_line,2006,net,1171394522.2500001000000,1171.3945222500001,million_usd,numeric,,2026-09-30,FDI_Eng_bpm6.xlsx,Sheet1,D38,published
fdi_flows,bpm6,liabilities,,Liabilities,,bpm6_line,2007,net,1892093991.0999998000000,1892.0939910999998,million_usd,numeric,,2026-09-30,FDI_Eng_bpm6.xlsx,Sheet1,D43,published
fdi_flows,bpm6,liabilities,,Liabilities,,bpm6_line,2008,net,1602232455.97000000,1602.23245597,million_usd,numeric,,2026-09-30,FDI_Eng_bpm6.xlsx,Sheet1,D48,published
fdi_flows,bpm6,liabilities,,Liabilities,,bpm6_line,2009,net,660800885.26999998000000,660.80088526999998,million_usd,numeric,,2026-09-30,FDI_Eng_bpm6.xlsx,Sheet1,D53,published
fdi_flows,bpm6,liabilities,,Liabilities,,bpm6_line,2010,net,920915812.73000008000000,920.91581273000008,million_usd,numeric,,2026-09-30,FDI_Eng_bpm6.xlsx,Sheet1,D58,published
fdi_flows,bpm6,liabilities,,Liabilities,,bpm6_line,2011,net,1170087549.5000000,1170.0875495,million_usd,numeric,,2026-09-30,FDI_Eng_bpm6.xlsx,Sheet1,D63,published
fdi_flows,bpm6,liabilities,,Liabilities,,bpm6_line,2012,net,968196197.62999992000000,968.19619762999992,million_usd,numeric,,2026-09-30,FDI_Eng_bpm6.xlsx,Sheet1,D68,published
fdi_flows,bpm6,liabilities,,Liabilities,,bpm6_line,2013,net,1046562195.15000000,1046.56219515,million_usd,numeric,,2026-09-30,FDI_Eng_bpm6.xlsx,Sheet1,D73,published
fdi_flows,bpm6,liabilities,,Liabilities,,bpm6_line,2014,net,1836879042.8299999000000,1836.8790428299999,million_usd,numeric,,2026-09-30,FDI_Eng_bpm6.xlsx,Sheet1,D78,published
fdi_flows,bpm6,liabilities,,Liabilities,,bpm6_line,2015,net,1735307118.6299999000000,1735.3071186299999,million_usd,numeric,,2026-09-30,FDI_Eng_bpm6.xlsx,Sheet1,D83,published
fdi_flows,bpm6,liabilities,,Liabilities,,bpm6_line,2016,net,1659824033.3699998000000,1659.8240333699998,million_usd,numeric,,2026-09-30,FDI_Eng_bpm6.xlsx,Sheet1,D88,published
fdi_flows,bpm6,liabilities,,Liabilities,,bpm6_line,2017,net,1930381394.7599997000000,1930.3813947599997,million_usd,numeric,,2026-09-30,FDI_Eng_bpm6.xlsx,Sheet1,D93,published
fdi_flows,bpm6,liabilities,,Liabilities,,bpm6_line,2018,net,1304024907.7000001000000,1304.0249077000001,million_usd,numeric,,2026-09-30,FDI_Eng_bpm6.xlsx,Sheet1,D98,published
fdi_flows,bpm6,liabilities,,Liabilities,,bpm6_line,2019,net,1397879177.2899999000000,1397.8791772899999,million_usd,numeric,,2026-09-30,FDI_Eng_bpm6.xlsx,Sheet1,D103,published
fdi_flows,bpm6,liabilities,,Liabilities,,bpm6_line,2020,net,557173503.18999991000000,557.17350318999991,million_usd,numeric,,2026-09-30,FDI_Eng_bpm6.xlsx,Sheet1,D108,published
fdi_flows,bpm6,liabilities,,Liabilities,,bpm6_line,2021,net,1318980865.0800001000000,1318.9808650800001,million_usd,numeric,,2026-09-30,FDI_Eng_bpm6.xlsx,Sheet1,D113,published
fdi_flows,bpm6,liabilities,,Liabilities,,bpm6_line,2022,net,2291876527.42000000,2291.87652742,million_usd,numeric,,2026-09-30,FDI_Eng_bpm6.xlsx,Sheet1,D118,published
fdi_flows,bpm6,liabilities,,Liabilities,,bpm6_line,2023,net,2262479271.2300004000000,2262.4792712300004,million_usd,numeric,,2026-09-30,FDI_Eng_bpm6.xlsx,Sheet1,D123,published
fdi_flows,bpm6,liabilities,,Liabilities,,bpm6_line,2024,net,1631976220.8299999000000,1631.9762208299999,million_usd,numeric,,2026-09-30,FDI_Eng_bpm6.xlsx,Sheet1,D128,published
fdi_flows,bpm6,liabilities,,Liabilities,,bpm6_line,2025,net,1874420525.3699997000000,1874.4205253699997,million_usd,numeric,,2026-09-30,FDI_Eng_bpm6.xlsx,Sheet1,D133,published
fdi_flows,component,debt_instruments,,Debt instruments^^,total,component,2013,inflow,226640103.44003164000,226640.10344003164,thousand_usd,numeric,,2026-08-17,FDI_Eng-components.xlsx,Components (annual),B9,published
fdi_flows,component,debt_instruments,,Debt instruments^^,total,component,2014,inflow,363419808.07158101000,363419.80807158101,thousand_usd,numeric,,2026-08-17,FDI_Eng-components.xlsx,Components (annual),C9,published
fdi_flows,component,debt_instruments,,Debt instruments^^,total,component,2015,inflow,287202358.89491148000,287202.35889491148,thousand_usd,numeric,,2026-08-17,FDI_Eng-components.xlsx,Components (annual),D9,published
fdi_flows,component,debt_instruments,,Debt instruments^^,total,component,2016,inflow,-466174082.79999997000,-466174.08279999997,thousand_usd,numeric,,2026-08-17,FDI_Eng-components.xlsx,Components (annual),E9,published
fdi_flows,component,debt_instruments,,Debt instruments^^,total,component,2017,inflow,259085578.60000012000,259085.57860000012,thousand_usd,numeric,,2026-08-17,FDI_Eng-components.xlsx,Components (annual),F9,published
fdi_flows,component,debt_instruments,,Debt instruments^^,total,component,2018,inflow,50030639.899999995000,50030.639899999995,thousand_usd,numeric,,2026-08-17,FDI_Eng-components.xlsx,Components (annual),G9,published
fdi_flows,component,debt_instruments,,Debt instruments^^,total,component,2019,inflow,142803700.00000001000,142803.70000000001,thousand_usd,numeric,,2026-08-17,FDI_Eng-components.xlsx,Components (annual),H9,published
fdi_flows,component,debt_instruments,,Debt instruments^^,total,component,2020,inflow,47325276.900000041000,47325.276900000041,thousand_usd,numeric,,2026-08-17,FDI_Eng-components.xlsx,Components (annual),I9,published
fdi_flows,component,debt_instruments,,Debt instruments^^,total,component,2021,inflow,268070701.69999998000,268070.70169999998,thousand_usd,numeric,,2026-08-17,FDI_Eng-components.xlsx,Components (annual),J9,published
fdi_flows,component,debt_instruments,,Debt instruments^^,total,component,2022,inflow,255768388.49999988000,255768.38849999988,thousand_usd,numeric,,2026-08-17,FDI_Eng-components.xlsx,Components (annual),K9,published
fdi_flows,component,debt_instruments,,Debt instruments^^,total,component,2023,inflow,-899071710.10000003000,-899071.71010000003,thousand_usd,numeric,,2026-08-17,FDI_Eng-components.xlsx,Components (annual),L9,published
fdi_flows,component,debt_instruments,,Debt instruments^^,total,component,2024,inflow,-298686030.29999975000,-298686.03029999975,thousand_usd,numeric,,2026-08-17,FDI_Eng-components.xlsx,Components (annual),M9,published
fdi_flows,component,debt_instruments,,Debt instruments^^,total,component,2025,inflow,-352852186.49999995000,-352852.18649999995,thousand_usd,numeric,,2026-08-17,FDI_Eng-components.xlsx,Components (annual),N9,published
fdi_flows,component,equity,,Equity,total,component,2013,inflow,535770844.20894238000,535770.84420894238,thousand_usd,numeric,,2026-08-17,FDI_Eng-components.xlsx,Components (annual),B7,published
fdi_flows,component,equity,,Equity,total,component,2014,inflow,1150667184.9172499000,1150667.1849172499,thousand_usd,numeric,,2026-08-17,FDI_Eng-components.xlsx,Components (annual),C7,published
fdi_flows,component,equity,,Equity,total,component,2015,inflow,1283870211.2167352000,1283870.2112167352,thousand_usd,numeric,,2026-08-17,FDI_Eng-components.xlsx,Components (annual),D7,published
fdi_flows,component,equity,,Equity,total,component,2016,inflow,1809192493.4999999000,1809192.4934999999,thousand_usd,numeric,,2026-08-17,FDI_Eng-components.xlsx,Components (annual),E7,published
fdi_flows,component,equity,,Equity,total,component,2017,inflow,1114981711.4000004000,1114981.7114000004,thousand_usd,numeric,,2026-08-17,FDI_Eng-components.xlsx,Components (annual),F7,published
fdi_flows,component,equity,,Equity,total,component,2018,inflow,866582809.89999999000,866582.80989999999,thousand_usd,numeric,,2026-08-17,FDI_Eng-components.xlsx,Components (annual),G7,published
fdi_flows,component,equity,,Equity,total,component,2019,inflow,588437699.99999995000,588437.69999999995,thousand_usd,numeric,,2026-08-17,FDI_Eng-components.xlsx,Components (annual),H7,published
fdi_flows,component,equity,,Equity,total,component,2020,inflow,48382237.500000017000,48382.237500000017,thousand_usd,numeric,,2026-08-17,FDI_Eng-components.xlsx,Components (annual),I7,published
fdi_flows,component,equity,,Equity,total,component,2021,inflow,254149046.89999993000,254149.04689999993,thousand_usd,numeric,,2026-08-17,FDI_Eng-components.xlsx,Components (annual),J7,published
fdi_flows,component,equity,,Equity,total,component,2022,inflow,621843434.80000016000,621843.43480000016,thousand_usd,numeric,,2026-08-17,FDI_Eng-components.xlsx,Components (annual),K7,published
fdi_flows,component,equity,,Equity,total,component,2023,inflow,1376773676.500001000,1376773.676500001,thousand_usd,numeric,,2026-08-17,FDI_Eng-components.xlsx,Components (annual),L7,published
fdi_flows,component,equity,,Equity,total,component,2024,inflow,544524428.00000007000,544524.42800000007,thousand_usd,numeric,,2026-08-17,FDI_Eng-components.xlsx,Components (annual),M7,published
fdi_flows,component,equity,,Equity,total,component,2025,inflow,685693099.39999972000,685693.09939999972,thousand_usd,numeric,,2026-08-17,FDI_Eng-components.xlsx,Components (annual),N7,published
fdi_flows,component,reinvestment_of_earnings,,Reinvestment of earnings^,total,component,2013,inflow,276763207.43558771000,276763.20743558771,thousand_usd,numeric,,2026-08-17,FDI_Eng-components.xlsx,Components (annual),B8,published
fdi_flows,component,reinvestment_of_earnings,,Reinvestment of earnings^,total,component,2014,inflow,322892984.11450745000,322892.98411450745,thousand_usd,numeric,,2026-08-17,FDI_Eng-components.xlsx,Components (annual),C8,published
fdi_flows,component,reinvestment_of_earnings,,Reinvestment of earnings^,total,component,2015,inflow,157685560.05202138000,157685.56005202138,thousand_usd,numeric,,2026-08-17,FDI_Eng-components.xlsx,Components (annual),D8,published
fdi_flows,component,reinvestment_of_earnings,,Reinvestment of earnings^,total,component,2016,inflow,310991119.10000019000,310991.11910000019,thousand_usd,numeric,,2026-08-17,FDI_Eng-components.xlsx,Components (annual),E8,published
fdi_flows,component,reinvestment_of_earnings,,Reinvestment of earnings^,total,component,2017,inflow,616459150.69999907000,616459.15069999907,thousand_usd,numeric,,2026-08-17,FDI_Eng-components.xlsx,Components (annual),F8,published
fdi_flows,component,reinvestment_of_earnings,,Reinvestment of earnings^,total,component,2018,inflow,433994714.69999995000,433994.71469999995,thousand_usd,numeric,,2026-08-17,FDI_Eng-components.xlsx,Components (annual),G8,published
fdi_flows,component,reinvestment_of_earnings,,Reinvestment of earnings^,total,component,2019,inflow,636553900.0,636553.9,thousand_usd,numeric,,2026-08-17,FDI_Eng-components.xlsx,Components (annual),H8,published
fdi_flows,component,reinvestment_of_earnings,,Reinvestment of earnings^,total,component,2020,inflow,500443900.70000006000,500443.90070000006,thousand_usd,numeric,,2026-08-17,FDI_Eng-components.xlsx,Components (annual),I8,published
fdi_flows,component,reinvestment_of_earnings,,Reinvestment of earnings^,total,component,2021,inflow,771420168.19999984000,771420.16819999984,thousand_usd,numeric,,2026-08-17,FDI_Eng-components.xlsx,Components (annual),J8,published
fdi_flows,component,reinvestment_of_earnings,,Reinvestment of earnings^,total,component,2022,inflow,1380723433.3999986000,1380723.4333999986,thousand_usd,numeric,,2026-08-17,FDI_Eng-components.xlsx,Components (annual),K8,published
fdi_flows,component,reinvestment_of_earnings,,Reinvestment of earnings^,total,component,2023,inflow,1592177194.5000009000,1592177.1945000009,thousand_usd,numeric,,2026-08-17,FDI_Eng-components.xlsx,Components (annual),L8,published
fdi_flows,component,reinvestment_of_earnings,,Reinvestment of earnings^,total,component,2024,inflow,1346888887.7000005000,1346888.8877000005,thousand_usd,numeric,,2026-08-17,FDI_Eng-components.xlsx,Components (annual),M8,published
fdi_flows,component,reinvestment_of_earnings,,Reinvestment of earnings^,total,component,2025,inflow,1567545288.0999988000,1567545.2880999988,thousand_usd,numeric,,2026-08-17,FDI_Eng-components.xlsx,Components (annual),N8,published
fdi_flows,component,total,,Total,,total,2013,inflow,1039174155.0845617000,1039174.1550845617,thousand_usd,numeric,,2026-08-17,FDI_Eng-components.xlsx,Components (annual),B5,published
fdi_flows,component,total,,Total,,total,2014,inflow,1836979977.1033388000,1836979.9771033388,thousand_usd,numeric,,2026-08-17,FDI_Eng-components.xlsx,Components (annual),C5,published
fdi_flows,component,total,,Total,,total,2015,inflow,1728758130.1636673000,1728758.1301636673,thousand_usd,numeric,,2026-08-17,FDI_Eng-components.xlsx,Components (annual),D5,published
fdi_flows,component,total,,Total,,total,2016,inflow,1654009529.8000001000,1654009.5298000001,thousand_usd,numeric,,2026-08-17,FDI_Eng-components.xlsx,Components (annual),E5,published
fdi_flows,component,total,,Total,,total,2017,inflow,1990526440.6999997000,1990526.4406999997,thousand_usd,numeric,,2026-08-17,FDI_Eng-components.xlsx,Components (annual),F5,published
fdi_flows,component,total,,Total,,total,2018,inflow,1350608164.5000,1350608.1645,thousand_usd,numeric,,2026-08-17,FDI_Eng-components.xlsx,Components (annual),G5,published
fdi_flows,component,total,,Total,,total,2019,inflow,1367795300.0,1367795.3,thousand_usd,numeric,,2026-08-17,FDI_Eng-components.xlsx,Components (annual),H5,published
fdi_flows,component,total,,Total,,total,2020,inflow,596151415.1000001000,596151.4151000001,thousand_usd,numeric,,2026-08-17,FDI_Eng-components.xlsx,Components (annual),I5,published
fdi_flows,component,total,,Total,,total,2021,inflow,1293639916.7999998000,1293639.9167999998,thousand_usd,numeric,,2026-08-17,FDI_Eng-components.xlsx,Components (annual),J5,published
fdi_flows,component,total,,Total,,total,2022,inflow,2258335256.6999989000,2258335.2566999989,thousand_usd,numeric,,2026-08-17,FDI_Eng-components.xlsx,Components (annual),K5,published
fdi_flows,component,total,,Total,,total,2023,inflow,2069879160.9000023000,2069879.1609000023,thousand_usd,numeric,,2026-08-17,FDI_Eng-components.xlsx,Components (annual),L5,published
fdi_flows,component,total,,Total,,total,2024,inflow,1592727285.4000009000,1592727.2854000009,thousand_usd,numeric,,2026-08-17,FDI_Eng-components.xlsx,Components (annual),M5,published
fdi_flows,component,total,,Total,,total,2025,inflow,1900386200.9999987000,1900386.2009999987,thousand_usd,numeric,,2026-08-17,FDI_Eng-components.xlsx,Components (annual),N5,published
fdi_flows,country,group_cis,,CIS countries,total,country_group,1996,inflow,3753450.00,3753.45,thousand_usd,numeric,,2026-08-17,FDI_Eng-countries.xlsx,FDI (annual),C36,published
fdi_flows,country,group_cis,,CIS countries,total,country_group,1997,inflow,27726582.800000004000,27726.582800000004,thousand_usd,numeric,,2026-08-17,FDI_Eng-countries.xlsx,FDI (annual),D36,published
fdi_flows,country,group_cis,,CIS countries,total,country_group,1998,inflow,37949760.506000006000,37949.760506000006,thousand_usd,numeric,,2026-08-17,FDI_Eng-countries.xlsx,FDI (annual),E36,published
fdi_flows,country,group_cis,,CIS countries,total,country_group,1999,inflow,525240.17427999991000,525.24017427999991,thousand_usd,numeric,,2026-08-17,FDI_Eng-countries.xlsx,FDI (annual),F36,published
fdi_flows,country,group_cis,,CIS countries,total,country_group,2000,inflow,6088078.2707609997000,6088.0782707609997,thousand_usd,numeric,,2026-08-17,FDI_Eng-countries.xlsx,FDI (annual),G36,published
fdi_flows,country,group_cis,,CIS countries,total,country_group,2001,inflow,5036347.4362910001000,5036.3474362910001,thousand_usd,numeric,,2026-08-17,FDI_Eng-countries.xlsx,FDI (annual),H36,published
fdi_flows,country,group_cis,,CIS countries,total,country_group,2002,inflow,4775675.3436499994000,4775.6753436499994,thousand_usd,numeric,,2026-08-17,FDI_Eng-countries.xlsx,FDI (annual),I36,published
fdi_flows,country,group_cis,,CIS countries,total,country_group,2003,inflow,71167425.013350003000,71167.425013350003,thousand_usd,numeric,,2026-08-17,FDI_Eng-countries.xlsx,FDI (annual),J36,published
fdi_flows,country,group_cis,,CIS countries,total,country_group,2004,inflow,111605225.29947000,111605.22529947,thousand_usd,numeric,,2026-08-17,FDI_Eng-countries.xlsx,FDI (annual),K36,published
fdi_flows,country,group_cis,,CIS countries,total,country_group,2005,inflow,107360330.23937000,107360.33023937,thousand_usd,numeric,,2026-08-17,FDI_Eng-countries.xlsx,FDI (annual),L36,published
fdi_flows,country,group_cis,,CIS countries,total,country_group,2006,inflow,265672116.09400006000,265672.11609400006,thousand_usd,numeric,,2026-08-17,FDI_Eng-countries.xlsx,FDI (annual),M36,published
fdi_flows,country,group_cis,,CIS countries,total,country_group,2007,inflow,160051827.33065222000,160051.82733065222,thousand_usd,numeric,,2026-08-17,FDI_Eng-countries.xlsx,FDI (annual),N36,published
fdi_flows,country,group_cis,,CIS countries,total,country_group,2008,inflow,121004670.23595281000,121004.67023595281,thousand_usd,numeric,,2026-08-17,FDI_Eng-countries.xlsx,FDI (annual),O36,published
fdi_flows,country,group_cis,,CIS countries,total,country_group,2009,inflow,8342596.6175200047000,8342.5966175200047,thousand_usd,numeric,,2026-08-17,FDI_Eng-countries.xlsx,FDI (annual),P36,published
fdi_flows,country,group_cis,,CIS countries,total,country_group,2010,inflow,133845783.58034999000,133845.78358034999,thousand_usd,numeric,,2026-08-17,FDI_Eng-countries.xlsx,FDI (annual),Q36,published
fdi_flows,country,group_cis,,CIS countries,total,country_group,2011,inflow,150330511.80855001000,150330.51180855001,thousand_usd,numeric,,2026-08-17,FDI_Eng-countries.xlsx,FDI (annual),R36,published
fdi_flows,country,group_cis,,CIS countries,total,country_group,2012,inflow,98578496.602097934000,98578.496602097934,thousand_usd,numeric,,2026-08-17,FDI_Eng-countries.xlsx,FDI (annual),S36,published
fdi_flows,country,group_cis,,CIS countries,total,country_group,2013,inflow,144429535.356849000,144429.535356849,thousand_usd,numeric,,2026-08-17,FDI_Eng-countries.xlsx,FDI (annual),T36,published
fdi_flows,country,group_cis,,CIS countries,total,country_group,2014,inflow,457690346.57630068000,457690.34657630068,thousand_usd,numeric,,2026-08-17,FDI_Eng-countries.xlsx,FDI (annual),U36,published
fdi_flows,country,group_cis,,CIS countries,total,country_group,2015,inflow,634028053.99543501000,634028.05399543501,thousand_usd,numeric,,2026-08-17,FDI_Eng-countries.xlsx,FDI (annual),V36,published
fdi_flows,country,group_cis,,CIS countries,total,country_group,2016,inflow,610469215.60000011000,610469.21560000011,thousand_usd,numeric,,2026-08-17,FDI_Eng-countries.xlsx,FDI (annual),W36,published
fdi_flows,country,group_cis,,CIS countries,total,country_group,2017,inflow,520626549.10000006000,520626.54910000006,thousand_usd,numeric,,2026-08-17,FDI_Eng-countries.xlsx,FDI (annual),X36,published
fdi_flows,country,group_cis,,CIS countries,total,country_group,2018,inflow,304403057.80000007000,304403.05780000007,thousand_usd,numeric,,2026-08-17,FDI_Eng-countries.xlsx,FDI (annual),Y36,published
fdi_flows,country,group_cis,,CIS countries,total,country_group,2019,inflow,155128802.70000003000,155128.80270000003,thousand_usd,numeric,,2026-08-17,FDI_Eng-countries.xlsx,FDI (annual),Z36,published
fdi_flows,country,group_cis,,CIS countries,total,country_group,2020,inflow,57389198.800000013000,57389.198800000013,thousand_usd,numeric,,2026-08-17,FDI_Eng-countries.xlsx,FDI (annual),AA36,published
fdi_flows,country,group_cis,,CIS countries,total,country_group,2021,inflow,108955271.59999998000,108955.27159999998,thousand_usd,numeric,,2026-08-17,FDI_Eng-countries.xlsx,FDI (annual),AB36,published
fdi_flows,country,group_cis,,CIS countries,total,country_group,2022,inflow,179619498.59999999000,179619.49859999999,thousand_usd,numeric,,2026-08-17,FDI_Eng-countries.xlsx,FDI (annual),AC36,published
fdi_flows,country,group_cis,,CIS countries,total,country_group,2023,inflow,318277808.59999999000,318277.80859999999,thousand_usd,numeric,,2026-08-17,FDI_Eng-countries.xlsx,FDI (annual),AD36,published
fdi_flows,country,group_cis,,CIS countries,total,country_group,2024,inflow,243270635.40000003000,243270.63540000003,thousand_usd,numeric,,2026-08-17,FDI_Eng-countries.xlsx,FDI (annual),AE36,published
fdi_flows,country,group_cis,,CIS countries,total,country_group,2025,inflow,420896650.20000003000,420896.65020000003,thousand_usd,numeric,,2026-08-17,FDI_Eng-countries.xlsx,FDI (annual),AF36,published
fdi_flows,country,group_eu27,,EU countries (27),total,country_group,1996,inflow,,-,thousand_usd,not_applicable,,2026-08-17,FDI_Eng-countries.xlsx,FDI (annual),C7,published
fdi_flows,country,group_eu27,,EU countries (27),total,country_group,1997,inflow,20808371.148097001000,20808.371148097001,thousand_usd,numeric,,2026-08-17,FDI_Eng-countries.xlsx,FDI (annual),D7,published
fdi_flows,country,group_eu27,,EU countries (27),total,country_group,1998,inflow,23068815.474471001000,23068.815474471001,thousand_usd,numeric,,2026-08-17,FDI_Eng-countries.xlsx,FDI (annual),E7,published
fdi_flows,country,group_eu27,,EU countries (27),total,country_group,1999,inflow,3525273.5459660003000,3525.2735459660003,thousand_usd,numeric,,2026-08-17,FDI_Eng-countries.xlsx,FDI (annual),F7,published
fdi_flows,country,group_eu27,,EU countries (27),total,country_group,2000,inflow,36726839.923300002000,36726.839923300002,thousand_usd,numeric,,2026-08-17,FDI_Eng-countries.xlsx,FDI (annual),G7,published
fdi_flows,country,group_eu27,,EU countries (27),total,country_group,2001,inflow,63421349.613050006000,63421.349613050006,thousand_usd,numeric,,2026-08-17,FDI_Eng-countries.xlsx,FDI (annual),H7,published
fdi_flows,country,group_eu27,,EU countries (27),total,country_group,2002,inflow,40469434.941817999000,40469.434941817999,thousand_usd,numeric,,2026-08-17,FDI_Eng-countries.xlsx,FDI (annual),I7,published
fdi_flows,country,group_eu27,,EU countries (27),total,country_group,2003,inflow,58063057.715761992000,58063.057715761992,thousand_usd,numeric,,2026-08-17,FDI_Eng-countries.xlsx,FDI (annual),J7,published
fdi_flows,country,group_eu27,,EU countries (27),total,country_group,2004,inflow,107226112.02455602000,107226.11202455602,thousand_usd,numeric,,2026-08-17,FDI_Eng-countries.xlsx,FDI (annual),K7,published
fdi_flows,country,group_eu27,,EU countries (27),total,country_group,2005,inflow,112299119.81215401000,112299.11981215401,thousand_usd,numeric,,2026-08-17,FDI_Eng-countries.xlsx,FDI (annual),L7,published
fdi_flows,country,group_eu27,,EU countries (27),total,country_group,2006,inflow,293777760.63871989000,293777.76063871989,thousand_usd,numeric,,2026-08-17,FDI_Eng-countries.xlsx,FDI (annual),M7,published
fdi_flows,country,group_eu27,,EU countries (27),total,country_group,2007,inflow,906023011.53893967000,906023.01153893967,thousand_usd,numeric,,2026-08-17,FDI_Eng-countries.xlsx,FDI (annual),N7,published
fdi_flows,country,group_eu27,,EU countries (27),total,country_group,2008,inflow,335559116.03409139000,335559.11603409139,thousand_usd,numeric,,2026-08-17,FDI_Eng-countries.xlsx,FDI (annual),O7,published
fdi_flows,country,group_eu27,,EU countries (27),total,country_group,2009,inflow,156548734.27735997000,156548.73427735997,thousand_usd,numeric,,2026-08-17,FDI_Eng-countries.xlsx,FDI (annual),P7,published
fdi_flows,country,group_eu27,,EU countries (27),total,country_group,2010,inflow,189533715.27237177000,189533.71527237177,thousand_usd,numeric,,2026-08-17,FDI_Eng-countries.xlsx,FDI (annual),Q7,published
fdi_flows,country,group_eu27,,EU countries (27),total,country_group,2011,inflow,435161382.05832941000,435161.38205832941,thousand_usd,numeric,,2026-08-17,FDI_Eng-countries.xlsx,FDI (annual),R7,published
fdi_flows,country,group_eu27,,EU countries (27),total,country_group,2012,inflow,370060669.99702679000,370060.66999702679,thousand_usd,numeric,,2026-08-17,FDI_Eng-countries.xlsx,FDI (annual),S7,published
fdi_flows,country,group_eu27,,EU countries (27),total,country_group,2013,inflow,369928682.57056299000,369928.68257056299,thousand_usd,numeric,,2026-08-17,FDI_Eng-countries.xlsx,FDI (annual),T7,published
fdi_flows,country,group_eu27,,EU countries (27),total,country_group,2014,inflow,727114377.75024481000,727114.37775024481,thousand_usd,numeric,,2026-08-17,FDI_Eng-countries.xlsx,FDI (annual),U7,published
fdi_flows,country,group_eu27,,EU countries (27),total,country_group,2015,inflow,417150402.50707715000,417150.40250707715,thousand_usd,numeric,,2026-08-17,FDI_Eng-countries.xlsx,FDI (annual),V7,published
fdi_flows,country,group_eu27,,EU countries (27),total,country_group,2016,inflow,327829199.89999995000,327829.19989999995,thousand_usd,numeric,,2026-08-17,FDI_Eng-countries.xlsx,FDI (annual),W7,published
fdi_flows,country,group_eu27,,EU countries (27),total,country_group,2017,inflow,566765067.40000006000,566765.06740000006,thousand_usd,numeric,,2026-08-17,FDI_Eng-countries.xlsx,FDI (annual),X7,published
fdi_flows,country,group_eu27,,EU countries (27),total,country_group,2018,inflow,419497398.90000009000,419497.39890000009,thousand_usd,numeric,,2026-08-17,FDI_Eng-countries.xlsx,FDI (annual),Y7,published
fdi_flows,country,group_eu27,,EU countries (27),total,country_group,2019,inflow,303502168.49999985000,303502.16849999985,thousand_usd,numeric,,2026-08-17,FDI_Eng-countries.xlsx,FDI (annual),Z7,published
fdi_flows,country,group_eu27,,EU countries (27),total,country_group,2020,inflow,347959284.3000,347959.2843,thousand_usd,numeric,,2026-08-17,FDI_Eng-countries.xlsx,FDI (annual),AA7,published
fdi_flows,country,group_eu27,,EU countries (27),total,country_group,2021,inflow,392453502.60000012000,392453.50260000012,thousand_usd,numeric,,2026-08-17,FDI_Eng-countries.xlsx,FDI (annual),AB7,published
fdi_flows,country,group_eu27,,EU countries (27),total,country_group,2022,inflow,861610149.50000017000,861610.14950000017,thousand_usd,numeric,,2026-08-17,FDI_Eng-countries.xlsx,FDI (annual),AC7,published
fdi_flows,country,group_eu27,,EU countries (27),total,country_group,2023,inflow,691542214.50000012000,691542.21450000012,thousand_usd,numeric,,2026-08-17,FDI_Eng-countries.xlsx,FDI (annual),AD7,published
fdi_flows,country,group_eu27,,EU countries (27),total,country_group,2024,inflow,437893582.29999989000,437893.58229999989,thousand_usd,numeric,,2026-08-17,FDI_Eng-countries.xlsx,FDI (annual),AE7,published
fdi_flows,country,group_eu27,,EU countries (27),total,country_group,2025,inflow,602855182.59999994000,602855.18259999994,thousand_usd,numeric,,2026-08-17,FDI_Eng-countries.xlsx,FDI (annual),AF7,published
fdi_flows,country,group_other,,Other countries,total,country_group,1996,inflow,,-,thousand_usd,not_applicable,,2026-08-17,FDI_Eng-countries.xlsx,FDI (annual),C48,published
fdi_flows,country,group_other,,Other countries,total,country_group,1997,inflow,194051046.05239999000,194051.04605239999,thousand_usd,numeric,,2026-08-17,FDI_Eng-countries.xlsx,FDI (annual),D48,published
fdi_flows,country,group_other,,Other countries,total,country_group,1998,inflow,204313193.53364001000,204313.19353364001,thousand_usd,numeric,,2026-08-17,FDI_Eng-countries.xlsx,FDI (annual),E48,published
fdi_flows,country,group_other,,Other countries,total,country_group,1999,inflow,78156486.279507997000,78156.486279507997,thousand_usd,numeric,,2026-08-17,FDI_Eng-countries.xlsx,FDI (annual),F48,published
fdi_flows,country,group_other,,Other countries,total,country_group,2000,inflow,88416960.153972002000,88416.960153972002,thousand_usd,numeric,,2026-08-17,FDI_Eng-countries.xlsx,FDI (annual),G48,published
fdi_flows,country,group_other,,Other countries,total,country_group,2001,inflow,41382138.438548005000,41382.138438548005,thousand_usd,numeric,,2026-08-17,FDI_Eng-countries.xlsx,FDI (annual),H48,published
fdi_flows,country,group_other,,Other countries,total,country_group,2002,inflow,113890456.77878000,113890.45677878,thousand_usd,numeric,,2026-08-17,FDI_Eng-countries.xlsx,FDI (annual),I48,published
fdi_flows,country,group_other,,Other countries,total,country_group,2003,inflow,203247807.09044001000,203247.80709044001,thousand_usd,numeric,,2026-08-17,FDI_Eng-countries.xlsx,FDI (annual),J48,published
fdi_flows,country,group_other,,Other countries,total,country_group,2004,inflow,272453081.46930998000,272453.08146930998,thousand_usd,numeric,,2026-08-17,FDI_Eng-countries.xlsx,FDI (annual),K48,published
fdi_flows,country,group_other,,Other countries,total,country_group,2005,inflow,229484920.994199000,229484.920994199,thousand_usd,numeric,,2026-08-17,FDI_Eng-countries.xlsx,FDI (annual),L48,published
fdi_flows,country,group_other,,Other countries,total,country_group,2006,inflow,597422507.85658718000,597422.50785658718,thousand_usd,numeric,,2026-08-17,FDI_Eng-countries.xlsx,FDI (annual),M48,published
fdi_flows,country,group_other,,Other countries,total,country_group,2007,inflow,685579877.90004048000,685579.87790004048,thousand_usd,numeric,,2026-08-17,FDI_Eng-countries.xlsx,FDI (annual),N48,published
fdi_flows,country,group_other,,Other countries,total,country_group,2008,inflow,1095028500.2559097000,1095028.5002559097,thousand_usd,numeric,,2026-08-17,FDI_Eng-countries.xlsx,FDI (annual),O48,published
fdi_flows,country,group_other,,Other countries,total,country_group,2009,inflow,460077264.61332000,460077.26461332,thousand_usd,numeric,,2026-08-17,FDI_Eng-countries.xlsx,FDI (annual),P48,published
fdi_flows,country,group_other,,Other countries,total,country_group,2010,inflow,497072131.44202897000,497072.13144202897,thousand_usd,numeric,,2026-08-17,FDI_Eng-countries.xlsx,FDI (annual),Q48,published
fdi_flows,country,group_other,,Other countries,total,country_group,2011,inflow,453582747.57756578000,453582.74757756578,thousand_usd,numeric,,2026-08-17,FDI_Eng-countries.xlsx,FDI (annual),R48,published
fdi_flows,country,group_other,,Other countries,total,country_group,2012,inflow,516133152.33419271000,516133.15233419271,thousand_usd,numeric,,2026-08-17,FDI_Eng-countries.xlsx,FDI (annual),S48,published
fdi_flows,country,group_other,,Other countries,total,country_group,2013,inflow,470135098.24026463000,470135.09824026463,thousand_usd,numeric,,2026-08-17,FDI_Eng-countries.xlsx,FDI (annual),T48,published
fdi_flows,country,group_other,,Other countries,total,country_group,2014,inflow,758155631.33409363000,758155.63133409363,thousand_usd,numeric,,2026-08-17,FDI_Eng-countries.xlsx,FDI (annual),U48,published
fdi_flows,country,group_other,,Other countries,total,country_group,2015,inflow,631057110.56974798000,631057.11056974798,thousand_usd,numeric,,2026-08-17,FDI_Eng-countries.xlsx,FDI (annual),V48,published
fdi_flows,country,group_other,,Other countries,total,country_group,2016,inflow,677287742.30000004000,677287.74230000004,thousand_usd,numeric,,2026-08-17,FDI_Eng-countries.xlsx,FDI (annual),W48,published
fdi_flows,country,group_other,,Other countries,total,country_group,2017,inflow,900618734.29999989000,900618.73429999989,thousand_usd,numeric,,2026-08-17,FDI_Eng-countries.xlsx,FDI (annual),X48,published
fdi_flows,country,group_other,,Other countries,total,country_group,2018,inflow,625080236.69999978000,625080.23669999978,thousand_usd,numeric,,2026-08-17,FDI_Eng-countries.xlsx,FDI (annual),Y48,published
fdi_flows,country,group_other,,Other countries,total,country_group,2019,inflow,902280627.39999976000,902280.62739999976,thousand_usd,numeric,,2026-08-17,FDI_Eng-countries.xlsx,FDI (annual),Z48,published
fdi_flows,country,group_other,,Other countries,total,country_group,2020,inflow,189344886.90000016000,189344.88690000016,thousand_usd,numeric,,2026-08-17,FDI_Eng-countries.xlsx,FDI (annual),AA48,published
fdi_flows,country,group_other,,Other countries,total,country_group,2021,inflow,788541264.59999988000,788541.26459999988,thousand_usd,numeric,,2026-08-17,FDI_Eng-countries.xlsx,FDI (annual),AB48,published
fdi_flows,country,group_other,,Other countries,total,country_group,2022,inflow,1215775170.9999999000,1215775.1709999999,thousand_usd,numeric,,2026-08-17,FDI_Eng-countries.xlsx,FDI (annual),AC48,published
fdi_flows,country,group_other,,Other countries,total,country_group,2023,inflow,1139352647.5000,1139352.6475,thousand_usd,numeric,,2026-08-17,FDI_Eng-countries.xlsx,FDI (annual),AD48,published
fdi_flows,country,group_other,,Other countries,total,country_group,2024,inflow,904983593.80000003000,904983.59380000003,thousand_usd,numeric,,2026-08-17,FDI_Eng-countries.xlsx,FDI (annual),AE48,published
fdi_flows,country,group_other,,Other countries,total,country_group,2025,inflow,873201313.79999989000,873201.31379999989,thousand_usd,numeric,,2026-08-17,FDI_Eng-countries.xlsx,FDI (annual),AF48,published
fdi_flows,country,international_organizations,,International Organizations,total,unallocated,1996,inflow,,-,thousand_usd,not_applicable,,2026-08-17,FDI_Eng-countries.xlsx,FDI (annual),C88,published
fdi_flows,country,international_organizations,,International Organizations,total,unallocated,1997,inflow,,-,thousand_usd,not_applicable,,2026-08-17,FDI_Eng-countries.xlsx,FDI (annual),D88,published
fdi_flows,country,international_organizations,,International Organizations,total,unallocated,1998,inflow,,-,thousand_usd,not_applicable,,2026-08-17,FDI_Eng-countries.xlsx,FDI (annual),E88,published
fdi_flows,country,international_organizations,,International Organizations,total,unallocated,1999,inflow,,-,thousand_usd,not_applicable,,2026-08-17,FDI_Eng-countries.xlsx,FDI (annual),F88,published
fdi_flows,country,international_organizations,,International Organizations,total,unallocated,2000,inflow,,-,thousand_usd,not_applicable,,2026-08-17,FDI_Eng-countries.xlsx,FDI (annual),G88,published
fdi_flows,country,international_organizations,,International Organizations,total,unallocated,2001,inflow,,-,thousand_usd,not_applicable,,2026-08-17,FDI_Eng-countries.xlsx,FDI (annual),H88,published
fdi_flows,country,international_organizations,,International Organizations,total,unallocated,2002,inflow,448531.79999999998000,448.53179999999998,thousand_usd,numeric,,2026-08-17,FDI_Eng-countries.xlsx,FDI (annual),I88,published
fdi_flows,country,international_organizations,,International Organizations,total,unallocated,2003,inflow,1235937.3600000001000,1235.9373600000001,thousand_usd,numeric,,2026-08-17,FDI_Eng-countries.xlsx,FDI (annual),J88,published
fdi_flows,country,international_organizations,,International Organizations,total,unallocated,2004,inflow,776706.82999999997000,776.70682999999997,thousand_usd,numeric,,2026-08-17,FDI_Eng-countries.xlsx,FDI (annual),K88,published
fdi_flows,country,international_organizations,,International Organizations,total,unallocated,2005,inflow,3279470.6199999996000,3279.4706199999996,thousand_usd,numeric,,2026-08-17,FDI_Eng-countries.xlsx,FDI (annual),L88,published
fdi_flows,country,international_organizations,,International Organizations,total,unallocated,2006,inflow,14619299.679140289000,14619.299679140289,thousand_usd,numeric,,2026-08-17,FDI_Eng-countries.xlsx,FDI (annual),M88,published
fdi_flows,country,international_organizations,,International Organizations,total,unallocated,2007,inflow,13066105.5431365000,13066.1055431365,thousand_usd,numeric,,2026-08-17,FDI_Eng-countries.xlsx,FDI (annual),N88,published
fdi_flows,country,international_organizations,,International Organizations,total,unallocated,2008,inflow,23650953.120131377000,23650.953120131377,thousand_usd,numeric,,2026-08-17,FDI_Eng-countries.xlsx,FDI (annual),O88,published
fdi_flows,country,international_organizations,,International Organizations,total,unallocated,2009,inflow,30739225.200000004000,30739.225200000004,thousand_usd,numeric,,2026-08-17,FDI_Eng-countries.xlsx,FDI (annual),P88,published
fdi_flows,country,international_organizations,,International Organizations,total,unallocated,2010,inflow,45186041.699999994000,45186.041699999994,thousand_usd,numeric,,2026-08-17,FDI_Eng-countries.xlsx,FDI (annual),Q88,published
fdi_flows,country,international_organizations,,International Organizations,total,unallocated,2011,inflow,94896504.400000005000,94896.504400000005,thousand_usd,numeric,,2026-08-17,FDI_Eng-countries.xlsx,FDI (annual),R88,published
fdi_flows,country,international_organizations,,International Organizations,total,unallocated,2012,inflow,63454726.499999997000,63454.726499999997,thousand_usd,numeric,,2026-08-17,FDI_Eng-countries.xlsx,FDI (annual),S88,published
fdi_flows,country,international_organizations,,International Organizations,total,unallocated,2013,inflow,54680836.316885208000,54680.836316885208,thousand_usd,numeric,,2026-08-17,FDI_Eng-countries.xlsx,FDI (annual),T88,published
fdi_flows,country,international_organizations,,International Organizations,total,unallocated,2014,inflow,-105980379.15729971000,-105980.37915729971,thousand_usd,numeric,,2026-08-17,FDI_Eng-countries.xlsx,FDI (annual),U88,published
fdi_flows,country,international_organizations,,International Organizations,total,unallocated,2015,inflow,39779528.091436609000,39779.528091436609,thousand_usd,numeric,,2026-08-17,FDI_Eng-countries.xlsx,FDI (annual),V88,published
fdi_flows,country,international_organizations,,International Organizations,total,unallocated,2016,inflow,43125717.499999999000,43125.717499999999,thousand_usd,numeric,,2026-08-17,FDI_Eng-countries.xlsx,FDI (annual),W88,published
fdi_flows,country,international_organizations,,International Organizations,total,unallocated,2017,inflow,2516089.8999999999000,2516.0898999999999,thousand_usd,numeric,,2026-08-17,FDI_Eng-countries.xlsx,FDI (annual),X88,published
fdi_flows,country,international_organizations,,International Organizations,total,unallocated,2018,inflow,1627471.1000000011000,1627.4711000000011,thousand_usd,numeric,,2026-08-17,FDI_Eng-countries.xlsx,FDI (annual),Y88,published
fdi_flows,country,international_organizations,,International Organizations,total,unallocated,2019,inflow,6883749.2999999995000,6883.7492999999995,thousand_usd,numeric,,2026-08-17,FDI_Eng-countries.xlsx,FDI (annual),Z88,published
fdi_flows,country,international_organizations,,International Organizations,total,unallocated,2020,inflow,1458045.0999999973000,1458.0450999999973,thousand_usd,numeric,,2026-08-17,FDI_Eng-countries.xlsx,FDI (annual),AA88,published
fdi_flows,country,international_organizations,,International Organizations,total,unallocated,2021,inflow,3689878.0000000015000,3689.8780000000015,thousand_usd,numeric,,2026-08-17,FDI_Eng-countries.xlsx,FDI (annual),AB88,published
fdi_flows,country,international_organizations,,International Organizations,total,unallocated,2022,inflow,1330437.5999999993000,1330.4375999999993,thousand_usd,numeric,,2026-08-17,FDI_Eng-countries.xlsx,FDI (annual),AC88,published
fdi_flows,country,international_organizations,,International Organizations,total,unallocated,2023,inflow,-79293509.699999995000,-79293.509699999995,thousand_usd,numeric,,2026-08-17,FDI_Eng-countries.xlsx,FDI (annual),AD88,published
fdi_flows,country,international_organizations,,International Organizations,total,unallocated,2024,inflow,6579473.899999999000,6579.473899999999,thousand_usd,numeric,,2026-08-17,FDI_Eng-countries.xlsx,FDI (annual),AE88,published
fdi_flows,country,international_organizations,,International Organizations,total,unallocated,2025,inflow,3433054.4000,3433.0544,thousand_usd,numeric,,2026-08-17,FDI_Eng-countries.xlsx,FDI (annual),AF88,published
fdi_flows,country,m49_031,031,Azerbaijan,group_cis,country,1996,inflow,,-,thousand_usd,not_applicable,,2026-08-17,FDI_Eng-countries.xlsx,FDI (annual),C37,published
fdi_flows,country,m49_031,031,Azerbaijan,group_cis,country,1997,inflow,12888430.566000001000,12888.430566000001,thousand_usd,numeric,,2026-08-17,FDI_Eng-countries.xlsx,FDI (annual),D37,published
fdi_flows,country,m49_031,031,Azerbaijan,group_cis,country,1998,inflow,13018371.956999999000,13018.371956999999,thousand_usd,numeric,,2026-08-17,FDI_Eng-countries.xlsx,FDI (annual),E37,published
fdi_flows,country,m49_031,031,Azerbaijan,group_cis,country,1999,inflow,,-,thousand_usd,not_applicable,,2026-08-17,FDI_Eng-countries.xlsx,FDI (annual),F37,published
fdi_flows,country,m49_031,031,Azerbaijan,group_cis,country,2000,inflow,,-,thousand_usd,not_applicable,,2026-08-17,FDI_Eng-countries.xlsx,FDI (annual),G37,published
fdi_flows,country,m49_031,031,Azerbaijan,group_cis,country,2001,inflow,,-,thousand_usd,not_applicable,,2026-08-17,FDI_Eng-countries.xlsx,FDI (annual),H37,published
fdi_flows,country,m49_031,031,Azerbaijan,group_cis,country,2002,inflow,-2215848.88000,-2215.84888,thousand_usd,numeric,,2026-08-17,FDI_Eng-countries.xlsx,FDI (annual),I37,published
fdi_flows,country,m49_031,031,Azerbaijan,group_cis,country,2003,inflow,27481697.178999999000,27481.697178999999,thousand_usd,numeric,,2026-08-17,FDI_Eng-countries.xlsx,FDI (annual),J37,published
fdi_flows,country,m49_031,031,Azerbaijan,group_cis,country,2004,inflow,66883569.147999995000,66883.569147999995,thousand_usd,numeric,,2026-08-17,FDI_Eng-countries.xlsx,FDI (annual),K37,published
fdi_flows,country,m49_031,031,Azerbaijan,group_cis,country,2005,inflow,64704396.681000006000,64704.396681000006,thousand_usd,numeric,,2026-08-17,FDI_Eng-countries.xlsx,FDI (annual),L37,published
fdi_flows,country,m49_031,031,Azerbaijan,group_cis,country,2006,inflow,71020981.433000008000,71020.981433000008,thousand_usd,numeric,,2026-08-17,FDI_Eng-countries.xlsx,FDI (annual),M37,published
fdi_flows,country,m49_031,031,Azerbaijan,group_cis,country,2007,inflow,19766912.873999994000,19766.912873999994,thousand_usd,numeric,,2026-08-17,FDI_Eng-countries.xlsx,FDI (annual),N37,published
fdi_flows,country,m49_031,031,Azerbaijan,group_cis,country,2008,inflow,23371880.167802825000,23371.880167802825,thousand_usd,numeric,,2026-08-17,FDI_Eng-countries.xlsx,FDI (annual),O37,published
fdi_flows,country,m49_031,031,Azerbaijan,group_cis,country,2009,inflow,29923288.917520003000,29923.288917520003,thousand_usd,numeric,,2026-08-17,FDI_Eng-countries.xlsx,FDI (annual),P37,published
fdi_flows,country,m49_031,031,Azerbaijan,group_cis,country,2010,inflow,62859642.098999997000,62859.642098999997,thousand_usd,numeric,,2026-08-17,FDI_Eng-countries.xlsx,FDI (annual),Q37,published
fdi_flows,country,m49_031,031,Azerbaijan,group_cis,country,2011,inflow,69454577.42300001000,69454.57742300001,thousand_usd,numeric,,2026-08-17,FDI_Eng-countries.xlsx,FDI (annual),R37,published
fdi_flows,country,m49_031,031,Azerbaijan,group_cis,country,2012,inflow,61287424.174597938000,61287.424174597938,thousand_usd,numeric,,2026-08-17,FDI_Eng-countries.xlsx,FDI (annual),S37,published
fdi_flows,country,m49_031,031,Azerbaijan,group_cis,country,2013,inflow,84620425.282886587000,84620.425282886587,thousand_usd,numeric,,2026-08-17,FDI_Eng-countries.xlsx,FDI (annual),T37,published
fdi_flows,country,m49_031,031,Azerbaijan,group_cis,country,2014,inflow,340549835.77543037000,340549.83577543037,thousand_usd,numeric,,2026-08-17,FDI_Eng-countries.xlsx,FDI (annual),U37,published
fdi_flows,country,m49_031,031,Azerbaijan,group_cis,country,2015,inflow,581739056.39861373000,581739.05639861373,thousand_usd,numeric,,2026-08-17,FDI_Eng-countries.xlsx,FDI (annual),V37,published
fdi_flows,country,m49_031,031,Azerbaijan,group_cis,country,2016,inflow,555138156.00000008000,555138.15600000008,thousand_usd,numeric,,2026-08-17,FDI_Eng-countries.xlsx,FDI (annual),W37,published
fdi_flows,country,m49_031,031,Azerbaijan,group_cis,country,2017,inflow,460502157.80000016000,460502.15780000016,thousand_usd,numeric,,2026-08-17,FDI_Eng-countries.xlsx,FDI (annual),X37,published
fdi_flows,country,m49_031,031,Azerbaijan,group_cis,country,2018,inflow,246713293.10000004000,246713.29310000004,thousand_usd,numeric,,2026-08-17,FDI_Eng-countries.xlsx,FDI (annual),Y37,published
fdi_flows,country,m49_031,031,Azerbaijan,group_cis,country,2019,inflow,39705426.000000021000,39705.426000000021,thousand_usd,numeric,,2026-08-17,FDI_Eng-countries.xlsx,FDI (annual),Z37,published
fdi_flows,country,m49_031,031,Azerbaijan,group_cis,country,2020,inflow,-16345988.899999997000,-16345.988899999997,thousand_usd,numeric,,2026-08-17,FDI_Eng-countries.xlsx,FDI (annual),AA37,published
fdi_flows,country,m49_031,031,Azerbaijan,group_cis,country,2021,inflow,3342546.1000000028000,3342.5461000000028,thousand_usd,numeric,,2026-08-17,FDI_Eng-countries.xlsx,FDI (annual),AB37,published
fdi_flows,country,m49_031,031,Azerbaijan,group_cis,country,2022,inflow,10942805.6000,10942.8056,thousand_usd,numeric,,2026-08-17,FDI_Eng-countries.xlsx,FDI (annual),AC37,published
fdi_flows,country,m49_031,031,Azerbaijan,group_cis,country,2023,inflow,101457158.99999999000,101457.15899999999,thousand_usd,numeric,,2026-08-17,FDI_Eng-countries.xlsx,FDI (annual),AD37,published
fdi_flows,country,m49_031,031,Azerbaijan,group_cis,country,2024,inflow,87213565.700000006000,87213.565700000006,thousand_usd,numeric,,2026-08-17,FDI_Eng-countries.xlsx,FDI (annual),AE37,published
fdi_flows,country,m49_031,031,Azerbaijan,group_cis,country,2025,inflow,214367147.000,214367.147,thousand_usd,numeric,,2026-08-17,FDI_Eng-countries.xlsx,FDI (annual),AF37,published
fdi_flows,country,m49_032,032,Argentina,group_other,country,1996,inflow,,-,thousand_usd,not_applicable,,2026-08-17,FDI_Eng-countries.xlsx,FDI (annual),C49,published
fdi_flows,country,m49_032,032,Argentina,group_other,country,1997,inflow,,-,thousand_usd,not_applicable,,2026-08-17,FDI_Eng-countries.xlsx,FDI (annual),D49,published
fdi_flows,country,m49_032,032,Argentina,group_other,country,1998,inflow,,-,thousand_usd,not_applicable,,2026-08-17,FDI_Eng-countries.xlsx,FDI (annual),E49,published
fdi_flows,country,m49_032,032,Argentina,group_other,country,1999,inflow,,-,thousand_usd,not_applicable,,2026-08-17,FDI_Eng-countries.xlsx,FDI (annual),F49,published
fdi_flows,country,m49_032,032,Argentina,group_other,country,2000,inflow,,-,thousand_usd,not_applicable,,2026-08-17,FDI_Eng-countries.xlsx,FDI (annual),G49,published
fdi_flows,country,m49_032,032,Argentina,group_other,country,2001,inflow,,-,thousand_usd,not_applicable,,2026-08-17,FDI_Eng-countries.xlsx,FDI (annual),H49,published
fdi_flows,country,m49_032,032,Argentina,group_other,country,2002,inflow,,-,thousand_usd,not_applicable,,2026-08-17,FDI_Eng-countries.xlsx,FDI (annual),I49,published
fdi_flows,country,m49_032,032,Argentina,group_other,country,2003,inflow,,-,thousand_usd,not_applicable,,2026-08-17,FDI_Eng-countries.xlsx,FDI (annual),J49,published
fdi_flows,country,m49_032,032,Argentina,group_other,country,2004,inflow,,-,thousand_usd,not_applicable,,2026-08-17,FDI_Eng-countries.xlsx,FDI (annual),K49,published
fdi_flows,country,m49_032,032,Argentina,group_other,country,2005,inflow,93090.463818000003000,93.090463818000003,thousand_usd,numeric,,2026-08-17,FDI_Eng-countries.xlsx,FDI (annual),L49,published
fdi_flows,country,m49_032,032,Argentina,group_other,country,2006,inflow,100511.53314000,100.51153314,thousand_usd,numeric,,2026-08-17,FDI_Eng-countries.xlsx,FDI (annual),M49,published
fdi_flows,country,m49_032,032,Argentina,group_other,country,2007,inflow,40578.568543000003000,40.578568543000003,thousand_usd,numeric,,2026-08-17,FDI_Eng-countries.xlsx,FDI (annual),N49,published
fdi_flows,country,m49_032,032,Argentina,group_other,country,2008,inflow,-90156.762099999995000,-90.156762099999995,thousand_usd,numeric,,2026-08-17,FDI_Eng-countries.xlsx,FDI (annual),O49,published
fdi_flows,country,m49_032,032,Argentina,group_other,country,2009,inflow,,-,thousand_usd,not_applicable,,2026-08-17,FDI_Eng-countries.xlsx,FDI (annual),P49,published
fdi_flows,country,m49_032,032,Argentina,group_other,country,2010,inflow,,-,thousand_usd,not_applicable,,2026-08-17,FDI_Eng-countries.xlsx,FDI (annual),Q49,published
fdi_flows,country,m49_032,032,Argentina,group_other,country,2011,inflow,,-,thousand_usd,not_applicable,,2026-08-17,FDI_Eng-countries.xlsx,FDI (annual),R49,published
fdi_flows,country,m49_032,032,Argentina,group_other,country,2012,inflow,,-,thousand_usd,not_applicable,,2026-08-17,FDI_Eng-countries.xlsx,FDI (annual),S49,published
fdi_flows,country,m49_032,032,Argentina,group_other,country,2013,inflow,,-,thousand_usd,not_applicable,,2026-08-17,FDI_Eng-countries.xlsx,FDI (annual),T49,published
fdi_flows,country,m49_032,032,Argentina,group_other,country,2014,inflow,,-,thousand_usd,not_applicable,,2026-08-17,FDI_Eng-countries.xlsx,FDI (annual),U49,published
fdi_flows,country,m49_032,032,Argentina,group_other,country,2015,inflow,,-,thousand_usd,not_applicable,,2026-08-17,FDI_Eng-countries.xlsx,FDI (annual),V49,published
fdi_flows,country,m49_032,032,Argentina,group_other,country,2016,inflow,,-,thousand_usd,not_applicable,,2026-08-17,FDI_Eng-countries.xlsx,FDI (annual),W49,published
fdi_flows,country,m49_032,032,Argentina,group_other,country,2017,inflow,69393.000000000001000,69.393000000000001,thousand_usd,numeric,,2026-08-17,FDI_Eng-countries.xlsx,FDI (annual),X49,published
fdi_flows,country,m49_032,032,Argentina,group_other,country,2018,inflow,-104025.8000,-104.0258,thousand_usd,numeric,,2026-08-17,FDI_Eng-countries.xlsx,FDI (annual),Y49,published
fdi_flows,country,m49_032,032,Argentina,group_other,country,2019,inflow,,-,thousand_usd,not_applicable,,2026-08-17,FDI_Eng-countries.xlsx,FDI (annual),Z49,published
fdi_flows,country,m49_032,032,Argentina,group_other,country,2020,inflow,-1089.1999999999999000,-1.0891999999999999,thousand_usd,numeric,,2026-08-17,FDI_Eng-countries.xlsx,FDI (annual),AA49,published
fdi_flows,country,m49_032,032,Argentina,group_other,country,2021,inflow,-550.49999999999999000,-0.55049999999999999,thousand_usd,numeric,,2026-08-17,FDI_Eng-countries.xlsx,FDI (annual),AB49,published
fdi_flows,country,m49_032,032,Argentina,group_other,country,2022,inflow,14694.100000000001000,14.694100000000001,thousand_usd,numeric,,2026-08-17,FDI_Eng-countries.xlsx,FDI (annual),AC49,published
fdi_flows,country,m49_032,032,Argentina,group_other,country,2023,inflow,2385.5000,2.3855,thousand_usd,numeric,,2026-08-17,FDI_Eng-countries.xlsx,FDI (annual),AD49,published
fdi_flows,country,m49_032,032,Argentina,group_other,country,2024,inflow,164613.50000000002000,164.61350000000002,thousand_usd,numeric,,2026-08-17,FDI_Eng-countries.xlsx,FDI (annual),AE49,published
fdi_flows,country,m49_032,032,Argentina,group_other,country,2025,inflow,192706.3000,192.7063,thousand_usd,numeric,,2026-08-17,FDI_Eng-countries.xlsx,FDI (annual),AF49,published
fdi_flows,country,m49_036,036,Australia,group_other,country,1996,inflow,,-,thousand_usd,not_applicable,,2026-08-17,FDI_Eng-countries.xlsx,FDI (annual),C50,published
fdi_flows,country,m49_036,036,Australia,group_other,country,1997,inflow,27065704.188000,27065.704188,thousand_usd,numeric,,2026-08-17,FDI_Eng-countries.xlsx,FDI (annual),D50,published
fdi_flows,country,m49_036,036,Australia,group_other,country,1998,inflow,27270917.294999999000,27270.917294999999,thousand_usd,numeric,,2026-08-17,FDI_Eng-countries.xlsx,FDI (annual),E50,published
fdi_flows,country,m49_036,036,Australia,group_other,country,1999,inflow,,-,thousand_usd,not_applicable,,2026-08-17,FDI_Eng-countries.xlsx,FDI (annual),F50,published
fdi_flows,country,m49_036,036,Australia,group_other,country,2000,inflow,2409163.6690999999000,2409.1636690999999,thousand_usd,numeric,,2026-08-17,FDI_Eng-countries.xlsx,FDI (annual),G50,published
fdi_flows,country,m49_036,036,Australia,group_other,country,2001,inflow,,-,thousand_usd,not_applicable,,2026-08-17,FDI_Eng-countries.xlsx,FDI (annual),H50,published
fdi_flows,country,m49_036,036,Australia,group_other,country,2002,inflow,,-,thousand_usd,not_applicable,,2026-08-17,FDI_Eng-countries.xlsx,FDI (annual),I50,published
fdi_flows,country,m49_036,036,Australia,group_other,country,2003,inflow,26225922.149999999000,26225.922149999999,thousand_usd,numeric,,2026-08-17,FDI_Eng-countries.xlsx,FDI (annual),J50,published
fdi_flows,country,m49_036,036,Australia,group_other,country,2004,inflow,,-,thousand_usd,not_applicable,,2026-08-17,FDI_Eng-countries.xlsx,FDI (annual),K50,published
fdi_flows,country,m49_036,036,Australia,group_other,country,2005,inflow,921538.05754999996000,921.53805754999996,thousand_usd,numeric,,2026-08-17,FDI_Eng-countries.xlsx,FDI (annual),L50,published
fdi_flows,country,m49_036,036,Australia,group_other,country,2006,inflow,1939404.722000,1939.404722,thousand_usd,numeric,,2026-08-17,FDI_Eng-countries.xlsx,FDI (annual),M50,published
fdi_flows,country,m49_036,036,Australia,group_other,country,2007,inflow,207505.25823000001000,207.50525823000001,thousand_usd,numeric,,2026-08-17,FDI_Eng-countries.xlsx,FDI (annual),N50,published
fdi_flows,country,m49_036,036,Australia,group_other,country,2008,inflow,109216.42249999999000,109.21642249999999,thousand_usd,numeric,,2026-08-17,FDI_Eng-countries.xlsx,FDI (annual),O50,published
fdi_flows,country,m49_036,036,Australia,group_other,country,2009,inflow,99198.999999999998000,99.198999999999998,thousand_usd,numeric,,2026-08-17,FDI_Eng-countries.xlsx,FDI (annual),P50,published
fdi_flows,country,m49_036,036,Australia,group_other,country,2010,inflow,-238177.70000000002000,-238.17770000000002,thousand_usd,numeric,,2026-08-17,FDI_Eng-countries.xlsx,FDI (annual),Q50,published
fdi_flows,country,m49_036,036,Australia,group_other,country,2011,inflow,95634.900000000002000,95.634900000000002,thousand_usd,numeric,,2026-08-17,FDI_Eng-countries.xlsx,FDI (annual),R50,published
fdi_flows,country,m49_036,036,Australia,group_other,country,2012,inflow,139494.50000000002000,139.49450000000002,thousand_usd,numeric,,2026-08-17,FDI_Eng-countries.xlsx,FDI (annual),S50,published
fdi_flows,country,m49_036,036,Australia,group_other,country,2013,inflow,-255497.20000000002000,-255.49720000000002,thousand_usd,numeric,,2026-08-17,FDI_Eng-countries.xlsx,FDI (annual),T50,published
fdi_flows,country,m49_036,036,Australia,group_other,country,2014,inflow,25462.300000000006000,25.462300000000006,thousand_usd,numeric,,2026-08-17,FDI_Eng-countries.xlsx,FDI (annual),U50,published
fdi_flows,country,m49_036,036,Australia,group_other,country,2015,inflow,1627.8000000000021000,1.6278000000000021,thousand_usd,numeric,,2026-08-17,FDI_Eng-countries.xlsx,FDI (annual),V50,published
fdi_flows,country,m49_036,036,Australia,group_other,country,2016,inflow,4180905.8000000005000,4180.9058000000005,thousand_usd,numeric,,2026-08-17,FDI_Eng-countries.xlsx,FDI (annual),W50,published
fdi_flows,country,m49_036,036,Australia,group_other,country,2017,inflow,3441191.6000000001000,3441.1916000000001,thousand_usd,numeric,,2026-08-17,FDI_Eng-countries.xlsx,FDI (annual),X50,published
fdi_flows,country,m49_036,036,Australia,group_other,country,2018,inflow,563890.59999999995000,563.89059999999995,thousand_usd,numeric,,2026-08-17,FDI_Eng-countries.xlsx,FDI (annual),Y50,published
fdi_flows,country,m49_036,036,Australia,group_other,country,2019,inflow,2614921.8999999998000,2614.9218999999998,thousand_usd,numeric,,2026-08-17,FDI_Eng-countries.xlsx,FDI (annual),Z50,published
fdi_flows,country,m49_036,036,Australia,group_other,country,2020,inflow,1087098.5999999998000,1087.0985999999998,thousand_usd,numeric,,2026-08-17,FDI_Eng-countries.xlsx,FDI (annual),AA50,published
fdi_flows,country,m49_036,036,Australia,group_other,country,2021,inflow,2526414.3999999997000,2526.4143999999997,thousand_usd,numeric,,2026-08-17,FDI_Eng-countries.xlsx,FDI (annual),AB50,published
fdi_flows,country,m49_036,036,Australia,group_other,country,2022,inflow,2891151.3000000004000,2891.1513000000004,thousand_usd,numeric,,2026-08-17,FDI_Eng-countries.xlsx,FDI (annual),AC50,published
fdi_flows,country,m49_036,036,Australia,group_other,country,2023,inflow,1923451.5000000001000,1923.4515000000001,thousand_usd,numeric,,2026-08-17,FDI_Eng-countries.xlsx,FDI (annual),AD50,published
fdi_flows,country,m49_036,036,Australia,group_other,country,2024,inflow,1896359.5000,1896.3595,thousand_usd,numeric,,2026-08-17,FDI_Eng-countries.xlsx,FDI (annual),AE50,published
fdi_flows,country,m49_036,036,Australia,group_other,country,2025,inflow,978282.7000000002000,978.2827000000002,thousand_usd,numeric,,2026-08-17,FDI_Eng-countries.xlsx,FDI (annual),AF50,published
fdi_flows,country,m49_040,040,Austria,group_eu27,country,1996,inflow,,-,thousand_usd,not_applicable,,2026-08-17,FDI_Eng-countries.xlsx,FDI (annual),C8,published
fdi_flows,country,m49_040,040,Austria,group_eu27,country,1997,inflow,18688224.320000001000,18688.224320000001,thousand_usd,numeric,,2026-08-17,FDI_Eng-countries.xlsx,FDI (annual),D8,published
fdi_flows,country,m49_040,040,Austria,group_eu27,country,1998,inflow,18876639.337000001000,18876.639337000001,thousand_usd,numeric,,2026-08-17,FDI_Eng-countries.xlsx,FDI (annual),E8,published
fdi_flows,country,m49_040,040,Austria,group_eu27,country,1999,inflow,,-,thousand_usd,not_applicable,,2026-08-17,FDI_Eng-countries.xlsx,FDI (annual),F8,published
fdi_flows,country,m49_040,040,Austria,group_eu27,country,2000,inflow,,-,thousand_usd,not_applicable,,2026-08-17,FDI_Eng-countries.xlsx,FDI (annual),G8,published
fdi_flows,country,m49_040,040,Austria,group_eu27,country,2001,inflow,,-,thousand_usd,not_applicable,,2026-08-17,FDI_Eng-countries.xlsx,FDI (annual),H8,published
fdi_flows,country,m49_040,040,Austria,group_eu27,country,2002,inflow,-137208.95999999999000,-137.20895999999999,thousand_usd,numeric,,2026-08-17,FDI_Eng-countries.xlsx,FDI (annual),I8,published
fdi_flows,country,m49_040,040,Austria,group_eu27,country,2003,inflow,17971165.858000,17971.165858,thousand_usd,numeric,,2026-08-17,FDI_Eng-countries.xlsx,FDI (annual),J8,published
fdi_flows,country,m49_040,040,Austria,group_eu27,country,2004,inflow,23019989.681999999000,23019.989681999999,thousand_usd,numeric,,2026-08-17,FDI_Eng-countries.xlsx,FDI (annual),K8,published
fdi_flows,country,m49_040,040,Austria,group_eu27,country,2005,inflow,14784520.350999999000,14784.520350999999,thousand_usd,numeric,,2026-08-17,FDI_Eng-countries.xlsx,FDI (annual),L8,published
fdi_flows,country,m49_040,040,Austria,group_eu27,country,2006,inflow,10646520.741000,10646.520741,thousand_usd,numeric,,2026-08-17,FDI_Eng-countries.xlsx,FDI (annual),M8,published
fdi_flows,country,m49_040,040,Austria,group_eu27,country,2007,inflow,8946585.5910000009000,8946.5855910000009,thousand_usd,numeric,,2026-08-17,FDI_Eng-countries.xlsx,FDI (annual),N8,published
fdi_flows,country,m49_040,040,Austria,group_eu27,country,2008,inflow,51463374.336000001000,51463.374336000001,thousand_usd,numeric,,2026-08-17,FDI_Eng-countries.xlsx,FDI (annual),O8,published
fdi_flows,country,m49_040,040,Austria,group_eu27,country,2009,inflow,29709042.000000001000,29709.042000000001,thousand_usd,numeric,,2026-08-17,FDI_Eng-countries.xlsx,FDI (annual),P8,published
fdi_flows,country,m49_040,040,Austria,group_eu27,country,2010,inflow,10684739.781871547000,10684.739781871547,thousand_usd,numeric,,2026-08-17,FDI_Eng-countries.xlsx,FDI (annual),Q8,published
fdi_flows,country,m49_040,040,Austria,group_eu27,country,2011,inflow,32738295.907896631000,32738.295907896631,thousand_usd,numeric,,2026-08-17,FDI_Eng-countries.xlsx,FDI (annual),R8,published
fdi_flows,country,m49_040,040,Austria,group_eu27,country,2012,inflow,25999225.114940324000,25999.225114940324,thousand_usd,numeric,,2026-08-17,FDI_Eng-countries.xlsx,FDI (annual),S8,published
fdi_flows,country,m49_040,040,Austria,group_eu27,country,2013,inflow,7008170.9880333001000,7008.1709880333001,thousand_usd,numeric,,2026-08-17,FDI_Eng-countries.xlsx,FDI (annual),T8,published
fdi_flows,country,m49_040,040,Austria,group_eu27,country,2014,inflow,8000442.0376744984000,8000.4420376744984,thousand_usd,numeric,,2026-08-17,FDI_Eng-countries.xlsx,FDI (annual),U8,published
fdi_flows,country,m49_040,040,Austria,group_eu27,country,2015,inflow,19621375.218177302000,19621.375218177302,thousand_usd,numeric,,2026-08-17,FDI_Eng-countries.xlsx,FDI (annual),V8,published
fdi_flows,country,m49_040,040,Austria,group_eu27,country,2016,inflow,27805279.000000002000,27805.279000000002,thousand_usd,numeric,,2026-08-17,FDI_Eng-countries.xlsx,FDI (annual),W8,published
fdi_flows,country,m49_040,040,Austria,group_eu27,country,2017,inflow,6287270.6999999982000,6287.2706999999982,thousand_usd,numeric,,2026-08-17,FDI_Eng-countries.xlsx,FDI (annual),X8,published
fdi_flows,country,m49_040,040,Austria,group_eu27,country,2018,inflow,16682277.300000002000,16682.277300000002,thousand_usd,numeric,,2026-08-17,FDI_Eng-countries.xlsx,FDI (annual),Y8,published
fdi_flows,country,m49_040,040,Austria,group_eu27,country,2019,inflow,18247962.300000003000,18247.962300000003,thousand_usd,numeric,,2026-08-17,FDI_Eng-countries.xlsx,FDI (annual),Z8,published
fdi_flows,country,m49_040,040,Austria,group_eu27,country,2020,inflow,-11403787.6000,-11403.7876,thousand_usd,numeric,,2026-08-17,FDI_Eng-countries.xlsx,FDI (annual),AA8,published
fdi_flows,country,m49_040,040,Austria,group_eu27,country,2021,inflow,-6131027.9000,-6131.0279,thousand_usd,numeric,,2026-08-17,FDI_Eng-countries.xlsx,FDI (annual),AB8,published
fdi_flows,country,m49_040,040,Austria,group_eu27,country,2022,inflow,22777767.399999997000,22777.767399999997,thousand_usd,numeric,,2026-08-17,FDI_Eng-countries.xlsx,FDI (annual),AC8,published
fdi_flows,country,m49_040,040,Austria,group_eu27,country,2023,inflow,31833942.600000006000,31833.942600000006,thousand_usd,numeric,,2026-08-17,FDI_Eng-countries.xlsx,FDI (annual),AD8,published
fdi_flows,country,m49_040,040,Austria,group_eu27,country,2024,inflow,50009590.399999994000,50009.590399999994,thousand_usd,numeric,,2026-08-17,FDI_Eng-countries.xlsx,FDI (annual),AE8,published
fdi_flows,country,m49_040,040,Austria,group_eu27,country,2025,inflow,33497895.600000003000,33497.895600000003,thousand_usd,numeric,,2026-08-17,FDI_Eng-countries.xlsx,FDI (annual),AF8,published
fdi_flows,country,m49_044,044,Bahamas,group_other,country,1996,inflow,,-,thousand_usd,not_applicable,,2026-08-17,FDI_Eng-countries.xlsx,FDI (annual),C51,published
fdi_flows,country,m49_044,044,Bahamas,group_other,country,1997,inflow,,-,thousand_usd,not_applicable,,2026-08-17,FDI_Eng-countries.xlsx,FDI (annual),D51,published
fdi_flows,country,m49_044,044,Bahamas,group_other,country,1998,inflow,,-,thousand_usd,not_applicable,,2026-08-17,FDI_Eng-countries.xlsx,FDI (annual),E51,published
fdi_flows,country,m49_044,044,Bahamas,group_other,country,1999,inflow,,-,thousand_usd,not_applicable,,2026-08-17,FDI_Eng-countries.xlsx,FDI (annual),F51,published
fdi_flows,country,m49_044,044,Bahamas,group_other,country,2000,inflow,,-,thousand_usd,not_applicable,,2026-08-17,FDI_Eng-countries.xlsx,FDI (annual),G51,published
fdi_flows,country,m49_044,044,Bahamas,group_other,country,2001,inflow,,-,thousand_usd,not_applicable,,2026-08-17,FDI_Eng-countries.xlsx,FDI (annual),H51,published
fdi_flows,country,m49_044,044,Bahamas,group_other,country,2002,inflow,,-,thousand_usd,not_applicable,,2026-08-17,FDI_Eng-countries.xlsx,FDI (annual),I51,published
fdi_flows,country,m49_044,044,Bahamas,group_other,country,2003,inflow,,-,thousand_usd,not_applicable,,2026-08-17,FDI_Eng-countries.xlsx,FDI (annual),J51,published
fdi_flows,country,m49_044,044,Bahamas,group_other,country,2004,inflow,,-,thousand_usd,not_applicable,,2026-08-17,FDI_Eng-countries.xlsx,FDI (annual),K51,published
fdi_flows,country,m49_044,044,Bahamas,group_other,country,2005,inflow,,-,thousand_usd,not_applicable,,2026-08-17,FDI_Eng-countries.xlsx,FDI (annual),L51,published
fdi_flows,country,m49_044,044,Bahamas,group_other,country,2006,inflow,,-,thousand_usd,not_applicable,,2026-08-17,FDI_Eng-countries.xlsx,FDI (annual),M51,published
fdi_flows,country,m49_044,044,Bahamas,group_other,country,2007,inflow,-3194.1305310999999000,-3.1941305310999999,thousand_usd,numeric,,2026-08-17,FDI_Eng-countries.xlsx,FDI (annual),N51,published
fdi_flows,country,m49_044,044,Bahamas,group_other,country,2008,inflow,,-,thousand_usd,not_applicable,,2026-08-17,FDI_Eng-countries.xlsx,FDI (annual),O51,published
fdi_flows,country,m49_044,044,Bahamas,group_other,country,2009,inflow,,-,thousand_usd,not_applicable,,2026-08-17,FDI_Eng-countries.xlsx,FDI (annual),P51,published
fdi_flows,country,m49_044,044,Bahamas,group_other,country,2010,inflow,,-,thousand_usd,not_applicable,,2026-08-17,FDI_Eng-countries.xlsx,FDI (annual),Q51,published
fdi_flows,country,m49_044,044,Bahamas,group_other,country,2011,inflow,184428.2000,184.4282,thousand_usd,numeric,,2026-08-17,FDI_Eng-countries.xlsx,FDI (annual),R51,published
fdi_flows,country,m49_044,044,Bahamas,group_other,country,2012,inflow,417938.10000000002000,417.93810000000002,thousand_usd,numeric,,2026-08-17,FDI_Eng-countries.xlsx,FDI (annual),S51,published
fdi_flows,country,m49_044,044,Bahamas,group_other,country,2013,inflow,-430675.99999999999000,-430.67599999999999,thousand_usd,numeric,,2026-08-17,FDI_Eng-countries.xlsx,FDI (annual),T51,published
fdi_flows,country,m49_044,044,Bahamas,group_other,country,2014,inflow,,-,thousand_usd,not_applicable,,2026-08-17,FDI_Eng-countries.xlsx,FDI (annual),U51,published
fdi_flows,country,m49_044,044,Bahamas,group_other,country,2015,inflow,59757.899999999999000,59.757899999999999,thousand_usd,numeric,,2026-08-17,FDI_Eng-countries.xlsx,FDI (annual),V51,published
fdi_flows,country,m49_044,044,Bahamas,group_other,country,2016,inflow,7644.9999999999996000,7.6449999999999996,thousand_usd,numeric,,2026-08-17,FDI_Eng-countries.xlsx,FDI (annual),W51,published
fdi_flows,country,m49_044,044,Bahamas,group_other,country,2017,inflow,97462.999999999994000,97.462999999999994,thousand_usd,numeric,,2026-08-17,FDI_Eng-countries.xlsx,FDI (annual),X51,published
fdi_flows,country,m49_044,044,Bahamas,group_other,country,2018,inflow,231320.00,231.32,thousand_usd,numeric,,2026-08-17,FDI_Eng-countries.xlsx,FDI (annual),Y51,published
fdi_flows,country,m49_044,044,Bahamas,group_other,country,2019,inflow,-2801489.3000000002000,-2801.4893000000002,thousand_usd,numeric,,2026-08-17,FDI_Eng-countries.xlsx,FDI (annual),Z51,published
fdi_flows,country,m49_044,044,Bahamas,group_other,country,2020,inflow,-3428773.9999999999000,-3428.7739999999999,thousand_usd,numeric,,2026-08-17,FDI_Eng-countries.xlsx,FDI (annual),AA51,published
fdi_flows,country,m49_044,044,Bahamas,group_other,country,2021,inflow,-297662.80000000006000,-297.66280000000006,thousand_usd,numeric,,2026-08-17,FDI_Eng-countries.xlsx,FDI (annual),AB51,published
fdi_flows,country,m49_044,044,Bahamas,group_other,country,2022,inflow,1681606.6000000001000,1681.6066000000001,thousand_usd,numeric,,2026-08-17,FDI_Eng-countries.xlsx,FDI (annual),AC51,published
fdi_flows,country,m49_044,044,Bahamas,group_other,country,2023,inflow,501492.3000,501.4923,thousand_usd,numeric,,2026-08-17,FDI_Eng-countries.xlsx,FDI (annual),AD51,published
fdi_flows,country,m49_044,044,Bahamas,group_other,country,2024,inflow,897219.00000000005000,897.21900000000005,thousand_usd,numeric,,2026-08-17,FDI_Eng-countries.xlsx,FDI (annual),AE51,published
fdi_flows,country,m49_044,044,Bahamas,group_other,country,2025,inflow,-698716.90000000001000,-698.71690000000001,thousand_usd,numeric,,2026-08-17,FDI_Eng-countries.xlsx,FDI (annual),AF51,published
fdi_flows,country,m49_051,051,Armenia,group_cis,country,1996,inflow,,-,thousand_usd,not_applicable,,2026-08-17,FDI_Eng-countries.xlsx,FDI (annual),C38,published
fdi_flows,country,m49_051,051,Armenia,group_cis,country,1997,inflow,,-,thousand_usd,not_applicable,,2026-08-17,FDI_Eng-countries.xlsx,FDI (annual),D38,published
fdi_flows,country,m49_051,051,Armenia,group_cis,country,1998,inflow,,-,thousand_usd,not_applicable,,2026-08-17,FDI_Eng-countries.xlsx,FDI (annual),E38,published
fdi_flows,country,m49_051,051,Armenia,group_cis,country,1999,inflow,,-,thousand_usd,not_applicable,,2026-08-17,FDI_Eng-countries.xlsx,FDI (annual),F38,published
fdi_flows,country,m49_051,051,Armenia,group_cis,country,2000,inflow,,-,thousand_usd,not_applicable,,2026-08-17,FDI_Eng-countries.xlsx,FDI (annual),G38,published
fdi_flows,country,m49_051,051,Armenia,group_cis,country,2001,inflow,,-,thousand_usd,not_applicable,,2026-08-17,FDI_Eng-countries.xlsx,FDI (annual),H38,published
fdi_flows,country,m49_051,051,Armenia,group_cis,country,2002,inflow,,-,thousand_usd,not_applicable,,2026-08-17,FDI_Eng-countries.xlsx,FDI (annual),I38,published
fdi_flows,country,m49_051,051,Armenia,group_cis,country,2003,inflow,249770.68714999999000,249.77068714999999,thousand_usd,numeric,,2026-08-17,FDI_Eng-countries.xlsx,FDI (annual),J38,published
fdi_flows,country,m49_051,051,Armenia,group_cis,country,2004,inflow,276575.71676999999000,276.57571676999999,thousand_usd,numeric,,2026-08-17,FDI_Eng-countries.xlsx,FDI (annual),K38,published
fdi_flows,country,m49_051,051,Armenia,group_cis,country,2005,inflow,493546.02496999996000,493.54602496999996,thousand_usd,numeric,,2026-08-17,FDI_Eng-countries.xlsx,FDI (annual),L38,published
fdi_flows,country,m49_051,051,Armenia,group_cis,country,2006,inflow,690506.71090000003000,690.50671090000003,thousand_usd,numeric,,2026-08-17,FDI_Eng-countries.xlsx,FDI (annual),M38,published
fdi_flows,country,m49_051,051,Armenia,group_cis,country,2007,inflow,-4895351.0278000003000,-4895.3510278000003,thousand_usd,numeric,,2026-08-17,FDI_Eng-countries.xlsx,FDI (annual),N38,published
fdi_flows,country,m49_051,051,Armenia,group_cis,country,2008,inflow,11818481.204010001000,11818.481204010001,thousand_usd,numeric,,2026-08-17,FDI_Eng-countries.xlsx,FDI (annual),O38,published
fdi_flows,country,m49_051,051,Armenia,group_cis,country,2009,inflow,1841289.6999999996000,1841.2896999999996,thousand_usd,numeric,,2026-08-17,FDI_Eng-countries.xlsx,FDI (annual),P38,published
fdi_flows,country,m49_051,051,Armenia,group_cis,country,2010,inflow,19514317.894250002000,19514.317894250002,thousand_usd,numeric,,2026-08-17,FDI_Eng-countries.xlsx,FDI (annual),Q38,published
fdi_flows,country,m49_051,051,Armenia,group_cis,country,2011,inflow,3195736.3712999995000,3195.7363712999995,thousand_usd,numeric,,2026-08-17,FDI_Eng-countries.xlsx,FDI (annual),R38,published
fdi_flows,country,m49_051,051,Armenia,group_cis,country,2012,inflow,7623209.9874999994000,7623.2099874999994,thousand_usd,numeric,,2026-08-17,FDI_Eng-countries.xlsx,FDI (annual),S38,published
fdi_flows,country,m49_051,051,Armenia,group_cis,country,2013,inflow,3689156.9034220001000,3689.1569034220001,thousand_usd,numeric,,2026-08-17,FDI_Eng-countries.xlsx,FDI (annual),T38,published
fdi_flows,country,m49_051,051,Armenia,group_cis,country,2014,inflow,12767566.732625601000,12767.566732625601,thousand_usd,numeric,,2026-08-17,FDI_Eng-countries.xlsx,FDI (annual),U38,published
fdi_flows,country,m49_051,051,Armenia,group_cis,country,2015,inflow,11980961.099999999000,11980.961099999999,thousand_usd,numeric,,2026-08-17,FDI_Eng-countries.xlsx,FDI (annual),V38,published
fdi_flows,country,m49_051,051,Armenia,group_cis,country,2016,inflow,4391437.2000000003000,4391.4372000000003,thousand_usd,numeric,,2026-08-17,FDI_Eng-countries.xlsx,FDI (annual),W38,published
fdi_flows,country,m49_051,051,Armenia,group_cis,country,2017,inflow,6931925.8999999993000,6931.9258999999993,thousand_usd,numeric,,2026-08-17,FDI_Eng-countries.xlsx,FDI (annual),X38,published
fdi_flows,country,m49_051,051,Armenia,group_cis,country,2018,inflow,9713465.9999999967000,9713.4659999999967,thousand_usd,numeric,,2026-08-17,FDI_Eng-countries.xlsx,FDI (annual),Y38,published
fdi_flows,country,m49_051,051,Armenia,group_cis,country,2019,inflow,14876156.6000,14876.1566,thousand_usd,numeric,,2026-08-17,FDI_Eng-countries.xlsx,FDI (annual),Z38,published
fdi_flows,country,m49_051,051,Armenia,group_cis,country,2020,inflow,10798858.200000001000,10798.858200000001,thousand_usd,numeric,,2026-08-17,FDI_Eng-countries.xlsx,FDI (annual),AA38,published
fdi_flows,country,m49_051,051,Armenia,group_cis,country,2021,inflow,11218393.400000001000,11218.393400000001,thousand_usd,numeric,,2026-08-17,FDI_Eng-countries.xlsx,FDI (annual),AB38,published
fdi_flows,country,m49_051,051,Armenia,group_cis,country,2022,inflow,14021313.299999998000,14021.313299999998,thousand_usd,numeric,,2026-08-17,FDI_Eng-countries.xlsx,FDI (annual),AC38,published
fdi_flows,country,m49_051,051,Armenia,group_cis,country,2023,inflow,19625551.500000001000,19625.551500000001,thousand_usd,numeric,,2026-08-17,FDI_Eng-countries.xlsx,FDI (annual),AD38,published
fdi_flows,country,m49_051,051,Armenia,group_cis,country,2024,inflow,24133988.800000003000,24133.988800000003,thousand_usd,numeric,,2026-08-17,FDI_Eng-countries.xlsx,FDI (annual),AE38,published
fdi_flows,country,m49_051,051,Armenia,group_cis,country,2025,inflow,23415892.3000,23415.8923,thousand_usd,numeric,,2026-08-17,FDI_Eng-countries.xlsx,FDI (annual),AF38,published
fdi_flows,country,m49_056,056,Belgium,group_eu27,country,1996,inflow,,-,thousand_usd,not_applicable,,2026-08-17,FDI_Eng-countries.xlsx,FDI (annual),C9,published
fdi_flows,country,m49_056,056,Belgium,group_eu27,country,1997,inflow,,-,thousand_usd,not_applicable,,2026-08-17,FDI_Eng-countries.xlsx,FDI (annual),D9,published
fdi_flows,country,m49_056,056,Belgium,group_eu27,country,1998,inflow,,-,thousand_usd,not_applicable,,2026-08-17,FDI_Eng-countries.xlsx,FDI (annual),E9,published
fdi_flows,country,m49_056,056,Belgium,group_eu27,country,1999,inflow,,-,thousand_usd,not_applicable,,2026-08-17,FDI_Eng-countries.xlsx,FDI (annual),F9,published
fdi_flows,country,m49_056,056,Belgium,group_eu27,country,2000,inflow,,-,thousand_usd,not_applicable,,2026-08-17,FDI_Eng-countries.xlsx,FDI (annual),G9,published
fdi_flows,country,m49_056,056,Belgium,group_eu27,country,2001,inflow,,-,thousand_usd,not_applicable,,2026-08-17,FDI_Eng-countries.xlsx,FDI (annual),H9,published
fdi_flows,country,m49_056,056,Belgium,group_eu27,country,2002,inflow,,-,thousand_usd,not_applicable,,2026-08-17,FDI_Eng-countries.xlsx,FDI (annual),I9,published
fdi_flows,country,m49_056,056,Belgium,group_eu27,country,2003,inflow,,-,thousand_usd,not_applicable,,2026-08-17,FDI_Eng-countries.xlsx,FDI (annual),J9,published
fdi_flows,country,m49_056,056,Belgium,group_eu27,country,2004,inflow,,-,thousand_usd,not_applicable,,2026-08-17,FDI_Eng-countries.xlsx,FDI (annual),K9,published
fdi_flows,country,m49_056,056,Belgium,group_eu27,country,2005,inflow,,-,thousand_usd,not_applicable,,2026-08-17,FDI_Eng-countries.xlsx,FDI (annual),L9,published
fdi_flows,country,m49_056,056,Belgium,group_eu27,country,2006,inflow,,-,thousand_usd,not_applicable,,2026-08-17,FDI_Eng-countries.xlsx,FDI (annual),M9,published
fdi_flows,country,m49_056,056,Belgium,group_eu27,country,2007,inflow,1436232.4282000002000,1436.2324282000002,thousand_usd,numeric,,2026-08-17,FDI_Eng-countries.xlsx,FDI (annual),N9,published
fdi_flows,country,m49_056,056,Belgium,group_eu27,country,2008,inflow,61970.842040000001000,61.970842040000001,thousand_usd,numeric,,2026-08-17,FDI_Eng-countries.xlsx,FDI (annual),O9,published
fdi_flows,country,m49_056,056,Belgium,group_eu27,country,2009,inflow,112690.00,112.69,thousand_usd,numeric,,2026-08-17,FDI_Eng-countries.xlsx,FDI (annual),P9,published
fdi_flows,country,m49_056,056,Belgium,group_eu27,country,2010,inflow,23368.199999999995000,23.368199999999995,thousand_usd,numeric,,2026-08-17,FDI_Eng-countries.xlsx,FDI (annual),Q9,published
fdi_flows,country,m49_056,056,Belgium,group_eu27,country,2011,inflow,-19524.000000000015000,-19.524000000000015,thousand_usd,numeric,,2026-08-17,FDI_Eng-countries.xlsx,FDI (annual),R9,published
fdi_flows,country,m49_056,056,Belgium,group_eu27,country,2012,inflow,-844806.59999999989000,-844.80659999999989,thousand_usd,numeric,,2026-08-17,FDI_Eng-countries.xlsx,FDI (annual),S9,published
fdi_flows,country,m49_056,056,Belgium,group_eu27,country,2013,inflow,637326.79999999993000,637.32679999999993,thousand_usd,numeric,,2026-08-17,FDI_Eng-countries.xlsx,FDI (annual),T9,published
fdi_flows,country,m49_056,056,Belgium,group_eu27,country,2014,inflow,1485556.000,1485.556,thousand_usd,numeric,,2026-08-17,FDI_Eng-countries.xlsx,FDI (annual),U9,published
fdi_flows,country,m49_056,056,Belgium,group_eu27,country,2015,inflow,280287.49999999991000,280.28749999999991,thousand_usd,numeric,,2026-08-17,FDI_Eng-countries.xlsx,FDI (annual),V9,published
fdi_flows,country,m49_056,056,Belgium,group_eu27,country,2016,inflow,17867449.299999997000,17867.449299999997,thousand_usd,numeric,,2026-08-17,FDI_Eng-countries.xlsx,FDI (annual),W9,published
fdi_flows,country,m49_056,056,Belgium,group_eu27,country,2017,inflow,4313471.2000,4313.4712,thousand_usd,numeric,,2026-08-17,FDI_Eng-countries.xlsx,FDI (annual),X9,published
fdi_flows,country,m49_056,056,Belgium,group_eu27,country,2018,inflow,3482845.3000,3482.8453,thousand_usd,numeric,,2026-08-17,FDI_Eng-countries.xlsx,FDI (annual),Y9,published
fdi_flows,country,m49_056,056,Belgium,group_eu27,country,2019,inflow,1523070.7999999995000,1523.0707999999995,thousand_usd,numeric,,2026-08-17,FDI_Eng-countries.xlsx,FDI (annual),Z9,published
fdi_flows,country,m49_056,056,Belgium,group_eu27,country,2020,inflow,4947446.8000000015000,4947.4468000000015,thousand_usd,numeric,,2026-08-17,FDI_Eng-countries.xlsx,FDI (annual),AA9,published
fdi_flows,country,m49_056,056,Belgium,group_eu27,country,2021,inflow,8201502.6000000016000,8201.5026000000016,thousand_usd,numeric,,2026-08-17,FDI_Eng-countries.xlsx,FDI (annual),AB9,published
fdi_flows,country,m49_056,056,Belgium,group_eu27,country,2022,inflow,5859758.4000000006000,5859.7584000000006,thousand_usd,numeric,,2026-08-17,FDI_Eng-countries.xlsx,FDI (annual),AC9,published
fdi_flows,country,m49_056,056,Belgium,group_eu27,country,2023,inflow,3655814.8000000006000,3655.8148000000006,thousand_usd,numeric,,2026-08-17,FDI_Eng-countries.xlsx,FDI (annual),AD9,published
fdi_flows,country,m49_056,056,Belgium,group_eu27,country,2024,inflow,7364070.5999999991000,7364.0705999999991,thousand_usd,numeric,,2026-08-17,FDI_Eng-countries.xlsx,FDI (annual),AE9,published
fdi_flows,country,m49_056,056,Belgium,group_eu27,country,2025,inflow,3731871.000000001000,3731.871000000001,thousand_usd,numeric,,2026-08-17,FDI_Eng-countries.xlsx,FDI (annual),AF9,published
fdi_flows,country,m49_084,084,Belize,group_other,country,1996,inflow,,-,thousand_usd,not_applicable,,2026-08-17,FDI_Eng-countries.xlsx,FDI (annual),C52,published
fdi_flows,country,m49_084,084,Belize,group_other,country,1997,inflow,,-,thousand_usd,not_applicable,,2026-08-17,FDI_Eng-countries.xlsx,FDI (annual),D52,published
fdi_flows,country,m49_084,084,Belize,group_other,country,1998,inflow,,-,thousand_usd,not_applicable,,2026-08-17,FDI_Eng-countries.xlsx,FDI (annual),E52,published
fdi_flows,country,m49_084,084,Belize,group_other,country,1999,inflow,,-,thousand_usd,not_applicable,,2026-08-17,FDI_Eng-countries.xlsx,FDI (annual),F52,published
fdi_flows,country,m49_084,084,Belize,group_other,country,2000,inflow,,-,thousand_usd,not_applicable,,2026-08-17,FDI_Eng-countries.xlsx,FDI (annual),G52,published
fdi_flows,country,m49_084,084,Belize,group_other,country,2001,inflow,,-,thousand_usd,not_applicable,,2026-08-17,FDI_Eng-countries.xlsx,FDI (annual),H52,published
fdi_flows,country,m49_084,084,Belize,group_other,country,2002,inflow,,-,thousand_usd,not_applicable,,2026-08-17,FDI_Eng-countries.xlsx,FDI (annual),I52,published
fdi_flows,country,m49_084,084,Belize,group_other,country,2003,inflow,155727.5697000,155.7275697,thousand_usd,numeric,,2026-08-17,FDI_Eng-countries.xlsx,FDI (annual),J52,published
fdi_flows,country,m49_084,084,Belize,group_other,country,2004,inflow,,-,thousand_usd,not_applicable,,2026-08-17,FDI_Eng-countries.xlsx,FDI (annual),K52,published
fdi_flows,country,m49_084,084,Belize,group_other,country,2005,inflow,694964.92080999997000,694.96492080999997,thousand_usd,numeric,,2026-08-17,FDI_Eng-countries.xlsx,FDI (annual),L52,published
fdi_flows,country,m49_084,084,Belize,group_other,country,2006,inflow,-264231.82895999997000,-264.23182895999997,thousand_usd,numeric,,2026-08-17,FDI_Eng-countries.xlsx,FDI (annual),M52,published
fdi_flows,country,m49_084,084,Belize,group_other,country,2007,inflow,9462338.178000,9462.338178,thousand_usd,numeric,,2026-08-17,FDI_Eng-countries.xlsx,FDI (annual),N52,published
fdi_flows,country,m49_084,084,Belize,group_other,country,2008,inflow,37822532.076000003000,37822.532076000003,thousand_usd,numeric,,2026-08-17,FDI_Eng-countries.xlsx,FDI (annual),O52,published
fdi_flows,country,m49_084,084,Belize,group_other,country,2009,inflow,3100703.3000000001000,3100.7033000000001,thousand_usd,numeric,,2026-08-17,FDI_Eng-countries.xlsx,FDI (annual),P52,published
fdi_flows,country,m49_084,084,Belize,group_other,country,2010,inflow,689092.60000000006000,689.09260000000006,thousand_usd,numeric,,2026-08-17,FDI_Eng-countries.xlsx,FDI (annual),Q52,published
fdi_flows,country,m49_084,084,Belize,group_other,country,2011,inflow,30315370.221899997000,30315.370221899997,thousand_usd,numeric,,2026-08-17,FDI_Eng-countries.xlsx,FDI (annual),R52,published
fdi_flows,country,m49_084,084,Belize,group_other,country,2012,inflow,14907352.199999999000,14907.352199999999,thousand_usd,numeric,,2026-08-17,FDI_Eng-countries.xlsx,FDI (annual),S52,published
fdi_flows,country,m49_084,084,Belize,group_other,country,2013,inflow,-7158329.1000000008000,-7158.3291000000008,thousand_usd,numeric,,2026-08-17,FDI_Eng-countries.xlsx,FDI (annual),T52,published
fdi_flows,country,m49_084,084,Belize,group_other,country,2014,inflow,36987175.200000005000,36987.175200000005,thousand_usd,numeric,,2026-08-17,FDI_Eng-countries.xlsx,FDI (annual),U52,published
fdi_flows,country,m49_084,084,Belize,group_other,country,2015,inflow,-23230246.500000008000,-23230.246500000008,thousand_usd,numeric,,2026-08-17,FDI_Eng-countries.xlsx,FDI (annual),V52,published
fdi_flows,country,m49_084,084,Belize,group_other,country,2016,inflow,6576019.1999999988000,6576.0191999999988,thousand_usd,numeric,,2026-08-17,FDI_Eng-countries.xlsx,FDI (annual),W52,published
fdi_flows,country,m49_084,084,Belize,group_other,country,2017,inflow,2378351.0000000001000,2378.3510000000001,thousand_usd,numeric,,2026-08-17,FDI_Eng-countries.xlsx,FDI (annual),X52,published
fdi_flows,country,m49_084,084,Belize,group_other,country,2018,inflow,3251146.0000000006000,3251.1460000000006,thousand_usd,numeric,,2026-08-17,FDI_Eng-countries.xlsx,FDI (annual),Y52,published
fdi_flows,country,m49_084,084,Belize,group_other,country,2019,inflow,-11248292.7000,-11248.2927,thousand_usd,numeric,,2026-08-17,FDI_Eng-countries.xlsx,FDI (annual),Z52,published
fdi_flows,country,m49_084,084,Belize,group_other,country,2020,inflow,-12738968.1000,-12738.9681,thousand_usd,numeric,,2026-08-17,FDI_Eng-countries.xlsx,FDI (annual),AA52,published
fdi_flows,country,m49_084,084,Belize,group_other,country,2021,inflow,-40465567.000000003000,-40465.567000000003,thousand_usd,numeric,,2026-08-17,FDI_Eng-countries.xlsx,FDI (annual),AB52,published
fdi_flows,country,m49_084,084,Belize,group_other,country,2022,inflow,9063068.4000000001000,9063.0684000000001,thousand_usd,numeric,,2026-08-17,FDI_Eng-countries.xlsx,FDI (annual),AC52,published
fdi_flows,country,m49_084,084,Belize,group_other,country,2023,inflow,2778577.1000,2778.5771,thousand_usd,numeric,,2026-08-17,FDI_Eng-countries.xlsx,FDI (annual),AD52,published
fdi_flows,country,m49_084,084,Belize,group_other,country,2024,inflow,13755372.899999998000,13755.372899999998,thousand_usd,numeric,,2026-08-17,FDI_Eng-countries.xlsx,FDI (annual),AE52,published
fdi_flows,country,m49_084,084,Belize,group_other,country,2025,inflow,-38868748.999999996000,-38868.748999999996,thousand_usd,numeric,,2026-08-17,FDI_Eng-countries.xlsx,FDI (annual),AF52,published
fdi_flows,country,m49_092,092,"Virgin Islands, British",group_other,country,1996,inflow,,-,thousand_usd,not_applicable,,2026-08-17,FDI_Eng-countries.xlsx,FDI (annual),C53,published
fdi_flows,country,m49_092,092,"Virgin Islands, British",group_other,country,1997,inflow,6424882.6369999997000,6424.8826369999997,thousand_usd,numeric,,2026-08-17,FDI_Eng-countries.xlsx,FDI (annual),D53,published
fdi_flows,country,m49_092,092,"Virgin Islands, British",group_other,country,1998,inflow,6489658.4204999999000,6489.6584204999999,thousand_usd,numeric,,2026-08-17,FDI_Eng-countries.xlsx,FDI (annual),E53,published
fdi_flows,country,m49_092,092,"Virgin Islands, British",group_other,country,1999,inflow,,-,thousand_usd,not_applicable,,2026-08-17,FDI_Eng-countries.xlsx,FDI (annual),F53,published
fdi_flows,country,m49_092,092,"Virgin Islands, British",group_other,country,2000,inflow,,-,thousand_usd,not_applicable,,2026-08-17,FDI_Eng-countries.xlsx,FDI (annual),G53,published
fdi_flows,country,m49_092,092,"Virgin Islands, British",group_other,country,2001,inflow,,-,thousand_usd,not_applicable,,2026-08-17,FDI_Eng-countries.xlsx,FDI (annual),H53,published
fdi_flows,country,m49_092,092,"Virgin Islands, British",group_other,country,2002,inflow,,-,thousand_usd,not_applicable,,2026-08-17,FDI_Eng-countries.xlsx,FDI (annual),I53,published
fdi_flows,country,m49_092,092,"Virgin Islands, British",group_other,country,2003,inflow,6225534.3770999998000,6225.5343770999998,thousand_usd,numeric,,2026-08-17,FDI_Eng-countries.xlsx,FDI (annual),J53,published
fdi_flows,country,m49_092,092,"Virgin Islands, British",group_other,country,2004,inflow,6903481.0206000002000,6903.4810206000002,thousand_usd,numeric,,2026-08-17,FDI_Eng-countries.xlsx,FDI (annual),K53,published
fdi_flows,country,m49_092,092,"Virgin Islands, British",group_other,country,2005,inflow,5198614.6146999999000,5198.6146146999999,thousand_usd,numeric,,2026-08-17,FDI_Eng-countries.xlsx,FDI (annual),L53,published
fdi_flows,country,m49_092,092,"Virgin Islands, British",group_other,country,2006,inflow,55826427.603999997000,55826.427603999997,thousand_usd,numeric,,2026-08-17,FDI_Eng-countries.xlsx,FDI (annual),M53,published
fdi_flows,country,m49_092,092,"Virgin Islands, British",group_other,country,2007,inflow,174268630.50281699000,174268.63050281699,thousand_usd,numeric,,2026-08-17,FDI_Eng-countries.xlsx,FDI (annual),N53,published
fdi_flows,country,m49_092,092,"Virgin Islands, British",group_other,country,2008,inflow,132629555.95720001000,132629.55595720001,thousand_usd,numeric,,2026-08-17,FDI_Eng-countries.xlsx,FDI (annual),O53,published
fdi_flows,country,m49_092,092,"Virgin Islands, British",group_other,country,2009,inflow,28286161.102000002000,28286.161102000002,thousand_usd,numeric,,2026-08-17,FDI_Eng-countries.xlsx,FDI (annual),P53,published
fdi_flows,country,m49_092,092,"Virgin Islands, British",group_other,country,2010,inflow,9672928.0922000107000,9672.9280922000107,thousand_usd,numeric,,2026-08-17,FDI_Eng-countries.xlsx,FDI (annual),Q53,published
fdi_flows,country,m49_092,092,"Virgin Islands, British",group_other,country,2011,inflow,27977017.802340011000,27977.017802340011,thousand_usd,numeric,,2026-08-17,FDI_Eng-countries.xlsx,FDI (annual),R53,published
fdi_flows,country,m49_092,092,"Virgin Islands, British",group_other,country,2012,inflow,26592313.511902401000,26592.313511902401,thousand_usd,numeric,,2026-08-17,FDI_Eng-countries.xlsx,FDI (annual),S53,published
fdi_flows,country,m49_092,092,"Virgin Islands, British",group_other,country,2013,inflow,30293825.415002899000,30293.825415002899,thousand_usd,numeric,,2026-08-17,FDI_Eng-countries.xlsx,FDI (annual),T53,published
fdi_flows,country,m49_092,092,"Virgin Islands, British",group_other,country,2014,inflow,5241563.9624790992000,5241.5639624790992,thousand_usd,numeric,,2026-08-17,FDI_Eng-countries.xlsx,FDI (annual),U53,published
fdi_flows,country,m49_092,092,"Virgin Islands, British",group_other,country,2015,inflow,30746961.885628392000,30746.961885628392,thousand_usd,numeric,,2026-08-17,FDI_Eng-countries.xlsx,FDI (annual),V53,published
fdi_flows,country,m49_092,092,"Virgin Islands, British",group_other,country,2016,inflow,37298211.4000,37298.2114,thousand_usd,numeric,,2026-08-17,FDI_Eng-countries.xlsx,FDI (annual),W53,published
fdi_flows,country,m49_092,092,"Virgin Islands, British",group_other,country,2017,inflow,-16694944.500000001000,-16694.944500000001,thousand_usd,numeric,,2026-08-17,FDI_Eng-countries.xlsx,FDI (annual),X53,published
fdi_flows,country,m49_092,092,"Virgin Islands, British",group_other,country,2018,inflow,-42419481.799999994000,-42419.481799999994,thousand_usd,numeric,,2026-08-17,FDI_Eng-countries.xlsx,FDI (annual),Y53,published
fdi_flows,country,m49_092,092,"Virgin Islands, British",group_other,country,2019,inflow,-55350558.100000002000,-55350.558100000002,thousand_usd,numeric,,2026-08-17,FDI_Eng-countries.xlsx,FDI (annual),Z53,published
fdi_flows,country,m49_092,092,"Virgin Islands, British",group_other,country,2020,inflow,-82151751.899999988000,-82151.751899999988,thousand_usd,numeric,,2026-08-17,FDI_Eng-countries.xlsx,FDI (annual),AA53,published
fdi_flows,country,m49_092,092,"Virgin Islands, British",group_other,country,2021,inflow,-21050937.499999996000,-21050.937499999996,thousand_usd,numeric,,2026-08-17,FDI_Eng-countries.xlsx,FDI (annual),AB53,published
fdi_flows,country,m49_092,092,"Virgin Islands, British",group_other,country,2022,inflow,13602965.299999996000,13602.965299999996,thousand_usd,numeric,,2026-08-17,FDI_Eng-countries.xlsx,FDI (annual),AC53,published
fdi_flows,country,m49_092,092,"Virgin Islands, British",group_other,country,2023,inflow,23968105.700000058000,23968.105700000058,thousand_usd,numeric,,2026-08-17,FDI_Eng-countries.xlsx,FDI (annual),AD53,published
fdi_flows,country,m49_092,092,"Virgin Islands, British",group_other,country,2024,inflow,4102091.7000000063000,4102.0917000000063,thousand_usd,numeric,,2026-08-17,FDI_Eng-countries.xlsx,FDI (annual),AE53,published
fdi_flows,country,m49_092,092,"Virgin Islands, British",group_other,country,2025,inflow,9524545.40000001000,9524.54540000001,thousand_usd,numeric,,2026-08-17,FDI_Eng-countries.xlsx,FDI (annual),AF53,published
fdi_flows,country,m49_100,100,Bulgaria,group_eu27,country,1996,inflow,,-,thousand_usd,not_applicable,,2026-08-17,FDI_Eng-countries.xlsx,FDI (annual),C10,published
fdi_flows,country,m49_100,100,Bulgaria,group_eu27,country,1997,inflow,,-,thousand_usd,not_applicable,,2026-08-17,FDI_Eng-countries.xlsx,FDI (annual),D10,published
fdi_flows,country,m49_100,100,Bulgaria,group_eu27,country,1998,inflow,,-,thousand_usd,not_applicable,,2026-08-17,FDI_Eng-countries.xlsx,FDI (annual),E10,published
fdi_flows,country,m49_100,100,Bulgaria,group_eu27,country,1999,inflow,46930.699775999997000,46.930699775999997,thousand_usd,numeric,,2026-08-17,FDI_Eng-countries.xlsx,FDI (annual),F10,published
fdi_flows,country,m49_100,100,Bulgaria,group_eu27,country,2000,inflow,2172174.9540999999000,2172.1749540999999,thousand_usd,numeric,,2026-08-17,FDI_Eng-countries.xlsx,FDI (annual),G10,published
fdi_flows,country,m49_100,100,Bulgaria,group_eu27,country,2001,inflow,2238914.7392000,2238.9147392,thousand_usd,numeric,,2026-08-17,FDI_Eng-countries.xlsx,FDI (annual),H10,published
fdi_flows,country,m49_100,100,Bulgaria,group_eu27,country,2002,inflow,,-,thousand_usd,not_applicable,,2026-08-17,FDI_Eng-countries.xlsx,FDI (annual),I10,published
fdi_flows,country,m49_100,100,Bulgaria,group_eu27,country,2003,inflow,,-,thousand_usd,not_applicable,,2026-08-17,FDI_Eng-countries.xlsx,FDI (annual),J10,published
fdi_flows,country,m49_100,100,Bulgaria,group_eu27,country,2004,inflow,,-,thousand_usd,not_applicable,,2026-08-17,FDI_Eng-countries.xlsx,FDI (annual),K10,published
fdi_flows,country,m49_100,100,Bulgaria,group_eu27,country,2005,inflow,70760.470514000005000,70.760470514000005,thousand_usd,numeric,,2026-08-17,FDI_Eng-countries.xlsx,FDI (annual),L10,published
fdi_flows,country,m49_100,100,Bulgaria,group_eu27,country,2006,inflow,318914.19048000,318.91419048,thousand_usd,numeric,,2026-08-17,FDI_Eng-countries.xlsx,FDI (annual),M10,published
fdi_flows,country,m49_100,100,Bulgaria,group_eu27,country,2007,inflow,20644.948897999999000,20.644948897999999,thousand_usd,numeric,,2026-08-17,FDI_Eng-countries.xlsx,FDI (annual),N10,published
fdi_flows,country,m49_100,100,Bulgaria,group_eu27,country,2008,inflow,12662.226000,12.662226,thousand_usd,numeric,,2026-08-17,FDI_Eng-countries.xlsx,FDI (annual),O10,published
fdi_flows,country,m49_100,100,Bulgaria,group_eu27,country,2009,inflow,-291404.50000000004000,-291.40450000000004,thousand_usd,numeric,,2026-08-17,FDI_Eng-countries.xlsx,FDI (annual),P10,published
fdi_flows,country,m49_100,100,Bulgaria,group_eu27,country,2010,inflow,-89994.200000000006000,-89.994200000000006,thousand_usd,numeric,,2026-08-17,FDI_Eng-countries.xlsx,FDI (annual),Q10,published
fdi_flows,country,m49_100,100,Bulgaria,group_eu27,country,2011,inflow,1095963.653571215000,1095.963653571215,thousand_usd,numeric,,2026-08-17,FDI_Eng-countries.xlsx,FDI (annual),R10,published
fdi_flows,country,m49_100,100,Bulgaria,group_eu27,country,2012,inflow,2269496.7999999999000,2269.4967999999999,thousand_usd,numeric,,2026-08-17,FDI_Eng-countries.xlsx,FDI (annual),S10,published
fdi_flows,country,m49_100,100,Bulgaria,group_eu27,country,2013,inflow,2566307.5242995005000,2566.3075242995005,thousand_usd,numeric,,2026-08-17,FDI_Eng-countries.xlsx,FDI (annual),T10,published
fdi_flows,country,m49_100,100,Bulgaria,group_eu27,country,2014,inflow,9151545.2970577007000,9151.5452970577007,thousand_usd,numeric,,2026-08-17,FDI_Eng-countries.xlsx,FDI (annual),U10,published
fdi_flows,country,m49_100,100,Bulgaria,group_eu27,country,2015,inflow,7196698.7528605005000,7196.6987528605005,thousand_usd,numeric,,2026-08-17,FDI_Eng-countries.xlsx,FDI (annual),V10,published
fdi_flows,country,m49_100,100,Bulgaria,group_eu27,country,2016,inflow,1647167.5000000002000,1647.1675000000002,thousand_usd,numeric,,2026-08-17,FDI_Eng-countries.xlsx,FDI (annual),W10,published
fdi_flows,country,m49_100,100,Bulgaria,group_eu27,country,2017,inflow,4858656.0000000009000,4858.6560000000009,thousand_usd,numeric,,2026-08-17,FDI_Eng-countries.xlsx,FDI (annual),X10,published
fdi_flows,country,m49_100,100,Bulgaria,group_eu27,country,2018,inflow,7426746.6000000004000,7426.7466000000004,thousand_usd,numeric,,2026-08-17,FDI_Eng-countries.xlsx,FDI (annual),Y10,published
fdi_flows,country,m49_100,100,Bulgaria,group_eu27,country,2019,inflow,5857046.7000000008000,5857.0467000000008,thousand_usd,numeric,,2026-08-17,FDI_Eng-countries.xlsx,FDI (annual),Z10,published
fdi_flows,country,m49_100,100,Bulgaria,group_eu27,country,2020,inflow,-1739184.5999999998000,-1739.1845999999998,thousand_usd,numeric,,2026-08-17,FDI_Eng-countries.xlsx,FDI (annual),AA10,published
fdi_flows,country,m49_100,100,Bulgaria,group_eu27,country,2021,inflow,2469392.8000000001000,2469.3928000000001,thousand_usd,numeric,,2026-08-17,FDI_Eng-countries.xlsx,FDI (annual),AB10,published
fdi_flows,country,m49_100,100,Bulgaria,group_eu27,country,2022,inflow,3567598.3999999989000,3567.5983999999989,thousand_usd,numeric,,2026-08-17,FDI_Eng-countries.xlsx,FDI (annual),AC10,published
fdi_flows,country,m49_100,100,Bulgaria,group_eu27,country,2023,inflow,19680122.899999998000,19680.122899999998,thousand_usd,numeric,,2026-08-17,FDI_Eng-countries.xlsx,FDI (annual),AD10,published
fdi_flows,country,m49_100,100,Bulgaria,group_eu27,country,2024,inflow,-6709762.8000000013000,-6709.7628000000013,thousand_usd,numeric,,2026-08-17,FDI_Eng-countries.xlsx,FDI (annual),AE10,published
fdi_flows,country,m49_100,100,Bulgaria,group_eu27,country,2025,inflow,12910380.499999999000,12910.380499999999,thousand_usd,numeric,,2026-08-17,FDI_Eng-countries.xlsx,FDI (annual),AF10,published
fdi_flows,country,m49_112,112,Belarus,group_cis,country,1996,inflow,,-,thousand_usd,not_applicable,,2026-08-17,FDI_Eng-countries.xlsx,FDI (annual),C39,published
fdi_flows,country,m49_112,112,Belarus,group_cis,country,1997,inflow,,-,thousand_usd,not_applicable,,2026-08-17,FDI_Eng-countries.xlsx,FDI (annual),D39,published
fdi_flows,country,m49_112,112,Belarus,group_cis,country,1998,inflow,,-,thousand_usd,not_applicable,,2026-08-17,FDI_Eng-countries.xlsx,FDI (annual),E39,published
fdi_flows,country,m49_112,112,Belarus,group_cis,country,1999,inflow,,-,thousand_usd,not_applicable,,2026-08-17,FDI_Eng-countries.xlsx,FDI (annual),F39,published
fdi_flows,country,m49_112,112,Belarus,group_cis,country,2000,inflow,,-,thousand_usd,not_applicable,,2026-08-17,FDI_Eng-countries.xlsx,FDI (annual),G39,published
fdi_flows,country,m49_112,112,Belarus,group_cis,country,2001,inflow,,-,thousand_usd,not_applicable,,2026-08-17,FDI_Eng-countries.xlsx,FDI (annual),H39,published
fdi_flows,country,m49_112,112,Belarus,group_cis,country,2002,inflow,,-,thousand_usd,not_applicable,,2026-08-17,FDI_Eng-countries.xlsx,FDI (annual),I39,published
fdi_flows,country,m49_112,112,Belarus,group_cis,country,2003,inflow,,-,thousand_usd,not_applicable,,2026-08-17,FDI_Eng-countries.xlsx,FDI (annual),J39,published
fdi_flows,country,m49_112,112,Belarus,group_cis,country,2004,inflow,,-,thousand_usd,not_applicable,,2026-08-17,FDI_Eng-countries.xlsx,FDI (annual),K39,published
fdi_flows,country,m49_112,112,Belarus,group_cis,country,2005,inflow,,-,thousand_usd,not_applicable,,2026-08-17,FDI_Eng-countries.xlsx,FDI (annual),L39,published
fdi_flows,country,m49_112,112,Belarus,group_cis,country,2006,inflow,,-,thousand_usd,not_applicable,,2026-08-17,FDI_Eng-countries.xlsx,FDI (annual),M39,published
fdi_flows,country,m49_112,112,Belarus,group_cis,country,2007,inflow,52797.222679000001000,52.797222679000001,thousand_usd,numeric,,2026-08-17,FDI_Eng-countries.xlsx,FDI (annual),N39,published
fdi_flows,country,m49_112,112,Belarus,group_cis,country,2008,inflow,102411.50944000,102.41150944,thousand_usd,numeric,,2026-08-17,FDI_Eng-countries.xlsx,FDI (annual),O39,published
fdi_flows,country,m49_112,112,Belarus,group_cis,country,2009,inflow,-223367.79999999999000,-223.36779999999999,thousand_usd,numeric,,2026-08-17,FDI_Eng-countries.xlsx,FDI (annual),P39,published
fdi_flows,country,m49_112,112,Belarus,group_cis,country,2010,inflow,-92028.099999999981000,-92.028099999999981,thousand_usd,numeric,,2026-08-17,FDI_Eng-countries.xlsx,FDI (annual),Q39,published
fdi_flows,country,m49_112,112,Belarus,group_cis,country,2011,inflow,151849.3000,151.8493,thousand_usd,numeric,,2026-08-17,FDI_Eng-countries.xlsx,FDI (annual),R39,published
fdi_flows,country,m49_112,112,Belarus,group_cis,country,2012,inflow,-257149.7000,-257.1497,thousand_usd,numeric,,2026-08-17,FDI_Eng-countries.xlsx,FDI (annual),S39,published
fdi_flows,country,m49_112,112,Belarus,group_cis,country,2013,inflow,40815.399999999997000,40.815399999999997,thousand_usd,numeric,,2026-08-17,FDI_Eng-countries.xlsx,FDI (annual),T39,published
fdi_flows,country,m49_112,112,Belarus,group_cis,country,2014,inflow,52449.499999999993000,52.449499999999993,thousand_usd,numeric,,2026-08-17,FDI_Eng-countries.xlsx,FDI (annual),U39,published
fdi_flows,country,m49_112,112,Belarus,group_cis,country,2015,inflow,2639671.3999999997000,2639.6713999999997,thousand_usd,numeric,,2026-08-17,FDI_Eng-countries.xlsx,FDI (annual),V39,published
fdi_flows,country,m49_112,112,Belarus,group_cis,country,2016,inflow,252326.89999999997000,252.32689999999997,thousand_usd,numeric,,2026-08-17,FDI_Eng-countries.xlsx,FDI (annual),W39,published
fdi_flows,country,m49_112,112,Belarus,group_cis,country,2017,inflow,538989.80000000006000,538.98980000000006,thousand_usd,numeric,,2026-08-17,FDI_Eng-countries.xlsx,FDI (annual),X39,published
fdi_flows,country,m49_112,112,Belarus,group_cis,country,2018,inflow,727660.69999999991000,727.66069999999991,thousand_usd,numeric,,2026-08-17,FDI_Eng-countries.xlsx,FDI (annual),Y39,published
fdi_flows,country,m49_112,112,Belarus,group_cis,country,2019,inflow,341211.59999999998000,341.21159999999998,thousand_usd,numeric,,2026-08-17,FDI_Eng-countries.xlsx,FDI (annual),Z39,published
fdi_flows,country,m49_112,112,Belarus,group_cis,country,2020,inflow,4235496.8000000008000,4235.4968000000008,thousand_usd,numeric,,2026-08-17,FDI_Eng-countries.xlsx,FDI (annual),AA39,published
fdi_flows,country,m49_112,112,Belarus,group_cis,country,2021,inflow,1229899.0999999996000,1229.8990999999996,thousand_usd,numeric,,2026-08-17,FDI_Eng-countries.xlsx,FDI (annual),AB39,published
fdi_flows,country,m49_112,112,Belarus,group_cis,country,2022,inflow,4149341.1999999998000,4149.3411999999998,thousand_usd,numeric,,2026-08-17,FDI_Eng-countries.xlsx,FDI (annual),AC39,published
fdi_flows,country,m49_112,112,Belarus,group_cis,country,2023,inflow,8700326.4000000017000,8700.3264000000017,thousand_usd,numeric,,2026-08-17,FDI_Eng-countries.xlsx,FDI (annual),AD39,published
fdi_flows,country,m49_112,112,Belarus,group_cis,country,2024,inflow,5322372.4000000029000,5322.3724000000029,thousand_usd,numeric,,2026-08-17,FDI_Eng-countries.xlsx,FDI (annual),AE39,published
fdi_flows,country,m49_112,112,Belarus,group_cis,country,2025,inflow,13601855.999999996000,13601.855999999996,thousand_usd,numeric,,2026-08-17,FDI_Eng-countries.xlsx,FDI (annual),AF39,published
fdi_flows,country,m49_124,124,Canada,group_other,country,1996,inflow,,-,thousand_usd,not_applicable,,2026-08-17,FDI_Eng-countries.xlsx,FDI (annual),C54,published
fdi_flows,country,m49_124,124,Canada,group_other,country,1997,inflow,,-,thousand_usd,not_applicable,,2026-08-17,FDI_Eng-countries.xlsx,FDI (annual),D54,published
fdi_flows,country,m49_124,124,Canada,group_other,country,1998,inflow,,-,thousand_usd,not_applicable,,2026-08-17,FDI_Eng-countries.xlsx,FDI (annual),E54,published
fdi_flows,country,m49_124,124,Canada,group_other,country,1999,inflow,,-,thousand_usd,not_applicable,,2026-08-17,FDI_Eng-countries.xlsx,FDI (annual),F54,published
fdi_flows,country,m49_124,124,Canada,group_other,country,2000,inflow,,-,thousand_usd,not_applicable,,2026-08-17,FDI_Eng-countries.xlsx,FDI (annual),G54,published
fdi_flows,country,m49_124,124,Canada,group_other,country,2001,inflow,,-,thousand_usd,not_applicable,,2026-08-17,FDI_Eng-countries.xlsx,FDI (annual),H54,published
fdi_flows,country,m49_124,124,Canada,group_other,country,2002,inflow,,-,thousand_usd,not_applicable,,2026-08-17,FDI_Eng-countries.xlsx,FDI (annual),I54,published
fdi_flows,country,m49_124,124,Canada,group_other,country,2003,inflow,,-,thousand_usd,not_applicable,,2026-08-17,FDI_Eng-countries.xlsx,FDI (annual),J54,published
fdi_flows,country,m49_124,124,Canada,group_other,country,2004,inflow,,-,thousand_usd,not_applicable,,2026-08-17,FDI_Eng-countries.xlsx,FDI (annual),K54,published
fdi_flows,country,m49_124,124,Canada,group_other,country,2005,inflow,,-,thousand_usd,not_applicable,,2026-08-17,FDI_Eng-countries.xlsx,FDI (annual),L54,published
fdi_flows,country,m49_124,124,Canada,group_other,country,2006,inflow,6000000,6000,thousand_usd,numeric,,2026-08-17,FDI_Eng-countries.xlsx,FDI (annual),M54,published
fdi_flows,country,m49_124,124,Canada,group_other,country,2007,inflow,1232527.3942000001000,1232.5273942000001,thousand_usd,numeric,,2026-08-17,FDI_Eng-countries.xlsx,FDI (annual),N54,published
fdi_flows,country,m49_124,124,Canada,group_other,country,2008,inflow,-104046.314000,-104.046314,thousand_usd,numeric,,2026-08-17,FDI_Eng-countries.xlsx,FDI (annual),O54,published
fdi_flows,country,m49_124,124,Canada,group_other,country,2009,inflow,-96328.199999999995000,-96.328199999999995,thousand_usd,numeric,,2026-08-17,FDI_Eng-countries.xlsx,FDI (annual),P54,published
fdi_flows,country,m49_124,124,Canada,group_other,country,2010,inflow,362005.80000000002000,362.00580000000002,thousand_usd,numeric,,2026-08-17,FDI_Eng-countries.xlsx,FDI (annual),Q54,published
fdi_flows,country,m49_124,124,Canada,group_other,country,2011,inflow,3124604.9000000003000,3124.6049000000003,thousand_usd,numeric,,2026-08-17,FDI_Eng-countries.xlsx,FDI (annual),R54,published
fdi_flows,country,m49_124,124,Canada,group_other,country,2012,inflow,1034946.0999999999000,1034.9460999999999,thousand_usd,numeric,,2026-08-17,FDI_Eng-countries.xlsx,FDI (annual),S54,published
fdi_flows,country,m49_124,124,Canada,group_other,country,2013,inflow,-664351.9000,-664.3519,thousand_usd,numeric,,2026-08-17,FDI_Eng-countries.xlsx,FDI (annual),T54,published
fdi_flows,country,m49_124,124,Canada,group_other,country,2014,inflow,2773987.5999999999000,2773.9875999999999,thousand_usd,numeric,,2026-08-17,FDI_Eng-countries.xlsx,FDI (annual),U54,published
fdi_flows,country,m49_124,124,Canada,group_other,country,2015,inflow,115819.50000000003000,115.81950000000003,thousand_usd,numeric,,2026-08-17,FDI_Eng-countries.xlsx,FDI (annual),V54,published
fdi_flows,country,m49_124,124,Canada,group_other,country,2016,inflow,-1474.4000000000028000,-1.4744000000000028,thousand_usd,numeric,,2026-08-17,FDI_Eng-countries.xlsx,FDI (annual),W54,published
fdi_flows,country,m49_124,124,Canada,group_other,country,2017,inflow,193007.90000000001000,193.00790000000001,thousand_usd,numeric,,2026-08-17,FDI_Eng-countries.xlsx,FDI (annual),X54,published
fdi_flows,country,m49_124,124,Canada,group_other,country,2018,inflow,8427426.4999999959000,8427.4264999999959,thousand_usd,numeric,,2026-08-17,FDI_Eng-countries.xlsx,FDI (annual),Y54,published
fdi_flows,country,m49_124,124,Canada,group_other,country,2019,inflow,432818.4000,432.8184,thousand_usd,numeric,,2026-08-17,FDI_Eng-countries.xlsx,FDI (annual),Z54,published
fdi_flows,country,m49_124,124,Canada,group_other,country,2020,inflow,791342.49999999997000,791.34249999999997,thousand_usd,numeric,,2026-08-17,FDI_Eng-countries.xlsx,FDI (annual),AA54,published
fdi_flows,country,m49_124,124,Canada,group_other,country,2021,inflow,7956491.6000000003000,7956.4916000000003,thousand_usd,numeric,,2026-08-17,FDI_Eng-countries.xlsx,FDI (annual),AB54,published
fdi_flows,country,m49_124,124,Canada,group_other,country,2022,inflow,-4517786.4000000009000,-4517.7864000000009,thousand_usd,numeric,,2026-08-17,FDI_Eng-countries.xlsx,FDI (annual),AC54,published
fdi_flows,country,m49_124,124,Canada,group_other,country,2023,inflow,5381377.7000000009000,5381.3777000000009,thousand_usd,numeric,,2026-08-17,FDI_Eng-countries.xlsx,FDI (annual),AD54,published
fdi_flows,country,m49_124,124,Canada,group_other,country,2024,inflow,-502175.29999999988000,-502.17529999999988,thousand_usd,numeric,,2026-08-17,FDI_Eng-countries.xlsx,FDI (annual),AE54,published
fdi_flows,country,m49_124,124,Canada,group_other,country,2025,inflow,-7323275.5999999972000,-7323.2755999999972,thousand_usd,numeric,,2026-08-17,FDI_Eng-countries.xlsx,FDI (annual),AF54,published
fdi_flows,country,m49_136,136,Cayman Islands,group_other,country,1996,inflow,,-,thousand_usd,not_applicable,,2026-08-17,FDI_Eng-countries.xlsx,FDI (annual),C55,published
fdi_flows,country,m49_136,136,Cayman Islands,group_other,country,1997,inflow,,-,thousand_usd,not_applicable,,2026-08-17,FDI_Eng-countries.xlsx,FDI (annual),D55,published
fdi_flows,country,m49_136,136,Cayman Islands,group_other,country,1998,inflow,,-,thousand_usd,not_applicable,,2026-08-17,FDI_Eng-countries.xlsx,FDI (annual),E55,published
fdi_flows,country,m49_136,136,Cayman Islands,group_other,country,1999,inflow,,-,thousand_usd,not_applicable,,2026-08-17,FDI_Eng-countries.xlsx,FDI (annual),F55,published
fdi_flows,country,m49_136,136,Cayman Islands,group_other,country,2000,inflow,,-,thousand_usd,not_applicable,,2026-08-17,FDI_Eng-countries.xlsx,FDI (annual),G55,published
fdi_flows,country,m49_136,136,Cayman Islands,group_other,country,2001,inflow,,-,thousand_usd,not_applicable,,2026-08-17,FDI_Eng-countries.xlsx,FDI (annual),H55,published
fdi_flows,country,m49_136,136,Cayman Islands,group_other,country,2002,inflow,,-,thousand_usd,not_applicable,,2026-08-17,FDI_Eng-countries.xlsx,FDI (annual),I55,published
fdi_flows,country,m49_136,136,Cayman Islands,group_other,country,2003,inflow,,-,thousand_usd,not_applicable,,2026-08-17,FDI_Eng-countries.xlsx,FDI (annual),J55,published
fdi_flows,country,m49_136,136,Cayman Islands,group_other,country,2004,inflow,,-,thousand_usd,not_applicable,,2026-08-17,FDI_Eng-countries.xlsx,FDI (annual),K55,published
fdi_flows,country,m49_136,136,Cayman Islands,group_other,country,2005,inflow,,-,thousand_usd,not_applicable,,2026-08-17,FDI_Eng-countries.xlsx,FDI (annual),L55,published
fdi_flows,country,m49_136,136,Cayman Islands,group_other,country,2006,inflow,6698167.2497000,6698.1672497,thousand_usd,numeric,,2026-08-17,FDI_Eng-countries.xlsx,FDI (annual),M55,published
fdi_flows,country,m49_136,136,Cayman Islands,group_other,country,2007,inflow,2830532.4123000,2830.5324123,thousand_usd,numeric,,2026-08-17,FDI_Eng-countries.xlsx,FDI (annual),N55,published
fdi_flows,country,m49_136,136,Cayman Islands,group_other,country,2008,inflow,-7007264.2464999999000,-7007.2642464999999,thousand_usd,numeric,,2026-08-17,FDI_Eng-countries.xlsx,FDI (annual),O55,published
fdi_flows,country,m49_136,136,Cayman Islands,group_other,country,2009,inflow,2161080.7000,2161.0807,thousand_usd,numeric,,2026-08-17,FDI_Eng-countries.xlsx,FDI (annual),P55,published
fdi_flows,country,m49_136,136,Cayman Islands,group_other,country,2010,inflow,12332262.500000001000,12332.262500000001,thousand_usd,numeric,,2026-08-17,FDI_Eng-countries.xlsx,FDI (annual),Q55,published
fdi_flows,country,m49_136,136,Cayman Islands,group_other,country,2011,inflow,21660396.400000001000,21660.396400000001,thousand_usd,numeric,,2026-08-17,FDI_Eng-countries.xlsx,FDI (annual),R55,published
fdi_flows,country,m49_136,136,Cayman Islands,group_other,country,2012,inflow,6529132.7999999994000,6529.1327999999994,thousand_usd,numeric,,2026-08-17,FDI_Eng-countries.xlsx,FDI (annual),S55,published
fdi_flows,country,m49_136,136,Cayman Islands,group_other,country,2013,inflow,6362317.7156569000,6362.3177156569,thousand_usd,numeric,,2026-08-17,FDI_Eng-countries.xlsx,FDI (annual),T55,published
fdi_flows,country,m49_136,136,Cayman Islands,group_other,country,2014,inflow,898246.36763869898000,898.24636763869898,thousand_usd,numeric,,2026-08-17,FDI_Eng-countries.xlsx,FDI (annual),U55,published
fdi_flows,country,m49_136,136,Cayman Islands,group_other,country,2015,inflow,-30549011.938514206000,-30549.011938514206,thousand_usd,numeric,,2026-08-17,FDI_Eng-countries.xlsx,FDI (annual),V55,published
fdi_flows,country,m49_136,136,Cayman Islands,group_other,country,2016,inflow,8725004.4999999991000,8725.0044999999991,thousand_usd,numeric,,2026-08-17,FDI_Eng-countries.xlsx,FDI (annual),W55,published
fdi_flows,country,m49_136,136,Cayman Islands,group_other,country,2017,inflow,-1638592.5999999999000,-1638.5925999999999,thousand_usd,numeric,,2026-08-17,FDI_Eng-countries.xlsx,FDI (annual),X55,published
fdi_flows,country,m49_136,136,Cayman Islands,group_other,country,2018,inflow,3105977.9999999992000,3105.9779999999992,thousand_usd,numeric,,2026-08-17,FDI_Eng-countries.xlsx,FDI (annual),Y55,published
fdi_flows,country,m49_136,136,Cayman Islands,group_other,country,2019,inflow,-3711603.6999999997000,-3711.6036999999997,thousand_usd,numeric,,2026-08-17,FDI_Eng-countries.xlsx,FDI (annual),Z55,published
fdi_flows,country,m49_136,136,Cayman Islands,group_other,country,2020,inflow,2989779.1000000002000,2989.7791000000002,thousand_usd,numeric,,2026-08-17,FDI_Eng-countries.xlsx,FDI (annual),AA55,published
fdi_flows,country,m49_136,136,Cayman Islands,group_other,country,2021,inflow,1098502.8000000002000,1098.5028000000002,thousand_usd,numeric,,2026-08-17,FDI_Eng-countries.xlsx,FDI (annual),AB55,published
fdi_flows,country,m49_136,136,Cayman Islands,group_other,country,2022,inflow,7591099.4999999994000,7591.0994999999994,thousand_usd,numeric,,2026-08-17,FDI_Eng-countries.xlsx,FDI (annual),AC55,published
fdi_flows,country,m49_136,136,Cayman Islands,group_other,country,2023,inflow,11204358.3000,11204.3583,thousand_usd,numeric,,2026-08-17,FDI_Eng-countries.xlsx,FDI (annual),AD55,published
fdi_flows,country,m49_136,136,Cayman Islands,group_other,country,2024,inflow,2515007.9999999998000,2515.0079999999998,thousand_usd,numeric,,2026-08-17,FDI_Eng-countries.xlsx,FDI (annual),AE55,published
fdi_flows,country,m49_136,136,Cayman Islands,group_other,country,2025,inflow,6548747.3000000009000,6548.7473000000009,thousand_usd,numeric,,2026-08-17,FDI_Eng-countries.xlsx,FDI (annual),AF55,published
fdi_flows,country,m49_156,156,China,group_other,country,1996,inflow,,-,thousand_usd,not_applicable,,2026-08-17,FDI_Eng-countries.xlsx,FDI (annual),C56,published
fdi_flows,country,m49_156,156,China,group_other,country,1997,inflow,,-,thousand_usd,not_applicable,,2026-08-17,FDI_Eng-countries.xlsx,FDI (annual),D56,published
fdi_flows,country,m49_156,156,China,group_other,country,1998,inflow,,-,thousand_usd,not_applicable,,2026-08-17,FDI_Eng-countries.xlsx,FDI (annual),E56,published
fdi_flows,country,m49_156,156,China,group_other,country,1999,inflow,,-,thousand_usd,not_applicable,,2026-08-17,FDI_Eng-countries.xlsx,FDI (annual),F56,published
fdi_flows,country,m49_156,156,China,group_other,country,2000,inflow,,-,thousand_usd,not_applicable,,2026-08-17,FDI_Eng-countries.xlsx,FDI (annual),G56,published
fdi_flows,country,m49_156,156,China,group_other,country,2001,inflow,,-,thousand_usd,not_applicable,,2026-08-17,FDI_Eng-countries.xlsx,FDI (annual),H56,published
fdi_flows,country,m49_156,156,China,group_other,country,2002,inflow,2562032.5038000001000,2562.0325038000001,thousand_usd,numeric,,2026-08-17,FDI_Eng-countries.xlsx,FDI (annual),I56,published
fdi_flows,country,m49_156,156,China,group_other,country,2003,inflow,19070414.976000,19070.414976,thousand_usd,numeric,,2026-08-17,FDI_Eng-countries.xlsx,FDI (annual),J56,published
fdi_flows,country,m49_156,156,China,group_other,country,2004,inflow,7338099.2233999996000,7338.0992233999996,thousand_usd,numeric,,2026-08-17,FDI_Eng-countries.xlsx,FDI (annual),K56,published
fdi_flows,country,m49_156,156,China,group_other,country,2005,inflow,5668525.5202999997000,5668.5255202999997,thousand_usd,numeric,,2026-08-17,FDI_Eng-countries.xlsx,FDI (annual),L56,published
fdi_flows,country,m49_156,156,China,group_other,country,2006,inflow,5445267.3889999996000,5445.2673889999996,thousand_usd,numeric,,2026-08-17,FDI_Eng-countries.xlsx,FDI (annual),M56,published
fdi_flows,country,m49_156,156,China,group_other,country,2007,inflow,6028686.1263000001000,6028.6861263000001,thousand_usd,numeric,,2026-08-17,FDI_Eng-countries.xlsx,FDI (annual),N56,published
fdi_flows,country,m49_156,156,China,group_other,country,2008,inflow,-2271404.3811000001000,-2271.4043811000001,thousand_usd,numeric,,2026-08-17,FDI_Eng-countries.xlsx,FDI (annual),O56,published
fdi_flows,country,m49_156,156,China,group_other,country,2009,inflow,-2236971.9000,-2236.9719,thousand_usd,numeric,,2026-08-17,FDI_Eng-countries.xlsx,FDI (annual),P56,published
fdi_flows,country,m49_156,156,China,group_other,country,2010,inflow,-7882023.1000000003000,-7882.0231000000003,thousand_usd,numeric,,2026-08-17,FDI_Eng-countries.xlsx,FDI (annual),Q56,published
fdi_flows,country,m49_156,156,China,group_other,country,2011,inflow,30382743.825000001000,30382.743825000001,thousand_usd,numeric,,2026-08-17,FDI_Eng-countries.xlsx,FDI (annual),R56,published
fdi_flows,country,m49_156,156,China,group_other,country,2012,inflow,70156800.399999993000,70156.800399999993,thousand_usd,numeric,,2026-08-17,FDI_Eng-countries.xlsx,FDI (annual),S56,published
fdi_flows,country,m49_156,156,China,group_other,country,2013,inflow,101129661.56029991000,101129.66156029991,thousand_usd,numeric,,2026-08-17,FDI_Eng-countries.xlsx,FDI (annual),T56,published
fdi_flows,country,m49_156,156,China,group_other,country,2014,inflow,220099176.97483004000,220099.17697483004,thousand_usd,numeric,,2026-08-17,FDI_Eng-countries.xlsx,FDI (annual),U56,published
fdi_flows,country,m49_156,156,China,group_other,country,2015,inflow,66947633.819704002000,66947.633819704002,thousand_usd,numeric,,2026-08-17,FDI_Eng-countries.xlsx,FDI (annual),V56,published
fdi_flows,country,m49_156,156,China,group_other,country,2016,inflow,25480824.9000,25480.8249,thousand_usd,numeric,,2026-08-17,FDI_Eng-countries.xlsx,FDI (annual),W56,published
fdi_flows,country,m49_156,156,China,group_other,country,2017,inflow,19364383.400000006000,19364.383400000006,thousand_usd,numeric,,2026-08-17,FDI_Eng-countries.xlsx,FDI (annual),X56,published
fdi_flows,country,m49_156,156,China,group_other,country,2018,inflow,75991071.400000001000,75991.071400000001,thousand_usd,numeric,,2026-08-17,FDI_Eng-countries.xlsx,FDI (annual),Y56,published
fdi_flows,country,m49_156,156,China,group_other,country,2019,inflow,44749972.800000003000,44749.972800000003,thousand_usd,numeric,,2026-08-17,FDI_Eng-countries.xlsx,FDI (annual),Z56,published
fdi_flows,country,m49_156,156,China,group_other,country,2020,inflow,-35132039.000000004000,-35132.039000000004,thousand_usd,numeric,,2026-08-17,FDI_Eng-countries.xlsx,FDI (annual),AA56,published
fdi_flows,country,m49_156,156,China,group_other,country,2021,inflow,-27849305.599999992000,-27849.305599999992,thousand_usd,numeric,,2026-08-17,FDI_Eng-countries.xlsx,FDI (annual),AB56,published
fdi_flows,country,m49_156,156,China,group_other,country,2022,inflow,43700087.299999985000,43700.087299999985,thousand_usd,numeric,,2026-08-17,FDI_Eng-countries.xlsx,FDI (annual),AC56,published
fdi_flows,country,m49_156,156,China,group_other,country,2023,inflow,176235089.20000005000,176235.08920000005,thousand_usd,numeric,,2026-08-17,FDI_Eng-countries.xlsx,FDI (annual),AD56,published
fdi_flows,country,m49_156,156,China,group_other,country,2024,inflow,8216473.7000000005000,8216.4737000000005,thousand_usd,numeric,,2026-08-17,FDI_Eng-countries.xlsx,FDI (annual),AE56,published
fdi_flows,country,m49_156,156,China,group_other,country,2025,inflow,-44307828.600000008000,-44307.828600000008,thousand_usd,numeric,,2026-08-17,FDI_Eng-countries.xlsx,FDI (annual),AF56,published
fdi_flows,country,m49_191,191,Croatia,group_eu27,country,1996,inflow,,-,thousand_usd,not_applicable,,2026-08-17,FDI_Eng-countries.xlsx,FDI (annual),C11,published
fdi_flows,country,m49_191,191,Croatia,group_eu27,country,1997,inflow,,-,thousand_usd,not_applicable,,2026-08-17,FDI_Eng-countries.xlsx,FDI (annual),D11,published
fdi_flows,country,m49_191,191,Croatia,group_eu27,country,1998,inflow,,-,thousand_usd,not_applicable,,2026-08-17,FDI_Eng-countries.xlsx,FDI (annual),E11,published
fdi_flows,country,m49_191,191,Croatia,group_eu27,country,1999,inflow,,-,thousand_usd,not_applicable,,2026-08-17,FDI_Eng-countries.xlsx,FDI (annual),F11,published
fdi_flows,country,m49_191,191,Croatia,group_eu27,country,2000,inflow,,-,thousand_usd,not_applicable,,2026-08-17,FDI_Eng-countries.xlsx,FDI (annual),G11,published
fdi_flows,country,m49_191,191,Croatia,group_eu27,country,2001,inflow,,-,thousand_usd,not_applicable,,2026-08-17,FDI_Eng-countries.xlsx,FDI (annual),H11,published
fdi_flows,country,m49_191,191,Croatia,group_eu27,country,2002,inflow,,-,thousand_usd,not_applicable,,2026-08-17,FDI_Eng-countries.xlsx,FDI (annual),I11,published
fdi_flows,country,m49_191,191,Croatia,group_eu27,country,2003,inflow,,-,thousand_usd,not_applicable,,2026-08-17,FDI_Eng-countries.xlsx,FDI (annual),J11,published
fdi_flows,country,m49_191,191,Croatia,group_eu27,country,2004,inflow,,-,thousand_usd,not_applicable,,2026-08-17,FDI_Eng-countries.xlsx,FDI (annual),K11,published
fdi_flows,country,m49_191,191,Croatia,group_eu27,country,2005,inflow,,-,thousand_usd,not_applicable,,2026-08-17,FDI_Eng-countries.xlsx,FDI (annual),L11,published
fdi_flows,country,m49_191,191,Croatia,group_eu27,country,2006,inflow,,-,thousand_usd,not_applicable,,2026-08-17,FDI_Eng-countries.xlsx,FDI (annual),M11,published
fdi_flows,country,m49_191,191,Croatia,group_eu27,country,2007,inflow,,-,thousand_usd,not_applicable,,2026-08-17,FDI_Eng-countries.xlsx,FDI (annual),N11,published
fdi_flows,country,m49_191,191,Croatia,group_eu27,country,2008,inflow,,-,thousand_usd,not_applicable,,2026-08-17,FDI_Eng-countries.xlsx,FDI (annual),O11,published
fdi_flows,country,m49_191,191,Croatia,group_eu27,country,2009,inflow,,-,thousand_usd,not_applicable,,2026-08-17,FDI_Eng-countries.xlsx,FDI (annual),P11,published
fdi_flows,country,m49_191,191,Croatia,group_eu27,country,2010,inflow,,-,thousand_usd,not_applicable,,2026-08-17,FDI_Eng-countries.xlsx,FDI (annual),Q11,published
fdi_flows,country,m49_191,191,Croatia,group_eu27,country,2011,inflow,,-,thousand_usd,not_applicable,,2026-08-17,FDI_Eng-countries.xlsx,FDI (annual),R11,published
fdi_flows,country,m49_191,191,Croatia,group_eu27,country,2012,inflow,,-,thousand_usd,not_applicable,,2026-08-17,FDI_Eng-countries.xlsx,FDI (annual),S11,published
fdi_flows,country,m49_191,191,Croatia,group_eu27,country,2013,inflow,,-,thousand_usd,not_applicable,,2026-08-17,FDI_Eng-countries.xlsx,FDI (annual),T11,published
fdi_flows,country,m49_191,191,Croatia,group_eu27,country,2014,inflow,,-,thousand_usd,not_applicable,,2026-08-17,FDI_Eng-countries.xlsx,FDI (annual),U11,published
fdi_flows,country,m49_191,191,Croatia,group_eu27,country,2015,inflow,,-,thousand_usd,not_applicable,,2026-08-17,FDI_Eng-countries.xlsx,FDI (annual),V11,published
fdi_flows,country,m49_191,191,Croatia,group_eu27,country,2016,inflow,,-,thousand_usd,not_applicable,,2026-08-17,FDI_Eng-countries.xlsx,FDI (annual),W11,published
fdi_flows,country,m49_191,191,Croatia,group_eu27,country,2017,inflow,467188.20000000005000,467.18820000000005,thousand_usd,numeric,,2026-08-17,FDI_Eng-countries.xlsx,FDI (annual),X11,published
fdi_flows,country,m49_191,191,Croatia,group_eu27,country,2018,inflow,2028226.8000000001000,2028.2268000000001,thousand_usd,numeric,,2026-08-17,FDI_Eng-countries.xlsx,FDI (annual),Y11,published
fdi_flows,country,m49_191,191,Croatia,group_eu27,country,2019,inflow,794037.39999999993000,794.03739999999993,thousand_usd,numeric,,2026-08-17,FDI_Eng-countries.xlsx,FDI (annual),Z11,published
fdi_flows,country,m49_191,191,Croatia,group_eu27,country,2020,inflow,-326667.50000000002000,-326.66750000000002,thousand_usd,numeric,,2026-08-17,FDI_Eng-countries.xlsx,FDI (annual),AA11,published
fdi_flows,country,m49_191,191,Croatia,group_eu27,country,2021,inflow,6345.7999999999934000,6.3457999999999934,thousand_usd,numeric,,2026-08-17,FDI_Eng-countries.xlsx,FDI (annual),AB11,published
fdi_flows,country,m49_191,191,Croatia,group_eu27,country,2022,inflow,457336.30000000005000,457.33630000000005,thousand_usd,numeric,,2026-08-17,FDI_Eng-countries.xlsx,FDI (annual),AC11,published
fdi_flows,country,m49_191,191,Croatia,group_eu27,country,2023,inflow,-48630.600000000044000,-48.630600000000044,thousand_usd,numeric,,2026-08-17,FDI_Eng-countries.xlsx,FDI (annual),AD11,published
fdi_flows,country,m49_191,191,Croatia,group_eu27,country,2024,inflow,236580.6000,236.5806,thousand_usd,numeric,,2026-08-17,FDI_Eng-countries.xlsx,FDI (annual),AE11,published
fdi_flows,country,m49_191,191,Croatia,group_eu27,country,2025,inflow,936570.60000000001000,936.57060000000001,thousand_usd,numeric,,2026-08-17,FDI_Eng-countries.xlsx,FDI (annual),AF11,published
fdi_flows,country,m49_196,196,Cyprus,group_eu27,country,1996,inflow,,-,thousand_usd,not_applicable,,2026-08-17,FDI_Eng-countries.xlsx,FDI (annual),C12,published
fdi_flows,country,m49_196,196,Cyprus,group_eu27,country,1997,inflow,,-,thousand_usd,not_applicable,,2026-08-17,FDI_Eng-countries.xlsx,FDI (annual),D12,published
fdi_flows,country,m49_196,196,Cyprus,group_eu27,country,1998,inflow,,-,thousand_usd,not_applicable,,2026-08-17,FDI_Eng-countries.xlsx,FDI (annual),E12,published
fdi_flows,country,m49_196,196,Cyprus,group_eu27,country,1999,inflow,895013.45031000005000,895.01345031000005,thousand_usd,numeric,,2026-08-17,FDI_Eng-countries.xlsx,FDI (annual),F12,published
fdi_flows,country,m49_196,196,Cyprus,group_eu27,country,2000,inflow,3921109.7282999999000,3921.1097282999999,thousand_usd,numeric,,2026-08-17,FDI_Eng-countries.xlsx,FDI (annual),G12,published
fdi_flows,country,m49_196,196,Cyprus,group_eu27,country,2001,inflow,19209077.980999999000,19209.077980999999,thousand_usd,numeric,,2026-08-17,FDI_Eng-countries.xlsx,FDI (annual),H12,published
fdi_flows,country,m49_196,196,Cyprus,group_eu27,country,2002,inflow,1062712.1643000,1062.7121643,thousand_usd,numeric,,2026-08-17,FDI_Eng-countries.xlsx,FDI (annual),I12,published
fdi_flows,country,m49_196,196,Cyprus,group_eu27,country,2003,inflow,675727.94868999995000,675.72794868999995,thousand_usd,numeric,,2026-08-17,FDI_Eng-countries.xlsx,FDI (annual),J12,published
fdi_flows,country,m49_196,196,Cyprus,group_eu27,country,2004,inflow,21333115.095000001000,21333.115095000001,thousand_usd,numeric,,2026-08-17,FDI_Eng-countries.xlsx,FDI (annual),K12,published
fdi_flows,country,m49_196,196,Cyprus,group_eu27,country,2005,inflow,47537321.268000,47537.321268,thousand_usd,numeric,,2026-08-17,FDI_Eng-countries.xlsx,FDI (annual),L12,published
fdi_flows,country,m49_196,196,Cyprus,group_eu27,country,2006,inflow,55450316.276999998000,55450.316276999998,thousand_usd,numeric,,2026-08-17,FDI_Eng-countries.xlsx,FDI (annual),M12,published
fdi_flows,country,m49_196,196,Cyprus,group_eu27,country,2007,inflow,140599564.48000,140599.56448,thousand_usd,numeric,,2026-08-17,FDI_Eng-countries.xlsx,FDI (annual),N12,published
fdi_flows,country,m49_196,196,Cyprus,group_eu27,country,2008,inflow,26165766.061999999000,26165.766061999999,thousand_usd,numeric,,2026-08-17,FDI_Eng-countries.xlsx,FDI (annual),O12,published
fdi_flows,country,m49_196,196,Cyprus,group_eu27,country,2009,inflow,-1612051.2000000017000,-1612.0512000000017,thousand_usd,numeric,,2026-08-17,FDI_Eng-countries.xlsx,FDI (annual),P12,published
fdi_flows,country,m49_196,196,Cyprus,group_eu27,country,2010,inflow,40387743.299999995000,40387.743299999995,thousand_usd,numeric,,2026-08-17,FDI_Eng-countries.xlsx,FDI (annual),Q12,published
fdi_flows,country,m49_196,196,Cyprus,group_eu27,country,2011,inflow,12145540.981100001000,12145.540981100001,thousand_usd,numeric,,2026-08-17,FDI_Eng-countries.xlsx,FDI (annual),R12,published
fdi_flows,country,m49_196,196,Cyprus,group_eu27,country,2012,inflow,45960292.137386525000,45960.292137386525,thousand_usd,numeric,,2026-08-17,FDI_Eng-countries.xlsx,FDI (annual),S12,published
fdi_flows,country,m49_196,196,Cyprus,group_eu27,country,2013,inflow,-44285398.773341498000,-44285.398773341498,thousand_usd,numeric,,2026-08-17,FDI_Eng-countries.xlsx,FDI (annual),T12,published
fdi_flows,country,m49_196,196,Cyprus,group_eu27,country,2014,inflow,-5141807.923482399000,-5141.807923482399,thousand_usd,numeric,,2026-08-17,FDI_Eng-countries.xlsx,FDI (annual),U12,published
fdi_flows,country,m49_196,196,Cyprus,group_eu27,country,2015,inflow,-26983805.9116478000,-26983.8059116478,thousand_usd,numeric,,2026-08-17,FDI_Eng-countries.xlsx,FDI (annual),V12,published
fdi_flows,country,m49_196,196,Cyprus,group_eu27,country,2016,inflow,-6497458.8000000058000,-6497.4588000000058,thousand_usd,numeric,,2026-08-17,FDI_Eng-countries.xlsx,FDI (annual),W12,published
fdi_flows,country,m49_196,196,Cyprus,group_eu27,country,2017,inflow,13148980.500000007000,13148.980500000007,thousand_usd,numeric,,2026-08-17,FDI_Eng-countries.xlsx,FDI (annual),X12,published
fdi_flows,country,m49_196,196,Cyprus,group_eu27,country,2018,inflow,-87840025.000000023000,-87840.025000000023,thousand_usd,numeric,,2026-08-17,FDI_Eng-countries.xlsx,FDI (annual),Y12,published
fdi_flows,country,m49_196,196,Cyprus,group_eu27,country,2019,inflow,23707553.800000002000,23707.553800000002,thousand_usd,numeric,,2026-08-17,FDI_Eng-countries.xlsx,FDI (annual),Z12,published
fdi_flows,country,m49_196,196,Cyprus,group_eu27,country,2020,inflow,-44885740.89999999000,-44885.74089999999,thousand_usd,numeric,,2026-08-17,FDI_Eng-countries.xlsx,FDI (annual),AA12,published
fdi_flows,country,m49_196,196,Cyprus,group_eu27,country,2021,inflow,-18615888.899999994000,-18615.888899999994,thousand_usd,numeric,,2026-08-17,FDI_Eng-countries.xlsx,FDI (annual),AB12,published
fdi_flows,country,m49_196,196,Cyprus,group_eu27,country,2022,inflow,-5312760.8000,-5312.7608,thousand_usd,numeric,,2026-08-17,FDI_Eng-countries.xlsx,FDI (annual),AC12,published
fdi_flows,country,m49_196,196,Cyprus,group_eu27,country,2023,inflow,21217622.300000003000,21217.622300000003,thousand_usd,numeric,,2026-08-17,FDI_Eng-countries.xlsx,FDI (annual),AD12,published
fdi_flows,country,m49_196,196,Cyprus,group_eu27,country,2024,inflow,39655175.299999995000,39655.175299999995,thousand_usd,numeric,,2026-08-17,FDI_Eng-countries.xlsx,FDI (annual),AE12,published
fdi_flows,country,m49_196,196,Cyprus,group_eu27,country,2025,inflow,-68240216.600000029000,-68240.216600000029,thousand_usd,numeric,,2026-08-17,FDI_Eng-countries.xlsx,FDI (annual),AF12,published
fdi_flows,country,m49_203,203,Czech Republic,group_eu27,country,1996,inflow,,-,thousand_usd,not_applicable,,2026-08-17,FDI_Eng-countries.xlsx,FDI (annual),C13,published
fdi_flows,country,m49_203,203,Czech Republic,group_eu27,country,1997,inflow,,-,thousand_usd,not_applicable,,2026-08-17,FDI_Eng-countries.xlsx,FDI (annual),D13,published
fdi_flows,country,m49_203,203,Czech Republic,group_eu27,country,1998,inflow,,-,thousand_usd,not_applicable,,2026-08-17,FDI_Eng-countries.xlsx,FDI (annual),E13,published
fdi_flows,country,m49_203,203,Czech Republic,group_eu27,country,1999,inflow,,-,thousand_usd,not_applicable,,2026-08-17,FDI_Eng-countries.xlsx,FDI (annual),F13,published
fdi_flows,country,m49_203,203,Czech Republic,group_eu27,country,2000,inflow,,-,thousand_usd,not_applicable,,2026-08-17,FDI_Eng-countries.xlsx,FDI (annual),G13,published
fdi_flows,country,m49_203,203,Czech Republic,group_eu27,country,2001,inflow,,-,thousand_usd,not_applicable,,2026-08-17,FDI_Eng-countries.xlsx,FDI (annual),H13,published
fdi_flows,country,m49_203,203,Czech Republic,group_eu27,country,2002,inflow,,-,thousand_usd,not_applicable,,2026-08-17,FDI_Eng-countries.xlsx,FDI (annual),I13,published
fdi_flows,country,m49_203,203,Czech Republic,group_eu27,country,2003,inflow,249770.68714999999000,249.77068714999999,thousand_usd,numeric,,2026-08-17,FDI_Eng-countries.xlsx,FDI (annual),J13,published
fdi_flows,country,m49_203,203,Czech Republic,group_eu27,country,2004,inflow,276575.71676999999000,276.57571676999999,thousand_usd,numeric,,2026-08-17,FDI_Eng-countries.xlsx,FDI (annual),K13,published
fdi_flows,country,m49_203,203,Czech Republic,group_eu27,country,2005,inflow,1279555.4012000,1279.5554012,thousand_usd,numeric,,2026-08-17,FDI_Eng-countries.xlsx,FDI (annual),L13,published
fdi_flows,country,m49_203,203,Czech Republic,group_eu27,country,2006,inflow,15032248.578999999000,15032.248578999999,thousand_usd,numeric,,2026-08-17,FDI_Eng-countries.xlsx,FDI (annual),M13,published
fdi_flows,country,m49_203,203,Czech Republic,group_eu27,country,2007,inflow,209229387.27000001000,209229.38727000001,thousand_usd,numeric,,2026-08-17,FDI_Eng-countries.xlsx,FDI (annual),N13,published
fdi_flows,country,m49_203,203,Czech Republic,group_eu27,country,2008,inflow,34857631.753000001000,34857.631753000001,thousand_usd,numeric,,2026-08-17,FDI_Eng-countries.xlsx,FDI (annual),O13,published
fdi_flows,country,m49_203,203,Czech Republic,group_eu27,country,2009,inflow,45679039.600000004000,45679.039600000004,thousand_usd,numeric,,2026-08-17,FDI_Eng-countries.xlsx,FDI (annual),P13,published
fdi_flows,country,m49_203,203,Czech Republic,group_eu27,country,2010,inflow,24213499.817000004000,24213.499817000004,thousand_usd,numeric,,2026-08-17,FDI_Eng-countries.xlsx,FDI (annual),Q13,published
fdi_flows,country,m49_203,203,Czech Republic,group_eu27,country,2011,inflow,46598262.500000012000,46598.262500000012,thousand_usd,numeric,,2026-08-17,FDI_Eng-countries.xlsx,FDI (annual),R13,published
fdi_flows,country,m49_203,203,Czech Republic,group_eu27,country,2012,inflow,8031399.1000000005000,8031.3991000000005,thousand_usd,numeric,,2026-08-17,FDI_Eng-countries.xlsx,FDI (annual),S13,published
fdi_flows,country,m49_203,203,Czech Republic,group_eu27,country,2013,inflow,43578338.199999991000,43578.338199999991,thousand_usd,numeric,,2026-08-17,FDI_Eng-countries.xlsx,FDI (annual),T13,published
fdi_flows,country,m49_203,203,Czech Republic,group_eu27,country,2014,inflow,51961843.69999999000,51961.84369999999,thousand_usd,numeric,,2026-08-17,FDI_Eng-countries.xlsx,FDI (annual),U13,published
fdi_flows,country,m49_203,203,Czech Republic,group_eu27,country,2015,inflow,16672502.800000002000,16672.502800000002,thousand_usd,numeric,,2026-08-17,FDI_Eng-countries.xlsx,FDI (annual),V13,published
fdi_flows,country,m49_203,203,Czech Republic,group_eu27,country,2016,inflow,87541315.300000017000,87541.315300000017,thousand_usd,numeric,,2026-08-17,FDI_Eng-countries.xlsx,FDI (annual),W13,published
fdi_flows,country,m49_203,203,Czech Republic,group_eu27,country,2017,inflow,131678223.60000003000,131678.22360000003,thousand_usd,numeric,,2026-08-17,FDI_Eng-countries.xlsx,FDI (annual),X13,published
fdi_flows,country,m49_203,203,Czech Republic,group_eu27,country,2018,inflow,77695983.900000021000,77695.983900000021,thousand_usd,numeric,,2026-08-17,FDI_Eng-countries.xlsx,FDI (annual),Y13,published
fdi_flows,country,m49_203,203,Czech Republic,group_eu27,country,2019,inflow,18280178.499999998000,18280.178499999998,thousand_usd,numeric,,2026-08-17,FDI_Eng-countries.xlsx,FDI (annual),Z13,published
fdi_flows,country,m49_203,203,Czech Republic,group_eu27,country,2020,inflow,-6340072.2000000014000,-6340.0722000000014,thousand_usd,numeric,,2026-08-17,FDI_Eng-countries.xlsx,FDI (annual),AA13,published
fdi_flows,country,m49_203,203,Czech Republic,group_eu27,country,2021,inflow,80774631.500000018000,80774.631500000018,thousand_usd,numeric,,2026-08-17,FDI_Eng-countries.xlsx,FDI (annual),AB13,published
fdi_flows,country,m49_203,203,Czech Republic,group_eu27,country,2022,inflow,84944297.300000006000,84944.297300000006,thousand_usd,numeric,,2026-08-17,FDI_Eng-countries.xlsx,FDI (annual),AC13,published
fdi_flows,country,m49_203,203,Czech Republic,group_eu27,country,2023,inflow,14733039.899999996000,14733.039899999996,thousand_usd,numeric,,2026-08-17,FDI_Eng-countries.xlsx,FDI (annual),AD13,published
fdi_flows,country,m49_203,203,Czech Republic,group_eu27,country,2024,inflow,8800727.6000000056000,8800.7276000000056,thousand_usd,numeric,,2026-08-17,FDI_Eng-countries.xlsx,FDI (annual),AE13,published
fdi_flows,country,m49_203,203,Czech Republic,group_eu27,country,2025,inflow,64562929.000000033000,64562.929000000033,thousand_usd,numeric,,2026-08-17,FDI_Eng-countries.xlsx,FDI (annual),AF13,published
fdi_flows,country,m49_208,208,Denmark,group_eu27,country,1996,inflow,,-,thousand_usd,not_applicable,,2026-08-17,FDI_Eng-countries.xlsx,FDI (annual),C14,published
fdi_flows,country,m49_208,208,Denmark,group_eu27,country,1997,inflow,,-,thousand_usd,not_applicable,,2026-08-17,FDI_Eng-countries.xlsx,FDI (annual),D14,published
fdi_flows,country,m49_208,208,Denmark,group_eu27,country,1998,inflow,,-,thousand_usd,not_applicable,,2026-08-17,FDI_Eng-countries.xlsx,FDI (annual),E14,published
fdi_flows,country,m49_208,208,Denmark,group_eu27,country,1999,inflow,,-,thousand_usd,not_applicable,,2026-08-17,FDI_Eng-countries.xlsx,FDI (annual),F14,published
fdi_flows,country,m49_208,208,Denmark,group_eu27,country,2000,inflow,,-,thousand_usd,not_applicable,,2026-08-17,FDI_Eng-countries.xlsx,FDI (annual),G14,published
fdi_flows,country,m49_208,208,Denmark,group_eu27,country,2001,inflow,,-,thousand_usd,not_applicable,,2026-08-17,FDI_Eng-countries.xlsx,FDI (annual),H14,published
fdi_flows,country,m49_208,208,Denmark,group_eu27,country,2002,inflow,,-,thousand_usd,not_applicable,,2026-08-17,FDI_Eng-countries.xlsx,FDI (annual),I14,published
fdi_flows,country,m49_208,208,Denmark,group_eu27,country,2003,inflow,,-,thousand_usd,not_applicable,,2026-08-17,FDI_Eng-countries.xlsx,FDI (annual),J14,published
fdi_flows,country,m49_208,208,Denmark,group_eu27,country,2004,inflow,,-,thousand_usd,not_applicable,,2026-08-17,FDI_Eng-countries.xlsx,FDI (annual),K14,published
fdi_flows,country,m49_208,208,Denmark,group_eu27,country,2005,inflow,318976.15472000001000,318.97615472000001,thousand_usd,numeric,,2026-08-17,FDI_Eng-countries.xlsx,FDI (annual),L14,published
fdi_flows,country,m49_208,208,Denmark,group_eu27,country,2006,inflow,42001900.36000,42001.90036,thousand_usd,numeric,,2026-08-17,FDI_Eng-countries.xlsx,FDI (annual),M14,published
fdi_flows,country,m49_208,208,Denmark,group_eu27,country,2007,inflow,144931448.52999999000,144931.44852999999,thousand_usd,numeric,,2026-08-17,FDI_Eng-countries.xlsx,FDI (annual),N14,published
fdi_flows,country,m49_208,208,Denmark,group_eu27,country,2008,inflow,256277.10000000002000,256.27710000000002,thousand_usd,numeric,,2026-08-17,FDI_Eng-countries.xlsx,FDI (annual),O14,published
fdi_flows,country,m49_208,208,Denmark,group_eu27,country,2009,inflow,-427316.79999999994000,-427.31679999999994,thousand_usd,numeric,,2026-08-17,FDI_Eng-countries.xlsx,FDI (annual),P14,published
fdi_flows,country,m49_208,208,Denmark,group_eu27,country,2010,inflow,18067.100000000028000,18.067100000000028,thousand_usd,numeric,,2026-08-17,FDI_Eng-countries.xlsx,FDI (annual),Q14,published
fdi_flows,country,m49_208,208,Denmark,group_eu27,country,2011,inflow,2504368.8999999999000,2504.3688999999999,thousand_usd,numeric,,2026-08-17,FDI_Eng-countries.xlsx,FDI (annual),R14,published
fdi_flows,country,m49_208,208,Denmark,group_eu27,country,2012,inflow,6558114.8999999987000,6558.1148999999987,thousand_usd,numeric,,2026-08-17,FDI_Eng-countries.xlsx,FDI (annual),S14,published
fdi_flows,country,m49_208,208,Denmark,group_eu27,country,2013,inflow,9572371.799999999000,9572.371799999999,thousand_usd,numeric,,2026-08-17,FDI_Eng-countries.xlsx,FDI (annual),T14,published
fdi_flows,country,m49_208,208,Denmark,group_eu27,country,2014,inflow,12730183.1000,12730.1831,thousand_usd,numeric,,2026-08-17,FDI_Eng-countries.xlsx,FDI (annual),U14,published
fdi_flows,country,m49_208,208,Denmark,group_eu27,country,2015,inflow,12141545.600000001000,12141.545600000001,thousand_usd,numeric,,2026-08-17,FDI_Eng-countries.xlsx,FDI (annual),V14,published
fdi_flows,country,m49_208,208,Denmark,group_eu27,country,2016,inflow,-7282573.0000000003000,-7282.5730000000003,thousand_usd,numeric,,2026-08-17,FDI_Eng-countries.xlsx,FDI (annual),W14,published
fdi_flows,country,m49_208,208,Denmark,group_eu27,country,2017,inflow,-4457082.4999999986000,-4457.0824999999986,thousand_usd,numeric,,2026-08-17,FDI_Eng-countries.xlsx,FDI (annual),X14,published
fdi_flows,country,m49_208,208,Denmark,group_eu27,country,2018,inflow,15248811.600000001000,15248.811600000001,thousand_usd,numeric,,2026-08-17,FDI_Eng-countries.xlsx,FDI (annual),Y14,published
fdi_flows,country,m49_208,208,Denmark,group_eu27,country,2019,inflow,2754372.3999999984000,2754.3723999999984,thousand_usd,numeric,,2026-08-17,FDI_Eng-countries.xlsx,FDI (annual),Z14,published
fdi_flows,country,m49_208,208,Denmark,group_eu27,country,2020,inflow,29995657.399999996000,29995.657399999996,thousand_usd,numeric,,2026-08-17,FDI_Eng-countries.xlsx,FDI (annual),AA14,published
fdi_flows,country,m49_208,208,Denmark,group_eu27,country,2021,inflow,2130157.6999999979000,2130.1576999999979,thousand_usd,numeric,,2026-08-17,FDI_Eng-countries.xlsx,FDI (annual),AB14,published
fdi_flows,country,m49_208,208,Denmark,group_eu27,country,2022,inflow,17752939.8000,17752.9398,thousand_usd,numeric,,2026-08-17,FDI_Eng-countries.xlsx,FDI (annual),AC14,published
fdi_flows,country,m49_208,208,Denmark,group_eu27,country,2023,inflow,21253561.999999998000,21253.561999999998,thousand_usd,numeric,,2026-08-17,FDI_Eng-countries.xlsx,FDI (annual),AD14,published
fdi_flows,country,m49_208,208,Denmark,group_eu27,country,2024,inflow,-3894751.3999999978000,-3894.7513999999978,thousand_usd,numeric,,2026-08-17,FDI_Eng-countries.xlsx,FDI (annual),AE14,published
fdi_flows,country,m49_208,208,Denmark,group_eu27,country,2025,inflow,30974840.700000012000,30974.840700000012,thousand_usd,numeric,,2026-08-17,FDI_Eng-countries.xlsx,FDI (annual),AF14,published
fdi_flows,country,m49_233,233,Estonia,group_eu27,country,1996,inflow,,-,thousand_usd,not_applicable,,2026-08-17,FDI_Eng-countries.xlsx,FDI (annual),C15,published
fdi_flows,country,m49_233,233,Estonia,group_eu27,country,1997,inflow,,-,thousand_usd,not_applicable,,2026-08-17,FDI_Eng-countries.xlsx,FDI (annual),D15,published
fdi_flows,country,m49_233,233,Estonia,group_eu27,country,1998,inflow,,-,thousand_usd,not_applicable,,2026-08-17,FDI_Eng-countries.xlsx,FDI (annual),E15,published
fdi_flows,country,m49_233,233,Estonia,group_eu27,country,1999,inflow,,-,thousand_usd,not_applicable,,2026-08-17,FDI_Eng-countries.xlsx,FDI (annual),F15,published
fdi_flows,country,m49_233,233,Estonia,group_eu27,country,2000,inflow,,-,thousand_usd,not_applicable,,2026-08-17,FDI_Eng-countries.xlsx,FDI (annual),G15,published
fdi_flows,country,m49_233,233,Estonia,group_eu27,country,2001,inflow,,-,thousand_usd,not_applicable,,2026-08-17,FDI_Eng-countries.xlsx,FDI (annual),H15,published
fdi_flows,country,m49_233,233,Estonia,group_eu27,country,2002,inflow,,-,thousand_usd,not_applicable,,2026-08-17,FDI_Eng-countries.xlsx,FDI (annual),I15,published
fdi_flows,country,m49_233,233,Estonia,group_eu27,country,2003,inflow,,-,thousand_usd,not_applicable,,2026-08-17,FDI_Eng-countries.xlsx,FDI (annual),J15,published
fdi_flows,country,m49_233,233,Estonia,group_eu27,country,2004,inflow,,-,thousand_usd,not_applicable,,2026-08-17,FDI_Eng-countries.xlsx,FDI (annual),K15,published
fdi_flows,country,m49_233,233,Estonia,group_eu27,country,2005,inflow,,-,thousand_usd,not_applicable,,2026-08-17,FDI_Eng-countries.xlsx,FDI (annual),L15,published
fdi_flows,country,m49_233,233,Estonia,group_eu27,country,2006,inflow,,-,thousand_usd,not_applicable,,2026-08-17,FDI_Eng-countries.xlsx,FDI (annual),M15,published
fdi_flows,country,m49_233,233,Estonia,group_eu27,country,2007,inflow,7630928.4484144682000,7630.9284484144682,thousand_usd,numeric,,2026-08-17,FDI_Eng-countries.xlsx,FDI (annual),N15,published
fdi_flows,country,m49_233,233,Estonia,group_eu27,country,2008,inflow,5049808.1847000003000,5049.8081847000003,thousand_usd,numeric,,2026-08-17,FDI_Eng-countries.xlsx,FDI (annual),O15,published
fdi_flows,country,m49_233,233,Estonia,group_eu27,country,2009,inflow,8074903.0058000008000,8074.9030058000008,thousand_usd,numeric,,2026-08-17,FDI_Eng-countries.xlsx,FDI (annual),P15,published
fdi_flows,country,m49_233,233,Estonia,group_eu27,country,2010,inflow,-51868.700000000018000,-51.868700000000018,thousand_usd,numeric,,2026-08-17,FDI_Eng-countries.xlsx,FDI (annual),Q15,published
fdi_flows,country,m49_233,233,Estonia,group_eu27,country,2011,inflow,-332451.90000000002000,-332.45190000000002,thousand_usd,numeric,,2026-08-17,FDI_Eng-countries.xlsx,FDI (annual),R15,published
fdi_flows,country,m49_233,233,Estonia,group_eu27,country,2012,inflow,385463.19999999997000,385.46319999999997,thousand_usd,numeric,,2026-08-17,FDI_Eng-countries.xlsx,FDI (annual),S15,published
fdi_flows,country,m49_233,233,Estonia,group_eu27,country,2013,inflow,482212.9000000001000,482.2129000000001,thousand_usd,numeric,,2026-08-17,FDI_Eng-countries.xlsx,FDI (annual),T15,published
fdi_flows,country,m49_233,233,Estonia,group_eu27,country,2014,inflow,4066405.7000000003000,4066.4057000000003,thousand_usd,numeric,,2026-08-17,FDI_Eng-countries.xlsx,FDI (annual),U15,published
fdi_flows,country,m49_233,233,Estonia,group_eu27,country,2015,inflow,13203928.900000001000,13203.928900000001,thousand_usd,numeric,,2026-08-17,FDI_Eng-countries.xlsx,FDI (annual),V15,published
fdi_flows,country,m49_233,233,Estonia,group_eu27,country,2016,inflow,19714234.800000002000,19714.234800000002,thousand_usd,numeric,,2026-08-17,FDI_Eng-countries.xlsx,FDI (annual),W15,published
fdi_flows,country,m49_233,233,Estonia,group_eu27,country,2017,inflow,20526264.099999997000,20526.264099999997,thousand_usd,numeric,,2026-08-17,FDI_Eng-countries.xlsx,FDI (annual),X15,published
fdi_flows,country,m49_233,233,Estonia,group_eu27,country,2018,inflow,15371392.599999999000,15371.392599999999,thousand_usd,numeric,,2026-08-17,FDI_Eng-countries.xlsx,FDI (annual),Y15,published
fdi_flows,country,m49_233,233,Estonia,group_eu27,country,2019,inflow,3879198.8000000006000,3879.1988000000006,thousand_usd,numeric,,2026-08-17,FDI_Eng-countries.xlsx,FDI (annual),Z15,published
fdi_flows,country,m49_233,233,Estonia,group_eu27,country,2020,inflow,6996751.4000000001000,6996.7514000000001,thousand_usd,numeric,,2026-08-17,FDI_Eng-countries.xlsx,FDI (annual),AA15,published
fdi_flows,country,m49_233,233,Estonia,group_eu27,country,2021,inflow,5282068.6000000005000,5282.0686000000005,thousand_usd,numeric,,2026-08-17,FDI_Eng-countries.xlsx,FDI (annual),AB15,published
fdi_flows,country,m49_233,233,Estonia,group_eu27,country,2022,inflow,20485644.099999998000,20485.644099999998,thousand_usd,numeric,,2026-08-17,FDI_Eng-countries.xlsx,FDI (annual),AC15,published
fdi_flows,country,m49_233,233,Estonia,group_eu27,country,2023,inflow,20816831.800000004000,20816.831800000004,thousand_usd,numeric,,2026-08-17,FDI_Eng-countries.xlsx,FDI (annual),AD15,published
fdi_flows,country,m49_233,233,Estonia,group_eu27,country,2024,inflow,26856788.100000002000,26856.788100000002,thousand_usd,numeric,,2026-08-17,FDI_Eng-countries.xlsx,FDI (annual),AE15,published
fdi_flows,country,m49_233,233,Estonia,group_eu27,country,2025,inflow,-7294420.00,-7294.42,thousand_usd,numeric,,2026-08-17,FDI_Eng-countries.xlsx,FDI (annual),AF15,published
fdi_flows,country,m49_246,246,Finland,group_eu27,country,1996,inflow,,-,thousand_usd,not_applicable,,2026-08-17,FDI_Eng-countries.xlsx,FDI (annual),C16,published
fdi_flows,country,m49_246,246,Finland,group_eu27,country,1997,inflow,,-,thousand_usd,not_applicable,,2026-08-17,FDI_Eng-countries.xlsx,FDI (annual),D16,published
fdi_flows,country,m49_246,246,Finland,group_eu27,country,1998,inflow,,-,thousand_usd,not_applicable,,2026-08-17,FDI_Eng-countries.xlsx,FDI (annual),E16,published
fdi_flows,country,m49_246,246,Finland,group_eu27,country,1999,inflow,,-,thousand_usd,not_applicable,,2026-08-17,FDI_Eng-countries.xlsx,FDI (annual),F16,published
fdi_flows,country,m49_246,246,Finland,group_eu27,country,2000,inflow,,-,thousand_usd,not_applicable,,2026-08-17,FDI_Eng-countries.xlsx,FDI (annual),G16,published
fdi_flows,country,m49_246,246,Finland,group_eu27,country,2001,inflow,,-,thousand_usd,not_applicable,,2026-08-17,FDI_Eng-countries.xlsx,FDI (annual),H16,published
fdi_flows,country,m49_246,246,Finland,group_eu27,country,2002,inflow,,-,thousand_usd,not_applicable,,2026-08-17,FDI_Eng-countries.xlsx,FDI (annual),I16,published
fdi_flows,country,m49_246,246,Finland,group_eu27,country,2003,inflow,,-,thousand_usd,not_applicable,,2026-08-17,FDI_Eng-countries.xlsx,FDI (annual),J16,published
fdi_flows,country,m49_246,246,Finland,group_eu27,country,2004,inflow,,-,thousand_usd,not_applicable,,2026-08-17,FDI_Eng-countries.xlsx,FDI (annual),K16,published
fdi_flows,country,m49_246,246,Finland,group_eu27,country,2005,inflow,,-,thousand_usd,not_applicable,,2026-08-17,FDI_Eng-countries.xlsx,FDI (annual),L16,published
fdi_flows,country,m49_246,246,Finland,group_eu27,country,2006,inflow,,-,thousand_usd,not_applicable,,2026-08-17,FDI_Eng-countries.xlsx,FDI (annual),M16,published
fdi_flows,country,m49_246,246,Finland,group_eu27,country,2007,inflow,,-,thousand_usd,not_applicable,,2026-08-17,FDI_Eng-countries.xlsx,FDI (annual),N16,published
fdi_flows,country,m49_246,246,Finland,group_eu27,country,2008,inflow,,-,thousand_usd,not_applicable,,2026-08-17,FDI_Eng-countries.xlsx,FDI (annual),O16,published
fdi_flows,country,m49_246,246,Finland,group_eu27,country,2009,inflow,,-,thousand_usd,not_applicable,,2026-08-17,FDI_Eng-countries.xlsx,FDI (annual),P16,published
fdi_flows,country,m49_246,246,Finland,group_eu27,country,2010,inflow,1533332.6999999999000,1533.3326999999999,thousand_usd,numeric,,2026-08-17,FDI_Eng-countries.xlsx,FDI (annual),Q16,published
fdi_flows,country,m49_246,246,Finland,group_eu27,country,2011,inflow,992987.49999999995000,992.98749999999995,thousand_usd,numeric,,2026-08-17,FDI_Eng-countries.xlsx,FDI (annual),R16,published
fdi_flows,country,m49_246,246,Finland,group_eu27,country,2012,inflow,1085683.8000,1085.6838,thousand_usd,numeric,,2026-08-17,FDI_Eng-countries.xlsx,FDI (annual),S16,published
fdi_flows,country,m49_246,246,Finland,group_eu27,country,2013,inflow,1235858.8999999999000,1235.8588999999999,thousand_usd,numeric,,2026-08-17,FDI_Eng-countries.xlsx,FDI (annual),T16,published
fdi_flows,country,m49_246,246,Finland,group_eu27,country,2014,inflow,887084.20000000001000,887.08420000000001,thousand_usd,numeric,,2026-08-17,FDI_Eng-countries.xlsx,FDI (annual),U16,published
fdi_flows,country,m49_246,246,Finland,group_eu27,country,2015,inflow,358422.60000000005000,358.42260000000005,thousand_usd,numeric,,2026-08-17,FDI_Eng-countries.xlsx,FDI (annual),V16,published
fdi_flows,country,m49_246,246,Finland,group_eu27,country,2016,inflow,306329.79999999998000,306.32979999999998,thousand_usd,numeric,,2026-08-17,FDI_Eng-countries.xlsx,FDI (annual),W16,published
fdi_flows,country,m49_246,246,Finland,group_eu27,country,2017,inflow,-435825.80000000007000,-435.82580000000007,thousand_usd,numeric,,2026-08-17,FDI_Eng-countries.xlsx,FDI (annual),X16,published
fdi_flows,country,m49_246,246,Finland,group_eu27,country,2018,inflow,53514.700000000147000,53.514700000000147,thousand_usd,numeric,,2026-08-17,FDI_Eng-countries.xlsx,FDI (annual),Y16,published
fdi_flows,country,m49_246,246,Finland,group_eu27,country,2019,inflow,2192891.0000000001000,2192.8910000000001,thousand_usd,numeric,,2026-08-17,FDI_Eng-countries.xlsx,FDI (annual),Z16,published
fdi_flows,country,m49_246,246,Finland,group_eu27,country,2020,inflow,723120.20000000007000,723.12020000000007,thousand_usd,numeric,,2026-08-17,FDI_Eng-countries.xlsx,FDI (annual),AA16,published
fdi_flows,country,m49_246,246,Finland,group_eu27,country,2021,inflow,792580.80000000007000,792.58080000000007,thousand_usd,numeric,,2026-08-17,FDI_Eng-countries.xlsx,FDI (annual),AB16,published
fdi_flows,country,m49_246,246,Finland,group_eu27,country,2022,inflow,851272.00000000016000,851.27200000000016,thousand_usd,numeric,,2026-08-17,FDI_Eng-countries.xlsx,FDI (annual),AC16,published
fdi_flows,country,m49_246,246,Finland,group_eu27,country,2023,inflow,280895.6000,280.8956,thousand_usd,numeric,,2026-08-17,FDI_Eng-countries.xlsx,FDI (annual),AD16,published
fdi_flows,country,m49_246,246,Finland,group_eu27,country,2024,inflow,-2214432.4999999999000,-2214.4324999999999,thousand_usd,numeric,,2026-08-17,FDI_Eng-countries.xlsx,FDI (annual),AE16,published
fdi_flows,country,m49_246,246,Finland,group_eu27,country,2025,inflow,17878482.700000004000,17878.482700000004,thousand_usd,numeric,,2026-08-17,FDI_Eng-countries.xlsx,FDI (annual),AF16,published
fdi_flows,country,m49_250,250,France,group_eu27,country,1996,inflow,,-,thousand_usd,not_applicable,,2026-08-17,FDI_Eng-countries.xlsx,FDI (annual),C17,published
fdi_flows,country,m49_250,250,France,group_eu27,country,1997,inflow,,-,thousand_usd,not_applicable,,2026-08-17,FDI_Eng-countries.xlsx,FDI (annual),D17,published
fdi_flows,country,m49_250,250,France,group_eu27,country,1998,inflow,,-,thousand_usd,not_applicable,,2026-08-17,FDI_Eng-countries.xlsx,FDI (annual),E17,published
fdi_flows,country,m49_250,250,France,group_eu27,country,1999,inflow,,-,thousand_usd,not_applicable,,2026-08-17,FDI_Eng-countries.xlsx,FDI (annual),F17,published
fdi_flows,country,m49_250,250,France,group_eu27,country,2000,inflow,,-,thousand_usd,not_applicable,,2026-08-17,FDI_Eng-countries.xlsx,FDI (annual),G17,published
fdi_flows,country,m49_250,250,France,group_eu27,country,2001,inflow,17391679.747999999000,17391.679747999999,thousand_usd,numeric,,2026-08-17,FDI_Eng-countries.xlsx,FDI (annual),H17,published
fdi_flows,country,m49_250,250,France,group_eu27,country,2002,inflow,6025727.9607999999000,6025.7279607999999,thousand_usd,numeric,,2026-08-17,FDI_Eng-countries.xlsx,FDI (annual),I17,published
fdi_flows,country,m49_250,250,France,group_eu27,country,2003,inflow,16448098.513000001000,16448.098513000001,thousand_usd,numeric,,2026-08-17,FDI_Eng-countries.xlsx,FDI (annual),J17,published
fdi_flows,country,m49_250,250,France,group_eu27,country,2004,inflow,22592907.246999999000,22592.907246999999,thousand_usd,numeric,,2026-08-17,FDI_Eng-countries.xlsx,FDI (annual),K17,published
fdi_flows,country,m49_250,250,France,group_eu27,country,2005,inflow,14121949.396000,14121.949396,thousand_usd,numeric,,2026-08-17,FDI_Eng-countries.xlsx,FDI (annual),L17,published
fdi_flows,country,m49_250,250,France,group_eu27,country,2006,inflow,15679700.162000001000,15679.700162000001,thousand_usd,numeric,,2026-08-17,FDI_Eng-countries.xlsx,FDI (annual),M17,published
fdi_flows,country,m49_250,250,France,group_eu27,country,2007,inflow,37484439.025000,37484.439025,thousand_usd,numeric,,2026-08-17,FDI_Eng-countries.xlsx,FDI (annual),N17,published
fdi_flows,country,m49_250,250,France,group_eu27,country,2008,inflow,8179665.9331000001000,8179.6659331000001,thousand_usd,numeric,,2026-08-17,FDI_Eng-countries.xlsx,FDI (annual),O17,published
fdi_flows,country,m49_250,250,France,group_eu27,country,2009,inflow,11958389.7000,11958.3897,thousand_usd,numeric,,2026-08-17,FDI_Eng-countries.xlsx,FDI (annual),P17,published
fdi_flows,country,m49_250,250,France,group_eu27,country,2010,inflow,-7820127.9815000016000,-7820.1279815000016,thousand_usd,numeric,,2026-08-17,FDI_Eng-countries.xlsx,FDI (annual),Q17,published
fdi_flows,country,m49_250,250,France,group_eu27,country,2011,inflow,7353083.0000000005000,7353.0830000000005,thousand_usd,numeric,,2026-08-17,FDI_Eng-countries.xlsx,FDI (annual),R17,published
fdi_flows,country,m49_250,250,France,group_eu27,country,2012,inflow,25863831.699999999000,25863.831699999999,thousand_usd,numeric,,2026-08-17,FDI_Eng-countries.xlsx,FDI (annual),S17,published
fdi_flows,country,m49_250,250,France,group_eu27,country,2013,inflow,11175525.672887801000,11175.525672887801,thousand_usd,numeric,,2026-08-17,FDI_Eng-countries.xlsx,FDI (annual),T17,published
fdi_flows,country,m49_250,250,France,group_eu27,country,2014,inflow,20143067.596607401000,20143.067596607401,thousand_usd,numeric,,2026-08-17,FDI_Eng-countries.xlsx,FDI (annual),U17,published
fdi_flows,country,m49_250,250,France,group_eu27,country,2015,inflow,22636483.492657895000,22636.483492657895,thousand_usd,numeric,,2026-08-17,FDI_Eng-countries.xlsx,FDI (annual),V17,published
fdi_flows,country,m49_250,250,France,group_eu27,country,2016,inflow,-88316957.49999999000,-88316.95749999999,thousand_usd,numeric,,2026-08-17,FDI_Eng-countries.xlsx,FDI (annual),W17,published
fdi_flows,country,m49_250,250,France,group_eu27,country,2017,inflow,21092414.199999999000,21092.414199999999,thousand_usd,numeric,,2026-08-17,FDI_Eng-countries.xlsx,FDI (annual),X17,published
fdi_flows,country,m49_250,250,France,group_eu27,country,2018,inflow,27672661.899999996000,27672.661899999996,thousand_usd,numeric,,2026-08-17,FDI_Eng-countries.xlsx,FDI (annual),Y17,published
fdi_flows,country,m49_250,250,France,group_eu27,country,2019,inflow,20407867.400000003000,20407.867400000003,thousand_usd,numeric,,2026-08-17,FDI_Eng-countries.xlsx,FDI (annual),Z17,published
fdi_flows,country,m49_250,250,France,group_eu27,country,2020,inflow,11999884.299999998000,11999.884299999998,thousand_usd,numeric,,2026-08-17,FDI_Eng-countries.xlsx,FDI (annual),AA17,published
fdi_flows,country,m49_250,250,France,group_eu27,country,2021,inflow,23241313.499999997000,23241.313499999997,thousand_usd,numeric,,2026-08-17,FDI_Eng-countries.xlsx,FDI (annual),AB17,published
fdi_flows,country,m49_250,250,France,group_eu27,country,2022,inflow,10317956.000000002000,10317.956000000002,thousand_usd,numeric,,2026-08-17,FDI_Eng-countries.xlsx,FDI (annual),AC17,published
fdi_flows,country,m49_250,250,France,group_eu27,country,2023,inflow,12351220.599999999000,12351.220599999999,thousand_usd,numeric,,2026-08-17,FDI_Eng-countries.xlsx,FDI (annual),AD17,published
fdi_flows,country,m49_250,250,France,group_eu27,country,2024,inflow,10714675.200000001000,10714.675200000001,thousand_usd,numeric,,2026-08-17,FDI_Eng-countries.xlsx,FDI (annual),AE17,published
fdi_flows,country,m49_250,250,France,group_eu27,country,2025,inflow,4812394.2999999999000,4812.3942999999999,thousand_usd,numeric,,2026-08-17,FDI_Eng-countries.xlsx,FDI (annual),AF17,published
fdi_flows,country,m49_276,276,Germany,group_eu27,country,1996,inflow,,-,thousand_usd,not_applicable,,2026-08-17,FDI_Eng-countries.xlsx,FDI (annual),C18,published
fdi_flows,country,m49_276,276,Germany,group_eu27,country,1997,inflow,2081481.5364000001000,2081.4815364000001,thousand_usd,numeric,,2026-08-17,FDI_Eng-countries.xlsx,FDI (annual),D18,published
fdi_flows,country,m49_276,276,Germany,group_eu27,country,1998,inflow,2102467.071000,2102.467071,thousand_usd,numeric,,2026-08-17,FDI_Eng-countries.xlsx,FDI (annual),E18,published
fdi_flows,country,m49_276,276,Germany,group_eu27,country,1999,inflow,2227639.8995999998000,2227.6398995999998,thousand_usd,numeric,,2026-08-17,FDI_Eng-countries.xlsx,FDI (annual),F18,published
fdi_flows,country,m49_276,276,Germany,group_eu27,country,2000,inflow,3209766.0713999999000,3209.7660713999999,thousand_usd,numeric,,2026-08-17,FDI_Eng-countries.xlsx,FDI (annual),G18,published
fdi_flows,country,m49_276,276,Germany,group_eu27,country,2001,inflow,13377787.084000,13377.787084,thousand_usd,numeric,,2026-08-17,FDI_Eng-countries.xlsx,FDI (annual),H18,published
fdi_flows,country,m49_276,276,Germany,group_eu27,country,2002,inflow,4475319.4457999998000,4475.3194457999998,thousand_usd,numeric,,2026-08-17,FDI_Eng-countries.xlsx,FDI (annual),I18,published
fdi_flows,country,m49_276,276,Germany,group_eu27,country,2003,inflow,4624285.6232000004000,4624.2856232000004,thousand_usd,numeric,,2026-08-17,FDI_Eng-countries.xlsx,FDI (annual),J18,published
fdi_flows,country,m49_276,276,Germany,group_eu27,country,2004,inflow,5513916.9621999999000,5513.9169621999999,thousand_usd,numeric,,2026-08-17,FDI_Eng-countries.xlsx,FDI (annual),K18,published
fdi_flows,country,m49_276,276,Germany,group_eu27,country,2005,inflow,6217483.5103000005000,6217.4835103000005,thousand_usd,numeric,,2026-08-17,FDI_Eng-countries.xlsx,FDI (annual),L18,published
fdi_flows,country,m49_276,276,Germany,group_eu27,country,2006,inflow,19472689.886000,19472.689886,thousand_usd,numeric,,2026-08-17,FDI_Eng-countries.xlsx,FDI (annual),M18,published
fdi_flows,country,m49_276,276,Germany,group_eu27,country,2007,inflow,51898425.347999997000,51898.425347999997,thousand_usd,numeric,,2026-08-17,FDI_Eng-countries.xlsx,FDI (annual),N18,published
fdi_flows,country,m49_276,276,Germany,group_eu27,country,2008,inflow,40590621.486999997000,40590.621486999997,thousand_usd,numeric,,2026-08-17,FDI_Eng-countries.xlsx,FDI (annual),O18,published
fdi_flows,country,m49_276,276,Germany,group_eu27,country,2009,inflow,21344950.499999995000,21344.950499999995,thousand_usd,numeric,,2026-08-17,FDI_Eng-countries.xlsx,FDI (annual),P18,published
fdi_flows,country,m49_276,276,Germany,group_eu27,country,2010,inflow,12848001.200000002000,12848.001200000002,thousand_usd,numeric,,2026-08-17,FDI_Eng-countries.xlsx,FDI (annual),Q18,published
fdi_flows,country,m49_276,276,Germany,group_eu27,country,2011,inflow,46570757.817011501000,46570.757817011501,thousand_usd,numeric,,2026-08-17,FDI_Eng-countries.xlsx,FDI (annual),R18,published
fdi_flows,country,m49_276,276,Germany,group_eu27,country,2012,inflow,142405565.12360001000,142405.56512360001,thousand_usd,numeric,,2026-08-17,FDI_Eng-countries.xlsx,FDI (annual),S18,published
fdi_flows,country,m49_276,276,Germany,group_eu27,country,2013,inflow,31927369.1519776000,31927.3691519776,thousand_usd,numeric,,2026-08-17,FDI_Eng-countries.xlsx,FDI (annual),T18,published
fdi_flows,country,m49_276,276,Germany,group_eu27,country,2014,inflow,4186941.1834780994000,4186.9411834780994,thousand_usd,numeric,,2026-08-17,FDI_Eng-countries.xlsx,FDI (annual),U18,published
fdi_flows,country,m49_276,276,Germany,group_eu27,country,2015,inflow,-2608981.2469351996000,-2608.9812469351996,thousand_usd,numeric,,2026-08-17,FDI_Eng-countries.xlsx,FDI (annual),V18,published
fdi_flows,country,m49_276,276,Germany,group_eu27,country,2016,inflow,24315590.6000,24315.5906,thousand_usd,numeric,,2026-08-17,FDI_Eng-countries.xlsx,FDI (annual),W18,published
fdi_flows,country,m49_276,276,Germany,group_eu27,country,2017,inflow,-94507716.499999995000,-94507.716499999995,thousand_usd,numeric,,2026-08-17,FDI_Eng-countries.xlsx,FDI (annual),X18,published
fdi_flows,country,m49_276,276,Germany,group_eu27,country,2018,inflow,41127146.3000,41127.1463,thousand_usd,numeric,,2026-08-17,FDI_Eng-countries.xlsx,FDI (annual),Y18,published
fdi_flows,country,m49_276,276,Germany,group_eu27,country,2019,inflow,23892090.500000013000,23892.090500000013,thousand_usd,numeric,,2026-08-17,FDI_Eng-countries.xlsx,FDI (annual),Z18,published
fdi_flows,country,m49_276,276,Germany,group_eu27,country,2020,inflow,36536159.200000002000,36536.159200000002,thousand_usd,numeric,,2026-08-17,FDI_Eng-countries.xlsx,FDI (annual),AA18,published
fdi_flows,country,m49_276,276,Germany,group_eu27,country,2021,inflow,38360082.399999999000,38360.082399999999,thousand_usd,numeric,,2026-08-17,FDI_Eng-countries.xlsx,FDI (annual),AB18,published
fdi_flows,country,m49_276,276,Germany,group_eu27,country,2022,inflow,34176196.400000001000,34176.196400000001,thousand_usd,numeric,,2026-08-17,FDI_Eng-countries.xlsx,FDI (annual),AC18,published
fdi_flows,country,m49_276,276,Germany,group_eu27,country,2023,inflow,29528515.299999999000,29528.515299999999,thousand_usd,numeric,,2026-08-17,FDI_Eng-countries.xlsx,FDI (annual),AD18,published
fdi_flows,country,m49_276,276,Germany,group_eu27,country,2024,inflow,50924872.800000005000,50924.872800000005,thousand_usd,numeric,,2026-08-17,FDI_Eng-countries.xlsx,FDI (annual),AE18,published
fdi_flows,country,m49_276,276,Germany,group_eu27,country,2025,inflow,73854776.700000002000,73854.776700000002,thousand_usd,numeric,,2026-08-17,FDI_Eng-countries.xlsx,FDI (annual),AF18,published
fdi_flows,country,m49_292,292,Gibraltar,group_other,country,1996,inflow,,-,thousand_usd,not_applicable,,2026-08-17,FDI_Eng-countries.xlsx,FDI (annual),C57,published
fdi_flows,country,m49_292,292,Gibraltar,group_other,country,1997,inflow,,-,thousand_usd,not_applicable,,2026-08-17,FDI_Eng-countries.xlsx,FDI (annual),D57,published
fdi_flows,country,m49_292,292,Gibraltar,group_other,country,1998,inflow,,-,thousand_usd,not_applicable,,2026-08-17,FDI_Eng-countries.xlsx,FDI (annual),E57,published
fdi_flows,country,m49_292,292,Gibraltar,group_other,country,1999,inflow,,-,thousand_usd,not_applicable,,2026-08-17,FDI_Eng-countries.xlsx,FDI (annual),F57,published
fdi_flows,country,m49_292,292,Gibraltar,group_other,country,2000,inflow,,-,thousand_usd,not_applicable,,2026-08-17,FDI_Eng-countries.xlsx,FDI (annual),G57,published
fdi_flows,country,m49_292,292,Gibraltar,group_other,country,2001,inflow,,-,thousand_usd,not_applicable,,2026-08-17,FDI_Eng-countries.xlsx,FDI (annual),H57,published
fdi_flows,country,m49_292,292,Gibraltar,group_other,country,2002,inflow,,-,thousand_usd,not_applicable,,2026-08-17,FDI_Eng-countries.xlsx,FDI (annual),I57,published
fdi_flows,country,m49_292,292,Gibraltar,group_other,country,2003,inflow,115102.9863000,115.1029863,thousand_usd,numeric,,2026-08-17,FDI_Eng-countries.xlsx,FDI (annual),J57,published
fdi_flows,country,m49_292,292,Gibraltar,group_other,country,2004,inflow,,-,thousand_usd,not_applicable,,2026-08-17,FDI_Eng-countries.xlsx,FDI (annual),K57,published
fdi_flows,country,m49_292,292,Gibraltar,group_other,country,2005,inflow,90174.558941000001000,90.174558941000001,thousand_usd,numeric,,2026-08-17,FDI_Eng-countries.xlsx,FDI (annual),L57,published
fdi_flows,country,m49_292,292,Gibraltar,group_other,country,2006,inflow,955374.07224000003000,955.37407224000003,thousand_usd,numeric,,2026-08-17,FDI_Eng-countries.xlsx,FDI (annual),M57,published
fdi_flows,country,m49_292,292,Gibraltar,group_other,country,2007,inflow,5619728.4164000002000,5619.7284164000002,thousand_usd,numeric,,2026-08-17,FDI_Eng-countries.xlsx,FDI (annual),N57,published
fdi_flows,country,m49_292,292,Gibraltar,group_other,country,2008,inflow,5307015.0739000001000,5307.0150739000001,thousand_usd,numeric,,2026-08-17,FDI_Eng-countries.xlsx,FDI (annual),O57,published
fdi_flows,country,m49_292,292,Gibraltar,group_other,country,2009,inflow,4088975.8000000002000,4088.9758000000002,thousand_usd,numeric,,2026-08-17,FDI_Eng-countries.xlsx,FDI (annual),P57,published
fdi_flows,country,m49_292,292,Gibraltar,group_other,country,2010,inflow,986309.94812900099000,986.30994812900099,thousand_usd,numeric,,2026-08-17,FDI_Eng-countries.xlsx,FDI (annual),Q57,published
fdi_flows,country,m49_292,292,Gibraltar,group_other,country,2011,inflow,-802854.49999999992000,-802.85449999999992,thousand_usd,numeric,,2026-08-17,FDI_Eng-countries.xlsx,FDI (annual),R57,published
fdi_flows,country,m49_292,292,Gibraltar,group_other,country,2012,inflow,-629969.69999999897000,-629.96969999999897,thousand_usd,numeric,,2026-08-17,FDI_Eng-countries.xlsx,FDI (annual),S57,published
fdi_flows,country,m49_292,292,Gibraltar,group_other,country,2013,inflow,469052.1000,469.0521,thousand_usd,numeric,,2026-08-17,FDI_Eng-countries.xlsx,FDI (annual),T57,published
fdi_flows,country,m49_292,292,Gibraltar,group_other,country,2014,inflow,545563.4000,545.5634,thousand_usd,numeric,,2026-08-17,FDI_Eng-countries.xlsx,FDI (annual),U57,published
fdi_flows,country,m49_292,292,Gibraltar,group_other,country,2015,inflow,1285740.2999999999000,1285.7402999999999,thousand_usd,numeric,,2026-08-17,FDI_Eng-countries.xlsx,FDI (annual),V57,published
fdi_flows,country,m49_292,292,Gibraltar,group_other,country,2016,inflow,479520.10000000007000,479.52010000000007,thousand_usd,numeric,,2026-08-17,FDI_Eng-countries.xlsx,FDI (annual),W57,published
fdi_flows,country,m49_292,292,Gibraltar,group_other,country,2017,inflow,1914347.6000000001000,1914.3476000000001,thousand_usd,numeric,,2026-08-17,FDI_Eng-countries.xlsx,FDI (annual),X57,published
fdi_flows,country,m49_292,292,Gibraltar,group_other,country,2018,inflow,1042796.000,1042.796,thousand_usd,numeric,,2026-08-17,FDI_Eng-countries.xlsx,FDI (annual),Y57,published
fdi_flows,country,m49_292,292,Gibraltar,group_other,country,2019,inflow,1191536.4000,1191.5364,thousand_usd,numeric,,2026-08-17,FDI_Eng-countries.xlsx,FDI (annual),Z57,published
fdi_flows,country,m49_292,292,Gibraltar,group_other,country,2020,inflow,421114.30000000001000,421.11430000000001,thousand_usd,numeric,,2026-08-17,FDI_Eng-countries.xlsx,FDI (annual),AA57,published
fdi_flows,country,m49_292,292,Gibraltar,group_other,country,2021,inflow,-775642.5999999999000,-775.6425999999999,thousand_usd,numeric,,2026-08-17,FDI_Eng-countries.xlsx,FDI (annual),AB57,published
fdi_flows,country,m49_292,292,Gibraltar,group_other,country,2022,inflow,-79156.399999999891000,-79.156399999999891,thousand_usd,numeric,,2026-08-17,FDI_Eng-countries.xlsx,FDI (annual),AC57,published
fdi_flows,country,m49_292,292,Gibraltar,group_other,country,2023,inflow,114071.30000000001000,114.07130000000001,thousand_usd,numeric,,2026-08-17,FDI_Eng-countries.xlsx,FDI (annual),AD57,published
fdi_flows,country,m49_292,292,Gibraltar,group_other,country,2024,inflow,-242287.4000000001000,-242.2874000000001,thousand_usd,numeric,,2026-08-17,FDI_Eng-countries.xlsx,FDI (annual),AE57,published
fdi_flows,country,m49_292,292,Gibraltar,group_other,country,2025,inflow,904725.00000000014000,904.72500000000014,thousand_usd,numeric,,2026-08-17,FDI_Eng-countries.xlsx,FDI (annual),AF57,published
fdi_flows,country,m49_300,300,Greece,group_eu27,country,1996,inflow,,-,thousand_usd,not_applicable,,2026-08-17,FDI_Eng-countries.xlsx,FDI (annual),C19,published
fdi_flows,country,m49_300,300,Greece,group_eu27,country,1997,inflow,,-,thousand_usd,not_applicable,,2026-08-17,FDI_Eng-countries.xlsx,FDI (annual),D19,published
fdi_flows,country,m49_300,300,Greece,group_eu27,country,1998,inflow,2050653.9505999999000,2050.6539505999999,thousand_usd,numeric,,2026-08-17,FDI_Eng-countries.xlsx,FDI (annual),E19,published
fdi_flows,country,m49_300,300,Greece,group_eu27,country,1999,inflow,,-,thousand_usd,not_applicable,,2026-08-17,FDI_Eng-countries.xlsx,FDI (annual),F19,published
fdi_flows,country,m49_300,300,Greece,group_eu27,country,2000,inflow,,-,thousand_usd,not_applicable,,2026-08-17,FDI_Eng-countries.xlsx,FDI (annual),G19,published
fdi_flows,country,m49_300,300,Greece,group_eu27,country,2001,inflow,145876.61435000001000,145.87661435000001,thousand_usd,numeric,,2026-08-17,FDI_Eng-countries.xlsx,FDI (annual),H19,published
fdi_flows,country,m49_300,300,Greece,group_eu27,country,2002,inflow,19424897.126000,19424.897126,thousand_usd,numeric,,2026-08-17,FDI_Eng-countries.xlsx,FDI (annual),I19,published
fdi_flows,country,m49_300,300,Greece,group_eu27,country,2003,inflow,2434498.7219999998000,2434.4987219999998,thousand_usd,numeric,,2026-08-17,FDI_Eng-countries.xlsx,FDI (annual),J19,published
fdi_flows,country,m49_300,300,Greece,group_eu27,country,2004,inflow,2384062.1053000,2384.0621053,thousand_usd,numeric,,2026-08-17,FDI_Eng-countries.xlsx,FDI (annual),K19,published
fdi_flows,country,m49_300,300,Greece,group_eu27,country,2005,inflow,3054514.5955999997000,3054.5145955999997,thousand_usd,numeric,,2026-08-17,FDI_Eng-countries.xlsx,FDI (annual),L19,published
fdi_flows,country,m49_300,300,Greece,group_eu27,country,2006,inflow,2507411.0432000002000,2507.4110432000002,thousand_usd,numeric,,2026-08-17,FDI_Eng-countries.xlsx,FDI (annual),M19,published
fdi_flows,country,m49_300,300,Greece,group_eu27,country,2007,inflow,1023027.7838000,1023.0277838,thousand_usd,numeric,,2026-08-17,FDI_Eng-countries.xlsx,FDI (annual),N19,published
fdi_flows,country,m49_300,300,Greece,group_eu27,country,2008,inflow,-1850419.6589999999000,-1850.4196589999999,thousand_usd,numeric,,2026-08-17,FDI_Eng-countries.xlsx,FDI (annual),O19,published
fdi_flows,country,m49_300,300,Greece,group_eu27,country,2009,inflow,1521622.9999999998000,1521.6229999999998,thousand_usd,numeric,,2026-08-17,FDI_Eng-countries.xlsx,FDI (annual),P19,published
fdi_flows,country,m49_300,300,Greece,group_eu27,country,2010,inflow,4485338.8000000004000,4485.3388000000004,thousand_usd,numeric,,2026-08-17,FDI_Eng-countries.xlsx,FDI (annual),Q19,published
fdi_flows,country,m49_300,300,Greece,group_eu27,country,2011,inflow,1184824.7000000001000,1184.8247000000001,thousand_usd,numeric,,2026-08-17,FDI_Eng-countries.xlsx,FDI (annual),R19,published
fdi_flows,country,m49_300,300,Greece,group_eu27,country,2012,inflow,177871.39999999994000,177.87139999999994,thousand_usd,numeric,,2026-08-17,FDI_Eng-countries.xlsx,FDI (annual),S19,published
fdi_flows,country,m49_300,300,Greece,group_eu27,country,2013,inflow,-552647.16285940017000,-552.64716285940017,thousand_usd,numeric,,2026-08-17,FDI_Eng-countries.xlsx,FDI (annual),T19,published
fdi_flows,country,m49_300,300,Greece,group_eu27,country,2014,inflow,718641.68676509985000,718.64168676509985,thousand_usd,numeric,,2026-08-17,FDI_Eng-countries.xlsx,FDI (annual),U19,published
fdi_flows,country,m49_300,300,Greece,group_eu27,country,2015,inflow,-1331770.8947709000,-1331.7708947709,thousand_usd,numeric,,2026-08-17,FDI_Eng-countries.xlsx,FDI (annual),V19,published
fdi_flows,country,m49_300,300,Greece,group_eu27,country,2016,inflow,-479061.50000000002000,-479.06150000000002,thousand_usd,numeric,,2026-08-17,FDI_Eng-countries.xlsx,FDI (annual),W19,published
fdi_flows,country,m49_300,300,Greece,group_eu27,country,2017,inflow,675719.80000000019000,675.71980000000019,thousand_usd,numeric,,2026-08-17,FDI_Eng-countries.xlsx,FDI (annual),X19,published
fdi_flows,country,m49_300,300,Greece,group_eu27,country,2018,inflow,1971681.2999999997000,1971.6812999999997,thousand_usd,numeric,,2026-08-17,FDI_Eng-countries.xlsx,FDI (annual),Y19,published
fdi_flows,country,m49_300,300,Greece,group_eu27,country,2019,inflow,1313984.4999999998000,1313.9844999999998,thousand_usd,numeric,,2026-08-17,FDI_Eng-countries.xlsx,FDI (annual),Z19,published
fdi_flows,country,m49_300,300,Greece,group_eu27,country,2020,inflow,2935144.6000000005000,2935.1446000000005,thousand_usd,numeric,,2026-08-17,FDI_Eng-countries.xlsx,FDI (annual),AA19,published
fdi_flows,country,m49_300,300,Greece,group_eu27,country,2021,inflow,4983040.3000000006000,4983.0403000000006,thousand_usd,numeric,,2026-08-17,FDI_Eng-countries.xlsx,FDI (annual),AB19,published
fdi_flows,country,m49_300,300,Greece,group_eu27,country,2022,inflow,3209436.9999999999000,3209.4369999999999,thousand_usd,numeric,,2026-08-17,FDI_Eng-countries.xlsx,FDI (annual),AC19,published
fdi_flows,country,m49_300,300,Greece,group_eu27,country,2023,inflow,1163714.1000000017000,1163.7141000000017,thousand_usd,numeric,,2026-08-17,FDI_Eng-countries.xlsx,FDI (annual),AD19,published
fdi_flows,country,m49_300,300,Greece,group_eu27,country,2024,inflow,3991563.0000000001000,3991.5630000000001,thousand_usd,numeric,,2026-08-17,FDI_Eng-countries.xlsx,FDI (annual),AE19,published
fdi_flows,country,m49_300,300,Greece,group_eu27,country,2025,inflow,1470286.1000000003000,1470.2861000000003,thousand_usd,numeric,,2026-08-17,FDI_Eng-countries.xlsx,FDI (annual),AF19,published
fdi_flows,country,m49_344,344,"Hong Kong, SAR of China",group_other,country,1996,inflow,,-,thousand_usd,not_applicable,,2026-08-17,FDI_Eng-countries.xlsx,FDI (annual),C58,published
fdi_flows,country,m49_344,344,"Hong Kong, SAR of China",group_other,country,1997,inflow,,-,thousand_usd,not_applicable,,2026-08-17,FDI_Eng-countries.xlsx,FDI (annual),D58,published
fdi_flows,country,m49_344,344,"Hong Kong, SAR of China",group_other,country,1998,inflow,,-,thousand_usd,not_applicable,,2026-08-17,FDI_Eng-countries.xlsx,FDI (annual),E58,published
fdi_flows,country,m49_344,344,"Hong Kong, SAR of China",group_other,country,1999,inflow,,-,thousand_usd,not_applicable,,2026-08-17,FDI_Eng-countries.xlsx,FDI (annual),F58,published
fdi_flows,country,m49_344,344,"Hong Kong, SAR of China",group_other,country,2000,inflow,,-,thousand_usd,not_applicable,,2026-08-17,FDI_Eng-countries.xlsx,FDI (annual),G58,published
fdi_flows,country,m49_344,344,"Hong Kong, SAR of China",group_other,country,2001,inflow,,-,thousand_usd,not_applicable,,2026-08-17,FDI_Eng-countries.xlsx,FDI (annual),H58,published
fdi_flows,country,m49_344,344,"Hong Kong, SAR of China",group_other,country,2002,inflow,,-,thousand_usd,not_applicable,,2026-08-17,FDI_Eng-countries.xlsx,FDI (annual),I58,published
fdi_flows,country,m49_344,344,"Hong Kong, SAR of China",group_other,country,2003,inflow,,-,thousand_usd,not_applicable,,2026-08-17,FDI_Eng-countries.xlsx,FDI (annual),J58,published
fdi_flows,country,m49_344,344,"Hong Kong, SAR of China",group_other,country,2004,inflow,,-,thousand_usd,not_applicable,,2026-08-17,FDI_Eng-countries.xlsx,FDI (annual),K58,published
fdi_flows,country,m49_344,344,"Hong Kong, SAR of China",group_other,country,2005,inflow,,-,thousand_usd,not_applicable,,2026-08-17,FDI_Eng-countries.xlsx,FDI (annual),L58,published
fdi_flows,country,m49_344,344,"Hong Kong, SAR of China",group_other,country,2006,inflow,,-,thousand_usd,not_applicable,,2026-08-17,FDI_Eng-countries.xlsx,FDI (annual),M58,published
fdi_flows,country,m49_344,344,"Hong Kong, SAR of China",group_other,country,2007,inflow,,-,thousand_usd,not_applicable,,2026-08-17,FDI_Eng-countries.xlsx,FDI (annual),N58,published
fdi_flows,country,m49_344,344,"Hong Kong, SAR of China",group_other,country,2008,inflow,,-,thousand_usd,not_applicable,,2026-08-17,FDI_Eng-countries.xlsx,FDI (annual),O58,published
fdi_flows,country,m49_344,344,"Hong Kong, SAR of China",group_other,country,2009,inflow,,-,thousand_usd,not_applicable,,2026-08-17,FDI_Eng-countries.xlsx,FDI (annual),P58,published
fdi_flows,country,m49_344,344,"Hong Kong, SAR of China",group_other,country,2010,inflow,,-,thousand_usd,not_applicable,,2026-08-17,FDI_Eng-countries.xlsx,FDI (annual),Q58,published
fdi_flows,country,m49_344,344,"Hong Kong, SAR of China",group_other,country,2011,inflow,,-,thousand_usd,not_applicable,,2026-08-17,FDI_Eng-countries.xlsx,FDI (annual),R58,published
fdi_flows,country,m49_344,344,"Hong Kong, SAR of China",group_other,country,2012,inflow,,-,thousand_usd,not_applicable,,2026-08-17,FDI_Eng-countries.xlsx,FDI (annual),S58,published
fdi_flows,country,m49_344,344,"Hong Kong, SAR of China",group_other,country,2013,inflow,2190027.7000000001000,2190.0277000000001,thousand_usd,numeric,,2026-08-17,FDI_Eng-countries.xlsx,FDI (annual),T58,published
fdi_flows,country,m49_344,344,"Hong Kong, SAR of China",group_other,country,2014,inflow,-47877.599999999994000,-47.877599999999994,thousand_usd,numeric,,2026-08-17,FDI_Eng-countries.xlsx,FDI (annual),U58,published
fdi_flows,country,m49_344,344,"Hong Kong, SAR of China",group_other,country,2015,inflow,-193.59999999999999000,-0.19359999999999999,thousand_usd,numeric,,2026-08-17,FDI_Eng-countries.xlsx,FDI (annual),V58,published
fdi_flows,country,m49_344,344,"Hong Kong, SAR of China",group_other,country,2016,inflow,4070141.0999999998000,4070.1410999999998,thousand_usd,numeric,,2026-08-17,FDI_Eng-countries.xlsx,FDI (annual),W58,published
fdi_flows,country,m49_344,344,"Hong Kong, SAR of China",group_other,country,2017,inflow,1577640.1000000003000,1577.6401000000003,thousand_usd,numeric,,2026-08-17,FDI_Eng-countries.xlsx,FDI (annual),X58,published
fdi_flows,country,m49_344,344,"Hong Kong, SAR of China",group_other,country,2018,inflow,4810811.9999999999000,4810.8119999999999,thousand_usd,numeric,,2026-08-17,FDI_Eng-countries.xlsx,FDI (annual),Y58,published
fdi_flows,country,m49_344,344,"Hong Kong, SAR of China",group_other,country,2019,inflow,-7595501.2000000015000,-7595.5012000000015,thousand_usd,numeric,,2026-08-17,FDI_Eng-countries.xlsx,FDI (annual),Z58,published
fdi_flows,country,m49_344,344,"Hong Kong, SAR of China",group_other,country,2020,inflow,-2495184.1000000004000,-2495.1841000000004,thousand_usd,numeric,,2026-08-17,FDI_Eng-countries.xlsx,FDI (annual),AA58,published
fdi_flows,country,m49_344,344,"Hong Kong, SAR of China",group_other,country,2021,inflow,3113889.9000000001000,3113.8899000000001,thousand_usd,numeric,,2026-08-17,FDI_Eng-countries.xlsx,FDI (annual),AB58,published
fdi_flows,country,m49_344,344,"Hong Kong, SAR of China",group_other,country,2022,inflow,4499990.4999999999000,4499.9904999999999,thousand_usd,numeric,,2026-08-17,FDI_Eng-countries.xlsx,FDI (annual),AC58,published
fdi_flows,country,m49_344,344,"Hong Kong, SAR of China",group_other,country,2023,inflow,4002576.9000,4002.5769,thousand_usd,numeric,,2026-08-17,FDI_Eng-countries.xlsx,FDI (annual),AD58,published
fdi_flows,country,m49_344,344,"Hong Kong, SAR of China",group_other,country,2024,inflow,4707446.7999999997000,4707.4467999999997,thousand_usd,numeric,,2026-08-17,FDI_Eng-countries.xlsx,FDI (annual),AE58,published
fdi_flows,country,m49_344,344,"Hong Kong, SAR of China",group_other,country,2025,inflow,600311.40000000005000,600.31140000000005,thousand_usd,numeric,,2026-08-17,FDI_Eng-countries.xlsx,FDI (annual),AF58,published
fdi_flows,country,m49_348,348,Hungary,group_eu27,country,1996,inflow,,-,thousand_usd,not_applicable,,2026-08-17,FDI_Eng-countries.xlsx,FDI (annual),C20,published
fdi_flows,country,m49_348,348,Hungary,group_eu27,country,1997,inflow,,-,thousand_usd,not_applicable,,2026-08-17,FDI_Eng-countries.xlsx,FDI (annual),D20,published
fdi_flows,country,m49_348,348,Hungary,group_eu27,country,1998,inflow,,-,thousand_usd,not_applicable,,2026-08-17,FDI_Eng-countries.xlsx,FDI (annual),E20,published
fdi_flows,country,m49_348,348,Hungary,group_eu27,country,1999,inflow,,-,thousand_usd,not_applicable,,2026-08-17,FDI_Eng-countries.xlsx,FDI (annual),F20,published
fdi_flows,country,m49_348,348,Hungary,group_eu27,country,2000,inflow,,-,thousand_usd,not_applicable,,2026-08-17,FDI_Eng-countries.xlsx,FDI (annual),G20,published
fdi_flows,country,m49_348,348,Hungary,group_eu27,country,2001,inflow,,-,thousand_usd,not_applicable,,2026-08-17,FDI_Eng-countries.xlsx,FDI (annual),H20,published
fdi_flows,country,m49_348,348,Hungary,group_eu27,country,2002,inflow,,-,thousand_usd,not_applicable,,2026-08-17,FDI_Eng-countries.xlsx,FDI (annual),I20,published
fdi_flows,country,m49_348,348,Hungary,group_eu27,country,2003,inflow,33853.8195000,33.8538195,thousand_usd,numeric,,2026-08-17,FDI_Eng-countries.xlsx,FDI (annual),J20,published
fdi_flows,country,m49_348,348,Hungary,group_eu27,country,2004,inflow,,-,thousand_usd,not_applicable,,2026-08-17,FDI_Eng-countries.xlsx,FDI (annual),K20,published
fdi_flows,country,m49_348,348,Hungary,group_eu27,country,2005,inflow,327042.31566999999000,327.04231566999999,thousand_usd,numeric,,2026-08-17,FDI_Eng-countries.xlsx,FDI (annual),L20,published
fdi_flows,country,m49_348,348,Hungary,group_eu27,country,2006,inflow,314752.85391000,314.75285391,thousand_usd,numeric,,2026-08-17,FDI_Eng-countries.xlsx,FDI (annual),M20,published
fdi_flows,country,m49_348,348,Hungary,group_eu27,country,2007,inflow,922908.34999999993000,922.90834999999993,thousand_usd,numeric,,2026-08-17,FDI_Eng-countries.xlsx,FDI (annual),N20,published
fdi_flows,country,m49_348,348,Hungary,group_eu27,country,2008,inflow,1025315.8478000,1025.3158478,thousand_usd,numeric,,2026-08-17,FDI_Eng-countries.xlsx,FDI (annual),O20,published
fdi_flows,country,m49_348,348,Hungary,group_eu27,country,2009,inflow,-46925.700000000006000,-46.925700000000006,thousand_usd,numeric,,2026-08-17,FDI_Eng-countries.xlsx,FDI (annual),P20,published
fdi_flows,country,m49_348,348,Hungary,group_eu27,country,2010,inflow,,-,thousand_usd,not_applicable,,2026-08-17,FDI_Eng-countries.xlsx,FDI (annual),Q20,published
fdi_flows,country,m49_348,348,Hungary,group_eu27,country,2011,inflow,,-,thousand_usd,not_applicable,,2026-08-17,FDI_Eng-countries.xlsx,FDI (annual),R20,published
fdi_flows,country,m49_348,348,Hungary,group_eu27,country,2012,inflow,-32478.300000000004000,-32.478300000000004,thousand_usd,numeric,,2026-08-17,FDI_Eng-countries.xlsx,FDI (annual),S20,published
fdi_flows,country,m49_348,348,Hungary,group_eu27,country,2013,inflow,-79503.299999999996000,-79.503299999999996,thousand_usd,numeric,,2026-08-17,FDI_Eng-countries.xlsx,FDI (annual),T20,published
fdi_flows,country,m49_348,348,Hungary,group_eu27,country,2014,inflow,904509.00000000001000,904.50900000000001,thousand_usd,numeric,,2026-08-17,FDI_Eng-countries.xlsx,FDI (annual),U20,published
fdi_flows,country,m49_348,348,Hungary,group_eu27,country,2015,inflow,430471.59999999997000,430.47159999999997,thousand_usd,numeric,,2026-08-17,FDI_Eng-countries.xlsx,FDI (annual),V20,published
fdi_flows,country,m49_348,348,Hungary,group_eu27,country,2016,inflow,976839.69999999999000,976.83969999999999,thousand_usd,numeric,,2026-08-17,FDI_Eng-countries.xlsx,FDI (annual),W20,published
fdi_flows,country,m49_348,348,Hungary,group_eu27,country,2017,inflow,2105688.6000,2105.6886,thousand_usd,numeric,,2026-08-17,FDI_Eng-countries.xlsx,FDI (annual),X20,published
fdi_flows,country,m49_348,348,Hungary,group_eu27,country,2018,inflow,1465357.5000000001000,1465.3575000000001,thousand_usd,numeric,,2026-08-17,FDI_Eng-countries.xlsx,FDI (annual),Y20,published
fdi_flows,country,m49_348,348,Hungary,group_eu27,country,2019,inflow,2735858.4999999998000,2735.8584999999998,thousand_usd,numeric,,2026-08-17,FDI_Eng-countries.xlsx,FDI (annual),Z20,published
fdi_flows,country,m49_348,348,Hungary,group_eu27,country,2020,inflow,1368950.3999999999000,1368.9503999999999,thousand_usd,numeric,,2026-08-17,FDI_Eng-countries.xlsx,FDI (annual),AA20,published
fdi_flows,country,m49_348,348,Hungary,group_eu27,country,2021,inflow,4786288.9999999998000,4786.2889999999998,thousand_usd,numeric,,2026-08-17,FDI_Eng-countries.xlsx,FDI (annual),AB20,published
fdi_flows,country,m49_348,348,Hungary,group_eu27,country,2022,inflow,3333469.0000000001000,3333.4690000000001,thousand_usd,numeric,,2026-08-17,FDI_Eng-countries.xlsx,FDI (annual),AC20,published
fdi_flows,country,m49_348,348,Hungary,group_eu27,country,2023,inflow,3381007.1000000003000,3381.0071000000003,thousand_usd,numeric,,2026-08-17,FDI_Eng-countries.xlsx,FDI (annual),AD20,published
fdi_flows,country,m49_348,348,Hungary,group_eu27,country,2024,inflow,2327308.2999999997000,2327.3082999999997,thousand_usd,numeric,,2026-08-17,FDI_Eng-countries.xlsx,FDI (annual),AE20,published
fdi_flows,country,m49_348,348,Hungary,group_eu27,country,2025,inflow,8351320.3000000012000,8351.3203000000012,thousand_usd,numeric,,2026-08-17,FDI_Eng-countries.xlsx,FDI (annual),AF20,published
fdi_flows,country,m49_352,352,Iceland,group_other,country,1996,inflow,,-,thousand_usd,not_applicable,,2026-08-17,FDI_Eng-countries.xlsx,FDI (annual),C59,published
fdi_flows,country,m49_352,352,Iceland,group_other,country,1997,inflow,,-,thousand_usd,not_applicable,,2026-08-17,FDI_Eng-countries.xlsx,FDI (annual),D59,published
fdi_flows,country,m49_352,352,Iceland,group_other,country,1998,inflow,,-,thousand_usd,not_applicable,,2026-08-17,FDI_Eng-countries.xlsx,FDI (annual),E59,published
fdi_flows,country,m49_352,352,Iceland,group_other,country,1999,inflow,,-,thousand_usd,not_applicable,,2026-08-17,FDI_Eng-countries.xlsx,FDI (annual),F59,published
fdi_flows,country,m49_352,352,Iceland,group_other,country,2000,inflow,,-,thousand_usd,not_applicable,,2026-08-17,FDI_Eng-countries.xlsx,FDI (annual),G59,published
fdi_flows,country,m49_352,352,Iceland,group_other,country,2001,inflow,,-,thousand_usd,not_applicable,,2026-08-17,FDI_Eng-countries.xlsx,FDI (annual),H59,published
fdi_flows,country,m49_352,352,Iceland,group_other,country,2002,inflow,,-,thousand_usd,not_applicable,,2026-08-17,FDI_Eng-countries.xlsx,FDI (annual),I59,published
fdi_flows,country,m49_352,352,Iceland,group_other,country,2003,inflow,,-,thousand_usd,not_applicable,,2026-08-17,FDI_Eng-countries.xlsx,FDI (annual),J59,published
fdi_flows,country,m49_352,352,Iceland,group_other,country,2004,inflow,,-,thousand_usd,not_applicable,,2026-08-17,FDI_Eng-countries.xlsx,FDI (annual),K59,published
fdi_flows,country,m49_352,352,Iceland,group_other,country,2005,inflow,,-,thousand_usd,not_applicable,,2026-08-17,FDI_Eng-countries.xlsx,FDI (annual),L59,published
fdi_flows,country,m49_352,352,Iceland,group_other,country,2006,inflow,,-,thousand_usd,not_applicable,,2026-08-17,FDI_Eng-countries.xlsx,FDI (annual),M59,published
fdi_flows,country,m49_352,352,Iceland,group_other,country,2007,inflow,181661.60995000001000,181.66160995000001,thousand_usd,numeric,,2026-08-17,FDI_Eng-countries.xlsx,FDI (annual),N59,published
fdi_flows,country,m49_352,352,Iceland,group_other,country,2008,inflow,,-,thousand_usd,not_applicable,,2026-08-17,FDI_Eng-countries.xlsx,FDI (annual),O59,published
fdi_flows,country,m49_352,352,Iceland,group_other,country,2009,inflow,185066.10000000001000,185.06610000000001,thousand_usd,numeric,,2026-08-17,FDI_Eng-countries.xlsx,FDI (annual),P59,published
fdi_flows,country,m49_352,352,Iceland,group_other,country,2010,inflow,715833.00000000008000,715.83300000000008,thousand_usd,numeric,,2026-08-17,FDI_Eng-countries.xlsx,FDI (annual),Q59,published
fdi_flows,country,m49_352,352,Iceland,group_other,country,2011,inflow,117102.6000,117.1026,thousand_usd,numeric,,2026-08-17,FDI_Eng-countries.xlsx,FDI (annual),R59,published
fdi_flows,country,m49_352,352,Iceland,group_other,country,2012,inflow,-62900.800000000004000,-62.900800000000004,thousand_usd,numeric,,2026-08-17,FDI_Eng-countries.xlsx,FDI (annual),S59,published
fdi_flows,country,m49_352,352,Iceland,group_other,country,2013,inflow,124681.29999999999000,124.68129999999999,thousand_usd,numeric,,2026-08-17,FDI_Eng-countries.xlsx,FDI (annual),T59,published
fdi_flows,country,m49_352,352,Iceland,group_other,country,2014,inflow,262355.50000000001000,262.35550000000001,thousand_usd,numeric,,2026-08-17,FDI_Eng-countries.xlsx,FDI (annual),U59,published
fdi_flows,country,m49_352,352,Iceland,group_other,country,2015,inflow,-711378.00000000004000,-711.37800000000004,thousand_usd,numeric,,2026-08-17,FDI_Eng-countries.xlsx,FDI (annual),V59,published
fdi_flows,country,m49_352,352,Iceland,group_other,country,2016,inflow,-331950.60000000001000,-331.95060000000001,thousand_usd,numeric,,2026-08-17,FDI_Eng-countries.xlsx,FDI (annual),W59,published
fdi_flows,country,m49_352,352,Iceland,group_other,country,2017,inflow,-653148.69999999996000,-653.14869999999996,thousand_usd,numeric,,2026-08-17,FDI_Eng-countries.xlsx,FDI (annual),X59,published
fdi_flows,country,m49_352,352,Iceland,group_other,country,2018,inflow,79243.600000000001000,79.243600000000001,thousand_usd,numeric,,2026-08-17,FDI_Eng-countries.xlsx,FDI (annual),Y59,published
fdi_flows,country,m49_352,352,Iceland,group_other,country,2019,inflow,-1452745.8000000004000,-1452.7458000000004,thousand_usd,numeric,,2026-08-17,FDI_Eng-countries.xlsx,FDI (annual),Z59,published
fdi_flows,country,m49_352,352,Iceland,group_other,country,2020,inflow,-20659.500000000001000,-20.659500000000001,thousand_usd,numeric,,2026-08-17,FDI_Eng-countries.xlsx,FDI (annual),AA59,published
fdi_flows,country,m49_352,352,Iceland,group_other,country,2021,inflow,34789.099999999998000,34.789099999999998,thousand_usd,numeric,,2026-08-17,FDI_Eng-countries.xlsx,FDI (annual),AB59,published
fdi_flows,country,m49_352,352,Iceland,group_other,country,2022,inflow,27780.699999999996000,27.780699999999996,thousand_usd,numeric,,2026-08-17,FDI_Eng-countries.xlsx,FDI (annual),AC59,published
fdi_flows,country,m49_352,352,Iceland,group_other,country,2023,inflow,9488.1000000000011000,9.4881000000000011,thousand_usd,numeric,,2026-08-17,FDI_Eng-countries.xlsx,FDI (annual),AD59,published
fdi_flows,country,m49_352,352,Iceland,group_other,country,2024,inflow,80702.700000000007000,80.702700000000007,thousand_usd,numeric,,2026-08-17,FDI_Eng-countries.xlsx,FDI (annual),AE59,published
fdi_flows,country,m49_352,352,Iceland,group_other,country,2025,inflow,57281.400000000005000,57.281400000000005,thousand_usd,numeric,,2026-08-17,FDI_Eng-countries.xlsx,FDI (annual),AF59,published
fdi_flows,country,m49_356,356,India,group_other,country,1996,inflow,,-,thousand_usd,not_applicable,,2026-08-17,FDI_Eng-countries.xlsx,FDI (annual),C60,published
fdi_flows,country,m49_356,356,India,group_other,country,1997,inflow,,-,thousand_usd,not_applicable,,2026-08-17,FDI_Eng-countries.xlsx,FDI (annual),D60,published
fdi_flows,country,m49_356,356,India,group_other,country,1998,inflow,,-,thousand_usd,not_applicable,,2026-08-17,FDI_Eng-countries.xlsx,FDI (annual),E60,published
fdi_flows,country,m49_356,356,India,group_other,country,1999,inflow,821103.02838999996000,821.10302838999996,thousand_usd,numeric,,2026-08-17,FDI_Eng-countries.xlsx,FDI (annual),F60,published
fdi_flows,country,m49_356,356,India,group_other,country,2000,inflow,,-,thousand_usd,not_applicable,,2026-08-17,FDI_Eng-countries.xlsx,FDI (annual),G60,published
fdi_flows,country,m49_356,356,India,group_other,country,2001,inflow,,-,thousand_usd,not_applicable,,2026-08-17,FDI_Eng-countries.xlsx,FDI (annual),H60,published
fdi_flows,country,m49_356,356,India,group_other,country,2002,inflow,,-,thousand_usd,not_applicable,,2026-08-17,FDI_Eng-countries.xlsx,FDI (annual),I60,published
fdi_flows,country,m49_356,356,India,group_other,country,2003,inflow,,-,thousand_usd,not_applicable,,2026-08-17,FDI_Eng-countries.xlsx,FDI (annual),J60,published
fdi_flows,country,m49_356,356,India,group_other,country,2004,inflow,,-,thousand_usd,not_applicable,,2026-08-17,FDI_Eng-countries.xlsx,FDI (annual),K60,published
fdi_flows,country,m49_356,356,India,group_other,country,2005,inflow,29028.381612000,29.028381612,thousand_usd,numeric,,2026-08-17,FDI_Eng-countries.xlsx,FDI (annual),L60,published
fdi_flows,country,m49_356,356,India,group_other,country,2006,inflow,54933.841946000001000,54.933841946000001,thousand_usd,numeric,,2026-08-17,FDI_Eng-countries.xlsx,FDI (annual),M60,published
fdi_flows,country,m49_356,356,India,group_other,country,2007,inflow,61941.818181999999000,61.941818181999999,thousand_usd,numeric,,2026-08-17,FDI_Eng-countries.xlsx,FDI (annual),N60,published
fdi_flows,country,m49_356,356,India,group_other,country,2008,inflow,26998382.379999999000,26998.382379999999,thousand_usd,numeric,,2026-08-17,FDI_Eng-countries.xlsx,FDI (annual),O60,published
fdi_flows,country,m49_356,356,India,group_other,country,2009,inflow,271061.10000000001000,271.06110000000001,thousand_usd,numeric,,2026-08-17,FDI_Eng-countries.xlsx,FDI (annual),P60,published
fdi_flows,country,m49_356,356,India,group_other,country,2010,inflow,16886626.700000001000,16886.626700000001,thousand_usd,numeric,,2026-08-17,FDI_Eng-countries.xlsx,FDI (annual),Q60,published
fdi_flows,country,m49_356,356,India,group_other,country,2011,inflow,16269903.100000003000,16269.903100000003,thousand_usd,numeric,,2026-08-17,FDI_Eng-countries.xlsx,FDI (annual),R60,published
fdi_flows,country,m49_356,356,India,group_other,country,2012,inflow,5149667.7999999993000,5149.6677999999993,thousand_usd,numeric,,2026-08-17,FDI_Eng-countries.xlsx,FDI (annual),S60,published
fdi_flows,country,m49_356,356,India,group_other,country,2013,inflow,-12574154.899999998000,-12574.154899999998,thousand_usd,numeric,,2026-08-17,FDI_Eng-countries.xlsx,FDI (annual),T60,published
fdi_flows,country,m49_356,356,India,group_other,country,2014,inflow,249396.2999999998000,249.3962999999998,thousand_usd,numeric,,2026-08-17,FDI_Eng-countries.xlsx,FDI (annual),U60,published
fdi_flows,country,m49_356,356,India,group_other,country,2015,inflow,532309.49999999996000,532.30949999999996,thousand_usd,numeric,,2026-08-17,FDI_Eng-countries.xlsx,FDI (annual),V60,published
fdi_flows,country,m49_356,356,India,group_other,country,2016,inflow,-857776.0999999997000,-857.7760999999997,thousand_usd,numeric,,2026-08-17,FDI_Eng-countries.xlsx,FDI (annual),W60,published
fdi_flows,country,m49_356,356,India,group_other,country,2017,inflow,9314927.7000000002000,9314.9277000000002,thousand_usd,numeric,,2026-08-17,FDI_Eng-countries.xlsx,FDI (annual),X60,published
fdi_flows,country,m49_356,356,India,group_other,country,2018,inflow,3006992.0000000002000,3006.9920000000002,thousand_usd,numeric,,2026-08-17,FDI_Eng-countries.xlsx,FDI (annual),Y60,published
fdi_flows,country,m49_356,356,India,group_other,country,2019,inflow,7498277.399999999000,7498.277399999999,thousand_usd,numeric,,2026-08-17,FDI_Eng-countries.xlsx,FDI (annual),Z60,published
fdi_flows,country,m49_356,356,India,group_other,country,2020,inflow,4112137.6000,4112.1376,thousand_usd,numeric,,2026-08-17,FDI_Eng-countries.xlsx,FDI (annual),AA60,published
fdi_flows,country,m49_356,356,India,group_other,country,2021,inflow,7046157.3000000008000,7046.1573000000008,thousand_usd,numeric,,2026-08-17,FDI_Eng-countries.xlsx,FDI (annual),AB60,published
fdi_flows,country,m49_356,356,India,group_other,country,2022,inflow,163362.69999999911000,163.36269999999911,thousand_usd,numeric,,2026-08-17,FDI_Eng-countries.xlsx,FDI (annual),AC60,published
fdi_flows,country,m49_356,356,India,group_other,country,2023,inflow,8727131.6999999999000,8727.1316999999999,thousand_usd,numeric,,2026-08-17,FDI_Eng-countries.xlsx,FDI (annual),AD60,published
fdi_flows,country,m49_356,356,India,group_other,country,2024,inflow,-1419466.3000000028000,-1419.4663000000028,thousand_usd,numeric,,2026-08-17,FDI_Eng-countries.xlsx,FDI (annual),AE60,published
fdi_flows,country,m49_356,356,India,group_other,country,2025,inflow,7586368.1999999999000,7586.3681999999999,thousand_usd,numeric,,2026-08-17,FDI_Eng-countries.xlsx,FDI (annual),AF60,published
fdi_flows,country,m49_364,364,Iran,group_other,country,1996,inflow,,-,thousand_usd,not_applicable,,2026-08-17,FDI_Eng-countries.xlsx,FDI (annual),C61,published
fdi_flows,country,m49_364,364,Iran,group_other,country,1997,inflow,,-,thousand_usd,not_applicable,,2026-08-17,FDI_Eng-countries.xlsx,FDI (annual),D61,published
fdi_flows,country,m49_364,364,Iran,group_other,country,1998,inflow,,-,thousand_usd,not_applicable,,2026-08-17,FDI_Eng-countries.xlsx,FDI (annual),E61,published
fdi_flows,country,m49_364,364,Iran,group_other,country,1999,inflow,,-,thousand_usd,not_applicable,,2026-08-17,FDI_Eng-countries.xlsx,FDI (annual),F61,published
fdi_flows,country,m49_364,364,Iran,group_other,country,2000,inflow,,-,thousand_usd,not_applicable,,2026-08-17,FDI_Eng-countries.xlsx,FDI (annual),G61,published
fdi_flows,country,m49_364,364,Iran,group_other,country,2001,inflow,,-,thousand_usd,not_applicable,,2026-08-17,FDI_Eng-countries.xlsx,FDI (annual),H61,published
fdi_flows,country,m49_364,364,Iran,group_other,country,2002,inflow,,-,thousand_usd,not_applicable,,2026-08-17,FDI_Eng-countries.xlsx,FDI (annual),I61,published
fdi_flows,country,m49_364,364,Iran,group_other,country,2003,inflow,,-,thousand_usd,not_applicable,,2026-08-17,FDI_Eng-countries.xlsx,FDI (annual),J61,published
fdi_flows,country,m49_364,364,Iran,group_other,country,2004,inflow,,-,thousand_usd,not_applicable,,2026-08-17,FDI_Eng-countries.xlsx,FDI (annual),K61,published
fdi_flows,country,m49_364,364,Iran,group_other,country,2005,inflow,,-,thousand_usd,not_applicable,,2026-08-17,FDI_Eng-countries.xlsx,FDI (annual),L61,published
fdi_flows,country,m49_364,364,Iran,group_other,country,2006,inflow,42887.938312999999000,42.887938312999999,thousand_usd,numeric,,2026-08-17,FDI_Eng-countries.xlsx,FDI (annual),M61,published
fdi_flows,country,m49_364,364,Iran,group_other,country,2007,inflow,108272.82939000,108.27282939,thousand_usd,numeric,,2026-08-17,FDI_Eng-countries.xlsx,FDI (annual),N61,published
fdi_flows,country,m49_364,364,Iran,group_other,country,2008,inflow,1448504.9907000,1448.5049907,thousand_usd,numeric,,2026-08-17,FDI_Eng-countries.xlsx,FDI (annual),O61,published
fdi_flows,country,m49_364,364,Iran,group_other,country,2009,inflow,1188081.4000,1188.0814,thousand_usd,numeric,,2026-08-17,FDI_Eng-countries.xlsx,FDI (annual),P61,published
fdi_flows,country,m49_364,364,Iran,group_other,country,2010,inflow,1083857.9000,1083.8579,thousand_usd,numeric,,2026-08-17,FDI_Eng-countries.xlsx,FDI (annual),Q61,published
fdi_flows,country,m49_364,364,Iran,group_other,country,2011,inflow,1059116.7000,1059.1167,thousand_usd,numeric,,2026-08-17,FDI_Eng-countries.xlsx,FDI (annual),R61,published
fdi_flows,country,m49_364,364,Iran,group_other,country,2012,inflow,3131202.3677999996000,3131.2023677999996,thousand_usd,numeric,,2026-08-17,FDI_Eng-countries.xlsx,FDI (annual),S61,published
fdi_flows,country,m49_364,364,Iran,group_other,country,2013,inflow,6990960.0999999993000,6990.9600999999993,thousand_usd,numeric,,2026-08-17,FDI_Eng-countries.xlsx,FDI (annual),T61,published
fdi_flows,country,m49_364,364,Iran,group_other,country,2014,inflow,2136654.5999999998000,2136.6545999999998,thousand_usd,numeric,,2026-08-17,FDI_Eng-countries.xlsx,FDI (annual),U61,published
fdi_flows,country,m49_364,364,Iran,group_other,country,2015,inflow,536506.80000000011000,536.50680000000011,thousand_usd,numeric,,2026-08-17,FDI_Eng-countries.xlsx,FDI (annual),V61,published
fdi_flows,country,m49_364,364,Iran,group_other,country,2016,inflow,3332590.2000000006000,3332.5902000000006,thousand_usd,numeric,,2026-08-17,FDI_Eng-countries.xlsx,FDI (annual),W61,published
fdi_flows,country,m49_364,364,Iran,group_other,country,2017,inflow,5507009.9999999993000,5507.0099999999993,thousand_usd,numeric,,2026-08-17,FDI_Eng-countries.xlsx,FDI (annual),X61,published
fdi_flows,country,m49_364,364,Iran,group_other,country,2018,inflow,8232590.400000001000,8232.590400000001,thousand_usd,numeric,,2026-08-17,FDI_Eng-countries.xlsx,FDI (annual),Y61,published
fdi_flows,country,m49_364,364,Iran,group_other,country,2019,inflow,3648420.6000000013000,3648.4206000000013,thousand_usd,numeric,,2026-08-17,FDI_Eng-countries.xlsx,FDI (annual),Z61,published
fdi_flows,country,m49_364,364,Iran,group_other,country,2020,inflow,1681950.5000000001000,1681.9505000000001,thousand_usd,numeric,,2026-08-17,FDI_Eng-countries.xlsx,FDI (annual),AA61,published
fdi_flows,country,m49_364,364,Iran,group_other,country,2021,inflow,1213088.6000000005000,1213.0886000000005,thousand_usd,numeric,,2026-08-17,FDI_Eng-countries.xlsx,FDI (annual),AB61,published
fdi_flows,country,m49_364,364,Iran,group_other,country,2022,inflow,5432689.0000000003000,5432.6890000000003,thousand_usd,numeric,,2026-08-17,FDI_Eng-countries.xlsx,FDI (annual),AC61,published
fdi_flows,country,m49_364,364,Iran,group_other,country,2023,inflow,2350199.2000000009000,2350.1992000000009,thousand_usd,numeric,,2026-08-17,FDI_Eng-countries.xlsx,FDI (annual),AD61,published
fdi_flows,country,m49_364,364,Iran,group_other,country,2024,inflow,-637594.40000000097000,-637.59440000000097,thousand_usd,numeric,,2026-08-17,FDI_Eng-countries.xlsx,FDI (annual),AE61,published
fdi_flows,country,m49_364,364,Iran,group_other,country,2025,inflow,1517142.2000000005000,1517.1422000000005,thousand_usd,numeric,,2026-08-17,FDI_Eng-countries.xlsx,FDI (annual),AF61,published
fdi_flows,country,m49_368,368,Iraq,group_other,country,1996,inflow,,-,thousand_usd,not_applicable,,2026-08-17,FDI_Eng-countries.xlsx,FDI (annual),C62,published
fdi_flows,country,m49_368,368,Iraq,group_other,country,1997,inflow,,-,thousand_usd,not_applicable,,2026-08-17,FDI_Eng-countries.xlsx,FDI (annual),D62,published
fdi_flows,country,m49_368,368,Iraq,group_other,country,1998,inflow,,-,thousand_usd,not_applicable,,2026-08-17,FDI_Eng-countries.xlsx,FDI (annual),E62,published
fdi_flows,country,m49_368,368,Iraq,group_other,country,1999,inflow,,-,thousand_usd,not_applicable,,2026-08-17,FDI_Eng-countries.xlsx,FDI (annual),F62,published
fdi_flows,country,m49_368,368,Iraq,group_other,country,2000,inflow,,-,thousand_usd,not_applicable,,2026-08-17,FDI_Eng-countries.xlsx,FDI (annual),G62,published
fdi_flows,country,m49_368,368,Iraq,group_other,country,2001,inflow,,-,thousand_usd,not_applicable,,2026-08-17,FDI_Eng-countries.xlsx,FDI (annual),H62,published
fdi_flows,country,m49_368,368,Iraq,group_other,country,2002,inflow,,-,thousand_usd,not_applicable,,2026-08-17,FDI_Eng-countries.xlsx,FDI (annual),I62,published
fdi_flows,country,m49_368,368,Iraq,group_other,country,2003,inflow,,-,thousand_usd,not_applicable,,2026-08-17,FDI_Eng-countries.xlsx,FDI (annual),J62,published
fdi_flows,country,m49_368,368,Iraq,group_other,country,2004,inflow,,-,thousand_usd,not_applicable,,2026-08-17,FDI_Eng-countries.xlsx,FDI (annual),K62,published
fdi_flows,country,m49_368,368,Iraq,group_other,country,2005,inflow,,-,thousand_usd,not_applicable,,2026-08-17,FDI_Eng-countries.xlsx,FDI (annual),L62,published
fdi_flows,country,m49_368,368,Iraq,group_other,country,2006,inflow,1322.4597752000,1.3224597752,thousand_usd,numeric,,2026-08-17,FDI_Eng-countries.xlsx,FDI (annual),M62,published
fdi_flows,country,m49_368,368,Iraq,group_other,country,2007,inflow,35375.671885999999000,35.375671885999999,thousand_usd,numeric,,2026-08-17,FDI_Eng-countries.xlsx,FDI (annual),N62,published
fdi_flows,country,m49_368,368,Iraq,group_other,country,2008,inflow,,-,thousand_usd,not_applicable,,2026-08-17,FDI_Eng-countries.xlsx,FDI (annual),O62,published
fdi_flows,country,m49_368,368,Iraq,group_other,country,2009,inflow,,-,thousand_usd,not_applicable,,2026-08-17,FDI_Eng-countries.xlsx,FDI (annual),P62,published
fdi_flows,country,m49_368,368,Iraq,group_other,country,2010,inflow,,-,thousand_usd,not_applicable,,2026-08-17,FDI_Eng-countries.xlsx,FDI (annual),Q62,published
fdi_flows,country,m49_368,368,Iraq,group_other,country,2011,inflow,,-,thousand_usd,not_applicable,,2026-08-17,FDI_Eng-countries.xlsx,FDI (annual),R62,published
fdi_flows,country,m49_368,368,Iraq,group_other,country,2012,inflow,,-,thousand_usd,not_applicable,,2026-08-17,FDI_Eng-countries.xlsx,FDI (annual),S62,published
fdi_flows,country,m49_368,368,Iraq,group_other,country,2013,inflow,-1471.5000,-1.4715,thousand_usd,numeric,,2026-08-17,FDI_Eng-countries.xlsx,FDI (annual),T62,published
fdi_flows,country,m49_368,368,Iraq,group_other,country,2014,inflow,-27255.600000000001000,-27.255600000000001,thousand_usd,numeric,,2026-08-17,FDI_Eng-countries.xlsx,FDI (annual),U62,published
fdi_flows,country,m49_368,368,Iraq,group_other,country,2015,inflow,141.80000000000018000,0.14180000000000018,thousand_usd,numeric,,2026-08-17,FDI_Eng-countries.xlsx,FDI (annual),V62,published
fdi_flows,country,m49_368,368,Iraq,group_other,country,2016,inflow,210778.19999999991000,210.77819999999991,thousand_usd,numeric,,2026-08-17,FDI_Eng-countries.xlsx,FDI (annual),W62,published
fdi_flows,country,m49_368,368,Iraq,group_other,country,2017,inflow,540754.00000000002000,540.75400000000002,thousand_usd,numeric,,2026-08-17,FDI_Eng-countries.xlsx,FDI (annual),X62,published
fdi_flows,country,m49_368,368,Iraq,group_other,country,2018,inflow,-6664491.0999999993000,-6664.4910999999993,thousand_usd,numeric,,2026-08-17,FDI_Eng-countries.xlsx,FDI (annual),Y62,published
fdi_flows,country,m49_368,368,Iraq,group_other,country,2019,inflow,-13025869.599999998000,-13025.869599999998,thousand_usd,numeric,,2026-08-17,FDI_Eng-countries.xlsx,FDI (annual),Z62,published
fdi_flows,country,m49_368,368,Iraq,group_other,country,2020,inflow,17996031.200000001000,17996.031200000001,thousand_usd,numeric,,2026-08-17,FDI_Eng-countries.xlsx,FDI (annual),AA62,published
fdi_flows,country,m49_368,368,Iraq,group_other,country,2021,inflow,10940358.6000,10940.3586,thousand_usd,numeric,,2026-08-17,FDI_Eng-countries.xlsx,FDI (annual),AB62,published
fdi_flows,country,m49_368,368,Iraq,group_other,country,2022,inflow,-6317165.000,-6317.165,thousand_usd,numeric,,2026-08-17,FDI_Eng-countries.xlsx,FDI (annual),AC62,published
fdi_flows,country,m49_368,368,Iraq,group_other,country,2023,inflow,-7768482.0000000009000,-7768.4820000000009,thousand_usd,numeric,,2026-08-17,FDI_Eng-countries.xlsx,FDI (annual),AD62,published
fdi_flows,country,m49_368,368,Iraq,group_other,country,2024,inflow,-3957286.9999999998000,-3957.2869999999998,thousand_usd,numeric,,2026-08-17,FDI_Eng-countries.xlsx,FDI (annual),AE62,published
fdi_flows,country,m49_368,368,Iraq,group_other,country,2025,inflow,-4139748.7000000001000,-4139.7487000000001,thousand_usd,numeric,,2026-08-17,FDI_Eng-countries.xlsx,FDI (annual),AF62,published
fdi_flows,country,m49_372,372,Ireland,group_eu27,country,1996,inflow,,-,thousand_usd,not_applicable,,2026-08-17,FDI_Eng-countries.xlsx,FDI (annual),C21,published
fdi_flows,country,m49_372,372,Ireland,group_eu27,country,1997,inflow,38665.291697000001000,38.665291697000001,thousand_usd,numeric,,2026-08-17,FDI_Eng-countries.xlsx,FDI (annual),D21,published
fdi_flows,country,m49_372,372,Ireland,group_eu27,country,1998,inflow,39055.115870999998000,39.055115870999998,thousand_usd,numeric,,2026-08-17,FDI_Eng-countries.xlsx,FDI (annual),E21,published
fdi_flows,country,m49_372,372,Ireland,group_eu27,country,1999,inflow,228429.92846000001000,228.42992846000001,thousand_usd,numeric,,2026-08-17,FDI_Eng-countries.xlsx,FDI (annual),F21,published
fdi_flows,country,m49_372,372,Ireland,group_eu27,country,2000,inflow,14082859.544000001000,14082.859544000001,thousand_usd,numeric,,2026-08-17,FDI_Eng-countries.xlsx,FDI (annual),G21,published
fdi_flows,country,m49_372,372,Ireland,group_eu27,country,2001,inflow,,-,thousand_usd,not_applicable,,2026-08-17,FDI_Eng-countries.xlsx,FDI (annual),H21,published
fdi_flows,country,m49_372,372,Ireland,group_eu27,country,2002,inflow,37273.765058000002000,37.273765058000002,thousand_usd,numeric,,2026-08-17,FDI_Eng-countries.xlsx,FDI (annual),I21,published
fdi_flows,country,m49_372,372,Ireland,group_eu27,country,2003,inflow,37465.603072000,37.465603072,thousand_usd,numeric,,2026-08-17,FDI_Eng-countries.xlsx,FDI (annual),J21,published
fdi_flows,country,m49_372,372,Ireland,group_eu27,country,2004,inflow,41486.357515999998000,41.486357515999998,thousand_usd,numeric,,2026-08-17,FDI_Eng-countries.xlsx,FDI (annual),K21,published
fdi_flows,country,m49_372,372,Ireland,group_eu27,country,2005,inflow,798168.92012000005000,798.16892012000005,thousand_usd,numeric,,2026-08-17,FDI_Eng-countries.xlsx,FDI (annual),L21,published
fdi_flows,country,m49_372,372,Ireland,group_eu27,country,2006,inflow,1058995.6843000,1058.9956843,thousand_usd,numeric,,2026-08-17,FDI_Eng-countries.xlsx,FDI (annual),M21,published
fdi_flows,country,m49_372,372,Ireland,group_eu27,country,2007,inflow,-1663155.3395000001000,-1663.1553395000001,thousand_usd,numeric,,2026-08-17,FDI_Eng-countries.xlsx,FDI (annual),N21,published
fdi_flows,country,m49_372,372,Ireland,group_eu27,country,2008,inflow,223545.8792000,223.5458792,thousand_usd,numeric,,2026-08-17,FDI_Eng-countries.xlsx,FDI (annual),O21,published
fdi_flows,country,m49_372,372,Ireland,group_eu27,country,2009,inflow,64624.900000000011000,64.624900000000011,thousand_usd,numeric,,2026-08-17,FDI_Eng-countries.xlsx,FDI (annual),P21,published
fdi_flows,country,m49_372,372,Ireland,group_eu27,country,2010,inflow,316185.20000000001000,316.18520000000001,thousand_usd,numeric,,2026-08-17,FDI_Eng-countries.xlsx,FDI (annual),Q21,published
fdi_flows,country,m49_372,372,Ireland,group_eu27,country,2011,inflow,278502.7000,278.5027,thousand_usd,numeric,,2026-08-17,FDI_Eng-countries.xlsx,FDI (annual),R21,published
fdi_flows,country,m49_372,372,Ireland,group_eu27,country,2012,inflow,206514.29999999999000,206.51429999999999,thousand_usd,numeric,,2026-08-17,FDI_Eng-countries.xlsx,FDI (annual),S21,published
fdi_flows,country,m49_372,372,Ireland,group_eu27,country,2013,inflow,733655.2999999999000,733.6552999999999,thousand_usd,numeric,,2026-08-17,FDI_Eng-countries.xlsx,FDI (annual),T21,published
fdi_flows,country,m49_372,372,Ireland,group_eu27,country,2014,inflow,1058041.2999999999000,1058.0412999999999,thousand_usd,numeric,,2026-08-17,FDI_Eng-countries.xlsx,FDI (annual),U21,published
fdi_flows,country,m49_372,372,Ireland,group_eu27,country,2015,inflow,807828.39999999999000,807.82839999999999,thousand_usd,numeric,,2026-08-17,FDI_Eng-countries.xlsx,FDI (annual),V21,published
fdi_flows,country,m49_372,372,Ireland,group_eu27,country,2016,inflow,-350642.40000000001000,-350.64240000000001,thousand_usd,numeric,,2026-08-17,FDI_Eng-countries.xlsx,FDI (annual),W21,published
fdi_flows,country,m49_372,372,Ireland,group_eu27,country,2017,inflow,190496.89999999998000,190.49689999999998,thousand_usd,numeric,,2026-08-17,FDI_Eng-countries.xlsx,FDI (annual),X21,published
fdi_flows,country,m49_372,372,Ireland,group_eu27,country,2018,inflow,3157711.4999999999000,3157.7114999999999,thousand_usd,numeric,,2026-08-17,FDI_Eng-countries.xlsx,FDI (annual),Y21,published
fdi_flows,country,m49_372,372,Ireland,group_eu27,country,2019,inflow,-385746.90000000021000,-385.74690000000021,thousand_usd,numeric,,2026-08-17,FDI_Eng-countries.xlsx,FDI (annual),Z21,published
fdi_flows,country,m49_372,372,Ireland,group_eu27,country,2020,inflow,195059.90000000003000,195.05990000000003,thousand_usd,numeric,,2026-08-17,FDI_Eng-countries.xlsx,FDI (annual),AA21,published
fdi_flows,country,m49_372,372,Ireland,group_eu27,country,2021,inflow,1078472.8000,1078.4728,thousand_usd,numeric,,2026-08-17,FDI_Eng-countries.xlsx,FDI (annual),AB21,published
fdi_flows,country,m49_372,372,Ireland,group_eu27,country,2022,inflow,568949.29999999999000,568.94929999999999,thousand_usd,numeric,,2026-08-17,FDI_Eng-countries.xlsx,FDI (annual),AC21,published
fdi_flows,country,m49_372,372,Ireland,group_eu27,country,2023,inflow,-378012.50000000005000,-378.01250000000005,thousand_usd,numeric,,2026-08-17,FDI_Eng-countries.xlsx,FDI (annual),AD21,published
fdi_flows,country,m49_372,372,Ireland,group_eu27,country,2024,inflow,479096.90000000006000,479.09690000000006,thousand_usd,numeric,,2026-08-17,FDI_Eng-countries.xlsx,FDI (annual),AE21,published
fdi_flows,country,m49_372,372,Ireland,group_eu27,country,2025,inflow,1322738.1000000003000,1322.7381000000003,thousand_usd,numeric,,2026-08-17,FDI_Eng-countries.xlsx,FDI (annual),AF21,published
fdi_flows,country,m49_376,376,Israel,group_other,country,1996,inflow,,-,thousand_usd,not_applicable,,2026-08-17,FDI_Eng-countries.xlsx,FDI (annual),C63,published
fdi_flows,country,m49_376,376,Israel,group_other,country,1997,inflow,,-,thousand_usd,not_applicable,,2026-08-17,FDI_Eng-countries.xlsx,FDI (annual),D63,published
fdi_flows,country,m49_376,376,Israel,group_other,country,1998,inflow,,-,thousand_usd,not_applicable,,2026-08-17,FDI_Eng-countries.xlsx,FDI (annual),E63,published
fdi_flows,country,m49_376,376,Israel,group_other,country,1999,inflow,,-,thousand_usd,not_applicable,,2026-08-17,FDI_Eng-countries.xlsx,FDI (annual),F63,published
fdi_flows,country,m49_376,376,Israel,group_other,country,2000,inflow,,-,thousand_usd,not_applicable,,2026-08-17,FDI_Eng-countries.xlsx,FDI (annual),G63,published
fdi_flows,country,m49_376,376,Israel,group_other,country,2001,inflow,152849.44720999999000,152.84944720999999,thousand_usd,numeric,,2026-08-17,FDI_Eng-countries.xlsx,FDI (annual),H63,published
fdi_flows,country,m49_376,376,Israel,group_other,country,2002,inflow,4321567.9590999998000,4321.5679590999998,thousand_usd,numeric,,2026-08-17,FDI_Eng-countries.xlsx,FDI (annual),I63,published
fdi_flows,country,m49_376,376,Israel,group_other,country,2003,inflow,487052.83994000001000,487.05283994000001,thousand_usd,numeric,,2026-08-17,FDI_Eng-countries.xlsx,FDI (annual),J63,published
fdi_flows,country,m49_376,376,Israel,group_other,country,2004,inflow,539322.64770999996000,539.32264770999996,thousand_usd,numeric,,2026-08-17,FDI_Eng-countries.xlsx,FDI (annual),K63,published
fdi_flows,country,m49_376,376,Israel,group_other,country,2005,inflow,1704083.1215999999000,1704.0831215999999,thousand_usd,numeric,,2026-08-17,FDI_Eng-countries.xlsx,FDI (annual),L63,published
fdi_flows,country,m49_376,376,Israel,group_other,country,2006,inflow,4084207.7205000001000,4084.2077205000001,thousand_usd,numeric,,2026-08-17,FDI_Eng-countries.xlsx,FDI (annual),M63,published
fdi_flows,country,m49_376,376,Israel,group_other,country,2007,inflow,8640958.4799000004000,8640.9584799000004,thousand_usd,numeric,,2026-08-17,FDI_Eng-countries.xlsx,FDI (annual),N63,published
fdi_flows,country,m49_376,376,Israel,group_other,country,2008,inflow,-2047657.6677000,-2047.6576677,thousand_usd,numeric,,2026-08-17,FDI_Eng-countries.xlsx,FDI (annual),O63,published
fdi_flows,country,m49_376,376,Israel,group_other,country,2009,inflow,1230011.000,1230.011,thousand_usd,numeric,,2026-08-17,FDI_Eng-countries.xlsx,FDI (annual),P63,published
fdi_flows,country,m49_376,376,Israel,group_other,country,2010,inflow,7954441.6999999994000,7954.4416999999994,thousand_usd,numeric,,2026-08-17,FDI_Eng-countries.xlsx,FDI (annual),Q63,published
fdi_flows,country,m49_376,376,Israel,group_other,country,2011,inflow,7566207.1999999998000,7566.2071999999998,thousand_usd,numeric,,2026-08-17,FDI_Eng-countries.xlsx,FDI (annual),R63,published
fdi_flows,country,m49_376,376,Israel,group_other,country,2012,inflow,10327364.799999999000,10327.364799999999,thousand_usd,numeric,,2026-08-17,FDI_Eng-countries.xlsx,FDI (annual),S63,published
fdi_flows,country,m49_376,376,Israel,group_other,country,2013,inflow,9146598.3268346008000,9146.5983268346008,thousand_usd,numeric,,2026-08-17,FDI_Eng-countries.xlsx,FDI (annual),T63,published
fdi_flows,country,m49_376,376,Israel,group_other,country,2014,inflow,20048148.137939799000,20048.148137939799,thousand_usd,numeric,,2026-08-17,FDI_Eng-countries.xlsx,FDI (annual),U63,published
fdi_flows,country,m49_376,376,Israel,group_other,country,2015,inflow,37661797.905944608000,37661.797905944608,thousand_usd,numeric,,2026-08-17,FDI_Eng-countries.xlsx,FDI (annual),V63,published
fdi_flows,country,m49_376,376,Israel,group_other,country,2016,inflow,2536244.7000000006000,2536.2447000000006,thousand_usd,numeric,,2026-08-17,FDI_Eng-countries.xlsx,FDI (annual),W63,published
fdi_flows,country,m49_376,376,Israel,group_other,country,2017,inflow,6737870.0999999992000,6737.8700999999992,thousand_usd,numeric,,2026-08-17,FDI_Eng-countries.xlsx,FDI (annual),X63,published
fdi_flows,country,m49_376,376,Israel,group_other,country,2018,inflow,47936.700000001565000,47.936700000001565,thousand_usd,numeric,,2026-08-17,FDI_Eng-countries.xlsx,FDI (annual),Y63,published
fdi_flows,country,m49_376,376,Israel,group_other,country,2019,inflow,25515763.499999994000,25515.763499999994,thousand_usd,numeric,,2026-08-17,FDI_Eng-countries.xlsx,FDI (annual),Z63,published
fdi_flows,country,m49_376,376,Israel,group_other,country,2020,inflow,13272011.299999998000,13272.011299999998,thousand_usd,numeric,,2026-08-17,FDI_Eng-countries.xlsx,FDI (annual),AA63,published
fdi_flows,country,m49_376,376,Israel,group_other,country,2021,inflow,28134808.299999997000,28134.808299999997,thousand_usd,numeric,,2026-08-17,FDI_Eng-countries.xlsx,FDI (annual),AB63,published
fdi_flows,country,m49_376,376,Israel,group_other,country,2022,inflow,36560517.100000005000,36560.517100000005,thousand_usd,numeric,,2026-08-17,FDI_Eng-countries.xlsx,FDI (annual),AC63,published
fdi_flows,country,m49_376,376,Israel,group_other,country,2023,inflow,25344394.99999999000,25344.39499999999,thousand_usd,numeric,,2026-08-17,FDI_Eng-countries.xlsx,FDI (annual),AD63,published
fdi_flows,country,m49_376,376,Israel,group_other,country,2024,inflow,59798961.00000001000,59798.96100000001,thousand_usd,numeric,,2026-08-17,FDI_Eng-countries.xlsx,FDI (annual),AE63,published
fdi_flows,country,m49_376,376,Israel,group_other,country,2025,inflow,145119100.10000001000,145119.10010000001,thousand_usd,numeric,,2026-08-17,FDI_Eng-countries.xlsx,FDI (annual),AF63,published
fdi_flows,country,m49_380,380,Italy,group_eu27,country,1996,inflow,,-,thousand_usd,not_applicable,,2026-08-17,FDI_Eng-countries.xlsx,FDI (annual),C22,published
fdi_flows,country,m49_380,380,Italy,group_eu27,country,1997,inflow,,-,thousand_usd,not_applicable,,2026-08-17,FDI_Eng-countries.xlsx,FDI (annual),D22,published
fdi_flows,country,m49_380,380,Italy,group_eu27,country,1998,inflow,,-,thousand_usd,not_applicable,,2026-08-17,FDI_Eng-countries.xlsx,FDI (annual),E22,published
fdi_flows,country,m49_380,380,Italy,group_eu27,country,1999,inflow,127259.56782000,127.25956782,thousand_usd,numeric,,2026-08-17,FDI_Eng-countries.xlsx,FDI (annual),F22,published
fdi_flows,country,m49_380,380,Italy,group_eu27,country,2000,inflow,2971641.8604000,2971.6418604,thousand_usd,numeric,,2026-08-17,FDI_Eng-countries.xlsx,FDI (annual),G22,published
fdi_flows,country,m49_380,380,Italy,group_eu27,country,2001,inflow,6975787.0210000001000,6975.7870210000001,thousand_usd,numeric,,2026-08-17,FDI_Eng-countries.xlsx,FDI (annual),H22,published
fdi_flows,country,m49_380,380,Italy,group_eu27,country,2002,inflow,9163074.2363999998000,9163.0742363999998,thousand_usd,numeric,,2026-08-17,FDI_Eng-countries.xlsx,FDI (annual),I22,published
fdi_flows,country,m49_380,380,Italy,group_eu27,country,2003,inflow,15194558.303999998000,15194.558303999998,thousand_usd,numeric,,2026-08-17,FDI_Eng-countries.xlsx,FDI (annual),J22,published
fdi_flows,country,m49_380,380,Italy,group_eu27,country,2004,inflow,31751867.512000001000,31751.867512000001,thousand_usd,numeric,,2026-08-17,FDI_Eng-countries.xlsx,FDI (annual),K22,published
fdi_flows,country,m49_380,380,Italy,group_eu27,country,2005,inflow,22132379.19000,22132.37919,thousand_usd,numeric,,2026-08-17,FDI_Eng-countries.xlsx,FDI (annual),L22,published
fdi_flows,country,m49_380,380,Italy,group_eu27,country,2006,inflow,57511738.112000006000,57511.738112000006,thousand_usd,numeric,,2026-08-17,FDI_Eng-countries.xlsx,FDI (annual),M22,published
fdi_flows,country,m49_380,380,Italy,group_eu27,country,2007,inflow,7645624.8969999997000,7645.6248969999997,thousand_usd,numeric,,2026-08-17,FDI_Eng-countries.xlsx,FDI (annual),N22,published
fdi_flows,country,m49_380,380,Italy,group_eu27,country,2008,inflow,5762381.466201412000,5762.381466201412,thousand_usd,numeric,,2026-08-17,FDI_Eng-countries.xlsx,FDI (annual),O22,published
fdi_flows,country,m49_380,380,Italy,group_eu27,country,2009,inflow,1733205.5587600005000,1733.2055587600005,thousand_usd,numeric,,2026-08-17,FDI_Eng-countries.xlsx,FDI (annual),P22,published
fdi_flows,country,m49_380,380,Italy,group_eu27,country,2010,inflow,5140774.3000,5140.7743,thousand_usd,numeric,,2026-08-17,FDI_Eng-countries.xlsx,FDI (annual),Q22,published
fdi_flows,country,m49_380,380,Italy,group_eu27,country,2011,inflow,-5233318.2999999999000,-5233.3182999999999,thousand_usd,numeric,,2026-08-17,FDI_Eng-countries.xlsx,FDI (annual),R22,published
fdi_flows,country,m49_380,380,Italy,group_eu27,country,2012,inflow,529208.69999999991000,529.20869999999991,thousand_usd,numeric,,2026-08-17,FDI_Eng-countries.xlsx,FDI (annual),S22,published
fdi_flows,country,m49_380,380,Italy,group_eu27,country,2013,inflow,-141652.56988219991000,-141.65256988219991,thousand_usd,numeric,,2026-08-17,FDI_Eng-countries.xlsx,FDI (annual),T22,published
fdi_flows,country,m49_380,380,Italy,group_eu27,country,2014,inflow,3850893.0846965000,3850.8930846965,thousand_usd,numeric,,2026-08-17,FDI_Eng-countries.xlsx,FDI (annual),U22,published
fdi_flows,country,m49_380,380,Italy,group_eu27,country,2015,inflow,-4159758.4742020999000,-4159.7584742020999,thousand_usd,numeric,,2026-08-17,FDI_Eng-countries.xlsx,FDI (annual),V22,published
fdi_flows,country,m49_380,380,Italy,group_eu27,country,2016,inflow,-3001189.3999999993000,-3001.1893999999993,thousand_usd,numeric,,2026-08-17,FDI_Eng-countries.xlsx,FDI (annual),W22,published
fdi_flows,country,m49_380,380,Italy,group_eu27,country,2017,inflow,8260900.700000002000,8260.900700000002,thousand_usd,numeric,,2026-08-17,FDI_Eng-countries.xlsx,FDI (annual),X22,published
fdi_flows,country,m49_380,380,Italy,group_eu27,country,2018,inflow,-3624624.7000000003000,-3624.6247000000003,thousand_usd,numeric,,2026-08-17,FDI_Eng-countries.xlsx,FDI (annual),Y22,published
fdi_flows,country,m49_380,380,Italy,group_eu27,country,2019,inflow,-931518.50000000002000,-931.51850000000002,thousand_usd,numeric,,2026-08-17,FDI_Eng-countries.xlsx,FDI (annual),Z22,published
fdi_flows,country,m49_380,380,Italy,group_eu27,country,2020,inflow,-272838.79999999999000,-272.83879999999999,thousand_usd,numeric,,2026-08-17,FDI_Eng-countries.xlsx,FDI (annual),AA22,published
fdi_flows,country,m49_380,380,Italy,group_eu27,country,2021,inflow,2729639.7999999999000,2729.6397999999999,thousand_usd,numeric,,2026-08-17,FDI_Eng-countries.xlsx,FDI (annual),AB22,published
fdi_flows,country,m49_380,380,Italy,group_eu27,country,2022,inflow,4091343.0999999996000,4091.3430999999996,thousand_usd,numeric,,2026-08-17,FDI_Eng-countries.xlsx,FDI (annual),AC22,published
fdi_flows,country,m49_380,380,Italy,group_eu27,country,2023,inflow,-4522033.5999999988000,-4522.0335999999988,thousand_usd,numeric,,2026-08-17,FDI_Eng-countries.xlsx,FDI (annual),AD22,published
fdi_flows,country,m49_380,380,Italy,group_eu27,country,2024,inflow,2182907.7000000007000,2182.9077000000007,thousand_usd,numeric,,2026-08-17,FDI_Eng-countries.xlsx,FDI (annual),AE22,published
fdi_flows,country,m49_380,380,Italy,group_eu27,country,2025,inflow,3013675.0000000002000,3013.6750000000002,thousand_usd,numeric,,2026-08-17,FDI_Eng-countries.xlsx,FDI (annual),AF22,published
fdi_flows,country,m49_392,392,Japan,group_other,country,1996,inflow,,-,thousand_usd,not_applicable,,2026-08-17,FDI_Eng-countries.xlsx,FDI (annual),C64,published
fdi_flows,country,m49_392,392,Japan,group_other,country,1997,inflow,5026487.9205999996000,5026.4879205999996,thousand_usd,numeric,,2026-08-17,FDI_Eng-countries.xlsx,FDI (annual),D64,published
fdi_flows,country,m49_392,392,Japan,group_other,country,1998,inflow,5077165.0632000001000,5077.1650632000001,thousand_usd,numeric,,2026-08-17,FDI_Eng-countries.xlsx,FDI (annual),E64,published
fdi_flows,country,m49_392,392,Japan,group_other,country,1999,inflow,,-,thousand_usd,not_applicable,,2026-08-17,FDI_Eng-countries.xlsx,FDI (annual),F64,published
fdi_flows,country,m49_392,392,Japan,group_other,country,2000,inflow,,-,thousand_usd,not_applicable,,2026-08-17,FDI_Eng-countries.xlsx,FDI (annual),G64,published
fdi_flows,country,m49_392,392,Japan,group_other,country,2001,inflow,,-,thousand_usd,not_applicable,,2026-08-17,FDI_Eng-countries.xlsx,FDI (annual),H64,published
fdi_flows,country,m49_392,392,Japan,group_other,country,2002,inflow,,-,thousand_usd,not_applicable,,2026-08-17,FDI_Eng-countries.xlsx,FDI (annual),I64,published
fdi_flows,country,m49_392,392,Japan,group_other,country,2003,inflow,8617742.2396999991000,8617.7422396999991,thousand_usd,numeric,,2026-08-17,FDI_Eng-countries.xlsx,FDI (annual),J64,published
fdi_flows,country,m49_392,392,Japan,group_other,country,2004,inflow,12089536.697000,12089.536697,thousand_usd,numeric,,2026-08-17,FDI_Eng-countries.xlsx,FDI (annual),K64,published
fdi_flows,country,m49_392,392,Japan,group_other,country,2005,inflow,16610085.867999998000,16610.085867999998,thousand_usd,numeric,,2026-08-17,FDI_Eng-countries.xlsx,FDI (annual),L64,published
fdi_flows,country,m49_392,392,Japan,group_other,country,2006,inflow,34008274.956999994000,34008.274956999994,thousand_usd,numeric,,2026-08-17,FDI_Eng-countries.xlsx,FDI (annual),M64,published
fdi_flows,country,m49_392,392,Japan,group_other,country,2007,inflow,29673463.881000,29673.463881,thousand_usd,numeric,,2026-08-17,FDI_Eng-countries.xlsx,FDI (annual),N64,published
fdi_flows,country,m49_392,392,Japan,group_other,country,2008,inflow,11369941.629901412000,11369.941629901412,thousand_usd,numeric,,2026-08-17,FDI_Eng-countries.xlsx,FDI (annual),O64,published
fdi_flows,country,m49_392,392,Japan,group_other,country,2009,inflow,-30759263.941239999000,-30759.263941239999,thousand_usd,numeric,,2026-08-17,FDI_Eng-countries.xlsx,FDI (annual),P64,published
fdi_flows,country,m49_392,392,Japan,group_other,country,2010,inflow,17492450.399999998000,17492.450399999998,thousand_usd,numeric,,2026-08-17,FDI_Eng-countries.xlsx,FDI (annual),Q64,published
fdi_flows,country,m49_392,392,Japan,group_other,country,2011,inflow,23010617.699999999000,23010.617699999999,thousand_usd,numeric,,2026-08-17,FDI_Eng-countries.xlsx,FDI (annual),R64,published
fdi_flows,country,m49_392,392,Japan,group_other,country,2012,inflow,13850448.199999999000,13850.448199999999,thousand_usd,numeric,,2026-08-17,FDI_Eng-countries.xlsx,FDI (annual),S64,published
fdi_flows,country,m49_392,392,Japan,group_other,country,2013,inflow,28974311.000000002000,28974.311000000002,thousand_usd,numeric,,2026-08-17,FDI_Eng-countries.xlsx,FDI (annual),T64,published
fdi_flows,country,m49_392,392,Japan,group_other,country,2014,inflow,-15029720.600000001000,-15029.720600000001,thousand_usd,numeric,,2026-08-17,FDI_Eng-countries.xlsx,FDI (annual),U64,published
fdi_flows,country,m49_392,392,Japan,group_other,country,2015,inflow,-34638440.199999997000,-34638.440199999997,thousand_usd,numeric,,2026-08-17,FDI_Eng-countries.xlsx,FDI (annual),V64,published
fdi_flows,country,m49_392,392,Japan,group_other,country,2016,inflow,5833213.2000000038000,5833.2132000000038,thousand_usd,numeric,,2026-08-17,FDI_Eng-countries.xlsx,FDI (annual),W64,published
fdi_flows,country,m49_392,392,Japan,group_other,country,2017,inflow,18364415.9000,18364.4159,thousand_usd,numeric,,2026-08-17,FDI_Eng-countries.xlsx,FDI (annual),X64,published
fdi_flows,country,m49_392,392,Japan,group_other,country,2018,inflow,4843066.2999999986000,4843.0662999999986,thousand_usd,numeric,,2026-08-17,FDI_Eng-countries.xlsx,FDI (annual),Y64,published
fdi_flows,country,m49_392,392,Japan,group_other,country,2019,inflow,39535816.399999996000,39535.816399999996,thousand_usd,numeric,,2026-08-17,FDI_Eng-countries.xlsx,FDI (annual),Z64,published
fdi_flows,country,m49_392,392,Japan,group_other,country,2020,inflow,6491005.6999999942000,6491.0056999999942,thousand_usd,numeric,,2026-08-17,FDI_Eng-countries.xlsx,FDI (annual),AA64,published
fdi_flows,country,m49_392,392,Japan,group_other,country,2021,inflow,4281182.3000000004000,4281.1823000000004,thousand_usd,numeric,,2026-08-17,FDI_Eng-countries.xlsx,FDI (annual),AB64,published
fdi_flows,country,m49_392,392,Japan,group_other,country,2022,inflow,58690170.999999988000,58690.170999999988,thousand_usd,numeric,,2026-08-17,FDI_Eng-countries.xlsx,FDI (annual),AC64,published
fdi_flows,country,m49_392,392,Japan,group_other,country,2023,inflow,69386082.800000018000,69386.082800000018,thousand_usd,numeric,,2026-08-17,FDI_Eng-countries.xlsx,FDI (annual),AD64,published
fdi_flows,country,m49_392,392,Japan,group_other,country,2024,inflow,63955190.400000007000,63955.190400000007,thousand_usd,numeric,,2026-08-17,FDI_Eng-countries.xlsx,FDI (annual),AE64,published
fdi_flows,country,m49_392,392,Japan,group_other,country,2025,inflow,-14868130.500000005000,-14868.130500000005,thousand_usd,numeric,,2026-08-17,FDI_Eng-countries.xlsx,FDI (annual),AF64,published
fdi_flows,country,m49_398,398,Kazakhstan,group_cis,country,1996,inflow,,-,thousand_usd,not_applicable,,2026-08-17,FDI_Eng-countries.xlsx,FDI (annual),C40,published
fdi_flows,country,m49_398,398,Kazakhstan,group_cis,country,1997,inflow,,-,thousand_usd,not_applicable,,2026-08-17,FDI_Eng-countries.xlsx,FDI (annual),D40,published
fdi_flows,country,m49_398,398,Kazakhstan,group_cis,country,1998,inflow,,-,thousand_usd,not_applicable,,2026-08-17,FDI_Eng-countries.xlsx,FDI (annual),E40,published
fdi_flows,country,m49_398,398,Kazakhstan,group_cis,country,1999,inflow,,-,thousand_usd,not_applicable,,2026-08-17,FDI_Eng-countries.xlsx,FDI (annual),F40,published
fdi_flows,country,m49_398,398,Kazakhstan,group_cis,country,2000,inflow,,-,thousand_usd,not_applicable,,2026-08-17,FDI_Eng-countries.xlsx,FDI (annual),G40,published
fdi_flows,country,m49_398,398,Kazakhstan,group_cis,country,2001,inflow,,-,thousand_usd,not_applicable,,2026-08-17,FDI_Eng-countries.xlsx,FDI (annual),H40,published
fdi_flows,country,m49_398,398,Kazakhstan,group_cis,country,2002,inflow,,-,thousand_usd,not_applicable,,2026-08-17,FDI_Eng-countries.xlsx,FDI (annual),I40,published
fdi_flows,country,m49_398,398,Kazakhstan,group_cis,country,2003,inflow,,-,thousand_usd,not_applicable,,2026-08-17,FDI_Eng-countries.xlsx,FDI (annual),J40,published
fdi_flows,country,m49_398,398,Kazakhstan,group_cis,country,2004,inflow,,-,thousand_usd,not_applicable,,2026-08-17,FDI_Eng-countries.xlsx,FDI (annual),K40,published
fdi_flows,country,m49_398,398,Kazakhstan,group_cis,country,2005,inflow,337184.44999999997000,337.18444999999997,thousand_usd,numeric,,2026-08-17,FDI_Eng-countries.xlsx,FDI (annual),L40,published
fdi_flows,country,m49_398,398,Kazakhstan,group_cis,country,2006,inflow,161917047.47000002000,161917.04747000002,thousand_usd,numeric,,2026-08-17,FDI_Eng-countries.xlsx,FDI (annual),M40,published
fdi_flows,country,m49_398,398,Kazakhstan,group_cis,country,2007,inflow,47656655.362773206000,47656.655362773206,thousand_usd,numeric,,2026-08-17,FDI_Eng-countries.xlsx,FDI (annual),N40,published
fdi_flows,country,m49_398,398,Kazakhstan,group_cis,country,2008,inflow,65941732.919999995000,65941.732919999995,thousand_usd,numeric,,2026-08-17,FDI_Eng-countries.xlsx,FDI (annual),O40,published
fdi_flows,country,m49_398,398,Kazakhstan,group_cis,country,2009,inflow,-31972639.4000,-31972.6394,thousand_usd,numeric,,2026-08-17,FDI_Eng-countries.xlsx,FDI (annual),P40,published
fdi_flows,country,m49_398,398,Kazakhstan,group_cis,country,2010,inflow,-17904241.246600002000,-17904.241246600002,thousand_usd,numeric,,2026-08-17,FDI_Eng-countries.xlsx,FDI (annual),Q40,published
fdi_flows,country,m49_398,398,Kazakhstan,group_cis,country,2011,inflow,12856419.2000,12856.4192,thousand_usd,numeric,,2026-08-17,FDI_Eng-countries.xlsx,FDI (annual),R40,published
fdi_flows,country,m49_398,398,Kazakhstan,group_cis,country,2012,inflow,4305965.0000000001000,4305.9650000000001,thousand_usd,numeric,,2026-08-17,FDI_Eng-countries.xlsx,FDI (annual),S40,published
fdi_flows,country,m49_398,398,Kazakhstan,group_cis,country,2013,inflow,23100898.441349393000,23100.898441349393,thousand_usd,numeric,,2026-08-17,FDI_Eng-countries.xlsx,FDI (annual),T40,published
fdi_flows,country,m49_398,398,Kazakhstan,group_cis,country,2014,inflow,12651857.438053603000,12651.857438053603,thousand_usd,numeric,,2026-08-17,FDI_Eng-countries.xlsx,FDI (annual),U40,published
fdi_flows,country,m49_398,398,Kazakhstan,group_cis,country,2015,inflow,10484990.8867336000,10484.9908867336,thousand_usd,numeric,,2026-08-17,FDI_Eng-countries.xlsx,FDI (annual),V40,published
fdi_flows,country,m49_398,398,Kazakhstan,group_cis,country,2016,inflow,8936618.1000000015000,8936.6181000000015,thousand_usd,numeric,,2026-08-17,FDI_Eng-countries.xlsx,FDI (annual),W40,published
fdi_flows,country,m49_398,398,Kazakhstan,group_cis,country,2017,inflow,-9409395.0000000004000,-9409.3950000000004,thousand_usd,numeric,,2026-08-17,FDI_Eng-countries.xlsx,FDI (annual),X40,published
fdi_flows,country,m49_398,398,Kazakhstan,group_cis,country,2018,inflow,-39816419.799999996000,-39816.419799999996,thousand_usd,numeric,,2026-08-17,FDI_Eng-countries.xlsx,FDI (annual),Y40,published
fdi_flows,country,m49_398,398,Kazakhstan,group_cis,country,2019,inflow,7380891.3000000002000,7380.8913000000002,thousand_usd,numeric,,2026-08-17,FDI_Eng-countries.xlsx,FDI (annual),Z40,published
fdi_flows,country,m49_398,398,Kazakhstan,group_cis,country,2020,inflow,157105.30000000017000,157.10530000000017,thousand_usd,numeric,,2026-08-17,FDI_Eng-countries.xlsx,FDI (annual),AA40,published
fdi_flows,country,m49_398,398,Kazakhstan,group_cis,country,2021,inflow,11269907.200000001000,11269.907200000001,thousand_usd,numeric,,2026-08-17,FDI_Eng-countries.xlsx,FDI (annual),AB40,published
fdi_flows,country,m49_398,398,Kazakhstan,group_cis,country,2022,inflow,32650150.899999982000,32650.150899999982,thousand_usd,numeric,,2026-08-17,FDI_Eng-countries.xlsx,FDI (annual),AC40,published
fdi_flows,country,m49_398,398,Kazakhstan,group_cis,country,2023,inflow,38095842.000000004000,38095.842000000004,thousand_usd,numeric,,2026-08-17,FDI_Eng-countries.xlsx,FDI (annual),AD40,published
fdi_flows,country,m49_398,398,Kazakhstan,group_cis,country,2024,inflow,33898209.999999992000,33898.209999999992,thousand_usd,numeric,,2026-08-17,FDI_Eng-countries.xlsx,FDI (annual),AE40,published
fdi_flows,country,m49_398,398,Kazakhstan,group_cis,country,2025,inflow,20864807.699999998000,20864.807699999998,thousand_usd,numeric,,2026-08-17,FDI_Eng-countries.xlsx,FDI (annual),AF40,published
fdi_flows,country,m49_400,400,Jordan,group_other,country,1996,inflow,,-,thousand_usd,not_applicable,,2026-08-17,FDI_Eng-countries.xlsx,FDI (annual),C65,published
fdi_flows,country,m49_400,400,Jordan,group_other,country,1997,inflow,,-,thousand_usd,not_applicable,,2026-08-17,FDI_Eng-countries.xlsx,FDI (annual),D65,published
fdi_flows,country,m49_400,400,Jordan,group_other,country,1998,inflow,,-,thousand_usd,not_applicable,,2026-08-17,FDI_Eng-countries.xlsx,FDI (annual),E65,published
fdi_flows,country,m49_400,400,Jordan,group_other,country,1999,inflow,,-,thousand_usd,not_applicable,,2026-08-17,FDI_Eng-countries.xlsx,FDI (annual),F65,published
fdi_flows,country,m49_400,400,Jordan,group_other,country,2000,inflow,,-,thousand_usd,not_applicable,,2026-08-17,FDI_Eng-countries.xlsx,FDI (annual),G65,published
fdi_flows,country,m49_400,400,Jordan,group_other,country,2001,inflow,,-,thousand_usd,not_applicable,,2026-08-17,FDI_Eng-countries.xlsx,FDI (annual),H65,published
fdi_flows,country,m49_400,400,Jordan,group_other,country,2002,inflow,,-,thousand_usd,not_applicable,,2026-08-17,FDI_Eng-countries.xlsx,FDI (annual),I65,published
fdi_flows,country,m49_400,400,Jordan,group_other,country,2003,inflow,,-,thousand_usd,not_applicable,,2026-08-17,FDI_Eng-countries.xlsx,FDI (annual),J65,published
fdi_flows,country,m49_400,400,Jordan,group_other,country,2004,inflow,,-,thousand_usd,not_applicable,,2026-08-17,FDI_Eng-countries.xlsx,FDI (annual),K65,published
fdi_flows,country,m49_400,400,Jordan,group_other,country,2005,inflow,,-,thousand_usd,not_applicable,,2026-08-17,FDI_Eng-countries.xlsx,FDI (annual),L65,published
fdi_flows,country,m49_400,400,Jordan,group_other,country,2006,inflow,,-,thousand_usd,not_applicable,,2026-08-17,FDI_Eng-countries.xlsx,FDI (annual),M65,published
fdi_flows,country,m49_400,400,Jordan,group_other,country,2007,inflow,,-,thousand_usd,not_applicable,,2026-08-17,FDI_Eng-countries.xlsx,FDI (annual),N65,published
fdi_flows,country,m49_400,400,Jordan,group_other,country,2008,inflow,,-,thousand_usd,not_applicable,,2026-08-17,FDI_Eng-countries.xlsx,FDI (annual),O65,published
fdi_flows,country,m49_400,400,Jordan,group_other,country,2009,inflow,-78838.399999999993000,-78.838399999999993,thousand_usd,numeric,,2026-08-17,FDI_Eng-countries.xlsx,FDI (annual),P65,published
fdi_flows,country,m49_400,400,Jordan,group_other,country,2010,inflow,-4086306.3999999999000,-4086.3063999999999,thousand_usd,numeric,,2026-08-17,FDI_Eng-countries.xlsx,FDI (annual),Q65,published
fdi_flows,country,m49_400,400,Jordan,group_other,country,2011,inflow,-692538.89999999978000,-692.53889999999978,thousand_usd,numeric,,2026-08-17,FDI_Eng-countries.xlsx,FDI (annual),R65,published
fdi_flows,country,m49_400,400,Jordan,group_other,country,2012,inflow,453101.40000000018000,453.10140000000018,thousand_usd,numeric,,2026-08-17,FDI_Eng-countries.xlsx,FDI (annual),S65,published
fdi_flows,country,m49_400,400,Jordan,group_other,country,2013,inflow,-668254.50000000001000,-668.25450000000001,thousand_usd,numeric,,2026-08-17,FDI_Eng-countries.xlsx,FDI (annual),T65,published
fdi_flows,country,m49_400,400,Jordan,group_other,country,2014,inflow,-30366267.200000002000,-30366.267200000002,thousand_usd,numeric,,2026-08-17,FDI_Eng-countries.xlsx,FDI (annual),U65,published
fdi_flows,country,m49_400,400,Jordan,group_other,country,2015,inflow,1777606.5000000003000,1777.6065000000003,thousand_usd,numeric,,2026-08-17,FDI_Eng-countries.xlsx,FDI (annual),V65,published
fdi_flows,country,m49_400,400,Jordan,group_other,country,2016,inflow,969982.79999999988000,969.98279999999988,thousand_usd,numeric,,2026-08-17,FDI_Eng-countries.xlsx,FDI (annual),W65,published
fdi_flows,country,m49_400,400,Jordan,group_other,country,2017,inflow,1026503.2000000001000,1026.5032000000001,thousand_usd,numeric,,2026-08-17,FDI_Eng-countries.xlsx,FDI (annual),X65,published
fdi_flows,country,m49_400,400,Jordan,group_other,country,2018,inflow,667840.10000000001000,667.84010000000001,thousand_usd,numeric,,2026-08-17,FDI_Eng-countries.xlsx,FDI (annual),Y65,published
fdi_flows,country,m49_400,400,Jordan,group_other,country,2019,inflow,-1304698.2000,-1304.6982,thousand_usd,numeric,,2026-08-17,FDI_Eng-countries.xlsx,FDI (annual),Z65,published
fdi_flows,country,m49_400,400,Jordan,group_other,country,2020,inflow,-14106.100000000083000,-14.106100000000083,thousand_usd,numeric,,2026-08-17,FDI_Eng-countries.xlsx,FDI (annual),AA65,published
fdi_flows,country,m49_400,400,Jordan,group_other,country,2021,inflow,1887022.9000000002000,1887.0229000000002,thousand_usd,numeric,,2026-08-17,FDI_Eng-countries.xlsx,FDI (annual),AB65,published
fdi_flows,country,m49_400,400,Jordan,group_other,country,2022,inflow,364268.00000000003000,364.26800000000003,thousand_usd,numeric,,2026-08-17,FDI_Eng-countries.xlsx,FDI (annual),AC65,published
fdi_flows,country,m49_400,400,Jordan,group_other,country,2023,inflow,308181.70000000009000,308.18170000000009,thousand_usd,numeric,,2026-08-17,FDI_Eng-countries.xlsx,FDI (annual),AD65,published
fdi_flows,country,m49_400,400,Jordan,group_other,country,2024,inflow,672113.30000000009000,672.11330000000009,thousand_usd,numeric,,2026-08-17,FDI_Eng-countries.xlsx,FDI (annual),AE65,published
fdi_flows,country,m49_400,400,Jordan,group_other,country,2025,inflow,2355044.1000000001000,2355.0441000000001,thousand_usd,numeric,,2026-08-17,FDI_Eng-countries.xlsx,FDI (annual),AF65,published
fdi_flows,country,m49_410,410,Korea,group_other,country,1996,inflow,,-,thousand_usd,not_applicable,,2026-08-17,FDI_Eng-countries.xlsx,FDI (annual),C66,published
fdi_flows,country,m49_410,410,Korea,group_other,country,1997,inflow,5799793.7546000003000,5799.7937546000003,thousand_usd,numeric,,2026-08-17,FDI_Eng-countries.xlsx,FDI (annual),D66,published
fdi_flows,country,m49_410,410,Korea,group_other,country,1998,inflow,5858267.3806000003000,5858.2673806000003,thousand_usd,numeric,,2026-08-17,FDI_Eng-countries.xlsx,FDI (annual),E66,published
fdi_flows,country,m49_410,410,Korea,group_other,country,1999,inflow,1487682.2717000,1487.6822717,thousand_usd,numeric,,2026-08-17,FDI_Eng-countries.xlsx,FDI (annual),F66,published
fdi_flows,country,m49_410,410,Korea,group_other,country,2000,inflow,9406097.1957000002000,9406.0971957000002,thousand_usd,numeric,,2026-08-17,FDI_Eng-countries.xlsx,FDI (annual),G66,published
fdi_flows,country,m49_410,410,Korea,group_other,country,2001,inflow,,-,thousand_usd,not_applicable,,2026-08-17,FDI_Eng-countries.xlsx,FDI (annual),H66,published
fdi_flows,country,m49_410,410,Korea,group_other,country,2002,inflow,,-,thousand_usd,not_applicable,,2026-08-17,FDI_Eng-countries.xlsx,FDI (annual),I66,published
fdi_flows,country,m49_410,410,Korea,group_other,country,2003,inflow,8317363.8819999996000,8317.3638819999996,thousand_usd,numeric,,2026-08-17,FDI_Eng-countries.xlsx,FDI (annual),J66,published
fdi_flows,country,m49_410,410,Korea,group_other,country,2004,inflow,9486270.5096000009000,9486.2705096000009,thousand_usd,numeric,,2026-08-17,FDI_Eng-countries.xlsx,FDI (annual),K66,published
fdi_flows,country,m49_410,410,Korea,group_other,country,2005,inflow,6446932.6952000001000,6446.9326952000001,thousand_usd,numeric,,2026-08-17,FDI_Eng-countries.xlsx,FDI (annual),L66,published
fdi_flows,country,m49_410,410,Korea,group_other,country,2006,inflow,3064243.5604000002000,3064.2435604000002,thousand_usd,numeric,,2026-08-17,FDI_Eng-countries.xlsx,FDI (annual),M66,published
fdi_flows,country,m49_410,410,Korea,group_other,country,2007,inflow,,-,thousand_usd,not_applicable,,2026-08-17,FDI_Eng-countries.xlsx,FDI (annual),N66,published
fdi_flows,country,m49_410,410,Korea,group_other,country,2008,inflow,,-,thousand_usd,not_applicable,,2026-08-17,FDI_Eng-countries.xlsx,FDI (annual),O66,published
fdi_flows,country,m49_410,410,Korea,group_other,country,2009,inflow,,-,thousand_usd,not_applicable,,2026-08-17,FDI_Eng-countries.xlsx,FDI (annual),P66,published
fdi_flows,country,m49_410,410,Korea,group_other,country,2010,inflow,,-,thousand_usd,not_applicable,,2026-08-17,FDI_Eng-countries.xlsx,FDI (annual),Q66,published
fdi_flows,country,m49_410,410,Korea,group_other,country,2011,inflow,,-,thousand_usd,not_applicable,,2026-08-17,FDI_Eng-countries.xlsx,FDI (annual),R66,published
fdi_flows,country,m49_410,410,Korea,group_other,country,2012,inflow,,-,thousand_usd,not_applicable,,2026-08-17,FDI_Eng-countries.xlsx,FDI (annual),S66,published
fdi_flows,country,m49_410,410,Korea,group_other,country,2013,inflow,164951.40000000001000,164.95140000000001,thousand_usd,numeric,,2026-08-17,FDI_Eng-countries.xlsx,FDI (annual),T66,published
fdi_flows,country,m49_410,410,Korea,group_other,country,2014,inflow,636710.40000000005000,636.71040000000005,thousand_usd,numeric,,2026-08-17,FDI_Eng-countries.xlsx,FDI (annual),U66,published
fdi_flows,country,m49_410,410,Korea,group_other,country,2015,inflow,29869763.4000,29869.7634,thousand_usd,numeric,,2026-08-17,FDI_Eng-countries.xlsx,FDI (annual),V66,published
fdi_flows,country,m49_410,410,Korea,group_other,country,2016,inflow,29735451.399999998000,29735.451399999998,thousand_usd,numeric,,2026-08-17,FDI_Eng-countries.xlsx,FDI (annual),W66,published
fdi_flows,country,m49_410,410,Korea,group_other,country,2017,inflow,36417058.199999999000,36417.058199999999,thousand_usd,numeric,,2026-08-17,FDI_Eng-countries.xlsx,FDI (annual),X66,published
fdi_flows,country,m49_410,410,Korea,group_other,country,2018,inflow,33255462.099999997000,33255.462099999997,thousand_usd,numeric,,2026-08-17,FDI_Eng-countries.xlsx,FDI (annual),Y66,published
fdi_flows,country,m49_410,410,Korea,group_other,country,2019,inflow,23064755.400000005000,23064.755400000005,thousand_usd,numeric,,2026-08-17,FDI_Eng-countries.xlsx,FDI (annual),Z66,published
fdi_flows,country,m49_410,410,Korea,group_other,country,2020,inflow,2504342.3999999995000,2504.3423999999995,thousand_usd,numeric,,2026-08-17,FDI_Eng-countries.xlsx,FDI (annual),AA66,published
fdi_flows,country,m49_410,410,Korea,group_other,country,2021,inflow,4086673.7000000003000,4086.6737000000003,thousand_usd,numeric,,2026-08-17,FDI_Eng-countries.xlsx,FDI (annual),AB66,published
fdi_flows,country,m49_410,410,Korea,group_other,country,2022,inflow,1421662.2999999995000,1421.6622999999995,thousand_usd,numeric,,2026-08-17,FDI_Eng-countries.xlsx,FDI (annual),AC66,published
fdi_flows,country,m49_410,410,Korea,group_other,country,2023,inflow,2766677.6999999997000,2766.6776999999997,thousand_usd,numeric,,2026-08-17,FDI_Eng-countries.xlsx,FDI (annual),AD66,published
fdi_flows,country,m49_410,410,Korea,group_other,country,2024,inflow,2331708.0000000001000,2331.7080000000001,thousand_usd,numeric,,2026-08-17,FDI_Eng-countries.xlsx,FDI (annual),AE66,published
fdi_flows,country,m49_410,410,Korea,group_other,country,2025,inflow,-90775.800000000004000,-90.775800000000004,thousand_usd,numeric,,2026-08-17,FDI_Eng-countries.xlsx,FDI (annual),AF66,published
fdi_flows,country,m49_417,417,Kyrgyzstan,group_cis,country,1996,inflow,,-,thousand_usd,not_applicable,,2026-08-17,FDI_Eng-countries.xlsx,FDI (annual),C41,published
fdi_flows,country,m49_417,417,Kyrgyzstan,group_cis,country,1997,inflow,,-,thousand_usd,not_applicable,,2026-08-17,FDI_Eng-countries.xlsx,FDI (annual),D41,published
fdi_flows,country,m49_417,417,Kyrgyzstan,group_cis,country,1998,inflow,,-,thousand_usd,not_applicable,,2026-08-17,FDI_Eng-countries.xlsx,FDI (annual),E41,published
fdi_flows,country,m49_417,417,Kyrgyzstan,group_cis,country,1999,inflow,,-,thousand_usd,not_applicable,,2026-08-17,FDI_Eng-countries.xlsx,FDI (annual),F41,published
fdi_flows,country,m49_417,417,Kyrgyzstan,group_cis,country,2000,inflow,,-,thousand_usd,not_applicable,,2026-08-17,FDI_Eng-countries.xlsx,FDI (annual),G41,published
fdi_flows,country,m49_417,417,Kyrgyzstan,group_cis,country,2001,inflow,,-,thousand_usd,not_applicable,,2026-08-17,FDI_Eng-countries.xlsx,FDI (annual),H41,published
fdi_flows,country,m49_417,417,Kyrgyzstan,group_cis,country,2002,inflow,,-,thousand_usd,not_applicable,,2026-08-17,FDI_Eng-countries.xlsx,FDI (annual),I41,published
fdi_flows,country,m49_417,417,Kyrgyzstan,group_cis,country,2003,inflow,,-,thousand_usd,not_applicable,,2026-08-17,FDI_Eng-countries.xlsx,FDI (annual),J41,published
fdi_flows,country,m49_417,417,Kyrgyzstan,group_cis,country,2004,inflow,,-,thousand_usd,not_applicable,,2026-08-17,FDI_Eng-countries.xlsx,FDI (annual),K41,published
fdi_flows,country,m49_417,417,Kyrgyzstan,group_cis,country,2005,inflow,,-,thousand_usd,not_applicable,,2026-08-17,FDI_Eng-countries.xlsx,FDI (annual),L41,published
fdi_flows,country,m49_417,417,Kyrgyzstan,group_cis,country,2006,inflow,,-,thousand_usd,not_applicable,,2026-08-17,FDI_Eng-countries.xlsx,FDI (annual),M41,published
fdi_flows,country,m49_417,417,Kyrgyzstan,group_cis,country,2007,inflow,,-,thousand_usd,not_applicable,,2026-08-17,FDI_Eng-countries.xlsx,FDI (annual),N41,published
fdi_flows,country,m49_417,417,Kyrgyzstan,group_cis,country,2008,inflow,-46.899999999999997000,-4.6899999999999997E-2,thousand_usd,numeric,,2026-08-17,FDI_Eng-countries.xlsx,FDI (annual),O41,published
fdi_flows,country,m49_417,417,Kyrgyzstan,group_cis,country,2009,inflow,-6317.5999999999997000,-6.3175999999999997,thousand_usd,numeric,,2026-08-17,FDI_Eng-countries.xlsx,FDI (annual),P41,published
fdi_flows,country,m49_417,417,Kyrgyzstan,group_cis,country,2010,inflow,14075012.730000002000,14075.012730000002,thousand_usd,numeric,,2026-08-17,FDI_Eng-countries.xlsx,FDI (annual),Q41,published
fdi_flows,country,m49_417,417,Kyrgyzstan,group_cis,country,2011,inflow,5029390.9000000003000,5029.3909000000003,thousand_usd,numeric,,2026-08-17,FDI_Eng-countries.xlsx,FDI (annual),R41,published
fdi_flows,country,m49_417,417,Kyrgyzstan,group_cis,country,2012,inflow,2670741.1999999999000,2670.7411999999999,thousand_usd,numeric,,2026-08-17,FDI_Eng-countries.xlsx,FDI (annual),S41,published
fdi_flows,country,m49_417,417,Kyrgyzstan,group_cis,country,2013,inflow,2649026.4000000002000,2649.0264000000002,thousand_usd,numeric,,2026-08-17,FDI_Eng-countries.xlsx,FDI (annual),T41,published
fdi_flows,country,m49_417,417,Kyrgyzstan,group_cis,country,2014,inflow,-2283059.8999999997000,-2283.0598999999997,thousand_usd,numeric,,2026-08-17,FDI_Eng-countries.xlsx,FDI (annual),U41,published
fdi_flows,country,m49_417,417,Kyrgyzstan,group_cis,country,2015,inflow,-167939.1000,-167.9391,thousand_usd,numeric,,2026-08-17,FDI_Eng-countries.xlsx,FDI (annual),V41,published
fdi_flows,country,m49_417,417,Kyrgyzstan,group_cis,country,2016,inflow,829927.60000000033000,829.92760000000033,thousand_usd,numeric,,2026-08-17,FDI_Eng-countries.xlsx,FDI (annual),W41,published
fdi_flows,country,m49_417,417,Kyrgyzstan,group_cis,country,2017,inflow,122424.40000000001000,122.42440000000001,thousand_usd,numeric,,2026-08-17,FDI_Eng-countries.xlsx,FDI (annual),X41,published
fdi_flows,country,m49_417,417,Kyrgyzstan,group_cis,country,2018,inflow,1390155.8000,1390.1558,thousand_usd,numeric,,2026-08-17,FDI_Eng-countries.xlsx,FDI (annual),Y41,published
fdi_flows,country,m49_417,417,Kyrgyzstan,group_cis,country,2019,inflow,51354.60000000009000,51.35460000000009,thousand_usd,numeric,,2026-08-17,FDI_Eng-countries.xlsx,FDI (annual),Z41,published
fdi_flows,country,m49_417,417,Kyrgyzstan,group_cis,country,2020,inflow,-632168.90000000012000,-632.16890000000012,thousand_usd,numeric,,2026-08-17,FDI_Eng-countries.xlsx,FDI (annual),AA41,published
fdi_flows,country,m49_417,417,Kyrgyzstan,group_cis,country,2021,inflow,-24448444.499999998000,-24448.444499999998,thousand_usd,numeric,,2026-08-17,FDI_Eng-countries.xlsx,FDI (annual),AB41,published
fdi_flows,country,m49_417,417,Kyrgyzstan,group_cis,country,2022,inflow,668443.99999999996000,668.44399999999996,thousand_usd,numeric,,2026-08-17,FDI_Eng-countries.xlsx,FDI (annual),AC41,published
fdi_flows,country,m49_417,417,Kyrgyzstan,group_cis,country,2023,inflow,6365238.4000000002000,6365.2384000000002,thousand_usd,numeric,,2026-08-17,FDI_Eng-countries.xlsx,FDI (annual),AD41,published
fdi_flows,country,m49_417,417,Kyrgyzstan,group_cis,country,2024,inflow,714077.60000000007000,714.07760000000007,thousand_usd,numeric,,2026-08-17,FDI_Eng-countries.xlsx,FDI (annual),AE41,published
fdi_flows,country,m49_417,417,Kyrgyzstan,group_cis,country,2025,inflow,555653.09999999999000,555.65309999999999,thousand_usd,numeric,,2026-08-17,FDI_Eng-countries.xlsx,FDI (annual),AF41,published
fdi_flows,country,m49_422,422,Lebanon,group_other,country,1996,inflow,,-,thousand_usd,not_applicable,,2026-08-17,FDI_Eng-countries.xlsx,FDI (annual),C67,published
fdi_flows,country,m49_422,422,Lebanon,group_other,country,1997,inflow,,-,thousand_usd,not_applicable,,2026-08-17,FDI_Eng-countries.xlsx,FDI (annual),D67,published
fdi_flows,country,m49_422,422,Lebanon,group_other,country,1998,inflow,338319.07164000,338.31907164,thousand_usd,numeric,,2026-08-17,FDI_Eng-countries.xlsx,FDI (annual),E67,published
fdi_flows,country,m49_422,422,Lebanon,group_other,country,1999,inflow,1784782.5287000001000,1784.7825287000001,thousand_usd,numeric,,2026-08-17,FDI_Eng-countries.xlsx,FDI (annual),F67,published
fdi_flows,country,m49_422,422,Lebanon,group_other,country,2000,inflow,2004619.8099999999000,2004.6198099999999,thousand_usd,numeric,,2026-08-17,FDI_Eng-countries.xlsx,FDI (annual),G67,published
fdi_flows,country,m49_422,422,Lebanon,group_other,country,2001,inflow,121188.10000000001000,121.18810000000001,thousand_usd,numeric,,2026-08-17,FDI_Eng-countries.xlsx,FDI (annual),H67,published
fdi_flows,country,m49_422,422,Lebanon,group_other,country,2002,inflow,87774.159999999995000,87.774159999999995,thousand_usd,numeric,,2026-08-17,FDI_Eng-countries.xlsx,FDI (annual),I67,published
fdi_flows,country,m49_422,422,Lebanon,group_other,country,2003,inflow,133455.81000000001000,133.45581000000001,thousand_usd,numeric,,2026-08-17,FDI_Eng-countries.xlsx,FDI (annual),J67,published
fdi_flows,country,m49_422,422,Lebanon,group_other,country,2004,inflow,177185.39000000001000,177.18539000000001,thousand_usd,numeric,,2026-08-17,FDI_Eng-countries.xlsx,FDI (annual),K67,published
fdi_flows,country,m49_422,422,Lebanon,group_other,country,2005,inflow,84669.270429999997000,84.669270429999997,thousand_usd,numeric,,2026-08-17,FDI_Eng-countries.xlsx,FDI (annual),L67,published
fdi_flows,country,m49_422,422,Lebanon,group_other,country,2006,inflow,-7869889.7840999998000,-7869.8897840999998,thousand_usd,numeric,,2026-08-17,FDI_Eng-countries.xlsx,FDI (annual),M67,published
fdi_flows,country,m49_422,422,Lebanon,group_other,country,2007,inflow,135850.4796000,135.8504796,thousand_usd,numeric,,2026-08-17,FDI_Eng-countries.xlsx,FDI (annual),N67,published
fdi_flows,country,m49_422,422,Lebanon,group_other,country,2008,inflow,212148.95720000001000,212.14895720000001,thousand_usd,numeric,,2026-08-17,FDI_Eng-countries.xlsx,FDI (annual),O67,published
fdi_flows,country,m49_422,422,Lebanon,group_other,country,2009,inflow,,-,thousand_usd,not_applicable,,2026-08-17,FDI_Eng-countries.xlsx,FDI (annual),P67,published
fdi_flows,country,m49_422,422,Lebanon,group_other,country,2010,inflow,102261.50000000001000,102.26150000000001,thousand_usd,numeric,,2026-08-17,FDI_Eng-countries.xlsx,FDI (annual),Q67,published
fdi_flows,country,m49_422,422,Lebanon,group_other,country,2011,inflow,1250242.9999999999000,1250.2429999999999,thousand_usd,numeric,,2026-08-17,FDI_Eng-countries.xlsx,FDI (annual),R67,published
fdi_flows,country,m49_422,422,Lebanon,group_other,country,2012,inflow,-460918.50000000005000,-460.91850000000005,thousand_usd,numeric,,2026-08-17,FDI_Eng-countries.xlsx,FDI (annual),S67,published
fdi_flows,country,m49_422,422,Lebanon,group_other,country,2013,inflow,74064.899999999994000,74.064899999999994,thousand_usd,numeric,,2026-08-17,FDI_Eng-countries.xlsx,FDI (annual),T67,published
fdi_flows,country,m49_422,422,Lebanon,group_other,country,2014,inflow,210512.7000,210.5127,thousand_usd,numeric,,2026-08-17,FDI_Eng-countries.xlsx,FDI (annual),U67,published
fdi_flows,country,m49_422,422,Lebanon,group_other,country,2015,inflow,60040.099999999995000,60.040099999999995,thousand_usd,numeric,,2026-08-17,FDI_Eng-countries.xlsx,FDI (annual),V67,published
fdi_flows,country,m49_422,422,Lebanon,group_other,country,2016,inflow,523129.19999999997000,523.12919999999997,thousand_usd,numeric,,2026-08-17,FDI_Eng-countries.xlsx,FDI (annual),W67,published
fdi_flows,country,m49_422,422,Lebanon,group_other,country,2017,inflow,2402737.6999999997000,2402.7376999999997,thousand_usd,numeric,,2026-08-17,FDI_Eng-countries.xlsx,FDI (annual),X67,published
fdi_flows,country,m49_422,422,Lebanon,group_other,country,2018,inflow,1358178.6000,1358.1786,thousand_usd,numeric,,2026-08-17,FDI_Eng-countries.xlsx,FDI (annual),Y67,published
fdi_flows,country,m49_422,422,Lebanon,group_other,country,2019,inflow,2211531.5000000001000,2211.5315000000001,thousand_usd,numeric,,2026-08-17,FDI_Eng-countries.xlsx,FDI (annual),Z67,published
fdi_flows,country,m49_422,422,Lebanon,group_other,country,2020,inflow,4367005.7999999999000,4367.0057999999999,thousand_usd,numeric,,2026-08-17,FDI_Eng-countries.xlsx,FDI (annual),AA67,published
fdi_flows,country,m49_422,422,Lebanon,group_other,country,2021,inflow,1877546.8000000003000,1877.5468000000003,thousand_usd,numeric,,2026-08-17,FDI_Eng-countries.xlsx,FDI (annual),AB67,published
fdi_flows,country,m49_422,422,Lebanon,group_other,country,2022,inflow,2416383.4999999995000,2416.3834999999995,thousand_usd,numeric,,2026-08-17,FDI_Eng-countries.xlsx,FDI (annual),AC67,published
fdi_flows,country,m49_422,422,Lebanon,group_other,country,2023,inflow,439509.30000000005000,439.50930000000005,thousand_usd,numeric,,2026-08-17,FDI_Eng-countries.xlsx,FDI (annual),AD67,published
fdi_flows,country,m49_422,422,Lebanon,group_other,country,2024,inflow,2145789.1000,2145.7891,thousand_usd,numeric,,2026-08-17,FDI_Eng-countries.xlsx,FDI (annual),AE67,published
fdi_flows,country,m49_422,422,Lebanon,group_other,country,2025,inflow,4161891.9999999998000,4161.8919999999998,thousand_usd,numeric,,2026-08-17,FDI_Eng-countries.xlsx,FDI (annual),AF67,published
fdi_flows,country,m49_428,428,Latvia,group_eu27,country,1996,inflow,,-,thousand_usd,not_applicable,,2026-08-17,FDI_Eng-countries.xlsx,FDI (annual),C23,published
fdi_flows,country,m49_428,428,Latvia,group_eu27,country,1997,inflow,,-,thousand_usd,not_applicable,,2026-08-17,FDI_Eng-countries.xlsx,FDI (annual),D23,published
fdi_flows,country,m49_428,428,Latvia,group_eu27,country,1998,inflow,,-,thousand_usd,not_applicable,,2026-08-17,FDI_Eng-countries.xlsx,FDI (annual),E23,published
fdi_flows,country,m49_428,428,Latvia,group_eu27,country,1999,inflow,,-,thousand_usd,not_applicable,,2026-08-17,FDI_Eng-countries.xlsx,FDI (annual),F23,published
fdi_flows,country,m49_428,428,Latvia,group_eu27,country,2000,inflow,,-,thousand_usd,not_applicable,,2026-08-17,FDI_Eng-countries.xlsx,FDI (annual),G23,published
fdi_flows,country,m49_428,428,Latvia,group_eu27,country,2001,inflow,,-,thousand_usd,not_applicable,,2026-08-17,FDI_Eng-countries.xlsx,FDI (annual),H23,published
fdi_flows,country,m49_428,428,Latvia,group_eu27,country,2002,inflow,,-,thousand_usd,not_applicable,,2026-08-17,FDI_Eng-countries.xlsx,FDI (annual),I23,published
fdi_flows,country,m49_428,428,Latvia,group_eu27,country,2003,inflow,,-,thousand_usd,not_applicable,,2026-08-17,FDI_Eng-countries.xlsx,FDI (annual),J23,published
fdi_flows,country,m49_428,428,Latvia,group_eu27,country,2004,inflow,,-,thousand_usd,not_applicable,,2026-08-17,FDI_Eng-countries.xlsx,FDI (annual),K23,published
fdi_flows,country,m49_428,428,Latvia,group_eu27,country,2005,inflow,,-,thousand_usd,not_applicable,,2026-08-17,FDI_Eng-countries.xlsx,FDI (annual),L23,published
fdi_flows,country,m49_428,428,Latvia,group_eu27,country,2006,inflow,,-,thousand_usd,not_applicable,,2026-08-17,FDI_Eng-countries.xlsx,FDI (annual),M23,published
fdi_flows,country,m49_428,428,Latvia,group_eu27,country,2007,inflow,2849298.7169999997000,2849.2987169999997,thousand_usd,numeric,,2026-08-17,FDI_Eng-countries.xlsx,FDI (annual),N23,published
fdi_flows,country,m49_428,428,Latvia,group_eu27,country,2008,inflow,756483.28000000004000,756.48328000000004,thousand_usd,numeric,,2026-08-17,FDI_Eng-countries.xlsx,FDI (annual),O23,published
fdi_flows,country,m49_428,428,Latvia,group_eu27,country,2009,inflow,-18039.200000000001000,-18.039200000000001,thousand_usd,numeric,,2026-08-17,FDI_Eng-countries.xlsx,FDI (annual),P23,published
fdi_flows,country,m49_428,428,Latvia,group_eu27,country,2010,inflow,-535.58799999999995000,-0.53558799999999995,thousand_usd,numeric,,2026-08-17,FDI_Eng-countries.xlsx,FDI (annual),Q23,published
fdi_flows,country,m49_428,428,Latvia,group_eu27,country,2011,inflow,-102955.40000000001000,-102.95540000000001,thousand_usd,numeric,,2026-08-17,FDI_Eng-countries.xlsx,FDI (annual),R23,published
fdi_flows,country,m49_428,428,Latvia,group_eu27,country,2012,inflow,1052380.2000000003000,1052.3802000000003,thousand_usd,numeric,,2026-08-17,FDI_Eng-countries.xlsx,FDI (annual),S23,published
fdi_flows,country,m49_428,428,Latvia,group_eu27,country,2013,inflow,-1815157.4499999999000,-1815.1574499999999,thousand_usd,numeric,,2026-08-17,FDI_Eng-countries.xlsx,FDI (annual),T23,published
fdi_flows,country,m49_428,428,Latvia,group_eu27,country,2014,inflow,21399546.230000004000,21399.546230000004,thousand_usd,numeric,,2026-08-17,FDI_Eng-countries.xlsx,FDI (annual),U23,published
fdi_flows,country,m49_428,428,Latvia,group_eu27,country,2015,inflow,18628834.39000,18628.83439,thousand_usd,numeric,,2026-08-17,FDI_Eng-countries.xlsx,FDI (annual),V23,published
fdi_flows,country,m49_428,428,Latvia,group_eu27,country,2016,inflow,27254375.700000001000,27254.375700000001,thousand_usd,numeric,,2026-08-17,FDI_Eng-countries.xlsx,FDI (annual),W23,published
fdi_flows,country,m49_428,428,Latvia,group_eu27,country,2017,inflow,-33854204.40000001000,-33854.20440000001,thousand_usd,numeric,,2026-08-17,FDI_Eng-countries.xlsx,FDI (annual),X23,published
fdi_flows,country,m49_428,428,Latvia,group_eu27,country,2018,inflow,4154338.4000000005000,4154.3384000000005,thousand_usd,numeric,,2026-08-17,FDI_Eng-countries.xlsx,FDI (annual),Y23,published
fdi_flows,country,m49_428,428,Latvia,group_eu27,country,2019,inflow,2657775.0999999998000,2657.7750999999998,thousand_usd,numeric,,2026-08-17,FDI_Eng-countries.xlsx,FDI (annual),Z23,published
fdi_flows,country,m49_428,428,Latvia,group_eu27,country,2020,inflow,4672288.0999999998000,4672.2880999999998,thousand_usd,numeric,,2026-08-17,FDI_Eng-countries.xlsx,FDI (annual),AA23,published
fdi_flows,country,m49_428,428,Latvia,group_eu27,country,2021,inflow,5397809.2999999999000,5397.8092999999999,thousand_usd,numeric,,2026-08-17,FDI_Eng-countries.xlsx,FDI (annual),AB23,published
fdi_flows,country,m49_428,428,Latvia,group_eu27,country,2022,inflow,7311216.9000000013000,7311.2169000000013,thousand_usd,numeric,,2026-08-17,FDI_Eng-countries.xlsx,FDI (annual),AC23,published
fdi_flows,country,m49_428,428,Latvia,group_eu27,country,2023,inflow,6251545.1000000012000,6251.5451000000012,thousand_usd,numeric,,2026-08-17,FDI_Eng-countries.xlsx,FDI (annual),AD23,published
fdi_flows,country,m49_428,428,Latvia,group_eu27,country,2024,inflow,18298922.700000003000,18298.922700000003,thousand_usd,numeric,,2026-08-17,FDI_Eng-countries.xlsx,FDI (annual),AE23,published
fdi_flows,country,m49_428,428,Latvia,group_eu27,country,2025,inflow,19860194.800000005000,19860.194800000005,thousand_usd,numeric,,2026-08-17,FDI_Eng-countries.xlsx,FDI (annual),AF23,published
fdi_flows,country,m49_434,434,Libya,group_other,country,1996,inflow,,-,thousand_usd,not_applicable,,2026-08-17,FDI_Eng-countries.xlsx,FDI (annual),C68,published
fdi_flows,country,m49_434,434,Libya,group_other,country,1997,inflow,,-,thousand_usd,not_applicable,,2026-08-17,FDI_Eng-countries.xlsx,FDI (annual),D68,published
fdi_flows,country,m49_434,434,Libya,group_other,country,1998,inflow,,-,thousand_usd,not_applicable,,2026-08-17,FDI_Eng-countries.xlsx,FDI (annual),E68,published
fdi_flows,country,m49_434,434,Libya,group_other,country,1999,inflow,,-,thousand_usd,not_applicable,,2026-08-17,FDI_Eng-countries.xlsx,FDI (annual),F68,published
fdi_flows,country,m49_434,434,Libya,group_other,country,2000,inflow,1814406.3318000001000,1814.4063318000001,thousand_usd,numeric,,2026-08-17,FDI_Eng-countries.xlsx,FDI (annual),G68,published
fdi_flows,country,m49_434,434,Libya,group_other,country,2001,inflow,789852.79854999999000,789.85279854999999,thousand_usd,numeric,,2026-08-17,FDI_Eng-countries.xlsx,FDI (annual),H68,published
fdi_flows,country,m49_434,434,Libya,group_other,country,2002,inflow,,-,thousand_usd,not_applicable,,2026-08-17,FDI_Eng-countries.xlsx,FDI (annual),I68,published
fdi_flows,country,m49_434,434,Libya,group_other,country,2003,inflow,,-,thousand_usd,not_applicable,,2026-08-17,FDI_Eng-countries.xlsx,FDI (annual),J68,published
fdi_flows,country,m49_434,434,Libya,group_other,country,2004,inflow,,-,thousand_usd,not_applicable,,2026-08-17,FDI_Eng-countries.xlsx,FDI (annual),K68,published
fdi_flows,country,m49_434,434,Libya,group_other,country,2005,inflow,33019.919547999997000,33.019919547999997,thousand_usd,numeric,,2026-08-17,FDI_Eng-countries.xlsx,FDI (annual),L68,published
fdi_flows,country,m49_434,434,Libya,group_other,country,2006,inflow,21636.042143000001000,21.636042143000001,thousand_usd,numeric,,2026-08-17,FDI_Eng-countries.xlsx,FDI (annual),M68,published
fdi_flows,country,m49_434,434,Libya,group_other,country,2007,inflow,,-,thousand_usd,not_applicable,,2026-08-17,FDI_Eng-countries.xlsx,FDI (annual),N68,published
fdi_flows,country,m49_434,434,Libya,group_other,country,2008,inflow,,-,thousand_usd,not_applicable,,2026-08-17,FDI_Eng-countries.xlsx,FDI (annual),O68,published
fdi_flows,country,m49_434,434,Libya,group_other,country,2009,inflow,,-,thousand_usd,not_applicable,,2026-08-17,FDI_Eng-countries.xlsx,FDI (annual),P68,published
fdi_flows,country,m49_434,434,Libya,group_other,country,2010,inflow,,-,thousand_usd,not_applicable,,2026-08-17,FDI_Eng-countries.xlsx,FDI (annual),Q68,published
fdi_flows,country,m49_434,434,Libya,group_other,country,2011,inflow,,-,thousand_usd,not_applicable,,2026-08-17,FDI_Eng-countries.xlsx,FDI (annual),R68,published
fdi_flows,country,m49_434,434,Libya,group_other,country,2012,inflow,,-,thousand_usd,not_applicable,,2026-08-17,FDI_Eng-countries.xlsx,FDI (annual),S68,published
fdi_flows,country,m49_434,434,Libya,group_other,country,2013,inflow,,-,thousand_usd,not_applicable,,2026-08-17,FDI_Eng-countries.xlsx,FDI (annual),T68,published
fdi_flows,country,m49_434,434,Libya,group_other,country,2014,inflow,,-,thousand_usd,not_applicable,,2026-08-17,FDI_Eng-countries.xlsx,FDI (annual),U68,published
fdi_flows,country,m49_434,434,Libya,group_other,country,2015,inflow,,-,thousand_usd,not_applicable,,2026-08-17,FDI_Eng-countries.xlsx,FDI (annual),V68,published
fdi_flows,country,m49_434,434,Libya,group_other,country,2016,inflow,,-,thousand_usd,not_applicable,,2026-08-17,FDI_Eng-countries.xlsx,FDI (annual),W68,published
fdi_flows,country,m49_434,434,Libya,group_other,country,2017,inflow,90812.000000000012000,90.812000000000012,thousand_usd,numeric,,2026-08-17,FDI_Eng-countries.xlsx,FDI (annual),X68,published
fdi_flows,country,m49_434,434,Libya,group_other,country,2018,inflow,,-,thousand_usd,not_applicable,,2026-08-17,FDI_Eng-countries.xlsx,FDI (annual),Y68,published
fdi_flows,country,m49_434,434,Libya,group_other,country,2019,inflow,,-,thousand_usd,not_applicable,,2026-08-17,FDI_Eng-countries.xlsx,FDI (annual),Z68,published
fdi_flows,country,m49_434,434,Libya,group_other,country,2020,inflow,,-,thousand_usd,not_applicable,,2026-08-17,FDI_Eng-countries.xlsx,FDI (annual),AA68,published
fdi_flows,country,m49_434,434,Libya,group_other,country,2021,inflow,9463.3000000000003000,9.4633000000000003,thousand_usd,numeric,,2026-08-17,FDI_Eng-countries.xlsx,FDI (annual),AB68,published
fdi_flows,country,m49_434,434,Libya,group_other,country,2022,inflow,,-,thousand_usd,not_applicable,,2026-08-17,FDI_Eng-countries.xlsx,FDI (annual),AC68,published
fdi_flows,country,m49_434,434,Libya,group_other,country,2023,inflow,,-,thousand_usd,not_applicable,,2026-08-17,FDI_Eng-countries.xlsx,FDI (annual),AD68,published
fdi_flows,country,m49_434,434,Libya,group_other,country,2024,inflow,,-,thousand_usd,not_applicable,,2026-08-17,FDI_Eng-countries.xlsx,FDI (annual),AE68,published
fdi_flows,country,m49_434,434,Libya,group_other,country,2025,inflow,,-,thousand_usd,not_applicable,,2026-08-17,FDI_Eng-countries.xlsx,FDI (annual),AF68,published
fdi_flows,country,m49_438,438,Liechtenstein,group_other,country,1996,inflow,,-,thousand_usd,not_applicable,,2026-08-17,FDI_Eng-countries.xlsx,FDI (annual),C69,published
fdi_flows,country,m49_438,438,Liechtenstein,group_other,country,1997,inflow,,-,thousand_usd,not_applicable,,2026-08-17,FDI_Eng-countries.xlsx,FDI (annual),D69,published
fdi_flows,country,m49_438,438,Liechtenstein,group_other,country,1998,inflow,,-,thousand_usd,not_applicable,,2026-08-17,FDI_Eng-countries.xlsx,FDI (annual),E69,published
fdi_flows,country,m49_438,438,Liechtenstein,group_other,country,1999,inflow,,-,thousand_usd,not_applicable,,2026-08-17,FDI_Eng-countries.xlsx,FDI (annual),F69,published
fdi_flows,country,m49_438,438,Liechtenstein,group_other,country,2000,inflow,,-,thousand_usd,not_applicable,,2026-08-17,FDI_Eng-countries.xlsx,FDI (annual),G69,published
fdi_flows,country,m49_438,438,Liechtenstein,group_other,country,2001,inflow,,-,thousand_usd,not_applicable,,2026-08-17,FDI_Eng-countries.xlsx,FDI (annual),H69,published
fdi_flows,country,m49_438,438,Liechtenstein,group_other,country,2002,inflow,,-,thousand_usd,not_applicable,,2026-08-17,FDI_Eng-countries.xlsx,FDI (annual),I69,published
fdi_flows,country,m49_438,438,Liechtenstein,group_other,country,2003,inflow,,-,thousand_usd,not_applicable,,2026-08-17,FDI_Eng-countries.xlsx,FDI (annual),J69,published
fdi_flows,country,m49_438,438,Liechtenstein,group_other,country,2004,inflow,,-,thousand_usd,not_applicable,,2026-08-17,FDI_Eng-countries.xlsx,FDI (annual),K69,published
fdi_flows,country,m49_438,438,Liechtenstein,group_other,country,2005,inflow,,-,thousand_usd,not_applicable,,2026-08-17,FDI_Eng-countries.xlsx,FDI (annual),L69,published
fdi_flows,country,m49_438,438,Liechtenstein,group_other,country,2006,inflow,,-,thousand_usd,not_applicable,,2026-08-17,FDI_Eng-countries.xlsx,FDI (annual),M69,published
fdi_flows,country,m49_438,438,Liechtenstein,group_other,country,2007,inflow,2445717.1985000,2445.7171985,thousand_usd,numeric,,2026-08-17,FDI_Eng-countries.xlsx,FDI (annual),N69,published
fdi_flows,country,m49_438,438,Liechtenstein,group_other,country,2008,inflow,5015957.5060999996000,5015.9575060999996,thousand_usd,numeric,,2026-08-17,FDI_Eng-countries.xlsx,FDI (annual),O69,published
fdi_flows,country,m49_438,438,Liechtenstein,group_other,country,2009,inflow,1912914.2999999999000,1912.9142999999999,thousand_usd,numeric,,2026-08-17,FDI_Eng-countries.xlsx,FDI (annual),P69,published
fdi_flows,country,m49_438,438,Liechtenstein,group_other,country,2010,inflow,35044619.200000001000,35044.619200000001,thousand_usd,numeric,,2026-08-17,FDI_Eng-countries.xlsx,FDI (annual),Q69,published
fdi_flows,country,m49_438,438,Liechtenstein,group_other,country,2011,inflow,-8466284.4999999998000,-8466.2844999999998,thousand_usd,numeric,,2026-08-17,FDI_Eng-countries.xlsx,FDI (annual),R69,published
fdi_flows,country,m49_438,438,Liechtenstein,group_other,country,2012,inflow,1678730.1000,1678.7301,thousand_usd,numeric,,2026-08-17,FDI_Eng-countries.xlsx,FDI (annual),S69,published
fdi_flows,country,m49_438,438,Liechtenstein,group_other,country,2013,inflow,-7070100.6379785995000,-7070.1006379785995,thousand_usd,numeric,,2026-08-17,FDI_Eng-countries.xlsx,FDI (annual),T69,published
fdi_flows,country,m49_438,438,Liechtenstein,group_other,country,2014,inflow,-1199431.1000,-1199.4311,thousand_usd,numeric,,2026-08-17,FDI_Eng-countries.xlsx,FDI (annual),U69,published
fdi_flows,country,m49_438,438,Liechtenstein,group_other,country,2015,inflow,1959144.5000000001000,1959.1445000000001,thousand_usd,numeric,,2026-08-17,FDI_Eng-countries.xlsx,FDI (annual),V69,published
fdi_flows,country,m49_438,438,Liechtenstein,group_other,country,2016,inflow,5611703.1999999999000,5611.7031999999999,thousand_usd,numeric,,2026-08-17,FDI_Eng-countries.xlsx,FDI (annual),W69,published
fdi_flows,country,m49_438,438,Liechtenstein,group_other,country,2017,inflow,2861317.4999999997000,2861.3174999999997,thousand_usd,numeric,,2026-08-17,FDI_Eng-countries.xlsx,FDI (annual),X69,published
fdi_flows,country,m49_438,438,Liechtenstein,group_other,country,2018,inflow,1946720.9000,1946.7209,thousand_usd,numeric,,2026-08-17,FDI_Eng-countries.xlsx,FDI (annual),Y69,published
fdi_flows,country,m49_438,438,Liechtenstein,group_other,country,2019,inflow,493148.80000000005000,493.14880000000005,thousand_usd,numeric,,2026-08-17,FDI_Eng-countries.xlsx,FDI (annual),Z69,published
fdi_flows,country,m49_438,438,Liechtenstein,group_other,country,2020,inflow,976633.69999999986000,976.63369999999986,thousand_usd,numeric,,2026-08-17,FDI_Eng-countries.xlsx,FDI (annual),AA69,published
fdi_flows,country,m49_438,438,Liechtenstein,group_other,country,2021,inflow,-253926.89999999999000,-253.92689999999999,thousand_usd,numeric,,2026-08-17,FDI_Eng-countries.xlsx,FDI (annual),AB69,published
fdi_flows,country,m49_438,438,Liechtenstein,group_other,country,2022,inflow,-196916.69999999999000,-196.91669999999999,thousand_usd,numeric,,2026-08-17,FDI_Eng-countries.xlsx,FDI (annual),AC69,published
fdi_flows,country,m49_438,438,Liechtenstein,group_other,country,2023,inflow,-333469.40000000001000,-333.46940000000001,thousand_usd,numeric,,2026-08-17,FDI_Eng-countries.xlsx,FDI (annual),AD69,published
fdi_flows,country,m49_438,438,Liechtenstein,group_other,country,2024,inflow,733274.89999999989000,733.27489999999989,thousand_usd,numeric,,2026-08-17,FDI_Eng-countries.xlsx,FDI (annual),AE69,published
fdi_flows,country,m49_438,438,Liechtenstein,group_other,country,2025,inflow,-169971.20000000001000,-169.97120000000001,thousand_usd,numeric,,2026-08-17,FDI_Eng-countries.xlsx,FDI (annual),AF69,published
fdi_flows,country,m49_440,440,Lithuania (Lietuva),group_eu27,country,1996,inflow,,-,thousand_usd,not_applicable,,2026-08-17,FDI_Eng-countries.xlsx,FDI (annual),C24,published
fdi_flows,country,m49_440,440,Lithuania (Lietuva),group_eu27,country,1997,inflow,,-,thousand_usd,not_applicable,,2026-08-17,FDI_Eng-countries.xlsx,FDI (annual),D24,published
fdi_flows,country,m49_440,440,Lithuania (Lietuva),group_eu27,country,1998,inflow,,-,thousand_usd,not_applicable,,2026-08-17,FDI_Eng-countries.xlsx,FDI (annual),E24,published
fdi_flows,country,m49_440,440,Lithuania (Lietuva),group_eu27,country,1999,inflow,,-,thousand_usd,not_applicable,,2026-08-17,FDI_Eng-countries.xlsx,FDI (annual),F24,published
fdi_flows,country,m49_440,440,Lithuania (Lietuva),group_eu27,country,2000,inflow,,-,thousand_usd,not_applicable,,2026-08-17,FDI_Eng-countries.xlsx,FDI (annual),G24,published
fdi_flows,country,m49_440,440,Lithuania (Lietuva),group_eu27,country,2001,inflow,,-,thousand_usd,not_applicable,,2026-08-17,FDI_Eng-countries.xlsx,FDI (annual),H24,published
fdi_flows,country,m49_440,440,Lithuania (Lietuva),group_eu27,country,2002,inflow,,-,thousand_usd,not_applicable,,2026-08-17,FDI_Eng-countries.xlsx,FDI (annual),I24,published
fdi_flows,country,m49_440,440,Lithuania (Lietuva),group_eu27,country,2003,inflow,,-,thousand_usd,not_applicable,,2026-08-17,FDI_Eng-countries.xlsx,FDI (annual),J24,published
fdi_flows,country,m49_440,440,Lithuania (Lietuva),group_eu27,country,2004,inflow,,-,thousand_usd,not_applicable,,2026-08-17,FDI_Eng-countries.xlsx,FDI (annual),K24,published
fdi_flows,country,m49_440,440,Lithuania (Lietuva),group_eu27,country,2005,inflow,17124.850000000002000,17.124850000000002,thousand_usd,numeric,,2026-08-17,FDI_Eng-countries.xlsx,FDI (annual),L24,published
fdi_flows,country,m49_440,440,Lithuania (Lietuva),group_eu27,country,2006,inflow,3424181.3299999999000,3424.1813299999999,thousand_usd,numeric,,2026-08-17,FDI_Eng-countries.xlsx,FDI (annual),M24,published
fdi_flows,country,m49_440,440,Lithuania (Lietuva),group_eu27,country,2007,inflow,327339.67577999999000,327.33967577999999,thousand_usd,numeric,,2026-08-17,FDI_Eng-countries.xlsx,FDI (annual),N24,published
fdi_flows,country,m49_440,440,Lithuania (Lietuva),group_eu27,country,2008,inflow,-113931.36440000001000,-113.93136440000001,thousand_usd,numeric,,2026-08-17,FDI_Eng-countries.xlsx,FDI (annual),O24,published
fdi_flows,country,m49_440,440,Lithuania (Lietuva),group_eu27,country,2009,inflow,3560345.3999999997000,3560.3453999999997,thousand_usd,numeric,,2026-08-17,FDI_Eng-countries.xlsx,FDI (annual),P24,published
fdi_flows,country,m49_440,440,Lithuania (Lietuva),group_eu27,country,2010,inflow,2441051.1000000001000,2441.0511000000001,thousand_usd,numeric,,2026-08-17,FDI_Eng-countries.xlsx,FDI (annual),Q24,published
fdi_flows,country,m49_440,440,Lithuania (Lietuva),group_eu27,country,2011,inflow,-1847076.4000000001000,-1847.0764000000001,thousand_usd,numeric,,2026-08-17,FDI_Eng-countries.xlsx,FDI (annual),R24,published
fdi_flows,country,m49_440,440,Lithuania (Lietuva),group_eu27,country,2012,inflow,578394.10000000009000,578.39410000000009,thousand_usd,numeric,,2026-08-17,FDI_Eng-countries.xlsx,FDI (annual),S24,published
fdi_flows,country,m49_440,440,Lithuania (Lietuva),group_eu27,country,2013,inflow,5390853.9408792985000,5390.8539408792985,thousand_usd,numeric,,2026-08-17,FDI_Eng-countries.xlsx,FDI (annual),T24,published
fdi_flows,country,m49_440,440,Lithuania (Lietuva),group_eu27,country,2014,inflow,3750392.6011861995000,3750.3926011861995,thousand_usd,numeric,,2026-08-17,FDI_Eng-countries.xlsx,FDI (annual),U24,published
fdi_flows,country,m49_440,440,Lithuania (Lietuva),group_eu27,country,2015,inflow,2204767.9523644001000,2204.7679523644001,thousand_usd,numeric,,2026-08-17,FDI_Eng-countries.xlsx,FDI (annual),V24,published
fdi_flows,country,m49_440,440,Lithuania (Lietuva),group_eu27,country,2016,inflow,-4423324.6999999992000,-4423.3246999999992,thousand_usd,numeric,,2026-08-17,FDI_Eng-countries.xlsx,FDI (annual),W24,published
fdi_flows,country,m49_440,440,Lithuania (Lietuva),group_eu27,country,2017,inflow,2506653.0000000002000,2506.6530000000002,thousand_usd,numeric,,2026-08-17,FDI_Eng-countries.xlsx,FDI (annual),X24,published
fdi_flows,country,m49_440,440,Lithuania (Lietuva),group_eu27,country,2018,inflow,956310.3000000001000,956.3103000000001,thousand_usd,numeric,,2026-08-17,FDI_Eng-countries.xlsx,FDI (annual),Y24,published
fdi_flows,country,m49_440,440,Lithuania (Lietuva),group_eu27,country,2019,inflow,3983710.2999999997000,3983.7102999999997,thousand_usd,numeric,,2026-08-17,FDI_Eng-countries.xlsx,FDI (annual),Z24,published
fdi_flows,country,m49_440,440,Lithuania (Lietuva),group_eu27,country,2020,inflow,1011767.6999999999000,1011.7676999999999,thousand_usd,numeric,,2026-08-17,FDI_Eng-countries.xlsx,FDI (annual),AA24,published
fdi_flows,country,m49_440,440,Lithuania (Lietuva),group_eu27,country,2021,inflow,1284097.000,1284.097,thousand_usd,numeric,,2026-08-17,FDI_Eng-countries.xlsx,FDI (annual),AB24,published
fdi_flows,country,m49_440,440,Lithuania (Lietuva),group_eu27,country,2022,inflow,7940416.3000000008000,7940.4163000000008,thousand_usd,numeric,,2026-08-17,FDI_Eng-countries.xlsx,FDI (annual),AC24,published
fdi_flows,country,m49_440,440,Lithuania (Lietuva),group_eu27,country,2023,inflow,5039925.3999999992000,5039.9253999999992,thousand_usd,numeric,,2026-08-17,FDI_Eng-countries.xlsx,FDI (annual),AD24,published
fdi_flows,country,m49_440,440,Lithuania (Lietuva),group_eu27,country,2024,inflow,8320937.2999999996000,8320.9372999999996,thousand_usd,numeric,,2026-08-17,FDI_Eng-countries.xlsx,FDI (annual),AE24,published
fdi_flows,country,m49_440,440,Lithuania (Lietuva),group_eu27,country,2025,inflow,4557207.5999999997000,4557.2075999999997,thousand_usd,numeric,,2026-08-17,FDI_Eng-countries.xlsx,FDI (annual),AF24,published
fdi_flows,country,m49_442,442,Luxembourg,group_eu27,country,1996,inflow,,-,thousand_usd,not_applicable,,2026-08-17,FDI_Eng-countries.xlsx,FDI (annual),C25,published
fdi_flows,country,m49_442,442,Luxembourg,group_eu27,country,1997,inflow,,-,thousand_usd,not_applicable,,2026-08-17,FDI_Eng-countries.xlsx,FDI (annual),D25,published
fdi_flows,country,m49_442,442,Luxembourg,group_eu27,country,1998,inflow,,-,thousand_usd,not_applicable,,2026-08-17,FDI_Eng-countries.xlsx,FDI (annual),E25,published
fdi_flows,country,m49_442,442,Luxembourg,group_eu27,country,1999,inflow,,-,thousand_usd,not_applicable,,2026-08-17,FDI_Eng-countries.xlsx,FDI (annual),F25,published
fdi_flows,country,m49_442,442,Luxembourg,group_eu27,country,2000,inflow,,-,thousand_usd,not_applicable,,2026-08-17,FDI_Eng-countries.xlsx,FDI (annual),G25,published
fdi_flows,country,m49_442,442,Luxembourg,group_eu27,country,2001,inflow,,-,thousand_usd,not_applicable,,2026-08-17,FDI_Eng-countries.xlsx,FDI (annual),H25,published
fdi_flows,country,m49_442,442,Luxembourg,group_eu27,country,2002,inflow,337236.80345999998000,337.23680345999998,thousand_usd,numeric,,2026-08-17,FDI_Eng-countries.xlsx,FDI (annual),I25,published
fdi_flows,country,m49_442,442,Luxembourg,group_eu27,country,2003,inflow,249770.68714999999000,249.77068714999999,thousand_usd,numeric,,2026-08-17,FDI_Eng-countries.xlsx,FDI (annual),J25,published
fdi_flows,country,m49_442,442,Luxembourg,group_eu27,country,2004,inflow,276575.71676999999000,276.57571676999999,thousand_usd,numeric,,2026-08-17,FDI_Eng-countries.xlsx,FDI (annual),K25,published
fdi_flows,country,m49_442,442,Luxembourg,group_eu27,country,2005,inflow,553059.07647000004000,553.05907647000004,thousand_usd,numeric,,2026-08-17,FDI_Eng-countries.xlsx,FDI (annual),L25,published
fdi_flows,country,m49_442,442,Luxembourg,group_eu27,country,2006,inflow,261060.27645000,261.06027645,thousand_usd,numeric,,2026-08-17,FDI_Eng-countries.xlsx,FDI (annual),M25,published
fdi_flows,country,m49_442,442,Luxembourg,group_eu27,country,2007,inflow,8480125.2107000,8480.1252107,thousand_usd,numeric,,2026-08-17,FDI_Eng-countries.xlsx,FDI (annual),N25,published
fdi_flows,country,m49_442,442,Luxembourg,group_eu27,country,2008,inflow,5731045.1849999999000,5731.0451849999999,thousand_usd,numeric,,2026-08-17,FDI_Eng-countries.xlsx,FDI (annual),O25,published
fdi_flows,country,m49_442,442,Luxembourg,group_eu27,country,2009,inflow,9496626.5000000003000,9496.6265000000003,thousand_usd,numeric,,2026-08-17,FDI_Eng-countries.xlsx,FDI (annual),P25,published
fdi_flows,country,m49_442,442,Luxembourg,group_eu27,country,2010,inflow,7059928.9999999992000,7059.9289999999992,thousand_usd,numeric,,2026-08-17,FDI_Eng-countries.xlsx,FDI (annual),Q25,published
fdi_flows,country,m49_442,442,Luxembourg,group_eu27,country,2011,inflow,43284035.400000001000,43284.035400000001,thousand_usd,numeric,,2026-08-17,FDI_Eng-countries.xlsx,FDI (annual),R25,published
fdi_flows,country,m49_442,442,Luxembourg,group_eu27,country,2012,inflow,42031618.399999999000,42031.618399999999,thousand_usd,numeric,,2026-08-17,FDI_Eng-countries.xlsx,FDI (annual),S25,published
fdi_flows,country,m49_442,442,Luxembourg,group_eu27,country,2013,inflow,91735746.400000004000,91735.746400000004,thousand_usd,numeric,,2026-08-17,FDI_Eng-countries.xlsx,FDI (annual),T25,published
fdi_flows,country,m49_442,442,Luxembourg,group_eu27,country,2014,inflow,109633130.9000,109633.1309,thousand_usd,numeric,,2026-08-17,FDI_Eng-countries.xlsx,FDI (annual),U25,published
fdi_flows,country,m49_442,442,Luxembourg,group_eu27,country,2015,inflow,127265281.30000002000,127265.28130000002,thousand_usd,numeric,,2026-08-17,FDI_Eng-countries.xlsx,FDI (annual),V25,published
fdi_flows,country,m49_442,442,Luxembourg,group_eu27,country,2016,inflow,115750361.20000001000,115750.36120000001,thousand_usd,numeric,,2026-08-17,FDI_Eng-countries.xlsx,FDI (annual),W25,published
fdi_flows,country,m49_442,442,Luxembourg,group_eu27,country,2017,inflow,103192160.00,103192.16,thousand_usd,numeric,,2026-08-17,FDI_Eng-countries.xlsx,FDI (annual),X25,published
fdi_flows,country,m49_442,442,Luxembourg,group_eu27,country,2018,inflow,50135965.500000006000,50135.965500000006,thousand_usd,numeric,,2026-08-17,FDI_Eng-countries.xlsx,FDI (annual),Y25,published
fdi_flows,country,m49_442,442,Luxembourg,group_eu27,country,2019,inflow,69590199.900000007000,69590.199900000007,thousand_usd,numeric,,2026-08-17,FDI_Eng-countries.xlsx,FDI (annual),Z25,published
fdi_flows,country,m49_442,442,Luxembourg,group_eu27,country,2020,inflow,22006400.300000001000,22006.400300000001,thousand_usd,numeric,,2026-08-17,FDI_Eng-countries.xlsx,FDI (annual),AA25,published
fdi_flows,country,m49_442,442,Luxembourg,group_eu27,country,2021,inflow,47330021.200000003000,47330.021200000003,thousand_usd,numeric,,2026-08-17,FDI_Eng-countries.xlsx,FDI (annual),AB25,published
fdi_flows,country,m49_442,442,Luxembourg,group_eu27,country,2022,inflow,23787375.999999997000,23787.375999999997,thousand_usd,numeric,,2026-08-17,FDI_Eng-countries.xlsx,FDI (annual),AC25,published
fdi_flows,country,m49_442,442,Luxembourg,group_eu27,country,2023,inflow,17400700.799999995000,17400.700799999995,thousand_usd,numeric,,2026-08-17,FDI_Eng-countries.xlsx,FDI (annual),AD25,published
fdi_flows,country,m49_442,442,Luxembourg,group_eu27,country,2024,inflow,11896551.899999999000,11896.551899999999,thousand_usd,numeric,,2026-08-17,FDI_Eng-countries.xlsx,FDI (annual),AE25,published
fdi_flows,country,m49_442,442,Luxembourg,group_eu27,country,2025,inflow,15810230.399999991000,15810.230399999991,thousand_usd,numeric,,2026-08-17,FDI_Eng-countries.xlsx,FDI (annual),AF25,published
fdi_flows,country,m49_470,470,Malta,group_eu27,country,1996,inflow,,-,thousand_usd,not_applicable,,2026-08-17,FDI_Eng-countries.xlsx,FDI (annual),C26,published
fdi_flows,country,m49_470,470,Malta,group_eu27,country,1997,inflow,,-,thousand_usd,not_applicable,,2026-08-17,FDI_Eng-countries.xlsx,FDI (annual),D26,published
fdi_flows,country,m49_470,470,Malta,group_eu27,country,1998,inflow,,-,thousand_usd,not_applicable,,2026-08-17,FDI_Eng-countries.xlsx,FDI (annual),E26,published
fdi_flows,country,m49_470,470,Malta,group_eu27,country,1999,inflow,,-,thousand_usd,not_applicable,,2026-08-17,FDI_Eng-countries.xlsx,FDI (annual),F26,published
fdi_flows,country,m49_470,470,Malta,group_eu27,country,2000,inflow,,-,thousand_usd,not_applicable,,2026-08-17,FDI_Eng-countries.xlsx,FDI (annual),G26,published
fdi_flows,country,m49_470,470,Malta,group_eu27,country,2001,inflow,,-,thousand_usd,not_applicable,,2026-08-17,FDI_Eng-countries.xlsx,FDI (annual),H26,published
fdi_flows,country,m49_470,470,Malta,group_eu27,country,2002,inflow,,-,thousand_usd,not_applicable,,2026-08-17,FDI_Eng-countries.xlsx,FDI (annual),I26,published
fdi_flows,country,m49_470,470,Malta,group_eu27,country,2003,inflow,,-,thousand_usd,not_applicable,,2026-08-17,FDI_Eng-countries.xlsx,FDI (annual),J26,published
fdi_flows,country,m49_470,470,Malta,group_eu27,country,2004,inflow,,-,thousand_usd,not_applicable,,2026-08-17,FDI_Eng-countries.xlsx,FDI (annual),K26,published
fdi_flows,country,m49_470,470,Malta,group_eu27,country,2005,inflow,,-,thousand_usd,not_applicable,,2026-08-17,FDI_Eng-countries.xlsx,FDI (annual),L26,published
fdi_flows,country,m49_470,470,Malta,group_eu27,country,2006,inflow,,-,thousand_usd,not_applicable,,2026-08-17,FDI_Eng-countries.xlsx,FDI (annual),M26,published
fdi_flows,country,m49_470,470,Malta,group_eu27,country,2007,inflow,,-,thousand_usd,not_applicable,,2026-08-17,FDI_Eng-countries.xlsx,FDI (annual),N26,published
fdi_flows,country,m49_470,470,Malta,group_eu27,country,2008,inflow,,-,thousand_usd,not_applicable,,2026-08-17,FDI_Eng-countries.xlsx,FDI (annual),O26,published
fdi_flows,country,m49_470,470,Malta,group_eu27,country,2009,inflow,,-,thousand_usd,not_applicable,,2026-08-17,FDI_Eng-countries.xlsx,FDI (annual),P26,published
fdi_flows,country,m49_470,470,Malta,group_eu27,country,2010,inflow,16767859.200000003000,16767.859200000003,thousand_usd,numeric,,2026-08-17,FDI_Eng-countries.xlsx,FDI (annual),Q26,published
fdi_flows,country,m49_470,470,Malta,group_eu27,country,2011,inflow,6788911.5600000005000,6788.9115600000005,thousand_usd,numeric,,2026-08-17,FDI_Eng-countries.xlsx,FDI (annual),R26,published
fdi_flows,country,m49_470,470,Malta,group_eu27,country,2012,inflow,32204212.399999997000,32204.212399999997,thousand_usd,numeric,,2026-08-17,FDI_Eng-countries.xlsx,FDI (annual),S26,published
fdi_flows,country,m49_470,470,Malta,group_eu27,country,2013,inflow,44301720.200000003000,44301.720200000003,thousand_usd,numeric,,2026-08-17,FDI_Eng-countries.xlsx,FDI (annual),T26,published
fdi_flows,country,m49_470,470,Malta,group_eu27,country,2014,inflow,45809036.900000006000,45809.036900000006,thousand_usd,numeric,,2026-08-17,FDI_Eng-countries.xlsx,FDI (annual),U26,published
fdi_flows,country,m49_470,470,Malta,group_eu27,country,2015,inflow,28115025.100000003000,28115.025100000003,thousand_usd,numeric,,2026-08-17,FDI_Eng-countries.xlsx,FDI (annual),V26,published
fdi_flows,country,m49_470,470,Malta,group_eu27,country,2016,inflow,29418275.200000004000,29418.275200000004,thousand_usd,numeric,,2026-08-17,FDI_Eng-countries.xlsx,FDI (annual),W26,published
fdi_flows,country,m49_470,470,Malta,group_eu27,country,2017,inflow,9984076.4000000017000,9984.0764000000017,thousand_usd,numeric,,2026-08-17,FDI_Eng-countries.xlsx,FDI (annual),X26,published
fdi_flows,country,m49_470,470,Malta,group_eu27,country,2018,inflow,24072883.999999998000,24072.883999999998,thousand_usd,numeric,,2026-08-17,FDI_Eng-countries.xlsx,FDI (annual),Y26,published
fdi_flows,country,m49_470,470,Malta,group_eu27,country,2019,inflow,6312625.3000000124000,6312.6253000000124,thousand_usd,numeric,,2026-08-17,FDI_Eng-countries.xlsx,FDI (annual),Z26,published
fdi_flows,country,m49_470,470,Malta,group_eu27,country,2020,inflow,49489949.599999993000,49489.949599999993,thousand_usd,numeric,,2026-08-17,FDI_Eng-countries.xlsx,FDI (annual),AA26,published
fdi_flows,country,m49_470,470,Malta,group_eu27,country,2021,inflow,-2839011.3000000038000,-2839.0113000000038,thousand_usd,numeric,,2026-08-17,FDI_Eng-countries.xlsx,FDI (annual),AB26,published
fdi_flows,country,m49_470,470,Malta,group_eu27,country,2022,inflow,39267193.000000007000,39267.193000000007,thousand_usd,numeric,,2026-08-17,FDI_Eng-countries.xlsx,FDI (annual),AC26,published
fdi_flows,country,m49_470,470,Malta,group_eu27,country,2023,inflow,98929405.200000008000,98929.405200000008,thousand_usd,numeric,,2026-08-17,FDI_Eng-countries.xlsx,FDI (annual),AD26,published
fdi_flows,country,m49_470,470,Malta,group_eu27,country,2024,inflow,147095250.09999998000,147095.25009999998,thousand_usd,numeric,,2026-08-17,FDI_Eng-countries.xlsx,FDI (annual),AE26,published
fdi_flows,country,m49_470,470,Malta,group_eu27,country,2025,inflow,148313837.50000002000,148313.83750000002,thousand_usd,numeric,,2026-08-17,FDI_Eng-countries.xlsx,FDI (annual),AF26,published
fdi_flows,country,m49_480,480,Mauritius,group_other,country,1996,inflow,,-,thousand_usd,not_applicable,,2026-08-17,FDI_Eng-countries.xlsx,FDI (annual),C70,published
fdi_flows,country,m49_480,480,Mauritius,group_other,country,1997,inflow,,-,thousand_usd,not_applicable,,2026-08-17,FDI_Eng-countries.xlsx,FDI (annual),D70,published
fdi_flows,country,m49_480,480,Mauritius,group_other,country,1998,inflow,,-,thousand_usd,not_applicable,,2026-08-17,FDI_Eng-countries.xlsx,FDI (annual),E70,published
fdi_flows,country,m49_480,480,Mauritius,group_other,country,1999,inflow,,-,thousand_usd,not_applicable,,2026-08-17,FDI_Eng-countries.xlsx,FDI (annual),F70,published
fdi_flows,country,m49_480,480,Mauritius,group_other,country,2000,inflow,,-,thousand_usd,not_applicable,,2026-08-17,FDI_Eng-countries.xlsx,FDI (annual),G70,published
fdi_flows,country,m49_480,480,Mauritius,group_other,country,2001,inflow,,-,thousand_usd,not_applicable,,2026-08-17,FDI_Eng-countries.xlsx,FDI (annual),H70,published
fdi_flows,country,m49_480,480,Mauritius,group_other,country,2002,inflow,,-,thousand_usd,not_applicable,,2026-08-17,FDI_Eng-countries.xlsx,FDI (annual),I70,published
fdi_flows,country,m49_480,480,Mauritius,group_other,country,2003,inflow,,-,thousand_usd,not_applicable,,2026-08-17,FDI_Eng-countries.xlsx,FDI (annual),J70,published
fdi_flows,country,m49_480,480,Mauritius,group_other,country,2004,inflow,,-,thousand_usd,not_applicable,,2026-08-17,FDI_Eng-countries.xlsx,FDI (annual),K70,published
fdi_flows,country,m49_480,480,Mauritius,group_other,country,2005,inflow,,-,thousand_usd,not_applicable,,2026-08-17,FDI_Eng-countries.xlsx,FDI (annual),L70,published
fdi_flows,country,m49_480,480,Mauritius,group_other,country,2006,inflow,,-,thousand_usd,not_applicable,,2026-08-17,FDI_Eng-countries.xlsx,FDI (annual),M70,published
fdi_flows,country,m49_480,480,Mauritius,group_other,country,2007,inflow,,-,thousand_usd,not_applicable,,2026-08-17,FDI_Eng-countries.xlsx,FDI (annual),N70,published
fdi_flows,country,m49_480,480,Mauritius,group_other,country,2008,inflow,,-,thousand_usd,not_applicable,,2026-08-17,FDI_Eng-countries.xlsx,FDI (annual),O70,published
fdi_flows,country,m49_480,480,Mauritius,group_other,country,2009,inflow,,-,thousand_usd,not_applicable,,2026-08-17,FDI_Eng-countries.xlsx,FDI (annual),P70,published
fdi_flows,country,m49_480,480,Mauritius,group_other,country,2010,inflow,-98511.100000000013000,-98.511100000000013,thousand_usd,numeric,,2026-08-17,FDI_Eng-countries.xlsx,FDI (annual),Q70,published
fdi_flows,country,m49_480,480,Mauritius,group_other,country,2011,inflow,13701431.900000001000,13701.431900000001,thousand_usd,numeric,,2026-08-17,FDI_Eng-countries.xlsx,FDI (annual),R70,published
fdi_flows,country,m49_480,480,Mauritius,group_other,country,2012,inflow,5029435.9000000013000,5029.4359000000013,thousand_usd,numeric,,2026-08-17,FDI_Eng-countries.xlsx,FDI (annual),S70,published
fdi_flows,country,m49_480,480,Mauritius,group_other,country,2013,inflow,5003436.7000000002000,5003.4367000000002,thousand_usd,numeric,,2026-08-17,FDI_Eng-countries.xlsx,FDI (annual),T70,published
fdi_flows,country,m49_480,480,Mauritius,group_other,country,2014,inflow,813478.39999999997000,813.47839999999997,thousand_usd,numeric,,2026-08-17,FDI_Eng-countries.xlsx,FDI (annual),U70,published
fdi_flows,country,m49_480,480,Mauritius,group_other,country,2015,inflow,3250273.3999999996000,3250.2733999999996,thousand_usd,numeric,,2026-08-17,FDI_Eng-countries.xlsx,FDI (annual),V70,published
fdi_flows,country,m49_480,480,Mauritius,group_other,country,2016,inflow,6162858.2999999999000,6162.8582999999999,thousand_usd,numeric,,2026-08-17,FDI_Eng-countries.xlsx,FDI (annual),W70,published
fdi_flows,country,m49_480,480,Mauritius,group_other,country,2017,inflow,-7804530.6000,-7804.5306,thousand_usd,numeric,,2026-08-17,FDI_Eng-countries.xlsx,FDI (annual),X70,published
fdi_flows,country,m49_480,480,Mauritius,group_other,country,2018,inflow,1653575.8999999998000,1653.5758999999998,thousand_usd,numeric,,2026-08-17,FDI_Eng-countries.xlsx,FDI (annual),Y70,published
fdi_flows,country,m49_480,480,Mauritius,group_other,country,2019,inflow,4032222.9000000002000,4032.2229000000002,thousand_usd,numeric,,2026-08-17,FDI_Eng-countries.xlsx,FDI (annual),Z70,published
fdi_flows,country,m49_480,480,Mauritius,group_other,country,2020,inflow,-488003.00000000004000,-488.00300000000004,thousand_usd,numeric,,2026-08-17,FDI_Eng-countries.xlsx,FDI (annual),AA70,published
fdi_flows,country,m49_480,480,Mauritius,group_other,country,2021,inflow,736785.90000000008000,736.78590000000008,thousand_usd,numeric,,2026-08-17,FDI_Eng-countries.xlsx,FDI (annual),AB70,published
fdi_flows,country,m49_480,480,Mauritius,group_other,country,2022,inflow,-1832120.5000,-1832.1205,thousand_usd,numeric,,2026-08-17,FDI_Eng-countries.xlsx,FDI (annual),AC70,published
fdi_flows,country,m49_480,480,Mauritius,group_other,country,2023,inflow,417212.59999999995000,417.21259999999995,thousand_usd,numeric,,2026-08-17,FDI_Eng-countries.xlsx,FDI (annual),AD70,published
fdi_flows,country,m49_480,480,Mauritius,group_other,country,2024,inflow,1555288.8999999998000,1555.2888999999998,thousand_usd,numeric,,2026-08-17,FDI_Eng-countries.xlsx,FDI (annual),AE70,published
fdi_flows,country,m49_480,480,Mauritius,group_other,country,2025,inflow,2126067.6999999996000,2126.0676999999996,thousand_usd,numeric,,2026-08-17,FDI_Eng-countries.xlsx,FDI (annual),AF70,published
fdi_flows,country,m49_498,498,Moldova,group_cis,country,1996,inflow,,-,thousand_usd,not_applicable,,2026-08-17,FDI_Eng-countries.xlsx,FDI (annual),C42,published
fdi_flows,country,m49_498,498,Moldova,group_cis,country,1997,inflow,,-,thousand_usd,not_applicable,,2026-08-17,FDI_Eng-countries.xlsx,FDI (annual),D42,published
fdi_flows,country,m49_498,498,Moldova,group_cis,country,1998,inflow,,-,thousand_usd,not_applicable,,2026-08-17,FDI_Eng-countries.xlsx,FDI (annual),E42,published
fdi_flows,country,m49_498,498,Moldova,group_cis,country,1999,inflow,,-,thousand_usd,not_applicable,,2026-08-17,FDI_Eng-countries.xlsx,FDI (annual),F42,published
fdi_flows,country,m49_498,498,Moldova,group_cis,country,2000,inflow,,-,thousand_usd,not_applicable,,2026-08-17,FDI_Eng-countries.xlsx,FDI (annual),G42,published
fdi_flows,country,m49_498,498,Moldova,group_cis,country,2001,inflow,,-,thousand_usd,not_applicable,,2026-08-17,FDI_Eng-countries.xlsx,FDI (annual),H42,published
fdi_flows,country,m49_498,498,Moldova,group_cis,country,2002,inflow,,-,thousand_usd,not_applicable,,2026-08-17,FDI_Eng-countries.xlsx,FDI (annual),I42,published
fdi_flows,country,m49_498,498,Moldova,group_cis,country,2003,inflow,,-,thousand_usd,not_applicable,,2026-08-17,FDI_Eng-countries.xlsx,FDI (annual),J42,published
fdi_flows,country,m49_498,498,Moldova,group_cis,country,2004,inflow,,-,thousand_usd,not_applicable,,2026-08-17,FDI_Eng-countries.xlsx,FDI (annual),K42,published
fdi_flows,country,m49_498,498,Moldova,group_cis,country,2005,inflow,,-,thousand_usd,not_applicable,,2026-08-17,FDI_Eng-countries.xlsx,FDI (annual),L42,published
fdi_flows,country,m49_498,498,Moldova,group_cis,country,2006,inflow,,-,thousand_usd,not_applicable,,2026-08-17,FDI_Eng-countries.xlsx,FDI (annual),M42,published
fdi_flows,country,m49_498,498,Moldova,group_cis,country,2007,inflow,,-,thousand_usd,not_applicable,,2026-08-17,FDI_Eng-countries.xlsx,FDI (annual),N42,published
fdi_flows,country,m49_498,498,Moldova,group_cis,country,2008,inflow,,-,thousand_usd,not_applicable,,2026-08-17,FDI_Eng-countries.xlsx,FDI (annual),O42,published
fdi_flows,country,m49_498,498,Moldova,group_cis,country,2009,inflow,-84815.899999999999000,-84.815899999999999,thousand_usd,numeric,,2026-08-17,FDI_Eng-countries.xlsx,FDI (annual),P42,published
fdi_flows,country,m49_498,498,Moldova,group_cis,country,2010,inflow,,-,thousand_usd,not_applicable,,2026-08-17,FDI_Eng-countries.xlsx,FDI (annual),Q42,published
fdi_flows,country,m49_498,498,Moldova,group_cis,country,2011,inflow,41941.400000000002000,41.941400000000002,thousand_usd,numeric,,2026-08-17,FDI_Eng-countries.xlsx,FDI (annual),R42,published
fdi_flows,country,m49_498,498,Moldova,group_cis,country,2012,inflow,-103760.8000,-103.7608,thousand_usd,numeric,,2026-08-17,FDI_Eng-countries.xlsx,FDI (annual),S42,published
fdi_flows,country,m49_498,498,Moldova,group_cis,country,2013,inflow,-766951.79999999993000,-766.95179999999993,thousand_usd,numeric,,2026-08-17,FDI_Eng-countries.xlsx,FDI (annual),T42,published
fdi_flows,country,m49_498,498,Moldova,group_cis,country,2014,inflow,-227832.1000,-227.8321,thousand_usd,numeric,,2026-08-17,FDI_Eng-countries.xlsx,FDI (annual),U42,published
fdi_flows,country,m49_498,498,Moldova,group_cis,country,2015,inflow,-248186.90000000004000,-248.18690000000004,thousand_usd,numeric,,2026-08-17,FDI_Eng-countries.xlsx,FDI (annual),V42,published
fdi_flows,country,m49_498,498,Moldova,group_cis,country,2016,inflow,-22980.300000000007000,-22.980300000000007,thousand_usd,numeric,,2026-08-17,FDI_Eng-countries.xlsx,FDI (annual),W42,published
fdi_flows,country,m49_498,498,Moldova,group_cis,country,2017,inflow,43558.799999999998000,43.558799999999998,thousand_usd,numeric,,2026-08-17,FDI_Eng-countries.xlsx,FDI (annual),X42,published
fdi_flows,country,m49_498,498,Moldova,group_cis,country,2018,inflow,79142.400000000009000,79.142400000000009,thousand_usd,numeric,,2026-08-17,FDI_Eng-countries.xlsx,FDI (annual),Y42,published
fdi_flows,country,m49_498,498,Moldova,group_cis,country,2019,inflow,18945.000000000004000,18.945000000000004,thousand_usd,numeric,,2026-08-17,FDI_Eng-countries.xlsx,FDI (annual),Z42,published
fdi_flows,country,m49_498,498,Moldova,group_cis,country,2020,inflow,34191.099999999999000,34.191099999999999,thousand_usd,numeric,,2026-08-17,FDI_Eng-countries.xlsx,FDI (annual),AA42,published
fdi_flows,country,m49_498,498,Moldova,group_cis,country,2021,inflow,412924.49999999997000,412.92449999999997,thousand_usd,numeric,,2026-08-17,FDI_Eng-countries.xlsx,FDI (annual),AB42,published
fdi_flows,country,m49_498,498,Moldova,group_cis,country,2022,inflow,125827.4000,125.8274,thousand_usd,numeric,,2026-08-17,FDI_Eng-countries.xlsx,FDI (annual),AC42,published
fdi_flows,country,m49_498,498,Moldova,group_cis,country,2023,inflow,509246.79999999995000,509.24679999999995,thousand_usd,numeric,,2026-08-17,FDI_Eng-countries.xlsx,FDI (annual),AD42,published
fdi_flows,country,m49_498,498,Moldova,group_cis,country,2024,inflow,60887.000,60.887,thousand_usd,numeric,,2026-08-17,FDI_Eng-countries.xlsx,FDI (annual),AE42,published
fdi_flows,country,m49_498,498,Moldova,group_cis,country,2025,inflow,520378.50000000003000,520.37850000000003,thousand_usd,numeric,,2026-08-17,FDI_Eng-countries.xlsx,FDI (annual),AF42,published
fdi_flows,country,m49_528,528,Netherlands,group_eu27,country,1996,inflow,,-,thousand_usd,not_applicable,,2026-08-17,FDI_Eng-countries.xlsx,FDI (annual),C27,published
fdi_flows,country,m49_528,528,Netherlands,group_eu27,country,1997,inflow,,-,thousand_usd,not_applicable,,2026-08-17,FDI_Eng-countries.xlsx,FDI (annual),D27,published
fdi_flows,country,m49_528,528,Netherlands,group_eu27,country,1998,inflow,,-,thousand_usd,not_applicable,,2026-08-17,FDI_Eng-countries.xlsx,FDI (annual),E27,published
fdi_flows,country,m49_528,528,Netherlands,group_eu27,country,1999,inflow,,-,thousand_usd,not_applicable,,2026-08-17,FDI_Eng-countries.xlsx,FDI (annual),F27,published
fdi_flows,country,m49_528,528,Netherlands,group_eu27,country,2000,inflow,4422138.1858000004000,4422.1381858000004,thousand_usd,numeric,,2026-08-17,FDI_Eng-countries.xlsx,FDI (annual),G27,published
fdi_flows,country,m49_528,528,Netherlands,group_eu27,country,2001,inflow,1500603.1406000,1500.6031406,thousand_usd,numeric,,2026-08-17,FDI_Eng-countries.xlsx,FDI (annual),H27,published
fdi_flows,country,m49_528,528,Netherlands,group_eu27,country,2002,inflow,80402.4000,80.4024,thousand_usd,numeric,,2026-08-17,FDI_Eng-countries.xlsx,FDI (annual),I27,published
fdi_flows,country,m49_528,528,Netherlands,group_eu27,country,2003,inflow,143861.95000000001000,143.86195000000001,thousand_usd,numeric,,2026-08-17,FDI_Eng-countries.xlsx,FDI (annual),J27,published
fdi_flows,country,m49_528,528,Netherlands,group_eu27,country,2004,inflow,35615.629999999996000,35.615629999999996,thousand_usd,numeric,,2026-08-17,FDI_Eng-countries.xlsx,FDI (annual),K27,published
fdi_flows,country,m49_528,528,Netherlands,group_eu27,country,2005,inflow,632007.73225000,632.00773225,thousand_usd,numeric,,2026-08-17,FDI_Eng-countries.xlsx,FDI (annual),L27,published
fdi_flows,country,m49_528,528,Netherlands,group_eu27,country,2006,inflow,69405609.353999986000,69405.609353999986,thousand_usd,numeric,,2026-08-17,FDI_Eng-countries.xlsx,FDI (annual),M27,published
fdi_flows,country,m49_528,528,Netherlands,group_eu27,country,2007,inflow,274706796.91000003000,274706.79691000003,thousand_usd,numeric,,2026-08-17,FDI_Eng-countries.xlsx,FDI (annual),N27,published
fdi_flows,country,m49_528,528,Netherlands,group_eu27,country,2008,inflow,138706523.502000,138706.523502,thousand_usd,numeric,,2026-08-17,FDI_Eng-countries.xlsx,FDI (annual),O27,published
fdi_flows,country,m49_528,528,Netherlands,group_eu27,country,2009,inflow,34324985.112800001000,34324.985112800001,thousand_usd,numeric,,2026-08-17,FDI_Eng-countries.xlsx,FDI (annual),P27,published
fdi_flows,country,m49_528,528,Netherlands,group_eu27,country,2010,inflow,73008939.530500211000,73008.939530500211,thousand_usd,numeric,,2026-08-17,FDI_Eng-countries.xlsx,FDI (annual),Q27,published
fdi_flows,country,m49_528,528,Netherlands,group_eu27,country,2011,inflow,244536257.83875003000,244536.25783875003,thousand_usd,numeric,,2026-08-17,FDI_Eng-countries.xlsx,FDI (annual),R27,published
fdi_flows,country,m49_528,528,Netherlands,group_eu27,country,2012,inflow,34210311.291500017000,34210.311291500017,thousand_usd,numeric,,2026-08-17,FDI_Eng-countries.xlsx,FDI (annual),S27,published
fdi_flows,country,m49_528,528,Netherlands,group_eu27,country,2013,inflow,159181128.74856865000,159181.12874856865,thousand_usd,numeric,,2026-08-17,FDI_Eng-countries.xlsx,FDI (annual),T27,published
fdi_flows,country,m49_528,528,Netherlands,group_eu27,country,2014,inflow,420490832.15626166000,420490.83215626166,thousand_usd,numeric,,2026-08-17,FDI_Eng-countries.xlsx,FDI (annual),U27,published
fdi_flows,country,m49_528,528,Netherlands,group_eu27,country,2015,inflow,164899074.52857299000,164899.07452857299,thousand_usd,numeric,,2026-08-17,FDI_Eng-countries.xlsx,FDI (annual),V27,published
fdi_flows,country,m49_528,528,Netherlands,group_eu27,country,2016,inflow,77343811.499999807000,77343.811499999807,thousand_usd,numeric,,2026-08-17,FDI_Eng-countries.xlsx,FDI (annual),W27,published
fdi_flows,country,m49_528,528,Netherlands,group_eu27,country,2017,inflow,356181662.9000,356181.6629,thousand_usd,numeric,,2026-08-17,FDI_Eng-countries.xlsx,FDI (annual),X27,published
fdi_flows,country,m49_528,528,Netherlands,group_eu27,country,2018,inflow,212637935.20000004000,212637.93520000004,thousand_usd,numeric,,2026-08-17,FDI_Eng-countries.xlsx,FDI (annual),Y27,published
fdi_flows,country,m49_528,528,Netherlands,group_eu27,country,2019,inflow,88178688.099999898000,88178.688099999898,thousand_usd,numeric,,2026-08-17,FDI_Eng-countries.xlsx,FDI (annual),Z27,published
fdi_flows,country,m49_528,528,Netherlands,group_eu27,country,2020,inflow,211437567.3000,211437.5673,thousand_usd,numeric,,2026-08-17,FDI_Eng-countries.xlsx,FDI (annual),AA27,published
fdi_flows,country,m49_528,528,Netherlands,group_eu27,country,2021,inflow,162905628.40000002000,162905.62840000002,thousand_usd,numeric,,2026-08-17,FDI_Eng-countries.xlsx,FDI (annual),AB27,published
fdi_flows,country,m49_528,528,Netherlands,group_eu27,country,2022,inflow,199533839.79999999000,199533.83979999999,thousand_usd,numeric,,2026-08-17,FDI_Eng-countries.xlsx,FDI (annual),AC27,published
fdi_flows,country,m49_528,528,Netherlands,group_eu27,country,2023,inflow,367824402.000,367824.402,thousand_usd,numeric,,2026-08-17,FDI_Eng-countries.xlsx,FDI (annual),AD27,published
fdi_flows,country,m49_528,528,Netherlands,group_eu27,country,2024,inflow,231456505.000,231456.505,thousand_usd,numeric,,2026-08-17,FDI_Eng-countries.xlsx,FDI (annual),AE27,published
fdi_flows,country,m49_528,528,Netherlands,group_eu27,country,2025,inflow,136835660.80000001000,136835.66080000001,thousand_usd,numeric,,2026-08-17,FDI_Eng-countries.xlsx,FDI (annual),AF27,published
fdi_flows,country,m49_578,578,Norway,group_other,country,1996,inflow,,-,thousand_usd,not_applicable,,2026-08-17,FDI_Eng-countries.xlsx,FDI (annual),C71,published
fdi_flows,country,m49_578,578,Norway,group_other,country,1997,inflow,10955165.981000,10955.165981,thousand_usd,numeric,,2026-08-17,FDI_Eng-countries.xlsx,FDI (annual),D71,published
fdi_flows,country,m49_578,578,Norway,group_other,country,1998,inflow,11065616.163000001000,11065.616163000001,thousand_usd,numeric,,2026-08-17,FDI_Eng-countries.xlsx,FDI (annual),E71,published
fdi_flows,country,m49_578,578,Norway,group_other,country,1999,inflow,,-,thousand_usd,not_applicable,,2026-08-17,FDI_Eng-countries.xlsx,FDI (annual),F71,published
fdi_flows,country,m49_578,578,Norway,group_other,country,2000,inflow,,-,thousand_usd,not_applicable,,2026-08-17,FDI_Eng-countries.xlsx,FDI (annual),G71,published
fdi_flows,country,m49_578,578,Norway,group_other,country,2001,inflow,,-,thousand_usd,not_applicable,,2026-08-17,FDI_Eng-countries.xlsx,FDI (annual),H71,published
fdi_flows,country,m49_578,578,Norway,group_other,country,2002,inflow,2194343.9906000003000,2194.3439906000003,thousand_usd,numeric,,2026-08-17,FDI_Eng-countries.xlsx,FDI (annual),I71,published
fdi_flows,country,m49_578,578,Norway,group_other,country,2003,inflow,10462969.168000,10462.969168,thousand_usd,numeric,,2026-08-17,FDI_Eng-countries.xlsx,FDI (annual),J71,published
fdi_flows,country,m49_578,578,Norway,group_other,country,2004,inflow,36697418.369999999000,36697.418369999999,thousand_usd,numeric,,2026-08-17,FDI_Eng-countries.xlsx,FDI (annual),K71,published
fdi_flows,country,m49_578,578,Norway,group_other,country,2005,inflow,22821608.714000002000,22821.608714000002,thousand_usd,numeric,,2026-08-17,FDI_Eng-countries.xlsx,FDI (annual),L71,published
fdi_flows,country,m49_578,578,Norway,group_other,country,2006,inflow,75925522.734000013000,75925.522734000013,thousand_usd,numeric,,2026-08-17,FDI_Eng-countries.xlsx,FDI (annual),M71,published
fdi_flows,country,m49_578,578,Norway,group_other,country,2007,inflow,23063474.448000001000,23063.474448000001,thousand_usd,numeric,,2026-08-17,FDI_Eng-countries.xlsx,FDI (annual),N71,published
fdi_flows,country,m49_578,578,Norway,group_other,country,2008,inflow,1965553.6267986026000,1965.5536267986026,thousand_usd,numeric,,2026-08-17,FDI_Eng-countries.xlsx,FDI (annual),O71,published
fdi_flows,country,m49_578,578,Norway,group_other,country,2009,inflow,1131363.0048380001000,1131.3630048380001,thousand_usd,numeric,,2026-08-17,FDI_Eng-countries.xlsx,FDI (annual),P71,published
fdi_flows,country,m49_578,578,Norway,group_other,country,2010,inflow,2022578.3999999996000,2022.5783999999996,thousand_usd,numeric,,2026-08-17,FDI_Eng-countries.xlsx,FDI (annual),Q71,published
fdi_flows,country,m49_578,578,Norway,group_other,country,2011,inflow,3048948.8000000001000,3048.9488000000001,thousand_usd,numeric,,2026-08-17,FDI_Eng-countries.xlsx,FDI (annual),R71,published
fdi_flows,country,m49_578,578,Norway,group_other,country,2012,inflow,4120182.2999999995000,4120.1822999999995,thousand_usd,numeric,,2026-08-17,FDI_Eng-countries.xlsx,FDI (annual),S71,published
fdi_flows,country,m49_578,578,Norway,group_other,country,2013,inflow,3239756.5210483003000,3239.7565210483003,thousand_usd,numeric,,2026-08-17,FDI_Eng-countries.xlsx,FDI (annual),T71,published
fdi_flows,country,m49_578,578,Norway,group_other,country,2014,inflow,449067.30847159997000,449.06730847159997,thousand_usd,numeric,,2026-08-17,FDI_Eng-countries.xlsx,FDI (annual),U71,published
fdi_flows,country,m49_578,578,Norway,group_other,country,2015,inflow,343375.96469819999000,343.37596469819999,thousand_usd,numeric,,2026-08-17,FDI_Eng-countries.xlsx,FDI (annual),V71,published
fdi_flows,country,m49_578,578,Norway,group_other,country,2016,inflow,-2056171.3000,-2056.1713,thousand_usd,numeric,,2026-08-17,FDI_Eng-countries.xlsx,FDI (annual),W71,published
fdi_flows,country,m49_578,578,Norway,group_other,country,2017,inflow,730670.79999999999000,730.67079999999999,thousand_usd,numeric,,2026-08-17,FDI_Eng-countries.xlsx,FDI (annual),X71,published
fdi_flows,country,m49_578,578,Norway,group_other,country,2018,inflow,5687340.2999999989000,5687.3402999999989,thousand_usd,numeric,,2026-08-17,FDI_Eng-countries.xlsx,FDI (annual),Y71,published
fdi_flows,country,m49_578,578,Norway,group_other,country,2019,inflow,-89965.200000000038000,-89.965200000000038,thousand_usd,numeric,,2026-08-17,FDI_Eng-countries.xlsx,FDI (annual),Z71,published
fdi_flows,country,m49_578,578,Norway,group_other,country,2020,inflow,1144626.2000000002000,1144.6262000000002,thousand_usd,numeric,,2026-08-17,FDI_Eng-countries.xlsx,FDI (annual),AA71,published
fdi_flows,country,m49_578,578,Norway,group_other,country,2021,inflow,986338.99999999994000,986.33899999999994,thousand_usd,numeric,,2026-08-17,FDI_Eng-countries.xlsx,FDI (annual),AB71,published
fdi_flows,country,m49_578,578,Norway,group_other,country,2022,inflow,189039.7999999999000,189.0397999999999,thousand_usd,numeric,,2026-08-17,FDI_Eng-countries.xlsx,FDI (annual),AC71,published
fdi_flows,country,m49_578,578,Norway,group_other,country,2023,inflow,-167592.99999999999000,-167.59299999999999,thousand_usd,numeric,,2026-08-17,FDI_Eng-countries.xlsx,FDI (annual),AD71,published
fdi_flows,country,m49_578,578,Norway,group_other,country,2024,inflow,176094.69999999996000,176.09469999999996,thousand_usd,numeric,,2026-08-17,FDI_Eng-countries.xlsx,FDI (annual),AE71,published
fdi_flows,country,m49_578,578,Norway,group_other,country,2025,inflow,179059.000,179.059,thousand_usd,numeric,,2026-08-17,FDI_Eng-countries.xlsx,FDI (annual),AF71,published
fdi_flows,country,m49_584,584,Marshall Islands,group_other,country,1996,inflow,,-,thousand_usd,not_applicable,,2026-08-17,FDI_Eng-countries.xlsx,FDI (annual),C72,published
fdi_flows,country,m49_584,584,Marshall Islands,group_other,country,1997,inflow,,-,thousand_usd,not_applicable,,2026-08-17,FDI_Eng-countries.xlsx,FDI (annual),D72,published
fdi_flows,country,m49_584,584,Marshall Islands,group_other,country,1998,inflow,,-,thousand_usd,not_applicable,,2026-08-17,FDI_Eng-countries.xlsx,FDI (annual),E72,published
fdi_flows,country,m49_584,584,Marshall Islands,group_other,country,1999,inflow,,-,thousand_usd,not_applicable,,2026-08-17,FDI_Eng-countries.xlsx,FDI (annual),F72,published
fdi_flows,country,m49_584,584,Marshall Islands,group_other,country,2000,inflow,,-,thousand_usd,not_applicable,,2026-08-17,FDI_Eng-countries.xlsx,FDI (annual),G72,published
fdi_flows,country,m49_584,584,Marshall Islands,group_other,country,2001,inflow,,-,thousand_usd,not_applicable,,2026-08-17,FDI_Eng-countries.xlsx,FDI (annual),H72,published
fdi_flows,country,m49_584,584,Marshall Islands,group_other,country,2002,inflow,,-,thousand_usd,not_applicable,,2026-08-17,FDI_Eng-countries.xlsx,FDI (annual),I72,published
fdi_flows,country,m49_584,584,Marshall Islands,group_other,country,2003,inflow,,-,thousand_usd,not_applicable,,2026-08-17,FDI_Eng-countries.xlsx,FDI (annual),J72,published
fdi_flows,country,m49_584,584,Marshall Islands,group_other,country,2004,inflow,,-,thousand_usd,not_applicable,,2026-08-17,FDI_Eng-countries.xlsx,FDI (annual),K72,published
fdi_flows,country,m49_584,584,Marshall Islands,group_other,country,2005,inflow,,-,thousand_usd,not_applicable,,2026-08-17,FDI_Eng-countries.xlsx,FDI (annual),L72,published
fdi_flows,country,m49_584,584,Marshall Islands,group_other,country,2006,inflow,3197700.0,3197.7,thousand_usd,numeric,,2026-08-17,FDI_Eng-countries.xlsx,FDI (annual),M72,published
fdi_flows,country,m49_584,584,Marshall Islands,group_other,country,2007,inflow,1309255.1195000001000,1309.2551195000001,thousand_usd,numeric,,2026-08-17,FDI_Eng-countries.xlsx,FDI (annual),N72,published
fdi_flows,country,m49_584,584,Marshall Islands,group_other,country,2008,inflow,1742100.3495000,1742.1003495,thousand_usd,numeric,,2026-08-17,FDI_Eng-countries.xlsx,FDI (annual),O72,published
fdi_flows,country,m49_584,584,Marshall Islands,group_other,country,2009,inflow,6484685.0999999997000,6484.6850999999997,thousand_usd,numeric,,2026-08-17,FDI_Eng-countries.xlsx,FDI (annual),P72,published
fdi_flows,country,m49_584,584,Marshall Islands,group_other,country,2010,inflow,10338807.168199999000,10338.807168199999,thousand_usd,numeric,,2026-08-17,FDI_Eng-countries.xlsx,FDI (annual),Q72,published
fdi_flows,country,m49_584,584,Marshall Islands,group_other,country,2011,inflow,9055097.7999999996000,9055.0977999999996,thousand_usd,numeric,,2026-08-17,FDI_Eng-countries.xlsx,FDI (annual),R72,published
fdi_flows,country,m49_584,584,Marshall Islands,group_other,country,2012,inflow,8384504.9282000,8384.5049282,thousand_usd,numeric,,2026-08-17,FDI_Eng-countries.xlsx,FDI (annual),S72,published
fdi_flows,country,m49_584,584,Marshall Islands,group_other,country,2013,inflow,-589307.09999999908000,-589.30709999999908,thousand_usd,numeric,,2026-08-17,FDI_Eng-countries.xlsx,FDI (annual),T72,published
fdi_flows,country,m49_584,584,Marshall Islands,group_other,country,2014,inflow,3465783.3999999998000,3465.7833999999998,thousand_usd,numeric,,2026-08-17,FDI_Eng-countries.xlsx,FDI (annual),U72,published
fdi_flows,country,m49_584,584,Marshall Islands,group_other,country,2015,inflow,6939987.799999999000,6939.987799999999,thousand_usd,numeric,,2026-08-17,FDI_Eng-countries.xlsx,FDI (annual),V72,published
fdi_flows,country,m49_584,584,Marshall Islands,group_other,country,2016,inflow,4182933.6000000003000,4182.9336000000003,thousand_usd,numeric,,2026-08-17,FDI_Eng-countries.xlsx,FDI (annual),W72,published
fdi_flows,country,m49_584,584,Marshall Islands,group_other,country,2017,inflow,2861789.5999999992000,2861.7895999999992,thousand_usd,numeric,,2026-08-17,FDI_Eng-countries.xlsx,FDI (annual),X72,published
fdi_flows,country,m49_584,584,Marshall Islands,group_other,country,2018,inflow,1862950.6000000001000,1862.9506000000001,thousand_usd,numeric,,2026-08-17,FDI_Eng-countries.xlsx,FDI (annual),Y72,published
fdi_flows,country,m49_584,584,Marshall Islands,group_other,country,2019,inflow,34074694.899999988000,34074.694899999988,thousand_usd,numeric,,2026-08-17,FDI_Eng-countries.xlsx,FDI (annual),Z72,published
fdi_flows,country,m49_584,584,Marshall Islands,group_other,country,2020,inflow,6909046.3000000018000,6909.0463000000018,thousand_usd,numeric,,2026-08-17,FDI_Eng-countries.xlsx,FDI (annual),AA72,published
fdi_flows,country,m49_584,584,Marshall Islands,group_other,country,2021,inflow,19452466.000,19452.466,thousand_usd,numeric,,2026-08-17,FDI_Eng-countries.xlsx,FDI (annual),AB72,published
fdi_flows,country,m49_584,584,Marshall Islands,group_other,country,2022,inflow,37779837.000,37779.837,thousand_usd,numeric,,2026-08-17,FDI_Eng-countries.xlsx,FDI (annual),AC72,published
fdi_flows,country,m49_584,584,Marshall Islands,group_other,country,2023,inflow,35604959.999999999000,35604.959999999999,thousand_usd,numeric,,2026-08-17,FDI_Eng-countries.xlsx,FDI (annual),AD72,published
fdi_flows,country,m49_584,584,Marshall Islands,group_other,country,2024,inflow,35888136.199999994000,35888.136199999994,thousand_usd,numeric,,2026-08-17,FDI_Eng-countries.xlsx,FDI (annual),AE72,published
fdi_flows,country,m49_584,584,Marshall Islands,group_other,country,2025,inflow,33582555.899999992000,33582.555899999992,thousand_usd,numeric,,2026-08-17,FDI_Eng-countries.xlsx,FDI (annual),AF72,published
fdi_flows,country,m49_591,591,Panama,group_other,country,1996,inflow,,-,thousand_usd,not_applicable,,2026-08-17,FDI_Eng-countries.xlsx,FDI (annual),C73,published
fdi_flows,country,m49_591,591,Panama,group_other,country,1997,inflow,,-,thousand_usd,not_applicable,,2026-08-17,FDI_Eng-countries.xlsx,FDI (annual),D73,published
fdi_flows,country,m49_591,591,Panama,group_other,country,1998,inflow,,-,thousand_usd,not_applicable,,2026-08-17,FDI_Eng-countries.xlsx,FDI (annual),E73,published
fdi_flows,country,m49_591,591,Panama,group_other,country,1999,inflow,,-,thousand_usd,not_applicable,,2026-08-17,FDI_Eng-countries.xlsx,FDI (annual),F73,published
fdi_flows,country,m49_591,591,Panama,group_other,country,2000,inflow,,-,thousand_usd,not_applicable,,2026-08-17,FDI_Eng-countries.xlsx,FDI (annual),G73,published
fdi_flows,country,m49_591,591,Panama,group_other,country,2001,inflow,,-,thousand_usd,not_applicable,,2026-08-17,FDI_Eng-countries.xlsx,FDI (annual),H73,published
fdi_flows,country,m49_591,591,Panama,group_other,country,2002,inflow,,-,thousand_usd,not_applicable,,2026-08-17,FDI_Eng-countries.xlsx,FDI (annual),I73,published
fdi_flows,country,m49_591,591,Panama,group_other,country,2003,inflow,,-,thousand_usd,not_applicable,,2026-08-17,FDI_Eng-countries.xlsx,FDI (annual),J73,published
fdi_flows,country,m49_591,591,Panama,group_other,country,2004,inflow,,-,thousand_usd,not_applicable,,2026-08-17,FDI_Eng-countries.xlsx,FDI (annual),K73,published
fdi_flows,country,m49_591,591,Panama,group_other,country,2005,inflow,,-,thousand_usd,not_applicable,,2026-08-17,FDI_Eng-countries.xlsx,FDI (annual),L73,published
fdi_flows,country,m49_591,591,Panama,group_other,country,2006,inflow,4493763.4909199996000,4493.7634909199996,thousand_usd,numeric,,2026-08-17,FDI_Eng-countries.xlsx,FDI (annual),M73,published
fdi_flows,country,m49_591,591,Panama,group_other,country,2007,inflow,5649890.7891999997000,5649.8907891999997,thousand_usd,numeric,,2026-08-17,FDI_Eng-countries.xlsx,FDI (annual),N73,published
fdi_flows,country,m49_591,591,Panama,group_other,country,2008,inflow,-2470040.285000,-2470.040285,thousand_usd,numeric,,2026-08-17,FDI_Eng-countries.xlsx,FDI (annual),O73,published
fdi_flows,country,m49_591,591,Panama,group_other,country,2009,inflow,74742194.900000002000,74742.194900000002,thousand_usd,numeric,,2026-08-17,FDI_Eng-countries.xlsx,FDI (annual),P73,published
fdi_flows,country,m49_591,591,Panama,group_other,country,2010,inflow,-5024983.0000000002000,-5024.9830000000002,thousand_usd,numeric,,2026-08-17,FDI_Eng-countries.xlsx,FDI (annual),Q73,published
fdi_flows,country,m49_591,591,Panama,group_other,country,2011,inflow,2181511.0000000004000,2181.5110000000004,thousand_usd,numeric,,2026-08-17,FDI_Eng-countries.xlsx,FDI (annual),R73,published
fdi_flows,country,m49_591,591,Panama,group_other,country,2012,inflow,10685019.3000,10685.0193,thousand_usd,numeric,,2026-08-17,FDI_Eng-countries.xlsx,FDI (annual),S73,published
fdi_flows,country,m49_591,591,Panama,group_other,country,2013,inflow,25750032.999999999000,25750.032999999999,thousand_usd,numeric,,2026-08-17,FDI_Eng-countries.xlsx,FDI (annual),T73,published
fdi_flows,country,m49_591,591,Panama,group_other,country,2014,inflow,70663535.699999993000,70663.535699999993,thousand_usd,numeric,,2026-08-17,FDI_Eng-countries.xlsx,FDI (annual),U73,published
fdi_flows,country,m49_591,591,Panama,group_other,country,2015,inflow,9524015.0000000012000,9524.0150000000012,thousand_usd,numeric,,2026-08-17,FDI_Eng-countries.xlsx,FDI (annual),V73,published
fdi_flows,country,m49_591,591,Panama,group_other,country,2016,inflow,77663181.499999992000,77663.181499999992,thousand_usd,numeric,,2026-08-17,FDI_Eng-countries.xlsx,FDI (annual),W73,published
fdi_flows,country,m49_591,591,Panama,group_other,country,2017,inflow,27175469.999999994000,27175.469999999994,thousand_usd,numeric,,2026-08-17,FDI_Eng-countries.xlsx,FDI (annual),X73,published
fdi_flows,country,m49_591,591,Panama,group_other,country,2018,inflow,76985886.200000008000,76985.886200000008,thousand_usd,numeric,,2026-08-17,FDI_Eng-countries.xlsx,FDI (annual),Y73,published
fdi_flows,country,m49_591,591,Panama,group_other,country,2019,inflow,76830098.699999988000,76830.098699999988,thousand_usd,numeric,,2026-08-17,FDI_Eng-countries.xlsx,FDI (annual),Z73,published
fdi_flows,country,m49_591,591,Panama,group_other,country,2020,inflow,-210093055.99999998000,-210093.05599999998,thousand_usd,numeric,,2026-08-17,FDI_Eng-countries.xlsx,FDI (annual),AA73,published
fdi_flows,country,m49_591,591,Panama,group_other,country,2021,inflow,-9641675.2000000015000,-9641.6752000000015,thousand_usd,numeric,,2026-08-17,FDI_Eng-countries.xlsx,FDI (annual),AB73,published
fdi_flows,country,m49_591,591,Panama,group_other,country,2022,inflow,5395892.5999999992000,5395.8925999999992,thousand_usd,numeric,,2026-08-17,FDI_Eng-countries.xlsx,FDI (annual),AC73,published
fdi_flows,country,m49_591,591,Panama,group_other,country,2023,inflow,-7501666.5000000012000,-7501.6665000000012,thousand_usd,numeric,,2026-08-17,FDI_Eng-countries.xlsx,FDI (annual),AD73,published
fdi_flows,country,m49_591,591,Panama,group_other,country,2024,inflow,-18736889.7000,-18736.8897,thousand_usd,numeric,,2026-08-17,FDI_Eng-countries.xlsx,FDI (annual),AE73,published
fdi_flows,country,m49_591,591,Panama,group_other,country,2025,inflow,-40302744.900000005000,-40302.744900000005,thousand_usd,numeric,,2026-08-17,FDI_Eng-countries.xlsx,FDI (annual),AF73,published
fdi_flows,country,m49_608,608,Philippines,group_other,country,1996,inflow,,-,thousand_usd,not_applicable,,2026-08-17,FDI_Eng-countries.xlsx,FDI (annual),C74,published
fdi_flows,country,m49_608,608,Philippines,group_other,country,1997,inflow,,-,thousand_usd,not_applicable,,2026-08-17,FDI_Eng-countries.xlsx,FDI (annual),D74,published
fdi_flows,country,m49_608,608,Philippines,group_other,country,1998,inflow,,-,thousand_usd,not_applicable,,2026-08-17,FDI_Eng-countries.xlsx,FDI (annual),E74,published
fdi_flows,country,m49_608,608,Philippines,group_other,country,1999,inflow,,-,thousand_usd,not_applicable,,2026-08-17,FDI_Eng-countries.xlsx,FDI (annual),F74,published
fdi_flows,country,m49_608,608,Philippines,group_other,country,2000,inflow,,-,thousand_usd,not_applicable,,2026-08-17,FDI_Eng-countries.xlsx,FDI (annual),G74,published
fdi_flows,country,m49_608,608,Philippines,group_other,country,2001,inflow,,-,thousand_usd,not_applicable,,2026-08-17,FDI_Eng-countries.xlsx,FDI (annual),H74,published
fdi_flows,country,m49_608,608,Philippines,group_other,country,2002,inflow,,-,thousand_usd,not_applicable,,2026-08-17,FDI_Eng-countries.xlsx,FDI (annual),I74,published
fdi_flows,country,m49_608,608,Philippines,group_other,country,2003,inflow,,-,thousand_usd,not_applicable,,2026-08-17,FDI_Eng-countries.xlsx,FDI (annual),J74,published
fdi_flows,country,m49_608,608,Philippines,group_other,country,2004,inflow,,-,thousand_usd,not_applicable,,2026-08-17,FDI_Eng-countries.xlsx,FDI (annual),K74,published
fdi_flows,country,m49_608,608,Philippines,group_other,country,2005,inflow,,-,thousand_usd,not_applicable,,2026-08-17,FDI_Eng-countries.xlsx,FDI (annual),L74,published
fdi_flows,country,m49_608,608,Philippines,group_other,country,2006,inflow,,-,thousand_usd,not_applicable,,2026-08-17,FDI_Eng-countries.xlsx,FDI (annual),M74,published
fdi_flows,country,m49_608,608,Philippines,group_other,country,2007,inflow,,-,thousand_usd,not_applicable,,2026-08-17,FDI_Eng-countries.xlsx,FDI (annual),N74,published
fdi_flows,country,m49_608,608,Philippines,group_other,country,2008,inflow,,-,thousand_usd,not_applicable,,2026-08-17,FDI_Eng-countries.xlsx,FDI (annual),O74,published
fdi_flows,country,m49_608,608,Philippines,group_other,country,2009,inflow,,-,thousand_usd,not_applicable,,2026-08-17,FDI_Eng-countries.xlsx,FDI (annual),P74,published
fdi_flows,country,m49_608,608,Philippines,group_other,country,2010,inflow,1620276.7000000001000,1620.2767000000001,thousand_usd,numeric,,2026-08-17,FDI_Eng-countries.xlsx,FDI (annual),Q74,published
fdi_flows,country,m49_608,608,Philippines,group_other,country,2011,inflow,,-,thousand_usd,not_applicable,,2026-08-17,FDI_Eng-countries.xlsx,FDI (annual),R74,published
fdi_flows,country,m49_608,608,Philippines,group_other,country,2012,inflow,,-,thousand_usd,not_applicable,,2026-08-17,FDI_Eng-countries.xlsx,FDI (annual),S74,published
fdi_flows,country,m49_608,608,Philippines,group_other,country,2013,inflow,,-,thousand_usd,not_applicable,,2026-08-17,FDI_Eng-countries.xlsx,FDI (annual),T74,published
fdi_flows,country,m49_608,608,Philippines,group_other,country,2014,inflow,,-,thousand_usd,not_applicable,,2026-08-17,FDI_Eng-countries.xlsx,FDI (annual),U74,published
fdi_flows,country,m49_608,608,Philippines,group_other,country,2015,inflow,,-,thousand_usd,not_applicable,,2026-08-17,FDI_Eng-countries.xlsx,FDI (annual),V74,published
fdi_flows,country,m49_608,608,Philippines,group_other,country,2016,inflow,14456.499999999998000,14.456499999999998,thousand_usd,numeric,,2026-08-17,FDI_Eng-countries.xlsx,FDI (annual),W74,published
fdi_flows,country,m49_608,608,Philippines,group_other,country,2017,inflow,-363.00000000000021000,-0.36300000000000021,thousand_usd,numeric,,2026-08-17,FDI_Eng-countries.xlsx,FDI (annual),X74,published
fdi_flows,country,m49_608,608,Philippines,group_other,country,2018,inflow,,-,thousand_usd,not_applicable,,2026-08-17,FDI_Eng-countries.xlsx,FDI (annual),Y74,published
fdi_flows,country,m49_608,608,Philippines,group_other,country,2019,inflow,46064.300000000003000,46.064300000000003,thousand_usd,numeric,,2026-08-17,FDI_Eng-countries.xlsx,FDI (annual),Z74,published
fdi_flows,country,m49_608,608,Philippines,group_other,country,2020,inflow,1997.1999999999999000,1.9971999999999999,thousand_usd,numeric,,2026-08-17,FDI_Eng-countries.xlsx,FDI (annual),AA74,published
fdi_flows,country,m49_608,608,Philippines,group_other,country,2021,inflow,415184.69999999996000,415.18469999999996,thousand_usd,numeric,,2026-08-17,FDI_Eng-countries.xlsx,FDI (annual),AB74,published
fdi_flows,country,m49_608,608,Philippines,group_other,country,2022,inflow,289908.40000000003000,289.90840000000003,thousand_usd,numeric,,2026-08-17,FDI_Eng-countries.xlsx,FDI (annual),AC74,published
fdi_flows,country,m49_608,608,Philippines,group_other,country,2023,inflow,9868.3000000000014000,9.8683000000000014,thousand_usd,numeric,,2026-08-17,FDI_Eng-countries.xlsx,FDI (annual),AD74,published
fdi_flows,country,m49_608,608,Philippines,group_other,country,2024,inflow,144036.29999999998000,144.03629999999998,thousand_usd,numeric,,2026-08-17,FDI_Eng-countries.xlsx,FDI (annual),AE74,published
fdi_flows,country,m49_608,608,Philippines,group_other,country,2025,inflow,2847.900000000001000,2.847900000000001,thousand_usd,numeric,,2026-08-17,FDI_Eng-countries.xlsx,FDI (annual),AF74,published
fdi_flows,country,m49_616,616,Poland,group_eu27,country,1996,inflow,,-,thousand_usd,not_applicable,,2026-08-17,FDI_Eng-countries.xlsx,FDI (annual),C28,published
fdi_flows,country,m49_616,616,Poland,group_eu27,country,1997,inflow,,-,thousand_usd,not_applicable,,2026-08-17,FDI_Eng-countries.xlsx,FDI (annual),D28,published
fdi_flows,country,m49_616,616,Poland,group_eu27,country,1998,inflow,,-,thousand_usd,not_applicable,,2026-08-17,FDI_Eng-countries.xlsx,FDI (annual),E28,published
fdi_flows,country,m49_616,616,Poland,group_eu27,country,1999,inflow,,-,thousand_usd,not_applicable,,2026-08-17,FDI_Eng-countries.xlsx,FDI (annual),F28,published
fdi_flows,country,m49_616,616,Poland,group_eu27,country,2000,inflow,5947149.5793000004000,5947.1495793000004,thousand_usd,numeric,,2026-08-17,FDI_Eng-countries.xlsx,FDI (annual),G28,published
fdi_flows,country,m49_616,616,Poland,group_eu27,country,2001,inflow,2581623.2848999998000,2581.6232848999998,thousand_usd,numeric,,2026-08-17,FDI_Eng-countries.xlsx,FDI (annual),H28,published
fdi_flows,country,m49_616,616,Poland,group_eu27,country,2002,inflow,,-,thousand_usd,not_applicable,,2026-08-17,FDI_Eng-countries.xlsx,FDI (annual),I28,published
fdi_flows,country,m49_616,616,Poland,group_eu27,country,2003,inflow,,-,thousand_usd,not_applicable,,2026-08-17,FDI_Eng-countries.xlsx,FDI (annual),J28,published
fdi_flows,country,m49_616,616,Poland,group_eu27,country,2004,inflow,,-,thousand_usd,not_applicable,,2026-08-17,FDI_Eng-countries.xlsx,FDI (annual),K28,published
fdi_flows,country,m49_616,616,Poland,group_eu27,country,2005,inflow,293807.01768000,293.80701768,thousand_usd,numeric,,2026-08-17,FDI_Eng-countries.xlsx,FDI (annual),L28,published
fdi_flows,country,m49_616,616,Poland,group_eu27,country,2006,inflow,502222.76298000003000,502.22276298000003,thousand_usd,numeric,,2026-08-17,FDI_Eng-countries.xlsx,FDI (annual),M28,published
fdi_flows,country,m49_616,616,Poland,group_eu27,country,2007,inflow,19052.144358000,19.052144358,thousand_usd,numeric,,2026-08-17,FDI_Eng-countries.xlsx,FDI (annual),N28,published
fdi_flows,country,m49_616,616,Poland,group_eu27,country,2008,inflow,22911.041300000001000,22.911041300000001,thousand_usd,numeric,,2026-08-17,FDI_Eng-countries.xlsx,FDI (annual),O28,published
fdi_flows,country,m49_616,616,Poland,group_eu27,country,2009,inflow,10758.3000,10.7583,thousand_usd,numeric,,2026-08-17,FDI_Eng-countries.xlsx,FDI (annual),P28,published
fdi_flows,country,m49_616,616,Poland,group_eu27,country,2010,inflow,52994.312500000007000,52.994312500000007,thousand_usd,numeric,,2026-08-17,FDI_Eng-countries.xlsx,FDI (annual),Q28,published
fdi_flows,country,m49_616,616,Poland,group_eu27,country,2011,inflow,152265.70000000004000,152.26570000000004,thousand_usd,numeric,,2026-08-17,FDI_Eng-countries.xlsx,FDI (annual),R28,published
fdi_flows,country,m49_616,616,Poland,group_eu27,country,2012,inflow,-13615.700000000002000,-13.615700000000002,thousand_usd,numeric,,2026-08-17,FDI_Eng-countries.xlsx,FDI (annual),S28,published
fdi_flows,country,m49_616,616,Poland,group_eu27,country,2013,inflow,1363797.3999999999000,1363.7973999999999,thousand_usd,numeric,,2026-08-17,FDI_Eng-countries.xlsx,FDI (annual),T28,published
fdi_flows,country,m49_616,616,Poland,group_eu27,country,2014,inflow,378662.90000000004000,378.66290000000004,thousand_usd,numeric,,2026-08-17,FDI_Eng-countries.xlsx,FDI (annual),U28,published
fdi_flows,country,m49_616,616,Poland,group_eu27,country,2015,inflow,1650406.1999999999000,1650.4061999999999,thousand_usd,numeric,,2026-08-17,FDI_Eng-countries.xlsx,FDI (annual),V28,published
fdi_flows,country,m49_616,616,Poland,group_eu27,country,2016,inflow,1992154.9000,1992.1549,thousand_usd,numeric,,2026-08-17,FDI_Eng-countries.xlsx,FDI (annual),W28,published
fdi_flows,country,m49_616,616,Poland,group_eu27,country,2017,inflow,1310989.4999999997000,1310.9894999999997,thousand_usd,numeric,,2026-08-17,FDI_Eng-countries.xlsx,FDI (annual),X28,published
fdi_flows,country,m49_616,616,Poland,group_eu27,country,2018,inflow,2871597.4999999999000,2871.5974999999999,thousand_usd,numeric,,2026-08-17,FDI_Eng-countries.xlsx,FDI (annual),Y28,published
fdi_flows,country,m49_616,616,Poland,group_eu27,country,2019,inflow,3615568.2999999999000,3615.5682999999999,thousand_usd,numeric,,2026-08-17,FDI_Eng-countries.xlsx,FDI (annual),Z28,published
fdi_flows,country,m49_616,616,Poland,group_eu27,country,2020,inflow,1251861.5000,1251.8615,thousand_usd,numeric,,2026-08-17,FDI_Eng-countries.xlsx,FDI (annual),AA28,published
fdi_flows,country,m49_616,616,Poland,group_eu27,country,2021,inflow,7314975.5999999998000,7314.9755999999998,thousand_usd,numeric,,2026-08-17,FDI_Eng-countries.xlsx,FDI (annual),AB28,published
fdi_flows,country,m49_616,616,Poland,group_eu27,country,2022,inflow,11792573.699999995000,11792.573699999995,thousand_usd,numeric,,2026-08-17,FDI_Eng-countries.xlsx,FDI (annual),AC28,published
fdi_flows,country,m49_616,616,Poland,group_eu27,country,2023,inflow,3260050.1999999997000,3260.0501999999997,thousand_usd,numeric,,2026-08-17,FDI_Eng-countries.xlsx,FDI (annual),AD28,published
fdi_flows,country,m49_616,616,Poland,group_eu27,country,2024,inflow,11765001.400000003000,11765.001400000003,thousand_usd,numeric,,2026-08-17,FDI_Eng-countries.xlsx,FDI (annual),AE28,published
fdi_flows,country,m49_616,616,Poland,group_eu27,country,2025,inflow,12900026.5000,12900.0265,thousand_usd,numeric,,2026-08-17,FDI_Eng-countries.xlsx,FDI (annual),AF28,published
fdi_flows,country,m49_620,620,Portugal,group_eu27,country,1996,inflow,,-,thousand_usd,not_applicable,,2026-08-17,FDI_Eng-countries.xlsx,FDI (annual),C29,published
fdi_flows,country,m49_620,620,Portugal,group_eu27,country,1997,inflow,,-,thousand_usd,not_applicable,,2026-08-17,FDI_Eng-countries.xlsx,FDI (annual),D29,published
fdi_flows,country,m49_620,620,Portugal,group_eu27,country,1998,inflow,,-,thousand_usd,not_applicable,,2026-08-17,FDI_Eng-countries.xlsx,FDI (annual),E29,published
fdi_flows,country,m49_620,620,Portugal,group_eu27,country,1999,inflow,,-,thousand_usd,not_applicable,,2026-08-17,FDI_Eng-countries.xlsx,FDI (annual),F29,published
fdi_flows,country,m49_620,620,Portugal,group_eu27,country,2000,inflow,,-,thousand_usd,not_applicable,,2026-08-17,FDI_Eng-countries.xlsx,FDI (annual),G29,published
fdi_flows,country,m49_620,620,Portugal,group_eu27,country,2001,inflow,,-,thousand_usd,not_applicable,,2026-08-17,FDI_Eng-countries.xlsx,FDI (annual),H29,published
fdi_flows,country,m49_620,620,Portugal,group_eu27,country,2002,inflow,,-,thousand_usd,not_applicable,,2026-08-17,FDI_Eng-countries.xlsx,FDI (annual),I29,published
fdi_flows,country,m49_620,620,Portugal,group_eu27,country,2003,inflow,,-,thousand_usd,not_applicable,,2026-08-17,FDI_Eng-countries.xlsx,FDI (annual),J29,published
fdi_flows,country,m49_620,620,Portugal,group_eu27,country,2004,inflow,,-,thousand_usd,not_applicable,,2026-08-17,FDI_Eng-countries.xlsx,FDI (annual),K29,published
fdi_flows,country,m49_620,620,Portugal,group_eu27,country,2005,inflow,,-,thousand_usd,not_applicable,,2026-08-17,FDI_Eng-countries.xlsx,FDI (annual),L29,published
fdi_flows,country,m49_620,620,Portugal,group_eu27,country,2006,inflow,,-,thousand_usd,not_applicable,,2026-08-17,FDI_Eng-countries.xlsx,FDI (annual),M29,published
fdi_flows,country,m49_620,620,Portugal,group_eu27,country,2007,inflow,13198.258189000001000,13.198258189000001,thousand_usd,numeric,,2026-08-17,FDI_Eng-countries.xlsx,FDI (annual),N29,published
fdi_flows,country,m49_620,620,Portugal,group_eu27,country,2008,inflow,117226.46775000,117.22646775,thousand_usd,numeric,,2026-08-17,FDI_Eng-countries.xlsx,FDI (annual),O29,published
fdi_flows,country,m49_620,620,Portugal,group_eu27,country,2009,inflow,24409.099999999999000,24.409099999999999,thousand_usd,numeric,,2026-08-17,FDI_Eng-countries.xlsx,FDI (annual),P29,published
fdi_flows,country,m49_620,620,Portugal,group_eu27,country,2010,inflow,21581.300000000006000,21.581300000000006,thousand_usd,numeric,,2026-08-17,FDI_Eng-countries.xlsx,FDI (annual),Q29,published
fdi_flows,country,m49_620,620,Portugal,group_eu27,country,2011,inflow,-3722.9000000000001000,-3.7229000000000001,thousand_usd,numeric,,2026-08-17,FDI_Eng-countries.xlsx,FDI (annual),R29,published
fdi_flows,country,m49_620,620,Portugal,group_eu27,country,2012,inflow,1128881.7862000001000,1128.8817862000001,thousand_usd,numeric,,2026-08-17,FDI_Eng-countries.xlsx,FDI (annual),S29,published
fdi_flows,country,m49_620,620,Portugal,group_eu27,country,2013,inflow,2489920.00,2489.92,thousand_usd,numeric,,2026-08-17,FDI_Eng-countries.xlsx,FDI (annual),T29,published
fdi_flows,country,m49_620,620,Portugal,group_eu27,country,2014,inflow,2030813.8000000001000,2030.8138000000001,thousand_usd,numeric,,2026-08-17,FDI_Eng-countries.xlsx,FDI (annual),U29,published
fdi_flows,country,m49_620,620,Portugal,group_eu27,country,2015,inflow,2635157.2000000006000,2635.1572000000006,thousand_usd,numeric,,2026-08-17,FDI_Eng-countries.xlsx,FDI (annual),V29,published
fdi_flows,country,m49_620,620,Portugal,group_eu27,country,2016,inflow,1404978.4000,1404.9784,thousand_usd,numeric,,2026-08-17,FDI_Eng-countries.xlsx,FDI (annual),W29,published
fdi_flows,country,m49_620,620,Portugal,group_eu27,country,2017,inflow,885469.00000000016000,885.46900000000016,thousand_usd,numeric,,2026-08-17,FDI_Eng-countries.xlsx,FDI (annual),X29,published
fdi_flows,country,m49_620,620,Portugal,group_eu27,country,2018,inflow,19005.900000000025000,19.005900000000025,thousand_usd,numeric,,2026-08-17,FDI_Eng-countries.xlsx,FDI (annual),Y29,published
fdi_flows,country,m49_620,620,Portugal,group_eu27,country,2019,inflow,-154544.19999999999000,-154.54419999999999,thousand_usd,numeric,,2026-08-17,FDI_Eng-countries.xlsx,FDI (annual),Z29,published
fdi_flows,country,m49_620,620,Portugal,group_eu27,country,2020,inflow,,-,thousand_usd,not_applicable,,2026-08-17,FDI_Eng-countries.xlsx,FDI (annual),AA29,published
fdi_flows,country,m49_620,620,Portugal,group_eu27,country,2021,inflow,651786.59999999991000,651.78659999999991,thousand_usd,numeric,,2026-08-17,FDI_Eng-countries.xlsx,FDI (annual),AB29,published
fdi_flows,country,m49_620,620,Portugal,group_eu27,country,2022,inflow,1133076.8000,1133.0768,thousand_usd,numeric,,2026-08-17,FDI_Eng-countries.xlsx,FDI (annual),AC29,published
fdi_flows,country,m49_620,620,Portugal,group_eu27,country,2023,inflow,-562739.10000000001000,-562.73910000000001,thousand_usd,numeric,,2026-08-17,FDI_Eng-countries.xlsx,FDI (annual),AD29,published
fdi_flows,country,m49_620,620,Portugal,group_eu27,country,2024,inflow,-4121750.9000,-4121.7509,thousand_usd,numeric,,2026-08-17,FDI_Eng-countries.xlsx,FDI (annual),AE29,published
fdi_flows,country,m49_620,620,Portugal,group_eu27,country,2025,inflow,-329345.30000000007000,-329.34530000000007,thousand_usd,numeric,,2026-08-17,FDI_Eng-countries.xlsx,FDI (annual),AF29,published
fdi_flows,country,m49_634,634,Qatar,group_other,country,1996,inflow,,-,thousand_usd,not_applicable,,2026-08-17,FDI_Eng-countries.xlsx,FDI (annual),C75,published
fdi_flows,country,m49_634,634,Qatar,group_other,country,1997,inflow,,-,thousand_usd,not_applicable,,2026-08-17,FDI_Eng-countries.xlsx,FDI (annual),D75,published
fdi_flows,country,m49_634,634,Qatar,group_other,country,1998,inflow,,-,thousand_usd,not_applicable,,2026-08-17,FDI_Eng-countries.xlsx,FDI (annual),E75,published
fdi_flows,country,m49_634,634,Qatar,group_other,country,1999,inflow,,-,thousand_usd,not_applicable,,2026-08-17,FDI_Eng-countries.xlsx,FDI (annual),F75,published
fdi_flows,country,m49_634,634,Qatar,group_other,country,2000,inflow,,-,thousand_usd,not_applicable,,2026-08-17,FDI_Eng-countries.xlsx,FDI (annual),G75,published
fdi_flows,country,m49_634,634,Qatar,group_other,country,2001,inflow,,-,thousand_usd,not_applicable,,2026-08-17,FDI_Eng-countries.xlsx,FDI (annual),H75,published
fdi_flows,country,m49_634,634,Qatar,group_other,country,2002,inflow,,-,thousand_usd,not_applicable,,2026-08-17,FDI_Eng-countries.xlsx,FDI (annual),I75,published
fdi_flows,country,m49_634,634,Qatar,group_other,country,2003,inflow,,-,thousand_usd,not_applicable,,2026-08-17,FDI_Eng-countries.xlsx,FDI (annual),J75,published
fdi_flows,country,m49_634,634,Qatar,group_other,country,2004,inflow,,-,thousand_usd,not_applicable,,2026-08-17,FDI_Eng-countries.xlsx,FDI (annual),K75,published
fdi_flows,country,m49_634,634,Qatar,group_other,country,2005,inflow,,-,thousand_usd,not_applicable,,2026-08-17,FDI_Eng-countries.xlsx,FDI (annual),L75,published
fdi_flows,country,m49_634,634,Qatar,group_other,country,2006,inflow,,-,thousand_usd,not_applicable,,2026-08-17,FDI_Eng-countries.xlsx,FDI (annual),M75,published
fdi_flows,country,m49_634,634,Qatar,group_other,country,2007,inflow,,-,thousand_usd,not_applicable,,2026-08-17,FDI_Eng-countries.xlsx,FDI (annual),N75,published
fdi_flows,country,m49_634,634,Qatar,group_other,country,2008,inflow,,-,thousand_usd,not_applicable,,2026-08-17,FDI_Eng-countries.xlsx,FDI (annual),O75,published
fdi_flows,country,m49_634,634,Qatar,group_other,country,2009,inflow,,-,thousand_usd,not_applicable,,2026-08-17,FDI_Eng-countries.xlsx,FDI (annual),P75,published
fdi_flows,country,m49_634,634,Qatar,group_other,country,2010,inflow,,-,thousand_usd,not_applicable,,2026-08-17,FDI_Eng-countries.xlsx,FDI (annual),Q75,published
fdi_flows,country,m49_634,634,Qatar,group_other,country,2011,inflow,,-,thousand_usd,not_applicable,,2026-08-17,FDI_Eng-countries.xlsx,FDI (annual),R75,published
fdi_flows,country,m49_634,634,Qatar,group_other,country,2012,inflow,,-,thousand_usd,not_applicable,,2026-08-17,FDI_Eng-countries.xlsx,FDI (annual),S75,published
fdi_flows,country,m49_634,634,Qatar,group_other,country,2013,inflow,4221489.2000,4221.4892,thousand_usd,numeric,,2026-08-17,FDI_Eng-countries.xlsx,FDI (annual),T75,published
fdi_flows,country,m49_634,634,Qatar,group_other,country,2014,inflow,-16370.4000,-16.3704,thousand_usd,numeric,,2026-08-17,FDI_Eng-countries.xlsx,FDI (annual),U75,published
fdi_flows,country,m49_634,634,Qatar,group_other,country,2015,inflow,2549096.000,2549.096,thousand_usd,numeric,,2026-08-17,FDI_Eng-countries.xlsx,FDI (annual),V75,published
fdi_flows,country,m49_634,634,Qatar,group_other,country,2016,inflow,4164393.6000000003000,4164.3936000000003,thousand_usd,numeric,,2026-08-17,FDI_Eng-countries.xlsx,FDI (annual),W75,published
fdi_flows,country,m49_634,634,Qatar,group_other,country,2017,inflow,8661428.6000000011000,8661.4286000000011,thousand_usd,numeric,,2026-08-17,FDI_Eng-countries.xlsx,FDI (annual),X75,published
fdi_flows,country,m49_634,634,Qatar,group_other,country,2018,inflow,7596335.1000000002000,7596.3351000000002,thousand_usd,numeric,,2026-08-17,FDI_Eng-countries.xlsx,FDI (annual),Y75,published
fdi_flows,country,m49_634,634,Qatar,group_other,country,2019,inflow,7450309.8999999993000,7450.3098999999993,thousand_usd,numeric,,2026-08-17,FDI_Eng-countries.xlsx,FDI (annual),Z75,published
fdi_flows,country,m49_634,634,Qatar,group_other,country,2020,inflow,1922485.0000000001000,1922.4850000000001,thousand_usd,numeric,,2026-08-17,FDI_Eng-countries.xlsx,FDI (annual),AA75,published
fdi_flows,country,m49_634,634,Qatar,group_other,country,2021,inflow,3162327.1000,3162.3271,thousand_usd,numeric,,2026-08-17,FDI_Eng-countries.xlsx,FDI (annual),AB75,published
fdi_flows,country,m49_634,634,Qatar,group_other,country,2022,inflow,2698275.3999999995000,2698.2753999999995,thousand_usd,numeric,,2026-08-17,FDI_Eng-countries.xlsx,FDI (annual),AC75,published
fdi_flows,country,m49_634,634,Qatar,group_other,country,2023,inflow,3239333.4999999997000,3239.3334999999997,thousand_usd,numeric,,2026-08-17,FDI_Eng-countries.xlsx,FDI (annual),AD75,published
fdi_flows,country,m49_634,634,Qatar,group_other,country,2024,inflow,3403095.3000,3403.0953,thousand_usd,numeric,,2026-08-17,FDI_Eng-countries.xlsx,FDI (annual),AE75,published
fdi_flows,country,m49_634,634,Qatar,group_other,country,2025,inflow,6237125.7000000005000,6237.1257000000005,thousand_usd,numeric,,2026-08-17,FDI_Eng-countries.xlsx,FDI (annual),AF75,published
fdi_flows,country,m49_642,642,Romania,group_eu27,country,1996,inflow,,-,thousand_usd,not_applicable,,2026-08-17,FDI_Eng-countries.xlsx,FDI (annual),C30,published
fdi_flows,country,m49_642,642,Romania,group_eu27,country,1997,inflow,,-,thousand_usd,not_applicable,,2026-08-17,FDI_Eng-countries.xlsx,FDI (annual),D30,published
fdi_flows,country,m49_642,642,Romania,group_eu27,country,1998,inflow,,-,thousand_usd,not_applicable,,2026-08-17,FDI_Eng-countries.xlsx,FDI (annual),E30,published
fdi_flows,country,m49_642,642,Romania,group_eu27,country,1999,inflow,,-,thousand_usd,not_applicable,,2026-08-17,FDI_Eng-countries.xlsx,FDI (annual),F30,published
fdi_flows,country,m49_642,642,Romania,group_eu27,country,2000,inflow,,-,thousand_usd,not_applicable,,2026-08-17,FDI_Eng-countries.xlsx,FDI (annual),G30,published
fdi_flows,country,m49_642,642,Romania,group_eu27,country,2001,inflow,,-,thousand_usd,not_applicable,,2026-08-17,FDI_Eng-countries.xlsx,FDI (annual),H30,published
fdi_flows,country,m49_642,642,Romania,group_eu27,country,2002,inflow,,-,thousand_usd,not_applicable,,2026-08-17,FDI_Eng-countries.xlsx,FDI (annual),I30,published
fdi_flows,country,m49_642,642,Romania,group_eu27,country,2003,inflow,,-,thousand_usd,not_applicable,,2026-08-17,FDI_Eng-countries.xlsx,FDI (annual),J30,published
fdi_flows,country,m49_642,642,Romania,group_eu27,country,2004,inflow,,-,thousand_usd,not_applicable,,2026-08-17,FDI_Eng-countries.xlsx,FDI (annual),K30,published
fdi_flows,country,m49_642,642,Romania,group_eu27,country,2005,inflow,,-,thousand_usd,not_applicable,,2026-08-17,FDI_Eng-countries.xlsx,FDI (annual),L30,published
fdi_flows,country,m49_642,642,Romania,group_eu27,country,2006,inflow,,-,thousand_usd,not_applicable,,2026-08-17,FDI_Eng-countries.xlsx,FDI (annual),M30,published
fdi_flows,country,m49_642,642,Romania,group_eu27,country,2007,inflow,,-,thousand_usd,not_applicable,,2026-08-17,FDI_Eng-countries.xlsx,FDI (annual),N30,published
fdi_flows,country,m49_642,642,Romania,group_eu27,country,2008,inflow,5430636.9112000002000,5430.6369112000002,thousand_usd,numeric,,2026-08-17,FDI_Eng-countries.xlsx,FDI (annual),O30,published
fdi_flows,country,m49_642,642,Romania,group_eu27,country,2009,inflow,,-,thousand_usd,not_applicable,,2026-08-17,FDI_Eng-countries.xlsx,FDI (annual),P30,published
fdi_flows,country,m49_642,642,Romania,group_eu27,country,2010,inflow,-11247.299999999996000,-11.247299999999996,thousand_usd,numeric,,2026-08-17,FDI_Eng-countries.xlsx,FDI (annual),Q30,published
fdi_flows,country,m49_642,642,Romania,group_eu27,country,2011,inflow,41277.100000000004000,41.277100000000004,thousand_usd,numeric,,2026-08-17,FDI_Eng-countries.xlsx,FDI (annual),R30,published
fdi_flows,country,m49_642,642,Romania,group_eu27,country,2012,inflow,,-,thousand_usd,not_applicable,,2026-08-17,FDI_Eng-countries.xlsx,FDI (annual),S30,published
fdi_flows,country,m49_642,642,Romania,group_eu27,country,2013,inflow,80618.700000000004000,80.618700000000004,thousand_usd,numeric,,2026-08-17,FDI_Eng-countries.xlsx,FDI (annual),T30,published
fdi_flows,country,m49_642,642,Romania,group_eu27,country,2014,inflow,187707.50000000001000,187.70750000000001,thousand_usd,numeric,,2026-08-17,FDI_Eng-countries.xlsx,FDI (annual),U30,published
fdi_flows,country,m49_642,642,Romania,group_eu27,country,2015,inflow,-31224.699999999988000,-31.224699999999988,thousand_usd,numeric,,2026-08-17,FDI_Eng-countries.xlsx,FDI (annual),V30,published
fdi_flows,country,m49_642,642,Romania,group_eu27,country,2016,inflow,800882.50000000005000,800.88250000000005,thousand_usd,numeric,,2026-08-17,FDI_Eng-countries.xlsx,FDI (annual),W30,published
fdi_flows,country,m49_642,642,Romania,group_eu27,country,2017,inflow,727334.59999999991000,727.33459999999991,thousand_usd,numeric,,2026-08-17,FDI_Eng-countries.xlsx,FDI (annual),X30,published
fdi_flows,country,m49_642,642,Romania,group_eu27,country,2018,inflow,607105.99999999999000,607.10599999999999,thousand_usd,numeric,,2026-08-17,FDI_Eng-countries.xlsx,FDI (annual),Y30,published
fdi_flows,country,m49_642,642,Romania,group_eu27,country,2019,inflow,278611.4000,278.6114,thousand_usd,numeric,,2026-08-17,FDI_Eng-countries.xlsx,FDI (annual),Z30,published
fdi_flows,country,m49_642,642,Romania,group_eu27,country,2020,inflow,124354.69999999999000,124.35469999999999,thousand_usd,numeric,,2026-08-17,FDI_Eng-countries.xlsx,FDI (annual),AA30,published
fdi_flows,country,m49_642,642,Romania,group_eu27,country,2021,inflow,2709640.0999999996000,2709.6400999999996,thousand_usd,numeric,,2026-08-17,FDI_Eng-countries.xlsx,FDI (annual),AB30,published
fdi_flows,country,m49_642,642,Romania,group_eu27,country,2022,inflow,-939310.00000000006000,-939.31000000000006,thousand_usd,numeric,,2026-08-17,FDI_Eng-countries.xlsx,FDI (annual),AC30,published
fdi_flows,country,m49_642,642,Romania,group_eu27,country,2023,inflow,450744.59999999988000,450.74459999999988,thousand_usd,numeric,,2026-08-17,FDI_Eng-countries.xlsx,FDI (annual),AD30,published
fdi_flows,country,m49_642,642,Romania,group_eu27,country,2024,inflow,489813.09999999979000,489.81309999999979,thousand_usd,numeric,,2026-08-17,FDI_Eng-countries.xlsx,FDI (annual),AE30,published
fdi_flows,country,m49_642,642,Romania,group_eu27,country,2025,inflow,183697.30000000004000,183.69730000000004,thousand_usd,numeric,,2026-08-17,FDI_Eng-countries.xlsx,FDI (annual),AF30,published
fdi_flows,country,m49_643,643,Russia,group_cis,country,1996,inflow,,-,thousand_usd,not_applicable,,2026-08-17,FDI_Eng-countries.xlsx,FDI (annual),C43,published
fdi_flows,country,m49_643,643,Russia,group_cis,country,1997,inflow,14435042.234000,14435.042234,thousand_usd,numeric,,2026-08-17,FDI_Eng-countries.xlsx,FDI (annual),D43,published
fdi_flows,country,m49_643,643,Russia,group_cis,country,1998,inflow,27598948.549000001000,27598.948549000001,thousand_usd,numeric,,2026-08-17,FDI_Eng-countries.xlsx,FDI (annual),E43,published
fdi_flows,country,m49_643,643,Russia,group_cis,country,1999,inflow,1072644.8078999999000,1072.6448078999999,thousand_usd,numeric,,2026-08-17,FDI_Eng-countries.xlsx,FDI (annual),F43,published
fdi_flows,country,m49_643,643,Russia,group_cis,country,2000,inflow,6139029.0126999998000,6139.0290126999998,thousand_usd,numeric,,2026-08-17,FDI_Eng-countries.xlsx,FDI (annual),G43,published
fdi_flows,country,m49_643,643,Russia,group_cis,country,2001,inflow,5072773.0320999999000,5072.7730320999999,thousand_usd,numeric,,2026-08-17,FDI_Eng-countries.xlsx,FDI (annual),H43,published
fdi_flows,country,m49_643,643,Russia,group_cis,country,2002,inflow,7029336.3508999992000,7029.3363508999992,thousand_usd,numeric,,2026-08-17,FDI_Eng-countries.xlsx,FDI (annual),I43,published
fdi_flows,country,m49_643,643,Russia,group_cis,country,2003,inflow,41997456.899999997000,41997.456899999997,thousand_usd,numeric,,2026-08-17,FDI_Eng-countries.xlsx,FDI (annual),J43,published
fdi_flows,country,m49_643,643,Russia,group_cis,country,2004,inflow,43165080.429000001000,43165.080429000001,thousand_usd,numeric,,2026-08-17,FDI_Eng-countries.xlsx,FDI (annual),K43,published
fdi_flows,country,m49_643,643,Russia,group_cis,country,2005,inflow,40124322.022000,40124.322022,thousand_usd,numeric,,2026-08-17,FDI_Eng-countries.xlsx,FDI (annual),L43,published
fdi_flows,country,m49_643,643,Russia,group_cis,country,2006,inflow,30987820.763000003000,30987.820763000003,thousand_usd,numeric,,2026-08-17,FDI_Eng-countries.xlsx,FDI (annual),M43,published
fdi_flows,country,m49_643,643,Russia,group_cis,country,2007,inflow,75162305.692000009000,75162.305692000009,thousand_usd,numeric,,2026-08-17,FDI_Eng-countries.xlsx,FDI (annual),N43,published
fdi_flows,country,m49_643,643,Russia,group_cis,country,2008,inflow,26212175.148999999000,26212.175148999999,thousand_usd,numeric,,2026-08-17,FDI_Eng-countries.xlsx,FDI (annual),O43,published
fdi_flows,country,m49_643,643,Russia,group_cis,country,2009,inflow,10253380.9000,10253.3809,thousand_usd,numeric,,2026-08-17,FDI_Eng-countries.xlsx,FDI (annual),P43,published
fdi_flows,country,m49_643,643,Russia,group_cis,country,2010,inflow,50974037.523699997000,50974.037523699997,thousand_usd,numeric,,2026-08-17,FDI_Eng-countries.xlsx,FDI (annual),Q43,published
fdi_flows,country,m49_643,643,Russia,group_cis,country,2011,inflow,58017619.014249998000,58017.619014249998,thousand_usd,numeric,,2026-08-17,FDI_Eng-countries.xlsx,FDI (annual),R43,published
fdi_flows,country,m49_643,643,Russia,group_cis,country,2012,inflow,22017321.399999993000,22017.321399999993,thousand_usd,numeric,,2026-08-17,FDI_Eng-countries.xlsx,FDI (annual),S43,published
fdi_flows,country,m49_643,643,Russia,group_cis,country,2013,inflow,7813821.2580673935000,7813.8212580673935,thousand_usd,numeric,,2026-08-17,FDI_Eng-countries.xlsx,FDI (annual),T43,published
fdi_flows,country,m49_643,643,Russia,group_cis,country,2014,inflow,87908632.399843802000,87908.632399843802,thousand_usd,numeric,,2026-08-17,FDI_Eng-countries.xlsx,FDI (annual),U43,published
fdi_flows,country,m49_643,643,Russia,group_cis,country,2015,inflow,52369625.564016897000,52369.625564016897,thousand_usd,numeric,,2026-08-17,FDI_Eng-countries.xlsx,FDI (annual),V43,published
fdi_flows,country,m49_643,643,Russia,group_cis,country,2016,inflow,28497645.6000,28497.6456,thousand_usd,numeric,,2026-08-17,FDI_Eng-countries.xlsx,FDI (annual),W43,published
fdi_flows,country,m49_643,643,Russia,group_cis,country,2017,inflow,52386391.499999998000,52386.391499999998,thousand_usd,numeric,,2026-08-17,FDI_Eng-countries.xlsx,FDI (annual),X43,published
fdi_flows,country,m49_643,643,Russia,group_cis,country,2018,inflow,83377013.500000001000,83377.013500000001,thousand_usd,numeric,,2026-08-17,FDI_Eng-countries.xlsx,FDI (annual),Y43,published
fdi_flows,country,m49_643,643,Russia,group_cis,country,2019,inflow,62991328.699999998000,62991.328699999998,thousand_usd,numeric,,2026-08-17,FDI_Eng-countries.xlsx,FDI (annual),Z43,published
fdi_flows,country,m49_643,643,Russia,group_cis,country,2020,inflow,43001538.000000008000,43001.538000000008,thousand_usd,numeric,,2026-08-17,FDI_Eng-countries.xlsx,FDI (annual),AA43,published
fdi_flows,country,m49_643,643,Russia,group_cis,country,2021,inflow,87683077.99999998000,87683.07799999998,thousand_usd,numeric,,2026-08-17,FDI_Eng-countries.xlsx,FDI (annual),AB43,published
fdi_flows,country,m49_643,643,Russia,group_cis,country,2022,inflow,108633656.2000,108633.6562,thousand_usd,numeric,,2026-08-17,FDI_Eng-countries.xlsx,FDI (annual),AC43,published
fdi_flows,country,m49_643,643,Russia,group_cis,country,2023,inflow,131229600.19999999000,131229.60019999999,thousand_usd,numeric,,2026-08-17,FDI_Eng-countries.xlsx,FDI (annual),AD43,published
fdi_flows,country,m49_643,643,Russia,group_cis,country,2024,inflow,78467206.60000002000,78467.20660000002,thousand_usd,numeric,,2026-08-17,FDI_Eng-countries.xlsx,FDI (annual),AE43,published
fdi_flows,country,m49_643,643,Russia,group_cis,country,2025,inflow,109472666.20000005000,109472.66620000005,thousand_usd,numeric,,2026-08-17,FDI_Eng-countries.xlsx,FDI (annual),AF43,published
fdi_flows,country,m49_659,659,Saint Kitts and Nevis,group_other,country,1996,inflow,,-,thousand_usd,not_applicable,,2026-08-17,FDI_Eng-countries.xlsx,FDI (annual),C76,published
fdi_flows,country,m49_659,659,Saint Kitts and Nevis,group_other,country,1997,inflow,,-,thousand_usd,not_applicable,,2026-08-17,FDI_Eng-countries.xlsx,FDI (annual),D76,published
fdi_flows,country,m49_659,659,Saint Kitts and Nevis,group_other,country,1998,inflow,,-,thousand_usd,not_applicable,,2026-08-17,FDI_Eng-countries.xlsx,FDI (annual),E76,published
fdi_flows,country,m49_659,659,Saint Kitts and Nevis,group_other,country,1999,inflow,,-,thousand_usd,not_applicable,,2026-08-17,FDI_Eng-countries.xlsx,FDI (annual),F76,published
fdi_flows,country,m49_659,659,Saint Kitts and Nevis,group_other,country,2000,inflow,,-,thousand_usd,not_applicable,,2026-08-17,FDI_Eng-countries.xlsx,FDI (annual),G76,published
fdi_flows,country,m49_659,659,Saint Kitts and Nevis,group_other,country,2001,inflow,,-,thousand_usd,not_applicable,,2026-08-17,FDI_Eng-countries.xlsx,FDI (annual),H76,published
fdi_flows,country,m49_659,659,Saint Kitts and Nevis,group_other,country,2002,inflow,,-,thousand_usd,not_applicable,,2026-08-17,FDI_Eng-countries.xlsx,FDI (annual),I76,published
fdi_flows,country,m49_659,659,Saint Kitts and Nevis,group_other,country,2003,inflow,,-,thousand_usd,not_applicable,,2026-08-17,FDI_Eng-countries.xlsx,FDI (annual),J76,published
fdi_flows,country,m49_659,659,Saint Kitts and Nevis,group_other,country,2004,inflow,,-,thousand_usd,not_applicable,,2026-08-17,FDI_Eng-countries.xlsx,FDI (annual),K76,published
fdi_flows,country,m49_659,659,Saint Kitts and Nevis,group_other,country,2005,inflow,,-,thousand_usd,not_applicable,,2026-08-17,FDI_Eng-countries.xlsx,FDI (annual),L76,published
fdi_flows,country,m49_659,659,Saint Kitts and Nevis,group_other,country,2006,inflow,509663.86327999999000,509.66386327999999,thousand_usd,numeric,,2026-08-17,FDI_Eng-countries.xlsx,FDI (annual),M76,published
fdi_flows,country,m49_659,659,Saint Kitts and Nevis,group_other,country,2007,inflow,,-,thousand_usd,not_applicable,,2026-08-17,FDI_Eng-countries.xlsx,FDI (annual),N76,published
fdi_flows,country,m49_659,659,Saint Kitts and Nevis,group_other,country,2008,inflow,,-,thousand_usd,not_applicable,,2026-08-17,FDI_Eng-countries.xlsx,FDI (annual),O76,published
fdi_flows,country,m49_659,659,Saint Kitts and Nevis,group_other,country,2009,inflow,,-,thousand_usd,not_applicable,,2026-08-17,FDI_Eng-countries.xlsx,FDI (annual),P76,published
fdi_flows,country,m49_659,659,Saint Kitts and Nevis,group_other,country,2010,inflow,,-,thousand_usd,not_applicable,,2026-08-17,FDI_Eng-countries.xlsx,FDI (annual),Q76,published
fdi_flows,country,m49_659,659,Saint Kitts and Nevis,group_other,country,2011,inflow,-107074.30000000001000,-107.07430000000001,thousand_usd,numeric,,2026-08-17,FDI_Eng-countries.xlsx,FDI (annual),R76,published
fdi_flows,country,m49_659,659,Saint Kitts and Nevis,group_other,country,2012,inflow,-5435376.8000,-5435.3768,thousand_usd,numeric,,2026-08-17,FDI_Eng-countries.xlsx,FDI (annual),S76,published
fdi_flows,country,m49_659,659,Saint Kitts and Nevis,group_other,country,2013,inflow,-4553218.4999999999000,-4553.2184999999999,thousand_usd,numeric,,2026-08-17,FDI_Eng-countries.xlsx,FDI (annual),T76,published
fdi_flows,country,m49_659,659,Saint Kitts and Nevis,group_other,country,2014,inflow,385077.60000000002000,385.07760000000002,thousand_usd,numeric,,2026-08-17,FDI_Eng-countries.xlsx,FDI (annual),U76,published
fdi_flows,country,m49_659,659,Saint Kitts and Nevis,group_other,country,2015,inflow,7811738.4999999995000,7811.7384999999995,thousand_usd,numeric,,2026-08-17,FDI_Eng-countries.xlsx,FDI (annual),V76,published
fdi_flows,country,m49_659,659,Saint Kitts and Nevis,group_other,country,2016,inflow,-5940133.1000,-5940.1331,thousand_usd,numeric,,2026-08-17,FDI_Eng-countries.xlsx,FDI (annual),W76,published
fdi_flows,country,m49_659,659,Saint Kitts and Nevis,group_other,country,2017,inflow,1090101.3000000003000,1090.1013000000003,thousand_usd,numeric,,2026-08-17,FDI_Eng-countries.xlsx,FDI (annual),X76,published
fdi_flows,country,m49_659,659,Saint Kitts and Nevis,group_other,country,2018,inflow,505213.59999999959000,505.21359999999959,thousand_usd,numeric,,2026-08-17,FDI_Eng-countries.xlsx,FDI (annual),Y76,published
fdi_flows,country,m49_659,659,Saint Kitts and Nevis,group_other,country,2019,inflow,-1684185.9000000002000,-1684.1859000000002,thousand_usd,numeric,,2026-08-17,FDI_Eng-countries.xlsx,FDI (annual),Z76,published
fdi_flows,country,m49_659,659,Saint Kitts and Nevis,group_other,country,2020,inflow,-3991172.2000,-3991.1722,thousand_usd,numeric,,2026-08-17,FDI_Eng-countries.xlsx,FDI (annual),AA76,published
fdi_flows,country,m49_659,659,Saint Kitts and Nevis,group_other,country,2021,inflow,384809.40000000021000,384.80940000000021,thousand_usd,numeric,,2026-08-17,FDI_Eng-countries.xlsx,FDI (annual),AB76,published
fdi_flows,country,m49_659,659,Saint Kitts and Nevis,group_other,country,2022,inflow,-4519795.5000000002000,-4519.7955000000002,thousand_usd,numeric,,2026-08-17,FDI_Eng-countries.xlsx,FDI (annual),AC76,published
fdi_flows,country,m49_659,659,Saint Kitts and Nevis,group_other,country,2023,inflow,-4044613.9000000003000,-4044.6139000000003,thousand_usd,numeric,,2026-08-17,FDI_Eng-countries.xlsx,FDI (annual),AD76,published
fdi_flows,country,m49_659,659,Saint Kitts and Nevis,group_other,country,2024,inflow,-2641189.9000000003000,-2641.1899000000003,thousand_usd,numeric,,2026-08-17,FDI_Eng-countries.xlsx,FDI (annual),AE76,published
fdi_flows,country,m49_659,659,Saint Kitts and Nevis,group_other,country,2025,inflow,3067346.2000,3067.3462,thousand_usd,numeric,,2026-08-17,FDI_Eng-countries.xlsx,FDI (annual),AF76,published
fdi_flows,country,m49_682,682,Saudi Arabia,group_other,country,1996,inflow,,-,thousand_usd,not_applicable,,2026-08-17,FDI_Eng-countries.xlsx,FDI (annual),C77,published
fdi_flows,country,m49_682,682,Saudi Arabia,group_other,country,1997,inflow,2191033.1962000,2191.0331962,thousand_usd,numeric,,2026-08-17,FDI_Eng-countries.xlsx,FDI (annual),D77,published
fdi_flows,country,m49_682,682,Saudi Arabia,group_other,country,1998,inflow,2213123.2326999998000,2213.1232326999998,thousand_usd,numeric,,2026-08-17,FDI_Eng-countries.xlsx,FDI (annual),E77,published
fdi_flows,country,m49_682,682,Saudi Arabia,group_other,country,1999,inflow,44324.567217999999000,44.324567217999999,thousand_usd,numeric,,2026-08-17,FDI_Eng-countries.xlsx,FDI (annual),F77,published
fdi_flows,country,m49_682,682,Saudi Arabia,group_other,country,2000,inflow,41003.055891999999000,41.003055891999999,thousand_usd,numeric,,2026-08-17,FDI_Eng-countries.xlsx,FDI (annual),G77,published
fdi_flows,country,m49_682,682,Saudi Arabia,group_other,country,2001,inflow,72319.416688000004000,72.319416688000004,thousand_usd,numeric,,2026-08-17,FDI_Eng-countries.xlsx,FDI (annual),H77,published
fdi_flows,country,m49_682,682,Saudi Arabia,group_other,country,2002,inflow,149004.93367999999000,149.00493367999999,thousand_usd,numeric,,2026-08-17,FDI_Eng-countries.xlsx,FDI (annual),I77,published
fdi_flows,country,m49_682,682,Saudi Arabia,group_other,country,2003,inflow,,-,thousand_usd,not_applicable,,2026-08-17,FDI_Eng-countries.xlsx,FDI (annual),J77,published
fdi_flows,country,m49_682,682,Saudi Arabia,group_other,country,2004,inflow,,-,thousand_usd,not_applicable,,2026-08-17,FDI_Eng-countries.xlsx,FDI (annual),K77,published
fdi_flows,country,m49_682,682,Saudi Arabia,group_other,country,2005,inflow,150246.63007000001000,150.24663007000001,thousand_usd,numeric,,2026-08-17,FDI_Eng-countries.xlsx,FDI (annual),L77,published
fdi_flows,country,m49_682,682,Saudi Arabia,group_other,country,2006,inflow,263800.29689999998000,263.80029689999998,thousand_usd,numeric,,2026-08-17,FDI_Eng-countries.xlsx,FDI (annual),M77,published
fdi_flows,country,m49_682,682,Saudi Arabia,group_other,country,2007,inflow,,-,thousand_usd,not_applicable,,2026-08-17,FDI_Eng-countries.xlsx,FDI (annual),N77,published
fdi_flows,country,m49_682,682,Saudi Arabia,group_other,country,2008,inflow,,-,thousand_usd,not_applicable,,2026-08-17,FDI_Eng-countries.xlsx,FDI (annual),O77,published
fdi_flows,country,m49_682,682,Saudi Arabia,group_other,country,2009,inflow,-2134.7000,-2.1347,thousand_usd,numeric,,2026-08-17,FDI_Eng-countries.xlsx,FDI (annual),P77,published
fdi_flows,country,m49_682,682,Saudi Arabia,group_other,country,2010,inflow,,-,thousand_usd,not_applicable,,2026-08-17,FDI_Eng-countries.xlsx,FDI (annual),Q77,published
fdi_flows,country,m49_682,682,Saudi Arabia,group_other,country,2011,inflow,2037659.5000,2037.6595,thousand_usd,numeric,,2026-08-17,FDI_Eng-countries.xlsx,FDI (annual),R77,published
fdi_flows,country,m49_682,682,Saudi Arabia,group_other,country,2012,inflow,39475447.199999995000,39475.447199999995,thousand_usd,numeric,,2026-08-17,FDI_Eng-countries.xlsx,FDI (annual),S77,published
fdi_flows,country,m49_682,682,Saudi Arabia,group_other,country,2013,inflow,8698137.6000,8698.1376,thousand_usd,numeric,,2026-08-17,FDI_Eng-countries.xlsx,FDI (annual),T77,published
fdi_flows,country,m49_682,682,Saudi Arabia,group_other,country,2014,inflow,27502376.700000004000,27502.376700000004,thousand_usd,numeric,,2026-08-17,FDI_Eng-countries.xlsx,FDI (annual),U77,published
fdi_flows,country,m49_682,682,Saudi Arabia,group_other,country,2015,inflow,-32930567.999999999000,-32930.567999999999,thousand_usd,numeric,,2026-08-17,FDI_Eng-countries.xlsx,FDI (annual),V77,published
fdi_flows,country,m49_682,682,Saudi Arabia,group_other,country,2016,inflow,17399630.599999997000,17399.630599999997,thousand_usd,numeric,,2026-08-17,FDI_Eng-countries.xlsx,FDI (annual),W77,published
fdi_flows,country,m49_682,682,Saudi Arabia,group_other,country,2017,inflow,-4456337.9999999997000,-4456.3379999999997,thousand_usd,numeric,,2026-08-17,FDI_Eng-countries.xlsx,FDI (annual),X77,published
fdi_flows,country,m49_682,682,Saudi Arabia,group_other,country,2018,inflow,3059092.9999999998000,3059.0929999999998,thousand_usd,numeric,,2026-08-17,FDI_Eng-countries.xlsx,FDI (annual),Y77,published
fdi_flows,country,m49_682,682,Saudi Arabia,group_other,country,2019,inflow,-214863.8999999996000,-214.8638999999996,thousand_usd,numeric,,2026-08-17,FDI_Eng-countries.xlsx,FDI (annual),Z77,published
fdi_flows,country,m49_682,682,Saudi Arabia,group_other,country,2020,inflow,-437524.19999999995000,-437.52419999999995,thousand_usd,numeric,,2026-08-17,FDI_Eng-countries.xlsx,FDI (annual),AA77,published
fdi_flows,country,m49_682,682,Saudi Arabia,group_other,country,2021,inflow,-10207376.599999998000,-10207.376599999998,thousand_usd,numeric,,2026-08-17,FDI_Eng-countries.xlsx,FDI (annual),AB77,published
fdi_flows,country,m49_682,682,Saudi Arabia,group_other,country,2022,inflow,-1350666.299999999000,-1350.666299999999,thousand_usd,numeric,,2026-08-17,FDI_Eng-countries.xlsx,FDI (annual),AC77,published
fdi_flows,country,m49_682,682,Saudi Arabia,group_other,country,2023,inflow,-4448871.8999999992000,-4448.8718999999992,thousand_usd,numeric,,2026-08-17,FDI_Eng-countries.xlsx,FDI (annual),AD77,published
fdi_flows,country,m49_682,682,Saudi Arabia,group_other,country,2024,inflow,3044135.3999999988000,3044.1353999999988,thousand_usd,numeric,,2026-08-17,FDI_Eng-countries.xlsx,FDI (annual),AE77,published
fdi_flows,country,m49_682,682,Saudi Arabia,group_other,country,2025,inflow,2956238.1000000005000,2956.2381000000005,thousand_usd,numeric,,2026-08-17,FDI_Eng-countries.xlsx,FDI (annual),AF77,published
fdi_flows,country,m49_690,690,Seychelles,group_other,country,1996,inflow,,-,thousand_usd,not_applicable,,2026-08-17,FDI_Eng-countries.xlsx,FDI (annual),C78,published
fdi_flows,country,m49_690,690,Seychelles,group_other,country,1997,inflow,,-,thousand_usd,not_applicable,,2026-08-17,FDI_Eng-countries.xlsx,FDI (annual),D78,published
fdi_flows,country,m49_690,690,Seychelles,group_other,country,1998,inflow,,-,thousand_usd,not_applicable,,2026-08-17,FDI_Eng-countries.xlsx,FDI (annual),E78,published
fdi_flows,country,m49_690,690,Seychelles,group_other,country,1999,inflow,,-,thousand_usd,not_applicable,,2026-08-17,FDI_Eng-countries.xlsx,FDI (annual),F78,published
fdi_flows,country,m49_690,690,Seychelles,group_other,country,2000,inflow,,-,thousand_usd,not_applicable,,2026-08-17,FDI_Eng-countries.xlsx,FDI (annual),G78,published
fdi_flows,country,m49_690,690,Seychelles,group_other,country,2001,inflow,,-,thousand_usd,not_applicable,,2026-08-17,FDI_Eng-countries.xlsx,FDI (annual),H78,published
fdi_flows,country,m49_690,690,Seychelles,group_other,country,2002,inflow,,-,thousand_usd,not_applicable,,2026-08-17,FDI_Eng-countries.xlsx,FDI (annual),I78,published
fdi_flows,country,m49_690,690,Seychelles,group_other,country,2003,inflow,,-,thousand_usd,not_applicable,,2026-08-17,FDI_Eng-countries.xlsx,FDI (annual),J78,published
fdi_flows,country,m49_690,690,Seychelles,group_other,country,2004,inflow,,-,thousand_usd,not_applicable,,2026-08-17,FDI_Eng-countries.xlsx,FDI (annual),K78,published
fdi_flows,country,m49_690,690,Seychelles,group_other,country,2005,inflow,154312.88999999998000,154.31288999999998,thousand_usd,numeric,,2026-08-17,FDI_Eng-countries.xlsx,FDI (annual),L78,published
fdi_flows,country,m49_690,690,Seychelles,group_other,country,2006,inflow,,-,thousand_usd,not_applicable,,2026-08-17,FDI_Eng-countries.xlsx,FDI (annual),M78,published
fdi_flows,country,m49_690,690,Seychelles,group_other,country,2007,inflow,4306180.3521000002000,4306.1803521000002,thousand_usd,numeric,,2026-08-17,FDI_Eng-countries.xlsx,FDI (annual),N78,published
fdi_flows,country,m49_690,690,Seychelles,group_other,country,2008,inflow,4350516.2362999999000,4350.5162362999999,thousand_usd,numeric,,2026-08-17,FDI_Eng-countries.xlsx,FDI (annual),O78,published
fdi_flows,country,m49_690,690,Seychelles,group_other,country,2009,inflow,1481575.9000,1481.5759,thousand_usd,numeric,,2026-08-17,FDI_Eng-countries.xlsx,FDI (annual),P78,published
fdi_flows,country,m49_690,690,Seychelles,group_other,country,2010,inflow,5467517.8999999998000,5467.5178999999998,thousand_usd,numeric,,2026-08-17,FDI_Eng-countries.xlsx,FDI (annual),Q78,published
fdi_flows,country,m49_690,690,Seychelles,group_other,country,2011,inflow,8637259.5000000019000,8637.2595000000019,thousand_usd,numeric,,2026-08-17,FDI_Eng-countries.xlsx,FDI (annual),R78,published
fdi_flows,country,m49_690,690,Seychelles,group_other,country,2012,inflow,8761467.9999999989000,8761.4679999999989,thousand_usd,numeric,,2026-08-17,FDI_Eng-countries.xlsx,FDI (annual),S78,published
fdi_flows,country,m49_690,690,Seychelles,group_other,country,2013,inflow,1249934.6999999998000,1249.9346999999998,thousand_usd,numeric,,2026-08-17,FDI_Eng-countries.xlsx,FDI (annual),T78,published
fdi_flows,country,m49_690,690,Seychelles,group_other,country,2014,inflow,-1580394.2999999997000,-1580.3942999999997,thousand_usd,numeric,,2026-08-17,FDI_Eng-countries.xlsx,FDI (annual),U78,published
fdi_flows,country,m49_690,690,Seychelles,group_other,country,2015,inflow,6473271.0999999999000,6473.2710999999999,thousand_usd,numeric,,2026-08-17,FDI_Eng-countries.xlsx,FDI (annual),V78,published
fdi_flows,country,m49_690,690,Seychelles,group_other,country,2016,inflow,-4513496.4999999993000,-4513.4964999999993,thousand_usd,numeric,,2026-08-17,FDI_Eng-countries.xlsx,FDI (annual),W78,published
fdi_flows,country,m49_690,690,Seychelles,group_other,country,2017,inflow,5165387.3999999996000,5165.3873999999996,thousand_usd,numeric,,2026-08-17,FDI_Eng-countries.xlsx,FDI (annual),X78,published
fdi_flows,country,m49_690,690,Seychelles,group_other,country,2018,inflow,3395739.4999999997000,3395.7394999999997,thousand_usd,numeric,,2026-08-17,FDI_Eng-countries.xlsx,FDI (annual),Y78,published
fdi_flows,country,m49_690,690,Seychelles,group_other,country,2019,inflow,3056047.7999999998000,3056.0477999999998,thousand_usd,numeric,,2026-08-17,FDI_Eng-countries.xlsx,FDI (annual),Z78,published
fdi_flows,country,m49_690,690,Seychelles,group_other,country,2020,inflow,-907587.40000000034000,-907.58740000000034,thousand_usd,numeric,,2026-08-17,FDI_Eng-countries.xlsx,FDI (annual),AA78,published
fdi_flows,country,m49_690,690,Seychelles,group_other,country,2021,inflow,29944144.400000001000,29944.144400000001,thousand_usd,numeric,,2026-08-17,FDI_Eng-countries.xlsx,FDI (annual),AB78,published
fdi_flows,country,m49_690,690,Seychelles,group_other,country,2022,inflow,7369313.0000000001000,7369.3130000000001,thousand_usd,numeric,,2026-08-17,FDI_Eng-countries.xlsx,FDI (annual),AC78,published
fdi_flows,country,m49_690,690,Seychelles,group_other,country,2023,inflow,-5415358.400000001000,-5415.358400000001,thousand_usd,numeric,,2026-08-17,FDI_Eng-countries.xlsx,FDI (annual),AD78,published
fdi_flows,country,m49_690,690,Seychelles,group_other,country,2024,inflow,-2822379.9999999997000,-2822.3799999999997,thousand_usd,numeric,,2026-08-17,FDI_Eng-countries.xlsx,FDI (annual),AE78,published
fdi_flows,country,m49_690,690,Seychelles,group_other,country,2025,inflow,3105626.2000000002000,3105.6262000000002,thousand_usd,numeric,,2026-08-17,FDI_Eng-countries.xlsx,FDI (annual),AF78,published
fdi_flows,country,m49_703,703,Slovakia,group_eu27,country,1996,inflow,,-,thousand_usd,not_applicable,,2026-08-17,FDI_Eng-countries.xlsx,FDI (annual),C31,published
fdi_flows,country,m49_703,703,Slovakia,group_eu27,country,1997,inflow,,-,thousand_usd,not_applicable,,2026-08-17,FDI_Eng-countries.xlsx,FDI (annual),D31,published
fdi_flows,country,m49_703,703,Slovakia,group_eu27,country,1998,inflow,,-,thousand_usd,not_applicable,,2026-08-17,FDI_Eng-countries.xlsx,FDI (annual),E31,published
fdi_flows,country,m49_703,703,Slovakia,group_eu27,country,1999,inflow,,-,thousand_usd,not_applicable,,2026-08-17,FDI_Eng-countries.xlsx,FDI (annual),F31,published
fdi_flows,country,m49_703,703,Slovakia,group_eu27,country,2000,inflow,,-,thousand_usd,not_applicable,,2026-08-17,FDI_Eng-countries.xlsx,FDI (annual),G31,published
fdi_flows,country,m49_703,703,Slovakia,group_eu27,country,2001,inflow,,-,thousand_usd,not_applicable,,2026-08-17,FDI_Eng-countries.xlsx,FDI (annual),H31,published
fdi_flows,country,m49_703,703,Slovakia,group_eu27,country,2002,inflow,,-,thousand_usd,not_applicable,,2026-08-17,FDI_Eng-countries.xlsx,FDI (annual),I31,published
fdi_flows,country,m49_703,703,Slovakia,group_eu27,country,2003,inflow,,-,thousand_usd,not_applicable,,2026-08-17,FDI_Eng-countries.xlsx,FDI (annual),J31,published
fdi_flows,country,m49_703,703,Slovakia,group_eu27,country,2004,inflow,,-,thousand_usd,not_applicable,,2026-08-17,FDI_Eng-countries.xlsx,FDI (annual),K31,published
fdi_flows,country,m49_703,703,Slovakia,group_eu27,country,2005,inflow,,-,thousand_usd,not_applicable,,2026-08-17,FDI_Eng-countries.xlsx,FDI (annual),L31,published
fdi_flows,country,m49_703,703,Slovakia,group_eu27,country,2006,inflow,,-,thousand_usd,not_applicable,,2026-08-17,FDI_Eng-countries.xlsx,FDI (annual),M31,published
fdi_flows,country,m49_703,703,Slovakia,group_eu27,country,2007,inflow,,-,thousand_usd,not_applicable,,2026-08-17,FDI_Eng-countries.xlsx,FDI (annual),N31,published
fdi_flows,country,m49_703,703,Slovakia,group_eu27,country,2008,inflow,,-,thousand_usd,not_applicable,,2026-08-17,FDI_Eng-countries.xlsx,FDI (annual),O31,published
fdi_flows,country,m49_703,703,Slovakia,group_eu27,country,2009,inflow,23286.200000000001000,23.286200000000001,thousand_usd,numeric,,2026-08-17,FDI_Eng-countries.xlsx,FDI (annual),P31,published
fdi_flows,country,m49_703,703,Slovakia,group_eu27,country,2010,inflow,8799.8999999999938000,8.7998999999999938,thousand_usd,numeric,,2026-08-17,FDI_Eng-countries.xlsx,FDI (annual),Q31,published
fdi_flows,country,m49_703,703,Slovakia,group_eu27,country,2011,inflow,20101.199999999999000,20.101199999999999,thousand_usd,numeric,,2026-08-17,FDI_Eng-countries.xlsx,FDI (annual),R31,published
fdi_flows,country,m49_703,703,Slovakia,group_eu27,country,2012,inflow,3795779.6434000002000,3795.7796434000002,thousand_usd,numeric,,2026-08-17,FDI_Eng-countries.xlsx,FDI (annual),S31,published
fdi_flows,country,m49_703,703,Slovakia,group_eu27,country,2013,inflow,-277983.99999999998000,-277.98399999999998,thousand_usd,numeric,,2026-08-17,FDI_Eng-countries.xlsx,FDI (annual),T31,published
fdi_flows,country,m49_703,703,Slovakia,group_eu27,country,2014,inflow,3578333.8999999996000,3578.3338999999996,thousand_usd,numeric,,2026-08-17,FDI_Eng-countries.xlsx,FDI (annual),U31,published
fdi_flows,country,m49_703,703,Slovakia,group_eu27,country,2015,inflow,3450163.4999999997000,3450.1634999999997,thousand_usd,numeric,,2026-08-17,FDI_Eng-countries.xlsx,FDI (annual),V31,published
fdi_flows,country,m49_703,703,Slovakia,group_eu27,country,2016,inflow,-1033681.1000000002000,-1033.6811000000002,thousand_usd,numeric,,2026-08-17,FDI_Eng-countries.xlsx,FDI (annual),W31,published
fdi_flows,country,m49_703,703,Slovakia,group_eu27,country,2017,inflow,2753707.5999999993000,2753.7075999999993,thousand_usd,numeric,,2026-08-17,FDI_Eng-countries.xlsx,FDI (annual),X31,published
fdi_flows,country,m49_703,703,Slovakia,group_eu27,country,2018,inflow,3651812.7000000004000,3651.8127000000004,thousand_usd,numeric,,2026-08-17,FDI_Eng-countries.xlsx,FDI (annual),Y31,published
fdi_flows,country,m49_703,703,Slovakia,group_eu27,country,2019,inflow,1938647.2999999996000,1938.6472999999996,thousand_usd,numeric,,2026-08-17,FDI_Eng-countries.xlsx,FDI (annual),Z31,published
fdi_flows,country,m49_703,703,Slovakia,group_eu27,country,2020,inflow,16606664.500000003000,16606.664500000003,thousand_usd,numeric,,2026-08-17,FDI_Eng-countries.xlsx,FDI (annual),AA31,published
fdi_flows,country,m49_703,703,Slovakia,group_eu27,country,2021,inflow,-1315884.6999999998000,-1315.8846999999998,thousand_usd,numeric,,2026-08-17,FDI_Eng-countries.xlsx,FDI (annual),AB31,published
fdi_flows,country,m49_703,703,Slovakia,group_eu27,country,2022,inflow,4297278.1000000004000,4297.2781000000004,thousand_usd,numeric,,2026-08-17,FDI_Eng-countries.xlsx,FDI (annual),AC31,published
fdi_flows,country,m49_703,703,Slovakia,group_eu27,country,2023,inflow,265483.1999999999000,265.4831999999999,thousand_usd,numeric,,2026-08-17,FDI_Eng-countries.xlsx,FDI (annual),AD31,published
fdi_flows,country,m49_703,703,Slovakia,group_eu27,country,2024,inflow,14373122.200000002000,14373.122200000002,thousand_usd,numeric,,2026-08-17,FDI_Eng-countries.xlsx,FDI (annual),AE31,published
fdi_flows,country,m49_703,703,Slovakia,group_eu27,country,2025,inflow,11912090.799999998000,11912.090799999998,thousand_usd,numeric,,2026-08-17,FDI_Eng-countries.xlsx,FDI (annual),AF31,published
fdi_flows,country,m49_705,705,Slovenia,group_eu27,country,1996,inflow,,-,thousand_usd,not_applicable,,2026-08-17,FDI_Eng-countries.xlsx,FDI (annual),C32,published
fdi_flows,country,m49_705,705,Slovenia,group_eu27,country,1997,inflow,,-,thousand_usd,not_applicable,,2026-08-17,FDI_Eng-countries.xlsx,FDI (annual),D32,published
fdi_flows,country,m49_705,705,Slovenia,group_eu27,country,1998,inflow,,-,thousand_usd,not_applicable,,2026-08-17,FDI_Eng-countries.xlsx,FDI (annual),E32,published
fdi_flows,country,m49_705,705,Slovenia,group_eu27,country,1999,inflow,,-,thousand_usd,not_applicable,,2026-08-17,FDI_Eng-countries.xlsx,FDI (annual),F32,published
fdi_flows,country,m49_705,705,Slovenia,group_eu27,country,2000,inflow,,-,thousand_usd,not_applicable,,2026-08-17,FDI_Eng-countries.xlsx,FDI (annual),G32,published
fdi_flows,country,m49_705,705,Slovenia,group_eu27,country,2001,inflow,,-,thousand_usd,not_applicable,,2026-08-17,FDI_Eng-countries.xlsx,FDI (annual),H32,published
fdi_flows,country,m49_705,705,Slovenia,group_eu27,country,2002,inflow,,-,thousand_usd,not_applicable,,2026-08-17,FDI_Eng-countries.xlsx,FDI (annual),I32,published
fdi_flows,country,m49_705,705,Slovenia,group_eu27,country,2003,inflow,,-,thousand_usd,not_applicable,,2026-08-17,FDI_Eng-countries.xlsx,FDI (annual),J32,published
fdi_flows,country,m49_705,705,Slovenia,group_eu27,country,2004,inflow,,-,thousand_usd,not_applicable,,2026-08-17,FDI_Eng-countries.xlsx,FDI (annual),K32,published
fdi_flows,country,m49_705,705,Slovenia,group_eu27,country,2005,inflow,,-,thousand_usd,not_applicable,,2026-08-17,FDI_Eng-countries.xlsx,FDI (annual),L32,published
fdi_flows,country,m49_705,705,Slovenia,group_eu27,country,2006,inflow,,-,thousand_usd,not_applicable,,2026-08-17,FDI_Eng-countries.xlsx,FDI (annual),M32,published
fdi_flows,country,m49_705,705,Slovenia,group_eu27,country,2007,inflow,,-,thousand_usd,not_applicable,,2026-08-17,FDI_Eng-countries.xlsx,FDI (annual),N32,published
fdi_flows,country,m49_705,705,Slovenia,group_eu27,country,2008,inflow,,-,thousand_usd,not_applicable,,2026-08-17,FDI_Eng-countries.xlsx,FDI (annual),O32,published
fdi_flows,country,m49_705,705,Slovenia,group_eu27,country,2009,inflow,,-,thousand_usd,not_applicable,,2026-08-17,FDI_Eng-countries.xlsx,FDI (annual),P32,published
fdi_flows,country,m49_705,705,Slovenia,group_eu27,country,2010,inflow,,-,thousand_usd,not_applicable,,2026-08-17,FDI_Eng-countries.xlsx,FDI (annual),Q32,published
fdi_flows,country,m49_705,705,Slovenia,group_eu27,country,2011,inflow,,-,thousand_usd,not_applicable,,2026-08-17,FDI_Eng-countries.xlsx,FDI (annual),R32,published
fdi_flows,country,m49_705,705,Slovenia,group_eu27,country,2012,inflow,,-,thousand_usd,not_applicable,,2026-08-17,FDI_Eng-countries.xlsx,FDI (annual),S32,published
fdi_flows,country,m49_705,705,Slovenia,group_eu27,country,2013,inflow,,-,thousand_usd,not_applicable,,2026-08-17,FDI_Eng-countries.xlsx,FDI (annual),T32,published
fdi_flows,country,m49_705,705,Slovenia,group_eu27,country,2014,inflow,63277.000000000001000,63.277000000000001,thousand_usd,numeric,,2026-08-17,FDI_Eng-countries.xlsx,FDI (annual),U32,published
fdi_flows,country,m49_705,705,Slovenia,group_eu27,country,2015,inflow,-4493.9999999999998000,-4.4939999999999998,thousand_usd,numeric,,2026-08-17,FDI_Eng-countries.xlsx,FDI (annual),V32,published
fdi_flows,country,m49_705,705,Slovenia,group_eu27,country,2016,inflow,865012.7000,865.0127,thousand_usd,numeric,,2026-08-17,FDI_Eng-countries.xlsx,FDI (annual),W32,published
fdi_flows,country,m49_705,705,Slovenia,group_eu27,country,2017,inflow,997034.60000000007000,997.03460000000007,thousand_usd,numeric,,2026-08-17,FDI_Eng-countries.xlsx,FDI (annual),X32,published
fdi_flows,country,m49_705,705,Slovenia,group_eu27,country,2018,inflow,887355.90000000002000,887.35590000000002,thousand_usd,numeric,,2026-08-17,FDI_Eng-countries.xlsx,FDI (annual),Y32,published
fdi_flows,country,m49_705,705,Slovenia,group_eu27,country,2019,inflow,1184406.9999999999000,1184.4069999999999,thousand_usd,numeric,,2026-08-17,FDI_Eng-countries.xlsx,FDI (annual),Z32,published
fdi_flows,country,m49_705,705,Slovenia,group_eu27,country,2020,inflow,-6188.9000000000003000,-6.1889000000000003,thousand_usd,numeric,,2026-08-17,FDI_Eng-countries.xlsx,FDI (annual),AA32,published
fdi_flows,country,m49_705,705,Slovenia,group_eu27,country,2021,inflow,34181.600000000003000,34.181600000000003,thousand_usd,numeric,,2026-08-17,FDI_Eng-countries.xlsx,FDI (annual),AB32,published
fdi_flows,country,m49_705,705,Slovenia,group_eu27,country,2022,inflow,290212.69999999998000,290.21269999999998,thousand_usd,numeric,,2026-08-17,FDI_Eng-countries.xlsx,FDI (annual),AC32,published
fdi_flows,country,m49_705,705,Slovenia,group_eu27,country,2023,inflow,148840.39999999999000,148.84039999999999,thousand_usd,numeric,,2026-08-17,FDI_Eng-countries.xlsx,FDI (annual),AD32,published
fdi_flows,country,m49_705,705,Slovenia,group_eu27,country,2024,inflow,61216.999999999999000,61.216999999999999,thousand_usd,numeric,,2026-08-17,FDI_Eng-countries.xlsx,FDI (annual),AE32,published
fdi_flows,country,m49_705,705,Slovenia,group_eu27,country,2025,inflow,-279161.7000,-279.1617,thousand_usd,numeric,,2026-08-17,FDI_Eng-countries.xlsx,FDI (annual),AF32,published
fdi_flows,country,m49_724,724,Spain,group_eu27,country,1996,inflow,,-,thousand_usd,not_applicable,,2026-08-17,FDI_Eng-countries.xlsx,FDI (annual),C33,published
fdi_flows,country,m49_724,724,Spain,group_eu27,country,1997,inflow,,-,thousand_usd,not_applicable,,2026-08-17,FDI_Eng-countries.xlsx,FDI (annual),D33,published
fdi_flows,country,m49_724,724,Spain,group_eu27,country,1998,inflow,,-,thousand_usd,not_applicable,,2026-08-17,FDI_Eng-countries.xlsx,FDI (annual),E33,published
fdi_flows,country,m49_724,724,Spain,group_eu27,country,1999,inflow,,-,thousand_usd,not_applicable,,2026-08-17,FDI_Eng-countries.xlsx,FDI (annual),F33,published
fdi_flows,country,m49_724,724,Spain,group_eu27,country,2000,inflow,,-,thousand_usd,not_applicable,,2026-08-17,FDI_Eng-countries.xlsx,FDI (annual),G33,published
fdi_flows,country,m49_724,724,Spain,group_eu27,country,2001,inflow,,-,thousand_usd,not_applicable,,2026-08-17,FDI_Eng-countries.xlsx,FDI (annual),H33,published
fdi_flows,country,m49_724,724,Spain,group_eu27,country,2002,inflow,,-,thousand_usd,not_applicable,,2026-08-17,FDI_Eng-countries.xlsx,FDI (annual),I33,published
fdi_flows,country,m49_724,724,Spain,group_eu27,country,2003,inflow,,-,thousand_usd,not_applicable,,2026-08-17,FDI_Eng-countries.xlsx,FDI (annual),J33,published
fdi_flows,country,m49_724,724,Spain,group_eu27,country,2004,inflow,,-,thousand_usd,not_applicable,,2026-08-17,FDI_Eng-countries.xlsx,FDI (annual),K33,published
fdi_flows,country,m49_724,724,Spain,group_eu27,country,2005,inflow,,-,thousand_usd,not_applicable,,2026-08-17,FDI_Eng-countries.xlsx,FDI (annual),L33,published
fdi_flows,country,m49_724,724,Spain,group_eu27,country,2006,inflow,,-,thousand_usd,not_applicable,,2026-08-17,FDI_Eng-countries.xlsx,FDI (annual),M33,published
fdi_flows,country,m49_724,724,Spain,group_eu27,country,2007,inflow,3297630.8245000,3297.6308245,thousand_usd,numeric,,2026-08-17,FDI_Eng-countries.xlsx,FDI (annual),N33,published
fdi_flows,country,m49_724,724,Spain,group_eu27,country,2008,inflow,5474790.25000,5474.79025,thousand_usd,numeric,,2026-08-17,FDI_Eng-countries.xlsx,FDI (annual),O33,published
fdi_flows,country,m49_724,724,Spain,group_eu27,country,2009,inflow,137042.7000,137.0427,thousand_usd,numeric,,2026-08-17,FDI_Eng-countries.xlsx,FDI (annual),P33,published
fdi_flows,country,m49_724,724,Spain,group_eu27,country,2010,inflow,91366.200000000006000,91.366200000000006,thousand_usd,numeric,,2026-08-17,FDI_Eng-countries.xlsx,FDI (annual),Q33,published
fdi_flows,country,m49_724,724,Spain,group_eu27,country,2011,inflow,30201.299999999947000,30.201299999999947,thousand_usd,numeric,,2026-08-17,FDI_Eng-countries.xlsx,FDI (annual),R33,published
fdi_flows,country,m49_724,724,Spain,group_eu27,country,2012,inflow,941861.19999999937000,941.86119999999937,thousand_usd,numeric,,2026-08-17,FDI_Eng-countries.xlsx,FDI (annual),S33,published
fdi_flows,country,m49_724,724,Spain,group_eu27,country,2013,inflow,-1645093.2000,-1645.0932,thousand_usd,numeric,,2026-08-17,FDI_Eng-countries.xlsx,FDI (annual),T33,published
fdi_flows,country,m49_724,724,Spain,group_eu27,country,2014,inflow,4730244.6000,4730.2446,thousand_usd,numeric,,2026-08-17,FDI_Eng-countries.xlsx,FDI (annual),U33,published
fdi_flows,country,m49_724,724,Spain,group_eu27,country,2015,inflow,1345490.6000000001000,1345.4906000000001,thousand_usd,numeric,,2026-08-17,FDI_Eng-countries.xlsx,FDI (annual),V33,published
fdi_flows,country,m49_724,724,Spain,group_eu27,country,2016,inflow,1115797.7000000001000,1115.7977000000001,thousand_usd,numeric,,2026-08-17,FDI_Eng-countries.xlsx,FDI (annual),W33,published
fdi_flows,country,m49_724,724,Spain,group_eu27,country,2017,inflow,5835863.7999999983000,5835.8637999999983,thousand_usd,numeric,,2026-08-17,FDI_Eng-countries.xlsx,FDI (annual),X33,published
fdi_flows,country,m49_724,724,Spain,group_eu27,country,2018,inflow,-3487280.2000000015000,-3487.2802000000015,thousand_usd,numeric,,2026-08-17,FDI_Eng-countries.xlsx,FDI (annual),Y33,published
fdi_flows,country,m49_724,724,Spain,group_eu27,country,2019,inflow,-3058919.0000000003000,-3058.9190000000003,thousand_usd,numeric,,2026-08-17,FDI_Eng-countries.xlsx,FDI (annual),Z33,published
fdi_flows,country,m49_724,724,Spain,group_eu27,country,2020,inflow,2937147.8999999999000,2937.1478999999999,thousand_usd,numeric,,2026-08-17,FDI_Eng-countries.xlsx,FDI (annual),AA33,published
fdi_flows,country,m49_724,724,Spain,group_eu27,country,2021,inflow,14407854.800000003000,14407.854800000003,thousand_usd,numeric,,2026-08-17,FDI_Eng-countries.xlsx,FDI (annual),AB33,published
fdi_flows,country,m49_724,724,Spain,group_eu27,country,2022,inflow,360476063.7000,360476.0637,thousand_usd,numeric,,2026-08-17,FDI_Eng-countries.xlsx,FDI (annual),AC33,published
fdi_flows,country,m49_724,724,Spain,group_eu27,country,2023,inflow,20604847.500000003000,20604.847500000003,thousand_usd,numeric,,2026-08-17,FDI_Eng-countries.xlsx,FDI (annual),AD33,published
fdi_flows,country,m49_724,724,Spain,group_eu27,country,2024,inflow,-192295554.09999998000,-192295.55409999998,thousand_usd,numeric,,2026-08-17,FDI_Eng-countries.xlsx,FDI (annual),AE33,published
fdi_flows,country,m49_724,724,Spain,group_eu27,country,2025,inflow,66894764.199999991000,66894.764199999991,thousand_usd,numeric,,2026-08-17,FDI_Eng-countries.xlsx,FDI (annual),AF33,published
fdi_flows,country,m49_752,752,Sweden,group_eu27,country,1996,inflow,,-,thousand_usd,not_applicable,,2026-08-17,FDI_Eng-countries.xlsx,FDI (annual),C34,published
fdi_flows,country,m49_752,752,Sweden,group_eu27,country,1997,inflow,,-,thousand_usd,not_applicable,,2026-08-17,FDI_Eng-countries.xlsx,FDI (annual),D34,published
fdi_flows,country,m49_752,752,Sweden,group_eu27,country,1998,inflow,,-,thousand_usd,not_applicable,,2026-08-17,FDI_Eng-countries.xlsx,FDI (annual),E34,published
fdi_flows,country,m49_752,752,Sweden,group_eu27,country,1999,inflow,,-,thousand_usd,not_applicable,,2026-08-17,FDI_Eng-countries.xlsx,FDI (annual),F34,published
fdi_flows,country,m49_752,752,Sweden,group_eu27,country,2000,inflow,,-,thousand_usd,not_applicable,,2026-08-17,FDI_Eng-countries.xlsx,FDI (annual),G34,published
fdi_flows,country,m49_752,752,Sweden,group_eu27,country,2001,inflow,,-,thousand_usd,not_applicable,,2026-08-17,FDI_Eng-countries.xlsx,FDI (annual),H34,published
fdi_flows,country,m49_752,752,Sweden,group_eu27,country,2002,inflow,,-,thousand_usd,not_applicable,,2026-08-17,FDI_Eng-countries.xlsx,FDI (annual),I34,published
fdi_flows,country,m49_752,752,Sweden,group_eu27,country,2003,inflow,,-,thousand_usd,not_applicable,,2026-08-17,FDI_Eng-countries.xlsx,FDI (annual),J34,published
fdi_flows,country,m49_752,752,Sweden,group_eu27,country,2004,inflow,,-,thousand_usd,not_applicable,,2026-08-17,FDI_Eng-countries.xlsx,FDI (annual),K34,published
fdi_flows,country,m49_752,752,Sweden,group_eu27,country,2005,inflow,160449.56263000,160.44956263,thousand_usd,numeric,,2026-08-17,FDI_Eng-countries.xlsx,FDI (annual),L34,published
fdi_flows,country,m49_752,752,Sweden,group_eu27,country,2006,inflow,189499.02639999999000,189.49902639999999,thousand_usd,numeric,,2026-08-17,FDI_Eng-countries.xlsx,FDI (annual),M34,published
fdi_flows,country,m49_752,752,Sweden,group_eu27,country,2007,inflow,6223508.0376000005000,6223.5080376000005,thousand_usd,numeric,,2026-08-17,FDI_Eng-countries.xlsx,FDI (annual),N34,published
fdi_flows,country,m49_752,752,Sweden,group_eu27,country,2008,inflow,7634829.3032000001000,7634.8293032000001,thousand_usd,numeric,,2026-08-17,FDI_Eng-countries.xlsx,FDI (annual),O34,published
fdi_flows,country,m49_752,752,Sweden,group_eu27,country,2009,inflow,-8831449.8999999996000,-8831.4498999999996,thousand_usd,numeric,,2026-08-17,FDI_Eng-countries.xlsx,FDI (annual),P34,published
fdi_flows,country,m49_752,752,Sweden,group_eu27,country,2010,inflow,-1596081.9000000001000,-1596.0819000000001,thousand_usd,numeric,,2026-08-17,FDI_Eng-countries.xlsx,FDI (annual),Q34,published
fdi_flows,country,m49_752,752,Sweden,group_eu27,country,2011,inflow,-3615206.7999999999000,-3615.2067999999999,thousand_usd,numeric,,2026-08-17,FDI_Eng-countries.xlsx,FDI (annual),R34,published
fdi_flows,country,m49_752,752,Sweden,group_eu27,country,2012,inflow,-4464534.6999999992000,-4464.5346999999992,thousand_usd,numeric,,2026-08-17,FDI_Eng-countries.xlsx,FDI (annual),S34,published
fdi_flows,country,m49_752,752,Sweden,group_eu27,country,2013,inflow,5265196.3999999998000,5265.1963999999998,thousand_usd,numeric,,2026-08-17,FDI_Eng-countries.xlsx,FDI (annual),T34,published
fdi_flows,country,m49_752,752,Sweden,group_eu27,country,2014,inflow,1059053.3000,1059.0533,thousand_usd,numeric,,2026-08-17,FDI_Eng-countries.xlsx,FDI (annual),U34,published
fdi_flows,country,m49_752,752,Sweden,group_eu27,country,2015,inflow,8726692.1000000002000,8726.6921000000002,thousand_usd,numeric,,2026-08-17,FDI_Eng-countries.xlsx,FDI (annual),V34,published
fdi_flows,country,m49_752,752,Sweden,group_eu27,country,2016,inflow,3094232.5000000001000,3094.2325000000001,thousand_usd,numeric,,2026-08-17,FDI_Eng-countries.xlsx,FDI (annual),W34,published
fdi_flows,country,m49_752,752,Sweden,group_eu27,country,2017,inflow,2039670.6999999992000,2039.6706999999992,thousand_usd,numeric,,2026-08-17,FDI_Eng-countries.xlsx,FDI (annual),X34,published
fdi_flows,country,m49_752,752,Sweden,group_eu27,country,2018,inflow,1070660.1000000005000,1070.6601000000005,thousand_usd,numeric,,2026-08-17,FDI_Eng-countries.xlsx,FDI (annual),Y34,published
fdi_flows,country,m49_752,752,Sweden,group_eu27,country,2019,inflow,4706551.8000000002000,4706.5518000000002,thousand_usd,numeric,,2026-08-17,FDI_Eng-countries.xlsx,FDI (annual),Z34,published
fdi_flows,country,m49_752,752,Sweden,group_eu27,country,2020,inflow,7697588.9999999999000,7697.5889999999999,thousand_usd,numeric,,2026-08-17,FDI_Eng-countries.xlsx,FDI (annual),AA34,published
fdi_flows,country,m49_752,752,Sweden,group_eu27,country,2021,inflow,4483803.2000000012000,4483.8032000000012,thousand_usd,numeric,,2026-08-17,FDI_Eng-countries.xlsx,FDI (annual),AB34,published
fdi_flows,country,m49_752,752,Sweden,group_eu27,country,2022,inflow,-360991.19999999999000,-360.99119999999999,thousand_usd,numeric,,2026-08-17,FDI_Eng-countries.xlsx,FDI (annual),AC34,published
fdi_flows,country,m49_752,752,Sweden,group_eu27,country,2023,inflow,-3018603.0999999998000,-3018.6030999999998,thousand_usd,numeric,,2026-08-17,FDI_Eng-countries.xlsx,FDI (annual),AD34,published
fdi_flows,country,m49_752,752,Sweden,group_eu27,country,2024,inflow,-170843.20000000002000,-170.84320000000002,thousand_usd,numeric,,2026-08-17,FDI_Eng-countries.xlsx,FDI (annual),AE34,published
fdi_flows,country,m49_752,752,Sweden,group_eu27,country,2025,inflow,4412455.7000000004000,4412.4557000000004,thousand_usd,numeric,,2026-08-17,FDI_Eng-countries.xlsx,FDI (annual),AF34,published
fdi_flows,country,m49_756,756,Switzerland,group_other,country,1996,inflow,,-,thousand_usd,not_applicable,,2026-08-17,FDI_Eng-countries.xlsx,FDI (annual),C79,published
fdi_flows,country,m49_756,756,Switzerland,group_other,country,1997,inflow,,-,thousand_usd,not_applicable,,2026-08-17,FDI_Eng-countries.xlsx,FDI (annual),D79,published
fdi_flows,country,m49_756,756,Switzerland,group_other,country,1998,inflow,,-,thousand_usd,not_applicable,,2026-08-17,FDI_Eng-countries.xlsx,FDI (annual),E79,published
fdi_flows,country,m49_756,756,Switzerland,group_other,country,1999,inflow,,-,thousand_usd,not_applicable,,2026-08-17,FDI_Eng-countries.xlsx,FDI (annual),F79,published
fdi_flows,country,m49_756,756,Switzerland,group_other,country,2000,inflow,599017.87397999999000,599.01787397999999,thousand_usd,numeric,,2026-08-17,FDI_Eng-countries.xlsx,FDI (annual),G79,published
fdi_flows,country,m49_756,756,Switzerland,group_other,country,2001,inflow,,-,thousand_usd,not_applicable,,2026-08-17,FDI_Eng-countries.xlsx,FDI (annual),H79,published
fdi_flows,country,m49_756,756,Switzerland,group_other,country,2002,inflow,,-,thousand_usd,not_applicable,,2026-08-17,FDI_Eng-countries.xlsx,FDI (annual),I79,published
fdi_flows,country,m49_756,756,Switzerland,group_other,country,2003,inflow,24812.339999999999000,24.812339999999999,thousand_usd,numeric,,2026-08-17,FDI_Eng-countries.xlsx,FDI (annual),J79,published
fdi_flows,country,m49_756,756,Switzerland,group_other,country,2004,inflow,42634.569999999997000,42.634569999999997,thousand_usd,numeric,,2026-08-17,FDI_Eng-countries.xlsx,FDI (annual),K79,published
fdi_flows,country,m49_756,756,Switzerland,group_other,country,2005,inflow,348385.13502000001000,348.38513502000001,thousand_usd,numeric,,2026-08-17,FDI_Eng-countries.xlsx,FDI (annual),L79,published
fdi_flows,country,m49_756,756,Switzerland,group_other,country,2006,inflow,342194.54701000001000,342.19454701000001,thousand_usd,numeric,,2026-08-17,FDI_Eng-countries.xlsx,FDI (annual),M79,published
fdi_flows,country,m49_756,756,Switzerland,group_other,country,2007,inflow,9961991.4059999992000,9961.9914059999992,thousand_usd,numeric,,2026-08-17,FDI_Eng-countries.xlsx,FDI (annual),N79,published
fdi_flows,country,m49_756,756,Switzerland,group_other,country,2008,inflow,89958560.933999994000,89958.560933999994,thousand_usd,numeric,,2026-08-17,FDI_Eng-countries.xlsx,FDI (annual),O79,published
fdi_flows,country,m49_756,756,Switzerland,group_other,country,2009,inflow,-11984003.3000,-11984.0033,thousand_usd,numeric,,2026-08-17,FDI_Eng-countries.xlsx,FDI (annual),P79,published
fdi_flows,country,m49_756,756,Switzerland,group_other,country,2010,inflow,21885065.5425000,21885.0655425,thousand_usd,numeric,,2026-08-17,FDI_Eng-countries.xlsx,FDI (annual),Q79,published
fdi_flows,country,m49_756,756,Switzerland,group_other,country,2011,inflow,29534490.496000006000,29534.490496000006,thousand_usd,numeric,,2026-08-17,FDI_Eng-countries.xlsx,FDI (annual),R79,published
fdi_flows,country,m49_756,756,Switzerland,group_other,country,2012,inflow,22027450.397200002000,22027.450397200002,thousand_usd,numeric,,2026-08-17,FDI_Eng-countries.xlsx,FDI (annual),S79,published
fdi_flows,country,m49_756,756,Switzerland,group_other,country,2013,inflow,24272350.874996304000,24272.350874996304,thousand_usd,numeric,,2026-08-17,FDI_Eng-countries.xlsx,FDI (annual),T79,published
fdi_flows,country,m49_756,756,Switzerland,group_other,country,2014,inflow,8326995.6792136018000,8326.9956792136018,thousand_usd,numeric,,2026-08-17,FDI_Eng-countries.xlsx,FDI (annual),U79,published
fdi_flows,country,m49_756,756,Switzerland,group_other,country,2015,inflow,741408.70565630007000,741.40870565630007,thousand_usd,numeric,,2026-08-17,FDI_Eng-countries.xlsx,FDI (annual),V79,published
fdi_flows,country,m49_756,756,Switzerland,group_other,country,2016,inflow,7112013.3000000005000,7112.0133000000005,thousand_usd,numeric,,2026-08-17,FDI_Eng-countries.xlsx,FDI (annual),W79,published
fdi_flows,country,m49_756,756,Switzerland,group_other,country,2017,inflow,29315030.899999991000,29315.030899999991,thousand_usd,numeric,,2026-08-17,FDI_Eng-countries.xlsx,FDI (annual),X79,published
fdi_flows,country,m49_756,756,Switzerland,group_other,country,2018,inflow,44256937.2000,44256.9372,thousand_usd,numeric,,2026-08-17,FDI_Eng-countries.xlsx,FDI (annual),Y79,published
fdi_flows,country,m49_756,756,Switzerland,group_other,country,2019,inflow,17416819.799999997000,17416.819799999997,thousand_usd,numeric,,2026-08-17,FDI_Eng-countries.xlsx,FDI (annual),Z79,published
fdi_flows,country,m49_756,756,Switzerland,group_other,country,2020,inflow,10219102.299999999000,10219.102299999999,thousand_usd,numeric,,2026-08-17,FDI_Eng-countries.xlsx,FDI (annual),AA79,published
fdi_flows,country,m49_756,756,Switzerland,group_other,country,2021,inflow,-1556846.6999999985000,-1556.8466999999985,thousand_usd,numeric,,2026-08-17,FDI_Eng-countries.xlsx,FDI (annual),AB79,published
fdi_flows,country,m49_756,756,Switzerland,group_other,country,2022,inflow,32719782.399999996000,32719.782399999996,thousand_usd,numeric,,2026-08-17,FDI_Eng-countries.xlsx,FDI (annual),AC79,published
fdi_flows,country,m49_756,756,Switzerland,group_other,country,2023,inflow,42961515.600000013000,42961.515600000013,thousand_usd,numeric,,2026-08-17,FDI_Eng-countries.xlsx,FDI (annual),AD79,published
fdi_flows,country,m49_756,756,Switzerland,group_other,country,2024,inflow,44252795.099999996000,44252.795099999996,thousand_usd,numeric,,2026-08-17,FDI_Eng-countries.xlsx,FDI (annual),AE79,published
fdi_flows,country,m49_756,756,Switzerland,group_other,country,2025,inflow,25120294.400000002000,25120.294400000002,thousand_usd,numeric,,2026-08-17,FDI_Eng-countries.xlsx,FDI (annual),AF79,published
fdi_flows,country,m49_760,760,Syria,group_other,country,1996,inflow,,-,thousand_usd,not_applicable,,2026-08-17,FDI_Eng-countries.xlsx,FDI (annual),C80,published
fdi_flows,country,m49_760,760,Syria,group_other,country,1997,inflow,,-,thousand_usd,not_applicable,,2026-08-17,FDI_Eng-countries.xlsx,FDI (annual),D80,published
fdi_flows,country,m49_760,760,Syria,group_other,country,1998,inflow,,-,thousand_usd,not_applicable,,2026-08-17,FDI_Eng-countries.xlsx,FDI (annual),E80,published
fdi_flows,country,m49_760,760,Syria,group_other,country,1999,inflow,,-,thousand_usd,not_applicable,,2026-08-17,FDI_Eng-countries.xlsx,FDI (annual),F80,published
fdi_flows,country,m49_760,760,Syria,group_other,country,2000,inflow,,-,thousand_usd,not_applicable,,2026-08-17,FDI_Eng-countries.xlsx,FDI (annual),G80,published
fdi_flows,country,m49_760,760,Syria,group_other,country,2001,inflow,,-,thousand_usd,not_applicable,,2026-08-17,FDI_Eng-countries.xlsx,FDI (annual),H80,published
fdi_flows,country,m49_760,760,Syria,group_other,country,2002,inflow,,-,thousand_usd,not_applicable,,2026-08-17,FDI_Eng-countries.xlsx,FDI (annual),I80,published
fdi_flows,country,m49_760,760,Syria,group_other,country,2003,inflow,,-,thousand_usd,not_applicable,,2026-08-17,FDI_Eng-countries.xlsx,FDI (annual),J80,published
fdi_flows,country,m49_760,760,Syria,group_other,country,2004,inflow,,-,thousand_usd,not_applicable,,2026-08-17,FDI_Eng-countries.xlsx,FDI (annual),K80,published
fdi_flows,country,m49_760,760,Syria,group_other,country,2005,inflow,,-,thousand_usd,not_applicable,,2026-08-17,FDI_Eng-countries.xlsx,FDI (annual),L80,published
fdi_flows,country,m49_760,760,Syria,group_other,country,2006,inflow,,-,thousand_usd,not_applicable,,2026-08-17,FDI_Eng-countries.xlsx,FDI (annual),M80,published
fdi_flows,country,m49_760,760,Syria,group_other,country,2007,inflow,3851.7365735000002000,3.8517365735000002,thousand_usd,numeric,,2026-08-17,FDI_Eng-countries.xlsx,FDI (annual),N80,published
fdi_flows,country,m49_760,760,Syria,group_other,country,2008,inflow,9174.7899999999998000,9.1747899999999998,thousand_usd,numeric,,2026-08-17,FDI_Eng-countries.xlsx,FDI (annual),O80,published
fdi_flows,country,m49_760,760,Syria,group_other,country,2009,inflow,12765.499999999999000,12.765499999999999,thousand_usd,numeric,,2026-08-17,FDI_Eng-countries.xlsx,FDI (annual),P80,published
fdi_flows,country,m49_760,760,Syria,group_other,country,2010,inflow,63344.6000,63.3446,thousand_usd,numeric,,2026-08-17,FDI_Eng-countries.xlsx,FDI (annual),Q80,published
fdi_flows,country,m49_760,760,Syria,group_other,country,2011,inflow,103416.2000,103.4162,thousand_usd,numeric,,2026-08-17,FDI_Eng-countries.xlsx,FDI (annual),R80,published
fdi_flows,country,m49_760,760,Syria,group_other,country,2012,inflow,-10284.799999999997000,-10.284799999999997,thousand_usd,numeric,,2026-08-17,FDI_Eng-countries.xlsx,FDI (annual),S80,published
fdi_flows,country,m49_760,760,Syria,group_other,country,2013,inflow,26130.100000000002000,26.130100000000002,thousand_usd,numeric,,2026-08-17,FDI_Eng-countries.xlsx,FDI (annual),T80,published
fdi_flows,country,m49_760,760,Syria,group_other,country,2014,inflow,116897.3000,116.8973,thousand_usd,numeric,,2026-08-17,FDI_Eng-countries.xlsx,FDI (annual),U80,published
fdi_flows,country,m49_760,760,Syria,group_other,country,2015,inflow,442078.70000000003000,442.07870000000003,thousand_usd,numeric,,2026-08-17,FDI_Eng-countries.xlsx,FDI (annual),V80,published
fdi_flows,country,m49_760,760,Syria,group_other,country,2016,inflow,386673.49999999999000,386.67349999999999,thousand_usd,numeric,,2026-08-17,FDI_Eng-countries.xlsx,FDI (annual),W80,published
fdi_flows,country,m49_760,760,Syria,group_other,country,2017,inflow,983190.29999999975000,983.19029999999975,thousand_usd,numeric,,2026-08-17,FDI_Eng-countries.xlsx,FDI (annual),X80,published
fdi_flows,country,m49_760,760,Syria,group_other,country,2018,inflow,193860.10000000005000,193.86010000000005,thousand_usd,numeric,,2026-08-17,FDI_Eng-countries.xlsx,FDI (annual),Y80,published
fdi_flows,country,m49_760,760,Syria,group_other,country,2019,inflow,362127.29999999993000,362.12729999999993,thousand_usd,numeric,,2026-08-17,FDI_Eng-countries.xlsx,FDI (annual),Z80,published
fdi_flows,country,m49_760,760,Syria,group_other,country,2020,inflow,-79854.800000000012000,-79.854800000000012,thousand_usd,numeric,,2026-08-17,FDI_Eng-countries.xlsx,FDI (annual),AA80,published
fdi_flows,country,m49_760,760,Syria,group_other,country,2021,inflow,-306668.09999999998000,-306.66809999999998,thousand_usd,numeric,,2026-08-17,FDI_Eng-countries.xlsx,FDI (annual),AB80,published
fdi_flows,country,m49_760,760,Syria,group_other,country,2022,inflow,72324.900000000071000,72.324900000000071,thousand_usd,numeric,,2026-08-17,FDI_Eng-countries.xlsx,FDI (annual),AC80,published
fdi_flows,country,m49_760,760,Syria,group_other,country,2023,inflow,357274.70000000005000,357.27470000000005,thousand_usd,numeric,,2026-08-17,FDI_Eng-countries.xlsx,FDI (annual),AD80,published
fdi_flows,country,m49_760,760,Syria,group_other,country,2024,inflow,148300.30000000005000,148.30030000000005,thousand_usd,numeric,,2026-08-17,FDI_Eng-countries.xlsx,FDI (annual),AE80,published
fdi_flows,country,m49_760,760,Syria,group_other,country,2025,inflow,294861.30000000009000,294.86130000000009,thousand_usd,numeric,,2026-08-17,FDI_Eng-countries.xlsx,FDI (annual),AF80,published
fdi_flows,country,m49_784,784,United Arab Emirates,group_other,country,1996,inflow,,-,thousand_usd,not_applicable,,2026-08-17,FDI_Eng-countries.xlsx,FDI (annual),C81,published
fdi_flows,country,m49_784,784,United Arab Emirates,group_other,country,1997,inflow,,-,thousand_usd,not_applicable,,2026-08-17,FDI_Eng-countries.xlsx,FDI (annual),D81,published
fdi_flows,country,m49_784,784,United Arab Emirates,group_other,country,1998,inflow,,-,thousand_usd,not_applicable,,2026-08-17,FDI_Eng-countries.xlsx,FDI (annual),E81,published
fdi_flows,country,m49_784,784,United Arab Emirates,group_other,country,1999,inflow,,-,thousand_usd,not_applicable,,2026-08-17,FDI_Eng-countries.xlsx,FDI (annual),F81,published
fdi_flows,country,m49_784,784,United Arab Emirates,group_other,country,2000,inflow,,-,thousand_usd,not_applicable,,2026-08-17,FDI_Eng-countries.xlsx,FDI (annual),G81,published
fdi_flows,country,m49_784,784,United Arab Emirates,group_other,country,2001,inflow,,-,thousand_usd,not_applicable,,2026-08-17,FDI_Eng-countries.xlsx,FDI (annual),H81,published
fdi_flows,country,m49_784,784,United Arab Emirates,group_other,country,2002,inflow,,-,thousand_usd,not_applicable,,2026-08-17,FDI_Eng-countries.xlsx,FDI (annual),I81,published
fdi_flows,country,m49_784,784,United Arab Emirates,group_other,country,2003,inflow,291142.8477000,291.1428477,thousand_usd,numeric,,2026-08-17,FDI_Eng-countries.xlsx,FDI (annual),J81,published
fdi_flows,country,m49_784,784,United Arab Emirates,group_other,country,2004,inflow,,-,thousand_usd,not_applicable,,2026-08-17,FDI_Eng-countries.xlsx,FDI (annual),K81,published
fdi_flows,country,m49_784,784,United Arab Emirates,group_other,country,2005,inflow,280461.81059999998000,280.46181059999998,thousand_usd,numeric,,2026-08-17,FDI_Eng-countries.xlsx,FDI (annual),L81,published
fdi_flows,country,m49_784,784,United Arab Emirates,group_other,country,2006,inflow,422649.71738000003000,422.64971738000003,thousand_usd,numeric,,2026-08-17,FDI_Eng-countries.xlsx,FDI (annual),M81,published
fdi_flows,country,m49_784,784,United Arab Emirates,group_other,country,2007,inflow,120186579.32000,120186.57932,thousand_usd,numeric,,2026-08-17,FDI_Eng-countries.xlsx,FDI (annual),N81,published
fdi_flows,country,m49_784,784,United Arab Emirates,group_other,country,2008,inflow,306576322.15000002000,306576.32215000002,thousand_usd,numeric,,2026-08-17,FDI_Eng-countries.xlsx,FDI (annual),O81,published
fdi_flows,country,m49_784,784,United Arab Emirates,group_other,country,2009,inflow,162756461.89999999000,162756.46189999999,thousand_usd,numeric,,2026-08-17,FDI_Eng-countries.xlsx,FDI (annual),P81,published
fdi_flows,country,m49_784,784,United Arab Emirates,group_other,country,2010,inflow,55530659.799999994000,55530.659799999994,thousand_usd,numeric,,2026-08-17,FDI_Eng-countries.xlsx,FDI (annual),Q81,published
fdi_flows,country,m49_784,784,United Arab Emirates,group_other,country,2011,inflow,48612111.914285699000,48612.111914285699,thousand_usd,numeric,,2026-08-17,FDI_Eng-countries.xlsx,FDI (annual),R81,published
fdi_flows,country,m49_784,784,United Arab Emirates,group_other,country,2012,inflow,25470100.485714283000,25470.100485714283,thousand_usd,numeric,,2026-08-17,FDI_Eng-countries.xlsx,FDI (annual),S81,published
fdi_flows,country,m49_784,784,United Arab Emirates,group_other,country,2013,inflow,68948381.158303309000,68948.381158303309,thousand_usd,numeric,,2026-08-17,FDI_Eng-countries.xlsx,FDI (annual),T81,published
fdi_flows,country,m49_784,784,United Arab Emirates,group_other,country,2014,inflow,25872252.388072899000,25872.252388072899,thousand_usd,numeric,,2026-08-17,FDI_Eng-countries.xlsx,FDI (annual),U81,published
fdi_flows,country,m49_784,784,United Arab Emirates,group_other,country,2015,inflow,36556135.803396508000,36556.135803396508,thousand_usd,numeric,,2026-08-17,FDI_Eng-countries.xlsx,FDI (annual),V81,published
fdi_flows,country,m49_784,784,United Arab Emirates,group_other,country,2016,inflow,55294345.900000015000,55294.345900000015,thousand_usd,numeric,,2026-08-17,FDI_Eng-countries.xlsx,FDI (annual),W81,published
fdi_flows,country,m49_784,784,United Arab Emirates,group_other,country,2017,inflow,146905771.30000002000,146905.77130000002,thousand_usd,numeric,,2026-08-17,FDI_Eng-countries.xlsx,FDI (annual),X81,published
fdi_flows,country,m49_784,784,United Arab Emirates,group_other,country,2018,inflow,33391777.999999998000,33391.777999999998,thousand_usd,numeric,,2026-08-17,FDI_Eng-countries.xlsx,FDI (annual),Y81,published
fdi_flows,country,m49_784,784,United Arab Emirates,group_other,country,2019,inflow,25612314.300000002000,25612.314300000002,thousand_usd,numeric,,2026-08-17,FDI_Eng-countries.xlsx,FDI (annual),Z81,published
fdi_flows,country,m49_784,784,United Arab Emirates,group_other,country,2020,inflow,-13636521.999999999000,-13636.521999999999,thousand_usd,numeric,,2026-08-17,FDI_Eng-countries.xlsx,FDI (annual),AA81,published
fdi_flows,country,m49_784,784,United Arab Emirates,group_other,country,2021,inflow,31458003.700000001000,31458.003700000001,thousand_usd,numeric,,2026-08-17,FDI_Eng-countries.xlsx,FDI (annual),AB81,published
fdi_flows,country,m49_784,784,United Arab Emirates,group_other,country,2022,inflow,28508026.299999998000,28508.026299999998,thousand_usd,numeric,,2026-08-17,FDI_Eng-countries.xlsx,FDI (annual),AC81,published
fdi_flows,country,m49_784,784,United Arab Emirates,group_other,country,2023,inflow,48617232.899999995000,48617.232899999995,thousand_usd,numeric,,2026-08-17,FDI_Eng-countries.xlsx,FDI (annual),AD81,published
fdi_flows,country,m49_784,784,United Arab Emirates,group_other,country,2024,inflow,42695531.299999995000,42695.531299999995,thousand_usd,numeric,,2026-08-17,FDI_Eng-countries.xlsx,FDI (annual),AE81,published
fdi_flows,country,m49_784,784,United Arab Emirates,group_other,country,2025,inflow,-8431700.6999999958000,-8431.7006999999958,thousand_usd,numeric,,2026-08-17,FDI_Eng-countries.xlsx,FDI (annual),AF81,published
fdi_flows,country,m49_792,792,Türkiye,group_other,country,1996,inflow,,-,thousand_usd,not_applicable,,2026-08-17,FDI_Eng-countries.xlsx,FDI (annual),C82,published
fdi_flows,country,m49_792,792,Türkiye,group_other,country,1997,inflow,14950579.455999999000,14950.579455999999,thousand_usd,numeric,,2026-08-17,FDI_Eng-countries.xlsx,FDI (annual),D82,published
fdi_flows,country,m49_792,792,Türkiye,group_other,country,1998,inflow,15101311.470000001000,15101.311470000001,thousand_usd,numeric,,2026-08-17,FDI_Eng-countries.xlsx,FDI (annual),E82,published
fdi_flows,country,m49_792,792,Türkiye,group_other,country,1999,inflow,9831127.8385999994000,9831.1278385999994,thousand_usd,numeric,,2026-08-17,FDI_Eng-countries.xlsx,FDI (annual),F82,published
fdi_flows,country,m49_792,792,Türkiye,group_other,country,2000,inflow,28601024.958000002000,28601.024958000002,thousand_usd,numeric,,2026-08-17,FDI_Eng-countries.xlsx,FDI (annual),G82,published
fdi_flows,country,m49_792,792,Türkiye,group_other,country,2001,inflow,8456082.3017000002000,8456.0823017000002,thousand_usd,numeric,,2026-08-17,FDI_Eng-countries.xlsx,FDI (annual),H82,published
fdi_flows,country,m49_792,792,Türkiye,group_other,country,2002,inflow,8246377.3395999997000,8246.3773395999997,thousand_usd,numeric,,2026-08-17,FDI_Eng-countries.xlsx,FDI (annual),I82,published
fdi_flows,country,m49_792,792,Türkiye,group_other,country,2003,inflow,16673840.354000,16673.840354,thousand_usd,numeric,,2026-08-17,FDI_Eng-countries.xlsx,FDI (annual),J82,published
fdi_flows,country,m49_792,792,Türkiye,group_other,country,2004,inflow,33325950.049999999000,33325.950049999999,thousand_usd,numeric,,2026-08-17,FDI_Eng-countries.xlsx,FDI (annual),K82,published
fdi_flows,country,m49_792,792,Türkiye,group_other,country,2005,inflow,21519854.918000001000,21519.854918000001,thousand_usd,numeric,,2026-08-17,FDI_Eng-countries.xlsx,FDI (annual),L82,published
fdi_flows,country,m49_792,792,Türkiye,group_other,country,2006,inflow,126790274.19000,126790.27419,thousand_usd,numeric,,2026-08-17,FDI_Eng-countries.xlsx,FDI (annual),M82,published
fdi_flows,country,m49_792,792,Türkiye,group_other,country,2007,inflow,79510192.512000009000,79510.192512000009,thousand_usd,numeric,,2026-08-17,FDI_Eng-countries.xlsx,FDI (annual),N82,published
fdi_flows,country,m49_792,792,Türkiye,group_other,country,2008,inflow,167403120.92501126000,167403.12092501126,thousand_usd,numeric,,2026-08-17,FDI_Eng-countries.xlsx,FDI (annual),O82,published
fdi_flows,country,m49_792,792,Türkiye,group_other,country,2009,inflow,97984235.842883994000,97984.235842883994,thousand_usd,numeric,,2026-08-17,FDI_Eng-countries.xlsx,FDI (annual),P82,published
fdi_flows,country,m49_792,792,Türkiye,group_other,country,2010,inflow,91786514.500000005000,91786.514500000005,thousand_usd,numeric,,2026-08-17,FDI_Eng-countries.xlsx,FDI (annual),Q82,published
fdi_flows,country,m49_792,792,Türkiye,group_other,country,2011,inflow,77708803.450000007000,77708.803450000007,thousand_usd,numeric,,2026-08-17,FDI_Eng-countries.xlsx,FDI (annual),R82,published
fdi_flows,country,m49_792,792,Türkiye,group_other,country,2012,inflow,107222391.38597605000,107222.39138597605,thousand_usd,numeric,,2026-08-17,FDI_Eng-countries.xlsx,FDI (annual),S82,published
fdi_flows,country,m49_792,792,Türkiye,group_other,country,2013,inflow,51433753.532009003000,51433.753532009003,thousand_usd,numeric,,2026-08-17,FDI_Eng-countries.xlsx,FDI (annual),T82,published
fdi_flows,country,m49_792,792,Türkiye,group_other,country,2014,inflow,72305960.547745708000,72305.960547745708,thousand_usd,numeric,,2026-08-17,FDI_Eng-countries.xlsx,FDI (annual),U82,published
fdi_flows,country,m49_792,792,Türkiye,group_other,country,2015,inflow,74893758.202280922000,74893.758202280922,thousand_usd,numeric,,2026-08-17,FDI_Eng-countries.xlsx,FDI (annual),V82,published
fdi_flows,country,m49_792,792,Türkiye,group_other,country,2016,inflow,220272235.00000002000,220272.23500000002,thousand_usd,numeric,,2026-08-17,FDI_Eng-countries.xlsx,FDI (annual),W82,published
fdi_flows,country,m49_792,792,Türkiye,group_other,country,2017,inflow,256153044.39999998000,256153.04439999998,thousand_usd,numeric,,2026-08-17,FDI_Eng-countries.xlsx,FDI (annual),X82,published
fdi_flows,country,m49_792,792,Türkiye,group_other,country,2018,inflow,49195837.399999946000,49195.837399999946,thousand_usd,numeric,,2026-08-17,FDI_Eng-countries.xlsx,FDI (annual),Y82,published
fdi_flows,country,m49_792,792,Türkiye,group_other,country,2019,inflow,172095508.69999995000,172095.50869999995,thousand_usd,numeric,,2026-08-17,FDI_Eng-countries.xlsx,FDI (annual),Z82,published
fdi_flows,country,m49_792,792,Türkiye,group_other,country,2020,inflow,80296469.400000002000,80296.469400000002,thousand_usd,numeric,,2026-08-17,FDI_Eng-countries.xlsx,FDI (annual),AA82,published
fdi_flows,country,m49_792,792,Türkiye,group_other,country,2021,inflow,96954346.99999998000,96954.34699999998,thousand_usd,numeric,,2026-08-17,FDI_Eng-countries.xlsx,FDI (annual),AB82,published
fdi_flows,country,m49_792,792,Türkiye,group_other,country,2022,inflow,56333337.199999944000,56333.337199999944,thousand_usd,numeric,,2026-08-17,FDI_Eng-countries.xlsx,FDI (annual),AC82,published
fdi_flows,country,m49_792,792,Türkiye,group_other,country,2023,inflow,109616267.49999999000,109616.26749999999,thousand_usd,numeric,,2026-08-17,FDI_Eng-countries.xlsx,FDI (annual),AD82,published
fdi_flows,country,m49_792,792,Türkiye,group_other,country,2024,inflow,89655264.200000005000,89655.264200000005,thousand_usd,numeric,,2026-08-17,FDI_Eng-countries.xlsx,FDI (annual),AE82,published
fdi_flows,country,m49_792,792,Türkiye,group_other,country,2025,inflow,202385215.29999998000,202385.21529999998,thousand_usd,numeric,,2026-08-17,FDI_Eng-countries.xlsx,FDI (annual),AF82,published
fdi_flows,country,m49_795,795,Turkmenistan,group_cis,country,1996,inflow,,-,thousand_usd,not_applicable,,2026-08-17,FDI_Eng-countries.xlsx,FDI (annual),C44,published
fdi_flows,country,m49_795,795,Turkmenistan,group_cis,country,1997,inflow,,-,thousand_usd,not_applicable,,2026-08-17,FDI_Eng-countries.xlsx,FDI (annual),D44,published
fdi_flows,country,m49_795,795,Turkmenistan,group_cis,country,1998,inflow,,-,thousand_usd,not_applicable,,2026-08-17,FDI_Eng-countries.xlsx,FDI (annual),E44,published
fdi_flows,country,m49_795,795,Turkmenistan,group_cis,country,1999,inflow,,-,thousand_usd,not_applicable,,2026-08-17,FDI_Eng-countries.xlsx,FDI (annual),F44,published
fdi_flows,country,m49_795,795,Turkmenistan,group_cis,country,2000,inflow,,-,thousand_usd,not_applicable,,2026-08-17,FDI_Eng-countries.xlsx,FDI (annual),G44,published
fdi_flows,country,m49_795,795,Turkmenistan,group_cis,country,2001,inflow,,-,thousand_usd,not_applicable,,2026-08-17,FDI_Eng-countries.xlsx,FDI (annual),H44,published
fdi_flows,country,m49_795,795,Turkmenistan,group_cis,country,2002,inflow,,-,thousand_usd,not_applicable,,2026-08-17,FDI_Eng-countries.xlsx,FDI (annual),I44,published
fdi_flows,country,m49_795,795,Turkmenistan,group_cis,country,2003,inflow,,-,thousand_usd,not_applicable,,2026-08-17,FDI_Eng-countries.xlsx,FDI (annual),J44,published
fdi_flows,country,m49_795,795,Turkmenistan,group_cis,country,2004,inflow,,-,thousand_usd,not_applicable,,2026-08-17,FDI_Eng-countries.xlsx,FDI (annual),K44,published
fdi_flows,country,m49_795,795,Turkmenistan,group_cis,country,2005,inflow,,-,thousand_usd,not_applicable,,2026-08-17,FDI_Eng-countries.xlsx,FDI (annual),L44,published
fdi_flows,country,m49_795,795,Turkmenistan,group_cis,country,2006,inflow,,-,thousand_usd,not_applicable,,2026-08-17,FDI_Eng-countries.xlsx,FDI (annual),M44,published
fdi_flows,country,m49_795,795,Turkmenistan,group_cis,country,2007,inflow,,-,thousand_usd,not_applicable,,2026-08-17,FDI_Eng-countries.xlsx,FDI (annual),N44,published
fdi_flows,country,m49_795,795,Turkmenistan,group_cis,country,2008,inflow,,-,thousand_usd,not_applicable,,2026-08-17,FDI_Eng-countries.xlsx,FDI (annual),O44,published
fdi_flows,country,m49_795,795,Turkmenistan,group_cis,country,2009,inflow,,-,thousand_usd,not_applicable,,2026-08-17,FDI_Eng-countries.xlsx,FDI (annual),P44,published
fdi_flows,country,m49_795,795,Turkmenistan,group_cis,country,2010,inflow,,-,thousand_usd,not_applicable,,2026-08-17,FDI_Eng-countries.xlsx,FDI (annual),Q44,published
fdi_flows,country,m49_795,795,Turkmenistan,group_cis,country,2011,inflow,,-,thousand_usd,not_applicable,,2026-08-17,FDI_Eng-countries.xlsx,FDI (annual),R44,published
fdi_flows,country,m49_795,795,Turkmenistan,group_cis,country,2012,inflow,7092.3999999999996000,7.0923999999999996,thousand_usd,numeric,,2026-08-17,FDI_Eng-countries.xlsx,FDI (annual),S44,published
fdi_flows,country,m49_795,795,Turkmenistan,group_cis,country,2013,inflow,361192.20000000001000,361.19220000000001,thousand_usd,numeric,,2026-08-17,FDI_Eng-countries.xlsx,FDI (annual),T44,published
fdi_flows,country,m49_795,795,Turkmenistan,group_cis,country,2014,inflow,-85553.899999999999000,-85.553899999999999,thousand_usd,numeric,,2026-08-17,FDI_Eng-countries.xlsx,FDI (annual),U44,published
fdi_flows,country,m49_795,795,Turkmenistan,group_cis,country,2015,inflow,-43938.500000000005000,-43.938500000000005,thousand_usd,numeric,,2026-08-17,FDI_Eng-countries.xlsx,FDI (annual),V44,published
fdi_flows,country,m49_795,795,Turkmenistan,group_cis,country,2016,inflow,194213.59999999996000,194.21359999999996,thousand_usd,numeric,,2026-08-17,FDI_Eng-countries.xlsx,FDI (annual),W44,published
fdi_flows,country,m49_795,795,Turkmenistan,group_cis,country,2017,inflow,2586937.3000000005000,2586.9373000000005,thousand_usd,numeric,,2026-08-17,FDI_Eng-countries.xlsx,FDI (annual),X44,published
fdi_flows,country,m49_795,795,Turkmenistan,group_cis,country,2018,inflow,-285552.00000000002000,-285.55200000000002,thousand_usd,numeric,,2026-08-17,FDI_Eng-countries.xlsx,FDI (annual),Y44,published
fdi_flows,country,m49_795,795,Turkmenistan,group_cis,country,2019,inflow,3083182.8999999998000,3083.1828999999998,thousand_usd,numeric,,2026-08-17,FDI_Eng-countries.xlsx,FDI (annual),Z44,published
fdi_flows,country,m49_795,795,Turkmenistan,group_cis,country,2020,inflow,-268358.90000000006000,-268.35890000000006,thousand_usd,numeric,,2026-08-17,FDI_Eng-countries.xlsx,FDI (annual),AA44,published
fdi_flows,country,m49_795,795,Turkmenistan,group_cis,country,2021,inflow,1136012.8000,1136.0128,thousand_usd,numeric,,2026-08-17,FDI_Eng-countries.xlsx,FDI (annual),AB44,published
fdi_flows,country,m49_795,795,Turkmenistan,group_cis,country,2022,inflow,1386801.8999999999000,1386.8018999999999,thousand_usd,numeric,,2026-08-17,FDI_Eng-countries.xlsx,FDI (annual),AC44,published
fdi_flows,country,m49_795,795,Turkmenistan,group_cis,country,2023,inflow,142697.50000000042000,142.69750000000042,thousand_usd,numeric,,2026-08-17,FDI_Eng-countries.xlsx,FDI (annual),AD44,published
fdi_flows,country,m49_795,795,Turkmenistan,group_cis,country,2024,inflow,981309.20000000003000,981.30920000000003,thousand_usd,numeric,,2026-08-17,FDI_Eng-countries.xlsx,FDI (annual),AE44,published
fdi_flows,country,m49_795,795,Turkmenistan,group_cis,country,2025,inflow,1563458.8000000003000,1563.4588000000003,thousand_usd,numeric,,2026-08-17,FDI_Eng-countries.xlsx,FDI (annual),AF44,published
fdi_flows,country,m49_804,804,Ukraine,group_cis,country,1996,inflow,3753450.00,3753.45,thousand_usd,numeric,,2026-08-17,FDI_Eng-countries.xlsx,FDI (annual),C45,published
fdi_flows,country,m49_804,804,Ukraine,group_cis,country,1997,inflow,403110.00,403.11,thousand_usd,numeric,,2026-08-17,FDI_Eng-countries.xlsx,FDI (annual),D45,published
fdi_flows,country,m49_804,804,Ukraine,group_cis,country,1998,inflow,-2667560.00,-2667.56,thousand_usd,numeric,,2026-08-17,FDI_Eng-countries.xlsx,FDI (annual),E45,published
fdi_flows,country,m49_804,804,Ukraine,group_cis,country,1999,inflow,-547404.63362000003000,-547.40463362000003,thousand_usd,numeric,,2026-08-17,FDI_Eng-countries.xlsx,FDI (annual),F45,published
fdi_flows,country,m49_804,804,Ukraine,group_cis,country,2000,inflow,-50950.741938999997000,-50.950741938999997,thousand_usd,numeric,,2026-08-17,FDI_Eng-countries.xlsx,FDI (annual),G45,published
fdi_flows,country,m49_804,804,Ukraine,group_cis,country,2001,inflow,-36425.595809000001000,-36.425595809000001,thousand_usd,numeric,,2026-08-17,FDI_Eng-countries.xlsx,FDI (annual),H45,published
fdi_flows,country,m49_804,804,Ukraine,group_cis,country,2002,inflow,-37812.127250000003000,-37.812127250000003,thousand_usd,numeric,,2026-08-17,FDI_Eng-countries.xlsx,FDI (annual),I45,published
fdi_flows,country,m49_804,804,Ukraine,group_cis,country,2003,inflow,1438500.2472000001000,1438.5002472000001,thousand_usd,numeric,,2026-08-17,FDI_Eng-countries.xlsx,FDI (annual),J45,published
fdi_flows,country,m49_804,804,Ukraine,group_cis,country,2004,inflow,1280000.0057000,1280.0000057,thousand_usd,numeric,,2026-08-17,FDI_Eng-countries.xlsx,FDI (annual),K45,published
fdi_flows,country,m49_804,804,Ukraine,group_cis,country,2005,inflow,1700881.0613999999000,1700.8810613999999,thousand_usd,numeric,,2026-08-17,FDI_Eng-countries.xlsx,FDI (annual),L45,published
fdi_flows,country,m49_804,804,Ukraine,group_cis,country,2006,inflow,1055759.7171000,1055.7597171,thousand_usd,numeric,,2026-08-17,FDI_Eng-countries.xlsx,FDI (annual),M45,published
fdi_flows,country,m49_804,804,Ukraine,group_cis,country,2007,inflow,22308507.207000002000,22308.507207000002,thousand_usd,numeric,,2026-08-17,FDI_Eng-countries.xlsx,FDI (annual),N45,published
fdi_flows,country,m49_804,804,Ukraine,group_cis,country,2008,inflow,-6441963.8143000002000,-6441.9638143000002,thousand_usd,numeric,,2026-08-17,FDI_Eng-countries.xlsx,FDI (annual),O45,published
fdi_flows,country,m49_804,804,Ukraine,group_cis,country,2009,inflow,-1563547.8000000001000,-1563.5478000000001,thousand_usd,numeric,,2026-08-17,FDI_Eng-countries.xlsx,FDI (annual),P45,published
fdi_flows,country,m49_804,804,Ukraine,group_cis,country,2010,inflow,4396062.5000,4396.0625,thousand_usd,numeric,,2026-08-17,FDI_Eng-countries.xlsx,FDI (annual),Q45,published
fdi_flows,country,m49_804,804,Ukraine,group_cis,country,2011,inflow,1648213.2999999999000,1648.2132999999999,thousand_usd,numeric,,2026-08-17,FDI_Eng-countries.xlsx,FDI (annual),R45,published
fdi_flows,country,m49_804,804,Ukraine,group_cis,country,2012,inflow,1234220.4400000001000,1234.2204400000001,thousand_usd,numeric,,2026-08-17,FDI_Eng-countries.xlsx,FDI (annual),S45,published
fdi_flows,country,m49_804,804,Ukraine,group_cis,country,2013,inflow,22939033.471123599000,22939.033471123599,thousand_usd,numeric,,2026-08-17,FDI_Eng-countries.xlsx,FDI (annual),T45,published
fdi_flows,country,m49_804,804,Ukraine,group_cis,country,2014,inflow,3422582.5303473002000,3422.5825303473002,thousand_usd,numeric,,2026-08-17,FDI_Eng-countries.xlsx,FDI (annual),U45,published
fdi_flows,country,m49_804,804,Ukraine,group_cis,country,2015,inflow,-27261668.953929198000,-27261.668953929198,thousand_usd,numeric,,2026-08-17,FDI_Eng-countries.xlsx,FDI (annual),V45,published
fdi_flows,country,m49_804,804,Ukraine,group_cis,country,2016,inflow,10967181.500000001000,10967.181500000001,thousand_usd,numeric,,2026-08-17,FDI_Eng-countries.xlsx,FDI (annual),W45,published
fdi_flows,country,m49_804,804,Ukraine,group_cis,country,2017,inflow,5727461.7000000026000,5727.4617000000026,thousand_usd,numeric,,2026-08-17,FDI_Eng-countries.xlsx,FDI (annual),X45,published
fdi_flows,country,m49_804,804,Ukraine,group_cis,country,2018,inflow,1359694.0000000022000,1359.6940000000022,thousand_usd,numeric,,2026-08-17,FDI_Eng-countries.xlsx,FDI (annual),Y45,published
fdi_flows,country,m49_804,804,Ukraine,group_cis,country,2019,inflow,25877455.5000,25877.4555,thousand_usd,numeric,,2026-08-17,FDI_Eng-countries.xlsx,FDI (annual),Z45,published
fdi_flows,country,m49_804,804,Ukraine,group_cis,country,2020,inflow,16492875.3000,16492.8753,thousand_usd,numeric,,2026-08-17,FDI_Eng-countries.xlsx,FDI (annual),AA45,published
fdi_flows,country,m49_804,804,Ukraine,group_cis,country,2021,inflow,17458981.800000005000,17458.981800000005,thousand_usd,numeric,,2026-08-17,FDI_Eng-countries.xlsx,FDI (annual),AB45,published
fdi_flows,country,m49_804,804,Ukraine,group_cis,country,2022,inflow,1856368.6999999986000,1856.3686999999986,thousand_usd,numeric,,2026-08-17,FDI_Eng-countries.xlsx,FDI (annual),AC45,published
fdi_flows,country,m49_804,804,Ukraine,group_cis,country,2023,inflow,6214305.9000000003000,6214.3059000000003,thousand_usd,numeric,,2026-08-17,FDI_Eng-countries.xlsx,FDI (annual),AD45,published
fdi_flows,country,m49_804,804,Ukraine,group_cis,country,2024,inflow,13210264.400000002000,13210.264400000002,thousand_usd,numeric,,2026-08-17,FDI_Eng-countries.xlsx,FDI (annual),AE45,published
fdi_flows,country,m49_804,804,Ukraine,group_cis,country,2025,inflow,35240529.899999994000,35240.529899999994,thousand_usd,numeric,,2026-08-17,FDI_Eng-countries.xlsx,FDI (annual),AF45,published
fdi_flows,country,m49_818,818,Egypt,group_other,country,1996,inflow,,-,thousand_usd,not_applicable,,2026-08-17,FDI_Eng-countries.xlsx,FDI (annual),C83,published
fdi_flows,country,m49_818,818,Egypt,group_other,country,1997,inflow,,-,thousand_usd,not_applicable,,2026-08-17,FDI_Eng-countries.xlsx,FDI (annual),D83,published
fdi_flows,country,m49_818,818,Egypt,group_other,country,1998,inflow,,-,thousand_usd,not_applicable,,2026-08-17,FDI_Eng-countries.xlsx,FDI (annual),E83,published
fdi_flows,country,m49_818,818,Egypt,group_other,country,1999,inflow,,-,thousand_usd,not_applicable,,2026-08-17,FDI_Eng-countries.xlsx,FDI (annual),F83,published
fdi_flows,country,m49_818,818,Egypt,group_other,country,2000,inflow,,-,thousand_usd,not_applicable,,2026-08-17,FDI_Eng-countries.xlsx,FDI (annual),G83,published
fdi_flows,country,m49_818,818,Egypt,group_other,country,2001,inflow,,-,thousand_usd,not_applicable,,2026-08-17,FDI_Eng-countries.xlsx,FDI (annual),H83,published
fdi_flows,country,m49_818,818,Egypt,group_other,country,2002,inflow,,-,thousand_usd,not_applicable,,2026-08-17,FDI_Eng-countries.xlsx,FDI (annual),I83,published
fdi_flows,country,m49_818,818,Egypt,group_other,country,2003,inflow,,-,thousand_usd,not_applicable,,2026-08-17,FDI_Eng-countries.xlsx,FDI (annual),J83,published
fdi_flows,country,m49_818,818,Egypt,group_other,country,2004,inflow,,-,thousand_usd,not_applicable,,2026-08-17,FDI_Eng-countries.xlsx,FDI (annual),K83,published
fdi_flows,country,m49_818,818,Egypt,group_other,country,2005,inflow,,-,thousand_usd,not_applicable,,2026-08-17,FDI_Eng-countries.xlsx,FDI (annual),L83,published
fdi_flows,country,m49_818,818,Egypt,group_other,country,2006,inflow,,-,thousand_usd,not_applicable,,2026-08-17,FDI_Eng-countries.xlsx,FDI (annual),M83,published
fdi_flows,country,m49_818,818,Egypt,group_other,country,2007,inflow,,-,thousand_usd,not_applicable,,2026-08-17,FDI_Eng-countries.xlsx,FDI (annual),N83,published
fdi_flows,country,m49_818,818,Egypt,group_other,country,2008,inflow,,-,thousand_usd,not_applicable,,2026-08-17,FDI_Eng-countries.xlsx,FDI (annual),O83,published
fdi_flows,country,m49_818,818,Egypt,group_other,country,2009,inflow,55750580.00,55750.58,thousand_usd,numeric,,2026-08-17,FDI_Eng-countries.xlsx,FDI (annual),P83,published
fdi_flows,country,m49_818,818,Egypt,group_other,country,2010,inflow,18000000.100000001000,18000.000100000001,thousand_usd,numeric,,2026-08-17,FDI_Eng-countries.xlsx,FDI (annual),Q83,published
fdi_flows,country,m49_818,818,Egypt,group_other,country,2011,inflow,11787500.0,11787.5,thousand_usd,numeric,,2026-08-17,FDI_Eng-countries.xlsx,FDI (annual),R83,published
fdi_flows,country,m49_818,818,Egypt,group_other,country,2012,inflow,,-,thousand_usd,not_applicable,,2026-08-17,FDI_Eng-countries.xlsx,FDI (annual),S83,published
fdi_flows,country,m49_818,818,Egypt,group_other,country,2013,inflow,1488712.1267051002000,1488.7121267051002,thousand_usd,numeric,,2026-08-17,FDI_Eng-countries.xlsx,FDI (annual),T83,published
fdi_flows,country,m49_818,818,Egypt,group_other,country,2014,inflow,373477.03647880002000,373.47703647880002,thousand_usd,numeric,,2026-08-17,FDI_Eng-countries.xlsx,FDI (annual),U83,published
fdi_flows,country,m49_818,818,Egypt,group_other,country,2015,inflow,-1101273.6302157002000,-1101.2736302157002,thousand_usd,numeric,,2026-08-17,FDI_Eng-countries.xlsx,FDI (annual),V83,published
fdi_flows,country,m49_818,818,Egypt,group_other,country,2016,inflow,-292850.09999999988000,-292.85009999999988,thousand_usd,numeric,,2026-08-17,FDI_Eng-countries.xlsx,FDI (annual),W83,published
fdi_flows,country,m49_818,818,Egypt,group_other,country,2017,inflow,-281082.49999999998000,-281.08249999999998,thousand_usd,numeric,,2026-08-17,FDI_Eng-countries.xlsx,FDI (annual),X83,published
fdi_flows,country,m49_818,818,Egypt,group_other,country,2018,inflow,661522.69999999987000,661.52269999999987,thousand_usd,numeric,,2026-08-17,FDI_Eng-countries.xlsx,FDI (annual),Y83,published
fdi_flows,country,m49_818,818,Egypt,group_other,country,2019,inflow,560949.09999999982000,560.94909999999982,thousand_usd,numeric,,2026-08-17,FDI_Eng-countries.xlsx,FDI (annual),Z83,published
fdi_flows,country,m49_818,818,Egypt,group_other,country,2020,inflow,2566815.6999999997000,2566.8156999999997,thousand_usd,numeric,,2026-08-17,FDI_Eng-countries.xlsx,FDI (annual),AA83,published
fdi_flows,country,m49_818,818,Egypt,group_other,country,2021,inflow,3870683.1000000002000,3870.6831000000002,thousand_usd,numeric,,2026-08-17,FDI_Eng-countries.xlsx,FDI (annual),AB83,published
fdi_flows,country,m49_818,818,Egypt,group_other,country,2022,inflow,4616470.1000000005000,4616.4701000000005,thousand_usd,numeric,,2026-08-17,FDI_Eng-countries.xlsx,FDI (annual),AC83,published
fdi_flows,country,m49_818,818,Egypt,group_other,country,2023,inflow,1754333.5000,1754.3335,thousand_usd,numeric,,2026-08-17,FDI_Eng-countries.xlsx,FDI (annual),AD83,published
fdi_flows,country,m49_818,818,Egypt,group_other,country,2024,inflow,-2028972.8000,-2028.9728,thousand_usd,numeric,,2026-08-17,FDI_Eng-countries.xlsx,FDI (annual),AE83,published
fdi_flows,country,m49_818,818,Egypt,group_other,country,2025,inflow,2361219.4000,2361.2194,thousand_usd,numeric,,2026-08-17,FDI_Eng-countries.xlsx,FDI (annual),AF83,published
fdi_flows,country,m49_826,826,United Kingdom,group_other,country,1996,inflow,,-,thousand_usd,not_applicable,,2026-08-17,FDI_Eng-countries.xlsx,FDI (annual),C84,published
fdi_flows,country,m49_826,826,United Kingdom,group_other,country,1997,inflow,24985511.494999999000,24985.511494999999,thousand_usd,numeric,,2026-08-17,FDI_Eng-countries.xlsx,FDI (annual),D84,published
fdi_flows,country,m49_826,826,United Kingdom,group_other,country,1998,inflow,26471589.257000,26471.589257,thousand_usd,numeric,,2026-08-17,FDI_Eng-countries.xlsx,FDI (annual),E84,published
fdi_flows,country,m49_826,826,United Kingdom,group_other,country,1999,inflow,5036176.7139000003000,5036.1767139000003,thousand_usd,numeric,,2026-08-17,FDI_Eng-countries.xlsx,FDI (annual),F84,published
fdi_flows,country,m49_826,826,United Kingdom,group_other,country,2000,inflow,4823975.7035000002000,4823.9757035000002,thousand_usd,numeric,,2026-08-17,FDI_Eng-countries.xlsx,FDI (annual),G84,published
fdi_flows,country,m49_826,826,United Kingdom,group_other,country,2001,inflow,8508687.9934000008000,8508.6879934000008,thousand_usd,numeric,,2026-08-17,FDI_Eng-countries.xlsx,FDI (annual),H84,published
fdi_flows,country,m49_826,826,United Kingdom,group_other,country,2002,inflow,14719529.864000,14719.529864,thousand_usd,numeric,,2026-08-17,FDI_Eng-countries.xlsx,FDI (annual),I84,published
fdi_flows,country,m49_826,826,United Kingdom,group_other,country,2003,inflow,34842840.181000,34842.840181,thousand_usd,numeric,,2026-08-17,FDI_Eng-countries.xlsx,FDI (annual),J84,published
fdi_flows,country,m49_826,826,United Kingdom,group_other,country,2004,inflow,85099450.377999994000,85099.450377999994,thousand_usd,numeric,,2026-08-17,FDI_Eng-countries.xlsx,FDI (annual),K84,published
fdi_flows,country,m49_826,826,United Kingdom,group_other,country,2005,inflow,131546397.54999999000,131546.39754999999,thousand_usd,numeric,,2026-08-17,FDI_Eng-countries.xlsx,FDI (annual),L84,published
fdi_flows,country,m49_826,826,United Kingdom,group_other,country,2006,inflow,174535072.46000,174535.07246,thousand_usd,numeric,,2026-08-17,FDI_Eng-countries.xlsx,FDI (annual),M84,published
fdi_flows,country,m49_826,826,United Kingdom,group_other,country,2007,inflow,132178025.96000003000,132178.02596000003,thousand_usd,numeric,,2026-08-17,FDI_Eng-countries.xlsx,FDI (annual),N84,published
fdi_flows,country,m49_826,826,United Kingdom,group_other,country,2008,inflow,148179798.04719859000,148179.79804719859,thousand_usd,numeric,,2026-08-17,FDI_Eng-countries.xlsx,FDI (annual),O84,published
fdi_flows,country,m49_826,826,United Kingdom,group_other,country,2009,inflow,72439294.404838001000,72439.294404838001,thousand_usd,numeric,,2026-08-17,FDI_Eng-countries.xlsx,FDI (annual),P84,published
fdi_flows,country,m49_826,826,United Kingdom,group_other,country,2010,inflow,62336275.460000004000,62336.275460000004,thousand_usd,numeric,,2026-08-17,FDI_Eng-countries.xlsx,FDI (annual),Q84,published
fdi_flows,country,m49_826,826,United Kingdom,group_other,country,2011,inflow,57216501.610000007000,57216.501610000007,thousand_usd,numeric,,2026-08-17,FDI_Eng-countries.xlsx,FDI (annual),R84,published
fdi_flows,country,m49_826,826,United Kingdom,group_other,country,2012,inflow,95536664.822999999000,95536.664822999999,thousand_usd,numeric,,2026-08-17,FDI_Eng-countries.xlsx,FDI (annual),S84,published
fdi_flows,country,m49_826,826,United Kingdom,group_other,country,2013,inflow,55171312.714618289000,55171.312714618289,thousand_usd,numeric,,2026-08-17,FDI_Eng-countries.xlsx,FDI (annual),T84,published
fdi_flows,country,m49_826,826,United Kingdom,group_other,country,2014,inflow,108850796.45079242000,108850.79645079242,thousand_usd,numeric,,2026-08-17,FDI_Eng-countries.xlsx,FDI (annual),U84,published
fdi_flows,country,m49_826,826,United Kingdom,group_other,country,2015,inflow,399346841.34531277000,399346.84134531277,thousand_usd,numeric,,2026-08-17,FDI_Eng-countries.xlsx,FDI (annual),V84,published
fdi_flows,country,m49_826,826,United Kingdom,group_other,country,2016,inflow,87849541.999999943000,87849.541999999943,thousand_usd,numeric,,2026-08-17,FDI_Eng-countries.xlsx,FDI (annual),W84,published
fdi_flows,country,m49_826,826,United Kingdom,group_other,country,2017,inflow,249032362.60000005000,249032.36260000005,thousand_usd,numeric,,2026-08-17,FDI_Eng-countries.xlsx,FDI (annual),X84,published
fdi_flows,country,m49_826,826,United Kingdom,group_other,country,2018,inflow,183309971.29999998000,183309.97129999998,thousand_usd,numeric,,2026-08-17,FDI_Eng-countries.xlsx,FDI (annual),Y84,published
fdi_flows,country,m49_826,826,United Kingdom,group_other,country,2019,inflow,371517880.39999997000,371517.88039999997,thousand_usd,numeric,,2026-08-17,FDI_Eng-countries.xlsx,FDI (annual),Z84,published
fdi_flows,country,m49_826,826,United Kingdom,group_other,country,2020,inflow,284803463.40000007000,284803.46340000007,thousand_usd,numeric,,2026-08-17,FDI_Eng-countries.xlsx,FDI (annual),AA84,published
fdi_flows,country,m49_826,826,United Kingdom,group_other,country,2021,inflow,590915406.29999992000,590915.40629999992,thousand_usd,numeric,,2026-08-17,FDI_Eng-countries.xlsx,FDI (annual),AB84,published
fdi_flows,country,m49_826,826,United Kingdom,group_other,country,2022,inflow,669206499.69999981000,669206.49969999981,thousand_usd,numeric,,2026-08-17,FDI_Eng-countries.xlsx,FDI (annual),AC84,published
fdi_flows,country,m49_826,826,United Kingdom,group_other,country,2023,inflow,382604352.10000013000,382604.35210000013,thousand_usd,numeric,,2026-08-17,FDI_Eng-countries.xlsx,FDI (annual),AD84,published
fdi_flows,country,m49_826,826,United Kingdom,group_other,country,2024,inflow,448082046.6000,448082.0466,thousand_usd,numeric,,2026-08-17,FDI_Eng-countries.xlsx,FDI (annual),AE84,published
fdi_flows,country,m49_826,826,United Kingdom,group_other,country,2025,inflow,426631499.79999999000,426631.49979999999,thousand_usd,numeric,,2026-08-17,FDI_Eng-countries.xlsx,FDI (annual),AF84,published
fdi_flows,country,m49_840,840,United States,group_other,country,1996,inflow,,-,thousand_usd,not_applicable,,2026-08-17,FDI_Eng-countries.xlsx,FDI (annual),C85,published
fdi_flows,country,m49_840,840,United States,group_other,country,1997,inflow,96651887.424000,96651.887424,thousand_usd,numeric,,2026-08-17,FDI_Eng-countries.xlsx,FDI (annual),D85,published
fdi_flows,country,m49_840,840,United States,group_other,country,1998,inflow,104427226.18000,104427.22618,thousand_usd,numeric,,2026-08-17,FDI_Eng-countries.xlsx,FDI (annual),E85,published
fdi_flows,country,m49_840,840,United States,group_other,country,1999,inflow,59151289.331000,59151.289331,thousand_usd,numeric,,2026-08-17,FDI_Eng-countries.xlsx,FDI (annual),F85,published
fdi_flows,country,m49_840,840,United States,group_other,country,2000,inflow,38717651.555999997000,38717.651555999997,thousand_usd,numeric,,2026-08-17,FDI_Eng-countries.xlsx,FDI (annual),G85,published
fdi_flows,country,m49_840,840,United States,group_other,country,2001,inflow,23281158.381000001000,23281.158381000001,thousand_usd,numeric,,2026-08-17,FDI_Eng-countries.xlsx,FDI (annual),H85,published
fdi_flows,country,m49_840,840,United States,group_other,country,2002,inflow,81609826.02800001000,81609.82602800001,thousand_usd,numeric,,2026-08-17,FDI_Eng-countries.xlsx,FDI (annual),I85,published
fdi_flows,country,m49_840,840,United States,group_other,country,2003,inflow,71603885.368999996000,71603.885368999996,thousand_usd,numeric,,2026-08-17,FDI_Eng-countries.xlsx,FDI (annual),J85,published
fdi_flows,country,m49_840,840,United States,group_other,country,2004,inflow,80753732.613000,80753.732613,thousand_usd,numeric,,2026-08-17,FDI_Eng-countries.xlsx,FDI (annual),K85,published
fdi_flows,country,m49_840,840,United States,group_other,country,2005,inflow,15088925.954000,15088.925954,thousand_usd,numeric,,2026-08-17,FDI_Eng-countries.xlsx,FDI (annual),L85,published
fdi_flows,country,m49_840,840,United States,group_other,country,2006,inflow,100833329.08000,100833.32908,thousand_usd,numeric,,2026-08-17,FDI_Eng-countries.xlsx,FDI (annual),M85,published
fdi_flows,country,m49_840,840,United States,group_other,country,2007,inflow,68439861.561999991000,68439.861561999991,thousand_usd,numeric,,2026-08-17,FDI_Eng-countries.xlsx,FDI (annual),N85,published
fdi_flows,country,m49_840,840,United States,group_other,country,2008,inflow,167920667.85999999000,167920.66785999999,thousand_usd,numeric,,2026-08-17,FDI_Eng-countries.xlsx,FDI (annual),O85,published
fdi_flows,country,m49_840,840,United States,group_other,country,2009,inflow,-10025984.700000001000,-10025.984700000001,thousand_usd,numeric,,2026-08-17,FDI_Eng-countries.xlsx,FDI (annual),P85,published
fdi_flows,country,m49_840,840,United States,group_other,country,2010,inflow,141210377.83100002000,141210.37783100002,thousand_usd,numeric,,2026-08-17,FDI_Eng-countries.xlsx,FDI (annual),Q85,published
fdi_flows,country,m49_840,840,United States,group_other,country,2011,inflow,35291754.620000007000,35291.754620000007,thousand_usd,numeric,,2026-08-17,FDI_Eng-countries.xlsx,FDI (annual),R85,published
fdi_flows,country,m49_840,840,United States,group_other,country,2012,inflow,20253999.100000008000,20253.999100000008,thousand_usd,numeric,,2026-08-17,FDI_Eng-countries.xlsx,FDI (annual),S85,published
fdi_flows,country,m49_840,840,United States,group_other,country,2013,inflow,53885224.060681212000,53885.224060681212,thousand_usd,numeric,,2026-08-17,FDI_Eng-countries.xlsx,FDI (annual),T85,published
fdi_flows,country,m49_840,840,United States,group_other,country,2014,inflow,184442755.3040261000,184442.7553040261,thousand_usd,numeric,,2026-08-17,FDI_Eng-countries.xlsx,FDI (annual),U85,published
fdi_flows,country,m49_840,840,United States,group_other,country,2015,inflow,18898423.705856199000,18898.423705856199,thousand_usd,numeric,,2026-08-17,FDI_Eng-countries.xlsx,FDI (annual),V85,published
fdi_flows,country,m49_840,840,United States,group_other,country,2016,inflow,59817104.400000011000,59817.104400000011,thousand_usd,numeric,,2026-08-17,FDI_Eng-countries.xlsx,FDI (annual),W85,published
fdi_flows,country,m49_840,840,United States,group_other,country,2017,inflow,79115334.799999997000,79115.334799999997,thousand_usd,numeric,,2026-08-17,FDI_Eng-countries.xlsx,FDI (annual),X85,published
fdi_flows,country,m49_840,840,United States,group_other,country,2018,inflow,104964062.5000,104964.0625,thousand_usd,numeric,,2026-08-17,FDI_Eng-countries.xlsx,FDI (annual),Y85,published
fdi_flows,country,m49_840,840,United States,group_other,country,2019,inflow,115728112.99999998000,115728.11299999998,thousand_usd,numeric,,2026-08-17,FDI_Eng-countries.xlsx,FDI (annual),Z85,published
fdi_flows,country,m49_840,840,United States,group_other,country,2020,inflow,98968832.799999989000,98968.832799999989,thousand_usd,numeric,,2026-08-17,FDI_Eng-countries.xlsx,FDI (annual),AA85,published
fdi_flows,country,m49_840,840,United States,group_other,country,2021,inflow,23147378.299999975000,23147.378299999975,thousand_usd,numeric,,2026-08-17,FDI_Eng-countries.xlsx,FDI (annual),AB85,published
fdi_flows,country,m49_840,840,United States,group_other,country,2022,inflow,181073467.90000002000,181073.46790000002,thousand_usd,numeric,,2026-08-17,FDI_Eng-countries.xlsx,FDI (annual),AC85,published
fdi_flows,country,m49_840,840,United States,group_other,country,2023,inflow,188747617.09999997000,188747.61709999997,thousand_usd,numeric,,2026-08-17,FDI_Eng-countries.xlsx,FDI (annual),AD85,published
fdi_flows,country,m49_840,840,United States,group_other,country,2024,inflow,74176809.599999993000,74176.809599999993,thousand_usd,numeric,,2026-08-17,FDI_Eng-countries.xlsx,FDI (annual),AE85,published
fdi_flows,country,m49_840,840,United States,group_other,country,2025,inflow,131292276.39999994000,131292.27639999994,thousand_usd,numeric,,2026-08-17,FDI_Eng-countries.xlsx,FDI (annual),AF85,published
fdi_flows,country,m49_860,860,Uzbekistan,group_cis,country,1996,inflow,,-,thousand_usd,not_applicable,,2026-08-17,FDI_Eng-countries.xlsx,FDI (annual),C46,published
fdi_flows,country,m49_860,860,Uzbekistan,group_cis,country,1997,inflow,,-,thousand_usd,not_applicable,,2026-08-17,FDI_Eng-countries.xlsx,FDI (annual),D46,published
fdi_flows,country,m49_860,860,Uzbekistan,group_cis,country,1998,inflow,,-,thousand_usd,not_applicable,,2026-08-17,FDI_Eng-countries.xlsx,FDI (annual),E46,published
fdi_flows,country,m49_860,860,Uzbekistan,group_cis,country,1999,inflow,,-,thousand_usd,not_applicable,,2026-08-17,FDI_Eng-countries.xlsx,FDI (annual),F46,published
fdi_flows,country,m49_860,860,Uzbekistan,group_cis,country,2000,inflow,,-,thousand_usd,not_applicable,,2026-08-17,FDI_Eng-countries.xlsx,FDI (annual),G46,published
fdi_flows,country,m49_860,860,Uzbekistan,group_cis,country,2001,inflow,,-,thousand_usd,not_applicable,,2026-08-17,FDI_Eng-countries.xlsx,FDI (annual),H46,published
fdi_flows,country,m49_860,860,Uzbekistan,group_cis,country,2002,inflow,,-,thousand_usd,not_applicable,,2026-08-17,FDI_Eng-countries.xlsx,FDI (annual),I46,published
fdi_flows,country,m49_860,860,Uzbekistan,group_cis,country,2003,inflow,,-,thousand_usd,not_applicable,,2026-08-17,FDI_Eng-countries.xlsx,FDI (annual),J46,published
fdi_flows,country,m49_860,860,Uzbekistan,group_cis,country,2004,inflow,,-,thousand_usd,not_applicable,,2026-08-17,FDI_Eng-countries.xlsx,FDI (annual),K46,published
fdi_flows,country,m49_860,860,Uzbekistan,group_cis,country,2005,inflow,,-,thousand_usd,not_applicable,,2026-08-17,FDI_Eng-countries.xlsx,FDI (annual),L46,published
fdi_flows,country,m49_860,860,Uzbekistan,group_cis,country,2006,inflow,,-,thousand_usd,not_applicable,,2026-08-17,FDI_Eng-countries.xlsx,FDI (annual),M46,published
fdi_flows,country,m49_860,860,Uzbekistan,group_cis,country,2007,inflow,,-,thousand_usd,not_applicable,,2026-08-17,FDI_Eng-countries.xlsx,FDI (annual),N46,published
fdi_flows,country,m49_860,860,Uzbekistan,group_cis,country,2008,inflow,,-,thousand_usd,not_applicable,,2026-08-17,FDI_Eng-countries.xlsx,FDI (annual),O46,published
fdi_flows,country,m49_860,860,Uzbekistan,group_cis,country,2009,inflow,175325.60000000001000,175.32560000000001,thousand_usd,numeric,,2026-08-17,FDI_Eng-countries.xlsx,FDI (annual),P46,published
fdi_flows,country,m49_860,860,Uzbekistan,group_cis,country,2010,inflow,22980.180000000001000,22.980180000000001,thousand_usd,numeric,,2026-08-17,FDI_Eng-countries.xlsx,FDI (annual),Q46,published
fdi_flows,country,m49_860,860,Uzbekistan,group_cis,country,2011,inflow,-65235.100000000003000,-65.235100000000003,thousand_usd,numeric,,2026-08-17,FDI_Eng-countries.xlsx,FDI (annual),R46,published
fdi_flows,country,m49_860,860,Uzbekistan,group_cis,country,2012,inflow,-206567.5000,-206.5675,thousand_usd,numeric,,2026-08-17,FDI_Eng-countries.xlsx,FDI (annual),S46,published
fdi_flows,country,m49_860,860,Uzbekistan,group_cis,country,2013,inflow,-17882.200000000001000,-17.882200000000001,thousand_usd,numeric,,2026-08-17,FDI_Eng-countries.xlsx,FDI (annual),T46,published
fdi_flows,country,m49_860,860,Uzbekistan,group_cis,country,2014,inflow,2933868.1000000001000,2933.8681000000001,thousand_usd,numeric,,2026-08-17,FDI_Eng-countries.xlsx,FDI (annual),U46,published
fdi_flows,country,m49_860,860,Uzbekistan,group_cis,country,2015,inflow,2535482.1000000002000,2535.4821000000002,thousand_usd,numeric,,2026-08-17,FDI_Eng-countries.xlsx,FDI (annual),V46,published
fdi_flows,country,m49_860,860,Uzbekistan,group_cis,country,2016,inflow,1284689.4000,1284.6894,thousand_usd,numeric,,2026-08-17,FDI_Eng-countries.xlsx,FDI (annual),W46,published
fdi_flows,country,m49_860,860,Uzbekistan,group_cis,country,2017,inflow,1196096.9000000002000,1196.0969000000002,thousand_usd,numeric,,2026-08-17,FDI_Eng-countries.xlsx,FDI (annual),X46,published
fdi_flows,country,m49_860,860,Uzbekistan,group_cis,country,2018,inflow,1144604.1000000002000,1144.6041000000002,thousand_usd,numeric,,2026-08-17,FDI_Eng-countries.xlsx,FDI (annual),Y46,published
fdi_flows,country,m49_860,860,Uzbekistan,group_cis,country,2019,inflow,802850.50000000012000,802.85050000000012,thousand_usd,numeric,,2026-08-17,FDI_Eng-countries.xlsx,FDI (annual),Z46,published
fdi_flows,country,m49_860,860,Uzbekistan,group_cis,country,2020,inflow,-84349.199999999996000,-84.349199999999996,thousand_usd,numeric,,2026-08-17,FDI_Eng-countries.xlsx,FDI (annual),AA46,published
fdi_flows,country,m49_860,860,Uzbekistan,group_cis,country,2021,inflow,-348026.80000000004000,-348.02680000000004,thousand_usd,numeric,,2026-08-17,FDI_Eng-countries.xlsx,FDI (annual),AB46,published
fdi_flows,country,m49_860,860,Uzbekistan,group_cis,country,2022,inflow,5184789.3999999997000,5184.7893999999997,thousand_usd,numeric,,2026-08-17,FDI_Eng-countries.xlsx,FDI (annual),AC46,published
fdi_flows,country,m49_860,860,Uzbekistan,group_cis,country,2023,inflow,5937840.9000000001000,5937.8409000000001,thousand_usd,numeric,,2026-08-17,FDI_Eng-countries.xlsx,FDI (annual),AD46,published
fdi_flows,country,m49_860,860,Uzbekistan,group_cis,country,2024,inflow,-731246.29999999934000,-731.24629999999934,thousand_usd,numeric,,2026-08-17,FDI_Eng-countries.xlsx,FDI (annual),AE46,published
fdi_flows,country,m49_860,860,Uzbekistan,group_cis,country,2025,inflow,1294260.6999999998000,1294.2606999999998,thousand_usd,numeric,,2026-08-17,FDI_Eng-countries.xlsx,FDI (annual),AF46,published
fdi_flows,country,other_countries_remainder,,Other countries,group_other,remainder,1996,inflow,,-,thousand_usd,not_applicable,,2026-08-17,FDI_Eng-countries.xlsx,FDI (annual),C86,published
fdi_flows,country,other_countries_remainder,,Other countries,group_other,remainder,1997,inflow,,-,thousand_usd,not_applicable,,2026-08-17,FDI_Eng-countries.xlsx,FDI (annual),D86,published
fdi_flows,country,other_countries_remainder,,Other countries,group_other,remainder,1998,inflow,,-,thousand_usd,not_applicable,,2026-08-17,FDI_Eng-countries.xlsx,FDI (annual),E86,published
fdi_flows,country,other_countries_remainder,,Other countries,group_other,remainder,1999,inflow,,-,thousand_usd,not_applicable,,2026-08-17,FDI_Eng-countries.xlsx,FDI (annual),F86,published
fdi_flows,country,other_countries_remainder,,Other countries,group_other,remainder,2000,inflow,,-,thousand_usd,not_applicable,,2026-08-17,FDI_Eng-countries.xlsx,FDI (annual),G86,published
fdi_flows,country,other_countries_remainder,,Other countries,group_other,remainder,2001,inflow,,-,thousand_usd,not_applicable,,2026-08-17,FDI_Eng-countries.xlsx,FDI (annual),H86,published
fdi_flows,country,other_countries_remainder,,Other countries,group_other,remainder,2002,inflow,,-,thousand_usd,not_applicable,,2026-08-17,FDI_Eng-countries.xlsx,FDI (annual),I86,published
fdi_flows,country,other_countries_remainder,,Other countries,group_other,remainder,2003,inflow,,-,thousand_usd,not_applicable,,2026-08-17,FDI_Eng-countries.xlsx,FDI (annual),J86,published
fdi_flows,country,other_countries_remainder,,Other countries,group_other,remainder,2004,inflow,,-,thousand_usd,not_applicable,,2026-08-17,FDI_Eng-countries.xlsx,FDI (annual),K86,published
fdi_flows,country,other_countries_remainder,,Other countries,group_other,remainder,2005,inflow,,-,thousand_usd,not_applicable,,2026-08-17,FDI_Eng-countries.xlsx,FDI (annual),L86,published
fdi_flows,country,other_countries_remainder,,Other countries,group_other,remainder,2006,inflow,,-,thousand_usd,not_applicable,,2026-08-17,FDI_Eng-countries.xlsx,FDI (annual),M86,published
fdi_flows,country,other_countries_remainder,,Other countries,group_other,remainder,2007,inflow,,-,thousand_usd,not_applicable,,2026-08-17,FDI_Eng-countries.xlsx,FDI (annual),N86,published
fdi_flows,country,other_countries_remainder,,Other countries,group_other,remainder,2008,inflow,,-,thousand_usd,not_applicable,,2026-08-17,FDI_Eng-countries.xlsx,FDI (annual),O86,published
fdi_flows,country,other_countries_remainder,,Other countries,group_other,remainder,2009,inflow,-45620.600000000003000,-45.620600000000003,thousand_usd,numeric,,2026-08-17,FDI_Eng-countries.xlsx,FDI (annual),P86,published
fdi_flows,country,other_countries_remainder,,Other countries,group_other,remainder,2010,inflow,818025.4000000001000,818.0254000000001,thousand_usd,numeric,,2026-08-17,FDI_Eng-countries.xlsx,FDI (annual),Q86,published
fdi_flows,country,other_countries_remainder,,Other countries,group_other,remainder,2011,inflow,1721626.43804000,1721.62643804,thousand_usd,numeric,,2026-08-17,FDI_Eng-countries.xlsx,FDI (annual),R86,published
fdi_flows,country,other_countries_remainder,,Other countries,group_other,remainder,2012,inflow,21397446.834400002000,21397.446834400002,thousand_usd,numeric,,2026-08-17,FDI_Eng-countries.xlsx,FDI (annual),S86,published
fdi_flows,country,other_countries_remainder,,Other countries,group_other,remainder,2013,inflow,14791355.772087401000,14791.355772087401,thousand_usd,numeric,,2026-08-17,FDI_Eng-countries.xlsx,FDI (annual),T86,published
fdi_flows,country,other_countries_remainder,,Other countries,group_other,remainder,2014,inflow,12739540.876404701000,12739.540876404701,thousand_usd,numeric,,2026-08-17,FDI_Eng-countries.xlsx,FDI (annual),U86,published
fdi_flows,country,other_countries_remainder,,Other countries,group_other,remainder,2015,inflow,14892966.500000002000,14892.966500000002,thousand_usd,numeric,,2026-08-17,FDI_Eng-countries.xlsx,FDI (annual),V86,published
fdi_flows,country,other_countries_remainder,,Other countries,group_other,remainder,2016,inflow,15390861.3000,15390.8613,thousand_usd,numeric,,2026-08-17,FDI_Eng-countries.xlsx,FDI (annual),W86,published
fdi_flows,country,other_countries_remainder,,Other countries,group_other,remainder,2017,inflow,12658968.300000004000,12658.968300000004,thousand_usd,numeric,,2026-08-17,FDI_Eng-countries.xlsx,FDI (annual),X86,published
fdi_flows,country,other_countries_remainder,,Other countries,group_other,remainder,2018,inflow,6685660.7999999978000,6685.6607999999978,thousand_usd,numeric,,2026-08-17,FDI_Eng-countries.xlsx,FDI (annual),Y86,published
fdi_flows,country,other_countries_remainder,,Other countries,group_other,remainder,2019,inflow,21020286.800000005000,21020.286800000005,thousand_usd,numeric,,2026-08-17,FDI_Eng-countries.xlsx,FDI (annual),Z86,published
fdi_flows,country,other_countries_remainder,,Other countries,group_other,remainder,2020,inflow,11437887.399999992000,11437.887399999992,thousand_usd,numeric,,2026-08-17,FDI_Eng-countries.xlsx,FDI (annual),AA86,published
fdi_flows,country,other_countries_remainder,,Other countries,group_other,remainder,2021,inflow,25313159.600000006000,25313.159600000006,thousand_usd,numeric,,2026-08-17,FDI_Eng-countries.xlsx,FDI (annual),AB86,published
fdi_flows,country,other_countries_remainder,,Other countries,group_other,remainder,2022,inflow,20215105.800000008000,20215.105800000008,thousand_usd,numeric,,2026-08-17,FDI_Eng-countries.xlsx,FDI (annual),AC86,published
fdi_flows,country,other_countries_remainder,,Other countries,group_other,remainder,2023,inflow,19659583.8000,19659.5838,thousand_usd,numeric,,2026-08-17,FDI_Eng-countries.xlsx,FDI (annual),AD86,published
fdi_flows,country,other_countries_remainder,,Other countries,group_other,remainder,2024,inflow,28777978.200000005000,28777.978200000005,thousand_usd,numeric,,2026-08-17,FDI_Eng-countries.xlsx,FDI (annual),AE86,published
fdi_flows,country,other_countries_remainder,,Other countries,group_other,remainder,2025,inflow,13514576.300000001000,13514.576300000001,thousand_usd,numeric,,2026-08-17,FDI_Eng-countries.xlsx,FDI (annual),AF86,published
fdi_flows,country,total,,Total,,total,1996,inflow,3753450.00,3753.45,thousand_usd,numeric,,2026-08-17,FDI_Eng-countries.xlsx,FDI (annual),C5,published
fdi_flows,country,total,,Total,,total,1997,inflow,242586000,242586,thousand_usd,numeric,,2026-08-17,FDI_Eng-countries.xlsx,FDI (annual),D5,published
fdi_flows,country,total,,Total,,total,1998,inflow,265331769.51288909000,265331.76951288909,thousand_usd,numeric,,2026-08-17,FDI_Eng-countries.xlsx,FDI (annual),E5,published
fdi_flows,country,total,,Total,,total,1999,inflow,82207000,82207,thousand_usd,numeric,,2026-08-17,FDI_Eng-countries.xlsx,FDI (annual),F5,published
fdi_flows,country,total,,Total,,total,2000,inflow,131231878.34734132000,131231.87834734132,thousand_usd,numeric,,2026-08-17,FDI_Eng-countries.xlsx,FDI (annual),G5,published
fdi_flows,country,total,,Total,,total,2001,inflow,109839835.48835485000,109839.83548835485,thousand_usd,numeric,,2026-08-17,FDI_Eng-countries.xlsx,FDI (annual),H5,published
fdi_flows,country,total,,Total,,total,2002,inflow,160211960.45411445000,160211.96045411445,thousand_usd,numeric,,2026-08-17,FDI_Eng-countries.xlsx,FDI (annual),I5,published
fdi_flows,country,total,,Total,,total,2003,inflow,334567841.61955194000,334567.84161955194,thousand_usd,numeric,,2026-08-17,FDI_Eng-countries.xlsx,FDI (annual),J5,published
fdi_flows,country,total,,Total,,total,2004,inflow,492329440.02333604000,492329.44002333604,thousand_usd,numeric,,2026-08-17,FDI_Eng-countries.xlsx,FDI (annual),K5,published
fdi_flows,country,total,,Total,,total,2005,inflow,452752292.02572303000,452752.29202572303,thousand_usd,numeric,,2026-08-17,FDI_Eng-countries.xlsx,FDI (annual),L5,published
fdi_flows,country,total,,Total,,total,2006,inflow,1171179522.2615218000,1171179.5222615218,thousand_usd,numeric,,2026-08-17,FDI_Eng-countries.xlsx,FDI (annual),M5,published
fdi_flows,country,total,,Total,,total,2007,inflow,1764720822.312769000,1764720.822312769,thousand_usd,numeric,,2026-08-17,FDI_Eng-countries.xlsx,FDI (annual),N5,published
fdi_flows,country,total,,Total,,total,2008,inflow,1575243239.6460853000,1575243.2396460853,thousand_usd,numeric,,2026-08-17,FDI_Eng-countries.xlsx,FDI (annual),O5,published
fdi_flows,country,total,,Total,,total,2009,inflow,666774603.20819996000,666774.60320819996,thousand_usd,numeric,,2026-08-17,FDI_Eng-countries.xlsx,FDI (annual),P5,published
fdi_flows,country,total,,Total,,total,2010,inflow,865637671.99475074000,865637.67199475074,thousand_usd,numeric,,2026-08-17,FDI_Eng-countries.xlsx,FDI (annual),Q5,published
fdi_flows,country,total,,Total,,total,2011,inflow,1133971145.8444451000,1133971.1458444451,thousand_usd,numeric,,2026-08-17,FDI_Eng-countries.xlsx,FDI (annual),R5,published
fdi_flows,country,total,,Total,,total,2012,inflow,1048227045.4333174000,1048227.0454333174,thousand_usd,numeric,,2026-08-17,FDI_Eng-countries.xlsx,FDI (annual),S5,published
fdi_flows,country,total,,Total,,total,2013,inflow,1039174152.4845618000,1039174.1524845618,thousand_usd,numeric,,2026-08-17,FDI_Eng-countries.xlsx,FDI (annual),T5,published
fdi_flows,country,total,,Total,,total,2014,inflow,1836979976.5033396000,1836979.9765033396,thousand_usd,numeric,,2026-08-17,FDI_Eng-countries.xlsx,FDI (annual),U5,published
fdi_flows,country,total,,Total,,total,2015,inflow,1728758129.8636673000,1728758.1298636673,thousand_usd,numeric,,2026-08-17,FDI_Eng-countries.xlsx,FDI (annual),V5,published
fdi_flows,country,total,,Total,,total,2016,inflow,1654009529.8000001000,1654009.5298000001,thousand_usd,numeric,,2026-08-17,FDI_Eng-countries.xlsx,FDI (annual),W5,published
fdi_flows,country,total,,Total,,total,2017,inflow,1990526440.6999999000,1990526.4406999999,thousand_usd,numeric,,2026-08-17,FDI_Eng-countries.xlsx,FDI (annual),X5,published
fdi_flows,country,total,,Total,,total,2018,inflow,1350608164.5000,1350608.1645,thousand_usd,numeric,,2026-08-17,FDI_Eng-countries.xlsx,FDI (annual),Y5,published
fdi_flows,country,total,,Total,,total,2019,inflow,1367795347.8999997000,1367795.3478999997,thousand_usd,numeric,,2026-08-17,FDI_Eng-countries.xlsx,FDI (annual),Z5,published
fdi_flows,country,total,,Total,,total,2020,inflow,596151415.1000001000,596151.4151000001,thousand_usd,numeric,,2026-08-17,FDI_Eng-countries.xlsx,FDI (annual),AA5,published
fdi_flows,country,total,,Total,,total,2021,inflow,1293639916.8000,1293639.9168,thousand_usd,numeric,,2026-08-17,FDI_Eng-countries.xlsx,FDI (annual),AB5,published
fdi_flows,country,total,,Total,,total,2022,inflow,2258335256.6999998000,2258335.2566999998,thousand_usd,numeric,,2026-08-17,FDI_Eng-countries.xlsx,FDI (annual),AC5,published
fdi_flows,country,total,,Total,,total,2023,inflow,2069879160.8999998000,2069879.1608999998,thousand_usd,numeric,,2026-08-17,FDI_Eng-countries.xlsx,FDI (annual),AD5,published
fdi_flows,country,total,,Total,,total,2024,inflow,1592727285.3999999000,1592727.2853999999,thousand_usd,numeric,,2026-08-17,FDI_Eng-countries.xlsx,FDI (annual),AE5,published
fdi_flows,country,total,,Total,,total,2025,inflow,1900386200.9999999000,1900386.2009999999,thousand_usd,numeric,,2026-08-17,FDI_Eng-countries.xlsx,FDI (annual),AF5,published
fdi_flows,country,unknown,,Unknown,total,unallocated,1996,inflow,,-,thousand_usd,not_applicable,,2026-08-17,FDI_Eng-countries.xlsx,FDI (annual),C87,published
fdi_flows,country,unknown,,Unknown,total,unallocated,1997,inflow,,-,thousand_usd,not_applicable,,2026-08-17,FDI_Eng-countries.xlsx,FDI (annual),D87,published
fdi_flows,country,unknown,,Unknown,total,unallocated,1998,inflow,,-,thousand_usd,not_applicable,,2026-08-17,FDI_Eng-countries.xlsx,FDI (annual),E87,published
fdi_flows,country,unknown,,Unknown,total,unallocated,1999,inflow,,-,thousand_usd,not_applicable,,2026-08-17,FDI_Eng-countries.xlsx,FDI (annual),F87,published
fdi_flows,country,unknown,,Unknown,total,unallocated,2000,inflow,,-,thousand_usd,not_applicable,,2026-08-17,FDI_Eng-countries.xlsx,FDI (annual),G87,published
fdi_flows,country,unknown,,Unknown,total,unallocated,2001,inflow,,-,thousand_usd,not_applicable,,2026-08-17,FDI_Eng-countries.xlsx,FDI (annual),H87,published
fdi_flows,country,unknown,,Unknown,total,unallocated,2002,inflow,627861.58999999998000,627.86158999999998,thousand_usd,numeric,,2026-08-17,FDI_Eng-countries.xlsx,FDI (annual),I87,published
fdi_flows,country,unknown,,Unknown,total,unallocated,2003,inflow,853614.43999999995000,853.61443999999995,thousand_usd,numeric,,2026-08-17,FDI_Eng-countries.xlsx,FDI (annual),J87,published
fdi_flows,country,unknown,,Unknown,total,unallocated,2004,inflow,268314.40000000003000,268.31440000000003,thousand_usd,numeric,,2026-08-17,FDI_Eng-countries.xlsx,FDI (annual),K87,published
fdi_flows,country,unknown,,Unknown,total,unallocated,2005,inflow,328450.35999999999000,328.45035999999999,thousand_usd,numeric,,2026-08-17,FDI_Eng-countries.xlsx,FDI (annual),L87,published
fdi_flows,country,unknown,,Unknown,total,unallocated,2006,inflow,-312162.01000000001000,-312.16201000000001,thousand_usd,numeric,,2026-08-17,FDI_Eng-countries.xlsx,FDI (annual),M87,published
fdi_flows,country,unknown,,Unknown,total,unallocated,2007,inflow,,-,thousand_usd,not_applicable,,2026-08-17,FDI_Eng-countries.xlsx,FDI (annual),N87,published
fdi_flows,country,unknown,,Unknown,total,unallocated,2008,inflow,,-,thousand_usd,not_applicable,,2026-08-17,FDI_Eng-countries.xlsx,FDI (annual),O87,published
fdi_flows,country,unknown,,Unknown,total,unallocated,2009,inflow,11066782.499999999000,11066.782499999999,thousand_usd,numeric,,2026-08-17,FDI_Eng-countries.xlsx,FDI (annual),P87,published
fdi_flows,country,unknown,,Unknown,total,unallocated,2010,inflow,,-,thousand_usd,not_applicable,,2026-08-17,FDI_Eng-countries.xlsx,FDI (annual),Q87,published
fdi_flows,country,unknown,,Unknown,total,unallocated,2011,inflow,,-,thousand_usd,not_applicable,,2026-08-17,FDI_Eng-countries.xlsx,FDI (annual),R87,published
fdi_flows,country,unknown,,Unknown,total,unallocated,2012,inflow,,-,thousand_usd,not_applicable,,2026-08-17,FDI_Eng-countries.xlsx,FDI (annual),S87,published
fdi_flows,country,unknown,,Unknown,total,unallocated,2013,inflow,,-,thousand_usd,not_applicable,,2026-08-17,FDI_Eng-countries.xlsx,FDI (annual),T87,published
fdi_flows,country,unknown,,Unknown,total,unallocated,2014,inflow,,-,thousand_usd,not_applicable,,2026-08-17,FDI_Eng-countries.xlsx,FDI (annual),U87,published
fdi_flows,country,unknown,,Unknown,total,unallocated,2015,inflow,6743034.6999701997000,6743.0346999701997,thousand_usd,numeric,,2026-08-17,FDI_Eng-countries.xlsx,FDI (annual),V87,published
fdi_flows,country,unknown,,Unknown,total,unallocated,2016,inflow,-4702345.5000000004000,-4702.3455000000004,thousand_usd,numeric,,2026-08-17,FDI_Eng-countries.xlsx,FDI (annual),W87,published
fdi_flows,country,unknown,,Unknown,total,unallocated,2017,inflow,,-,thousand_usd,not_applicable,,2026-08-17,FDI_Eng-countries.xlsx,FDI (annual),X87,published
fdi_flows,country,unknown,,Unknown,total,unallocated,2018,inflow,,-,thousand_usd,not_applicable,,2026-08-17,FDI_Eng-countries.xlsx,FDI (annual),Y87,published
fdi_flows,country,unknown,,Unknown,total,unallocated,2019,inflow,,-,thousand_usd,not_applicable,,2026-08-17,FDI_Eng-countries.xlsx,FDI (annual),Z87,published
fdi_flows,country,unknown,,Unknown,total,unallocated,2020,inflow,,-,thousand_usd,not_applicable,,2026-08-17,FDI_Eng-countries.xlsx,FDI (annual),AA87,published
fdi_flows,country,unknown,,Unknown,total,unallocated,2021,inflow,,-,thousand_usd,not_applicable,,2026-08-17,FDI_Eng-countries.xlsx,FDI (annual),AB87,published
fdi_flows,country,unknown,,Unknown,total,unallocated,2022,inflow,,-,thousand_usd,not_applicable,,2026-08-17,FDI_Eng-countries.xlsx,FDI (annual),AC87,published
fdi_flows,country,unknown,,Unknown,total,unallocated,2023,inflow,,-,thousand_usd,not_applicable,,2026-08-17,FDI_Eng-countries.xlsx,FDI (annual),AD87,published
fdi_flows,country,unknown,,Unknown,total,unallocated,2024,inflow,,-,thousand_usd,not_applicable,,2026-08-17,FDI_Eng-countries.xlsx,FDI (annual),AE87,published
fdi_flows,country,unknown,,Unknown,total,unallocated,2025,inflow,,-,thousand_usd,not_applicable,,2026-08-17,FDI_Eng-countries.xlsx,FDI (annual),AF87,published
fdi_flows,region,adjara,,Adjara,total,region,2009,inflow,99386405.900000012000,99386.405900000012,thousand_usd,numeric,,2026-08-17,FDI_Eng_regions.xlsx,ENG (annual),B8,published
fdi_flows,region,adjara,,Adjara,total,region,2010,inflow,58935473.008799992000,58935.473008799992,thousand_usd,numeric,,2026-08-17,FDI_Eng_regions.xlsx,ENG (annual),C8,published
fdi_flows,region,adjara,,Adjara,total,region,2011,inflow,95849637.300000017000,95849.637300000017,thousand_usd,numeric,,2026-08-17,FDI_Eng_regions.xlsx,ENG (annual),D8,published
fdi_flows,region,adjara,,Adjara,total,region,2012,inflow,72215551.816574996000,72215.551816574996,thousand_usd,numeric,,2026-08-17,FDI_Eng_regions.xlsx,ENG (annual),E8,published
fdi_flows,region,adjara,,Adjara,total,region,2013,inflow,83137537.299999982000,83137.537299999982,thousand_usd,numeric,,2026-08-17,FDI_Eng_regions.xlsx,ENG (annual),F8,published
fdi_flows,region,adjara,,Adjara,total,region,2014,inflow,169075871.60000007000,169075.87160000007,thousand_usd,numeric,,2026-08-17,FDI_Eng_regions.xlsx,ENG (annual),G8,published
fdi_flows,region,adjara,,Adjara,total,region,2015,inflow,207849067.80000002000,207849.06780000002,thousand_usd,numeric,,2026-08-17,FDI_Eng_regions.xlsx,ENG (annual),H8,published
fdi_flows,region,adjara,,Adjara,total,region,2016,inflow,108520005.20000003000,108520.00520000003,thousand_usd,numeric,,2026-08-17,FDI_Eng_regions.xlsx,ENG (annual),I8,published
fdi_flows,region,adjara,,Adjara,total,region,2017,inflow,212909179.09999998000,212909.17909999998,thousand_usd,numeric,,2026-08-17,FDI_Eng_regions.xlsx,ENG (annual),J8,published
fdi_flows,region,adjara,,Adjara,total,region,2018,inflow,85015206.200000015000,85015.206200000015,thousand_usd,numeric,,2026-08-17,FDI_Eng_regions.xlsx,ENG (annual),K8,published
fdi_flows,region,adjara,,Adjara,total,region,2019,inflow,196227373.79999994000,196227.37379999994,thousand_usd,numeric,,2026-08-17,FDI_Eng_regions.xlsx,ENG (annual),L8,published
fdi_flows,region,adjara,,Adjara,total,region,2020,inflow,79679347.899999979000,79679.347899999979,thousand_usd,numeric,,2026-08-17,FDI_Eng_regions.xlsx,ENG (annual),M8,published
fdi_flows,region,adjara,,Adjara,total,region,2021,inflow,84406188.299999951000,84406.188299999951,thousand_usd,numeric,,2026-08-17,FDI_Eng_regions.xlsx,ENG (annual),N8,published
fdi_flows,region,adjara,,Adjara,total,region,2022,inflow,60831224.500000055000,60831.224500000055,thousand_usd,numeric,,2026-08-17,FDI_Eng_regions.xlsx,ENG (annual),O8,published
fdi_flows,region,adjara,,Adjara,total,region,2023,inflow,74277886.699999988000,74277.886699999988,thousand_usd,numeric,,2026-08-17,FDI_Eng_regions.xlsx,ENG (annual),P8,published
fdi_flows,region,adjara,,Adjara,total,region,2024,inflow,83140894.99999999000,83140.89499999999,thousand_usd,numeric,,2026-08-17,FDI_Eng_regions.xlsx,ENG (annual),Q8,published
fdi_flows,region,adjara,,Adjara,total,region,2025,inflow,95621535.700000037000,95621.535700000037,thousand_usd,numeric,,2026-08-17,FDI_Eng_regions.xlsx,ENG (annual),R8,published
fdi_flows,region,guria,,Guria,samegrelo_zemo_svaneti_and_guria,region_part,2009,inflow,,-,thousand_usd,not_applicable,,2026-08-17,FDI_Eng_regions.xlsx,ENG (annual),B14,published
fdi_flows,region,guria,,Guria,samegrelo_zemo_svaneti_and_guria,region_part,2010,inflow,,-,thousand_usd,not_applicable,,2026-08-17,FDI_Eng_regions.xlsx,ENG (annual),C14,published
fdi_flows,region,guria,,Guria,samegrelo_zemo_svaneti_and_guria,region_part,2011,inflow,,-,thousand_usd,not_applicable,,2026-08-17,FDI_Eng_regions.xlsx,ENG (annual),D14,published
fdi_flows,region,guria,,Guria,samegrelo_zemo_svaneti_and_guria,region_part,2012,inflow,,-,thousand_usd,not_applicable,,2026-08-17,FDI_Eng_regions.xlsx,ENG (annual),E14,published
fdi_flows,region,guria,,Guria,samegrelo_zemo_svaneti_and_guria,region_part,2013,inflow,,-,thousand_usd,not_applicable,,2026-08-17,FDI_Eng_regions.xlsx,ENG (annual),F14,published
fdi_flows,region,guria,,Guria,samegrelo_zemo_svaneti_and_guria,region_part,2014,inflow,,-,thousand_usd,not_applicable,,2026-08-17,FDI_Eng_regions.xlsx,ENG (annual),G14,published
fdi_flows,region,guria,,Guria,samegrelo_zemo_svaneti_and_guria,region_part,2015,inflow,,-,thousand_usd,not_applicable,,2026-08-17,FDI_Eng_regions.xlsx,ENG (annual),H14,published
fdi_flows,region,guria,,Guria,samegrelo_zemo_svaneti_and_guria,region_part,2016,inflow,553811.79999999995000,553.81179999999995,thousand_usd,numeric,,2026-08-17,FDI_Eng_regions.xlsx,ENG (annual),I14,published
fdi_flows,region,guria,,Guria,samegrelo_zemo_svaneti_and_guria,region_part,2017,inflow,1084499.5000000001000,1084.4995000000001,thousand_usd,numeric,,2026-08-17,FDI_Eng_regions.xlsx,ENG (annual),J14,published
fdi_flows,region,guria,,Guria,samegrelo_zemo_svaneti_and_guria,region_part,2018,inflow,301640.70000000015000,301.64070000000015,thousand_usd,numeric,,2026-08-17,FDI_Eng_regions.xlsx,ENG (annual),K14,published
fdi_flows,region,guria,,Guria,samegrelo_zemo_svaneti_and_guria,region_part,2019,inflow,1649416.3999999998000,1649.4163999999998,thousand_usd,numeric,,2026-08-17,FDI_Eng_regions.xlsx,ENG (annual),L14,published
fdi_flows,region,guria,,Guria,samegrelo_zemo_svaneti_and_guria,region_part,2020,inflow,68852.200000000011000,68.852200000000011,thousand_usd,numeric,,2026-08-17,FDI_Eng_regions.xlsx,ENG (annual),M14,published
fdi_flows,region,guria,,Guria,samegrelo_zemo_svaneti_and_guria,region_part,2021,inflow,900402.00000000016000,900.40200000000016,thousand_usd,numeric,,2026-08-17,FDI_Eng_regions.xlsx,ENG (annual),N14,published
fdi_flows,region,guria,,Guria,samegrelo_zemo_svaneti_and_guria,region_part,2022,inflow,2017913.7999999996000,2017.9137999999996,thousand_usd,numeric,,2026-08-17,FDI_Eng_regions.xlsx,ENG (annual),O14,published
fdi_flows,region,guria,,Guria,samegrelo_zemo_svaneti_and_guria,region_part,2023,inflow,2230493.3000000001000,2230.4933000000001,thousand_usd,numeric,,2026-08-17,FDI_Eng_regions.xlsx,ENG (annual),P14,published
fdi_flows,region,guria,,Guria,samegrelo_zemo_svaneti_and_guria,region_part,2024,inflow,2563377.2000000004000,2563.3772000000004,thousand_usd,numeric,,2026-08-17,FDI_Eng_regions.xlsx,ENG (annual),Q14,published
fdi_flows,region,guria,,Guria,samegrelo_zemo_svaneti_and_guria,region_part,2025,inflow,1738752.000,1738.752,thousand_usd,numeric,,2026-08-17,FDI_Eng_regions.xlsx,ENG (annual),R14,published
fdi_flows,region,imereti,,Imereti,imereti_racha_lechkhumi_and_kvemo_svaneti,region_part,2009,inflow,,-,thousand_usd,not_applicable,,2026-08-17,FDI_Eng_regions.xlsx,ENG (annual),B16,published
fdi_flows,region,imereti,,Imereti,imereti_racha_lechkhumi_and_kvemo_svaneti,region_part,2010,inflow,,-,thousand_usd,not_applicable,,2026-08-17,FDI_Eng_regions.xlsx,ENG (annual),C16,published
fdi_flows,region,imereti,,Imereti,imereti_racha_lechkhumi_and_kvemo_svaneti,region_part,2011,inflow,,-,thousand_usd,not_applicable,,2026-08-17,FDI_Eng_regions.xlsx,ENG (annual),D16,published
fdi_flows,region,imereti,,Imereti,imereti_racha_lechkhumi_and_kvemo_svaneti,region_part,2012,inflow,,-,thousand_usd,not_applicable,,2026-08-17,FDI_Eng_regions.xlsx,ENG (annual),E16,published
fdi_flows,region,imereti,,Imereti,imereti_racha_lechkhumi_and_kvemo_svaneti,region_part,2013,inflow,,-,thousand_usd,not_applicable,,2026-08-17,FDI_Eng_regions.xlsx,ENG (annual),F16,published
fdi_flows,region,imereti,,Imereti,imereti_racha_lechkhumi_and_kvemo_svaneti,region_part,2014,inflow,,-,thousand_usd,not_applicable,,2026-08-17,FDI_Eng_regions.xlsx,ENG (annual),G16,published
fdi_flows,region,imereti,,Imereti,imereti_racha_lechkhumi_and_kvemo_svaneti,region_part,2015,inflow,,-,thousand_usd,not_applicable,,2026-08-17,FDI_Eng_regions.xlsx,ENG (annual),H16,published
fdi_flows,region,imereti,,Imereti,imereti_racha_lechkhumi_and_kvemo_svaneti,region_part,2016,inflow,25909198.6000,25909.1986,thousand_usd,numeric,,2026-08-17,FDI_Eng_regions.xlsx,ENG (annual),I16,published
fdi_flows,region,imereti,,Imereti,imereti_racha_lechkhumi_and_kvemo_svaneti,region_part,2017,inflow,57806781.200000012000,57806.781200000012,thousand_usd,numeric,,2026-08-17,FDI_Eng_regions.xlsx,ENG (annual),J16,published
fdi_flows,region,imereti,,Imereti,imereti_racha_lechkhumi_and_kvemo_svaneti,region_part,2018,inflow,25616368.599999994000,25616.368599999994,thousand_usd,numeric,,2026-08-17,FDI_Eng_regions.xlsx,ENG (annual),K16,published
fdi_flows,region,imereti,,Imereti,imereti_racha_lechkhumi_and_kvemo_svaneti,region_part,2019,inflow,45353822.999999989000,45353.822999999989,thousand_usd,numeric,,2026-08-17,FDI_Eng_regions.xlsx,ENG (annual),L16,published
fdi_flows,region,imereti,,Imereti,imereti_racha_lechkhumi_and_kvemo_svaneti,region_part,2020,inflow,-2999031.3000000037000,-2999.0313000000037,thousand_usd,numeric,,2026-08-17,FDI_Eng_regions.xlsx,ENG (annual),M16,published
fdi_flows,region,imereti,,Imereti,imereti_racha_lechkhumi_and_kvemo_svaneti,region_part,2021,inflow,6376154.300000002000,6376.154300000002,thousand_usd,numeric,,2026-08-17,FDI_Eng_regions.xlsx,ENG (annual),N16,published
fdi_flows,region,imereti,,Imereti,imereti_racha_lechkhumi_and_kvemo_svaneti,region_part,2022,inflow,21160112.599999989000,21160.112599999989,thousand_usd,numeric,,2026-08-17,FDI_Eng_regions.xlsx,ENG (annual),O16,published
fdi_flows,region,imereti,,Imereti,imereti_racha_lechkhumi_and_kvemo_svaneti,region_part,2023,inflow,59671750.39999999000,59671.75039999999,thousand_usd,numeric,,2026-08-17,FDI_Eng_regions.xlsx,ENG (annual),P16,published
fdi_flows,region,imereti,,Imereti,imereti_racha_lechkhumi_and_kvemo_svaneti,region_part,2024,inflow,-8853430.5999999979000,-8853.4305999999979,thousand_usd,numeric,,2026-08-17,FDI_Eng_regions.xlsx,ENG (annual),Q16,published
fdi_flows,region,imereti,,Imereti,imereti_racha_lechkhumi_and_kvemo_svaneti,region_part,2025,inflow,-64220177.799999998000,-64220.177799999998,thousand_usd,numeric,,2026-08-17,FDI_Eng_regions.xlsx,ENG (annual),R16,published
fdi_flows,region,imereti_racha_lechkhumi_and_kvemo_svaneti,,"Imereti, Racha-Lechkhumi and Kvemo Svaneti",total,region_group,2009,inflow,61057960.899999998000,61057.960899999998,thousand_usd,numeric,,2026-08-17,FDI_Eng_regions.xlsx,ENG (annual),B15,published
fdi_flows,region,imereti_racha_lechkhumi_and_kvemo_svaneti,,"Imereti, Racha-Lechkhumi and Kvemo Svaneti",total,region_group,2010,inflow,80126483.100000012000,80126.483100000012,thousand_usd,numeric,,2026-08-17,FDI_Eng_regions.xlsx,ENG (annual),C15,published
fdi_flows,region,imereti_racha_lechkhumi_and_kvemo_svaneti,,"Imereti, Racha-Lechkhumi and Kvemo Svaneti",total,region_group,2011,inflow,5325211.6399999986000,5325.2116399999986,thousand_usd,numeric,,2026-08-17,FDI_Eng_regions.xlsx,ENG (annual),D15,published
fdi_flows,region,imereti_racha_lechkhumi_and_kvemo_svaneti,,"Imereti, Racha-Lechkhumi and Kvemo Svaneti",total,region_group,2012,inflow,40024049.327500004000,40024.049327500004,thousand_usd,numeric,,2026-08-17,FDI_Eng_regions.xlsx,ENG (annual),E15,published
fdi_flows,region,imereti_racha_lechkhumi_and_kvemo_svaneti,,"Imereti, Racha-Lechkhumi and Kvemo Svaneti",total,region_group,2013,inflow,59124366.099999992000,59124.366099999992,thousand_usd,numeric,,2026-08-17,FDI_Eng_regions.xlsx,ENG (annual),F15,published
fdi_flows,region,imereti_racha_lechkhumi_and_kvemo_svaneti,,"Imereti, Racha-Lechkhumi and Kvemo Svaneti",total,region_group,2014,inflow,27951089.699999997000,27951.089699999997,thousand_usd,numeric,,2026-08-17,FDI_Eng_regions.xlsx,ENG (annual),G15,published
fdi_flows,region,imereti_racha_lechkhumi_and_kvemo_svaneti,,"Imereti, Racha-Lechkhumi and Kvemo Svaneti",total,region_group,2015,inflow,25701826.300000004000,25701.826300000004,thousand_usd,numeric,,2026-08-17,FDI_Eng_regions.xlsx,ENG (annual),H15,published
fdi_flows,region,imereti_racha_lechkhumi_and_kvemo_svaneti,,"Imereti, Racha-Lechkhumi and Kvemo Svaneti",total,region_group,2016,inflow,27309939.200000001000,27309.939200000001,thousand_usd,numeric,,2026-08-17,FDI_Eng_regions.xlsx,ENG (annual),I15,published
fdi_flows,region,imereti_racha_lechkhumi_and_kvemo_svaneti,,"Imereti, Racha-Lechkhumi and Kvemo Svaneti",total,region_group,2017,inflow,63967241.000000009000,63967.241000000009,thousand_usd,numeric,,2026-08-17,FDI_Eng_regions.xlsx,ENG (annual),J15,published
fdi_flows,region,imereti_racha_lechkhumi_and_kvemo_svaneti,,"Imereti, Racha-Lechkhumi and Kvemo Svaneti",total,region_group,2018,inflow,27999763.099999993000,27999.763099999993,thousand_usd,numeric,,2026-08-17,FDI_Eng_regions.xlsx,ENG (annual),K15,published
fdi_flows,region,imereti_racha_lechkhumi_and_kvemo_svaneti,,"Imereti, Racha-Lechkhumi and Kvemo Svaneti",total,region_group,2019,inflow,47699264.4000,47699.2644,thousand_usd,numeric,,2026-08-17,FDI_Eng_regions.xlsx,ENG (annual),L15,published
fdi_flows,region,imereti_racha_lechkhumi_and_kvemo_svaneti,,"Imereti, Racha-Lechkhumi and Kvemo Svaneti",total,region_group,2020,inflow,-217878.6000000041000,-217.8786000000041,thousand_usd,numeric,,2026-08-17,FDI_Eng_regions.xlsx,ENG (annual),M15,published
fdi_flows,region,imereti_racha_lechkhumi_and_kvemo_svaneti,,"Imereti, Racha-Lechkhumi and Kvemo Svaneti",total,region_group,2021,inflow,7222177.2000000019000,7222.1772000000019,thousand_usd,numeric,,2026-08-17,FDI_Eng_regions.xlsx,ENG (annual),N15,published
fdi_flows,region,imereti_racha_lechkhumi_and_kvemo_svaneti,,"Imereti, Racha-Lechkhumi and Kvemo Svaneti",total,region_group,2022,inflow,21927963.09999999000,21927.96309999999,thousand_usd,numeric,,2026-08-17,FDI_Eng_regions.xlsx,ENG (annual),O15,published
fdi_flows,region,imereti_racha_lechkhumi_and_kvemo_svaneti,,"Imereti, Racha-Lechkhumi and Kvemo Svaneti",total,region_group,2023,inflow,63529992.099999989000,63529.992099999989,thousand_usd,numeric,,2026-08-17,FDI_Eng_regions.xlsx,ENG (annual),P15,published
fdi_flows,region,imereti_racha_lechkhumi_and_kvemo_svaneti,,"Imereti, Racha-Lechkhumi and Kvemo Svaneti",total,region_group,2024,inflow,-28927919.800000003000,-28927.919800000003,thousand_usd,numeric,,2026-08-17,FDI_Eng_regions.xlsx,ENG (annual),Q15,published
fdi_flows,region,imereti_racha_lechkhumi_and_kvemo_svaneti,,"Imereti, Racha-Lechkhumi and Kvemo Svaneti",total,region_group,2025,inflow,-64169467.799999999000,-64169.467799999999,thousand_usd,numeric,,2026-08-17,FDI_Eng_regions.xlsx,ENG (annual),R15,published
fdi_flows,region,kakheti,,Kakheti,total,region,2009,inflow,4193926.8999999995000,4193.9268999999995,thousand_usd,numeric,,2026-08-17,FDI_Eng_regions.xlsx,ENG (annual),B9,published
fdi_flows,region,kakheti,,Kakheti,total,region,2010,inflow,-4810332.8000000001000,-4810.3328000000001,thousand_usd,numeric,,2026-08-17,FDI_Eng_regions.xlsx,ENG (annual),C9,published
fdi_flows,region,kakheti,,Kakheti,total,region,2011,inflow,2759894.0403299994000,2759.8940403299994,thousand_usd,numeric,,2026-08-17,FDI_Eng_regions.xlsx,ENG (annual),D9,published
fdi_flows,region,kakheti,,Kakheti,total,region,2012,inflow,16563224.973999997000,16563.224973999997,thousand_usd,numeric,,2026-08-17,FDI_Eng_regions.xlsx,ENG (annual),E9,published
fdi_flows,region,kakheti,,Kakheti,total,region,2013,inflow,11028610.500000003000,11028.610500000003,thousand_usd,numeric,,2026-08-17,FDI_Eng_regions.xlsx,ENG (annual),F9,published
fdi_flows,region,kakheti,,Kakheti,total,region,2014,inflow,15796290.899999993000,15796.290899999993,thousand_usd,numeric,,2026-08-17,FDI_Eng_regions.xlsx,ENG (annual),G9,published
fdi_flows,region,kakheti,,Kakheti,total,region,2015,inflow,17542490.000000005000,17542.490000000005,thousand_usd,numeric,,2026-08-17,FDI_Eng_regions.xlsx,ENG (annual),H9,published
fdi_flows,region,kakheti,,Kakheti,total,region,2016,inflow,3421686.2999999994000,3421.6862999999994,thousand_usd,numeric,,2026-08-17,FDI_Eng_regions.xlsx,ENG (annual),I9,published
fdi_flows,region,kakheti,,Kakheti,total,region,2017,inflow,12437293.299999999000,12437.293299999999,thousand_usd,numeric,,2026-08-17,FDI_Eng_regions.xlsx,ENG (annual),J9,published
fdi_flows,region,kakheti,,Kakheti,total,region,2018,inflow,-8237690.5000000024000,-8237.6905000000024,thousand_usd,numeric,,2026-08-17,FDI_Eng_regions.xlsx,ENG (annual),K9,published
fdi_flows,region,kakheti,,Kakheti,total,region,2019,inflow,2290656.1999999994000,2290.6561999999994,thousand_usd,numeric,,2026-08-17,FDI_Eng_regions.xlsx,ENG (annual),L9,published
fdi_flows,region,kakheti,,Kakheti,total,region,2020,inflow,-4795191.8999999998000,-4795.1918999999998,thousand_usd,numeric,,2026-08-17,FDI_Eng_regions.xlsx,ENG (annual),M9,published
fdi_flows,region,kakheti,,Kakheti,total,region,2021,inflow,2046186.3999999991000,2046.1863999999991,thousand_usd,numeric,,2026-08-17,FDI_Eng_regions.xlsx,ENG (annual),N9,published
fdi_flows,region,kakheti,,Kakheti,total,region,2022,inflow,2004231.8000000016000,2004.2318000000016,thousand_usd,numeric,,2026-08-17,FDI_Eng_regions.xlsx,ENG (annual),O9,published
fdi_flows,region,kakheti,,Kakheti,total,region,2023,inflow,15141349.299999996000,15141.349299999996,thousand_usd,numeric,,2026-08-17,FDI_Eng_regions.xlsx,ENG (annual),P9,published
fdi_flows,region,kakheti,,Kakheti,total,region,2024,inflow,5381947.2000000005000,5381.9472000000005,thousand_usd,numeric,,2026-08-17,FDI_Eng_regions.xlsx,ENG (annual),Q9,published
fdi_flows,region,kakheti,,Kakheti,total,region,2025,inflow,5225514.0999999949000,5225.5140999999949,thousand_usd,numeric,,2026-08-17,FDI_Eng_regions.xlsx,ENG (annual),R9,published
fdi_flows,region,kvemo_kartli,,Kvemo Kartli,total,region,2009,inflow,49765014.999999999000,49765.014999999999,thousand_usd,numeric,,2026-08-17,FDI_Eng_regions.xlsx,ENG (annual),B11,published
fdi_flows,region,kvemo_kartli,,Kvemo Kartli,total,region,2010,inflow,66685384.200000015000,66685.384200000015,thousand_usd,numeric,,2026-08-17,FDI_Eng_regions.xlsx,ENG (annual),C11,published
fdi_flows,region,kvemo_kartli,,Kvemo Kartli,total,region,2011,inflow,146882629.69999999000,146882.62969999999,thousand_usd,numeric,,2026-08-17,FDI_Eng_regions.xlsx,ENG (annual),D11,published
fdi_flows,region,kvemo_kartli,,Kvemo Kartli,total,region,2012,inflow,41648268.51899999000,41648.26851899999,thousand_usd,numeric,,2026-08-17,FDI_Eng_regions.xlsx,ENG (annual),E11,published
fdi_flows,region,kvemo_kartli,,Kvemo Kartli,total,region,2013,inflow,17657999.400000008000,17657.999400000008,thousand_usd,numeric,,2026-08-17,FDI_Eng_regions.xlsx,ENG (annual),F11,published
fdi_flows,region,kvemo_kartli,,Kvemo Kartli,total,region,2014,inflow,55671517.899999992000,55671.517899999992,thousand_usd,numeric,,2026-08-17,FDI_Eng_regions.xlsx,ENG (annual),G11,published
fdi_flows,region,kvemo_kartli,,Kvemo Kartli,total,region,2015,inflow,21180520.39999999000,21180.52039999999,thousand_usd,numeric,,2026-08-17,FDI_Eng_regions.xlsx,ENG (annual),H11,published
fdi_flows,region,kvemo_kartli,,Kvemo Kartli,total,region,2016,inflow,29129946.399999972000,29129.946399999972,thousand_usd,numeric,,2026-08-17,FDI_Eng_regions.xlsx,ENG (annual),I11,published
fdi_flows,region,kvemo_kartli,,Kvemo Kartli,total,region,2017,inflow,64644048.599999995000,64644.048599999995,thousand_usd,numeric,,2026-08-17,FDI_Eng_regions.xlsx,ENG (annual),J11,published
fdi_flows,region,kvemo_kartli,,Kvemo Kartli,total,region,2018,inflow,86279942.600000009000,86279.942600000009,thousand_usd,numeric,,2026-08-17,FDI_Eng_regions.xlsx,ENG (annual),K11,published
fdi_flows,region,kvemo_kartli,,Kvemo Kartli,total,region,2019,inflow,48692535.600000017000,48692.535600000017,thousand_usd,numeric,,2026-08-17,FDI_Eng_regions.xlsx,ENG (annual),L11,published
fdi_flows,region,kvemo_kartli,,Kvemo Kartli,total,region,2020,inflow,78709198.499999999000,78709.198499999999,thousand_usd,numeric,,2026-08-17,FDI_Eng_regions.xlsx,ENG (annual),M11,published
fdi_flows,region,kvemo_kartli,,Kvemo Kartli,total,region,2021,inflow,25905599.400000014000,25905.599400000014,thousand_usd,numeric,,2026-08-17,FDI_Eng_regions.xlsx,ENG (annual),N11,published
fdi_flows,region,kvemo_kartli,,Kvemo Kartli,total,region,2022,inflow,35985410.400000008000,35985.410400000008,thousand_usd,numeric,,2026-08-17,FDI_Eng_regions.xlsx,ENG (annual),O11,published
fdi_flows,region,kvemo_kartli,,Kvemo Kartli,total,region,2023,inflow,200960859.79999998000,200960.85979999998,thousand_usd,numeric,,2026-08-17,FDI_Eng_regions.xlsx,ENG (annual),P11,published
fdi_flows,region,kvemo_kartli,,Kvemo Kartli,total,region,2024,inflow,37482548.400000007000,37482.548400000007,thousand_usd,numeric,,2026-08-17,FDI_Eng_regions.xlsx,ENG (annual),Q11,published
fdi_flows,region,kvemo_kartli,,Kvemo Kartli,total,region,2025,inflow,-29888577.09999998000,-29888.57709999998,thousand_usd,numeric,,2026-08-17,FDI_Eng_regions.xlsx,ENG (annual),R11,published
fdi_flows,region,mtskheta_mtianeti,,Mtskheta-Mtianeti,shida_kartli_and_mtskheta_mtianeti,region_part,2009,inflow,,-,thousand_usd,not_applicable,,2026-08-17,FDI_Eng_regions.xlsx,ENG (annual),B20,published
fdi_flows,region,mtskheta_mtianeti,,Mtskheta-Mtianeti,shida_kartli_and_mtskheta_mtianeti,region_part,2010,inflow,,-,thousand_usd,not_applicable,,2026-08-17,FDI_Eng_regions.xlsx,ENG (annual),C20,published
fdi_flows,region,mtskheta_mtianeti,,Mtskheta-Mtianeti,shida_kartli_and_mtskheta_mtianeti,region_part,2011,inflow,,-,thousand_usd,not_applicable,,2026-08-17,FDI_Eng_regions.xlsx,ENG (annual),D20,published
fdi_flows,region,mtskheta_mtianeti,,Mtskheta-Mtianeti,shida_kartli_and_mtskheta_mtianeti,region_part,2012,inflow,,-,thousand_usd,not_applicable,,2026-08-17,FDI_Eng_regions.xlsx,ENG (annual),E20,published
fdi_flows,region,mtskheta_mtianeti,,Mtskheta-Mtianeti,shida_kartli_and_mtskheta_mtianeti,region_part,2013,inflow,,-,thousand_usd,not_applicable,,2026-08-17,FDI_Eng_regions.xlsx,ENG (annual),F20,published
fdi_flows,region,mtskheta_mtianeti,,Mtskheta-Mtianeti,shida_kartli_and_mtskheta_mtianeti,region_part,2014,inflow,,-,thousand_usd,not_applicable,,2026-08-17,FDI_Eng_regions.xlsx,ENG (annual),G20,published
fdi_flows,region,mtskheta_mtianeti,,Mtskheta-Mtianeti,shida_kartli_and_mtskheta_mtianeti,region_part,2015,inflow,,-,thousand_usd,not_applicable,,2026-08-17,FDI_Eng_regions.xlsx,ENG (annual),H20,published
fdi_flows,region,mtskheta_mtianeti,,Mtskheta-Mtianeti,shida_kartli_and_mtskheta_mtianeti,region_part,2016,inflow,-1380103.9000000003000,-1380.1039000000003,thousand_usd,numeric,,2026-08-17,FDI_Eng_regions.xlsx,ENG (annual),I20,published
fdi_flows,region,mtskheta_mtianeti,,Mtskheta-Mtianeti,shida_kartli_and_mtskheta_mtianeti,region_part,2017,inflow,5862298.5000000008000,5862.2985000000008,thousand_usd,numeric,,2026-08-17,FDI_Eng_regions.xlsx,ENG (annual),J20,published
fdi_flows,region,mtskheta_mtianeti,,Mtskheta-Mtianeti,shida_kartli_and_mtskheta_mtianeti,region_part,2018,inflow,34411728.800000004000,34411.728800000004,thousand_usd,numeric,,2026-08-17,FDI_Eng_regions.xlsx,ENG (annual),K20,published
fdi_flows,region,mtskheta_mtianeti,,Mtskheta-Mtianeti,shida_kartli_and_mtskheta_mtianeti,region_part,2019,inflow,13527162.199999999000,13527.162199999999,thousand_usd,numeric,,2026-08-17,FDI_Eng_regions.xlsx,ENG (annual),L20,published
fdi_flows,region,mtskheta_mtianeti,,Mtskheta-Mtianeti,shida_kartli_and_mtskheta_mtianeti,region_part,2020,inflow,20779357.899999999000,20779.357899999999,thousand_usd,numeric,,2026-08-17,FDI_Eng_regions.xlsx,ENG (annual),M20,published
fdi_flows,region,mtskheta_mtianeti,,Mtskheta-Mtianeti,shida_kartli_and_mtskheta_mtianeti,region_part,2021,inflow,26056679.999999997000,26056.679999999997,thousand_usd,numeric,,2026-08-17,FDI_Eng_regions.xlsx,ENG (annual),N20,published
fdi_flows,region,mtskheta_mtianeti,,Mtskheta-Mtianeti,shida_kartli_and_mtskheta_mtianeti,region_part,2022,inflow,12764578.299999988000,12764.578299999988,thousand_usd,numeric,,2026-08-17,FDI_Eng_regions.xlsx,ENG (annual),O20,published
fdi_flows,region,mtskheta_mtianeti,,Mtskheta-Mtianeti,shida_kartli_and_mtskheta_mtianeti,region_part,2023,inflow,24444795.899999997000,24444.795899999997,thousand_usd,numeric,,2026-08-17,FDI_Eng_regions.xlsx,ENG (annual),P20,published
fdi_flows,region,mtskheta_mtianeti,,Mtskheta-Mtianeti,shida_kartli_and_mtskheta_mtianeti,region_part,2024,inflow,98966514.89999998000,98966.51489999998,thousand_usd,numeric,,2026-08-17,FDI_Eng_regions.xlsx,ENG (annual),Q20,published
fdi_flows,region,mtskheta_mtianeti,,Mtskheta-Mtianeti,shida_kartli_and_mtskheta_mtianeti,region_part,2025,inflow,111777197.90000003000,111777.19790000003,thousand_usd,numeric,,2026-08-17,FDI_Eng_regions.xlsx,ENG (annual),R20,published
fdi_flows,region,racha_lechkhumi_and_kvemo_svaneti,,Racha-Lechkhumi and Kvemo Svaneti,imereti_racha_lechkhumi_and_kvemo_svaneti,region_part,2009,inflow,,-,thousand_usd,not_applicable,,2026-08-17,FDI_Eng_regions.xlsx,ENG (annual),B17,published
fdi_flows,region,racha_lechkhumi_and_kvemo_svaneti,,Racha-Lechkhumi and Kvemo Svaneti,imereti_racha_lechkhumi_and_kvemo_svaneti,region_part,2010,inflow,,-,thousand_usd,not_applicable,,2026-08-17,FDI_Eng_regions.xlsx,ENG (annual),C17,published
fdi_flows,region,racha_lechkhumi_and_kvemo_svaneti,,Racha-Lechkhumi and Kvemo Svaneti,imereti_racha_lechkhumi_and_kvemo_svaneti,region_part,2011,inflow,,-,thousand_usd,not_applicable,,2026-08-17,FDI_Eng_regions.xlsx,ENG (annual),D17,published
fdi_flows,region,racha_lechkhumi_and_kvemo_svaneti,,Racha-Lechkhumi and Kvemo Svaneti,imereti_racha_lechkhumi_and_kvemo_svaneti,region_part,2012,inflow,,-,thousand_usd,not_applicable,,2026-08-17,FDI_Eng_regions.xlsx,ENG (annual),E17,published
fdi_flows,region,racha_lechkhumi_and_kvemo_svaneti,,Racha-Lechkhumi and Kvemo Svaneti,imereti_racha_lechkhumi_and_kvemo_svaneti,region_part,2013,inflow,,-,thousand_usd,not_applicable,,2026-08-17,FDI_Eng_regions.xlsx,ENG (annual),F17,published
fdi_flows,region,racha_lechkhumi_and_kvemo_svaneti,,Racha-Lechkhumi and Kvemo Svaneti,imereti_racha_lechkhumi_and_kvemo_svaneti,region_part,2014,inflow,,-,thousand_usd,not_applicable,,2026-08-17,FDI_Eng_regions.xlsx,ENG (annual),G17,published
fdi_flows,region,racha_lechkhumi_and_kvemo_svaneti,,Racha-Lechkhumi and Kvemo Svaneti,imereti_racha_lechkhumi_and_kvemo_svaneti,region_part,2015,inflow,,-,thousand_usd,not_applicable,,2026-08-17,FDI_Eng_regions.xlsx,ENG (annual),H17,published
fdi_flows,region,racha_lechkhumi_and_kvemo_svaneti,,Racha-Lechkhumi and Kvemo Svaneti,imereti_racha_lechkhumi_and_kvemo_svaneti,region_part,2016,inflow,1400740.6000000001000,1400.7406000000001,thousand_usd,numeric,,2026-08-17,FDI_Eng_regions.xlsx,ENG (annual),I17,published
fdi_flows,region,racha_lechkhumi_and_kvemo_svaneti,,Racha-Lechkhumi and Kvemo Svaneti,imereti_racha_lechkhumi_and_kvemo_svaneti,region_part,2017,inflow,6160459.8000000005000,6160.4598000000005,thousand_usd,numeric,,2026-08-17,FDI_Eng_regions.xlsx,ENG (annual),J17,published
fdi_flows,region,racha_lechkhumi_and_kvemo_svaneti,,Racha-Lechkhumi and Kvemo Svaneti,imereti_racha_lechkhumi_and_kvemo_svaneti,region_part,2018,inflow,2383394.4999999999000,2383.3944999999999,thousand_usd,numeric,,2026-08-17,FDI_Eng_regions.xlsx,ENG (annual),K17,published
fdi_flows,region,racha_lechkhumi_and_kvemo_svaneti,,Racha-Lechkhumi and Kvemo Svaneti,imereti_racha_lechkhumi_and_kvemo_svaneti,region_part,2019,inflow,2345441.3999999997000,2345.4413999999997,thousand_usd,numeric,,2026-08-17,FDI_Eng_regions.xlsx,ENG (annual),L17,published
fdi_flows,region,racha_lechkhumi_and_kvemo_svaneti,,Racha-Lechkhumi and Kvemo Svaneti,imereti_racha_lechkhumi_and_kvemo_svaneti,region_part,2020,inflow,2781152.6999999996000,2781.1526999999996,thousand_usd,numeric,,2026-08-17,FDI_Eng_regions.xlsx,ENG (annual),M17,published
fdi_flows,region,racha_lechkhumi_and_kvemo_svaneti,,Racha-Lechkhumi and Kvemo Svaneti,imereti_racha_lechkhumi_and_kvemo_svaneti,region_part,2021,inflow,846022.90000000005000,846.02290000000005,thousand_usd,numeric,,2026-08-17,FDI_Eng_regions.xlsx,ENG (annual),N17,published
fdi_flows,region,racha_lechkhumi_and_kvemo_svaneti,,Racha-Lechkhumi and Kvemo Svaneti,imereti_racha_lechkhumi_and_kvemo_svaneti,region_part,2022,inflow,767850.50000000001000,767.85050000000001,thousand_usd,numeric,,2026-08-17,FDI_Eng_regions.xlsx,ENG (annual),O17,published
fdi_flows,region,racha_lechkhumi_and_kvemo_svaneti,,Racha-Lechkhumi and Kvemo Svaneti,imereti_racha_lechkhumi_and_kvemo_svaneti,region_part,2023,inflow,3858241.7000,3858.2417,thousand_usd,numeric,,2026-08-17,FDI_Eng_regions.xlsx,ENG (annual),P17,published
fdi_flows,region,racha_lechkhumi_and_kvemo_svaneti,,Racha-Lechkhumi and Kvemo Svaneti,imereti_racha_lechkhumi_and_kvemo_svaneti,region_part,2024,inflow,-20074489.200000004000,-20074.489200000004,thousand_usd,numeric,,2026-08-17,FDI_Eng_regions.xlsx,ENG (annual),Q17,published
fdi_flows,region,racha_lechkhumi_and_kvemo_svaneti,,Racha-Lechkhumi and Kvemo Svaneti,imereti_racha_lechkhumi_and_kvemo_svaneti,region_part,2025,inflow,50709.999999999994000,50.709999999999994,thousand_usd,numeric,,2026-08-17,FDI_Eng_regions.xlsx,ENG (annual),R17,published
fdi_flows,region,samegrelo_zemo_svaneti,,Samegrelo-Zemo Svaneti,samegrelo_zemo_svaneti_and_guria,region_part,2009,inflow,,-,thousand_usd,not_applicable,,2026-08-17,FDI_Eng_regions.xlsx,ENG (annual),B13,published
fdi_flows,region,samegrelo_zemo_svaneti,,Samegrelo-Zemo Svaneti,samegrelo_zemo_svaneti_and_guria,region_part,2010,inflow,,-,thousand_usd,not_applicable,,2026-08-17,FDI_Eng_regions.xlsx,ENG (annual),C13,published
fdi_flows,region,samegrelo_zemo_svaneti,,Samegrelo-Zemo Svaneti,samegrelo_zemo_svaneti_and_guria,region_part,2011,inflow,,-,thousand_usd,not_applicable,,2026-08-17,FDI_Eng_regions.xlsx,ENG (annual),D13,published
fdi_flows,region,samegrelo_zemo_svaneti,,Samegrelo-Zemo Svaneti,samegrelo_zemo_svaneti_and_guria,region_part,2012,inflow,,-,thousand_usd,not_applicable,,2026-08-17,FDI_Eng_regions.xlsx,ENG (annual),E13,published
fdi_flows,region,samegrelo_zemo_svaneti,,Samegrelo-Zemo Svaneti,samegrelo_zemo_svaneti_and_guria,region_part,2013,inflow,,-,thousand_usd,not_applicable,,2026-08-17,FDI_Eng_regions.xlsx,ENG (annual),F13,published
fdi_flows,region,samegrelo_zemo_svaneti,,Samegrelo-Zemo Svaneti,samegrelo_zemo_svaneti_and_guria,region_part,2014,inflow,,-,thousand_usd,not_applicable,,2026-08-17,FDI_Eng_regions.xlsx,ENG (annual),G13,published
fdi_flows,region,samegrelo_zemo_svaneti,,Samegrelo-Zemo Svaneti,samegrelo_zemo_svaneti_and_guria,region_part,2015,inflow,,-,thousand_usd,not_applicable,,2026-08-17,FDI_Eng_regions.xlsx,ENG (annual),H13,published
fdi_flows,region,samegrelo_zemo_svaneti,,Samegrelo-Zemo Svaneti,samegrelo_zemo_svaneti_and_guria,region_part,2016,inflow,35086799.599999445000,35086.799599999445,thousand_usd,numeric,,2026-08-17,FDI_Eng_regions.xlsx,ENG (annual),I13,published
fdi_flows,region,samegrelo_zemo_svaneti,,Samegrelo-Zemo Svaneti,samegrelo_zemo_svaneti_and_guria,region_part,2017,inflow,55181938.19999999000,55181.93819999999,thousand_usd,numeric,,2026-08-17,FDI_Eng_regions.xlsx,ENG (annual),J13,published
fdi_flows,region,samegrelo_zemo_svaneti,,Samegrelo-Zemo Svaneti,samegrelo_zemo_svaneti_and_guria,region_part,2018,inflow,-8897354.7000000326000,-8897.3547000000326,thousand_usd,numeric,,2026-08-17,FDI_Eng_regions.xlsx,ENG (annual),K13,published
fdi_flows,region,samegrelo_zemo_svaneti,,Samegrelo-Zemo Svaneti,samegrelo_zemo_svaneti_and_guria,region_part,2019,inflow,45862740.29999999000,45862.74029999999,thousand_usd,numeric,,2026-08-17,FDI_Eng_regions.xlsx,ENG (annual),L13,published
fdi_flows,region,samegrelo_zemo_svaneti,,Samegrelo-Zemo Svaneti,samegrelo_zemo_svaneti_and_guria,region_part,2020,inflow,31549303.100000016000,31549.303100000016,thousand_usd,numeric,,2026-08-17,FDI_Eng_regions.xlsx,ENG (annual),M13,published
fdi_flows,region,samegrelo_zemo_svaneti,,Samegrelo-Zemo Svaneti,samegrelo_zemo_svaneti_and_guria,region_part,2021,inflow,-4305052.9999999853000,-4305.0529999999853,thousand_usd,numeric,,2026-08-17,FDI_Eng_regions.xlsx,ENG (annual),N13,published
fdi_flows,region,samegrelo_zemo_svaneti,,Samegrelo-Zemo Svaneti,samegrelo_zemo_svaneti_and_guria,region_part,2022,inflow,33001846.999999994000,33001.846999999994,thousand_usd,numeric,,2026-08-17,FDI_Eng_regions.xlsx,ENG (annual),O13,published
fdi_flows,region,samegrelo_zemo_svaneti,,Samegrelo-Zemo Svaneti,samegrelo_zemo_svaneti_and_guria,region_part,2023,inflow,58282808.600000004000,58282.808600000004,thousand_usd,numeric,,2026-08-17,FDI_Eng_regions.xlsx,ENG (annual),P13,published
fdi_flows,region,samegrelo_zemo_svaneti,,Samegrelo-Zemo Svaneti,samegrelo_zemo_svaneti_and_guria,region_part,2024,inflow,32378837.700000004000,32378.837700000004,thousand_usd,numeric,,2026-08-17,FDI_Eng_regions.xlsx,ENG (annual),Q13,published
fdi_flows,region,samegrelo_zemo_svaneti,,Samegrelo-Zemo Svaneti,samegrelo_zemo_svaneti_and_guria,region_part,2025,inflow,61970317.800000019000,61970.317800000019,thousand_usd,numeric,,2026-08-17,FDI_Eng_regions.xlsx,ENG (annual),R13,published
fdi_flows,region,samegrelo_zemo_svaneti_and_guria,,Samegrelo-Zemo Svaneti and Guria,total,region_group,2009,inflow,100357177.000,100357.177,thousand_usd,numeric,,2026-08-17,FDI_Eng_regions.xlsx,ENG (annual),B12,published
fdi_flows,region,samegrelo_zemo_svaneti_and_guria,,Samegrelo-Zemo Svaneti and Guria,total,region_group,2010,inflow,25339742.099999996000,25339.742099999996,thousand_usd,numeric,,2026-08-17,FDI_Eng_regions.xlsx,ENG (annual),C12,published
fdi_flows,region,samegrelo_zemo_svaneti_and_guria,,Samegrelo-Zemo Svaneti and Guria,total,region_group,2011,inflow,70148328.717900018000,70148.328717900018,thousand_usd,numeric,,2026-08-17,FDI_Eng_regions.xlsx,ENG (annual),D12,published
fdi_flows,region,samegrelo_zemo_svaneti_and_guria,,Samegrelo-Zemo Svaneti and Guria,total,region_group,2012,inflow,66238184.973699987000,66238.184973699987,thousand_usd,numeric,,2026-08-17,FDI_Eng_regions.xlsx,ENG (annual),E12,published
fdi_flows,region,samegrelo_zemo_svaneti_and_guria,,Samegrelo-Zemo Svaneti and Guria,total,region_group,2013,inflow,66302005.199999985000,66302.005199999985,thousand_usd,numeric,,2026-08-17,FDI_Eng_regions.xlsx,ENG (annual),F12,published
fdi_flows,region,samegrelo_zemo_svaneti_and_guria,,Samegrelo-Zemo Svaneti and Guria,total,region_group,2014,inflow,93430670.199999979000,93430.670199999979,thousand_usd,numeric,,2026-08-17,FDI_Eng_regions.xlsx,ENG (annual),G12,published
fdi_flows,region,samegrelo_zemo_svaneti_and_guria,,Samegrelo-Zemo Svaneti and Guria,total,region_group,2015,inflow,50730133.199999982000,50730.133199999982,thousand_usd,numeric,,2026-08-17,FDI_Eng_regions.xlsx,ENG (annual),H12,published
fdi_flows,region,samegrelo_zemo_svaneti_and_guria,,Samegrelo-Zemo Svaneti and Guria,total,region_group,2016,inflow,35640611.399999449000,35640.611399999449,thousand_usd,numeric,,2026-08-17,FDI_Eng_regions.xlsx,ENG (annual),I12,published
fdi_flows,region,samegrelo_zemo_svaneti_and_guria,,Samegrelo-Zemo Svaneti and Guria,total,region_group,2017,inflow,56266437.699999988000,56266.437699999988,thousand_usd,numeric,,2026-08-17,FDI_Eng_regions.xlsx,ENG (annual),J12,published
fdi_flows,region,samegrelo_zemo_svaneti_and_guria,,Samegrelo-Zemo Svaneti and Guria,total,region_group,2018,inflow,-8595714.0000000327000,-8595.7140000000327,thousand_usd,numeric,,2026-08-17,FDI_Eng_regions.xlsx,ENG (annual),K12,published
fdi_flows,region,samegrelo_zemo_svaneti_and_guria,,Samegrelo-Zemo Svaneti and Guria,total,region_group,2019,inflow,47512156.699999992000,47512.156699999992,thousand_usd,numeric,,2026-08-17,FDI_Eng_regions.xlsx,ENG (annual),L12,published
fdi_flows,region,samegrelo_zemo_svaneti_and_guria,,Samegrelo-Zemo Svaneti and Guria,total,region_group,2020,inflow,31618155.300000017000,31618.155300000017,thousand_usd,numeric,,2026-08-17,FDI_Eng_regions.xlsx,ENG (annual),M12,published
fdi_flows,region,samegrelo_zemo_svaneti_and_guria,,Samegrelo-Zemo Svaneti and Guria,total,region_group,2021,inflow,-3404650.9999999871000,-3404.6509999999871,thousand_usd,numeric,,2026-08-17,FDI_Eng_regions.xlsx,ENG (annual),N12,published
fdi_flows,region,samegrelo_zemo_svaneti_and_guria,,Samegrelo-Zemo Svaneti and Guria,total,region_group,2022,inflow,35019760.799999996000,35019.760799999996,thousand_usd,numeric,,2026-08-17,FDI_Eng_regions.xlsx,ENG (annual),O12,published
fdi_flows,region,samegrelo_zemo_svaneti_and_guria,,Samegrelo-Zemo Svaneti and Guria,total,region_group,2023,inflow,60513301.900000006000,60513.301900000006,thousand_usd,numeric,,2026-08-17,FDI_Eng_regions.xlsx,ENG (annual),P12,published
fdi_flows,region,samegrelo_zemo_svaneti_and_guria,,Samegrelo-Zemo Svaneti and Guria,total,region_group,2024,inflow,34942214.900000006000,34942.214900000006,thousand_usd,numeric,,2026-08-17,FDI_Eng_regions.xlsx,ENG (annual),Q12,published
fdi_flows,region,samegrelo_zemo_svaneti_and_guria,,Samegrelo-Zemo Svaneti and Guria,total,region_group,2025,inflow,63709069.800000019000,63709.069800000019,thousand_usd,numeric,,2026-08-17,FDI_Eng_regions.xlsx,ENG (annual),R12,published
fdi_flows,region,samtskhe_javakheti,,Samtskhe-Javakheti,total,region,2009,inflow,-459435.40000000002000,-459.43540000000002,thousand_usd,numeric,,2026-08-17,FDI_Eng_regions.xlsx,ENG (annual),B10,published
fdi_flows,region,samtskhe_javakheti,,Samtskhe-Javakheti,total,region,2010,inflow,23026816.647000003000,23026.816647000003,thousand_usd,numeric,,2026-08-17,FDI_Eng_regions.xlsx,ENG (annual),C10,published
fdi_flows,region,samtskhe_javakheti,,Samtskhe-Javakheti,total,region,2011,inflow,12228836.000000001000,12228.836000000001,thousand_usd,numeric,,2026-08-17,FDI_Eng_regions.xlsx,ENG (annual),D10,published
fdi_flows,region,samtskhe_javakheti,,Samtskhe-Javakheti,total,region,2012,inflow,26369980.1381000,26369.9801381,thousand_usd,numeric,,2026-08-17,FDI_Eng_regions.xlsx,ENG (annual),E10,published
fdi_flows,region,samtskhe_javakheti,,Samtskhe-Javakheti,total,region,2013,inflow,51769538.499999995000,51769.538499999995,thousand_usd,numeric,,2026-08-17,FDI_Eng_regions.xlsx,ENG (annual),F10,published
fdi_flows,region,samtskhe_javakheti,,Samtskhe-Javakheti,total,region,2014,inflow,74290767.000000007000,74290.767000000007,thousand_usd,numeric,,2026-08-17,FDI_Eng_regions.xlsx,ENG (annual),G10,published
fdi_flows,region,samtskhe_javakheti,,Samtskhe-Javakheti,total,region,2015,inflow,31296597.900000001000,31296.597900000001,thousand_usd,numeric,,2026-08-17,FDI_Eng_regions.xlsx,ENG (annual),H10,published
fdi_flows,region,samtskhe_javakheti,,Samtskhe-Javakheti,total,region,2016,inflow,30812879.999999997000,30812.879999999997,thousand_usd,numeric,,2026-08-17,FDI_Eng_regions.xlsx,ENG (annual),I10,published
fdi_flows,region,samtskhe_javakheti,,Samtskhe-Javakheti,total,region,2017,inflow,38870346.900000004000,38870.346900000004,thousand_usd,numeric,,2026-08-17,FDI_Eng_regions.xlsx,ENG (annual),J10,published
fdi_flows,region,samtskhe_javakheti,,Samtskhe-Javakheti,total,region,2018,inflow,45199529.100000014000,45199.529100000014,thousand_usd,numeric,,2026-08-17,FDI_Eng_regions.xlsx,ENG (annual),K10,published
fdi_flows,region,samtskhe_javakheti,,Samtskhe-Javakheti,total,region,2019,inflow,50724724.000000009000,50724.724000000009,thousand_usd,numeric,,2026-08-17,FDI_Eng_regions.xlsx,ENG (annual),L10,published
fdi_flows,region,samtskhe_javakheti,,Samtskhe-Javakheti,total,region,2020,inflow,26028314.799999996000,26028.314799999996,thousand_usd,numeric,,2026-08-17,FDI_Eng_regions.xlsx,ENG (annual),M10,published
fdi_flows,region,samtskhe_javakheti,,Samtskhe-Javakheti,total,region,2021,inflow,49025421.700000006000,49025.421700000006,thousand_usd,numeric,,2026-08-17,FDI_Eng_regions.xlsx,ENG (annual),N10,published
fdi_flows,region,samtskhe_javakheti,,Samtskhe-Javakheti,total,region,2022,inflow,19935387.500000001000,19935.387500000001,thousand_usd,numeric,,2026-08-17,FDI_Eng_regions.xlsx,ENG (annual),O10,published
fdi_flows,region,samtskhe_javakheti,,Samtskhe-Javakheti,total,region,2023,inflow,-39337112.30000003000,-39337.11230000003,thousand_usd,numeric,,2026-08-17,FDI_Eng_regions.xlsx,ENG (annual),P10,published
fdi_flows,region,samtskhe_javakheti,,Samtskhe-Javakheti,total,region,2024,inflow,43676164.500000014000,43676.164500000014,thousand_usd,numeric,,2026-08-17,FDI_Eng_regions.xlsx,ENG (annual),Q10,published
fdi_flows,region,samtskhe_javakheti,,Samtskhe-Javakheti,total,region,2025,inflow,30142938.200000004000,30142.938200000004,thousand_usd,numeric,,2026-08-17,FDI_Eng_regions.xlsx,ENG (annual),R10,published
fdi_flows,region,shida_kartli,,Shida Kartli,shida_kartli_and_mtskheta_mtianeti,region_part,2009,inflow,,-,thousand_usd,not_applicable,,2026-08-17,FDI_Eng_regions.xlsx,ENG (annual),B19,published
fdi_flows,region,shida_kartli,,Shida Kartli,shida_kartli_and_mtskheta_mtianeti,region_part,2010,inflow,,-,thousand_usd,not_applicable,,2026-08-17,FDI_Eng_regions.xlsx,ENG (annual),C19,published
fdi_flows,region,shida_kartli,,Shida Kartli,shida_kartli_and_mtskheta_mtianeti,region_part,2011,inflow,,-,thousand_usd,not_applicable,,2026-08-17,FDI_Eng_regions.xlsx,ENG (annual),D19,published
fdi_flows,region,shida_kartli,,Shida Kartli,shida_kartli_and_mtskheta_mtianeti,region_part,2012,inflow,,-,thousand_usd,not_applicable,,2026-08-17,FDI_Eng_regions.xlsx,ENG (annual),E19,published
fdi_flows,region,shida_kartli,,Shida Kartli,shida_kartli_and_mtskheta_mtianeti,region_part,2013,inflow,,-,thousand_usd,not_applicable,,2026-08-17,FDI_Eng_regions.xlsx,ENG (annual),F19,published
fdi_flows,region,shida_kartli,,Shida Kartli,shida_kartli_and_mtskheta_mtianeti,region_part,2014,inflow,,-,thousand_usd,not_applicable,,2026-08-17,FDI_Eng_regions.xlsx,ENG (annual),G19,published
fdi_flows,region,shida_kartli,,Shida Kartli,shida_kartli_and_mtskheta_mtianeti,region_part,2015,inflow,,-,thousand_usd,not_applicable,,2026-08-17,FDI_Eng_regions.xlsx,ENG (annual),H19,published
fdi_flows,region,shida_kartli,,Shida Kartli,shida_kartli_and_mtskheta_mtianeti,region_part,2016,inflow,4542076.5999999994000,4542.0765999999994,thousand_usd,numeric,,2026-08-17,FDI_Eng_regions.xlsx,ENG (annual),I19,published
fdi_flows,region,shida_kartli,,Shida Kartli,shida_kartli_and_mtskheta_mtianeti,region_part,2017,inflow,1098033.4999999968000,1098.0334999999968,thousand_usd,numeric,,2026-08-17,FDI_Eng_regions.xlsx,ENG (annual),J19,published
fdi_flows,region,shida_kartli,,Shida Kartli,shida_kartli_and_mtskheta_mtianeti,region_part,2018,inflow,15239957.999999999000,15239.957999999999,thousand_usd,numeric,,2026-08-17,FDI_Eng_regions.xlsx,ENG (annual),K19,published
fdi_flows,region,shida_kartli,,Shida Kartli,shida_kartli_and_mtskheta_mtianeti,region_part,2019,inflow,1243010.8999999939000,1243.0108999999939,thousand_usd,numeric,,2026-08-17,FDI_Eng_regions.xlsx,ENG (annual),L19,published
fdi_flows,region,shida_kartli,,Shida Kartli,shida_kartli_and_mtskheta_mtianeti,region_part,2020,inflow,18746343.9000,18746.3439,thousand_usd,numeric,,2026-08-17,FDI_Eng_regions.xlsx,ENG (annual),M19,published
fdi_flows,region,shida_kartli,,Shida Kartli,shida_kartli_and_mtskheta_mtianeti,region_part,2021,inflow,19778743.999999999000,19778.743999999999,thousand_usd,numeric,,2026-08-17,FDI_Eng_regions.xlsx,ENG (annual),N19,published
fdi_flows,region,shida_kartli,,Shida Kartli,shida_kartli_and_mtskheta_mtianeti,region_part,2022,inflow,35473009.099999996000,35473.009099999996,thousand_usd,numeric,,2026-08-17,FDI_Eng_regions.xlsx,ENG (annual),O19,published
fdi_flows,region,shida_kartli,,Shida Kartli,shida_kartli_and_mtskheta_mtianeti,region_part,2023,inflow,35609464.000000007000,35609.464000000007,thousand_usd,numeric,,2026-08-17,FDI_Eng_regions.xlsx,ENG (annual),P19,published
fdi_flows,region,shida_kartli,,Shida Kartli,shida_kartli_and_mtskheta_mtianeti,region_part,2024,inflow,34483414.900000018000,34483.414900000018,thousand_usd,numeric,,2026-08-17,FDI_Eng_regions.xlsx,ENG (annual),Q19,published
fdi_flows,region,shida_kartli,,Shida Kartli,shida_kartli_and_mtskheta_mtianeti,region_part,2025,inflow,53328098.099999996000,53328.098099999996,thousand_usd,numeric,,2026-08-17,FDI_Eng_regions.xlsx,ENG (annual),R19,published
fdi_flows,region,shida_kartli_and_mtskheta_mtianeti,,Shida Kartli and Mtskheta-Mtianeti,total,region_group,2009,inflow,783900.21480000041000,783.90021480000041,thousand_usd,numeric,,2026-08-17,FDI_Eng_regions.xlsx,ENG (annual),B18,published
fdi_flows,region,shida_kartli_and_mtskheta_mtianeti,,Shida Kartli and Mtskheta-Mtianeti,total,region_group,2010,inflow,9650403.8922000036000,9650.4038922000036,thousand_usd,numeric,,2026-08-17,FDI_Eng_regions.xlsx,ENG (annual),C18,published
fdi_flows,region,shida_kartli_and_mtskheta_mtianeti,,Shida Kartli and Mtskheta-Mtianeti,total,region_group,2011,inflow,14186981.836600002000,14186.981836600002,thousand_usd,numeric,,2026-08-17,FDI_Eng_regions.xlsx,ENG (annual),D18,published
fdi_flows,region,shida_kartli_and_mtskheta_mtianeti,,Shida Kartli and Mtskheta-Mtianeti,total,region_group,2012,inflow,12490286.654000007000,12490.286654000007,thousand_usd,numeric,,2026-08-17,FDI_Eng_regions.xlsx,ENG (annual),E18,published
fdi_flows,region,shida_kartli_and_mtskheta_mtianeti,,Shida Kartli and Mtskheta-Mtianeti,total,region_group,2013,inflow,-115412.10000000008000,-115.41210000000008,thousand_usd,numeric,,2026-08-17,FDI_Eng_regions.xlsx,ENG (annual),F18,published
fdi_flows,region,shida_kartli_and_mtskheta_mtianeti,,Shida Kartli and Mtskheta-Mtianeti,total,region_group,2014,inflow,57576170.300000013000,57576.170300000013,thousand_usd,numeric,,2026-08-17,FDI_Eng_regions.xlsx,ENG (annual),G18,published
fdi_flows,region,shida_kartli_and_mtskheta_mtianeti,,Shida Kartli and Mtskheta-Mtianeti,total,region_group,2015,inflow,-8455676.999999996000,-8455.676999999996,thousand_usd,numeric,,2026-08-17,FDI_Eng_regions.xlsx,ENG (annual),H18,published
fdi_flows,region,shida_kartli_and_mtskheta_mtianeti,,Shida Kartli and Mtskheta-Mtianeti,total,region_group,2016,inflow,3161972.6999999993000,3161.9726999999993,thousand_usd,numeric,,2026-08-17,FDI_Eng_regions.xlsx,ENG (annual),I18,published
fdi_flows,region,shida_kartli_and_mtskheta_mtianeti,,Shida Kartli and Mtskheta-Mtianeti,total,region_group,2017,inflow,6960331.9999999976000,6960.3319999999976,thousand_usd,numeric,,2026-08-17,FDI_Eng_regions.xlsx,ENG (annual),J18,published
fdi_flows,region,shida_kartli_and_mtskheta_mtianeti,,Shida Kartli and Mtskheta-Mtianeti,total,region_group,2018,inflow,49651686.800000003000,49651.686800000003,thousand_usd,numeric,,2026-08-17,FDI_Eng_regions.xlsx,ENG (annual),K18,published
fdi_flows,region,shida_kartli_and_mtskheta_mtianeti,,Shida Kartli and Mtskheta-Mtianeti,total,region_group,2019,inflow,14770173.099999996000,14770.173099999996,thousand_usd,numeric,,2026-08-17,FDI_Eng_regions.xlsx,ENG (annual),L18,published
fdi_flows,region,shida_kartli_and_mtskheta_mtianeti,,Shida Kartli and Mtskheta-Mtianeti,total,region_group,2020,inflow,39525701.800000003000,39525.701800000003,thousand_usd,numeric,,2026-08-17,FDI_Eng_regions.xlsx,ENG (annual),M18,published
fdi_flows,region,shida_kartli_and_mtskheta_mtianeti,,Shida Kartli and Mtskheta-Mtianeti,total,region_group,2021,inflow,45835423.999999999000,45835.423999999999,thousand_usd,numeric,,2026-08-17,FDI_Eng_regions.xlsx,ENG (annual),N18,published
fdi_flows,region,shida_kartli_and_mtskheta_mtianeti,,Shida Kartli and Mtskheta-Mtianeti,total,region_group,2022,inflow,48237587.399999982000,48237.587399999982,thousand_usd,numeric,,2026-08-17,FDI_Eng_regions.xlsx,ENG (annual),O18,published
fdi_flows,region,shida_kartli_and_mtskheta_mtianeti,,Shida Kartli and Mtskheta-Mtianeti,total,region_group,2023,inflow,60054259.899999997000,60054.259899999997,thousand_usd,numeric,,2026-08-17,FDI_Eng_regions.xlsx,ENG (annual),P18,published
fdi_flows,region,shida_kartli_and_mtskheta_mtianeti,,Shida Kartli and Mtskheta-Mtianeti,total,region_group,2024,inflow,133449929.79999998000,133449.92979999998,thousand_usd,numeric,,2026-08-17,FDI_Eng_regions.xlsx,ENG (annual),Q18,published
fdi_flows,region,shida_kartli_and_mtskheta_mtianeti,,Shida Kartli and Mtskheta-Mtianeti,total,region_group,2025,inflow,165105296.000,165105.296,thousand_usd,numeric,,2026-08-17,FDI_Eng_regions.xlsx,ENG (annual),R18,published
fdi_flows,region,tbilisi,,Tbilisi,total,region,2009,inflow,351689652.37271169000,351689.65237271169,thousand_usd,numeric,,2026-08-17,FDI_Eng_regions.xlsx,ENG (annual),B7,published
fdi_flows,region,tbilisi,,Tbilisi,total,region,2010,inflow,606683700.83422435000,606683.70083422435,thousand_usd,numeric,,2026-08-17,FDI_Eng_regions.xlsx,ENG (annual),C7,published
fdi_flows,region,tbilisi,,Tbilisi,total,region,2011,inflow,786589623.70961497000,786589.62370961497,thousand_usd,numeric,,2026-08-17,FDI_Eng_regions.xlsx,ENG (annual),D7,published
fdi_flows,region,tbilisi,,Tbilisi,total,region,2012,inflow,772677499.03044361000,772677.49903044361,thousand_usd,numeric,,2026-08-17,FDI_Eng_regions.xlsx,ENG (annual),E7,published
fdi_flows,region,tbilisi,,Tbilisi,total,region,2013,inflow,750269507.58456206000,750269.50758456206,thousand_usd,numeric,,2026-08-17,FDI_Eng_regions.xlsx,ENG (annual),F7,published
fdi_flows,region,tbilisi,,Tbilisi,total,region,2014,inflow,1343187598.9033391000,1343187.5989033391,thousand_usd,numeric,,2026-08-17,FDI_Eng_regions.xlsx,ENG (annual),G7,published
fdi_flows,region,tbilisi,,Tbilisi,total,region,2015,inflow,1382913171.2636668000,1382913.1712636668,thousand_usd,numeric,,2026-08-17,FDI_Eng_regions.xlsx,ENG (annual),H7,published
fdi_flows,region,tbilisi,,Tbilisi,total,region,2016,inflow,1416012488.5999993000,1416012.4885999993,thousand_usd,numeric,,2026-08-17,FDI_Eng_regions.xlsx,ENG (annual),I7,published
fdi_flows,region,tbilisi,,Tbilisi,total,region,2017,inflow,1534471562.0999997000,1534471.5620999997,thousand_usd,numeric,,2026-08-17,FDI_Eng_regions.xlsx,ENG (annual),J7,published
fdi_flows,region,tbilisi,,Tbilisi,total,region,2018,inflow,1073295441.2000,1073295.4412,thousand_usd,numeric,,2026-08-17,FDI_Eng_regions.xlsx,ENG (annual),K7,published
fdi_flows,region,tbilisi,,Tbilisi,total,region,2019,inflow,959878464.10000068000,959878.46410000068,thousand_usd,numeric,,2026-08-17,FDI_Eng_regions.xlsx,ENG (annual),L7,published
fdi_flows,region,tbilisi,,Tbilisi,total,region,2020,inflow,345603767.29999931000,345603.76729999931,thousand_usd,numeric,,2026-08-17,FDI_Eng_regions.xlsx,ENG (annual),M7,published
fdi_flows,region,tbilisi,,Tbilisi,total,region,2021,inflow,1082603570.8000001000,1082603.5708000001,thousand_usd,numeric,,2026-08-17,FDI_Eng_regions.xlsx,ENG (annual),N7,published
fdi_flows,region,tbilisi,,Tbilisi,total,region,2022,inflow,2034393691.1999993000,2034393.6911999993,thousand_usd,numeric,,2026-08-17,FDI_Eng_regions.xlsx,ENG (annual),O7,published
fdi_flows,region,tbilisi,,Tbilisi,total,region,2023,inflow,1634738623.5000007000,1634738.6235000007,thousand_usd,numeric,,2026-08-17,FDI_Eng_regions.xlsx,ENG (annual),P7,published
fdi_flows,region,tbilisi,,Tbilisi,total,region,2024,inflow,1283581505.4000006000,1283581.5054000006,thousand_usd,numeric,,2026-08-17,FDI_Eng_regions.xlsx,ENG (annual),Q7,published
fdi_flows,region,tbilisi,,Tbilisi,total,region,2025,inflow,1634639892.0999996000,1634639.8920999996,thousand_usd,numeric,,2026-08-17,FDI_Eng_regions.xlsx,ENG (annual),R7,published
fdi_flows,region,total,,Total,,total,2009,inflow,666774602.88751172000,666774.60288751172,thousand_usd,numeric,,2026-08-17,FDI_Eng_regions.xlsx,ENG (annual),B5,published
fdi_flows,region,total,,Total,,total,2010,inflow,865637670.9822244000,865637.6709822244,thousand_usd,numeric,,2026-08-17,FDI_Eng_regions.xlsx,ENG (annual),C5,published
fdi_flows,region,total,,Total,,total,2011,inflow,1133971142.9444451000,1133971.1429444451,thousand_usd,numeric,,2026-08-17,FDI_Eng_regions.xlsx,ENG (annual),D5,published
fdi_flows,region,total,,Total,,total,2012,inflow,1048227045.4333187000,1048227.0454333187,thousand_usd,numeric,,2026-08-17,FDI_Eng_regions.xlsx,ENG (annual),E5,published
fdi_flows,region,total,,Total,,total,2013,inflow,1039174152.484562000,1039174.152484562,thousand_usd,numeric,,2026-08-17,FDI_Eng_regions.xlsx,ENG (annual),F5,published
fdi_flows,region,total,,Total,,total,2014,inflow,1836979976.5033391000,1836979.9765033391,thousand_usd,numeric,,2026-08-17,FDI_Eng_regions.xlsx,ENG (annual),G5,published
fdi_flows,region,total,,Total,,total,2015,inflow,1728758129.8636671000,1728758.1298636671,thousand_usd,numeric,,2026-08-17,FDI_Eng_regions.xlsx,ENG (annual),H5,published
fdi_flows,region,total,,Total,,total,2016,inflow,1654009529.7999985000,1654009.5297999985,thousand_usd,numeric,,2026-08-17,FDI_Eng_regions.xlsx,ENG (annual),I5,published
fdi_flows,region,total,,Total,,total,2017,inflow,1990526440.6999999000,1990526.4406999999,thousand_usd,numeric,,2026-08-17,FDI_Eng_regions.xlsx,ENG (annual),J5,published
fdi_flows,region,total,,Total,,total,2018,inflow,1350608164.5000,1350608.1645,thousand_usd,numeric,,2026-08-17,FDI_Eng_regions.xlsx,ENG (annual),K5,published
fdi_flows,region,total,,Total,,total,2019,inflow,1367795347.9000004000,1367795.3479000004,thousand_usd,numeric,,2026-08-17,FDI_Eng_regions.xlsx,ENG (annual),L5,published
fdi_flows,region,total,,Total,,total,2020,inflow,596151415.09999929000,596151.41509999929,thousand_usd,numeric,,2026-08-17,FDI_Eng_regions.xlsx,ENG (annual),M5,published
fdi_flows,region,total,,Total,,total,2021,inflow,1293639916.8000002000,1293639.9168000002,thousand_usd,numeric,,2026-08-17,FDI_Eng_regions.xlsx,ENG (annual),N5,published
fdi_flows,region,total,,Total,,total,2022,inflow,2258335256.6999993000,2258335.2566999993,thousand_usd,numeric,,2026-08-17,FDI_Eng_regions.xlsx,ENG (annual),O5,published
fdi_flows,region,total,,Total,,total,2023,inflow,2069879160.9000005000,2069879.1609000005,thousand_usd,numeric,,2026-08-17,FDI_Eng_regions.xlsx,ENG (annual),P5,published
fdi_flows,region,total,,Total,,total,2024,inflow,1592727285.4000006000,1592727.2854000006,thousand_usd,numeric,,2026-08-17,FDI_Eng_regions.xlsx,ENG (annual),Q5,published
fdi_flows,region,total,,Total,,total,2025,inflow,1900386200.9999999000,1900386.2009999999,thousand_usd,numeric,,2026-08-17,FDI_Eng_regions.xlsx,ENG (annual),R5,published
fdi_flows,sector,nace_a,A,"Agriculture, forestry and fishing",total,component,2016,inflow,9213744.5000000007000,9213.7445000000007,thousand_usd,numeric,,2026-08-17,FDI_Eng-sectors-NACE-2.xlsx,ENG (annual),B7,published
fdi_flows,sector,nace_a,A,"Agriculture, forestry and fishing",total,component,2017,inflow,13452182.000000004000,13452.182000000004,thousand_usd,numeric,,2026-08-17,FDI_Eng-sectors-NACE-2.xlsx,ENG (annual),C7,published
fdi_flows,sector,nace_a,A,"Agriculture, forestry and fishing",total,component,2018,inflow,-2397732.3999999967000,-2397.7323999999967,thousand_usd,numeric,,2026-08-17,FDI_Eng-sectors-NACE-2.xlsx,ENG (annual),D7,published
fdi_flows,sector,nace_a,A,"Agriculture, forestry and fishing",total,component,2019,inflow,7346629.3000000005000,7346.6293000000005,thousand_usd,numeric,,2026-08-17,FDI_Eng-sectors-NACE-2.xlsx,ENG (annual),E7,published
fdi_flows,sector,nace_a,A,"Agriculture, forestry and fishing",total,component,2020,inflow,-998132.39999999894000,-998.13239999999894,thousand_usd,numeric,,2026-08-17,FDI_Eng-sectors-NACE-2.xlsx,ENG (annual),F7,published
fdi_flows,sector,nace_a,A,"Agriculture, forestry and fishing",total,component,2021,inflow,4341123.5000000024000,4341.1235000000024,thousand_usd,numeric,,2026-08-17,FDI_Eng-sectors-NACE-2.xlsx,ENG (annual),G7,published
fdi_flows,sector,nace_a,A,"Agriculture, forestry and fishing",total,component,2022,inflow,8067825.1999999975000,8067.8251999999975,thousand_usd,numeric,,2026-08-17,FDI_Eng-sectors-NACE-2.xlsx,ENG (annual),H7,published
fdi_flows,sector,nace_a,A,"Agriculture, forestry and fishing",total,component,2023,inflow,4843806.8000000267000,4843.8068000000267,thousand_usd,numeric,,2026-08-17,FDI_Eng-sectors-NACE-2.xlsx,ENG (annual),I7,published
fdi_flows,sector,nace_a,A,"Agriculture, forestry and fishing",total,component,2024,inflow,-4302135.0999999977000,-4302.1350999999977,thousand_usd,numeric,,2026-08-17,FDI_Eng-sectors-NACE-2.xlsx,ENG (annual),J7,published
fdi_flows,sector,nace_a,A,"Agriculture, forestry and fishing",total,component,2025,inflow,1656952.000000002000,1656.952000000002,thousand_usd,numeric,,2026-08-17,FDI_Eng-sectors-NACE-2.xlsx,ENG (annual),K7,published
fdi_flows,sector,nace_b,B,Mining and quarrying,total,component,2016,inflow,50095970.900000015000,50095.970900000015,thousand_usd,numeric,,2026-08-17,FDI_Eng-sectors-NACE-2.xlsx,ENG (annual),B8,published
fdi_flows,sector,nace_b,B,Mining and quarrying,total,component,2017,inflow,51518412.899999996000,51518.412899999996,thousand_usd,numeric,,2026-08-17,FDI_Eng-sectors-NACE-2.xlsx,ENG (annual),C8,published
fdi_flows,sector,nace_b,B,Mining and quarrying,total,component,2018,inflow,59455865.600000005000,59455.865600000005,thousand_usd,numeric,,2026-08-17,FDI_Eng-sectors-NACE-2.xlsx,ENG (annual),D8,published
fdi_flows,sector,nace_b,B,Mining and quarrying,total,component,2019,inflow,51713597.899999993000,51713.597899999993,thousand_usd,numeric,,2026-08-17,FDI_Eng-sectors-NACE-2.xlsx,ENG (annual),E8,published
fdi_flows,sector,nace_b,B,Mining and quarrying,total,component,2020,inflow,98916780.399999989000,98916.780399999989,thousand_usd,numeric,,2026-08-17,FDI_Eng-sectors-NACE-2.xlsx,ENG (annual),F8,published
fdi_flows,sector,nace_b,B,Mining and quarrying,total,component,2021,inflow,-21338256.799999996000,-21338.256799999996,thousand_usd,numeric,,2026-08-17,FDI_Eng-sectors-NACE-2.xlsx,ENG (annual),G8,published
fdi_flows,sector,nace_b,B,Mining and quarrying,total,component,2022,inflow,6738021.2999999985000,6738.0212999999985,thousand_usd,numeric,,2026-08-17,FDI_Eng-sectors-NACE-2.xlsx,ENG (annual),H8,published
fdi_flows,sector,nace_b,B,Mining and quarrying,total,component,2023,inflow,10264762.1000,10264.7621,thousand_usd,numeric,,2026-08-17,FDI_Eng-sectors-NACE-2.xlsx,ENG (annual),I8,published
fdi_flows,sector,nace_b,B,Mining and quarrying,total,component,2024,inflow,8300595.6000000006000,8300.5956000000006,thousand_usd,numeric,,2026-08-17,FDI_Eng-sectors-NACE-2.xlsx,ENG (annual),J8,published
fdi_flows,sector,nace_b,B,Mining and quarrying,total,component,2025,inflow,6053340.6999999988000,6053.3406999999988,thousand_usd,numeric,,2026-08-17,FDI_Eng-sectors-NACE-2.xlsx,ENG (annual),K8,published
fdi_flows,sector,nace_c,C,Manufacturing,total,component,2016,inflow,124667908.90000002000,124667.90890000002,thousand_usd,numeric,,2026-08-17,FDI_Eng-sectors-NACE-2.xlsx,ENG (annual),B9,published
fdi_flows,sector,nace_c,C,Manufacturing,total,component,2017,inflow,99305608.600000007000,99305.608600000007,thousand_usd,numeric,,2026-08-17,FDI_Eng-sectors-NACE-2.xlsx,ENG (annual),C9,published
fdi_flows,sector,nace_c,C,Manufacturing,total,component,2018,inflow,171134962.39999996000,171134.96239999996,thousand_usd,numeric,,2026-08-17,FDI_Eng-sectors-NACE-2.xlsx,ENG (annual),D9,published
fdi_flows,sector,nace_c,C,Manufacturing,total,component,2019,inflow,123585367.49999998000,123585.36749999998,thousand_usd,numeric,,2026-08-17,FDI_Eng-sectors-NACE-2.xlsx,ENG (annual),E9,published
fdi_flows,sector,nace_c,C,Manufacturing,total,component,2020,inflow,44889010.899999987000,44889.010899999987,thousand_usd,numeric,,2026-08-17,FDI_Eng-sectors-NACE-2.xlsx,ENG (annual),F9,published
fdi_flows,sector,nace_c,C,Manufacturing,total,component,2021,inflow,135412048.19999999000,135412.04819999999,thousand_usd,numeric,,2026-08-17,FDI_Eng-sectors-NACE-2.xlsx,ENG (annual),G9,published
fdi_flows,sector,nace_c,C,Manufacturing,total,component,2022,inflow,135365218.19999997000,135365.21819999997,thousand_usd,numeric,,2026-08-17,FDI_Eng-sectors-NACE-2.xlsx,ENG (annual),H9,published
fdi_flows,sector,nace_c,C,Manufacturing,total,component,2023,inflow,316585349.19999994000,316585.34919999994,thousand_usd,numeric,,2026-08-17,FDI_Eng-sectors-NACE-2.xlsx,ENG (annual),I9,published
fdi_flows,sector,nace_c,C,Manufacturing,total,component,2024,inflow,191064948.99999999000,191064.94899999999,thousand_usd,numeric,,2026-08-17,FDI_Eng-sectors-NACE-2.xlsx,ENG (annual),J9,published
fdi_flows,sector,nace_c,C,Manufacturing,total,component,2025,inflow,169707492.19999998000,169707.49219999998,thousand_usd,numeric,,2026-08-17,FDI_Eng-sectors-NACE-2.xlsx,ENG (annual),K9,published
fdi_flows,sector,nace_d,D,"Electricity, gas, steam and air conditioning supply",total,component,2016,inflow,134875247.79999998000,134875.24779999998,thousand_usd,numeric,,2026-08-17,FDI_Eng-sectors-NACE-2.xlsx,ENG (annual),B10,published
fdi_flows,sector,nace_d,D,"Electricity, gas, steam and air conditioning supply",total,component,2017,inflow,278486574.50000005000,278486.57450000005,thousand_usd,numeric,,2026-08-17,FDI_Eng-sectors-NACE-2.xlsx,ENG (annual),C10,published
fdi_flows,sector,nace_d,D,"Electricity, gas, steam and air conditioning supply",total,component,2018,inflow,123404174.69999999000,123404.17469999999,thousand_usd,numeric,,2026-08-17,FDI_Eng-sectors-NACE-2.xlsx,ENG (annual),D10,published
fdi_flows,sector,nace_d,D,"Electricity, gas, steam and air conditioning supply",total,component,2019,inflow,262115847.10000007000,262115.84710000007,thousand_usd,numeric,,2026-08-17,FDI_Eng-sectors-NACE-2.xlsx,ENG (annual),E10,published
fdi_flows,sector,nace_d,D,"Electricity, gas, steam and air conditioning supply",total,component,2020,inflow,33056627.699999975000,33056.627699999975,thousand_usd,numeric,,2026-08-17,FDI_Eng-sectors-NACE-2.xlsx,ENG (annual),F10,published
fdi_flows,sector,nace_d,D,"Electricity, gas, steam and air conditioning supply",total,component,2021,inflow,200504947.5999999000,200504.9475999999,thousand_usd,numeric,,2026-08-17,FDI_Eng-sectors-NACE-2.xlsx,ENG (annual),G10,published
fdi_flows,sector,nace_d,D,"Electricity, gas, steam and air conditioning supply",total,component,2022,inflow,139398089.99999997000,139398.08999999997,thousand_usd,numeric,,2026-08-17,FDI_Eng-sectors-NACE-2.xlsx,ENG (annual),H10,published
fdi_flows,sector,nace_d,D,"Electricity, gas, steam and air conditioning supply",total,component,2023,inflow,22855796.000000104000,22855.796000000104,thousand_usd,numeric,,2026-08-17,FDI_Eng-sectors-NACE-2.xlsx,ENG (annual),I10,published
fdi_flows,sector,nace_d,D,"Electricity, gas, steam and air conditioning supply",total,component,2024,inflow,78009325.599999996000,78009.325599999996,thousand_usd,numeric,,2026-08-17,FDI_Eng-sectors-NACE-2.xlsx,ENG (annual),J10,published
fdi_flows,sector,nace_d,D,"Electricity, gas, steam and air conditioning supply",total,component,2025,inflow,97812332.000000024000,97812.332000000024,thousand_usd,numeric,,2026-08-17,FDI_Eng-sectors-NACE-2.xlsx,ENG (annual),K10,published
fdi_flows,sector,nace_e,E,"Water supply; sewerage, waste management and remediation activities",total,component,2016,inflow,11818881.4000,11818.8814,thousand_usd,numeric,,2026-08-17,FDI_Eng-sectors-NACE-2.xlsx,ENG (annual),B11,published
fdi_flows,sector,nace_e,E,"Water supply; sewerage, waste management and remediation activities",total,component,2017,inflow,6201248.6000000008000,6201.2486000000008,thousand_usd,numeric,,2026-08-17,FDI_Eng-sectors-NACE-2.xlsx,ENG (annual),C11,published
fdi_flows,sector,nace_e,E,"Water supply; sewerage, waste management and remediation activities",total,component,2018,inflow,5937258.8999999989000,5937.2588999999989,thousand_usd,numeric,,2026-08-17,FDI_Eng-sectors-NACE-2.xlsx,ENG (annual),D11,published
fdi_flows,sector,nace_e,E,"Water supply; sewerage, waste management and remediation activities",total,component,2019,inflow,8375643.2000000004000,8375.6432000000004,thousand_usd,numeric,,2026-08-17,FDI_Eng-sectors-NACE-2.xlsx,ENG (annual),E11,published
fdi_flows,sector,nace_e,E,"Water supply; sewerage, waste management and remediation activities",total,component,2020,inflow,-26366754.099999998000,-26366.754099999998,thousand_usd,numeric,,2026-08-17,FDI_Eng-sectors-NACE-2.xlsx,ENG (annual),F11,published
fdi_flows,sector,nace_e,E,"Water supply; sewerage, waste management and remediation activities",total,component,2021,inflow,357015.80000000001000,357.01580000000001,thousand_usd,numeric,,2026-08-17,FDI_Eng-sectors-NACE-2.xlsx,ENG (annual),G11,published
fdi_flows,sector,nace_e,E,"Water supply; sewerage, waste management and remediation activities",total,component,2022,inflow,197237735.99999998000,197237.73599999998,thousand_usd,numeric,,2026-08-17,FDI_Eng-sectors-NACE-2.xlsx,ENG (annual),H11,published
fdi_flows,sector,nace_e,E,"Water supply; sewerage, waste management and remediation activities",total,component,2023,inflow,-410312.79999999998000,-410.31279999999998,thousand_usd,numeric,,2026-08-17,FDI_Eng-sectors-NACE-2.xlsx,ENG (annual),I11,published
fdi_flows,sector,nace_e,E,"Water supply; sewerage, waste management and remediation activities",total,component,2024,inflow,367855.00000000002000,367.85500000000002,thousand_usd,numeric,,2026-08-17,FDI_Eng-sectors-NACE-2.xlsx,ENG (annual),J11,published
fdi_flows,sector,nace_e,E,"Water supply; sewerage, waste management and remediation activities",total,component,2025,inflow,71817359.099999987000,71817.359099999987,thousand_usd,numeric,,2026-08-17,FDI_Eng-sectors-NACE-2.xlsx,ENG (annual),K11,published
fdi_flows,sector,nace_f,F,Construction,total,component,2016,inflow,170245208.10000002000,170245.20810000002,thousand_usd,numeric,,2026-08-17,FDI_Eng-sectors-NACE-2.xlsx,ENG (annual),B12,published
fdi_flows,sector,nace_f,F,Construction,total,component,2017,inflow,176115742.29999998000,176115.74229999998,thousand_usd,numeric,,2026-08-17,FDI_Eng-sectors-NACE-2.xlsx,ENG (annual),C12,published
fdi_flows,sector,nace_f,F,Construction,total,component,2018,inflow,187349082.40000004000,187349.08240000004,thousand_usd,numeric,,2026-08-17,FDI_Eng-sectors-NACE-2.xlsx,ENG (annual),D12,published
fdi_flows,sector,nace_f,F,Construction,total,component,2019,inflow,56481968.000000023000,56481.968000000023,thousand_usd,numeric,,2026-08-17,FDI_Eng-sectors-NACE-2.xlsx,ENG (annual),E12,published
fdi_flows,sector,nace_f,F,Construction,total,component,2020,inflow,32834461.799999997000,32834.461799999997,thousand_usd,numeric,,2026-08-17,FDI_Eng-sectors-NACE-2.xlsx,ENG (annual),F12,published
fdi_flows,sector,nace_f,F,Construction,total,component,2021,inflow,3486845.6000000115000,3486.8456000000115,thousand_usd,numeric,,2026-08-17,FDI_Eng-sectors-NACE-2.xlsx,ENG (annual),G12,published
fdi_flows,sector,nace_f,F,Construction,total,component,2022,inflow,52275040.599999993000,52275.040599999993,thousand_usd,numeric,,2026-08-17,FDI_Eng-sectors-NACE-2.xlsx,ENG (annual),H12,published
fdi_flows,sector,nace_f,F,Construction,total,component,2023,inflow,178321397.20000001000,178321.39720000001,thousand_usd,numeric,,2026-08-17,FDI_Eng-sectors-NACE-2.xlsx,ENG (annual),I12,published
fdi_flows,sector,nace_f,F,Construction,total,component,2024,inflow,54257334.800000004000,54257.334800000004,thousand_usd,numeric,,2026-08-17,FDI_Eng-sectors-NACE-2.xlsx,ENG (annual),J12,published
fdi_flows,sector,nace_f,F,Construction,total,component,2025,inflow,14811841.699999997000,14811.841699999997,thousand_usd,numeric,,2026-08-17,FDI_Eng-sectors-NACE-2.xlsx,ENG (annual),K12,published
fdi_flows,sector,nace_g,G,Wholesale and retail trade; repair of motor vehicles and motorcycles,total,component,2016,inflow,91421945.999999967000,91421.945999999967,thousand_usd,numeric,,2026-08-17,FDI_Eng-sectors-NACE-2.xlsx,ENG (annual),B13,published
fdi_flows,sector,nace_g,G,Wholesale and retail trade; repair of motor vehicles and motorcycles,total,component,2017,inflow,133109291.49999993000,133109.29149999993,thousand_usd,numeric,,2026-08-17,FDI_Eng-sectors-NACE-2.xlsx,ENG (annual),C13,published
fdi_flows,sector,nace_g,G,Wholesale and retail trade; repair of motor vehicles and motorcycles,total,component,2018,inflow,59850635.100000029000,59850.635100000029,thousand_usd,numeric,,2026-08-17,FDI_Eng-sectors-NACE-2.xlsx,ENG (annual),D13,published
fdi_flows,sector,nace_g,G,Wholesale and retail trade; repair of motor vehicles and motorcycles,total,component,2019,inflow,140093320.00000004000,140093.32000000004,thousand_usd,numeric,,2026-08-17,FDI_Eng-sectors-NACE-2.xlsx,ENG (annual),E13,published
fdi_flows,sector,nace_g,G,Wholesale and retail trade; repair of motor vehicles and motorcycles,total,component,2020,inflow,62529849.700000021000,62529.849700000021,thousand_usd,numeric,,2026-08-17,FDI_Eng-sectors-NACE-2.xlsx,ENG (annual),F13,published
fdi_flows,sector,nace_g,G,Wholesale and retail trade; repair of motor vehicles and motorcycles,total,component,2021,inflow,144631197.00000001000,144631.19700000001,thousand_usd,numeric,,2026-08-17,FDI_Eng-sectors-NACE-2.xlsx,ENG (annual),G13,published
fdi_flows,sector,nace_g,G,Wholesale and retail trade; repair of motor vehicles and motorcycles,total,component,2022,inflow,196911264.49999999000,196911.26449999999,thousand_usd,numeric,,2026-08-17,FDI_Eng-sectors-NACE-2.xlsx,ENG (annual),H13,published
fdi_flows,sector,nace_g,G,Wholesale and retail trade; repair of motor vehicles and motorcycles,total,component,2023,inflow,313628512.40000001000,313628.51240000001,thousand_usd,numeric,,2026-08-17,FDI_Eng-sectors-NACE-2.xlsx,ENG (annual),I13,published
fdi_flows,sector,nace_g,G,Wholesale and retail trade; repair of motor vehicles and motorcycles,total,component,2024,inflow,163518593.69999991000,163518.59369999991,thousand_usd,numeric,,2026-08-17,FDI_Eng-sectors-NACE-2.xlsx,ENG (annual),J13,published
fdi_flows,sector,nace_g,G,Wholesale and retail trade; repair of motor vehicles and motorcycles,total,component,2025,inflow,191066527.69999992000,191066.52769999992,thousand_usd,numeric,,2026-08-17,FDI_Eng-sectors-NACE-2.xlsx,ENG (annual),K13,published
fdi_flows,sector,nace_h,H,Transportation and storage,total,component,2016,inflow,580659942.59999972000,580659.94259999972,thousand_usd,numeric,,2026-08-17,FDI_Eng-sectors-NACE-2.xlsx,ENG (annual),B14,published
fdi_flows,sector,nace_h,H,Transportation and storage,total,component,2017,inflow,468095327.90000003000,468095.32790000003,thousand_usd,numeric,,2026-08-17,FDI_Eng-sectors-NACE-2.xlsx,ENG (annual),C14,published
fdi_flows,sector,nace_h,H,Transportation and storage,total,component,2018,inflow,192388508.80000007000,192388.50880000007,thousand_usd,numeric,,2026-08-17,FDI_Eng-sectors-NACE-2.xlsx,ENG (annual),D14,published
fdi_flows,sector,nace_h,H,Transportation and storage,total,component,2019,inflow,54912883.199999989000,54912.883199999989,thousand_usd,numeric,,2026-08-17,FDI_Eng-sectors-NACE-2.xlsx,ENG (annual),E14,published
fdi_flows,sector,nace_h,H,Transportation and storage,total,component,2020,inflow,11585745.599999998000,11585.745599999998,thousand_usd,numeric,,2026-08-17,FDI_Eng-sectors-NACE-2.xlsx,ENG (annual),F14,published
fdi_flows,sector,nace_h,H,Transportation and storage,total,component,2021,inflow,4502335.300000017000,4502.335300000017,thousand_usd,numeric,,2026-08-17,FDI_Eng-sectors-NACE-2.xlsx,ENG (annual),G14,published
fdi_flows,sector,nace_h,H,Transportation and storage,total,component,2022,inflow,88137308.39999998000,88137.30839999998,thousand_usd,numeric,,2026-08-17,FDI_Eng-sectors-NACE-2.xlsx,ENG (annual),H14,published
fdi_flows,sector,nace_h,H,Transportation and storage,total,component,2023,inflow,167681687.29999999000,167681.68729999999,thousand_usd,numeric,,2026-08-17,FDI_Eng-sectors-NACE-2.xlsx,ENG (annual),I14,published
fdi_flows,sector,nace_h,H,Transportation and storage,total,component,2024,inflow,118961200.50000004000,118961.20050000004,thousand_usd,numeric,,2026-08-17,FDI_Eng-sectors-NACE-2.xlsx,ENG (annual),J14,published
fdi_flows,sector,nace_h,H,Transportation and storage,total,component,2025,inflow,168399306.30000005000,168399.30630000005,thousand_usd,numeric,,2026-08-17,FDI_Eng-sectors-NACE-2.xlsx,ENG (annual),K14,published
fdi_flows,sector,nace_i,I,Accommodation and food service activities,total,component,2016,inflow,118133061.50000001000,118133.06150000001,thousand_usd,numeric,,2026-08-17,FDI_Eng-sectors-NACE-2.xlsx,ENG (annual),B15,published
fdi_flows,sector,nace_i,I,Accommodation and food service activities,total,component,2017,inflow,111437152.39999996000,111437.15239999996,thousand_usd,numeric,,2026-08-17,FDI_Eng-sectors-NACE-2.xlsx,ENG (annual),C15,published
fdi_flows,sector,nace_i,I,Accommodation and food service activities,total,component,2018,inflow,106032126.6000,106032.1266,thousand_usd,numeric,,2026-08-17,FDI_Eng-sectors-NACE-2.xlsx,ENG (annual),D15,published
fdi_flows,sector,nace_i,I,Accommodation and food service activities,total,component,2019,inflow,122703111.90000002000,122703.11190000002,thousand_usd,numeric,,2026-08-17,FDI_Eng-sectors-NACE-2.xlsx,ENG (annual),E15,published
fdi_flows,sector,nace_i,I,Accommodation and food service activities,total,component,2020,inflow,-246854932.6000,-246854.9326,thousand_usd,numeric,,2026-08-17,FDI_Eng-sectors-NACE-2.xlsx,ENG (annual),F15,published
fdi_flows,sector,nace_i,I,Accommodation and food service activities,total,component,2021,inflow,-2123192.9999999957000,-2123.1929999999957,thousand_usd,numeric,,2026-08-17,FDI_Eng-sectors-NACE-2.xlsx,ENG (annual),G15,published
fdi_flows,sector,nace_i,I,Accommodation and food service activities,total,component,2022,inflow,64811706.5000,64811.7065,thousand_usd,numeric,,2026-08-17,FDI_Eng-sectors-NACE-2.xlsx,ENG (annual),H15,published
fdi_flows,sector,nace_i,I,Accommodation and food service activities,total,component,2023,inflow,36251633.000000009000,36251.633000000009,thousand_usd,numeric,,2026-08-17,FDI_Eng-sectors-NACE-2.xlsx,ENG (annual),I15,published
fdi_flows,sector,nace_i,I,Accommodation and food service activities,total,component,2024,inflow,39121144.09999999000,39121.14409999999,thousand_usd,numeric,,2026-08-17,FDI_Eng-sectors-NACE-2.xlsx,ENG (annual),J15,published
fdi_flows,sector,nace_i,I,Accommodation and food service activities,total,component,2025,inflow,40189473.2000,40189.4732,thousand_usd,numeric,,2026-08-17,FDI_Eng-sectors-NACE-2.xlsx,ENG (annual),K15,published
fdi_flows,sector,nace_j,J,Information and communication,total,component,2016,inflow,94052052.00000004000,94052.05200000004,thousand_usd,numeric,,2026-08-17,FDI_Eng-sectors-NACE-2.xlsx,ENG (annual),B16,published
fdi_flows,sector,nace_j,J,Information and communication,total,component,2017,inflow,61844667.499999989000,61844.667499999989,thousand_usd,numeric,,2026-08-17,FDI_Eng-sectors-NACE-2.xlsx,ENG (annual),C16,published
fdi_flows,sector,nace_j,J,Information and communication,total,component,2018,inflow,-12740141.899999979000,-12740.141899999979,thousand_usd,numeric,,2026-08-17,FDI_Eng-sectors-NACE-2.xlsx,ENG (annual),D16,published
fdi_flows,sector,nace_j,J,Information and communication,total,component,2019,inflow,89899692.00000001000,89899.69200000001,thousand_usd,numeric,,2026-08-17,FDI_Eng-sectors-NACE-2.xlsx,ENG (annual),E16,published
fdi_flows,sector,nace_j,J,Information and communication,total,component,2020,inflow,74272006.300000008000,74272.006300000008,thousand_usd,numeric,,2026-08-17,FDI_Eng-sectors-NACE-2.xlsx,ENG (annual),F16,published
fdi_flows,sector,nace_j,J,Information and communication,total,component,2021,inflow,-3823929.4999999984000,-3823.9294999999984,thousand_usd,numeric,,2026-08-17,FDI_Eng-sectors-NACE-2.xlsx,ENG (annual),G16,published
fdi_flows,sector,nace_j,J,Information and communication,total,component,2022,inflow,142300383.20000007000,142300.38320000007,thousand_usd,numeric,,2026-08-17,FDI_Eng-sectors-NACE-2.xlsx,ENG (annual),H16,published
fdi_flows,sector,nace_j,J,Information and communication,total,component,2023,inflow,132909979.30000012000,132909.97930000012,thousand_usd,numeric,,2026-08-17,FDI_Eng-sectors-NACE-2.xlsx,ENG (annual),I16,published
fdi_flows,sector,nace_j,J,Information and communication,total,component,2024,inflow,70051006.099999999000,70051.006099999999,thousand_usd,numeric,,2026-08-17,FDI_Eng-sectors-NACE-2.xlsx,ENG (annual),J16,published
fdi_flows,sector,nace_j,J,Information and communication,total,component,2025,inflow,120315380.59999997000,120315.38059999997,thousand_usd,numeric,,2026-08-17,FDI_Eng-sectors-NACE-2.xlsx,ENG (annual),K16,published
fdi_flows,sector,nace_k,K,Financial and insurance activities,total,component,2016,inflow,135945131.90000004000,135945.13190000004,thousand_usd,numeric,,2026-08-17,FDI_Eng-sectors-NACE-2.xlsx,ENG (annual),B17,published
fdi_flows,sector,nace_k,K,Financial and insurance activities,total,component,2017,inflow,306646971.69999994000,306646.97169999994,thousand_usd,numeric,,2026-08-17,FDI_Eng-sectors-NACE-2.xlsx,ENG (annual),C17,published
fdi_flows,sector,nace_k,K,Financial and insurance activities,total,component,2018,inflow,273608700.30000008000,273608.70030000008,thousand_usd,numeric,,2026-08-17,FDI_Eng-sectors-NACE-2.xlsx,ENG (annual),D17,published
fdi_flows,sector,nace_k,K,Financial and insurance activities,total,component,2019,inflow,285257218.2000,285257.2182,thousand_usd,numeric,,2026-08-17,FDI_Eng-sectors-NACE-2.xlsx,ENG (annual),E17,published
fdi_flows,sector,nace_k,K,Financial and insurance activities,total,component,2020,inflow,409371293.89999999000,409371.29389999999,thousand_usd,numeric,,2026-08-17,FDI_Eng-sectors-NACE-2.xlsx,ENG (annual),F17,published
fdi_flows,sector,nace_k,K,Financial and insurance activities,total,component,2021,inflow,475602843.70000008000,475602.84370000008,thousand_usd,numeric,,2026-08-17,FDI_Eng-sectors-NACE-2.xlsx,ENG (annual),G17,published
fdi_flows,sector,nace_k,K,Financial and insurance activities,total,component,2022,inflow,537220538.10000001000,537220.53810000001,thousand_usd,numeric,,2026-08-17,FDI_Eng-sectors-NACE-2.xlsx,ENG (annual),H17,published
fdi_flows,sector,nace_k,K,Financial and insurance activities,total,component,2023,inflow,587891680.20000006000,587891.68020000006,thousand_usd,numeric,,2026-08-17,FDI_Eng-sectors-NACE-2.xlsx,ENG (annual),I17,published
fdi_flows,sector,nace_k,K,Financial and insurance activities,total,component,2024,inflow,533485664.39999989000,533485.66439999989,thousand_usd,numeric,,2026-08-17,FDI_Eng-sectors-NACE-2.xlsx,ENG (annual),J17,published
fdi_flows,sector,nace_k,K,Financial and insurance activities,total,component,2025,inflow,633242841.80000005000,633242.84180000005,thousand_usd,numeric,,2026-08-17,FDI_Eng-sectors-NACE-2.xlsx,ENG (annual),K17,published
fdi_flows,sector,nace_l,L,Real estate activities,total,component,2016,inflow,29623967.600000004000,29623.967600000004,thousand_usd,numeric,,2026-08-17,FDI_Eng-sectors-NACE-2.xlsx,ENG (annual),B18,published
fdi_flows,sector,nace_l,L,Real estate activities,total,component,2017,inflow,132374966.00000001000,132374.96600000001,thousand_usd,numeric,,2026-08-17,FDI_Eng-sectors-NACE-2.xlsx,ENG (annual),C18,published
fdi_flows,sector,nace_l,L,Real estate activities,total,component,2018,inflow,21332890.399999997000,21332.890399999997,thousand_usd,numeric,,2026-08-17,FDI_Eng-sectors-NACE-2.xlsx,ENG (annual),D18,published
fdi_flows,sector,nace_l,L,Real estate activities,total,component,2019,inflow,-63631388.099999989000,-63631.388099999989,thousand_usd,numeric,,2026-08-17,FDI_Eng-sectors-NACE-2.xlsx,ENG (annual),E18,published
fdi_flows,sector,nace_l,L,Real estate activities,total,component,2020,inflow,54457310.800000021000,54457.310800000021,thousand_usd,numeric,,2026-08-17,FDI_Eng-sectors-NACE-2.xlsx,ENG (annual),F18,published
fdi_flows,sector,nace_l,L,Real estate activities,total,component,2021,inflow,44471002.600000022000,44471.002600000022,thousand_usd,numeric,,2026-08-17,FDI_Eng-sectors-NACE-2.xlsx,ENG (annual),G18,published
fdi_flows,sector,nace_l,L,Real estate activities,total,component,2022,inflow,373633856.60000023000,373633.85660000023,thousand_usd,numeric,,2026-08-17,FDI_Eng-sectors-NACE-2.xlsx,ENG (annual),H18,published
fdi_flows,sector,nace_l,L,Real estate activities,total,component,2023,inflow,129220912.6000,129220.9126,thousand_usd,numeric,,2026-08-17,FDI_Eng-sectors-NACE-2.xlsx,ENG (annual),I18,published
fdi_flows,sector,nace_l,L,Real estate activities,total,component,2024,inflow,191520138.29999993000,191520.13829999993,thousand_usd,numeric,,2026-08-17,FDI_Eng-sectors-NACE-2.xlsx,ENG (annual),J18,published
fdi_flows,sector,nace_l,L,Real estate activities,total,component,2025,inflow,254686931.29999997000,254686.93129999997,thousand_usd,numeric,,2026-08-17,FDI_Eng-sectors-NACE-2.xlsx,ENG (annual),K18,published
fdi_flows,sector,nace_m,M,"Professional, scientific and technical activities",total,component,2016,inflow,-4227991.5000000001000,-4227.9915000000001,thousand_usd,numeric,,2026-08-17,FDI_Eng-sectors-NACE-2.xlsx,ENG (annual),B19,published
fdi_flows,sector,nace_m,M,"Professional, scientific and technical activities",total,component,2017,inflow,70043157.200000103000,70043.157200000103,thousand_usd,numeric,,2026-08-17,FDI_Eng-sectors-NACE-2.xlsx,ENG (annual),C19,published
fdi_flows,sector,nace_m,M,"Professional, scientific and technical activities",total,component,2018,inflow,52198229.299999992000,52198.229299999992,thousand_usd,numeric,,2026-08-17,FDI_Eng-sectors-NACE-2.xlsx,ENG (annual),D19,published
fdi_flows,sector,nace_m,M,"Professional, scientific and technical activities",total,component,2019,inflow,25178922.200000001000,25178.922200000001,thousand_usd,numeric,,2026-08-17,FDI_Eng-sectors-NACE-2.xlsx,ENG (annual),E19,published
fdi_flows,sector,nace_m,M,"Professional, scientific and technical activities",total,component,2020,inflow,18293520.599999996000,18293.520599999996,thousand_usd,numeric,,2026-08-17,FDI_Eng-sectors-NACE-2.xlsx,ENG (annual),F19,published
fdi_flows,sector,nace_m,M,"Professional, scientific and technical activities",total,component,2021,inflow,28270611.900000022000,28270.611900000022,thousand_usd,numeric,,2026-08-17,FDI_Eng-sectors-NACE-2.xlsx,ENG (annual),G19,published
fdi_flows,sector,nace_m,M,"Professional, scientific and technical activities",total,component,2022,inflow,28887171.500000008000,28887.171500000008,thousand_usd,numeric,,2026-08-17,FDI_Eng-sectors-NACE-2.xlsx,ENG (annual),H19,published
fdi_flows,sector,nace_m,M,"Professional, scientific and technical activities",total,component,2023,inflow,65946153.599999991000,65946.153599999991,thousand_usd,numeric,,2026-08-17,FDI_Eng-sectors-NACE-2.xlsx,ENG (annual),I19,published
fdi_flows,sector,nace_m,M,"Professional, scientific and technical activities",total,component,2024,inflow,68866019.3000,68866.0193,thousand_usd,numeric,,2026-08-17,FDI_Eng-sectors-NACE-2.xlsx,ENG (annual),J19,published
fdi_flows,sector,nace_m,M,"Professional, scientific and technical activities",total,component,2025,inflow,47230202.600000019000,47230.202600000019,thousand_usd,numeric,,2026-08-17,FDI_Eng-sectors-NACE-2.xlsx,ENG (annual),K19,published
fdi_flows,sector,nace_n,N,Administrative and support service activities,total,component,2016,inflow,10923204.8000,10923.2048,thousand_usd,numeric,,2026-08-17,FDI_Eng-sectors-NACE-2.xlsx,ENG (annual),B20,published
fdi_flows,sector,nace_n,N,Administrative and support service activities,total,component,2017,inflow,28536741.200000011000,28536.741200000011,thousand_usd,numeric,,2026-08-17,FDI_Eng-sectors-NACE-2.xlsx,ENG (annual),C20,published
fdi_flows,sector,nace_n,N,Administrative and support service activities,total,component,2018,inflow,47014830.00,47014.83,thousand_usd,numeric,,2026-08-17,FDI_Eng-sectors-NACE-2.xlsx,ENG (annual),D20,published
fdi_flows,sector,nace_n,N,Administrative and support service activities,total,component,2019,inflow,21606997.799999994000,21606.997799999994,thousand_usd,numeric,,2026-08-17,FDI_Eng-sectors-NACE-2.xlsx,ENG (annual),E20,published
fdi_flows,sector,nace_n,N,Administrative and support service activities,total,component,2020,inflow,777244.60000000317000,777.24460000000317,thousand_usd,numeric,,2026-08-17,FDI_Eng-sectors-NACE-2.xlsx,ENG (annual),F20,published
fdi_flows,sector,nace_n,N,Administrative and support service activities,total,component,2021,inflow,14108629.799999995000,14108.629799999995,thousand_usd,numeric,,2026-08-17,FDI_Eng-sectors-NACE-2.xlsx,ENG (annual),G20,published
fdi_flows,sector,nace_n,N,Administrative and support service activities,total,component,2022,inflow,8615059.3000000008000,8615.0593000000008,thousand_usd,numeric,,2026-08-17,FDI_Eng-sectors-NACE-2.xlsx,ENG (annual),H20,published
fdi_flows,sector,nace_n,N,Administrative and support service activities,total,component,2023,inflow,20474194.799999987000,20474.194799999987,thousand_usd,numeric,,2026-08-17,FDI_Eng-sectors-NACE-2.xlsx,ENG (annual),I20,published
fdi_flows,sector,nace_n,N,Administrative and support service activities,total,component,2024,inflow,11724309.100000002000,11724.309100000002,thousand_usd,numeric,,2026-08-17,FDI_Eng-sectors-NACE-2.xlsx,ENG (annual),J20,published
fdi_flows,sector,nace_n,N,Administrative and support service activities,total,component,2025,inflow,5551783.7000,5551.7837,thousand_usd,numeric,,2026-08-17,FDI_Eng-sectors-NACE-2.xlsx,ENG (annual),K20,published
fdi_flows,sector,nace_p,P,Education,total,component,2016,inflow,8589410.4000000007000,8589.4104000000007,thousand_usd,numeric,,2026-08-17,FDI_Eng-sectors-NACE-2.xlsx,ENG (annual),B21,published
fdi_flows,sector,nace_p,P,Education,total,component,2017,inflow,10567455.7000,10567.4557,thousand_usd,numeric,,2026-08-17,FDI_Eng-sectors-NACE-2.xlsx,ENG (annual),C21,published
fdi_flows,sector,nace_p,P,Education,total,component,2018,inflow,13262687.099999999000,13262.687099999999,thousand_usd,numeric,,2026-08-17,FDI_Eng-sectors-NACE-2.xlsx,ENG (annual),D21,published
fdi_flows,sector,nace_p,P,Education,total,component,2019,inflow,4052978.8000000008000,4052.9788000000008,thousand_usd,numeric,,2026-08-17,FDI_Eng-sectors-NACE-2.xlsx,ENG (annual),E21,published
fdi_flows,sector,nace_p,P,Education,total,component,2020,inflow,10157436.5000,10157.4365,thousand_usd,numeric,,2026-08-17,FDI_Eng-sectors-NACE-2.xlsx,ENG (annual),F21,published
fdi_flows,sector,nace_p,P,Education,total,component,2021,inflow,15297544.400000002000,15297.544400000002,thousand_usd,numeric,,2026-08-17,FDI_Eng-sectors-NACE-2.xlsx,ENG (annual),G21,published
fdi_flows,sector,nace_p,P,Education,total,component,2022,inflow,12823967.1000,12823.9671,thousand_usd,numeric,,2026-08-17,FDI_Eng-sectors-NACE-2.xlsx,ENG (annual),H21,published
fdi_flows,sector,nace_p,P,Education,total,component,2023,inflow,20109191.199999997000,20109.191199999997,thousand_usd,numeric,,2026-08-17,FDI_Eng-sectors-NACE-2.xlsx,ENG (annual),I21,published
fdi_flows,sector,nace_p,P,Education,total,component,2024,inflow,17953907.999999999000,17953.907999999999,thousand_usd,numeric,,2026-08-17,FDI_Eng-sectors-NACE-2.xlsx,ENG (annual),J21,published
fdi_flows,sector,nace_p,P,Education,total,component,2025,inflow,8233557.0000000007000,8233.5570000000007,thousand_usd,numeric,,2026-08-17,FDI_Eng-sectors-NACE-2.xlsx,ENG (annual),K21,published
fdi_flows,sector,nace_q,Q,Human health and social work activities,total,component,2016,inflow,31715857.3000,31715.8573,thousand_usd,numeric,,2026-08-17,FDI_Eng-sectors-NACE-2.xlsx,ENG (annual),B22,published
fdi_flows,sector,nace_q,Q,Human health and social work activities,total,component,2017,inflow,8001180.3000,8001.1803,thousand_usd,numeric,,2026-08-17,FDI_Eng-sectors-NACE-2.xlsx,ENG (annual),C22,published
fdi_flows,sector,nace_q,Q,Human health and social work activities,total,component,2018,inflow,15890635.799999998000,15890.635799999998,thousand_usd,numeric,,2026-08-17,FDI_Eng-sectors-NACE-2.xlsx,ENG (annual),D22,published
fdi_flows,sector,nace_q,Q,Human health and social work activities,total,component,2019,inflow,16657683.399999994000,16657.683399999994,thousand_usd,numeric,,2026-08-17,FDI_Eng-sectors-NACE-2.xlsx,ENG (annual),E22,published
fdi_flows,sector,nace_q,Q,Human health and social work activities,total,component,2020,inflow,7726302.2999999994000,7726.3022999999994,thousand_usd,numeric,,2026-08-17,FDI_Eng-sectors-NACE-2.xlsx,ENG (annual),F22,published
fdi_flows,sector,nace_q,Q,Human health and social work activities,total,component,2021,inflow,26317041.700000002000,26317.041700000002,thousand_usd,numeric,,2026-08-17,FDI_Eng-sectors-NACE-2.xlsx,ENG (annual),G22,published
fdi_flows,sector,nace_q,Q,Human health and social work activities,total,component,2022,inflow,5053436.2000000001000,5053.4362000000001,thousand_usd,numeric,,2026-08-17,FDI_Eng-sectors-NACE-2.xlsx,ENG (annual),H22,published
fdi_flows,sector,nace_q,Q,Human health and social work activities,total,component,2023,inflow,18893868.299999998000,18893.868299999998,thousand_usd,numeric,,2026-08-17,FDI_Eng-sectors-NACE-2.xlsx,ENG (annual),I22,published
fdi_flows,sector,nace_q,Q,Human health and social work activities,total,component,2024,inflow,3177593.4000000025000,3177.5934000000025,thousand_usd,numeric,,2026-08-17,FDI_Eng-sectors-NACE-2.xlsx,ENG (annual),J22,published
fdi_flows,sector,nace_q,Q,Human health and social work activities,total,component,2025,inflow,10616870.999999999000,10616.870999999999,thousand_usd,numeric,,2026-08-17,FDI_Eng-sectors-NACE-2.xlsx,ENG (annual),K22,published
fdi_flows,sector,nace_r,R,"Arts, entertainment and recreation",total,component,2016,inflow,51713583.699999981000,51713.583699999981,thousand_usd,numeric,,2026-08-17,FDI_Eng-sectors-NACE-2.xlsx,ENG (annual),B23,published
fdi_flows,sector,nace_r,R,"Arts, entertainment and recreation",total,component,2017,inflow,25280292.099999999000,25280.292099999999,thousand_usd,numeric,,2026-08-17,FDI_Eng-sectors-NACE-2.xlsx,ENG (annual),C23,published
fdi_flows,sector,nace_r,R,"Arts, entertainment and recreation",total,component,2018,inflow,30764542.300000008000,30764.542300000008,thousand_usd,numeric,,2026-08-17,FDI_Eng-sectors-NACE-2.xlsx,ENG (annual),D23,published
fdi_flows,sector,nace_r,R,"Arts, entertainment and recreation",total,component,2019,inflow,140120015.69999999000,140120.01569999999,thousand_usd,numeric,,2026-08-17,FDI_Eng-sectors-NACE-2.xlsx,ENG (annual),E23,published
fdi_flows,sector,nace_r,R,"Arts, entertainment and recreation",total,component,2020,inflow,2467545.0999999994000,2467.5450999999994,thousand_usd,numeric,,2026-08-17,FDI_Eng-sectors-NACE-2.xlsx,ENG (annual),F23,published
fdi_flows,sector,nace_r,R,"Arts, entertainment and recreation",total,component,2021,inflow,211008774.89999993000,211008.77489999993,thousand_usd,numeric,,2026-08-17,FDI_Eng-sectors-NACE-2.xlsx,ENG (annual),G23,published
fdi_flows,sector,nace_r,R,"Arts, entertainment and recreation",total,component,2022,inflow,263269989.40000002000,263269.98940000002,thousand_usd,numeric,,2026-08-17,FDI_Eng-sectors-NACE-2.xlsx,ENG (annual),H23,published
fdi_flows,sector,nace_r,R,"Arts, entertainment and recreation",total,component,2023,inflow,26406742.200000008000,26406.742200000008,thousand_usd,numeric,,2026-08-17,FDI_Eng-sectors-NACE-2.xlsx,ENG (annual),I23,published
fdi_flows,sector,nace_r,R,"Arts, entertainment and recreation",total,component,2024,inflow,28196423.100000004000,28196.423100000004,thousand_usd,numeric,,2026-08-17,FDI_Eng-sectors-NACE-2.xlsx,ENG (annual),J23,published
fdi_flows,sector,nace_r,R,"Arts, entertainment and recreation",total,component,2025,inflow,42884262.899999994000,42884.262899999994,thousand_usd,numeric,,2026-08-17,FDI_Eng-sectors-NACE-2.xlsx,ENG (annual),K23,published
fdi_flows,sector,nace_s,S,Other service activities,total,component,2016,inflow,4542401.9000000008000,4542.4019000000008,thousand_usd,numeric,,2026-08-17,FDI_Eng-sectors-NACE-2.xlsx,ENG (annual),B24,published
fdi_flows,sector,nace_s,S,Other service activities,total,component,2017,inflow,9509468.3000000005000,9509.4683000000005,thousand_usd,numeric,,2026-08-17,FDI_Eng-sectors-NACE-2.xlsx,ENG (annual),C24,published
fdi_flows,sector,nace_s,S,Other service activities,total,component,2018,inflow,6120909.0999999989000,6120.9090999999989,thousand_usd,numeric,,2026-08-17,FDI_Eng-sectors-NACE-2.xlsx,ENG (annual),D24,published
fdi_flows,sector,nace_s,S,Other service activities,total,component,2019,inflow,21324859.800000002000,21324.859800000002,thousand_usd,numeric,,2026-08-17,FDI_Eng-sectors-NACE-2.xlsx,ENG (annual),E24,published
fdi_flows,sector,nace_s,S,Other service activities,total,component,2020,inflow,9036098.0000000018000,9036.0980000000018,thousand_usd,numeric,,2026-08-17,FDI_Eng-sectors-NACE-2.xlsx,ENG (annual),F24,published
fdi_flows,sector,nace_s,S,Other service activities,total,component,2021,inflow,12613334.1000,12613.3341,thousand_usd,numeric,,2026-08-17,FDI_Eng-sectors-NACE-2.xlsx,ENG (annual),G24,published
fdi_flows,sector,nace_s,S,Other service activities,total,component,2022,inflow,-2411355.3999999986000,-2411.3553999999986,thousand_usd,numeric,,2026-08-17,FDI_Eng-sectors-NACE-2.xlsx,ENG (annual),H24,published
fdi_flows,sector,nace_s,S,Other service activities,total,component,2023,inflow,18003807.499999999000,18003.807499999999,thousand_usd,numeric,,2026-08-17,FDI_Eng-sectors-NACE-2.xlsx,ENG (annual),I24,published
fdi_flows,sector,nace_s,S,Other service activities,total,component,2024,inflow,18453360.499999995000,18453.360499999995,thousand_usd,numeric,,2026-08-17,FDI_Eng-sectors-NACE-2.xlsx,ENG (annual),J24,published
fdi_flows,sector,nace_s,S,Other service activities,total,component,2025,inflow,16109745.200000001000,16109.745200000001,thousand_usd,numeric,,2026-08-17,FDI_Eng-sectors-NACE-2.xlsx,ENG (annual),K24,published
fdi_flows,sector,total,,Total,,total,2016,inflow,1654009529.8000001000,1654009.5298000001,thousand_usd,numeric,,2026-08-17,FDI_Eng-sectors-NACE-2.xlsx,ENG (annual),B5,published
fdi_flows,sector,total,,Total,,total,2017,inflow,1990526440.6999999000,1990526.4406999999,thousand_usd,numeric,,2026-08-17,FDI_Eng-sectors-NACE-2.xlsx,ENG (annual),C5,published
fdi_flows,sector,total,,Total,,total,2018,inflow,1350608164.5000004000,1350608.1645000004,thousand_usd,numeric,,2026-08-17,FDI_Eng-sectors-NACE-2.xlsx,ENG (annual),D5,published
fdi_flows,sector,total,,Total,,total,2019,inflow,1367795347.9000002000,1367795.3479000002,thousand_usd,numeric,,2026-08-17,FDI_Eng-sectors-NACE-2.xlsx,ENG (annual),E5,published
fdi_flows,sector,total,,Total,,total,2020,inflow,596151415.09999998000,596151.41509999998,thousand_usd,numeric,,2026-08-17,FDI_Eng-sectors-NACE-2.xlsx,ENG (annual),F5,published
fdi_flows,sector,total,,Total,,total,2021,inflow,1293639916.8000002000,1293639.9168000002,thousand_usd,numeric,,2026-08-17,FDI_Eng-sectors-NACE-2.xlsx,ENG (annual),G5,published
fdi_flows,sector,total,,Total,,total,2022,inflow,2258335256.6999998000,2258335.2566999998,thousand_usd,numeric,,2026-08-17,FDI_Eng-sectors-NACE-2.xlsx,ENG (annual),H5,published
fdi_flows,sector,total,,Total,,total,2023,inflow,2069879160.9000002000,2069879.1609000002,thousand_usd,numeric,,2026-08-17,FDI_Eng-sectors-NACE-2.xlsx,ENG (annual),I5,published
fdi_flows,sector,total,,Total,,total,2024,inflow,1592727285.3999999000,1592727.2853999999,thousand_usd,numeric,,2026-08-17,FDI_Eng-sectors-NACE-2.xlsx,ENG (annual),J5,published
fdi_flows,sector,total,,Total,,total,2025,inflow,1900386201.0000001000,1900386.2010000001,thousand_usd,numeric,,2026-08-17,FDI_Eng-sectors-NACE-2.xlsx,ENG (annual),K5,published
fdi_flows,total,total,,Total,,total,1996,inflow,3753450.00000,3.75345,million_usd,numeric,,2026-09-08,FDI_Eng_by_Quarters.xlsx,FDI,B5,published
fdi_flows,total,total,,Total,,total,1997,inflow,242586000.00000001000000,242.58600000000001,million_usd,numeric,,2026-09-08,FDI_Eng_by_Quarters.xlsx,FDI,B6,published
fdi_flows,total,total,,Total,,total,1998,inflow,265331769.51288954000000,265.33176951288954,million_usd,numeric,,2026-09-08,FDI_Eng_by_Quarters.xlsx,FDI,B7,published
fdi_flows,total,total,,Total,,total,1999,inflow,82206999.999999994000000,82.206999999999994,million_usd,numeric,,2026-09-08,FDI_Eng_by_Quarters.xlsx,FDI,B8,published
fdi_flows,total,total,,Total,,total,2000,inflow,131231878.34000001000000,131.23187834000001,million_usd,numeric,,2026-09-08,FDI_Eng_by_Quarters.xlsx,FDI,B9,published
fdi_flows,total,total,,Total,,total,2001,inflow,109839835.48999996000000,109.83983548999996,million_usd,numeric,,2026-09-08,FDI_Eng_by_Quarters.xlsx,FDI,B10,published
fdi_flows,total,total,,Total,,total,2002,inflow,160211960.45999997000000,160.21196045999997,million_usd,numeric,,2026-09-08,FDI_Eng_by_Quarters.xlsx,FDI,B11,published
fdi_flows,total,total,,Total,,total,2003,inflow,334567841.62000002000000,334.56784162000002,million_usd,numeric,,2026-09-08,FDI_Eng_by_Quarters.xlsx,FDI,B12,published
fdi_flows,total,total,,Total,,total,2004,inflow,492329440.01000004000000,492.32944001000004,million_usd,numeric,,2026-09-08,FDI_Eng_by_Quarters.xlsx,FDI,B13,published
fdi_flows,total,total,,Total,,total,2005,inflow,452752292.02572302000000,452.75229202572302,million_usd,numeric,,2026-09-08,FDI_Eng_by_Quarters.xlsx,FDI,B14,published
fdi_flows,total,total,,Total,,total,2006,inflow,1171179522.2615217000000,1171.1795222615217,million_usd,numeric,,2026-09-08,FDI_Eng_by_Quarters.xlsx,FDI,B15,published
fdi_flows,total,total,,Total,,total,2007,inflow,1764720822.3127691000000,1764.7208223127691,million_usd,numeric,,2026-09-08,FDI_Eng_by_Quarters.xlsx,FDI,B16,published
fdi_flows,total,total,,Total,,total,2008,inflow,1575243239.6460854000000,1575.2432396460854,million_usd,numeric,,2026-09-08,FDI_Eng_by_Quarters.xlsx,FDI,B17,published
fdi_flows,total,total,,Total,,total,2009,inflow,666774603.20820001000000,666.77460320820001,million_usd,numeric,,2026-09-08,FDI_Eng_by_Quarters.xlsx,FDI,B18,published
fdi_flows,total,total,,Total,,total,2010,inflow,865637671.99475069000000,865.63767199475069,million_usd,numeric,,2026-09-08,FDI_Eng_by_Quarters.xlsx,FDI,B19,published
fdi_flows,total,total,,Total,,total,2011,inflow,1133971145.8444451000000,1133.9711458444451,million_usd,numeric,,2026-09-08,FDI_Eng_by_Quarters.xlsx,FDI,B20,published
fdi_flows,total,total,,Total,,total,2012,inflow,1048227045.4333175000000,1048.2270454333175,million_usd,numeric,,2026-09-08,FDI_Eng_by_Quarters.xlsx,FDI,B21,published
fdi_flows,total,total,,Total,,total,2013,inflow,1039174152.4845618000000,1039.1741524845618,million_usd,numeric,,2026-09-08,FDI_Eng_by_Quarters.xlsx,FDI,B22,published
fdi_flows,total,total,,Total,,total,2014,inflow,1836979976.5033397000000,1836.9799765033397,million_usd,numeric,,2026-09-08,FDI_Eng_by_Quarters.xlsx,FDI,B23,published
fdi_flows,total,total,,Total,,total,2015,inflow,1728758130.1636671000000,1728.7581301636671,million_usd,numeric,,2026-09-08,FDI_Eng_by_Quarters.xlsx,FDI,B24,published
fdi_flows,total,total,,Total,,total,2016,inflow,1654009529.8000001000000,1654.0095298000001,million_usd,numeric,,2026-09-08,FDI_Eng_by_Quarters.xlsx,FDI,B25,published
fdi_flows,total,total,,Total,,total,2017,inflow,1990526440.7000000,1990.5264407,million_usd,numeric,,2026-09-08,FDI_Eng_by_Quarters.xlsx,FDI,B26,published
fdi_flows,total,total,,Total,,total,2018,inflow,1350608164.4999999000000,1350.6081644999999,million_usd,numeric,,2026-09-08,FDI_Eng_by_Quarters.xlsx,FDI,B27,published
fdi_flows,total,total,,Total,,total,2019,inflow,1367795347.9000005000000,1367.7953479000005,million_usd,numeric,,2026-09-08,FDI_Eng_by_Quarters.xlsx,FDI,B28,published
fdi_flows,total,total,,Total,,total,2020,inflow,596151415.10000012000000,596.15141510000012,million_usd,numeric,,2026-09-08,FDI_Eng_by_Quarters.xlsx,FDI,B29,published
fdi_flows,total,total,,Total,,total,2021,inflow,1293639916.8000000,1293.6399168,million_usd,numeric,,2026-09-08,FDI_Eng_by_Quarters.xlsx,FDI,B30,published
fdi_flows,total,total,,Total,,total,2022,inflow,2258335256.6999997000000,2258.3352566999997,million_usd,numeric,,2026-09-08,FDI_Eng_by_Quarters.xlsx,FDI,B31,published
fdi_flows,total,total,,Total,,total,2023,inflow,2069879160.9000000,2069.8791609,million_usd,numeric,,2026-09-08,FDI_Eng_by_Quarters.xlsx,FDI,B32,published
fdi_flows,total,total,,Total,,total,2024,inflow,1592727285.4000000,1592.7272854,million_usd,numeric,,2026-09-08,FDI_Eng_by_Quarters.xlsx,FDI,B33,published
fdi_flows,total,total,,Total,,total,2025,inflow,1900386201.0000003000000,1900.3862010000003,million_usd,numeric,,2026-09-08,FDI_Eng_by_Quarters.xlsx,FDI,B34,published
