family,dimension,item_id,code,label_en,parent_id,role,year,flow,value_usd,source_value,source_unit,value_status,months_reported,vintage,source_file,source_sheet,source_cells,derivation
fdi_position,country,group_cis,,CIS countries,total,country_group,2015,position_end_of_year,3213120490.5000003000,3213120.4905000003,thousand_usd,numeric,,2026-09-08,FDI_Eng_stocks-countries.xlsx,countries-ENG,C37,published
fdi_position,country,group_cis,,CIS countries,total,country_group,2016,position_end_of_year,3819445831.5999988000,3819445.8315999988,thousand_usd,numeric,,2026-09-08,FDI_Eng_stocks-countries.xlsx,countries-ENG,W37,published
fdi_position,country,group_cis,,CIS countries,total,country_group,2017,position_end_of_year,4494693802.9999975000,4494693.8029999975,thousand_usd,numeric,,2026-09-08,FDI_Eng_stocks-countries.xlsx,countries-ENG,AQ37,published
fdi_position,country,group_cis,,CIS countries,total,country_group,2018,position_end_of_year,4672584765.9000,4672584.7659,thousand_usd,numeric,,2026-09-08,FDI_Eng_stocks-countries.xlsx,countries-ENG,BK37,published
fdi_position,country,group_cis,,CIS countries,total,country_group,2019,position_end_of_year,4804943403.1000026000,4804943.4031000026,thousand_usd,numeric,,2026-09-08,FDI_Eng_stocks-countries.xlsx,countries-ENG,CE37,published
fdi_position,country,group_cis,,CIS countries,total,country_group,2020,position_end_of_year,4783859472.199996000,4783859.472199996,thousand_usd,numeric,,2026-09-08,FDI_Eng_stocks-countries.xlsx,countries-ENG,CY37,published
fdi_position,country,group_cis,,CIS countries,total,country_group,2021,position_end_of_year,4853858277.3999972000,4853858.2773999972,thousand_usd,numeric,,2026-09-08,FDI_Eng_stocks-countries.xlsx,countries-ENG,DS37,published
fdi_position,country,group_cis,,CIS countries,total,country_group,2022,position_end_of_year,5104478868.2000004000,5104478.8682000004,thousand_usd,numeric,,2026-09-08,FDI_Eng_stocks-countries.xlsx,countries-ENG,EM37,published
fdi_position,country,group_cis,,CIS countries,total,country_group,2023,position_end_of_year,6272091189.2000008000,6272091.1892000008,thousand_usd,numeric,,2026-09-08,FDI_Eng_stocks-countries.xlsx,countries-ENG,FG37,published
fdi_position,country,group_cis,,CIS countries,total,country_group,2024,position_end_of_year,6408727997.5999976000,6408727.9975999976,thousand_usd,numeric,,2026-09-08,FDI_Eng_stocks-countries.xlsx,countries-ENG,GA37,published
fdi_position,country,group_cis,,CIS countries,total,country_group,2025,position_end_of_year,6954686839.8000011000,6954686.8398000011,thousand_usd,numeric,,2026-09-08,FDI_Eng_stocks-countries.xlsx,countries-ENG,GU37,published
fdi_position,country,group_eu27,,EU countries (27),total,country_group,2015,position_end_of_year,4747886819.1999989000,4747886.8191999989,thousand_usd,numeric,,2026-09-08,FDI_Eng_stocks-countries.xlsx,countries-ENG,C8,published
fdi_position,country,group_eu27,,EU countries (27),total,country_group,2016,position_end_of_year,4804563784.0999998000,4804563.7840999998,thousand_usd,numeric,,2026-09-08,FDI_Eng_stocks-countries.xlsx,countries-ENG,W8,published
fdi_position,country,group_eu27,,EU countries (27),total,country_group,2017,position_end_of_year,5378880976.5000008000,5378880.9765000008,thousand_usd,numeric,,2026-09-08,FDI_Eng_stocks-countries.xlsx,countries-ENG,AQ8,published
fdi_position,country,group_eu27,,EU countries (27),total,country_group,2018,position_end_of_year,5702600979.3000007000,5702600.9793000007,thousand_usd,numeric,,2026-09-08,FDI_Eng_stocks-countries.xlsx,countries-ENG,BK8,published
fdi_position,country,group_eu27,,EU countries (27),total,country_group,2019,position_end_of_year,6127227735.5000004000,6127227.7355000004,thousand_usd,numeric,,2026-09-08,FDI_Eng_stocks-countries.xlsx,countries-ENG,CE8,published
fdi_position,country,group_eu27,,EU countries (27),total,country_group,2020,position_end_of_year,5865010185.2000002000,5865010.1852000002,thousand_usd,numeric,,2026-09-08,FDI_Eng_stocks-countries.xlsx,countries-ENG,CY8,published
fdi_position,country,group_eu27,,EU countries (27),total,country_group,2021,position_end_of_year,6078997214.1999984000,6078997.2141999984,thousand_usd,numeric,,2026-09-08,FDI_Eng_stocks-countries.xlsx,countries-ENG,DS8,published
fdi_position,country,group_eu27,,EU countries (27),total,country_group,2022,position_end_of_year,6973530372.8000,6973530.3728,thousand_usd,numeric,,2026-09-08,FDI_Eng_stocks-countries.xlsx,countries-ENG,EM8,published
fdi_position,country,group_eu27,,EU countries (27),total,country_group,2023,position_end_of_year,6670174817.6000016000,6670174.8176000016,thousand_usd,numeric,,2026-09-08,FDI_Eng_stocks-countries.xlsx,countries-ENG,FG8,published
fdi_position,country,group_eu27,,EU countries (27),total,country_group,2024,position_end_of_year,6144785278.5999998000,6144785.2785999998,thousand_usd,numeric,,2026-09-08,FDI_Eng_stocks-countries.xlsx,countries-ENG,GA8,published
fdi_position,country,group_eu27,,EU countries (27),total,country_group,2025,position_end_of_year,7067326237.4999998000,7067326.2374999998,thousand_usd,numeric,,2026-09-08,FDI_Eng_stocks-countries.xlsx,countries-ENG,GU8,published
fdi_position,country,group_other,,Other countries,total,country_group,2015,position_end_of_year,5460618149.7000,5460618.1497,thousand_usd,numeric,,2026-09-08,FDI_Eng_stocks-countries.xlsx,countries-ENG,C49,published
fdi_position,country,group_other,,Other countries,total,country_group,2016,position_end_of_year,6306455370.2999987000,6306455.3702999987,thousand_usd,numeric,,2026-09-08,FDI_Eng_stocks-countries.xlsx,countries-ENG,W49,published
fdi_position,country,group_other,,Other countries,total,country_group,2017,position_end_of_year,7888509850.0000015000,7888509.8500000015,thousand_usd,numeric,,2026-09-08,FDI_Eng_stocks-countries.xlsx,countries-ENG,AQ49,published
fdi_position,country,group_other,,Other countries,total,country_group,2018,position_end_of_year,7788176717.4999993000,7788176.7174999993,thousand_usd,numeric,,2026-09-08,FDI_Eng_stocks-countries.xlsx,countries-ENG,BK49,published
fdi_position,country,group_other,,Other countries,total,country_group,2019,position_end_of_year,8271754732.5999998000,8271754.7325999998,thousand_usd,numeric,,2026-09-08,FDI_Eng_stocks-countries.xlsx,countries-ENG,CE49,published
fdi_position,country,group_other,,Other countries,total,country_group,2020,position_end_of_year,7919942329.2000014000,7919942.3292000014,thousand_usd,numeric,,2026-09-08,FDI_Eng_stocks-countries.xlsx,countries-ENG,CY49,published
fdi_position,country,group_other,,Other countries,total,country_group,2021,position_end_of_year,8454270149.9999985000,8454270.1499999985,thousand_usd,numeric,,2026-09-08,FDI_Eng_stocks-countries.xlsx,countries-ENG,DS49,published
fdi_position,country,group_other,,Other countries,total,country_group,2022,position_end_of_year,10339358571.600001000,10339358.571600001,thousand_usd,numeric,,2026-09-08,FDI_Eng_stocks-countries.xlsx,countries-ENG,EM49,published
fdi_position,country,group_other,,Other countries,total,country_group,2023,position_end_of_year,11781285288.300002000,11781285.288300002,thousand_usd,numeric,,2026-09-08,FDI_Eng_stocks-countries.xlsx,countries-ENG,FG49,published
fdi_position,country,group_other,,Other countries,total,country_group,2024,position_end_of_year,12070356023.400001000,12070356.023400001,thousand_usd,numeric,,2026-09-08,FDI_Eng_stocks-countries.xlsx,countries-ENG,GA49,published
fdi_position,country,group_other,,Other countries,total,country_group,2025,position_end_of_year,13765809927.400004000,13765809.927400004,thousand_usd,numeric,,2026-09-08,FDI_Eng_stocks-countries.xlsx,countries-ENG,GU49,published
fdi_position,country,international_organizations,,International Organizations,total,unallocated,2015,position_end_of_year,331689827.29999995000,331689.82729999995,thousand_usd,numeric,,2026-09-08,FDI_Eng_stocks-countries.xlsx,countries-ENG,C89,published
fdi_position,country,international_organizations,,International Organizations,total,unallocated,2016,position_end_of_year,244033974.79999997000,244033.97479999997,thousand_usd,numeric,,2026-09-08,FDI_Eng_stocks-countries.xlsx,countries-ENG,W89,published
fdi_position,country,international_organizations,,International Organizations,total,unallocated,2017,position_end_of_year,248374554.40000002000,248374.55440000002,thousand_usd,numeric,,2026-09-08,FDI_Eng_stocks-countries.xlsx,countries-ENG,AQ89,published
fdi_position,country,international_organizations,,International Organizations,total,unallocated,2018,position_end_of_year,247299215.90000004000,247299.21590000004,thousand_usd,numeric,,2026-09-08,FDI_Eng_stocks-countries.xlsx,countries-ENG,BK89,published
fdi_position,country,international_organizations,,International Organizations,total,unallocated,2019,position_end_of_year,249385122.89999999000,249385.12289999999,thousand_usd,numeric,,2026-09-08,FDI_Eng_stocks-countries.xlsx,countries-ENG,CE89,published
fdi_position,country,international_organizations,,International Organizations,total,unallocated,2020,position_end_of_year,167367202.69999999000,167367.20269999999,thousand_usd,numeric,,2026-09-08,FDI_Eng_stocks-countries.xlsx,countries-ENG,CY89,published
fdi_position,country,international_organizations,,International Organizations,total,unallocated,2021,position_end_of_year,175814252.89999999000,175814.25289999999,thousand_usd,numeric,,2026-09-08,FDI_Eng_stocks-countries.xlsx,countries-ENG,DS89,published
fdi_position,country,international_organizations,,International Organizations,total,unallocated,2022,position_end_of_year,190578912.4000,190578.9124,thousand_usd,numeric,,2026-09-08,FDI_Eng_stocks-countries.xlsx,countries-ENG,EM89,published
fdi_position,country,international_organizations,,International Organizations,total,unallocated,2023,position_end_of_year,115284055.00000001000,115284.05500000001,thousand_usd,numeric,,2026-09-08,FDI_Eng_stocks-countries.xlsx,countries-ENG,FG89,published
fdi_position,country,international_organizations,,International Organizations,total,unallocated,2024,position_end_of_year,116831156.000,116831.156,thousand_usd,numeric,,2026-09-08,FDI_Eng_stocks-countries.xlsx,countries-ENG,GA89,published
fdi_position,country,international_organizations,,International Organizations,total,unallocated,2025,position_end_of_year,125237223.20000001000,125237.22320000001,thousand_usd,numeric,,2026-09-08,FDI_Eng_stocks-countries.xlsx,countries-ENG,GU89,published
fdi_position,country,m49_031,031,Azerbaijan,group_cis,country,2015,position_end_of_year,2733411695.1000001000,2733411.6951000001,thousand_usd,numeric,,2026-09-08,FDI_Eng_stocks-countries.xlsx,countries-ENG,C38,published
fdi_position,country,m49_031,031,Azerbaijan,group_cis,country,2016,position_end_of_year,3293263315.3999983000,3293263.3153999983,thousand_usd,numeric,,2026-09-08,FDI_Eng_stocks-countries.xlsx,countries-ENG,W38,published
fdi_position,country,m49_031,031,Azerbaijan,group_cis,country,2017,position_end_of_year,3760007632.2999983000,3760007.6322999983,thousand_usd,numeric,,2026-09-08,FDI_Eng_stocks-countries.xlsx,countries-ENG,AQ38,published
fdi_position,country,m49_031,031,Azerbaijan,group_cis,country,2018,position_end_of_year,4003420240.4999989000,4003420.2404999989,thousand_usd,numeric,,2026-09-08,FDI_Eng_stocks-countries.xlsx,countries-ENG,BK38,published
fdi_position,country,m49_031,031,Azerbaijan,group_cis,country,2019,position_end_of_year,4036150240.1000024000,4036150.2401000024,thousand_usd,numeric,,2026-09-08,FDI_Eng_stocks-countries.xlsx,countries-ENG,CE38,published
fdi_position,country,m49_031,031,Azerbaijan,group_cis,country,2020,position_end_of_year,4007831323.3999955000,4007831.3233999955,thousand_usd,numeric,,2026-09-08,FDI_Eng_stocks-countries.xlsx,countries-ENG,CY38,published
fdi_position,country,m49_031,031,Azerbaijan,group_cis,country,2021,position_end_of_year,3968767888.3999991000,3968767.8883999991,thousand_usd,numeric,,2026-09-08,FDI_Eng_stocks-countries.xlsx,countries-ENG,DS38,published
fdi_position,country,m49_031,031,Azerbaijan,group_cis,country,2022,position_end_of_year,3987334723.1999994000,3987334.7231999994,thousand_usd,numeric,,2026-09-08,FDI_Eng_stocks-countries.xlsx,countries-ENG,EM38,published
fdi_position,country,m49_031,031,Azerbaijan,group_cis,country,2023,position_end_of_year,4946526970.9000001000,4946526.9709000001,thousand_usd,numeric,,2026-09-08,FDI_Eng_stocks-countries.xlsx,countries-ENG,FG38,published
fdi_position,country,m49_031,031,Azerbaijan,group_cis,country,2024,position_end_of_year,5013676609.7999979000,5013676.6097999979,thousand_usd,numeric,,2026-09-08,FDI_Eng_stocks-countries.xlsx,countries-ENG,GA38,published
fdi_position,country,m49_031,031,Azerbaijan,group_cis,country,2025,position_end_of_year,5267980741.6000003000,5267980.7416000003,thousand_usd,numeric,,2026-09-08,FDI_Eng_stocks-countries.xlsx,countries-ENG,GU38,published
fdi_position,country,m49_032,032,Argentina,group_other,country,2015,position_end_of_year,129627.99999999999000,129.62799999999999,thousand_usd,numeric,,2026-09-08,FDI_Eng_stocks-countries.xlsx,countries-ENG,C50,published
fdi_position,country,m49_032,032,Argentina,group_other,country,2016,position_end_of_year,117273.6000,117.2736,thousand_usd,numeric,,2026-09-08,FDI_Eng_stocks-countries.xlsx,countries-ENG,W50,published
fdi_position,country,m49_032,032,Argentina,group_other,country,2017,position_end_of_year,189000.70000000002000,189.00070000000002,thousand_usd,numeric,,2026-09-08,FDI_Eng_stocks-countries.xlsx,countries-ENG,AQ50,published
fdi_position,country,m49_032,032,Argentina,group_other,country,2018,position_end_of_year,85915.000000000006000,85.915000000000006,thousand_usd,numeric,,2026-09-08,FDI_Eng_stocks-countries.xlsx,countries-ENG,BK50,published
fdi_position,country,m49_032,032,Argentina,group_other,country,2019,position_end_of_year,85915.000000000006000,85.915000000000006,thousand_usd,numeric,,2026-09-08,FDI_Eng_stocks-countries.xlsx,countries-ENG,CE50,published
fdi_position,country,m49_032,032,Argentina,group_other,country,2020,position_end_of_year,96455.700000000022000,96.455700000000022,thousand_usd,numeric,,2026-09-08,FDI_Eng_stocks-countries.xlsx,countries-ENG,CY50,published
fdi_position,country,m49_032,032,Argentina,group_other,country,2021,position_end_of_year,96474.500000000006000,96.474500000000006,thousand_usd,numeric,,2026-09-08,FDI_Eng_stocks-countries.xlsx,countries-ENG,DS50,published
fdi_position,country,m49_032,032,Argentina,group_other,country,2022,position_end_of_year,112884.59999999999000,112.88459999999999,thousand_usd,numeric,,2026-09-08,FDI_Eng_stocks-countries.xlsx,countries-ENG,EM50,published
fdi_position,country,m49_032,032,Argentina,group_other,country,2023,position_end_of_year,115320.99999999998000,115.32099999999998,thousand_usd,numeric,,2026-09-08,FDI_Eng_stocks-countries.xlsx,countries-ENG,FG50,published
fdi_position,country,m49_032,032,Argentina,group_other,country,2024,position_end_of_year,278744.49999999996000,278.74449999999996,thousand_usd,numeric,,2026-09-08,FDI_Eng_stocks-countries.xlsx,countries-ENG,GA50,published
fdi_position,country,m49_032,032,Argentina,group_other,country,2025,position_end_of_year,472609.50000000003000,472.60950000000003,thousand_usd,numeric,,2026-09-08,FDI_Eng_stocks-countries.xlsx,countries-ENG,GU50,published
fdi_position,country,m49_036,036,Australia,group_other,country,2015,position_end_of_year,5084635.400000001000,5084.635400000001,thousand_usd,numeric,,2026-09-08,FDI_Eng_stocks-countries.xlsx,countries-ENG,C51,published
fdi_position,country,m49_036,036,Australia,group_other,country,2016,position_end_of_year,8694735.200000001000,8694.735200000001,thousand_usd,numeric,,2026-09-08,FDI_Eng_stocks-countries.xlsx,countries-ENG,W51,published
fdi_position,country,m49_036,036,Australia,group_other,country,2017,position_end_of_year,16604248.7000,16604.2487,thousand_usd,numeric,,2026-09-08,FDI_Eng_stocks-countries.xlsx,countries-ENG,AQ51,published
fdi_position,country,m49_036,036,Australia,group_other,country,2018,position_end_of_year,14943979.9000,14943.9799,thousand_usd,numeric,,2026-09-08,FDI_Eng_stocks-countries.xlsx,countries-ENG,BK51,published
fdi_position,country,m49_036,036,Australia,group_other,country,2019,position_end_of_year,17356352.499999997000,17356.352499999997,thousand_usd,numeric,,2026-09-08,FDI_Eng_stocks-countries.xlsx,countries-ENG,CE51,published
fdi_position,country,m49_036,036,Australia,group_other,country,2020,position_end_of_year,18228364.700000006000,18228.364700000006,thousand_usd,numeric,,2026-09-08,FDI_Eng_stocks-countries.xlsx,countries-ENG,CY51,published
fdi_position,country,m49_036,036,Australia,group_other,country,2021,position_end_of_year,18736248.500000002000,18736.248500000002,thousand_usd,numeric,,2026-09-08,FDI_Eng_stocks-countries.xlsx,countries-ENG,DS51,published
fdi_position,country,m49_036,036,Australia,group_other,country,2022,position_end_of_year,21768918.700000002000,21768.918700000002,thousand_usd,numeric,,2026-09-08,FDI_Eng_stocks-countries.xlsx,countries-ENG,EM51,published
fdi_position,country,m49_036,036,Australia,group_other,country,2023,position_end_of_year,23722932.199999999000,23722.932199999999,thousand_usd,numeric,,2026-09-08,FDI_Eng_stocks-countries.xlsx,countries-ENG,FG51,published
fdi_position,country,m49_036,036,Australia,group_other,country,2024,position_end_of_year,25393453.799999999000,25393.453799999999,thousand_usd,numeric,,2026-09-08,FDI_Eng_stocks-countries.xlsx,countries-ENG,GA51,published
fdi_position,country,m49_036,036,Australia,group_other,country,2025,position_end_of_year,26033157.500000001000,26033.157500000001,thousand_usd,numeric,,2026-09-08,FDI_Eng_stocks-countries.xlsx,countries-ENG,GU51,published
fdi_position,country,m49_040,040,Austria,group_eu27,country,2015,position_end_of_year,154693361.69999998000,154693.36169999998,thousand_usd,numeric,,2026-09-08,FDI_Eng_stocks-countries.xlsx,countries-ENG,C9,published
fdi_position,country,m49_040,040,Austria,group_eu27,country,2016,position_end_of_year,172112042.40000003000,172112.04240000003,thousand_usd,numeric,,2026-09-08,FDI_Eng_stocks-countries.xlsx,countries-ENG,W9,published
fdi_position,country,m49_040,040,Austria,group_eu27,country,2017,position_end_of_year,182951864.70000006000,182951.86470000006,thousand_usd,numeric,,2026-09-08,FDI_Eng_stocks-countries.xlsx,countries-ENG,AQ9,published
fdi_position,country,m49_040,040,Austria,group_eu27,country,2018,position_end_of_year,192282791.80000004000,192282.79180000004,thousand_usd,numeric,,2026-09-08,FDI_Eng_stocks-countries.xlsx,countries-ENG,BK9,published
fdi_position,country,m49_040,040,Austria,group_eu27,country,2019,position_end_of_year,202816589.60000001000,202816.58960000001,thousand_usd,numeric,,2026-09-08,FDI_Eng_stocks-countries.xlsx,countries-ENG,CE9,published
fdi_position,country,m49_040,040,Austria,group_eu27,country,2020,position_end_of_year,186839274.59999998000,186839.27459999998,thousand_usd,numeric,,2026-09-08,FDI_Eng_stocks-countries.xlsx,countries-ENG,CY9,published
fdi_position,country,m49_040,040,Austria,group_eu27,country,2021,position_end_of_year,180545669.29999995000,180545.66929999995,thousand_usd,numeric,,2026-09-08,FDI_Eng_stocks-countries.xlsx,countries-ENG,DS9,published
fdi_position,country,m49_040,040,Austria,group_eu27,country,2022,position_end_of_year,211660619.89999999000,211660.61989999999,thousand_usd,numeric,,2026-09-08,FDI_Eng_stocks-countries.xlsx,countries-ENG,EM9,published
fdi_position,country,m49_040,040,Austria,group_eu27,country,2023,position_end_of_year,245799855.79999999000,245799.85579999999,thousand_usd,numeric,,2026-09-08,FDI_Eng_stocks-countries.xlsx,countries-ENG,FG9,published
fdi_position,country,m49_040,040,Austria,group_eu27,country,2024,position_end_of_year,331567409.90000009000,331567.40990000009,thousand_usd,numeric,,2026-09-08,FDI_Eng_stocks-countries.xlsx,countries-ENG,GA9,published
fdi_position,country,m49_040,040,Austria,group_eu27,country,2025,position_end_of_year,366664068.29999998000,366664.06829999998,thousand_usd,numeric,,2026-09-08,FDI_Eng_stocks-countries.xlsx,countries-ENG,GU9,published
fdi_position,country,m49_044,044,Bahamas,group_other,country,2015,position_end_of_year,118124.000,118.124,thousand_usd,numeric,,2026-09-08,FDI_Eng_stocks-countries.xlsx,countries-ENG,C52,published
fdi_position,country,m49_044,044,Bahamas,group_other,country,2016,position_end_of_year,125769.00000000001000,125.76900000000001,thousand_usd,numeric,,2026-09-08,FDI_Eng_stocks-countries.xlsx,countries-ENG,W52,published
fdi_position,country,m49_044,044,Bahamas,group_other,country,2017,position_end_of_year,205737.3000,205.7373,thousand_usd,numeric,,2026-09-08,FDI_Eng_stocks-countries.xlsx,countries-ENG,AQ52,published
fdi_position,country,m49_044,044,Bahamas,group_other,country,2018,position_end_of_year,434545.10000000005000,434.54510000000005,thousand_usd,numeric,,2026-09-08,FDI_Eng_stocks-countries.xlsx,countries-ENG,BK52,published
fdi_position,country,m49_044,044,Bahamas,group_other,country,2019,position_end_of_year,-2449246.5000000002000,-2449.2465000000002,thousand_usd,numeric,,2026-09-08,FDI_Eng_stocks-countries.xlsx,countries-ENG,CE52,published
fdi_position,country,m49_044,044,Bahamas,group_other,country,2020,position_end_of_year,-5299503.9000000006000,-5299.5039000000006,thousand_usd,numeric,,2026-09-08,FDI_Eng_stocks-countries.xlsx,countries-ENG,CY52,published
fdi_position,country,m49_044,044,Bahamas,group_other,country,2021,position_end_of_year,-5965532.2999999999000,-5965.5322999999999,thousand_usd,numeric,,2026-09-08,FDI_Eng_stocks-countries.xlsx,countries-ENG,DS52,published
fdi_position,country,m49_044,044,Bahamas,group_other,country,2022,position_end_of_year,-5166193.5999999996000,-5166.1935999999996,thousand_usd,numeric,,2026-09-08,FDI_Eng_stocks-countries.xlsx,countries-ENG,EM52,published
fdi_position,country,m49_044,044,Bahamas,group_other,country,2023,position_end_of_year,-4699657.6000000005000,-4699.6576000000005,thousand_usd,numeric,,2026-09-08,FDI_Eng_stocks-countries.xlsx,countries-ENG,FG52,published
fdi_position,country,m49_044,044,Bahamas,group_other,country,2024,position_end_of_year,-3584291.5000000003000,-3584.2915000000003,thousand_usd,numeric,,2026-09-08,FDI_Eng_stocks-countries.xlsx,countries-ENG,GA52,published
fdi_position,country,m49_044,044,Bahamas,group_other,country,2025,position_end_of_year,-4493725.7999999993000,-4493.7257999999993,thousand_usd,numeric,,2026-09-08,FDI_Eng_stocks-countries.xlsx,countries-ENG,GU52,published
fdi_position,country,m49_051,051,Armenia,group_cis,country,2015,position_end_of_year,47082263.500000015000,47082.263500000015,thousand_usd,numeric,,2026-09-08,FDI_Eng_stocks-countries.xlsx,countries-ENG,C39,published
fdi_position,country,m49_051,051,Armenia,group_cis,country,2016,position_end_of_year,47190184.600000001000,47190.184600000001,thousand_usd,numeric,,2026-09-08,FDI_Eng_stocks-countries.xlsx,countries-ENG,W39,published
fdi_position,country,m49_051,051,Armenia,group_cis,country,2017,position_end_of_year,54135679.399999986000,54135.679399999986,thousand_usd,numeric,,2026-09-08,FDI_Eng_stocks-countries.xlsx,countries-ENG,AQ39,published
fdi_position,country,m49_051,051,Armenia,group_cis,country,2018,position_end_of_year,60254482.60000001000,60254.48260000001,thousand_usd,numeric,,2026-09-08,FDI_Eng_stocks-countries.xlsx,countries-ENG,BK39,published
fdi_position,country,m49_051,051,Armenia,group_cis,country,2019,position_end_of_year,64980202.400000016000,64980.202400000016,thousand_usd,numeric,,2026-09-08,FDI_Eng_stocks-countries.xlsx,countries-ENG,CE39,published
fdi_position,country,m49_051,051,Armenia,group_cis,country,2020,position_end_of_year,65093363.09999998000,65093.36309999998,thousand_usd,numeric,,2026-09-08,FDI_Eng_stocks-countries.xlsx,countries-ENG,CY39,published
fdi_position,country,m49_051,051,Armenia,group_cis,country,2021,position_end_of_year,77378710.599999991000,77378.710599999991,thousand_usd,numeric,,2026-09-08,FDI_Eng_stocks-countries.xlsx,countries-ENG,DS39,published
fdi_position,country,m49_051,051,Armenia,group_cis,country,2022,position_end_of_year,102211019.99999999000,102211.01999999999,thousand_usd,numeric,,2026-09-08,FDI_Eng_stocks-countries.xlsx,countries-ENG,EM39,published
fdi_position,country,m49_051,051,Armenia,group_cis,country,2023,position_end_of_year,119586413.69999999000,119586.41369999999,thousand_usd,numeric,,2026-09-08,FDI_Eng_stocks-countries.xlsx,countries-ENG,FG39,published
fdi_position,country,m49_051,051,Armenia,group_cis,country,2024,position_end_of_year,139189804.39999996000,139189.80439999996,thousand_usd,numeric,,2026-09-08,FDI_Eng_stocks-countries.xlsx,countries-ENG,GA39,published
fdi_position,country,m49_051,051,Armenia,group_cis,country,2025,position_end_of_year,193240384.8000,193240.3848,thousand_usd,numeric,,2026-09-08,FDI_Eng_stocks-countries.xlsx,countries-ENG,GU39,published
fdi_position,country,m49_056,056,Belgium,group_eu27,country,2015,position_end_of_year,1607653.1000000002000,1607.6531000000002,thousand_usd,numeric,,2026-09-08,FDI_Eng_stocks-countries.xlsx,countries-ENG,C10,published
fdi_position,country,m49_056,056,Belgium,group_eu27,country,2016,position_end_of_year,24403916.499999999000,24403.916499999999,thousand_usd,numeric,,2026-09-08,FDI_Eng_stocks-countries.xlsx,countries-ENG,W10,published
fdi_position,country,m49_056,056,Belgium,group_eu27,country,2017,position_end_of_year,29254785.099999997000,29254.785099999997,thousand_usd,numeric,,2026-09-08,FDI_Eng_stocks-countries.xlsx,countries-ENG,AQ10,published
fdi_position,country,m49_056,056,Belgium,group_eu27,country,2018,position_end_of_year,32295934.400000009000,32295.934400000009,thousand_usd,numeric,,2026-09-08,FDI_Eng_stocks-countries.xlsx,countries-ENG,BK10,published
fdi_position,country,m49_056,056,Belgium,group_eu27,country,2019,position_end_of_year,33012268.900000003000,33012.268900000003,thousand_usd,numeric,,2026-09-08,FDI_Eng_stocks-countries.xlsx,countries-ENG,CE10,published
fdi_position,country,m49_056,056,Belgium,group_eu27,country,2020,position_end_of_year,40372547.500000001000,40372.547500000001,thousand_usd,numeric,,2026-09-08,FDI_Eng_stocks-countries.xlsx,countries-ENG,CY10,published
fdi_position,country,m49_056,056,Belgium,group_eu27,country,2021,position_end_of_year,49714226.300000009000,49714.226300000009,thousand_usd,numeric,,2026-09-08,FDI_Eng_stocks-countries.xlsx,countries-ENG,DS10,published
fdi_position,country,m49_056,056,Belgium,group_eu27,country,2022,position_end_of_year,59741671.899999994000,59741.671899999994,thousand_usd,numeric,,2026-09-08,FDI_Eng_stocks-countries.xlsx,countries-ENG,EM10,published
fdi_position,country,m49_056,056,Belgium,group_eu27,country,2023,position_end_of_year,63449917.9000,63449.9179,thousand_usd,numeric,,2026-09-08,FDI_Eng_stocks-countries.xlsx,countries-ENG,FG10,published
fdi_position,country,m49_056,056,Belgium,group_eu27,country,2024,position_end_of_year,68896263.000000006000,68896.263000000006,thousand_usd,numeric,,2026-09-08,FDI_Eng_stocks-countries.xlsx,countries-ENG,GA10,published
fdi_position,country,m49_056,056,Belgium,group_eu27,country,2025,position_end_of_year,74315154.89999998000,74315.15489999998,thousand_usd,numeric,,2026-09-08,FDI_Eng_stocks-countries.xlsx,countries-ENG,GU10,published
fdi_position,country,m49_084,084,Belize,group_other,country,2015,position_end_of_year,151559867.000,151559.867,thousand_usd,numeric,,2026-09-08,FDI_Eng_stocks-countries.xlsx,countries-ENG,C53,published
fdi_position,country,m49_084,084,Belize,group_other,country,2016,position_end_of_year,144709673.89999999000,144709.67389999999,thousand_usd,numeric,,2026-09-08,FDI_Eng_stocks-countries.xlsx,countries-ENG,W53,published
fdi_position,country,m49_084,084,Belize,group_other,country,2017,position_end_of_year,143439897.10000003000,143439.89710000003,thousand_usd,numeric,,2026-09-08,FDI_Eng_stocks-countries.xlsx,countries-ENG,AQ53,published
fdi_position,country,m49_084,084,Belize,group_other,country,2018,position_end_of_year,142365232.2000,142365.2322,thousand_usd,numeric,,2026-09-08,FDI_Eng_stocks-countries.xlsx,countries-ENG,BK53,published
fdi_position,country,m49_084,084,Belize,group_other,country,2019,position_end_of_year,122645130.00,122645.13,thousand_usd,numeric,,2026-09-08,FDI_Eng_stocks-countries.xlsx,countries-ENG,CE53,published
fdi_position,country,m49_084,084,Belize,group_other,country,2020,position_end_of_year,97123250.39999999000,97123.25039999999,thousand_usd,numeric,,2026-09-08,FDI_Eng_stocks-countries.xlsx,countries-ENG,CY53,published
fdi_position,country,m49_084,084,Belize,group_other,country,2021,position_end_of_year,59422323.100000009000,59422.323100000009,thousand_usd,numeric,,2026-09-08,FDI_Eng_stocks-countries.xlsx,countries-ENG,DS53,published
fdi_position,country,m49_084,084,Belize,group_other,country,2022,position_end_of_year,75192353.199999998000,75192.353199999998,thousand_usd,numeric,,2026-09-08,FDI_Eng_stocks-countries.xlsx,countries-ENG,EM53,published
fdi_position,country,m49_084,084,Belize,group_other,country,2023,position_end_of_year,78242286.600000007000,78242.286600000007,thousand_usd,numeric,,2026-09-08,FDI_Eng_stocks-countries.xlsx,countries-ENG,FG53,published
fdi_position,country,m49_084,084,Belize,group_other,country,2024,position_end_of_year,89147861.799999999000,89147.861799999999,thousand_usd,numeric,,2026-09-08,FDI_Eng_stocks-countries.xlsx,countries-ENG,GA53,published
fdi_position,country,m49_084,084,Belize,group_other,country,2025,position_end_of_year,40505263.900000005000,40505.263900000005,thousand_usd,numeric,,2026-09-08,FDI_Eng_stocks-countries.xlsx,countries-ENG,GU53,published
fdi_position,country,m49_092,092,"Virgin Islands, British",group_other,country,2015,position_end_of_year,431048835.19999968000,431048.83519999968,thousand_usd,numeric,,2026-09-08,FDI_Eng_stocks-countries.xlsx,countries-ENG,C54,published
fdi_position,country,m49_092,092,"Virgin Islands, British",group_other,country,2016,position_end_of_year,475959848.09999994000,475959.84809999994,thousand_usd,numeric,,2026-09-08,FDI_Eng_stocks-countries.xlsx,countries-ENG,W54,published
fdi_position,country,m49_092,092,"Virgin Islands, British",group_other,country,2017,position_end_of_year,479936535.90000019000,479936.53590000019,thousand_usd,numeric,,2026-09-08,FDI_Eng_stocks-countries.xlsx,countries-ENG,AQ54,published
fdi_position,country,m49_092,092,"Virgin Islands, British",group_other,country,2018,position_end_of_year,432111221.79999988000,432111.22179999988,thousand_usd,numeric,,2026-09-08,FDI_Eng_stocks-countries.xlsx,countries-ENG,BK54,published
fdi_position,country,m49_092,092,"Virgin Islands, British",group_other,country,2019,position_end_of_year,306460359.89999998000,306460.35989999998,thousand_usd,numeric,,2026-09-08,FDI_Eng_stocks-countries.xlsx,countries-ENG,CE54,published
fdi_position,country,m49_092,092,"Virgin Islands, British",group_other,country,2020,position_end_of_year,214073433.00000014000,214073.43300000014,thousand_usd,numeric,,2026-09-08,FDI_Eng_stocks-countries.xlsx,countries-ENG,CY54,published
fdi_position,country,m49_092,092,"Virgin Islands, British",group_other,country,2021,position_end_of_year,135490494.29999999000,135490.49429999999,thousand_usd,numeric,,2026-09-08,FDI_Eng_stocks-countries.xlsx,countries-ENG,DS54,published
fdi_position,country,m49_092,092,"Virgin Islands, British",group_other,country,2022,position_end_of_year,567909623.20000015000,567909.62320000015,thousand_usd,numeric,,2026-09-08,FDI_Eng_stocks-countries.xlsx,countries-ENG,EM54,published
fdi_position,country,m49_092,092,"Virgin Islands, British",group_other,country,2023,position_end_of_year,571162178.19999997000,571162.17819999997,thousand_usd,numeric,,2026-09-08,FDI_Eng_stocks-countries.xlsx,countries-ENG,FG54,published
fdi_position,country,m49_092,092,"Virgin Islands, British",group_other,country,2024,position_end_of_year,555390999.49999992000,555390.99949999992,thousand_usd,numeric,,2026-09-08,FDI_Eng_stocks-countries.xlsx,countries-ENG,GA54,published
fdi_position,country,m49_092,092,"Virgin Islands, British",group_other,country,2025,position_end_of_year,586453665.80000019000,586453.66580000019,thousand_usd,numeric,,2026-09-08,FDI_Eng_stocks-countries.xlsx,countries-ENG,GU54,published
fdi_position,country,m49_100,100,Bulgaria,group_eu27,country,2015,position_end_of_year,20424511.500000001000,20424.511500000001,thousand_usd,numeric,,2026-09-08,FDI_Eng_stocks-countries.xlsx,countries-ENG,C11,published
fdi_position,country,m49_100,100,Bulgaria,group_eu27,country,2016,position_end_of_year,21039287.199999999000,21039.287199999999,thousand_usd,numeric,,2026-09-08,FDI_Eng_stocks-countries.xlsx,countries-ENG,W11,published
fdi_position,country,m49_100,100,Bulgaria,group_eu27,country,2017,position_end_of_year,26169813.599999994000,26169.813599999994,thousand_usd,numeric,,2026-09-08,FDI_Eng_stocks-countries.xlsx,countries-ENG,AQ11,published
fdi_position,country,m49_100,100,Bulgaria,group_eu27,country,2018,position_end_of_year,33253743.400000007000,33253.743400000007,thousand_usd,numeric,,2026-09-08,FDI_Eng_stocks-countries.xlsx,countries-ENG,BK11,published
fdi_position,country,m49_100,100,Bulgaria,group_eu27,country,2019,position_end_of_year,37245929.900000003000,37245.929900000003,thousand_usd,numeric,,2026-09-08,FDI_Eng_stocks-countries.xlsx,countries-ENG,CE11,published
fdi_position,country,m49_100,100,Bulgaria,group_eu27,country,2020,position_end_of_year,33030420.599999998000,33030.420599999998,thousand_usd,numeric,,2026-09-08,FDI_Eng_stocks-countries.xlsx,countries-ENG,CY11,published
fdi_position,country,m49_100,100,Bulgaria,group_eu27,country,2021,position_end_of_year,34204848.599999998000,34204.848599999998,thousand_usd,numeric,,2026-09-08,FDI_Eng_stocks-countries.xlsx,countries-ENG,DS11,published
fdi_position,country,m49_100,100,Bulgaria,group_eu27,country,2022,position_end_of_year,40388802.000000011000,40388.802000000011,thousand_usd,numeric,,2026-09-08,FDI_Eng_stocks-countries.xlsx,countries-ENG,EM11,published
fdi_position,country,m49_100,100,Bulgaria,group_eu27,country,2023,position_end_of_year,62070814.800000007000,62070.814800000007,thousand_usd,numeric,,2026-09-08,FDI_Eng_stocks-countries.xlsx,countries-ENG,FG11,published
fdi_position,country,m49_100,100,Bulgaria,group_eu27,country,2024,position_end_of_year,53576246.700000011000,53576.246700000011,thousand_usd,numeric,,2026-09-08,FDI_Eng_stocks-countries.xlsx,countries-ENG,GA11,published
fdi_position,country,m49_100,100,Bulgaria,group_eu27,country,2025,position_end_of_year,64256755.100000002000,64256.755100000002,thousand_usd,numeric,,2026-09-08,FDI_Eng_stocks-countries.xlsx,countries-ENG,GU11,published
fdi_position,country,m49_112,112,Belarus,group_cis,country,2015,position_end_of_year,3304456.5000000007000,3304.4565000000007,thousand_usd,numeric,,2026-09-08,FDI_Eng_stocks-countries.xlsx,countries-ENG,C40,published
fdi_position,country,m49_112,112,Belarus,group_cis,country,2016,position_end_of_year,3239096.0999999998000,3239.0960999999998,thousand_usd,numeric,,2026-09-08,FDI_Eng_stocks-countries.xlsx,countries-ENG,W40,published
fdi_position,country,m49_112,112,Belarus,group_cis,country,2017,position_end_of_year,3765425.3999999987000,3765.4253999999987,thousand_usd,numeric,,2026-09-08,FDI_Eng_stocks-countries.xlsx,countries-ENG,AQ40,published
fdi_position,country,m49_112,112,Belarus,group_cis,country,2018,position_end_of_year,3834770.1000000002000,3834.7701000000002,thousand_usd,numeric,,2026-09-08,FDI_Eng_stocks-countries.xlsx,countries-ENG,BK40,published
fdi_position,country,m49_112,112,Belarus,group_cis,country,2019,position_end_of_year,3812817.2999999992000,3812.8172999999992,thousand_usd,numeric,,2026-09-08,FDI_Eng_stocks-countries.xlsx,countries-ENG,CE40,published
fdi_position,country,m49_112,112,Belarus,group_cis,country,2020,position_end_of_year,7515597.8999999998000,7515.5978999999998,thousand_usd,numeric,,2026-09-08,FDI_Eng_stocks-countries.xlsx,countries-ENG,CY40,published
fdi_position,country,m49_112,112,Belarus,group_cis,country,2021,position_end_of_year,9055292.5000000014000,9055.2925000000014,thousand_usd,numeric,,2026-09-08,FDI_Eng_stocks-countries.xlsx,countries-ENG,DS40,published
fdi_position,country,m49_112,112,Belarus,group_cis,country,2022,position_end_of_year,13731481.800000005000,13731.481800000005,thousand_usd,numeric,,2026-09-08,FDI_Eng_stocks-countries.xlsx,countries-ENG,EM40,published
fdi_position,country,m49_112,112,Belarus,group_cis,country,2023,position_end_of_year,21601940.999999995000,21601.940999999995,thousand_usd,numeric,,2026-09-08,FDI_Eng_stocks-countries.xlsx,countries-ENG,FG40,published
fdi_position,country,m49_112,112,Belarus,group_cis,country,2024,position_end_of_year,26656899.800000007000,26656.899800000007,thousand_usd,numeric,,2026-09-08,FDI_Eng_stocks-countries.xlsx,countries-ENG,GA40,published
fdi_position,country,m49_112,112,Belarus,group_cis,country,2025,position_end_of_year,40949663.900000021000,40949.663900000021,thousand_usd,numeric,,2026-09-08,FDI_Eng_stocks-countries.xlsx,countries-ENG,GU40,published
fdi_position,country,m49_124,124,Canada,group_other,country,2015,position_end_of_year,11942671.400000001000,11942.671400000001,thousand_usd,numeric,,2026-09-08,FDI_Eng_stocks-countries.xlsx,countries-ENG,C55,published
fdi_position,country,m49_124,124,Canada,group_other,country,2016,position_end_of_year,11637536.199999997000,11637.536199999997,thousand_usd,numeric,,2026-09-08,FDI_Eng_stocks-countries.xlsx,countries-ENG,W55,published
fdi_position,country,m49_124,124,Canada,group_other,country,2017,position_end_of_year,11771261.499999999000,11771.261499999999,thousand_usd,numeric,,2026-09-08,FDI_Eng_stocks-countries.xlsx,countries-ENG,AQ55,published
fdi_position,country,m49_124,124,Canada,group_other,country,2018,position_end_of_year,20036990.300000001000,20036.990300000001,thousand_usd,numeric,,2026-09-08,FDI_Eng_stocks-countries.xlsx,countries-ENG,BK55,published
fdi_position,country,m49_124,124,Canada,group_other,country,2019,position_end_of_year,20314019.199999999000,20314.019199999999,thousand_usd,numeric,,2026-09-08,FDI_Eng_stocks-countries.xlsx,countries-ENG,CE55,published
fdi_position,country,m49_124,124,Canada,group_other,country,2020,position_end_of_year,20767139.200000001000,20767.139200000001,thousand_usd,numeric,,2026-09-08,FDI_Eng_stocks-countries.xlsx,countries-ENG,CY55,published
fdi_position,country,m49_124,124,Canada,group_other,country,2021,position_end_of_year,26938452.999999998000,26938.452999999998,thousand_usd,numeric,,2026-09-08,FDI_Eng_stocks-countries.xlsx,countries-ENG,DS55,published
fdi_position,country,m49_124,124,Canada,group_other,country,2022,position_end_of_year,33112898.300000001000,33112.898300000001,thousand_usd,numeric,,2026-09-08,FDI_Eng_stocks-countries.xlsx,countries-ENG,EM55,published
fdi_position,country,m49_124,124,Canada,group_other,country,2023,position_end_of_year,38462390.999999996000,38462.390999999996,thousand_usd,numeric,,2026-09-08,FDI_Eng_stocks-countries.xlsx,countries-ENG,FG55,published
fdi_position,country,m49_124,124,Canada,group_other,country,2024,position_end_of_year,36820743.100000007000,36820.743100000007,thousand_usd,numeric,,2026-09-08,FDI_Eng_stocks-countries.xlsx,countries-ENG,GA55,published
fdi_position,country,m49_124,124,Canada,group_other,country,2025,position_end_of_year,32513826.400000005000,32513.826400000005,thousand_usd,numeric,,2026-09-08,FDI_Eng_stocks-countries.xlsx,countries-ENG,GU55,published
fdi_position,country,m49_136,136,Cayman Islands,group_other,country,2015,position_end_of_year,73141739.9000,73141.7399,thousand_usd,numeric,,2026-09-08,FDI_Eng_stocks-countries.xlsx,countries-ENG,C56,published
fdi_position,country,m49_136,136,Cayman Islands,group_other,country,2016,position_end_of_year,28565259.399999995000,28565.259399999995,thousand_usd,numeric,,2026-09-08,FDI_Eng_stocks-countries.xlsx,countries-ENG,W56,published
fdi_position,country,m49_136,136,Cayman Islands,group_other,country,2017,position_end_of_year,29757604.300000003000,29757.604300000003,thousand_usd,numeric,,2026-09-08,FDI_Eng_stocks-countries.xlsx,countries-ENG,AQ56,published
fdi_position,country,m49_136,136,Cayman Islands,group_other,country,2018,position_end_of_year,27656667.399999998000,27656.667399999998,thousand_usd,numeric,,2026-09-08,FDI_Eng_stocks-countries.xlsx,countries-ENG,BK56,published
fdi_position,country,m49_136,136,Cayman Islands,group_other,country,2019,position_end_of_year,23746241.700000006000,23746.241700000006,thousand_usd,numeric,,2026-09-08,FDI_Eng_stocks-countries.xlsx,countries-ENG,CE56,published
fdi_position,country,m49_136,136,Cayman Islands,group_other,country,2020,position_end_of_year,24792499.000,24792.499,thousand_usd,numeric,,2026-09-08,FDI_Eng_stocks-countries.xlsx,countries-ENG,CY56,published
fdi_position,country,m49_136,136,Cayman Islands,group_other,country,2021,position_end_of_year,26068615.200000004000,26068.615200000004,thousand_usd,numeric,,2026-09-08,FDI_Eng_stocks-countries.xlsx,countries-ENG,DS56,published
fdi_position,country,m49_136,136,Cayman Islands,group_other,country,2022,position_end_of_year,35019985.3000,35019.9853,thousand_usd,numeric,,2026-09-08,FDI_Eng_stocks-countries.xlsx,countries-ENG,EM56,published
fdi_position,country,m49_136,136,Cayman Islands,group_other,country,2023,position_end_of_year,45266620.1000,45266.6201,thousand_usd,numeric,,2026-09-08,FDI_Eng_stocks-countries.xlsx,countries-ENG,FG56,published
fdi_position,country,m49_136,136,Cayman Islands,group_other,country,2024,position_end_of_year,44480368.399999999000,44480.368399999999,thousand_usd,numeric,,2026-09-08,FDI_Eng_stocks-countries.xlsx,countries-ENG,GA56,published
fdi_position,country,m49_136,136,Cayman Islands,group_other,country,2025,position_end_of_year,52320852.399999996000,52320.852399999996,thousand_usd,numeric,,2026-09-08,FDI_Eng_stocks-countries.xlsx,countries-ENG,GU56,published
fdi_position,country,m49_156,156,China,group_other,country,2015,position_end_of_year,589719200.6000001000,589719.2006000001,thousand_usd,numeric,,2026-09-08,FDI_Eng_stocks-countries.xlsx,countries-ENG,C57,published
fdi_position,country,m49_156,156,China,group_other,country,2016,position_end_of_year,602297014.89999983000,602297.01489999983,thousand_usd,numeric,,2026-09-08,FDI_Eng_stocks-countries.xlsx,countries-ENG,W57,published
fdi_position,country,m49_156,156,China,group_other,country,2017,position_end_of_year,622854243.59999981000,622854.24359999981,thousand_usd,numeric,,2026-09-08,FDI_Eng_stocks-countries.xlsx,countries-ENG,AQ57,published
fdi_position,country,m49_156,156,China,group_other,country,2018,position_end_of_year,688793501.19999959000,688793.50119999959,thousand_usd,numeric,,2026-09-08,FDI_Eng_stocks-countries.xlsx,countries-ENG,BK57,published
fdi_position,country,m49_156,156,China,group_other,country,2019,position_end_of_year,719774870.80000003000,719774.87080000003,thousand_usd,numeric,,2026-09-08,FDI_Eng_stocks-countries.xlsx,countries-ENG,CE57,published
fdi_position,country,m49_156,156,China,group_other,country,2020,position_end_of_year,662648025.29999998000,662648.02529999998,thousand_usd,numeric,,2026-09-08,FDI_Eng_stocks-countries.xlsx,countries-ENG,CY57,published
fdi_position,country,m49_156,156,China,group_other,country,2021,position_end_of_year,620074775.70000011000,620074.77570000011,thousand_usd,numeric,,2026-09-08,FDI_Eng_stocks-countries.xlsx,countries-ENG,DS57,published
fdi_position,country,m49_156,156,China,group_other,country,2022,position_end_of_year,674581977.39999997000,674581.97739999997,thousand_usd,numeric,,2026-09-08,FDI_Eng_stocks-countries.xlsx,countries-ENG,EM57,published
fdi_position,country,m49_156,156,China,group_other,country,2023,position_end_of_year,852264552.09999986000,852264.55209999986,thousand_usd,numeric,,2026-09-08,FDI_Eng_stocks-countries.xlsx,countries-ENG,FG57,published
fdi_position,country,m49_156,156,China,group_other,country,2024,position_end_of_year,850166097.0000003000,850166.0970000003,thousand_usd,numeric,,2026-09-08,FDI_Eng_stocks-countries.xlsx,countries-ENG,GA57,published
fdi_position,country,m49_156,156,China,group_other,country,2025,position_end_of_year,819881889.20000021000,819881.88920000021,thousand_usd,numeric,,2026-09-08,FDI_Eng_stocks-countries.xlsx,countries-ENG,GU57,published
fdi_position,country,m49_191,191,Croatia,group_eu27,country,2015,position_end_of_year,,-,thousand_usd,not_applicable,,2026-09-08,FDI_Eng_stocks-countries.xlsx,countries-ENG,C12,published
fdi_position,country,m49_191,191,Croatia,group_eu27,country,2016,position_end_of_year,,-,thousand_usd,not_applicable,,2026-09-08,FDI_Eng_stocks-countries.xlsx,countries-ENG,W12,published
fdi_position,country,m49_191,191,Croatia,group_eu27,country,2017,position_end_of_year,344279.40000000001000,344.27940000000001,thousand_usd,numeric,,2026-09-08,FDI_Eng_stocks-countries.xlsx,countries-ENG,AQ12,published
fdi_position,country,m49_191,191,Croatia,group_eu27,country,2018,position_end_of_year,2234480.00,2234.48,thousand_usd,numeric,,2026-09-08,FDI_Eng_stocks-countries.xlsx,countries-ENG,BK12,published
fdi_position,country,m49_191,191,Croatia,group_eu27,country,2019,position_end_of_year,2889893.3000000002000,2889.8933000000002,thousand_usd,numeric,,2026-09-08,FDI_Eng_stocks-countries.xlsx,countries-ENG,CE12,published
fdi_position,country,m49_191,191,Croatia,group_eu27,country,2020,position_end_of_year,2235564.1999999998000,2235.5641999999998,thousand_usd,numeric,,2026-09-08,FDI_Eng_stocks-countries.xlsx,countries-ENG,CY12,published
fdi_position,country,m49_191,191,Croatia,group_eu27,country,2021,position_end_of_year,2374266.0000000001000,2374.2660000000001,thousand_usd,numeric,,2026-09-08,FDI_Eng_stocks-countries.xlsx,countries-ENG,DS12,published
fdi_position,country,m49_191,191,Croatia,group_eu27,country,2022,position_end_of_year,3210049.6999999996000,3210.0496999999996,thousand_usd,numeric,,2026-09-08,FDI_Eng_stocks-countries.xlsx,countries-ENG,EM12,published
fdi_position,country,m49_191,191,Croatia,group_eu27,country,2023,position_end_of_year,3204872.8000000006000,3204.8728000000006,thousand_usd,numeric,,2026-09-08,FDI_Eng_stocks-countries.xlsx,countries-ENG,FG12,published
fdi_position,country,m49_191,191,Croatia,group_eu27,country,2024,position_end_of_year,3299312.0000000004000,3299.3120000000004,thousand_usd,numeric,,2026-09-08,FDI_Eng_stocks-countries.xlsx,countries-ENG,GA12,published
fdi_position,country,m49_191,191,Croatia,group_eu27,country,2025,position_end_of_year,4415549.6000000003000,4415.5496000000003,thousand_usd,numeric,,2026-09-08,FDI_Eng_stocks-countries.xlsx,countries-ENG,GU12,published
fdi_position,country,m49_196,196,Cyprus,group_eu27,country,2015,position_end_of_year,365399087.29999996000,365399.08729999996,thousand_usd,numeric,,2026-09-08,FDI_Eng_stocks-countries.xlsx,countries-ENG,C13,published
fdi_position,country,m49_196,196,Cyprus,group_eu27,country,2016,position_end_of_year,393863619.60000015000,393863.61960000015,thousand_usd,numeric,,2026-09-08,FDI_Eng_stocks-countries.xlsx,countries-ENG,W13,published
fdi_position,country,m49_196,196,Cyprus,group_eu27,country,2017,position_end_of_year,292956440.40000002000,292956.44040000002,thousand_usd,numeric,,2026-09-08,FDI_Eng_stocks-countries.xlsx,countries-ENG,AQ13,published
fdi_position,country,m49_196,196,Cyprus,group_eu27,country,2018,position_end_of_year,1267239674.7000001000,1267239.6747000001,thousand_usd,numeric,,2026-09-08,FDI_Eng_stocks-countries.xlsx,countries-ENG,BK13,published
fdi_position,country,m49_196,196,Cyprus,group_eu27,country,2019,position_end_of_year,1224753124.4000001000,1224753.1244000001,thousand_usd,numeric,,2026-09-08,FDI_Eng_stocks-countries.xlsx,countries-ENG,CE13,published
fdi_position,country,m49_196,196,Cyprus,group_eu27,country,2020,position_end_of_year,1031967759.8000002000,1031967.7598000002,thousand_usd,numeric,,2026-09-08,FDI_Eng_stocks-countries.xlsx,countries-ENG,CY13,published
fdi_position,country,m49_196,196,Cyprus,group_eu27,country,2021,position_end_of_year,1078220663.7000002000,1078220.6637000002,thousand_usd,numeric,,2026-09-08,FDI_Eng_stocks-countries.xlsx,countries-ENG,DS13,published
fdi_position,country,m49_196,196,Cyprus,group_eu27,country,2022,position_end_of_year,1224696751.6999997000,1224696.7516999997,thousand_usd,numeric,,2026-09-08,FDI_Eng_stocks-countries.xlsx,countries-ENG,EM13,published
fdi_position,country,m49_196,196,Cyprus,group_eu27,country,2023,position_end_of_year,384484806.39999994000,384484.80639999994,thousand_usd,numeric,,2026-09-08,FDI_Eng_stocks-countries.xlsx,countries-ENG,FG13,published
fdi_position,country,m49_196,196,Cyprus,group_eu27,country,2024,position_end_of_year,446971119.79999993000,446971.11979999993,thousand_usd,numeric,,2026-09-08,FDI_Eng_stocks-countries.xlsx,countries-ENG,GA13,published
fdi_position,country,m49_196,196,Cyprus,group_eu27,country,2025,position_end_of_year,511347249.20000043000,511347.24920000043,thousand_usd,numeric,,2026-09-08,FDI_Eng_stocks-countries.xlsx,countries-ENG,GU13,published
fdi_position,country,m49_203,203,Czech Republic,group_eu27,country,2015,position_end_of_year,244489484.7000,244489.4847,thousand_usd,numeric,,2026-09-08,FDI_Eng_stocks-countries.xlsx,countries-ENG,C14,published
fdi_position,country,m49_203,203,Czech Republic,group_eu27,country,2016,position_end_of_year,303925429.20000001000,303925.42920000001,thousand_usd,numeric,,2026-09-08,FDI_Eng_stocks-countries.xlsx,countries-ENG,W14,published
fdi_position,country,m49_203,203,Czech Republic,group_eu27,country,2017,position_end_of_year,431811073.19999998000,431811.07319999998,thousand_usd,numeric,,2026-09-08,FDI_Eng_stocks-countries.xlsx,countries-ENG,AQ14,published
fdi_position,country,m49_203,203,Czech Republic,group_eu27,country,2018,position_end_of_year,494301135.00000001000,494301.13500000001,thousand_usd,numeric,,2026-09-08,FDI_Eng_stocks-countries.xlsx,countries-ENG,BK14,published
fdi_position,country,m49_203,203,Czech Republic,group_eu27,country,2019,position_end_of_year,485010985.90000015000,485010.98590000015,thousand_usd,numeric,,2026-09-08,FDI_Eng_stocks-countries.xlsx,countries-ENG,CE14,published
fdi_position,country,m49_203,203,Czech Republic,group_eu27,country,2020,position_end_of_year,440681624.50000003000,440681.62450000003,thousand_usd,numeric,,2026-09-08,FDI_Eng_stocks-countries.xlsx,countries-ENG,CY14,published
fdi_position,country,m49_203,203,Czech Republic,group_eu27,country,2021,position_end_of_year,540060998.79999994000,540060.99879999994,thousand_usd,numeric,,2026-09-08,FDI_Eng_stocks-countries.xlsx,countries-ENG,DS14,published
fdi_position,country,m49_203,203,Czech Republic,group_eu27,country,2022,position_end_of_year,695817598.20000012000,695817.59820000012,thousand_usd,numeric,,2026-09-08,FDI_Eng_stocks-countries.xlsx,countries-ENG,EM14,published
fdi_position,country,m49_203,203,Czech Republic,group_eu27,country,2023,position_end_of_year,702472056.70000019000,702472.05670000019,thousand_usd,numeric,,2026-09-08,FDI_Eng_stocks-countries.xlsx,countries-ENG,FG14,published
fdi_position,country,m49_203,203,Czech Republic,group_eu27,country,2024,position_end_of_year,-10009398.000000016000,-10009.398000000016,thousand_usd,numeric,,2026-09-08,FDI_Eng_stocks-countries.xlsx,countries-ENG,GA14,published
fdi_position,country,m49_203,203,Czech Republic,group_eu27,country,2025,position_end_of_year,39175489.500000032000,39175.489500000032,thousand_usd,numeric,,2026-09-08,FDI_Eng_stocks-countries.xlsx,countries-ENG,GU14,published
fdi_position,country,m49_208,208,Denmark,group_eu27,country,2015,position_end_of_year,198350617.00000003000,198350.61700000003,thousand_usd,numeric,,2026-09-08,FDI_Eng_stocks-countries.xlsx,countries-ENG,C15,published
fdi_position,country,m49_208,208,Denmark,group_eu27,country,2016,position_end_of_year,181712982.90000006000,181712.98290000006,thousand_usd,numeric,,2026-09-08,FDI_Eng_stocks-countries.xlsx,countries-ENG,W15,published
fdi_position,country,m49_208,208,Denmark,group_eu27,country,2017,position_end_of_year,179697954.59999997000,179697.95459999997,thousand_usd,numeric,,2026-09-08,FDI_Eng_stocks-countries.xlsx,countries-ENG,AQ15,published
fdi_position,country,m49_208,208,Denmark,group_eu27,country,2018,position_end_of_year,190611409.29999997000,190611.40929999997,thousand_usd,numeric,,2026-09-08,FDI_Eng_stocks-countries.xlsx,countries-ENG,BK15,published
fdi_position,country,m49_208,208,Denmark,group_eu27,country,2019,position_end_of_year,185539946.00000003000,185539.94600000003,thousand_usd,numeric,,2026-09-08,FDI_Eng_stocks-countries.xlsx,countries-ENG,CE15,published
fdi_position,country,m49_208,208,Denmark,group_eu27,country,2020,position_end_of_year,199115454.80000001000,199115.45480000001,thousand_usd,numeric,,2026-09-08,FDI_Eng_stocks-countries.xlsx,countries-ENG,CY15,published
fdi_position,country,m49_208,208,Denmark,group_eu27,country,2021,position_end_of_year,204234112.7000,204234.1127,thousand_usd,numeric,,2026-09-08,FDI_Eng_stocks-countries.xlsx,countries-ENG,DS15,published
fdi_position,country,m49_208,208,Denmark,group_eu27,country,2022,position_end_of_year,242309142.79999994000,242309.14279999994,thousand_usd,numeric,,2026-09-08,FDI_Eng_stocks-countries.xlsx,countries-ENG,EM15,published
fdi_position,country,m49_208,208,Denmark,group_eu27,country,2023,position_end_of_year,263459372.90000002000,263459.37290000002,thousand_usd,numeric,,2026-09-08,FDI_Eng_stocks-countries.xlsx,countries-ENG,FG15,published
fdi_position,country,m49_208,208,Denmark,group_eu27,country,2024,position_end_of_year,246755840.80000003000,246755.84080000003,thousand_usd,numeric,,2026-09-08,FDI_Eng_stocks-countries.xlsx,countries-ENG,GA15,published
fdi_position,country,m49_208,208,Denmark,group_eu27,country,2025,position_end_of_year,354518650.39999993000,354518.65039999993,thousand_usd,numeric,,2026-09-08,FDI_Eng_stocks-countries.xlsx,countries-ENG,GU15,published
fdi_position,country,m49_233,233,Estonia,group_eu27,country,2015,position_end_of_year,47047419.199999997000,47047.419199999997,thousand_usd,numeric,,2026-09-08,FDI_Eng_stocks-countries.xlsx,countries-ENG,C16,published
fdi_position,country,m49_233,233,Estonia,group_eu27,country,2016,position_end_of_year,61955625.100000005000,61955.625100000005,thousand_usd,numeric,,2026-09-08,FDI_Eng_stocks-countries.xlsx,countries-ENG,W16,published
fdi_position,country,m49_233,233,Estonia,group_eu27,country,2017,position_end_of_year,78111585.199999987000,78111.585199999987,thousand_usd,numeric,,2026-09-08,FDI_Eng_stocks-countries.xlsx,countries-ENG,AQ16,published
fdi_position,country,m49_233,233,Estonia,group_eu27,country,2018,position_end_of_year,89883503.500000021000,89883.503500000021,thousand_usd,numeric,,2026-09-08,FDI_Eng_stocks-countries.xlsx,countries-ENG,BK16,published
fdi_position,country,m49_233,233,Estonia,group_eu27,country,2019,position_end_of_year,91486551.400000011000,91486.551400000011,thousand_usd,numeric,,2026-09-08,FDI_Eng_stocks-countries.xlsx,countries-ENG,CE16,published
fdi_position,country,m49_233,233,Estonia,group_eu27,country,2020,position_end_of_year,98924538.800000009000,98924.538800000009,thousand_usd,numeric,,2026-09-08,FDI_Eng_stocks-countries.xlsx,countries-ENG,CY16,published
fdi_position,country,m49_233,233,Estonia,group_eu27,country,2021,position_end_of_year,91756436.300000016000,91756.436300000016,thousand_usd,numeric,,2026-09-08,FDI_Eng_stocks-countries.xlsx,countries-ENG,DS16,published
fdi_position,country,m49_233,233,Estonia,group_eu27,country,2022,position_end_of_year,112594141.000,112594.141,thousand_usd,numeric,,2026-09-08,FDI_Eng_stocks-countries.xlsx,countries-ENG,EM16,published
fdi_position,country,m49_233,233,Estonia,group_eu27,country,2023,position_end_of_year,134734240.9000,134734.2409,thousand_usd,numeric,,2026-09-08,FDI_Eng_stocks-countries.xlsx,countries-ENG,FG16,published
fdi_position,country,m49_233,233,Estonia,group_eu27,country,2024,position_end_of_year,121855806.60000001000,121855.80660000001,thousand_usd,numeric,,2026-09-08,FDI_Eng_stocks-countries.xlsx,countries-ENG,GA16,published
fdi_position,country,m49_233,233,Estonia,group_eu27,country,2025,position_end_of_year,124983571.30000001000,124983.57130000001,thousand_usd,numeric,,2026-09-08,FDI_Eng_stocks-countries.xlsx,countries-ENG,GU16,published
fdi_position,country,m49_246,246,Finland,group_eu27,country,2015,position_end_of_year,2209643.7999999998000,2209.6437999999998,thousand_usd,numeric,,2026-09-08,FDI_Eng_stocks-countries.xlsx,countries-ENG,C17,published
fdi_position,country,m49_246,246,Finland,group_eu27,country,2016,position_end_of_year,2300845.3000,2300.8453,thousand_usd,numeric,,2026-09-08,FDI_Eng_stocks-countries.xlsx,countries-ENG,W17,published
fdi_position,country,m49_246,246,Finland,group_eu27,country,2017,position_end_of_year,1962924.5000000001000,1962.9245000000001,thousand_usd,numeric,,2026-09-08,FDI_Eng_stocks-countries.xlsx,countries-ENG,AQ17,published
fdi_position,country,m49_246,246,Finland,group_eu27,country,2018,position_end_of_year,1991126.8000000002000,1991.1268000000002,thousand_usd,numeric,,2026-09-08,FDI_Eng_stocks-countries.xlsx,countries-ENG,BK17,published
fdi_position,country,m49_246,246,Finland,group_eu27,country,2019,position_end_of_year,4309290.399999999000,4309.290399999999,thousand_usd,numeric,,2026-09-08,FDI_Eng_stocks-countries.xlsx,countries-ENG,CE17,published
fdi_position,country,m49_246,246,Finland,group_eu27,country,2020,position_end_of_year,4721601.1999999992000,4721.6011999999992,thousand_usd,numeric,,2026-09-08,FDI_Eng_stocks-countries.xlsx,countries-ENG,CY17,published
fdi_position,country,m49_246,246,Finland,group_eu27,country,2021,position_end_of_year,5669584.0000000007000,5669.5840000000007,thousand_usd,numeric,,2026-09-08,FDI_Eng_stocks-countries.xlsx,countries-ENG,DS17,published
fdi_position,country,m49_246,246,Finland,group_eu27,country,2022,position_end_of_year,7094227.9999999982000,7094.2279999999982,thousand_usd,numeric,,2026-09-08,FDI_Eng_stocks-countries.xlsx,countries-ENG,EM17,published
fdi_position,country,m49_246,246,Finland,group_eu27,country,2023,position_end_of_year,7445522.5000000009000,7445.5225000000009,thousand_usd,numeric,,2026-09-08,FDI_Eng_stocks-countries.xlsx,countries-ENG,FG17,published
fdi_position,country,m49_246,246,Finland,group_eu27,country,2024,position_end_of_year,5272703.3000000001000,5272.7033000000001,thousand_usd,numeric,,2026-09-08,FDI_Eng_stocks-countries.xlsx,countries-ENG,GA17,published
fdi_position,country,m49_246,246,Finland,group_eu27,country,2025,position_end_of_year,24000689.500000004000,24000.689500000004,thousand_usd,numeric,,2026-09-08,FDI_Eng_stocks-countries.xlsx,countries-ENG,GU17,published
fdi_position,country,m49_250,250,France,group_eu27,country,2015,position_end_of_year,127383421.90000002000,127383.42190000002,thousand_usd,numeric,,2026-09-08,FDI_Eng_stocks-countries.xlsx,countries-ENG,C18,published
fdi_position,country,m49_250,250,France,group_eu27,country,2016,position_end_of_year,38642203.199999982000,38642.203199999982,thousand_usd,numeric,,2026-09-08,FDI_Eng_stocks-countries.xlsx,countries-ENG,W18,published
fdi_position,country,m49_250,250,France,group_eu27,country,2017,position_end_of_year,65437545.800000014000,65437.545800000014,thousand_usd,numeric,,2026-09-08,FDI_Eng_stocks-countries.xlsx,countries-ENG,AQ18,published
fdi_position,country,m49_250,250,France,group_eu27,country,2018,position_end_of_year,92091905.300000013000,92091.905300000013,thousand_usd,numeric,,2026-09-08,FDI_Eng_stocks-countries.xlsx,countries-ENG,BK18,published
fdi_position,country,m49_250,250,France,group_eu27,country,2019,position_end_of_year,108907272.00000001000,108907.27200000001,thousand_usd,numeric,,2026-09-08,FDI_Eng_stocks-countries.xlsx,countries-ENG,CE18,published
fdi_position,country,m49_250,250,France,group_eu27,country,2020,position_end_of_year,122787154.49999999000,122787.15449999999,thousand_usd,numeric,,2026-09-08,FDI_Eng_stocks-countries.xlsx,countries-ENG,CY18,published
fdi_position,country,m49_250,250,France,group_eu27,country,2021,position_end_of_year,153650903.7000,153650.9037,thousand_usd,numeric,,2026-09-08,FDI_Eng_stocks-countries.xlsx,countries-ENG,DS18,published
fdi_position,country,m49_250,250,France,group_eu27,country,2022,position_end_of_year,162857025.10000003000,162857.02510000003,thousand_usd,numeric,,2026-09-08,FDI_Eng_stocks-countries.xlsx,countries-ENG,EM18,published
fdi_position,country,m49_250,250,France,group_eu27,country,2023,position_end_of_year,176117488.4000,176117.4884,thousand_usd,numeric,,2026-09-08,FDI_Eng_stocks-countries.xlsx,countries-ENG,FG18,published
fdi_position,country,m49_250,250,France,group_eu27,country,2024,position_end_of_year,170798630.39999991000,170798.63039999991,thousand_usd,numeric,,2026-09-08,FDI_Eng_stocks-countries.xlsx,countries-ENG,GA18,published
fdi_position,country,m49_250,250,France,group_eu27,country,2025,position_end_of_year,183304412.70000004000,183304.41270000004,thousand_usd,numeric,,2026-09-08,FDI_Eng_stocks-countries.xlsx,countries-ENG,GU18,published
fdi_position,country,m49_276,276,Germany,group_eu27,country,2015,position_end_of_year,228888491.69999996000,228888.49169999996,thousand_usd,numeric,,2026-09-08,FDI_Eng_stocks-countries.xlsx,countries-ENG,C19,published
fdi_position,country,m49_276,276,Germany,group_eu27,country,2016,position_end_of_year,244314783.20000001000,244314.78320000001,thousand_usd,numeric,,2026-09-08,FDI_Eng_stocks-countries.xlsx,countries-ENG,W19,published
fdi_position,country,m49_276,276,Germany,group_eu27,country,2017,position_end_of_year,162378890.90000003000,162378.89090000003,thousand_usd,numeric,,2026-09-08,FDI_Eng_stocks-countries.xlsx,countries-ENG,AQ19,published
fdi_position,country,m49_276,276,Germany,group_eu27,country,2018,position_end_of_year,199391652.39999988000,199391.65239999988,thousand_usd,numeric,,2026-09-08,FDI_Eng_stocks-countries.xlsx,countries-ENG,BK19,published
fdi_position,country,m49_276,276,Germany,group_eu27,country,2019,position_end_of_year,212995468.50000002000,212995.46850000002,thousand_usd,numeric,,2026-09-08,FDI_Eng_stocks-countries.xlsx,countries-ENG,CE19,published
fdi_position,country,m49_276,276,Germany,group_eu27,country,2020,position_end_of_year,239970184.10000001000,239970.18410000001,thousand_usd,numeric,,2026-09-08,FDI_Eng_stocks-countries.xlsx,countries-ENG,CY19,published
fdi_position,country,m49_276,276,Germany,group_eu27,country,2021,position_end_of_year,277343241.79999984000,277343.24179999984,thousand_usd,numeric,,2026-09-08,FDI_Eng_stocks-countries.xlsx,countries-ENG,DS19,published
fdi_position,country,m49_276,276,Germany,group_eu27,country,2022,position_end_of_year,323739857.89999994000,323739.85789999994,thousand_usd,numeric,,2026-09-08,FDI_Eng_stocks-countries.xlsx,countries-ENG,EM19,published
fdi_position,country,m49_276,276,Germany,group_eu27,country,2023,position_end_of_year,344236190.20000001000,344236.19020000001,thousand_usd,numeric,,2026-09-08,FDI_Eng_stocks-countries.xlsx,countries-ENG,FG19,published
fdi_position,country,m49_276,276,Germany,group_eu27,country,2024,position_end_of_year,353325432.19999998000,353325.43219999998,thousand_usd,numeric,,2026-09-08,FDI_Eng_stocks-countries.xlsx,countries-ENG,GA19,published
fdi_position,country,m49_276,276,Germany,group_eu27,country,2025,position_end_of_year,400585476.60000017000,400585.47660000017,thousand_usd,numeric,,2026-09-08,FDI_Eng_stocks-countries.xlsx,countries-ENG,GU19,published
fdi_position,country,m49_292,292,Gibraltar,group_other,country,2015,position_end_of_year,-789556.29999999996000,-789.55629999999996,thousand_usd,numeric,,2026-09-08,FDI_Eng_stocks-countries.xlsx,countries-ENG,C58,published
fdi_position,country,m49_292,292,Gibraltar,group_other,country,2016,position_end_of_year,-19078.399999999892000,-19.078399999999892,thousand_usd,numeric,,2026-09-08,FDI_Eng_stocks-countries.xlsx,countries-ENG,W58,published
fdi_position,country,m49_292,292,Gibraltar,group_other,country,2017,position_end_of_year,1834294.5999999997000,1834.2945999999997,thousand_usd,numeric,,2026-09-08,FDI_Eng_stocks-countries.xlsx,countries-ENG,AQ58,published
fdi_position,country,m49_292,292,Gibraltar,group_other,country,2018,position_end_of_year,2770808.2999999997000,2770.8082999999997,thousand_usd,numeric,,2026-09-08,FDI_Eng_stocks-countries.xlsx,countries-ENG,BK58,published
fdi_position,country,m49_292,292,Gibraltar,group_other,country,2019,position_end_of_year,3820824.7999999994000,3820.8247999999994,thousand_usd,numeric,,2026-09-08,FDI_Eng_stocks-countries.xlsx,countries-ENG,CE58,published
fdi_position,country,m49_292,292,Gibraltar,group_other,country,2020,position_end_of_year,3756342.2999999998000,3756.3422999999998,thousand_usd,numeric,,2026-09-08,FDI_Eng_stocks-countries.xlsx,countries-ENG,CY58,published
fdi_position,country,m49_292,292,Gibraltar,group_other,country,2021,position_end_of_year,2010354.0999999998000,2010.3540999999998,thousand_usd,numeric,,2026-09-08,FDI_Eng_stocks-countries.xlsx,countries-ENG,DS58,published
fdi_position,country,m49_292,292,Gibraltar,group_other,country,2022,position_end_of_year,2210024.4000000002000,2210.0244000000002,thousand_usd,numeric,,2026-09-08,FDI_Eng_stocks-countries.xlsx,countries-ENG,EM58,published
fdi_position,country,m49_292,292,Gibraltar,group_other,country,2023,position_end_of_year,2334356.5999999996000,2334.3565999999996,thousand_usd,numeric,,2026-09-08,FDI_Eng_stocks-countries.xlsx,countries-ENG,FG58,published
fdi_position,country,m49_292,292,Gibraltar,group_other,country,2024,position_end_of_year,23136453.999999998000,23136.453999999998,thousand_usd,numeric,,2026-09-08,FDI_Eng_stocks-countries.xlsx,countries-ENG,GA58,published
fdi_position,country,m49_292,292,Gibraltar,group_other,country,2025,position_end_of_year,24701371.899999998000,24701.371899999998,thousand_usd,numeric,,2026-09-08,FDI_Eng_stocks-countries.xlsx,countries-ENG,GU58,published
fdi_position,country,m49_300,300,Greece,group_eu27,country,2015,position_end_of_year,3886730.2999999993000,3886.7302999999993,thousand_usd,numeric,,2026-09-08,FDI_Eng_stocks-countries.xlsx,countries-ENG,C20,published
fdi_position,country,m49_300,300,Greece,group_eu27,country,2016,position_end_of_year,3558916.5999999991000,3558.9165999999991,thousand_usd,numeric,,2026-09-08,FDI_Eng_stocks-countries.xlsx,countries-ENG,W20,published
fdi_position,country,m49_300,300,Greece,group_eu27,country,2017,position_end_of_year,4093419.8000000006000,4093.4198000000006,thousand_usd,numeric,,2026-09-08,FDI_Eng_stocks-countries.xlsx,countries-ENG,AQ20,published
fdi_position,country,m49_300,300,Greece,group_eu27,country,2018,position_end_of_year,6215977.1000000019000,6215.9771000000019,thousand_usd,numeric,,2026-09-08,FDI_Eng_stocks-countries.xlsx,countries-ENG,BK20,published
fdi_position,country,m49_300,300,Greece,group_eu27,country,2019,position_end_of_year,7300413.6999999992000,7300.4136999999992,thousand_usd,numeric,,2026-09-08,FDI_Eng_stocks-countries.xlsx,countries-ENG,CE20,published
fdi_position,country,m49_300,300,Greece,group_eu27,country,2020,position_end_of_year,9710523.000000001000,9710.523000000001,thousand_usd,numeric,,2026-09-08,FDI_Eng_stocks-countries.xlsx,countries-ENG,CY20,published
fdi_position,country,m49_300,300,Greece,group_eu27,country,2021,position_end_of_year,14528116.900000003000,14528.116900000003,thousand_usd,numeric,,2026-09-08,FDI_Eng_stocks-countries.xlsx,countries-ENG,DS20,published
fdi_position,country,m49_300,300,Greece,group_eu27,country,2022,position_end_of_year,25633798.900000002000,25633.798900000002,thousand_usd,numeric,,2026-09-08,FDI_Eng_stocks-countries.xlsx,countries-ENG,EM20,published
fdi_position,country,m49_300,300,Greece,group_eu27,country,2023,position_end_of_year,24287456.699999999000,24287.456699999999,thousand_usd,numeric,,2026-09-08,FDI_Eng_stocks-countries.xlsx,countries-ENG,FG20,published
fdi_position,country,m49_300,300,Greece,group_eu27,country,2024,position_end_of_year,27444526.099999988000,27444.526099999988,thousand_usd,numeric,,2026-09-08,FDI_Eng_stocks-countries.xlsx,countries-ENG,GA20,published
fdi_position,country,m49_300,300,Greece,group_eu27,country,2025,position_end_of_year,28242693.599999995000,28242.693599999995,thousand_usd,numeric,,2026-09-08,FDI_Eng_stocks-countries.xlsx,countries-ENG,GU20,published
fdi_position,country,m49_344,344,"Hong Kong, SAR of China",group_other,country,2015,position_end_of_year,24715262.400000003000,24715.262400000003,thousand_usd,numeric,,2026-09-08,FDI_Eng_stocks-countries.xlsx,countries-ENG,C59,published
fdi_position,country,m49_344,344,"Hong Kong, SAR of China",group_other,country,2016,position_end_of_year,27515565.600000005000,27515.565600000005,thousand_usd,numeric,,2026-09-08,FDI_Eng_stocks-countries.xlsx,countries-ENG,W59,published
fdi_position,country,m49_344,344,"Hong Kong, SAR of China",group_other,country,2017,position_end_of_year,29956506.400000002000,29956.506400000002,thousand_usd,numeric,,2026-09-08,FDI_Eng_stocks-countries.xlsx,countries-ENG,AQ59,published
fdi_position,country,m49_344,344,"Hong Kong, SAR of China",group_other,country,2018,position_end_of_year,33331847.600000001000,33331.847600000001,thousand_usd,numeric,,2026-09-08,FDI_Eng_stocks-countries.xlsx,countries-ENG,BK59,published
fdi_position,country,m49_344,344,"Hong Kong, SAR of China",group_other,country,2019,position_end_of_year,23408870.199999998000,23408.870199999998,thousand_usd,numeric,,2026-09-08,FDI_Eng_stocks-countries.xlsx,countries-ENG,CE59,published
fdi_position,country,m49_344,344,"Hong Kong, SAR of China",group_other,country,2020,position_end_of_year,25419039.800000006000,25419.039800000006,thousand_usd,numeric,,2026-09-08,FDI_Eng_stocks-countries.xlsx,countries-ENG,CY59,published
fdi_position,country,m49_344,344,"Hong Kong, SAR of China",group_other,country,2021,position_end_of_year,28307646.499999999000,28307.646499999999,thousand_usd,numeric,,2026-09-08,FDI_Eng_stocks-countries.xlsx,countries-ENG,DS59,published
fdi_position,country,m49_344,344,"Hong Kong, SAR of China",group_other,country,2022,position_end_of_year,28012758.900000008000,28012.758900000008,thousand_usd,numeric,,2026-09-08,FDI_Eng_stocks-countries.xlsx,countries-ENG,EM59,published
fdi_position,country,m49_344,344,"Hong Kong, SAR of China",group_other,country,2023,position_end_of_year,32025784.100000001000,32025.784100000001,thousand_usd,numeric,,2026-09-08,FDI_Eng_stocks-countries.xlsx,countries-ENG,FG59,published
fdi_position,country,m49_344,344,"Hong Kong, SAR of China",group_other,country,2024,position_end_of_year,36232725.8000,36232.7258,thousand_usd,numeric,,2026-09-08,FDI_Eng_stocks-countries.xlsx,countries-ENG,GA59,published
fdi_position,country,m49_344,344,"Hong Kong, SAR of China",group_other,country,2025,position_end_of_year,37366471.2000,37366.4712,thousand_usd,numeric,,2026-09-08,FDI_Eng_stocks-countries.xlsx,countries-ENG,GU59,published
fdi_position,country,m49_348,348,Hungary,group_eu27,country,2015,position_end_of_year,963600.69999999996000,963.60069999999996,thousand_usd,numeric,,2026-09-08,FDI_Eng_stocks-countries.xlsx,countries-ENG,C21,published
fdi_position,country,m49_348,348,Hungary,group_eu27,country,2016,position_end_of_year,1773689.3000,1773.6893,thousand_usd,numeric,,2026-09-08,FDI_Eng_stocks-countries.xlsx,countries-ENG,W21,published
fdi_position,country,m49_348,348,Hungary,group_eu27,country,2017,position_end_of_year,3944468.1999999998000,3944.4681999999998,thousand_usd,numeric,,2026-09-08,FDI_Eng_stocks-countries.xlsx,countries-ENG,AQ21,published
fdi_position,country,m49_348,348,Hungary,group_eu27,country,2018,position_end_of_year,5264326.2999999997000,5264.3262999999997,thousand_usd,numeric,,2026-09-08,FDI_Eng_stocks-countries.xlsx,countries-ENG,BK21,published
fdi_position,country,m49_348,348,Hungary,group_eu27,country,2019,position_end_of_year,7720655.5999999982000,7720.6555999999982,thousand_usd,numeric,,2026-09-08,FDI_Eng_stocks-countries.xlsx,countries-ENG,CE21,published
fdi_position,country,m49_348,348,Hungary,group_eu27,country,2020,position_end_of_year,8643353.9000000001000,8643.3539000000001,thousand_usd,numeric,,2026-09-08,FDI_Eng_stocks-countries.xlsx,countries-ENG,CY21,published
fdi_position,country,m49_348,348,Hungary,group_eu27,country,2021,position_end_of_year,16095841.800000002000,16095.841800000002,thousand_usd,numeric,,2026-09-08,FDI_Eng_stocks-countries.xlsx,countries-ENG,DS21,published
fdi_position,country,m49_348,348,Hungary,group_eu27,country,2022,position_end_of_year,20422323.399999997000,20422.323399999997,thousand_usd,numeric,,2026-09-08,FDI_Eng_stocks-countries.xlsx,countries-ENG,EM21,published
fdi_position,country,m49_348,348,Hungary,group_eu27,country,2023,position_end_of_year,23575661.800000002000,23575.661800000002,thousand_usd,numeric,,2026-09-08,FDI_Eng_stocks-countries.xlsx,countries-ENG,FG21,published
fdi_position,country,m49_348,348,Hungary,group_eu27,country,2024,position_end_of_year,25129671.599999998000,25129.671599999998,thousand_usd,numeric,,2026-09-08,FDI_Eng_stocks-countries.xlsx,countries-ENG,GA21,published
fdi_position,country,m49_348,348,Hungary,group_eu27,country,2025,position_end_of_year,35646621.299999999000,35646.621299999999,thousand_usd,numeric,,2026-09-08,FDI_Eng_stocks-countries.xlsx,countries-ENG,GU21,published
fdi_position,country,m49_352,352,Iceland,group_other,country,2015,position_end_of_year,1679570.1999999999000,1679.5701999999999,thousand_usd,numeric,,2026-09-08,FDI_Eng_stocks-countries.xlsx,countries-ENG,C60,published
fdi_position,country,m49_352,352,Iceland,group_other,country,2016,position_end_of_year,1237070.1000000001000,1237.0701000000001,thousand_usd,numeric,,2026-09-08,FDI_Eng_stocks-countries.xlsx,countries-ENG,W60,published
fdi_position,country,m49_352,352,Iceland,group_other,country,2017,position_end_of_year,625171.20000000011000,625.17120000000011,thousand_usd,numeric,,2026-09-08,FDI_Eng_stocks-countries.xlsx,countries-ENG,AQ60,published
fdi_position,country,m49_352,352,Iceland,group_other,country,2018,position_end_of_year,682650.10000000007000,682.65010000000007,thousand_usd,numeric,,2026-09-08,FDI_Eng_stocks-countries.xlsx,countries-ENG,BK60,published
fdi_position,country,m49_352,352,Iceland,group_other,country,2019,position_end_of_year,256227.40000000005000,256.22740000000005,thousand_usd,numeric,,2026-09-08,FDI_Eng_stocks-countries.xlsx,countries-ENG,CE60,published
fdi_position,country,m49_352,352,Iceland,group_other,country,2020,position_end_of_year,221450.90000000002000,221.45090000000002,thousand_usd,numeric,,2026-09-08,FDI_Eng_stocks-countries.xlsx,countries-ENG,CY60,published
fdi_position,country,m49_352,352,Iceland,group_other,country,2021,position_end_of_year,255160.9000,255.1609,thousand_usd,numeric,,2026-09-08,FDI_Eng_stocks-countries.xlsx,countries-ENG,DS60,published
fdi_position,country,m49_352,352,Iceland,group_other,country,2022,position_end_of_year,307239.50000000002000,307.23950000000002,thousand_usd,numeric,,2026-09-08,FDI_Eng_stocks-countries.xlsx,countries-ENG,EM60,published
fdi_position,country,m49_352,352,Iceland,group_other,country,2023,position_end_of_year,317685.70000000005000,317.68570000000005,thousand_usd,numeric,,2026-09-08,FDI_Eng_stocks-countries.xlsx,countries-ENG,FG60,published
fdi_position,country,m49_352,352,Iceland,group_other,country,2024,position_end_of_year,389646.5000,389.6465,thousand_usd,numeric,,2026-09-08,FDI_Eng_stocks-countries.xlsx,countries-ENG,GA60,published
fdi_position,country,m49_352,352,Iceland,group_other,country,2025,position_end_of_year,455863.49999999999000,455.86349999999999,thousand_usd,numeric,,2026-09-08,FDI_Eng_stocks-countries.xlsx,countries-ENG,GU60,published
fdi_position,country,m49_356,356,India,group_other,country,2015,position_end_of_year,20275322.100000005000,20275.322100000005,thousand_usd,numeric,,2026-09-08,FDI_Eng_stocks-countries.xlsx,countries-ENG,C61,published
fdi_position,country,m49_356,356,India,group_other,country,2016,position_end_of_year,18476049.399999996000,18476.049399999996,thousand_usd,numeric,,2026-09-08,FDI_Eng_stocks-countries.xlsx,countries-ENG,W61,published
fdi_position,country,m49_356,356,India,group_other,country,2017,position_end_of_year,27706704.700000006000,27706.704700000006,thousand_usd,numeric,,2026-09-08,FDI_Eng_stocks-countries.xlsx,countries-ENG,AQ61,published
fdi_position,country,m49_356,356,India,group_other,country,2018,position_end_of_year,29330619.700000003000,29330.619700000003,thousand_usd,numeric,,2026-09-08,FDI_Eng_stocks-countries.xlsx,countries-ENG,BK61,published
fdi_position,country,m49_356,356,India,group_other,country,2019,position_end_of_year,35878190.700000028000,35878.190700000028,thousand_usd,numeric,,2026-09-08,FDI_Eng_stocks-countries.xlsx,countries-ENG,CE61,published
fdi_position,country,m49_356,356,India,group_other,country,2020,position_end_of_year,37588761.600000005000,37588.761600000005,thousand_usd,numeric,,2026-09-08,FDI_Eng_stocks-countries.xlsx,countries-ENG,CY61,published
fdi_position,country,m49_356,356,India,group_other,country,2021,position_end_of_year,46227511.200000037000,46227.511200000037,thousand_usd,numeric,,2026-09-08,FDI_Eng_stocks-countries.xlsx,countries-ENG,DS61,published
fdi_position,country,m49_356,356,India,group_other,country,2022,position_end_of_year,48272413.900000029000,48272.413900000029,thousand_usd,numeric,,2026-09-08,FDI_Eng_stocks-countries.xlsx,countries-ENG,EM61,published
fdi_position,country,m49_356,356,India,group_other,country,2023,position_end_of_year,56074072.100000012000,56074.072100000012,thousand_usd,numeric,,2026-09-08,FDI_Eng_stocks-countries.xlsx,countries-ENG,FG61,published
fdi_position,country,m49_356,356,India,group_other,country,2024,position_end_of_year,55788076.000000023000,55788.076000000023,thousand_usd,numeric,,2026-09-08,FDI_Eng_stocks-countries.xlsx,countries-ENG,GA61,published
fdi_position,country,m49_356,356,India,group_other,country,2025,position_end_of_year,61040374.500000042000,61040.374500000042,thousand_usd,numeric,,2026-09-08,FDI_Eng_stocks-countries.xlsx,countries-ENG,GU61,published
fdi_position,country,m49_364,364,Iran,group_other,country,2015,position_end_of_year,13364251.300000004000,13364.251300000004,thousand_usd,numeric,,2026-09-08,FDI_Eng_stocks-countries.xlsx,countries-ENG,C62,published
fdi_position,country,m49_364,364,Iran,group_other,country,2016,position_end_of_year,16186141.900000002000,16186.141900000002,thousand_usd,numeric,,2026-09-08,FDI_Eng_stocks-countries.xlsx,countries-ENG,W62,published
fdi_position,country,m49_364,364,Iran,group_other,country,2017,position_end_of_year,22482881.300000005000,22482.881300000005,thousand_usd,numeric,,2026-09-08,FDI_Eng_stocks-countries.xlsx,countries-ENG,AQ62,published
fdi_position,country,m49_364,364,Iran,group_other,country,2018,position_end_of_year,29263481.699999997000,29263.481699999997,thousand_usd,numeric,,2026-09-08,FDI_Eng_stocks-countries.xlsx,countries-ENG,BK62,published
fdi_position,country,m49_364,364,Iran,group_other,country,2019,position_end_of_year,31143774.200000029000,31143.774200000029,thousand_usd,numeric,,2026-09-08,FDI_Eng_stocks-countries.xlsx,countries-ENG,CE62,published
fdi_position,country,m49_364,364,Iran,group_other,country,2020,position_end_of_year,30540147.50000001000,30540.14750000001,thousand_usd,numeric,,2026-09-08,FDI_Eng_stocks-countries.xlsx,countries-ENG,CY62,published
fdi_position,country,m49_364,364,Iran,group_other,country,2021,position_end_of_year,28428671.499999989000,28428.671499999989,thousand_usd,numeric,,2026-09-08,FDI_Eng_stocks-countries.xlsx,countries-ENG,DS62,published
fdi_position,country,m49_364,364,Iran,group_other,country,2022,position_end_of_year,32843980.90000001000,32843.98090000001,thousand_usd,numeric,,2026-09-08,FDI_Eng_stocks-countries.xlsx,countries-ENG,EM62,published
fdi_position,country,m49_364,364,Iran,group_other,country,2023,position_end_of_year,36772613.900000011000,36772.613900000011,thousand_usd,numeric,,2026-09-08,FDI_Eng_stocks-countries.xlsx,countries-ENG,FG62,published
fdi_position,country,m49_364,364,Iran,group_other,country,2024,position_end_of_year,34853014.299999995000,34853.014299999995,thousand_usd,numeric,,2026-09-08,FDI_Eng_stocks-countries.xlsx,countries-ENG,GA62,published
fdi_position,country,m49_364,364,Iran,group_other,country,2025,position_end_of_year,36640500.399999997000,36640.500399999997,thousand_usd,numeric,,2026-09-08,FDI_Eng_stocks-countries.xlsx,countries-ENG,GU62,published
fdi_position,country,m49_368,368,Iraq,group_other,country,2015,position_end_of_year,109383.49999999998000,109.38349999999998,thousand_usd,numeric,,2026-09-08,FDI_Eng_stocks-countries.xlsx,countries-ENG,C63,published
fdi_position,country,m49_368,368,Iraq,group_other,country,2016,position_end_of_year,239664.80000000001000,239.66480000000001,thousand_usd,numeric,,2026-09-08,FDI_Eng_stocks-countries.xlsx,countries-ENG,W63,published
fdi_position,country,m49_368,368,Iraq,group_other,country,2017,position_end_of_year,3458942.6000000003000,3458.9426000000003,thousand_usd,numeric,,2026-09-08,FDI_Eng_stocks-countries.xlsx,countries-ENG,AQ63,published
fdi_position,country,m49_368,368,Iraq,group_other,country,2018,position_end_of_year,-3116729.4000000002000,-3116.7294000000002,thousand_usd,numeric,,2026-09-08,FDI_Eng_stocks-countries.xlsx,countries-ENG,BK63,published
fdi_position,country,m49_368,368,Iraq,group_other,country,2019,position_end_of_year,-15079149.600000004000,-15079.149600000004,thousand_usd,numeric,,2026-09-08,FDI_Eng_stocks-countries.xlsx,countries-ENG,CE63,published
fdi_position,country,m49_368,368,Iraq,group_other,country,2020,position_end_of_year,4825496.8999999992000,4825.4968999999992,thousand_usd,numeric,,2026-09-08,FDI_Eng_stocks-countries.xlsx,countries-ENG,CY63,published
fdi_position,country,m49_368,368,Iraq,group_other,country,2021,position_end_of_year,15421666.900000002000,15421.666900000002,thousand_usd,numeric,,2026-09-08,FDI_Eng_stocks-countries.xlsx,countries-ENG,DS63,published
fdi_position,country,m49_368,368,Iraq,group_other,country,2022,position_end_of_year,9839399.9000000003000,9839.3999000000003,thousand_usd,numeric,,2026-09-08,FDI_Eng_stocks-countries.xlsx,countries-ENG,EM63,published
fdi_position,country,m49_368,368,Iraq,group_other,country,2023,position_end_of_year,2905911.6999999992000,2905.9116999999992,thousand_usd,numeric,,2026-09-08,FDI_Eng_stocks-countries.xlsx,countries-ENG,FG63,published
fdi_position,country,m49_368,368,Iraq,group_other,country,2024,position_end_of_year,-1058369.7000000011000,-1058.3697000000011,thousand_usd,numeric,,2026-09-08,FDI_Eng_stocks-countries.xlsx,countries-ENG,GA63,published
fdi_position,country,m49_368,368,Iraq,group_other,country,2025,position_end_of_year,-4957772.8999999981000,-4957.7728999999981,thousand_usd,numeric,,2026-09-08,FDI_Eng_stocks-countries.xlsx,countries-ENG,GU63,published
fdi_position,country,m49_372,372,Ireland,group_eu27,country,2015,position_end_of_year,2819318.4999999999000,2819.3184999999999,thousand_usd,numeric,,2026-09-08,FDI_Eng_stocks-countries.xlsx,countries-ENG,C22,published
fdi_position,country,m49_372,372,Ireland,group_eu27,country,2016,position_end_of_year,2778045.4000,2778.0454,thousand_usd,numeric,,2026-09-08,FDI_Eng_stocks-countries.xlsx,countries-ENG,W22,published
fdi_position,country,m49_372,372,Ireland,group_eu27,country,2017,position_end_of_year,2563405.0999999999000,2563.4050999999999,thousand_usd,numeric,,2026-09-08,FDI_Eng_stocks-countries.xlsx,countries-ENG,AQ22,published
fdi_position,country,m49_372,372,Ireland,group_eu27,country,2018,position_end_of_year,5656446.3000000005000,5656.4463000000005,thousand_usd,numeric,,2026-09-08,FDI_Eng_stocks-countries.xlsx,countries-ENG,BK22,published
fdi_position,country,m49_372,372,Ireland,group_eu27,country,2019,position_end_of_year,6166216.4000000002000,6166.2164000000002,thousand_usd,numeric,,2026-09-08,FDI_Eng_stocks-countries.xlsx,countries-ENG,CE22,published
fdi_position,country,m49_372,372,Ireland,group_eu27,country,2020,position_end_of_year,3693523.2999999998000,3693.5232999999998,thousand_usd,numeric,,2026-09-08,FDI_Eng_stocks-countries.xlsx,countries-ENG,CY22,published
fdi_position,country,m49_372,372,Ireland,group_eu27,country,2021,position_end_of_year,4851257.9000000005000,4851.2579000000005,thousand_usd,numeric,,2026-09-08,FDI_Eng_stocks-countries.xlsx,countries-ENG,DS22,published
fdi_position,country,m49_372,372,Ireland,group_eu27,country,2022,position_end_of_year,5807516.3000000011000,5807.5163000000011,thousand_usd,numeric,,2026-09-08,FDI_Eng_stocks-countries.xlsx,countries-ENG,EM22,published
fdi_position,country,m49_372,372,Ireland,group_eu27,country,2023,position_end_of_year,4973100.0000000004000,4973.1000000000004,thousand_usd,numeric,,2026-09-08,FDI_Eng_stocks-countries.xlsx,countries-ENG,FG22,published
fdi_position,country,m49_372,372,Ireland,group_eu27,country,2024,position_end_of_year,5432773.4000,5432.7734,thousand_usd,numeric,,2026-09-08,FDI_Eng_stocks-countries.xlsx,countries-ENG,GA22,published
fdi_position,country,m49_372,372,Ireland,group_eu27,country,2025,position_end_of_year,13891347.699999997000,13891.347699999997,thousand_usd,numeric,,2026-09-08,FDI_Eng_stocks-countries.xlsx,countries-ENG,GU22,published
fdi_position,country,m49_376,376,Israel,group_other,country,2015,position_end_of_year,89444795.099999974000,89444.795099999974,thousand_usd,numeric,,2026-09-08,FDI_Eng_stocks-countries.xlsx,countries-ENG,C64,published
fdi_position,country,m49_376,376,Israel,group_other,country,2016,position_end_of_year,86789392.000000007000,86789.392000000007,thousand_usd,numeric,,2026-09-08,FDI_Eng_stocks-countries.xlsx,countries-ENG,W64,published
fdi_position,country,m49_376,376,Israel,group_other,country,2017,position_end_of_year,104649335.79999994000,104649.33579999994,thousand_usd,numeric,,2026-09-08,FDI_Eng_stocks-countries.xlsx,countries-ENG,AQ64,published
fdi_position,country,m49_376,376,Israel,group_other,country,2018,position_end_of_year,103397954.80000002000,103397.95480000002,thousand_usd,numeric,,2026-09-08,FDI_Eng_stocks-countries.xlsx,countries-ENG,BK64,published
fdi_position,country,m49_376,376,Israel,group_other,country,2019,position_end_of_year,130559575.69999999000,130559.57569999999,thousand_usd,numeric,,2026-09-08,FDI_Eng_stocks-countries.xlsx,countries-ENG,CE64,published
fdi_position,country,m49_376,376,Israel,group_other,country,2020,position_end_of_year,137177356.29999993000,137177.35629999993,thousand_usd,numeric,,2026-09-08,FDI_Eng_stocks-countries.xlsx,countries-ENG,CY64,published
fdi_position,country,m49_376,376,Israel,group_other,country,2021,position_end_of_year,162103600.89999999000,162103.60089999999,thousand_usd,numeric,,2026-09-08,FDI_Eng_stocks-countries.xlsx,countries-ENG,DS64,published
fdi_position,country,m49_376,376,Israel,group_other,country,2022,position_end_of_year,208493714.99999973000,208493.71499999973,thousand_usd,numeric,,2026-09-08,FDI_Eng_stocks-countries.xlsx,countries-ENG,EM64,published
fdi_position,country,m49_376,376,Israel,group_other,country,2023,position_end_of_year,237778595.40000022000,237778.59540000022,thousand_usd,numeric,,2026-09-08,FDI_Eng_stocks-countries.xlsx,countries-ENG,FG64,published
fdi_position,country,m49_376,376,Israel,group_other,country,2024,position_end_of_year,303280245.60000014000,303280.24560000014,thousand_usd,numeric,,2026-09-08,FDI_Eng_stocks-countries.xlsx,countries-ENG,GA64,published
fdi_position,country,m49_376,376,Israel,group_other,country,2025,position_end_of_year,452765485.10000005000,452765.48510000005,thousand_usd,numeric,,2026-09-08,FDI_Eng_stocks-countries.xlsx,countries-ENG,GU64,published
fdi_position,country,m49_380,380,Italy,group_eu27,country,2015,position_end_of_year,23249904.299999998000,23249.904299999998,thousand_usd,numeric,,2026-09-08,FDI_Eng_stocks-countries.xlsx,countries-ENG,C23,published
fdi_position,country,m49_380,380,Italy,group_eu27,country,2016,position_end_of_year,20810827.600000001000,20810.827600000001,thousand_usd,numeric,,2026-09-08,FDI_Eng_stocks-countries.xlsx,countries-ENG,W23,published
fdi_position,country,m49_380,380,Italy,group_eu27,country,2017,position_end_of_year,29920035.700000008000,29920.035700000008,thousand_usd,numeric,,2026-09-08,FDI_Eng_stocks-countries.xlsx,countries-ENG,AQ23,published
fdi_position,country,m49_380,380,Italy,group_eu27,country,2018,position_end_of_year,26027497.200000013000,26027.497200000013,thousand_usd,numeric,,2026-09-08,FDI_Eng_stocks-countries.xlsx,countries-ENG,BK23,published
fdi_position,country,m49_380,380,Italy,group_eu27,country,2019,position_end_of_year,24907050.099999997000,24907.050099999997,thousand_usd,numeric,,2026-09-08,FDI_Eng_stocks-countries.xlsx,countries-ENG,CE23,published
fdi_position,country,m49_380,380,Italy,group_eu27,country,2020,position_end_of_year,23365794.200000004000,23365.794200000004,thousand_usd,numeric,,2026-09-08,FDI_Eng_stocks-countries.xlsx,countries-ENG,CY23,published
fdi_position,country,m49_380,380,Italy,group_eu27,country,2021,position_end_of_year,14276730.100000004000,14276.730100000004,thousand_usd,numeric,,2026-09-08,FDI_Eng_stocks-countries.xlsx,countries-ENG,DS23,published
fdi_position,country,m49_380,380,Italy,group_eu27,country,2022,position_end_of_year,22022533.499999998000,22022.533499999998,thousand_usd,numeric,,2026-09-08,FDI_Eng_stocks-countries.xlsx,countries-ENG,EM23,published
fdi_position,country,m49_380,380,Italy,group_eu27,country,2023,position_end_of_year,16953726.100000011000,16953.726100000011,thousand_usd,numeric,,2026-09-08,FDI_Eng_stocks-countries.xlsx,countries-ENG,FG23,published
fdi_position,country,m49_380,380,Italy,group_eu27,country,2024,position_end_of_year,18618555.099999998000,18618.555099999998,thousand_usd,numeric,,2026-09-08,FDI_Eng_stocks-countries.xlsx,countries-ENG,GA23,published
fdi_position,country,m49_380,380,Italy,group_eu27,country,2025,position_end_of_year,21945545.70000001000,21945.54570000001,thousand_usd,numeric,,2026-09-08,FDI_Eng_stocks-countries.xlsx,countries-ENG,GU23,published
fdi_position,country,m49_392,392,Japan,group_other,country,2015,position_end_of_year,62992953.099999999000,62992.953099999999,thousand_usd,numeric,,2026-09-08,FDI_Eng_stocks-countries.xlsx,countries-ENG,C65,published
fdi_position,country,m49_392,392,Japan,group_other,country,2016,position_end_of_year,61493005.499999999000,61493.005499999999,thousand_usd,numeric,,2026-09-08,FDI_Eng_stocks-countries.xlsx,countries-ENG,W65,published
fdi_position,country,m49_392,392,Japan,group_other,country,2017,position_end_of_year,81774404.800000004000,81774.404800000004,thousand_usd,numeric,,2026-09-08,FDI_Eng_stocks-countries.xlsx,countries-ENG,AQ65,published
fdi_position,country,m49_392,392,Japan,group_other,country,2018,position_end_of_year,80378097.699999998000,80378.097699999998,thousand_usd,numeric,,2026-09-08,FDI_Eng_stocks-countries.xlsx,countries-ENG,BK65,published
fdi_position,country,m49_392,392,Japan,group_other,country,2019,position_end_of_year,112866663.39999996000,112866.66339999996,thousand_usd,numeric,,2026-09-08,FDI_Eng_stocks-countries.xlsx,countries-ENG,CE65,published
fdi_position,country,m49_392,392,Japan,group_other,country,2020,position_end_of_year,100236736.29999998000,100236.73629999998,thousand_usd,numeric,,2026-09-08,FDI_Eng_stocks-countries.xlsx,countries-ENG,CY65,published
fdi_position,country,m49_392,392,Japan,group_other,country,2021,position_end_of_year,99966833.599999984000,99966.833599999984,thousand_usd,numeric,,2026-09-08,FDI_Eng_stocks-countries.xlsx,countries-ENG,DS65,published
fdi_position,country,m49_392,392,Japan,group_other,country,2022,position_end_of_year,149353913.89999999000,149353.91389999999,thousand_usd,numeric,,2026-09-08,FDI_Eng_stocks-countries.xlsx,countries-ENG,EM65,published
fdi_position,country,m49_392,392,Japan,group_other,country,2023,position_end_of_year,156746821.80000001000,156746.82180000001,thousand_usd,numeric,,2026-09-08,FDI_Eng_stocks-countries.xlsx,countries-ENG,FG65,published
fdi_position,country,m49_392,392,Japan,group_other,country,2024,position_end_of_year,182046648.19999997000,182046.64819999997,thousand_usd,numeric,,2026-09-08,FDI_Eng_stocks-countries.xlsx,countries-ENG,GA65,published
fdi_position,country,m49_392,392,Japan,group_other,country,2025,position_end_of_year,167477542.8000,167477.5428,thousand_usd,numeric,,2026-09-08,FDI_Eng_stocks-countries.xlsx,countries-ENG,GU65,published
fdi_position,country,m49_398,398,Kazakhstan,group_cis,country,2015,position_end_of_year,165278234.50000002000,165278.23450000002,thousand_usd,numeric,,2026-09-08,FDI_Eng_stocks-countries.xlsx,countries-ENG,C41,published
fdi_position,country,m49_398,398,Kazakhstan,group_cis,country,2016,position_end_of_year,175031801.30000002000,175031.80130000002,thousand_usd,numeric,,2026-09-08,FDI_Eng_stocks-countries.xlsx,countries-ENG,W41,published
fdi_position,country,m49_398,398,Kazakhstan,group_cis,country,2017,position_end_of_year,305854569.59999999000,305854.56959999999,thousand_usd,numeric,,2026-09-08,FDI_Eng_stocks-countries.xlsx,countries-ENG,AQ41,published
fdi_position,country,m49_398,398,Kazakhstan,group_cis,country,2018,position_end_of_year,176169925.59999999000,176169.92559999999,thousand_usd,numeric,,2026-09-08,FDI_Eng_stocks-countries.xlsx,countries-ENG,BK41,published
fdi_position,country,m49_398,398,Kazakhstan,group_cis,country,2019,position_end_of_year,182184833.19999999000,182184.83319999999,thousand_usd,numeric,,2026-09-08,FDI_Eng_stocks-countries.xlsx,countries-ENG,CE41,published
fdi_position,country,m49_398,398,Kazakhstan,group_cis,country,2020,position_end_of_year,161739712.49999999000,161739.71249999999,thousand_usd,numeric,,2026-09-08,FDI_Eng_stocks-countries.xlsx,countries-ENG,CY41,published
fdi_position,country,m49_398,398,Kazakhstan,group_cis,country,2021,position_end_of_year,186919595.70000001000,186919.59570000001,thousand_usd,numeric,,2026-09-08,FDI_Eng_stocks-countries.xlsx,countries-ENG,DS41,published
fdi_position,country,m49_398,398,Kazakhstan,group_cis,country,2022,position_end_of_year,249749578.60000004000,249749.57860000004,thousand_usd,numeric,,2026-09-08,FDI_Eng_stocks-countries.xlsx,countries-ENG,EM41,published
fdi_position,country,m49_398,398,Kazakhstan,group_cis,country,2023,position_end_of_year,291826030.40000005000,291826.03040000005,thousand_usd,numeric,,2026-09-08,FDI_Eng_stocks-countries.xlsx,countries-ENG,FG41,published
fdi_position,country,m49_398,398,Kazakhstan,group_cis,country,2024,position_end_of_year,312431514.60000005000,312431.51460000005,thousand_usd,numeric,,2026-09-08,FDI_Eng_stocks-countries.xlsx,countries-ENG,GA41,published
fdi_position,country,m49_398,398,Kazakhstan,group_cis,country,2025,position_end_of_year,355876890.80000028000,355876.89080000028,thousand_usd,numeric,,2026-09-08,FDI_Eng_stocks-countries.xlsx,countries-ENG,GU41,published
fdi_position,country,m49_400,400,Jordan,group_other,country,2015,position_end_of_year,1786815.2000000002000,1786.8152000000002,thousand_usd,numeric,,2026-09-08,FDI_Eng_stocks-countries.xlsx,countries-ENG,C66,published
fdi_position,country,m49_400,400,Jordan,group_other,country,2016,position_end_of_year,2628897.0999999997000,2628.8970999999997,thousand_usd,numeric,,2026-09-08,FDI_Eng_stocks-countries.xlsx,countries-ENG,W66,published
fdi_position,country,m49_400,400,Jordan,group_other,country,2017,position_end_of_year,3595674.6000000003000,3595.6746000000003,thousand_usd,numeric,,2026-09-08,FDI_Eng_stocks-countries.xlsx,countries-ENG,AQ66,published
fdi_position,country,m49_400,400,Jordan,group_other,country,2018,position_end_of_year,4121683.2000000004000,4121.6832000000004,thousand_usd,numeric,,2026-09-08,FDI_Eng_stocks-countries.xlsx,countries-ENG,BK66,published
fdi_position,country,m49_400,400,Jordan,group_other,country,2019,position_end_of_year,2643516.7000000006000,2643.5167000000006,thousand_usd,numeric,,2026-09-08,FDI_Eng_stocks-countries.xlsx,countries-ENG,CE66,published
fdi_position,country,m49_400,400,Jordan,group_other,country,2020,position_end_of_year,2361148.7999999999000,2361.1487999999999,thousand_usd,numeric,,2026-09-08,FDI_Eng_stocks-countries.xlsx,countries-ENG,CY66,published
fdi_position,country,m49_400,400,Jordan,group_other,country,2021,position_end_of_year,4407135.5000000003000,4407.1355000000003,thousand_usd,numeric,,2026-09-08,FDI_Eng_stocks-countries.xlsx,countries-ENG,DS66,published
fdi_position,country,m49_400,400,Jordan,group_other,country,2022,position_end_of_year,5144313.4000,5144.3134,thousand_usd,numeric,,2026-09-08,FDI_Eng_stocks-countries.xlsx,countries-ENG,EM66,published
fdi_position,country,m49_400,400,Jordan,group_other,country,2023,position_end_of_year,5549746.9999999994000,5549.7469999999994,thousand_usd,numeric,,2026-09-08,FDI_Eng_stocks-countries.xlsx,countries-ENG,FG66,published
fdi_position,country,m49_400,400,Jordan,group_other,country,2024,position_end_of_year,6675607.9000000027000,6675.6079000000027,thousand_usd,numeric,,2026-09-08,FDI_Eng_stocks-countries.xlsx,countries-ENG,GA66,published
fdi_position,country,m49_400,400,Jordan,group_other,country,2025,position_end_of_year,9251132.8999999987000,9251.1328999999987,thousand_usd,numeric,,2026-09-08,FDI_Eng_stocks-countries.xlsx,countries-ENG,GU66,published
fdi_position,country,m49_410,410,Korea,group_other,country,2015,position_end_of_year,30104889.900000002000,30104.889900000002,thousand_usd,numeric,,2026-09-08,FDI_Eng_stocks-countries.xlsx,countries-ENG,C67,published
fdi_position,country,m49_410,410,Korea,group_other,country,2016,position_end_of_year,60289537.800000006000,60289.537800000006,thousand_usd,numeric,,2026-09-08,FDI_Eng_stocks-countries.xlsx,countries-ENG,W67,published
fdi_position,country,m49_410,410,Korea,group_other,country,2017,position_end_of_year,96747390.399999989000,96747.390399999989,thousand_usd,numeric,,2026-09-08,FDI_Eng_stocks-countries.xlsx,countries-ENG,AQ67,published
fdi_position,country,m49_410,410,Korea,group_other,country,2018,position_end_of_year,131591178.19999999000,131591.17819999999,thousand_usd,numeric,,2026-09-08,FDI_Eng_stocks-countries.xlsx,countries-ENG,BK67,published
fdi_position,country,m49_410,410,Korea,group_other,country,2019,position_end_of_year,156801932.80000004000,156801.93280000004,thousand_usd,numeric,,2026-09-08,FDI_Eng_stocks-countries.xlsx,countries-ENG,CE67,published
fdi_position,country,m49_410,410,Korea,group_other,country,2020,position_end_of_year,164160260.50000006000,164160.26050000006,thousand_usd,numeric,,2026-09-08,FDI_Eng_stocks-countries.xlsx,countries-ENG,CY67,published
fdi_position,country,m49_410,410,Korea,group_other,country,2021,position_end_of_year,165984658.8000,165984.6588,thousand_usd,numeric,,2026-09-08,FDI_Eng_stocks-countries.xlsx,countries-ENG,DS67,published
fdi_position,country,m49_410,410,Korea,group_other,country,2022,position_end_of_year,160920319.90000003000,160920.31990000003,thousand_usd,numeric,,2026-09-08,FDI_Eng_stocks-countries.xlsx,countries-ENG,EM67,published
fdi_position,country,m49_410,410,Korea,group_other,country,2023,position_end_of_year,163528065.20000001000,163528.06520000001,thousand_usd,numeric,,2026-09-08,FDI_Eng_stocks-countries.xlsx,countries-ENG,FG67,published
fdi_position,country,m49_410,410,Korea,group_other,country,2024,position_end_of_year,168256277.000,168256.277,thousand_usd,numeric,,2026-09-08,FDI_Eng_stocks-countries.xlsx,countries-ENG,GA67,published
fdi_position,country,m49_410,410,Korea,group_other,country,2025,position_end_of_year,165923387.89999997000,165923.38789999997,thousand_usd,numeric,,2026-09-08,FDI_Eng_stocks-countries.xlsx,countries-ENG,GU67,published
fdi_position,country,m49_417,417,Kyrgyzstan,group_cis,country,2015,position_end_of_year,24323794.699999999000,24323.794699999999,thousand_usd,numeric,,2026-09-08,FDI_Eng_stocks-countries.xlsx,countries-ENG,C42,published
fdi_position,country,m49_417,417,Kyrgyzstan,group_cis,country,2016,position_end_of_year,25402492.899999997000,25402.492899999997,thousand_usd,numeric,,2026-09-08,FDI_Eng_stocks-countries.xlsx,countries-ENG,W42,published
fdi_position,country,m49_417,417,Kyrgyzstan,group_cis,country,2017,position_end_of_year,25669028.699999992000,25669.028699999992,thousand_usd,numeric,,2026-09-08,FDI_Eng_stocks-countries.xlsx,countries-ENG,AQ42,published
fdi_position,country,m49_417,417,Kyrgyzstan,group_cis,country,2018,position_end_of_year,26381138.700000007000,26381.138700000007,thousand_usd,numeric,,2026-09-08,FDI_Eng_stocks-countries.xlsx,countries-ENG,BK42,published
fdi_position,country,m49_417,417,Kyrgyzstan,group_cis,country,2019,position_end_of_year,26736992.900000001000,26736.992900000001,thousand_usd,numeric,,2026-09-08,FDI_Eng_stocks-countries.xlsx,countries-ENG,CE42,published
fdi_position,country,m49_417,417,Kyrgyzstan,group_cis,country,2020,position_end_of_year,25565995.100000004000,25565.995100000004,thousand_usd,numeric,,2026-09-08,FDI_Eng_stocks-countries.xlsx,countries-ENG,CY42,published
fdi_position,country,m49_417,417,Kyrgyzstan,group_cis,country,2021,position_end_of_year,1190538.1000000002000,1190.5381000000002,thousand_usd,numeric,,2026-09-08,FDI_Eng_stocks-countries.xlsx,countries-ENG,DS42,published
fdi_position,country,m49_417,417,Kyrgyzstan,group_cis,country,2022,position_end_of_year,2002653.3999999997000,2002.6533999999997,thousand_usd,numeric,,2026-09-08,FDI_Eng_stocks-countries.xlsx,countries-ENG,EM42,published
fdi_position,country,m49_417,417,Kyrgyzstan,group_cis,country,2023,position_end_of_year,8939151.7999999996000,8939.1517999999996,thousand_usd,numeric,,2026-09-08,FDI_Eng_stocks-countries.xlsx,countries-ENG,FG42,published
fdi_position,country,m49_417,417,Kyrgyzstan,group_cis,country,2024,position_end_of_year,9727951.1999999995000,9727.9511999999995,thousand_usd,numeric,,2026-09-08,FDI_Eng_stocks-countries.xlsx,countries-ENG,GA42,published
fdi_position,country,m49_417,417,Kyrgyzstan,group_cis,country,2025,position_end_of_year,10278825.700000003000,10278.825700000003,thousand_usd,numeric,,2026-09-08,FDI_Eng_stocks-countries.xlsx,countries-ENG,GU42,published
fdi_position,country,m49_422,422,Lebanon,group_other,country,2015,position_end_of_year,276255.40000000001000,276.25540000000001,thousand_usd,numeric,,2026-09-08,FDI_Eng_stocks-countries.xlsx,countries-ENG,C68,published
fdi_position,country,m49_422,422,Lebanon,group_other,country,2016,position_end_of_year,786908.50000000012000,786.90850000000012,thousand_usd,numeric,,2026-09-08,FDI_Eng_stocks-countries.xlsx,countries-ENG,W68,published
fdi_position,country,m49_422,422,Lebanon,group_other,country,2017,position_end_of_year,4062410.2000000003000,4062.4102000000003,thousand_usd,numeric,,2026-09-08,FDI_Eng_stocks-countries.xlsx,countries-ENG,AQ68,published
fdi_position,country,m49_422,422,Lebanon,group_other,country,2018,position_end_of_year,5313299.6999999987000,5313.2996999999987,thousand_usd,numeric,,2026-09-08,FDI_Eng_stocks-countries.xlsx,countries-ENG,BK68,published
fdi_position,country,m49_422,422,Lebanon,group_other,country,2019,position_end_of_year,6926643.2999999988000,6926.6432999999988,thousand_usd,numeric,,2026-09-08,FDI_Eng_stocks-countries.xlsx,countries-ENG,CE68,published
fdi_position,country,m49_422,422,Lebanon,group_other,country,2020,position_end_of_year,10605264.400000002000,10605.264400000002,thousand_usd,numeric,,2026-09-08,FDI_Eng_stocks-countries.xlsx,countries-ENG,CY68,published
fdi_position,country,m49_422,422,Lebanon,group_other,country,2021,position_end_of_year,13470877.399999998000,13470.877399999998,thousand_usd,numeric,,2026-09-08,FDI_Eng_stocks-countries.xlsx,countries-ENG,DS68,published
fdi_position,country,m49_422,422,Lebanon,group_other,country,2022,position_end_of_year,15119584.700000005000,15119.584700000005,thousand_usd,numeric,,2026-09-08,FDI_Eng_stocks-countries.xlsx,countries-ENG,EM68,published
fdi_position,country,m49_422,422,Lebanon,group_other,country,2023,position_end_of_year,15538464.599999992000,15538.464599999992,thousand_usd,numeric,,2026-09-08,FDI_Eng_stocks-countries.xlsx,countries-ENG,FG68,published
fdi_position,country,m49_422,422,Lebanon,group_other,country,2024,position_end_of_year,17078436.099999999000,17078.436099999999,thousand_usd,numeric,,2026-09-08,FDI_Eng_stocks-countries.xlsx,countries-ENG,GA68,published
fdi_position,country,m49_422,422,Lebanon,group_other,country,2025,position_end_of_year,21751640.000000007000,21751.640000000007,thousand_usd,numeric,,2026-09-08,FDI_Eng_stocks-countries.xlsx,countries-ENG,GU68,published
fdi_position,country,m49_428,428,Latvia,group_eu27,country,2015,position_end_of_year,37985181.500000006000,37985.181500000006,thousand_usd,numeric,,2026-09-08,FDI_Eng_stocks-countries.xlsx,countries-ENG,C24,published
fdi_position,country,m49_428,428,Latvia,group_eu27,country,2016,position_end_of_year,50765880.899999989000,50765.880899999989,thousand_usd,numeric,,2026-09-08,FDI_Eng_stocks-countries.xlsx,countries-ENG,W24,published
fdi_position,country,m49_428,428,Latvia,group_eu27,country,2017,position_end_of_year,17993570.100000001000,17993.570100000001,thousand_usd,numeric,,2026-09-08,FDI_Eng_stocks-countries.xlsx,countries-ENG,AQ24,published
fdi_position,country,m49_428,428,Latvia,group_eu27,country,2018,position_end_of_year,29758963.500000005000,29758.963500000005,thousand_usd,numeric,,2026-09-08,FDI_Eng_stocks-countries.xlsx,countries-ENG,BK24,published
fdi_position,country,m49_428,428,Latvia,group_eu27,country,2019,position_end_of_year,18295269.699999997000,18295.269699999997,thousand_usd,numeric,,2026-09-08,FDI_Eng_stocks-countries.xlsx,countries-ENG,CE24,published
fdi_position,country,m49_428,428,Latvia,group_eu27,country,2020,position_end_of_year,30377835.999999996000,30377.835999999996,thousand_usd,numeric,,2026-09-08,FDI_Eng_stocks-countries.xlsx,countries-ENG,CY24,published
fdi_position,country,m49_428,428,Latvia,group_eu27,country,2021,position_end_of_year,48996615.700000002000,48996.615700000002,thousand_usd,numeric,,2026-09-08,FDI_Eng_stocks-countries.xlsx,countries-ENG,DS24,published
fdi_position,country,m49_428,428,Latvia,group_eu27,country,2022,position_end_of_year,66571086.89999998000,66571.08689999998,thousand_usd,numeric,,2026-09-08,FDI_Eng_stocks-countries.xlsx,countries-ENG,EM24,published
fdi_position,country,m49_428,428,Latvia,group_eu27,country,2023,position_end_of_year,75003932.80000001000,75003.93280000001,thousand_usd,numeric,,2026-09-08,FDI_Eng_stocks-countries.xlsx,countries-ENG,FG24,published
fdi_position,country,m49_428,428,Latvia,group_eu27,country,2024,position_end_of_year,90213663.299999986000,90213.663299999986,thousand_usd,numeric,,2026-09-08,FDI_Eng_stocks-countries.xlsx,countries-ENG,GA24,published
fdi_position,country,m49_428,428,Latvia,group_eu27,country,2025,position_end_of_year,114308301.1000,114308.3011,thousand_usd,numeric,,2026-09-08,FDI_Eng_stocks-countries.xlsx,countries-ENG,GU24,published
fdi_position,country,m49_434,434,Libya,group_other,country,2015,position_end_of_year,,-,thousand_usd,not_applicable,,2026-09-08,FDI_Eng_stocks-countries.xlsx,countries-ENG,C69,published
fdi_position,country,m49_434,434,Libya,group_other,country,2016,position_end_of_year,,-,thousand_usd,not_applicable,,2026-09-08,FDI_Eng_stocks-countries.xlsx,countries-ENG,W69,published
fdi_position,country,m49_434,434,Libya,group_other,country,2017,position_end_of_year,90812.000000000012000,90.812000000000012,thousand_usd,numeric,,2026-09-08,FDI_Eng_stocks-countries.xlsx,countries-ENG,AQ69,published
fdi_position,country,m49_434,434,Libya,group_other,country,2018,position_end_of_year,90812.000000000012000,90.812000000000012,thousand_usd,numeric,,2026-09-08,FDI_Eng_stocks-countries.xlsx,countries-ENG,BK69,published
fdi_position,country,m49_434,434,Libya,group_other,country,2019,position_end_of_year,90812.000000000012000,90.812000000000012,thousand_usd,numeric,,2026-09-08,FDI_Eng_stocks-countries.xlsx,countries-ENG,CE69,published
fdi_position,country,m49_434,434,Libya,group_other,country,2020,position_end_of_year,90812.000000000012000,90.812000000000012,thousand_usd,numeric,,2026-09-08,FDI_Eng_stocks-countries.xlsx,countries-ENG,CY69,published
fdi_position,country,m49_434,434,Libya,group_other,country,2021,position_end_of_year,100275.30000000002000,100.27530000000002,thousand_usd,numeric,,2026-09-08,FDI_Eng_stocks-countries.xlsx,countries-ENG,DS69,published
fdi_position,country,m49_434,434,Libya,group_other,country,2022,position_end_of_year,100275.30000000002000,100.27530000000002,thousand_usd,numeric,,2026-09-08,FDI_Eng_stocks-countries.xlsx,countries-ENG,EM69,published
fdi_position,country,m49_434,434,Libya,group_other,country,2023,position_end_of_year,100275.30000000002000,100.27530000000002,thousand_usd,numeric,,2026-09-08,FDI_Eng_stocks-countries.xlsx,countries-ENG,FG69,published
fdi_position,country,m49_434,434,Libya,group_other,country,2024,position_end_of_year,100275.30000000002000,100.27530000000002,thousand_usd,numeric,,2026-09-08,FDI_Eng_stocks-countries.xlsx,countries-ENG,GA69,published
fdi_position,country,m49_434,434,Libya,group_other,country,2025,position_end_of_year,100275.30000000002000,100.27530000000002,thousand_usd,numeric,,2026-09-08,FDI_Eng_stocks-countries.xlsx,countries-ENG,GU69,published
fdi_position,country,m49_438,438,Liechtenstein,group_other,country,2015,position_end_of_year,40063369.099999996000,40063.369099999996,thousand_usd,numeric,,2026-09-08,FDI_Eng_stocks-countries.xlsx,countries-ENG,C70,published
fdi_position,country,m49_438,438,Liechtenstein,group_other,country,2016,position_end_of_year,44098026.899999997000,44098.026899999997,thousand_usd,numeric,,2026-09-08,FDI_Eng_stocks-countries.xlsx,countries-ENG,W70,published
fdi_position,country,m49_438,438,Liechtenstein,group_other,country,2017,position_end_of_year,47207207.200000004000,47207.207200000004,thousand_usd,numeric,,2026-09-08,FDI_Eng_stocks-countries.xlsx,countries-ENG,AQ70,published
fdi_position,country,m49_438,438,Liechtenstein,group_other,country,2018,position_end_of_year,29625029.900000009000,29625.029900000009,thousand_usd,numeric,,2026-09-08,FDI_Eng_stocks-countries.xlsx,countries-ENG,BK70,published
fdi_position,country,m49_438,438,Liechtenstein,group_other,country,2019,position_end_of_year,29317047.300000002000,29317.047300000002,thousand_usd,numeric,,2026-09-08,FDI_Eng_stocks-countries.xlsx,countries-ENG,CE70,published
fdi_position,country,m49_438,438,Liechtenstein,group_other,country,2020,position_end_of_year,28770853.999999999000,28770.853999999999,thousand_usd,numeric,,2026-09-08,FDI_Eng_stocks-countries.xlsx,countries-ENG,CY70,published
fdi_position,country,m49_438,438,Liechtenstein,group_other,country,2021,position_end_of_year,31389036.000,31389.036,thousand_usd,numeric,,2026-09-08,FDI_Eng_stocks-countries.xlsx,countries-ENG,DS70,published
fdi_position,country,m49_438,438,Liechtenstein,group_other,country,2022,position_end_of_year,33250841.500000002000,33250.841500000002,thousand_usd,numeric,,2026-09-08,FDI_Eng_stocks-countries.xlsx,countries-ENG,EM70,published
fdi_position,country,m49_438,438,Liechtenstein,group_other,country,2023,position_end_of_year,32999003.600000004000,32999.003600000004,thousand_usd,numeric,,2026-09-08,FDI_Eng_stocks-countries.xlsx,countries-ENG,FG70,published
fdi_position,country,m49_438,438,Liechtenstein,group_other,country,2024,position_end_of_year,33059608.499999995000,33059.608499999995,thousand_usd,numeric,,2026-09-08,FDI_Eng_stocks-countries.xlsx,countries-ENG,GA70,published
fdi_position,country,m49_438,438,Liechtenstein,group_other,country,2025,position_end_of_year,30530224.000000006000,30530.224000000006,thousand_usd,numeric,,2026-09-08,FDI_Eng_stocks-countries.xlsx,countries-ENG,GU70,published
fdi_position,country,m49_440,440,Lithuania (Lietuva),group_eu27,country,2015,position_end_of_year,14110578.999999998000,14110.578999999998,thousand_usd,numeric,,2026-09-08,FDI_Eng_stocks-countries.xlsx,countries-ENG,C25,published
fdi_position,country,m49_440,440,Lithuania (Lietuva),group_eu27,country,2016,position_end_of_year,8839710.1999999995000,8839.7101999999995,thousand_usd,numeric,,2026-09-08,FDI_Eng_stocks-countries.xlsx,countries-ENG,W25,published
fdi_position,country,m49_440,440,Lithuania (Lietuva),group_eu27,country,2017,position_end_of_year,11590826.999999997000,11590.826999999997,thousand_usd,numeric,,2026-09-08,FDI_Eng_stocks-countries.xlsx,countries-ENG,AQ25,published
fdi_position,country,m49_440,440,Lithuania (Lietuva),group_eu27,country,2018,position_end_of_year,12106281.700000001000,12106.281700000001,thousand_usd,numeric,,2026-09-08,FDI_Eng_stocks-countries.xlsx,countries-ENG,BK25,published
fdi_position,country,m49_440,440,Lithuania (Lietuva),group_eu27,country,2019,position_end_of_year,14187972.700000002000,14187.972700000002,thousand_usd,numeric,,2026-09-08,FDI_Eng_stocks-countries.xlsx,countries-ENG,CE25,published
fdi_position,country,m49_440,440,Lithuania (Lietuva),group_eu27,country,2020,position_end_of_year,14479026.699999997000,14479.026699999997,thousand_usd,numeric,,2026-09-08,FDI_Eng_stocks-countries.xlsx,countries-ENG,CY25,published
fdi_position,country,m49_440,440,Lithuania (Lietuva),group_eu27,country,2021,position_end_of_year,15564757.500000003000,15564.757500000003,thousand_usd,numeric,,2026-09-08,FDI_Eng_stocks-countries.xlsx,countries-ENG,DS25,published
fdi_position,country,m49_440,440,Lithuania (Lietuva),group_eu27,country,2022,position_end_of_year,22644311.099999995000,22644.311099999995,thousand_usd,numeric,,2026-09-08,FDI_Eng_stocks-countries.xlsx,countries-ENG,EM25,published
fdi_position,country,m49_440,440,Lithuania (Lietuva),group_eu27,country,2023,position_end_of_year,27780728.799999993000,27780.728799999993,thousand_usd,numeric,,2026-09-08,FDI_Eng_stocks-countries.xlsx,countries-ENG,FG25,published
fdi_position,country,m49_440,440,Lithuania (Lietuva),group_eu27,country,2024,position_end_of_year,31763612.9000,31763.6129,thousand_usd,numeric,,2026-09-08,FDI_Eng_stocks-countries.xlsx,countries-ENG,GA25,published
fdi_position,country,m49_440,440,Lithuania (Lietuva),group_eu27,country,2025,position_end_of_year,36931771.199999996000,36931.771199999996,thousand_usd,numeric,,2026-09-08,FDI_Eng_stocks-countries.xlsx,countries-ENG,GU25,published
fdi_position,country,m49_442,442,Luxembourg,group_eu27,country,2015,position_end_of_year,697433968.79999992000,697433.96879999992,thousand_usd,numeric,,2026-09-08,FDI_Eng_stocks-countries.xlsx,countries-ENG,C26,published
fdi_position,country,m49_442,442,Luxembourg,group_eu27,country,2016,position_end_of_year,779980658.89999992000,779980.65889999992,thousand_usd,numeric,,2026-09-08,FDI_Eng_stocks-countries.xlsx,countries-ENG,W26,published
fdi_position,country,m49_442,442,Luxembourg,group_eu27,country,2017,position_end_of_year,897049945.70000004000,897049.94570000004,thousand_usd,numeric,,2026-09-08,FDI_Eng_stocks-countries.xlsx,countries-ENG,AQ26,published
fdi_position,country,m49_442,442,Luxembourg,group_eu27,country,2018,position_end_of_year,932987157.20000013000,932987.15720000013,thousand_usd,numeric,,2026-09-08,FDI_Eng_stocks-countries.xlsx,countries-ENG,BK26,published
fdi_position,country,m49_442,442,Luxembourg,group_eu27,country,2019,position_end_of_year,979428894.40000034000,979428.89440000034,thousand_usd,numeric,,2026-09-08,FDI_Eng_stocks-countries.xlsx,countries-ENG,CE26,published
fdi_position,country,m49_442,442,Luxembourg,group_eu27,country,2020,position_end_of_year,962480092.49999956000,962480.09249999956,thousand_usd,numeric,,2026-09-08,FDI_Eng_stocks-countries.xlsx,countries-ENG,CY26,published
fdi_position,country,m49_442,442,Luxembourg,group_eu27,country,2021,position_end_of_year,978197475.49999983000,978197.47549999983,thousand_usd,numeric,,2026-09-08,FDI_Eng_stocks-countries.xlsx,countries-ENG,DS26,published
fdi_position,country,m49_442,442,Luxembourg,group_eu27,country,2022,position_end_of_year,629335049.9000001000,629335.0499000001,thousand_usd,numeric,,2026-09-08,FDI_Eng_stocks-countries.xlsx,countries-ENG,EM26,published
fdi_position,country,m49_442,442,Luxembourg,group_eu27,country,2023,position_end_of_year,647004663.90000004000,647004.66390000004,thousand_usd,numeric,,2026-09-08,FDI_Eng_stocks-countries.xlsx,countries-ENG,FG26,published
fdi_position,country,m49_442,442,Luxembourg,group_eu27,country,2024,position_end_of_year,649257510.49999986000,649257.51049999986,thousand_usd,numeric,,2026-09-08,FDI_Eng_stocks-countries.xlsx,countries-ENG,GA26,published
fdi_position,country,m49_442,442,Luxembourg,group_eu27,country,2025,position_end_of_year,680425211.60000016000,680425.21160000016,thousand_usd,numeric,,2026-09-08,FDI_Eng_stocks-countries.xlsx,countries-ENG,GU26,published
fdi_position,country,m49_470,470,Malta,group_eu27,country,2015,position_end_of_year,177619489.20000001000,177619.48920000001,thousand_usd,numeric,,2026-09-08,FDI_Eng_stocks-countries.xlsx,countries-ENG,C27,published
fdi_position,country,m49_470,470,Malta,group_eu27,country,2016,position_end_of_year,202377204.60000008000,202377.20460000008,thousand_usd,numeric,,2026-09-08,FDI_Eng_stocks-countries.xlsx,countries-ENG,W27,published
fdi_position,country,m49_470,470,Malta,group_eu27,country,2017,position_end_of_year,215555727.59999998000,215555.72759999998,thousand_usd,numeric,,2026-09-08,FDI_Eng_stocks-countries.xlsx,countries-ENG,AQ27,published
fdi_position,country,m49_470,470,Malta,group_eu27,country,2018,position_end_of_year,307062233.70000004000,307062.23370000004,thousand_usd,numeric,,2026-09-08,FDI_Eng_stocks-countries.xlsx,countries-ENG,BK27,published
fdi_position,country,m49_470,470,Malta,group_eu27,country,2019,position_end_of_year,629754254.59999999000,629754.25459999999,thousand_usd,numeric,,2026-09-08,FDI_Eng_stocks-countries.xlsx,countries-ENG,CE27,published
fdi_position,country,m49_470,470,Malta,group_eu27,country,2020,position_end_of_year,585891132.5999999000,585891.1325999999,thousand_usd,numeric,,2026-09-08,FDI_Eng_stocks-countries.xlsx,countries-ENG,CY27,published
fdi_position,country,m49_470,470,Malta,group_eu27,country,2021,position_end_of_year,566887139.19999963000,566887.13919999963,thousand_usd,numeric,,2026-09-08,FDI_Eng_stocks-countries.xlsx,countries-ENG,DS27,published
fdi_position,country,m49_470,470,Malta,group_eu27,country,2022,position_end_of_year,651956159.09999993000,651956.15909999993,thousand_usd,numeric,,2026-09-08,FDI_Eng_stocks-countries.xlsx,countries-ENG,EM27,published
fdi_position,country,m49_470,470,Malta,group_eu27,country,2023,position_end_of_year,751947758.29999999000,751947.75829999999,thousand_usd,numeric,,2026-09-08,FDI_Eng_stocks-countries.xlsx,countries-ENG,FG27,published
fdi_position,country,m49_470,470,Malta,group_eu27,country,2024,position_end_of_year,894603473.50000008000,894603.47350000008,thousand_usd,numeric,,2026-09-08,FDI_Eng_stocks-countries.xlsx,countries-ENG,GA27,published
fdi_position,country,m49_470,470,Malta,group_eu27,country,2025,position_end_of_year,1079191198.3999999000,1079191.1983999999,thousand_usd,numeric,,2026-09-08,FDI_Eng_stocks-countries.xlsx,countries-ENG,GU27,published
fdi_position,country,m49_480,480,Mauritius,group_other,country,2015,position_end_of_year,69522387.699999992000,69522.387699999992,thousand_usd,numeric,,2026-09-08,FDI_Eng_stocks-countries.xlsx,countries-ENG,C71,published
fdi_position,country,m49_480,480,Mauritius,group_other,country,2016,position_end_of_year,69043711.299999995000,69043.711299999995,thousand_usd,numeric,,2026-09-08,FDI_Eng_stocks-countries.xlsx,countries-ENG,W71,published
fdi_position,country,m49_480,480,Mauritius,group_other,country,2017,position_end_of_year,62467187.59999999000,62467.18759999999,thousand_usd,numeric,,2026-09-08,FDI_Eng_stocks-countries.xlsx,countries-ENG,AQ71,published
fdi_position,country,m49_480,480,Mauritius,group_other,country,2018,position_end_of_year,62070807.9000,62070.8079,thousand_usd,numeric,,2026-09-08,FDI_Eng_stocks-countries.xlsx,countries-ENG,BK71,published
fdi_position,country,m49_480,480,Mauritius,group_other,country,2019,position_end_of_year,61988165.399999991000,61988.165399999991,thousand_usd,numeric,,2026-09-08,FDI_Eng_stocks-countries.xlsx,countries-ENG,CE71,published
fdi_position,country,m49_480,480,Mauritius,group_other,country,2020,position_end_of_year,53776519.3000,53776.5193,thousand_usd,numeric,,2026-09-08,FDI_Eng_stocks-countries.xlsx,countries-ENG,CY71,published
fdi_position,country,m49_480,480,Mauritius,group_other,country,2021,position_end_of_year,31322092.099999994000,31322.092099999994,thousand_usd,numeric,,2026-09-08,FDI_Eng_stocks-countries.xlsx,countries-ENG,DS71,published
fdi_position,country,m49_480,480,Mauritius,group_other,country,2022,position_end_of_year,33703599.999999999000,33703.599999999999,thousand_usd,numeric,,2026-09-08,FDI_Eng_stocks-countries.xlsx,countries-ENG,EM71,published
fdi_position,country,m49_480,480,Mauritius,group_other,country,2023,position_end_of_year,34147015.299999999000,34147.015299999999,thousand_usd,numeric,,2026-09-08,FDI_Eng_stocks-countries.xlsx,countries-ENG,FG71,published
fdi_position,country,m49_480,480,Mauritius,group_other,country,2024,position_end_of_year,34197214.700000004000,34197.214700000004,thousand_usd,numeric,,2026-09-08,FDI_Eng_stocks-countries.xlsx,countries-ENG,GA71,published
fdi_position,country,m49_480,480,Mauritius,group_other,country,2025,position_end_of_year,37812483.500000009000,37812.483500000009,thousand_usd,numeric,,2026-09-08,FDI_Eng_stocks-countries.xlsx,countries-ENG,GU71,published
fdi_position,country,m49_498,498,Moldova,group_cis,country,2015,position_end_of_year,-2081.1999999999999000,-2.0811999999999999,thousand_usd,numeric,,2026-09-08,FDI_Eng_stocks-countries.xlsx,countries-ENG,C43,published
fdi_position,country,m49_498,498,Moldova,group_cis,country,2016,position_end_of_year,-24644.500000000008000,-24.644500000000008,thousand_usd,numeric,,2026-09-08,FDI_Eng_stocks-countries.xlsx,countries-ENG,W43,published
fdi_position,country,m49_498,498,Moldova,group_cis,country,2017,position_end_of_year,31607.300000000006000,31.607300000000006,thousand_usd,numeric,,2026-09-08,FDI_Eng_stocks-countries.xlsx,countries-ENG,AQ43,published
fdi_position,country,m49_498,498,Moldova,group_cis,country,2018,position_end_of_year,106677.40000000001000,106.67740000000001,thousand_usd,numeric,,2026-09-08,FDI_Eng_stocks-countries.xlsx,countries-ENG,BK43,published
fdi_position,country,m49_498,498,Moldova,group_cis,country,2019,position_end_of_year,118134.70000000004000,118.13470000000004,thousand_usd,numeric,,2026-09-08,FDI_Eng_stocks-countries.xlsx,countries-ENG,CE43,published
fdi_position,country,m49_498,498,Moldova,group_cis,country,2020,position_end_of_year,140097.89999999998000,140.09789999999998,thousand_usd,numeric,,2026-09-08,FDI_Eng_stocks-countries.xlsx,countries-ENG,CY43,published
fdi_position,country,m49_498,498,Moldova,group_cis,country,2021,position_end_of_year,582878.50000000003000,582.87850000000003,thousand_usd,numeric,,2026-09-08,FDI_Eng_stocks-countries.xlsx,countries-ENG,DS43,published
fdi_position,country,m49_498,498,Moldova,group_cis,country,2022,position_end_of_year,625101.59999999996000,625.10159999999996,thousand_usd,numeric,,2026-09-08,FDI_Eng_stocks-countries.xlsx,countries-ENG,EM43,published
fdi_position,country,m49_498,498,Moldova,group_cis,country,2023,position_end_of_year,1160544.7000000001000,1160.5447000000001,thousand_usd,numeric,,2026-09-08,FDI_Eng_stocks-countries.xlsx,countries-ENG,FG43,published
fdi_position,country,m49_498,498,Moldova,group_cis,country,2024,position_end_of_year,1208223.6000,1208.2236,thousand_usd,numeric,,2026-09-08,FDI_Eng_stocks-countries.xlsx,countries-ENG,GA43,published
fdi_position,country,m49_498,498,Moldova,group_cis,country,2025,position_end_of_year,1588628.9999999999000,1588.6289999999999,thousand_usd,numeric,,2026-09-08,FDI_Eng_stocks-countries.xlsx,countries-ENG,GU43,published
fdi_position,country,m49_528,528,Netherlands,group_eu27,country,2015,position_end_of_year,2344880316.9000,2344880.3169,thousand_usd,numeric,,2026-09-08,FDI_Eng_stocks-countries.xlsx,countries-ENG,C28,published
fdi_position,country,m49_528,528,Netherlands,group_eu27,country,2016,position_end_of_year,2232176762.1999998000,2232176.7621999998,thousand_usd,numeric,,2026-09-08,FDI_Eng_stocks-countries.xlsx,countries-ENG,W28,published
fdi_position,country,m49_528,528,Netherlands,group_eu27,country,2017,position_end_of_year,2670692597.4000008000,2670692.5974000008,thousand_usd,numeric,,2026-09-08,FDI_Eng_stocks-countries.xlsx,countries-ENG,AQ28,published
fdi_position,country,m49_528,528,Netherlands,group_eu27,country,2018,position_end_of_year,1704235570.1999995000,1704235.5701999995,thousand_usd,numeric,,2026-09-08,FDI_Eng_stocks-countries.xlsx,countries-ENG,BK28,published
fdi_position,country,m49_528,528,Netherlands,group_eu27,country,2019,position_end_of_year,1768188206.9000003000,1768188.2069000003,thousand_usd,numeric,,2026-09-08,FDI_Eng_stocks-countries.xlsx,countries-ENG,CE28,published
fdi_position,country,m49_528,528,Netherlands,group_eu27,country,2020,position_end_of_year,1712422475.5000004000,1712422.4755000004,thousand_usd,numeric,,2026-09-08,FDI_Eng_stocks-countries.xlsx,countries-ENG,CY28,published
fdi_position,country,m49_528,528,Netherlands,group_eu27,country,2021,position_end_of_year,1662100348.8000003000,1662100.3488000003,thousand_usd,numeric,,2026-09-08,FDI_Eng_stocks-countries.xlsx,countries-ENG,DS28,published
fdi_position,country,m49_528,528,Netherlands,group_eu27,country,2022,position_end_of_year,1899861922.7999994000,1899861.9227999994,thousand_usd,numeric,,2026-09-08,FDI_Eng_stocks-countries.xlsx,countries-ENG,EM28,published
fdi_position,country,m49_528,528,Netherlands,group_eu27,country,2023,position_end_of_year,2139220353.6000,2139220.3536,thousand_usd,numeric,,2026-09-08,FDI_Eng_stocks-countries.xlsx,countries-ENG,FG28,published
fdi_position,country,m49_528,528,Netherlands,group_eu27,country,2024,position_end_of_year,2229509208.9000004000,2229509.2089000004,thousand_usd,numeric,,2026-09-08,FDI_Eng_stocks-countries.xlsx,countries-ENG,GA28,published
fdi_position,country,m49_528,528,Netherlands,group_eu27,country,2025,position_end_of_year,2413449129.3999995000,2413449.1293999995,thousand_usd,numeric,,2026-09-08,FDI_Eng_stocks-countries.xlsx,countries-ENG,GU28,published
fdi_position,country,m49_578,578,Norway,group_other,country,2015,position_end_of_year,890752.50000000005000,890.75250000000005,thousand_usd,numeric,,2026-09-08,FDI_Eng_stocks-countries.xlsx,countries-ENG,C72,published
fdi_position,country,m49_578,578,Norway,group_other,country,2016,position_end_of_year,-1562830.4000000001000,-1562.8304000000001,thousand_usd,numeric,,2026-09-08,FDI_Eng_stocks-countries.xlsx,countries-ENG,W72,published
fdi_position,country,m49_578,578,Norway,group_other,country,2017,position_end_of_year,-913279.000,-913.279,thousand_usd,numeric,,2026-09-08,FDI_Eng_stocks-countries.xlsx,countries-ENG,AQ72,published
fdi_position,country,m49_578,578,Norway,group_other,country,2018,position_end_of_year,4823778.1000000004000,4823.7781000000004,thousand_usd,numeric,,2026-09-08,FDI_Eng_stocks-countries.xlsx,countries-ENG,BK72,published
fdi_position,country,m49_578,578,Norway,group_other,country,2019,position_end_of_year,1293174.8000000002000,1293.1748000000002,thousand_usd,numeric,,2026-09-08,FDI_Eng_stocks-countries.xlsx,countries-ENG,CE72,published
fdi_position,country,m49_578,578,Norway,group_other,country,2020,position_end_of_year,2717213.4999999994000,2717.2134999999994,thousand_usd,numeric,,2026-09-08,FDI_Eng_stocks-countries.xlsx,countries-ENG,CY72,published
fdi_position,country,m49_578,578,Norway,group_other,country,2021,position_end_of_year,3828764.7999999999000,3828.7647999999999,thousand_usd,numeric,,2026-09-08,FDI_Eng_stocks-countries.xlsx,countries-ENG,DS72,published
fdi_position,country,m49_578,578,Norway,group_other,country,2022,position_end_of_year,4531078.3000000001000,4531.0783000000001,thousand_usd,numeric,,2026-09-08,FDI_Eng_stocks-countries.xlsx,countries-ENG,EM72,published
fdi_position,country,m49_578,578,Norway,group_other,country,2023,position_end_of_year,4354917.7000,4354.9177,thousand_usd,numeric,,2026-09-08,FDI_Eng_stocks-countries.xlsx,countries-ENG,FG72,published
fdi_position,country,m49_578,578,Norway,group_other,country,2024,position_end_of_year,4345954.200000001000,4345.954200000001,thousand_usd,numeric,,2026-09-08,FDI_Eng_stocks-countries.xlsx,countries-ENG,GA72,published
fdi_position,country,m49_578,578,Norway,group_other,country,2025,position_end_of_year,4721747.3999999993000,4721.7473999999993,thousand_usd,numeric,,2026-09-08,FDI_Eng_stocks-countries.xlsx,countries-ENG,GU72,published
fdi_position,country,m49_584,584,Marshall Islands,group_other,country,2015,position_end_of_year,121638134.7000,121638.1347,thousand_usd,numeric,,2026-09-08,FDI_Eng_stocks-countries.xlsx,countries-ENG,C73,published
fdi_position,country,m49_584,584,Marshall Islands,group_other,country,2016,position_end_of_year,123054552.000,123054.552,thousand_usd,numeric,,2026-09-08,FDI_Eng_stocks-countries.xlsx,countries-ENG,W73,published
fdi_position,country,m49_584,584,Marshall Islands,group_other,country,2017,position_end_of_year,120736926.20000002000,120736.92620000002,thousand_usd,numeric,,2026-09-08,FDI_Eng_stocks-countries.xlsx,countries-ENG,AQ73,published
fdi_position,country,m49_584,584,Marshall Islands,group_other,country,2018,position_end_of_year,74969350.799999971000,74969.350799999971,thousand_usd,numeric,,2026-09-08,FDI_Eng_stocks-countries.xlsx,countries-ENG,BK73,published
fdi_position,country,m49_584,584,Marshall Islands,group_other,country,2019,position_end_of_year,246313749.60000004000,246313.74960000004,thousand_usd,numeric,,2026-09-08,FDI_Eng_stocks-countries.xlsx,countries-ENG,CE73,published
fdi_position,country,m49_584,584,Marshall Islands,group_other,country,2020,position_end_of_year,249140525.20000003000,249140.52520000003,thousand_usd,numeric,,2026-09-08,FDI_Eng_stocks-countries.xlsx,countries-ENG,CY73,published
fdi_position,country,m49_584,584,Marshall Islands,group_other,country,2021,position_end_of_year,267191953.69999995000,267191.95369999995,thousand_usd,numeric,,2026-09-08,FDI_Eng_stocks-countries.xlsx,countries-ENG,DS73,published
fdi_position,country,m49_584,584,Marshall Islands,group_other,country,2022,position_end_of_year,309402632.00000004000,309402.63200000004,thousand_usd,numeric,,2026-09-08,FDI_Eng_stocks-countries.xlsx,countries-ENG,EM73,published
fdi_position,country,m49_584,584,Marshall Islands,group_other,country,2023,position_end_of_year,345082574.20000003000,345082.57420000003,thousand_usd,numeric,,2026-09-08,FDI_Eng_stocks-countries.xlsx,countries-ENG,FG73,published
fdi_position,country,m49_584,584,Marshall Islands,group_other,country,2024,position_end_of_year,376609211.00000001000,376609.21100000001,thousand_usd,numeric,,2026-09-08,FDI_Eng_stocks-countries.xlsx,countries-ENG,GA73,published
fdi_position,country,m49_584,584,Marshall Islands,group_other,country,2025,position_end_of_year,415465126.59999984000,415465.12659999984,thousand_usd,numeric,,2026-09-08,FDI_Eng_stocks-countries.xlsx,countries-ENG,GU73,published
fdi_position,country,m49_591,591,Panama,group_other,country,2015,position_end_of_year,132445603.79999998000,132445.60379999998,thousand_usd,numeric,,2026-09-08,FDI_Eng_stocks-countries.xlsx,countries-ENG,C74,published
fdi_position,country,m49_591,591,Panama,group_other,country,2016,position_end_of_year,195662931.29999988000,195662.93129999988,thousand_usd,numeric,,2026-09-08,FDI_Eng_stocks-countries.xlsx,countries-ENG,W74,published
fdi_position,country,m49_591,591,Panama,group_other,country,2017,position_end_of_year,217639090.6000,217639.0906,thousand_usd,numeric,,2026-09-08,FDI_Eng_stocks-countries.xlsx,countries-ENG,AQ74,published
fdi_position,country,m49_591,591,Panama,group_other,country,2018,position_end_of_year,281111613.40000009000,281111.61340000009,thousand_usd,numeric,,2026-09-08,FDI_Eng_stocks-countries.xlsx,countries-ENG,BK74,published
fdi_position,country,m49_591,591,Panama,group_other,country,2019,position_end_of_year,330291264.80000006000,330291.26480000006,thousand_usd,numeric,,2026-09-08,FDI_Eng_stocks-countries.xlsx,countries-ENG,CE74,published
fdi_position,country,m49_591,591,Panama,group_other,country,2020,position_end_of_year,83916516.999999993000,83916.516999999993,thousand_usd,numeric,,2026-09-08,FDI_Eng_stocks-countries.xlsx,countries-ENG,CY74,published
fdi_position,country,m49_591,591,Panama,group_other,country,2021,position_end_of_year,58435859.000000004000,58435.859000000004,thousand_usd,numeric,,2026-09-08,FDI_Eng_stocks-countries.xlsx,countries-ENG,DS74,published
fdi_position,country,m49_591,591,Panama,group_other,country,2022,position_end_of_year,69594830.300000001000,69594.830300000001,thousand_usd,numeric,,2026-09-08,FDI_Eng_stocks-countries.xlsx,countries-ENG,EM74,published
fdi_position,country,m49_591,591,Panama,group_other,country,2023,position_end_of_year,60084576.900000007000,60084.576900000007,thousand_usd,numeric,,2026-09-08,FDI_Eng_stocks-countries.xlsx,countries-ENG,FG74,published
fdi_position,country,m49_591,591,Panama,group_other,country,2024,position_end_of_year,41312257.700000002000,41312.257700000002,thousand_usd,numeric,,2026-09-08,FDI_Eng_stocks-countries.xlsx,countries-ENG,GA74,published
fdi_position,country,m49_591,591,Panama,group_other,country,2025,position_end_of_year,16357655.699999999000,16357.655699999999,thousand_usd,numeric,,2026-09-08,FDI_Eng_stocks-countries.xlsx,countries-ENG,GU74,published
fdi_position,country,m49_608,608,Philippines,group_other,country,2015,position_end_of_year,,-,thousand_usd,not_applicable,,2026-09-08,FDI_Eng_stocks-countries.xlsx,countries-ENG,C75,published
fdi_position,country,m49_608,608,Philippines,group_other,country,2016,position_end_of_year,11688.3000,11.6883,thousand_usd,numeric,,2026-09-08,FDI_Eng_stocks-countries.xlsx,countries-ENG,W75,published
fdi_position,country,m49_608,608,Philippines,group_other,country,2017,position_end_of_year,11789.200000000001000,11.789200000000001,thousand_usd,numeric,,2026-09-08,FDI_Eng_stocks-countries.xlsx,countries-ENG,AQ75,published
fdi_position,country,m49_608,608,Philippines,group_other,country,2018,position_end_of_year,11416.400000000001000,11.416400000000001,thousand_usd,numeric,,2026-09-08,FDI_Eng_stocks-countries.xlsx,countries-ENG,BK75,published
fdi_position,country,m49_608,608,Philippines,group_other,country,2019,position_end_of_year,56536.399999999993000,56.536399999999993,thousand_usd,numeric,,2026-09-08,FDI_Eng_stocks-countries.xlsx,countries-ENG,CE75,published
fdi_position,country,m49_608,608,Philippines,group_other,country,2020,position_end_of_year,55778.899999999993000,55.778899999999993,thousand_usd,numeric,,2026-09-08,FDI_Eng_stocks-countries.xlsx,countries-ENG,CY75,published
fdi_position,country,m49_608,608,Philippines,group_other,country,2021,position_end_of_year,464551.70000000004000,464.55170000000004,thousand_usd,numeric,,2026-09-08,FDI_Eng_stocks-countries.xlsx,countries-ENG,DS75,published
fdi_position,country,m49_608,608,Philippines,group_other,country,2022,position_end_of_year,796859.19999999999000,796.85919999999999,thousand_usd,numeric,,2026-09-08,FDI_Eng_stocks-countries.xlsx,countries-ENG,EM75,published
fdi_position,country,m49_608,608,Philippines,group_other,country,2023,position_end_of_year,809424.90000000009000,809.42490000000009,thousand_usd,numeric,,2026-09-08,FDI_Eng_stocks-countries.xlsx,countries-ENG,FG75,published
fdi_position,country,m49_608,608,Philippines,group_other,country,2024,position_end_of_year,934571.69999999996000,934.57169999999996,thousand_usd,numeric,,2026-09-08,FDI_Eng_stocks-countries.xlsx,countries-ENG,GA75,published
fdi_position,country,m49_608,608,Philippines,group_other,country,2025,position_end_of_year,955856.40000000001000,955.85640000000001,thousand_usd,numeric,,2026-09-08,FDI_Eng_stocks-countries.xlsx,countries-ENG,GU75,published
fdi_position,country,m49_616,616,Poland,group_eu27,country,2015,position_end_of_year,4717164.4999999999000,4717.1644999999999,thousand_usd,numeric,,2026-09-08,FDI_Eng_stocks-countries.xlsx,countries-ENG,C29,published
fdi_position,country,m49_616,616,Poland,group_eu27,country,2016,position_end_of_year,6464834.6999999994000,6464.8346999999994,thousand_usd,numeric,,2026-09-08,FDI_Eng_stocks-countries.xlsx,countries-ENG,W29,published
fdi_position,country,m49_616,616,Poland,group_eu27,country,2017,position_end_of_year,8126415.7000000005000,8126.4157000000005,thousand_usd,numeric,,2026-09-08,FDI_Eng_stocks-countries.xlsx,countries-ENG,AQ29,published
fdi_position,country,m49_616,616,Poland,group_eu27,country,2018,position_end_of_year,10739563.200000001000,10739.563200000001,thousand_usd,numeric,,2026-09-08,FDI_Eng_stocks-countries.xlsx,countries-ENG,BK29,published
fdi_position,country,m49_616,616,Poland,group_eu27,country,2019,position_end_of_year,14184780.399999998000,14184.780399999998,thousand_usd,numeric,,2026-09-08,FDI_Eng_stocks-countries.xlsx,countries-ENG,CE29,published
fdi_position,country,m49_616,616,Poland,group_eu27,country,2020,position_end_of_year,16091625.800000003000,16091.625800000003,thousand_usd,numeric,,2026-09-08,FDI_Eng_stocks-countries.xlsx,countries-ENG,CY29,published
fdi_position,country,m49_616,616,Poland,group_eu27,country,2021,position_end_of_year,22752784.300000003000,22752.784300000003,thousand_usd,numeric,,2026-09-08,FDI_Eng_stocks-countries.xlsx,countries-ENG,DS29,published
fdi_position,country,m49_616,616,Poland,group_eu27,country,2022,position_end_of_year,34644005.600000019000,34644.005600000019,thousand_usd,numeric,,2026-09-08,FDI_Eng_stocks-countries.xlsx,countries-ENG,EM29,published
fdi_position,country,m49_616,616,Poland,group_eu27,country,2023,position_end_of_year,38280448.899999981000,38280.448899999981,thousand_usd,numeric,,2026-09-08,FDI_Eng_stocks-countries.xlsx,countries-ENG,FG29,published
fdi_position,country,m49_616,616,Poland,group_eu27,country,2024,position_end_of_year,51875097.80000001000,51875.09780000001,thousand_usd,numeric,,2026-09-08,FDI_Eng_stocks-countries.xlsx,countries-ENG,GA29,published
fdi_position,country,m49_616,616,Poland,group_eu27,country,2025,position_end_of_year,65230239.199999982000,65230.239199999982,thousand_usd,numeric,,2026-09-08,FDI_Eng_stocks-countries.xlsx,countries-ENG,GU29,published
fdi_position,country,m49_620,620,Portugal,group_eu27,country,2015,position_end_of_year,8545865.1000000009000,8545.8651000000009,thousand_usd,numeric,,2026-09-08,FDI_Eng_stocks-countries.xlsx,countries-ENG,C30,published
fdi_position,country,m49_620,620,Portugal,group_eu27,country,2016,position_end_of_year,7616613.1999999998000,7616.6131999999998,thousand_usd,numeric,,2026-09-08,FDI_Eng_stocks-countries.xlsx,countries-ENG,W30,published
fdi_position,country,m49_620,620,Portugal,group_eu27,country,2017,position_end_of_year,9148034.7000000002000,9148.0347000000002,thousand_usd,numeric,,2026-09-08,FDI_Eng_stocks-countries.xlsx,countries-ENG,AQ30,published
fdi_position,country,m49_620,620,Portugal,group_eu27,country,2018,position_end_of_year,8822710.1999999995000,8822.7101999999995,thousand_usd,numeric,,2026-09-08,FDI_Eng_stocks-countries.xlsx,countries-ENG,BK30,published
fdi_position,country,m49_620,620,Portugal,group_eu27,country,2019,position_end_of_year,8296238.2999999991000,8296.2382999999991,thousand_usd,numeric,,2026-09-08,FDI_Eng_stocks-countries.xlsx,countries-ENG,CE30,published
fdi_position,country,m49_620,620,Portugal,group_eu27,country,2020,position_end_of_year,8305329.9000000006000,8305.3299000000006,thousand_usd,numeric,,2026-09-08,FDI_Eng_stocks-countries.xlsx,countries-ENG,CY30,published
fdi_position,country,m49_620,620,Portugal,group_eu27,country,2021,position_end_of_year,8745128.0999999981000,8745.1280999999981,thousand_usd,numeric,,2026-09-08,FDI_Eng_stocks-countries.xlsx,countries-ENG,DS30,published
fdi_position,country,m49_620,620,Portugal,group_eu27,country,2022,position_end_of_year,7354926.8000000011000,7354.9268000000011,thousand_usd,numeric,,2026-09-08,FDI_Eng_stocks-countries.xlsx,countries-ENG,EM30,published
fdi_position,country,m49_620,620,Portugal,group_eu27,country,2023,position_end_of_year,6980901.2000000002000,6980.9012000000002,thousand_usd,numeric,,2026-09-08,FDI_Eng_stocks-countries.xlsx,countries-ENG,FG30,published
fdi_position,country,m49_620,620,Portugal,group_eu27,country,2024,position_end_of_year,-1636828.5999999998000,-1636.8285999999998,thousand_usd,numeric,,2026-09-08,FDI_Eng_stocks-countries.xlsx,countries-ENG,GA30,published
fdi_position,country,m49_620,620,Portugal,group_eu27,country,2025,position_end_of_year,-2050947.8000000004000,-2050.9478000000004,thousand_usd,numeric,,2026-09-08,FDI_Eng_stocks-countries.xlsx,countries-ENG,GU30,published
fdi_position,country,m49_634,634,Qatar,group_other,country,2015,position_end_of_year,530651.70000000001000,530.65170000000001,thousand_usd,numeric,,2026-09-08,FDI_Eng_stocks-countries.xlsx,countries-ENG,C76,published
fdi_position,country,m49_634,634,Qatar,group_other,country,2016,position_end_of_year,4194547.3000000002000,4194.5473000000002,thousand_usd,numeric,,2026-09-08,FDI_Eng_stocks-countries.xlsx,countries-ENG,W76,published
fdi_position,country,m49_634,634,Qatar,group_other,country,2017,position_end_of_year,12795013.400000002000,12795.013400000002,thousand_usd,numeric,,2026-09-08,FDI_Eng_stocks-countries.xlsx,countries-ENG,AQ76,published
fdi_position,country,m49_634,634,Qatar,group_other,country,2018,position_end_of_year,19738698.400000001000,19738.698400000001,thousand_usd,numeric,,2026-09-08,FDI_Eng_stocks-countries.xlsx,countries-ENG,BK76,published
fdi_position,country,m49_634,634,Qatar,group_other,country,2019,position_end_of_year,26024479.899999998000,26024.479899999998,thousand_usd,numeric,,2026-09-08,FDI_Eng_stocks-countries.xlsx,countries-ENG,CE76,published
fdi_position,country,m49_634,634,Qatar,group_other,country,2020,position_end_of_year,25217171.299999998000,25217.171299999998,thousand_usd,numeric,,2026-09-08,FDI_Eng_stocks-countries.xlsx,countries-ENG,CY76,published
fdi_position,country,m49_634,634,Qatar,group_other,country,2021,position_end_of_year,29499536.3000,29499.5363,thousand_usd,numeric,,2026-09-08,FDI_Eng_stocks-countries.xlsx,countries-ENG,DS76,published
fdi_position,country,m49_634,634,Qatar,group_other,country,2022,position_end_of_year,35737182.100000005000,35737.182100000005,thousand_usd,numeric,,2026-09-08,FDI_Eng_stocks-countries.xlsx,countries-ENG,EM76,published
fdi_position,country,m49_634,634,Qatar,group_other,country,2023,position_end_of_year,39073304.100000008000,39073.304100000008,thousand_usd,numeric,,2026-09-08,FDI_Eng_stocks-countries.xlsx,countries-ENG,FG76,published
fdi_position,country,m49_634,634,Qatar,group_other,country,2024,position_end_of_year,41094487.499999996000,41094.487499999996,thousand_usd,numeric,,2026-09-08,FDI_Eng_stocks-countries.xlsx,countries-ENG,GA76,published
fdi_position,country,m49_634,634,Qatar,group_other,country,2025,position_end_of_year,48700091.3000,48700.0913,thousand_usd,numeric,,2026-09-08,FDI_Eng_stocks-countries.xlsx,countries-ENG,GU76,published
fdi_position,country,m49_642,642,Romania,group_eu27,country,2015,position_end_of_year,618355.99999999999000,618.35599999999999,thousand_usd,numeric,,2026-09-08,FDI_Eng_stocks-countries.xlsx,countries-ENG,C31,published
fdi_position,country,m49_642,642,Romania,group_eu27,country,2016,position_end_of_year,1290543.9000000001000,1290.5439000000001,thousand_usd,numeric,,2026-09-08,FDI_Eng_stocks-countries.xlsx,countries-ENG,W31,published
fdi_position,country,m49_642,642,Romania,group_eu27,country,2017,position_end_of_year,2043350.7000000002000,2043.3507000000002,thousand_usd,numeric,,2026-09-08,FDI_Eng_stocks-countries.xlsx,countries-ENG,AQ31,published
fdi_position,country,m49_642,642,Romania,group_eu27,country,2018,position_end_of_year,2553805.6999999999000,2553.8056999999999,thousand_usd,numeric,,2026-09-08,FDI_Eng_stocks-countries.xlsx,countries-ENG,BK31,published
fdi_position,country,m49_642,642,Romania,group_eu27,country,2019,position_end_of_year,2723367.8999999997000,2723.3678999999997,thousand_usd,numeric,,2026-09-08,FDI_Eng_stocks-countries.xlsx,countries-ENG,CE31,published
fdi_position,country,m49_642,642,Romania,group_eu27,country,2020,position_end_of_year,2309229.6000000001000,2309.2296000000001,thousand_usd,numeric,,2026-09-08,FDI_Eng_stocks-countries.xlsx,countries-ENG,CY31,published
fdi_position,country,m49_642,642,Romania,group_eu27,country,2021,position_end_of_year,5097735.3999999987000,5097.7353999999987,thousand_usd,numeric,,2026-09-08,FDI_Eng_stocks-countries.xlsx,countries-ENG,DS31,published
fdi_position,country,m49_642,642,Romania,group_eu27,country,2022,position_end_of_year,3296657.799999999000,3296.657799999999,thousand_usd,numeric,,2026-09-08,FDI_Eng_stocks-countries.xlsx,countries-ENG,EM31,published
fdi_position,country,m49_642,642,Romania,group_eu27,country,2023,position_end_of_year,3803552.8000000013000,3803.5528000000013,thousand_usd,numeric,,2026-09-08,FDI_Eng_stocks-countries.xlsx,countries-ENG,FG31,published
fdi_position,country,m49_642,642,Romania,group_eu27,country,2024,position_end_of_year,4218072.6000000004000,4218.0726000000004,thousand_usd,numeric,,2026-09-08,FDI_Eng_stocks-countries.xlsx,countries-ENG,GA31,published
fdi_position,country,m49_642,642,Romania,group_eu27,country,2025,position_end_of_year,4469339.6999999977000,4469.3396999999977,thousand_usd,numeric,,2026-09-08,FDI_Eng_stocks-countries.xlsx,countries-ENG,GU31,published
fdi_position,country,m49_643,643,Russia,group_cis,country,2015,position_end_of_year,213172408.00000002000,213172.40800000002,thousand_usd,numeric,,2026-09-08,FDI_Eng_stocks-countries.xlsx,countries-ENG,C44,published
fdi_position,country,m49_643,643,Russia,group_cis,country,2016,position_end_of_year,241704633.6000005000,241704.6336000005,thousand_usd,numeric,,2026-09-08,FDI_Eng_stocks-countries.xlsx,countries-ENG,W44,published
fdi_position,country,m49_643,643,Russia,group_cis,country,2017,position_end_of_year,301096578.40000011000,301096.57840000011,thousand_usd,numeric,,2026-09-08,FDI_Eng_stocks-countries.xlsx,countries-ENG,AQ44,published
fdi_position,country,m49_643,643,Russia,group_cis,country,2018,position_end_of_year,356840071.59999997000,356840.07159999997,thousand_usd,numeric,,2026-09-08,FDI_Eng_stocks-countries.xlsx,countries-ENG,BK44,published
fdi_position,country,m49_643,643,Russia,group_cis,country,2019,position_end_of_year,407040931.50000041000,407040.93150000041,thousand_usd,numeric,,2026-09-08,FDI_Eng_stocks-countries.xlsx,countries-ENG,CE44,published
fdi_position,country,m49_643,643,Russia,group_cis,country,2020,position_end_of_year,422349250.79999969000,422349.25079999969,thousand_usd,numeric,,2026-09-08,FDI_Eng_stocks-countries.xlsx,countries-ENG,CY44,published
fdi_position,country,m49_643,643,Russia,group_cis,country,2021,position_end_of_year,511369211.29999973000,511369.21129999973,thousand_usd,numeric,,2026-09-08,FDI_Eng_stocks-countries.xlsx,countries-ENG,DS44,published
fdi_position,country,m49_643,643,Russia,group_cis,country,2022,position_end_of_year,632751309.60000027000,632751.30960000027,thousand_usd,numeric,,2026-09-08,FDI_Eng_stocks-countries.xlsx,countries-ENG,EM44,published
fdi_position,country,m49_643,643,Russia,group_cis,country,2023,position_end_of_year,755582378.29999987000,755582.37829999987,thousand_usd,numeric,,2026-09-08,FDI_Eng_stocks-countries.xlsx,countries-ENG,FG44,published
fdi_position,country,m49_643,643,Russia,group_cis,country,2024,position_end_of_year,780250740.39999989000,780250.74039999989,thousand_usd,numeric,,2026-09-08,FDI_Eng_stocks-countries.xlsx,countries-ENG,GA44,published
fdi_position,country,m49_643,643,Russia,group_cis,country,2025,position_end_of_year,922311674.7999998000,922311.6747999998,thousand_usd,numeric,,2026-09-08,FDI_Eng_stocks-countries.xlsx,countries-ENG,GU44,published
fdi_position,country,m49_659,659,Saint Kitts and Nevis,group_other,country,2015,position_end_of_year,105110627.8000,105110.6278,thousand_usd,numeric,,2026-09-08,FDI_Eng_stocks-countries.xlsx,countries-ENG,C77,published
fdi_position,country,m49_659,659,Saint Kitts and Nevis,group_other,country,2016,position_end_of_year,101629668.59999999000,101629.66859999999,thousand_usd,numeric,,2026-09-08,FDI_Eng_stocks-countries.xlsx,countries-ENG,W77,published
fdi_position,country,m49_659,659,Saint Kitts and Nevis,group_other,country,2017,position_end_of_year,102260930.59999999000,102260.93059999999,thousand_usd,numeric,,2026-09-08,FDI_Eng_stocks-countries.xlsx,countries-ENG,AQ77,published
fdi_position,country,m49_659,659,Saint Kitts and Nevis,group_other,country,2018,position_end_of_year,103841330.39999999000,103841.33039999999,thousand_usd,numeric,,2026-09-08,FDI_Eng_stocks-countries.xlsx,countries-ENG,BK77,published
fdi_position,country,m49_659,659,Saint Kitts and Nevis,group_other,country,2019,position_end_of_year,104323649.80000003000,104323.64980000003,thousand_usd,numeric,,2026-09-08,FDI_Eng_stocks-countries.xlsx,countries-ENG,CE77,published
fdi_position,country,m49_659,659,Saint Kitts and Nevis,group_other,country,2020,position_end_of_year,105165132.80000002000,105165.13280000002,thousand_usd,numeric,,2026-09-08,FDI_Eng_stocks-countries.xlsx,countries-ENG,CY77,published
fdi_position,country,m49_659,659,Saint Kitts and Nevis,group_other,country,2021,position_end_of_year,103242453.60000001000,103242.45360000001,thousand_usd,numeric,,2026-09-08,FDI_Eng_stocks-countries.xlsx,countries-ENG,DS77,published
fdi_position,country,m49_659,659,Saint Kitts and Nevis,group_other,country,2022,position_end_of_year,91088276.299999998000,91088.276299999998,thousand_usd,numeric,,2026-09-08,FDI_Eng_stocks-countries.xlsx,countries-ENG,EM77,published
fdi_position,country,m49_659,659,Saint Kitts and Nevis,group_other,country,2023,position_end_of_year,86941771.100000027000,86941.771100000027,thousand_usd,numeric,,2026-09-08,FDI_Eng_stocks-countries.xlsx,countries-ENG,FG77,published
fdi_position,country,m49_659,659,Saint Kitts and Nevis,group_other,country,2024,position_end_of_year,87584372.999999992000,87584.372999999992,thousand_usd,numeric,,2026-09-08,FDI_Eng_stocks-countries.xlsx,countries-ENG,GA77,published
fdi_position,country,m49_659,659,Saint Kitts and Nevis,group_other,country,2025,position_end_of_year,87401271.300000022000,87401.271300000022,thousand_usd,numeric,,2026-09-08,FDI_Eng_stocks-countries.xlsx,countries-ENG,GU77,published
fdi_position,country,m49_682,682,Saudi Arabia,group_other,country,2015,position_end_of_year,51060178.399999997000,51060.178399999997,thousand_usd,numeric,,2026-09-08,FDI_Eng_stocks-countries.xlsx,countries-ENG,C78,published
fdi_position,country,m49_682,682,Saudi Arabia,group_other,country,2016,position_end_of_year,63655069.099999993000,63655.069099999993,thousand_usd,numeric,,2026-09-08,FDI_Eng_stocks-countries.xlsx,countries-ENG,W78,published
fdi_position,country,m49_682,682,Saudi Arabia,group_other,country,2017,position_end_of_year,60219089.800000016000,60219.089800000016,thousand_usd,numeric,,2026-09-08,FDI_Eng_stocks-countries.xlsx,countries-ENG,AQ78,published
fdi_position,country,m49_682,682,Saudi Arabia,group_other,country,2018,position_end_of_year,62132661.999999975000,62132.661999999975,thousand_usd,numeric,,2026-09-08,FDI_Eng_stocks-countries.xlsx,countries-ENG,BK78,published
fdi_position,country,m49_682,682,Saudi Arabia,group_other,country,2019,position_end_of_year,59621077.499999992000,59621.077499999992,thousand_usd,numeric,,2026-09-08,FDI_Eng_stocks-countries.xlsx,countries-ENG,CE78,published
fdi_position,country,m49_682,682,Saudi Arabia,group_other,country,2020,position_end_of_year,55391883.699999984000,55391.883699999984,thousand_usd,numeric,,2026-09-08,FDI_Eng_stocks-countries.xlsx,countries-ENG,CY78,published
fdi_position,country,m49_682,682,Saudi Arabia,group_other,country,2021,position_end_of_year,46264310.600000004000,46264.310600000004,thousand_usd,numeric,,2026-09-08,FDI_Eng_stocks-countries.xlsx,countries-ENG,DS78,published
fdi_position,country,m49_682,682,Saudi Arabia,group_other,country,2022,position_end_of_year,45302493.500000004000,45302.493500000004,thousand_usd,numeric,,2026-09-08,FDI_Eng_stocks-countries.xlsx,countries-ENG,EM78,published
fdi_position,country,m49_682,682,Saudi Arabia,group_other,country,2023,position_end_of_year,40784300.1000,40784.3001,thousand_usd,numeric,,2026-09-08,FDI_Eng_stocks-countries.xlsx,countries-ENG,FG78,published
fdi_position,country,m49_682,682,Saudi Arabia,group_other,country,2024,position_end_of_year,43878704.199999993000,43878.704199999993,thousand_usd,numeric,,2026-09-08,FDI_Eng_stocks-countries.xlsx,countries-ENG,GA78,published
fdi_position,country,m49_682,682,Saudi Arabia,group_other,country,2025,position_end_of_year,46068775.199999996000,46068.775199999996,thousand_usd,numeric,,2026-09-08,FDI_Eng_stocks-countries.xlsx,countries-ENG,GU78,published
fdi_position,country,m49_690,690,Seychelles,group_other,country,2015,position_end_of_year,84100575.200000021000,84100.575200000021,thousand_usd,numeric,,2026-09-08,FDI_Eng_stocks-countries.xlsx,countries-ENG,C79,published
fdi_position,country,m49_690,690,Seychelles,group_other,country,2016,position_end_of_year,76553564.599999983000,76553.564599999983,thousand_usd,numeric,,2026-09-08,FDI_Eng_stocks-countries.xlsx,countries-ENG,W79,published
fdi_position,country,m49_690,690,Seychelles,group_other,country,2017,position_end_of_year,79917802.900000024000,79917.802900000024,thousand_usd,numeric,,2026-09-08,FDI_Eng_stocks-countries.xlsx,countries-ENG,AQ79,published
fdi_position,country,m49_690,690,Seychelles,group_other,country,2018,position_end_of_year,53039431.199999999000,53039.431199999999,thousand_usd,numeric,,2026-09-08,FDI_Eng_stocks-countries.xlsx,countries-ENG,BK79,published
fdi_position,country,m49_690,690,Seychelles,group_other,country,2019,position_end_of_year,52289488.199999985000,52289.488199999985,thousand_usd,numeric,,2026-09-08,FDI_Eng_stocks-countries.xlsx,countries-ENG,CE79,published
fdi_position,country,m49_690,690,Seychelles,group_other,country,2020,position_end_of_year,46288650.900000001000,46288.650900000001,thousand_usd,numeric,,2026-09-08,FDI_Eng_stocks-countries.xlsx,countries-ENG,CY79,published
fdi_position,country,m49_690,690,Seychelles,group_other,country,2021,position_end_of_year,54067160.699999993000,54067.160699999993,thousand_usd,numeric,,2026-09-08,FDI_Eng_stocks-countries.xlsx,countries-ENG,DS79,published
fdi_position,country,m49_690,690,Seychelles,group_other,country,2022,position_end_of_year,67791530.100000004000,67791.530100000004,thousand_usd,numeric,,2026-09-08,FDI_Eng_stocks-countries.xlsx,countries-ENG,EM79,published
fdi_position,country,m49_690,690,Seychelles,group_other,country,2023,position_end_of_year,62782648.600000008000,62782.648600000008,thousand_usd,numeric,,2026-09-08,FDI_Eng_stocks-countries.xlsx,countries-ENG,FG79,published
fdi_position,country,m49_690,690,Seychelles,group_other,country,2024,position_end_of_year,20419337.900000002000,20419.337900000002,thousand_usd,numeric,,2026-09-08,FDI_Eng_stocks-countries.xlsx,countries-ENG,GA79,published
fdi_position,country,m49_690,690,Seychelles,group_other,country,2025,position_end_of_year,22699605.000,22699.605,thousand_usd,numeric,,2026-09-08,FDI_Eng_stocks-countries.xlsx,countries-ENG,GU79,published
fdi_position,country,m49_703,703,Slovakia,group_eu27,country,2015,position_end_of_year,12322480.9000,12322.4809,thousand_usd,numeric,,2026-09-08,FDI_Eng_stocks-countries.xlsx,countries-ENG,C32,published
fdi_position,country,m49_703,703,Slovakia,group_eu27,country,2016,position_end_of_year,10446294.3000,10446.2943,thousand_usd,numeric,,2026-09-08,FDI_Eng_stocks-countries.xlsx,countries-ENG,W32,published
fdi_position,country,m49_703,703,Slovakia,group_eu27,country,2017,position_end_of_year,14387863.099999999000,14387.863099999999,thousand_usd,numeric,,2026-09-08,FDI_Eng_stocks-countries.xlsx,countries-ENG,AQ32,published
fdi_position,country,m49_703,703,Slovakia,group_eu27,country,2018,position_end_of_year,17359865.400000002000,17359.865400000002,thousand_usd,numeric,,2026-09-08,FDI_Eng_stocks-countries.xlsx,countries-ENG,BK32,published
fdi_position,country,m49_703,703,Slovakia,group_eu27,country,2019,position_end_of_year,24879867.400000003000,24879.867400000003,thousand_usd,numeric,,2026-09-08,FDI_Eng_stocks-countries.xlsx,countries-ENG,CE32,published
fdi_position,country,m49_703,703,Slovakia,group_eu27,country,2020,position_end_of_year,45213335.899999998000,45213.335899999998,thousand_usd,numeric,,2026-09-08,FDI_Eng_stocks-countries.xlsx,countries-ENG,CY32,published
fdi_position,country,m49_703,703,Slovakia,group_eu27,country,2021,position_end_of_year,39659389.599999995000,39659.389599999995,thousand_usd,numeric,,2026-09-08,FDI_Eng_stocks-countries.xlsx,countries-ENG,DS32,published
fdi_position,country,m49_703,703,Slovakia,group_eu27,country,2022,position_end_of_year,42611035.499999998000,42611.035499999998,thousand_usd,numeric,,2026-09-08,FDI_Eng_stocks-countries.xlsx,countries-ENG,EM32,published
fdi_position,country,m49_703,703,Slovakia,group_eu27,country,2023,position_end_of_year,44574585.299999992000,44574.585299999992,thousand_usd,numeric,,2026-09-08,FDI_Eng_stocks-countries.xlsx,countries-ENG,FG32,published
fdi_position,country,m49_703,703,Slovakia,group_eu27,country,2024,position_end_of_year,54138898.9000,54138.8989,thousand_usd,numeric,,2026-09-08,FDI_Eng_stocks-countries.xlsx,countries-ENG,GA32,published
fdi_position,country,m49_703,703,Slovakia,group_eu27,country,2025,position_end_of_year,71746499.000000011000,71746.499000000011,thousand_usd,numeric,,2026-09-08,FDI_Eng_stocks-countries.xlsx,countries-ENG,GU32,published
fdi_position,country,m49_705,705,Slovenia,group_eu27,country,2015,position_end_of_year,242329.00000000001000,242.32900000000001,thousand_usd,numeric,,2026-09-08,FDI_Eng_stocks-countries.xlsx,countries-ENG,C33,published
fdi_position,country,m49_705,705,Slovenia,group_eu27,country,2016,position_end_of_year,993358.90000000018000,993.35890000000018,thousand_usd,numeric,,2026-09-08,FDI_Eng_stocks-countries.xlsx,countries-ENG,W33,published
fdi_position,country,m49_705,705,Slovenia,group_eu27,country,2017,position_end_of_year,1974622.2999999998000,1974.6222999999998,thousand_usd,numeric,,2026-09-08,FDI_Eng_stocks-countries.xlsx,countries-ENG,AQ33,published
fdi_position,country,m49_705,705,Slovenia,group_eu27,country,2018,position_end_of_year,2748968.5999999997000,2748.9685999999997,thousand_usd,numeric,,2026-09-08,FDI_Eng_stocks-countries.xlsx,countries-ENG,BK33,published
fdi_position,country,m49_705,705,Slovenia,group_eu27,country,2019,position_end_of_year,3787136.1999999999000,3787.1361999999999,thousand_usd,numeric,,2026-09-08,FDI_Eng_stocks-countries.xlsx,countries-ENG,CE33,published
fdi_position,country,m49_705,705,Slovenia,group_eu27,country,2020,position_end_of_year,3308788.5000000006000,3308.7885000000006,thousand_usd,numeric,,2026-09-08,FDI_Eng_stocks-countries.xlsx,countries-ENG,CY33,published
fdi_position,country,m49_705,705,Slovenia,group_eu27,country,2021,position_end_of_year,3531964.5000,3531.9645,thousand_usd,numeric,,2026-09-08,FDI_Eng_stocks-countries.xlsx,countries-ENG,DS33,published
fdi_position,country,m49_705,705,Slovenia,group_eu27,country,2022,position_end_of_year,4327007.4999999997000,4327.0074999999997,thousand_usd,numeric,,2026-09-08,FDI_Eng_stocks-countries.xlsx,countries-ENG,EM33,published
fdi_position,country,m49_705,705,Slovenia,group_eu27,country,2023,position_end_of_year,4494638.6000000002000,4494.6386000000002,thousand_usd,numeric,,2026-09-08,FDI_Eng_stocks-countries.xlsx,countries-ENG,FG33,published
fdi_position,country,m49_705,705,Slovenia,group_eu27,country,2024,position_end_of_year,4380399.8000000001000,4380.3998000000001,thousand_usd,numeric,,2026-09-08,FDI_Eng_stocks-countries.xlsx,countries-ENG,GA33,published
fdi_position,country,m49_705,705,Slovenia,group_eu27,country,2025,position_end_of_year,4273668.0999999999000,4273.6680999999999,thousand_usd,numeric,,2026-09-08,FDI_Eng_stocks-countries.xlsx,countries-ENG,GU33,published
fdi_position,country,m49_724,724,Spain,group_eu27,country,2015,position_end_of_year,13602390.500000003000,13602.390500000003,thousand_usd,numeric,,2026-09-08,FDI_Eng_stocks-countries.xlsx,countries-ENG,C34,published
fdi_position,country,m49_724,724,Spain,group_eu27,country,2016,position_end_of_year,14118120.800000001000,14118.120800000001,thousand_usd,numeric,,2026-09-08,FDI_Eng_stocks-countries.xlsx,countries-ENG,W34,published
fdi_position,country,m49_724,724,Spain,group_eu27,country,2017,position_end_of_year,20082981.400000001000,20082.981400000001,thousand_usd,numeric,,2026-09-08,FDI_Eng_stocks-countries.xlsx,countries-ENG,AQ34,published
fdi_position,country,m49_724,724,Spain,group_eu27,country,2018,position_end_of_year,16411687.500000004000,16411.687500000004,thousand_usd,numeric,,2026-09-08,FDI_Eng_stocks-countries.xlsx,countries-ENG,BK34,published
fdi_position,country,m49_724,724,Spain,group_eu27,country,2019,position_end_of_year,11102439.500000002000,11102.439500000002,thousand_usd,numeric,,2026-09-08,FDI_Eng_stocks-countries.xlsx,countries-ENG,CE34,published
fdi_position,country,m49_724,724,Spain,group_eu27,country,2020,position_end_of_year,14740261.700000006000,14740.261700000006,thousand_usd,numeric,,2026-09-08,FDI_Eng_stocks-countries.xlsx,countries-ENG,CY34,published
fdi_position,country,m49_724,724,Spain,group_eu27,country,2021,position_end_of_year,30887581.199999997000,30887.581199999997,thousand_usd,numeric,,2026-09-08,FDI_Eng_stocks-countries.xlsx,countries-ENG,DS34,published
fdi_position,country,m49_724,724,Spain,group_eu27,country,2022,position_end_of_year,420998845.3000001000,420998.8453000001,thousand_usd,numeric,,2026-09-08,FDI_Eng_stocks-countries.xlsx,countries-ENG,EM34,published
fdi_position,country,m49_724,724,Spain,group_eu27,country,2023,position_end_of_year,444796961.00000018000,444796.96100000018,thousand_usd,numeric,,2026-09-08,FDI_Eng_stocks-countries.xlsx,countries-ENG,FG34,published
fdi_position,country,m49_724,724,Spain,group_eu27,country,2024,position_end_of_year,239747038.20000001000,239747.03820000001,thousand_usd,numeric,,2026-09-08,FDI_Eng_stocks-countries.xlsx,countries-ENG,GA34,published
fdi_position,country,m49_724,724,Spain,group_eu27,country,2025,position_end_of_year,318809504.49999998000,318809.50449999998,thousand_usd,numeric,,2026-09-08,FDI_Eng_stocks-countries.xlsx,countries-ENG,GU34,published
fdi_position,country,m49_752,752,Sweden,group_eu27,country,2015,position_end_of_year,14395452.099999995000,14395.452099999995,thousand_usd,numeric,,2026-09-08,FDI_Eng_stocks-countries.xlsx,countries-ENG,C35,published
fdi_position,country,m49_752,752,Sweden,group_eu27,country,2016,position_end_of_year,16301588.000000002000,16301.588000000002,thousand_usd,numeric,,2026-09-08,FDI_Eng_stocks-countries.xlsx,countries-ENG,W35,published
fdi_position,country,m49_752,752,Sweden,group_eu27,country,2017,position_end_of_year,18636554.599999999000,18636.554599999999,thousand_usd,numeric,,2026-09-08,FDI_Eng_stocks-countries.xlsx,countries-ENG,AQ35,published
fdi_position,country,m49_752,752,Sweden,group_eu27,country,2018,position_end_of_year,19072568.900000002000,19072.568900000002,thousand_usd,numeric,,2026-09-08,FDI_Eng_stocks-countries.xlsx,countries-ENG,BK35,published
fdi_position,country,m49_752,752,Sweden,group_eu27,country,2019,position_end_of_year,17337651.399999995000,17337.651399999995,thousand_usd,numeric,,2026-09-08,FDI_Eng_stocks-countries.xlsx,countries-ENG,CE35,published
fdi_position,country,m49_752,752,Sweden,group_eu27,country,2020,position_end_of_year,23331731.500000009000,23331.731500000009,thousand_usd,numeric,,2026-09-08,FDI_Eng_stocks-countries.xlsx,countries-ENG,CY35,published
fdi_position,country,m49_752,752,Sweden,group_eu27,country,2021,position_end_of_year,29049396.500000003000,29049.396500000003,thousand_usd,numeric,,2026-09-08,FDI_Eng_stocks-countries.xlsx,countries-ENG,DS35,published
fdi_position,country,m49_752,752,Sweden,group_eu27,country,2022,position_end_of_year,31933304.200000006000,31933.304200000006,thousand_usd,numeric,,2026-09-08,FDI_Eng_stocks-countries.xlsx,countries-ENG,EM35,published
fdi_position,country,m49_752,752,Sweden,group_eu27,country,2023,position_end_of_year,29021208.500000001000,29021.208500000001,thousand_usd,numeric,,2026-09-08,FDI_Eng_stocks-countries.xlsx,countries-ENG,FG35,published
fdi_position,country,m49_752,752,Sweden,group_eu27,country,2024,position_end_of_year,27780237.900000007000,27780.237900000007,thousand_usd,numeric,,2026-09-08,FDI_Eng_stocks-countries.xlsx,countries-ENG,GA35,published
fdi_position,country,m49_752,752,Sweden,group_eu27,country,2025,position_end_of_year,33249047.700000003000,33249.047700000003,thousand_usd,numeric,,2026-09-08,FDI_Eng_stocks-countries.xlsx,countries-ENG,GU35,published
fdi_position,country,m49_756,756,Switzerland,group_other,country,2015,position_end_of_year,169678051.79999999000,169678.05179999999,thousand_usd,numeric,,2026-09-08,FDI_Eng_stocks-countries.xlsx,countries-ENG,C80,published
fdi_position,country,m49_756,756,Switzerland,group_other,country,2016,position_end_of_year,187469355.09999999000,187469.35509999999,thousand_usd,numeric,,2026-09-08,FDI_Eng_stocks-countries.xlsx,countries-ENG,W80,published
fdi_position,country,m49_756,756,Switzerland,group_other,country,2017,position_end_of_year,213501137.50000007000,213501.13750000007,thousand_usd,numeric,,2026-09-08,FDI_Eng_stocks-countries.xlsx,countries-ENG,AQ80,published
fdi_position,country,m49_756,756,Switzerland,group_other,country,2018,position_end_of_year,241348388.69999998000,241348.38869999998,thousand_usd,numeric,,2026-09-08,FDI_Eng_stocks-countries.xlsx,countries-ENG,BK80,published
fdi_position,country,m49_756,756,Switzerland,group_other,country,2019,position_end_of_year,231639858.80000013000,231639.85880000013,thousand_usd,numeric,,2026-09-08,FDI_Eng_stocks-countries.xlsx,countries-ENG,CE80,published
fdi_position,country,m49_756,756,Switzerland,group_other,country,2020,position_end_of_year,294993038.80000004000,294993.03880000004,thousand_usd,numeric,,2026-09-08,FDI_Eng_stocks-countries.xlsx,countries-ENG,CY80,published
fdi_position,country,m49_756,756,Switzerland,group_other,country,2021,position_end_of_year,281928345.80000001000,281928.34580000001,thousand_usd,numeric,,2026-09-08,FDI_Eng_stocks-countries.xlsx,countries-ENG,DS80,published
fdi_position,country,m49_756,756,Switzerland,group_other,country,2022,position_end_of_year,330564398.29999994000,330564.39829999994,thousand_usd,numeric,,2026-09-08,FDI_Eng_stocks-countries.xlsx,countries-ENG,EM80,published
fdi_position,country,m49_756,756,Switzerland,group_other,country,2023,position_end_of_year,359169522.70000003000,359169.52270000003,thousand_usd,numeric,,2026-09-08,FDI_Eng_stocks-countries.xlsx,countries-ENG,FG80,published
fdi_position,country,m49_756,756,Switzerland,group_other,country,2024,position_end_of_year,342034483.09999966000,342034.48309999966,thousand_usd,numeric,,2026-09-08,FDI_Eng_stocks-countries.xlsx,countries-ENG,GA80,published
fdi_position,country,m49_756,756,Switzerland,group_other,country,2025,position_end_of_year,373574136.59999997000,373574.13659999997,thousand_usd,numeric,,2026-09-08,FDI_Eng_stocks-countries.xlsx,countries-ENG,GU80,published
fdi_position,country,m49_760,760,Syria,group_other,country,2015,position_end_of_year,347238.99999999998000,347.23899999999998,thousand_usd,numeric,,2026-09-08,FDI_Eng_stocks-countries.xlsx,countries-ENG,C81,published
fdi_position,country,m49_760,760,Syria,group_other,country,2016,position_end_of_year,684335.69999999997000,684.33569999999997,thousand_usd,numeric,,2026-09-08,FDI_Eng_stocks-countries.xlsx,countries-ENG,W81,published
fdi_position,country,m49_760,760,Syria,group_other,country,2017,position_end_of_year,1712304.2000000003000,1712.3042000000003,thousand_usd,numeric,,2026-09-08,FDI_Eng_stocks-countries.xlsx,countries-ENG,AQ81,published
fdi_position,country,m49_760,760,Syria,group_other,country,2018,position_end_of_year,1364065.5999999999000,1364.0655999999999,thousand_usd,numeric,,2026-09-08,FDI_Eng_stocks-countries.xlsx,countries-ENG,BK81,published
fdi_position,country,m49_760,760,Syria,group_other,country,2019,position_end_of_year,1630234.3000000008000,1630.2343000000008,thousand_usd,numeric,,2026-09-08,FDI_Eng_stocks-countries.xlsx,countries-ENG,CE81,published
fdi_position,country,m49_760,760,Syria,group_other,country,2020,position_end_of_year,1355416.6999999998000,1355.4166999999998,thousand_usd,numeric,,2026-09-08,FDI_Eng_stocks-countries.xlsx,countries-ENG,CY81,published
fdi_position,country,m49_760,760,Syria,group_other,country,2021,position_end_of_year,1080899.8999999999000,1080.8998999999999,thousand_usd,numeric,,2026-09-08,FDI_Eng_stocks-countries.xlsx,countries-ENG,DS81,published
fdi_position,country,m49_760,760,Syria,group_other,country,2022,position_end_of_year,700120.49999999988000,700.12049999999988,thousand_usd,numeric,,2026-09-08,FDI_Eng_stocks-countries.xlsx,countries-ENG,EM81,published
fdi_position,country,m49_760,760,Syria,group_other,country,2023,position_end_of_year,1053065.4999999997000,1053.0654999999997,thousand_usd,numeric,,2026-09-08,FDI_Eng_stocks-countries.xlsx,countries-ENG,FG81,published
fdi_position,country,m49_760,760,Syria,group_other,country,2024,position_end_of_year,1268200.8999999998000,1268.2008999999998,thousand_usd,numeric,,2026-09-08,FDI_Eng_stocks-countries.xlsx,countries-ENG,GA81,published
fdi_position,country,m49_760,760,Syria,group_other,country,2025,position_end_of_year,1704089.3999999998000,1704.0893999999998,thousand_usd,numeric,,2026-09-08,FDI_Eng_stocks-countries.xlsx,countries-ENG,GU81,published
fdi_position,country,m49_784,784,United Arab Emirates,group_other,country,2015,position_end_of_year,645739555.79999997000,645739.55579999997,thousand_usd,numeric,,2026-09-08,FDI_Eng_stocks-countries.xlsx,countries-ENG,C82,published
fdi_position,country,m49_784,784,United Arab Emirates,group_other,country,2016,position_end_of_year,733679645.79999982000,733679.64579999982,thousand_usd,numeric,,2026-09-08,FDI_Eng_stocks-countries.xlsx,countries-ENG,W82,published
fdi_position,country,m49_784,784,United Arab Emirates,group_other,country,2017,position_end_of_year,855157414.2000,855157.4142,thousand_usd,numeric,,2026-09-08,FDI_Eng_stocks-countries.xlsx,countries-ENG,AQ82,published
fdi_position,country,m49_784,784,United Arab Emirates,group_other,country,2018,position_end_of_year,878968092.39999985000,878968.09239999985,thousand_usd,numeric,,2026-09-08,FDI_Eng_stocks-countries.xlsx,countries-ENG,BK82,published
fdi_position,country,m49_784,784,United Arab Emirates,group_other,country,2019,position_end_of_year,885414006.09999988000,885414.00609999988,thousand_usd,numeric,,2026-09-08,FDI_Eng_stocks-countries.xlsx,countries-ENG,CE82,published
fdi_position,country,m49_784,784,United Arab Emirates,group_other,country,2020,position_end_of_year,898298479.89999992000,898298.47989999992,thousand_usd,numeric,,2026-09-08,FDI_Eng_stocks-countries.xlsx,countries-ENG,CY82,published
fdi_position,country,m49_784,784,United Arab Emirates,group_other,country,2021,position_end_of_year,930172030.60000017000,930172.03060000017,thousand_usd,numeric,,2026-09-08,FDI_Eng_stocks-countries.xlsx,countries-ENG,DS82,published
fdi_position,country,m49_784,784,United Arab Emirates,group_other,country,2022,position_end_of_year,985181417.19999991000,985181.41719999991,thousand_usd,numeric,,2026-09-08,FDI_Eng_stocks-countries.xlsx,countries-ENG,EM82,published
fdi_position,country,m49_784,784,United Arab Emirates,group_other,country,2023,position_end_of_year,1065012418.4000001000,1065012.4184000001,thousand_usd,numeric,,2026-09-08,FDI_Eng_stocks-countries.xlsx,countries-ENG,FG82,published
fdi_position,country,m49_784,784,United Arab Emirates,group_other,country,2024,position_end_of_year,1050343005.0000001000,1050343.0050000001,thousand_usd,numeric,,2026-09-08,FDI_Eng_stocks-countries.xlsx,countries-ENG,GA82,published
fdi_position,country,m49_784,784,United Arab Emirates,group_other,country,2025,position_end_of_year,1054450242.6000,1054450.2426,thousand_usd,numeric,,2026-09-08,FDI_Eng_stocks-countries.xlsx,countries-ENG,GU82,published
fdi_position,country,m49_792,792,Türkiye,group_other,country,2015,position_end_of_year,715207569.79999994000,715207.56979999994,thousand_usd,numeric,,2026-09-08,FDI_Eng_stocks-countries.xlsx,countries-ENG,C83,published
fdi_position,country,m49_792,792,Türkiye,group_other,country,2016,position_end_of_year,883464448.6999996000,883464.4486999996,thousand_usd,numeric,,2026-09-08,FDI_Eng_stocks-countries.xlsx,countries-ENG,W83,published
fdi_position,country,m49_792,792,Türkiye,group_other,country,2017,position_end_of_year,1141933107.2999996000,1141933.1072999996,thousand_usd,numeric,,2026-09-08,FDI_Eng_stocks-countries.xlsx,countries-ENG,AQ83,published
fdi_position,country,m49_792,792,Türkiye,group_other,country,2018,position_end_of_year,1092108639.4000005000,1092108.6394000005,thousand_usd,numeric,,2026-09-08,FDI_Eng_stocks-countries.xlsx,countries-ENG,BK83,published
fdi_position,country,m49_792,792,Türkiye,group_other,country,2019,position_end_of_year,1211105017.9999999000,1211105.0179999999,thousand_usd,numeric,,2026-09-08,FDI_Eng_stocks-countries.xlsx,countries-ENG,CE83,published
fdi_position,country,m49_792,792,Türkiye,group_other,country,2020,position_end_of_year,1201714177.9999998000,1201714.1779999998,thousand_usd,numeric,,2026-09-08,FDI_Eng_stocks-countries.xlsx,countries-ENG,CY83,published
fdi_position,country,m49_792,792,Türkiye,group_other,country,2021,position_end_of_year,1274568429.6999993000,1274568.4296999993,thousand_usd,numeric,,2026-09-08,FDI_Eng_stocks-countries.xlsx,countries-ENG,DS83,published
fdi_position,country,m49_792,792,Türkiye,group_other,country,2022,position_end_of_year,1298385432.2999991000,1298385.4322999991,thousand_usd,numeric,,2026-09-08,FDI_Eng_stocks-countries.xlsx,countries-ENG,EM83,published
fdi_position,country,m49_792,792,Türkiye,group_other,country,2023,position_end_of_year,1411847623.7000001000,1411847.6237000001,thousand_usd,numeric,,2026-09-08,FDI_Eng_stocks-countries.xlsx,countries-ENG,FG83,published
fdi_position,country,m49_792,792,Türkiye,group_other,country,2024,position_end_of_year,1412823548.3999993000,1412823.5483999993,thousand_usd,numeric,,2026-09-08,FDI_Eng_stocks-countries.xlsx,countries-ENG,GA83,published
fdi_position,country,m49_792,792,Türkiye,group_other,country,2025,position_end_of_year,1642575645.7999998000,1642575.6457999998,thousand_usd,numeric,,2026-09-08,FDI_Eng_stocks-countries.xlsx,countries-ENG,GU83,published
fdi_position,country,m49_795,795,Turkmenistan,group_cis,country,2015,position_end_of_year,323248.29999999997000,323.24829999999997,thousand_usd,numeric,,2026-09-08,FDI_Eng_stocks-countries.xlsx,countries-ENG,C45,published
fdi_position,country,m49_795,795,Turkmenistan,group_cis,country,2016,position_end_of_year,452613.9000,452.6139,thousand_usd,numeric,,2026-09-08,FDI_Eng_stocks-countries.xlsx,countries-ENG,W45,published
fdi_position,country,m49_795,795,Turkmenistan,group_cis,country,2017,position_end_of_year,2888480.5000000006000,2888.4805000000006,thousand_usd,numeric,,2026-09-08,FDI_Eng_stocks-countries.xlsx,countries-ENG,AQ45,published
fdi_position,country,m49_795,795,Turkmenistan,group_cis,country,2018,position_end_of_year,2546221.2999999997000,2546.2212999999997,thousand_usd,numeric,,2026-09-08,FDI_Eng_stocks-countries.xlsx,countries-ENG,BK45,published
fdi_position,country,m49_795,795,Turkmenistan,group_cis,country,2019,position_end_of_year,5638543.3999999996000,5638.5433999999996,thousand_usd,numeric,,2026-09-08,FDI_Eng_stocks-countries.xlsx,countries-ENG,CE45,published
fdi_position,country,m49_795,795,Turkmenistan,group_cis,country,2020,position_end_of_year,4905316.3000000004000,4905.3163000000004,thousand_usd,numeric,,2026-09-08,FDI_Eng_stocks-countries.xlsx,countries-ENG,CY45,published
fdi_position,country,m49_795,795,Turkmenistan,group_cis,country,2021,position_end_of_year,6231163.1000000007000,6231.1631000000007,thousand_usd,numeric,,2026-09-08,FDI_Eng_stocks-countries.xlsx,countries-ENG,DS45,published
fdi_position,country,m49_795,795,Turkmenistan,group_cis,country,2022,position_end_of_year,7535121.9999999985000,7535.1219999999985,thousand_usd,numeric,,2026-09-08,FDI_Eng_stocks-countries.xlsx,countries-ENG,EM45,published
fdi_position,country,m49_795,795,Turkmenistan,group_cis,country,2023,position_end_of_year,7717697.8000000017000,7717.6978000000017,thousand_usd,numeric,,2026-09-08,FDI_Eng_stocks-countries.xlsx,countries-ENG,FG45,published
fdi_position,country,m49_795,795,Turkmenistan,group_cis,country,2024,position_end_of_year,8566747.6999999999000,8566.7476999999999,thousand_usd,numeric,,2026-09-08,FDI_Eng_stocks-countries.xlsx,countries-ENG,GA45,published
fdi_position,country,m49_795,795,Turkmenistan,group_cis,country,2025,position_end_of_year,10029603.999999996000,10029.603999999996,thousand_usd,numeric,,2026-09-08,FDI_Eng_stocks-countries.xlsx,countries-ENG,GU45,published
fdi_position,country,m49_804,804,Ukraine,group_cis,country,2015,position_end_of_year,20422091.3000,20422.0913,thousand_usd,numeric,,2026-09-08,FDI_Eng_stocks-countries.xlsx,countries-ENG,C46,published
fdi_position,country,m49_804,804,Ukraine,group_cis,country,2016,position_end_of_year,26527490.700000009000,26527.490700000009,thousand_usd,numeric,,2026-09-08,FDI_Eng_stocks-countries.xlsx,countries-ENG,W46,published
fdi_position,country,m49_804,804,Ukraine,group_cis,country,2017,position_end_of_year,33345074.699999983000,33345.074699999983,thousand_usd,numeric,,2026-09-08,FDI_Eng_stocks-countries.xlsx,countries-ENG,AQ46,published
fdi_position,country,m49_804,804,Ukraine,group_cis,country,2018,position_end_of_year,34156686.999999998000,34156.686999999998,thousand_usd,numeric,,2026-09-08,FDI_Eng_stocks-countries.xlsx,countries-ENG,BK46,published
fdi_position,country,m49_804,804,Ukraine,group_cis,country,2019,position_end_of_year,69339299.199999994000,69339.299199999994,thousand_usd,numeric,,2026-09-08,FDI_Eng_stocks-countries.xlsx,countries-ENG,CE46,published
fdi_position,country,m49_804,804,Ukraine,group_cis,country,2020,position_end_of_year,80704568.899999984000,80704.568899999984,thousand_usd,numeric,,2026-09-08,FDI_Eng_stocks-countries.xlsx,countries-ENG,CY46,published
fdi_position,country,m49_804,804,Ukraine,group_cis,country,2021,position_end_of_year,83695387.300000002000,83695.387300000002,thousand_usd,numeric,,2026-09-08,FDI_Eng_stocks-countries.xlsx,countries-ENG,DS46,published
fdi_position,country,m49_804,804,Ukraine,group_cis,country,2022,position_end_of_year,94297773.999999961000,94297.773999999961,thousand_usd,numeric,,2026-09-08,FDI_Eng_stocks-countries.xlsx,countries-ENG,EM46,published
fdi_position,country,m49_804,804,Ukraine,group_cis,country,2023,position_end_of_year,99160367.900000012000,99160.367900000012,thousand_usd,numeric,,2026-09-08,FDI_Eng_stocks-countries.xlsx,countries-ENG,FG46,published
fdi_position,country,m49_804,804,Ukraine,group_cis,country,2024,position_end_of_year,101036433.59999997000,101036.43359999997,thousand_usd,numeric,,2026-09-08,FDI_Eng_stocks-countries.xlsx,countries-ENG,GA46,published
fdi_position,country,m49_804,804,Ukraine,group_cis,country,2025,position_end_of_year,140167042.50000013000,140167.04250000013,thousand_usd,numeric,,2026-09-08,FDI_Eng_stocks-countries.xlsx,countries-ENG,GU46,published
fdi_position,country,m49_818,818,Egypt,group_other,country,2015,position_end_of_year,7373642.9999999982000,7373.6429999999982,thousand_usd,numeric,,2026-09-08,FDI_Eng_stocks-countries.xlsx,countries-ENG,C84,published
fdi_position,country,m49_818,818,Egypt,group_other,country,2016,position_end_of_year,6936372.4000000002000,6936.3724000000002,thousand_usd,numeric,,2026-09-08,FDI_Eng_stocks-countries.xlsx,countries-ENG,W84,published
fdi_position,country,m49_818,818,Egypt,group_other,country,2017,position_end_of_year,6519287.6000000006000,6519.2876000000006,thousand_usd,numeric,,2026-09-08,FDI_Eng_stocks-countries.xlsx,countries-ENG,AQ84,published
fdi_position,country,m49_818,818,Egypt,group_other,country,2018,position_end_of_year,6831018.0999999984000,6831.0180999999984,thousand_usd,numeric,,2026-09-08,FDI_Eng_stocks-countries.xlsx,countries-ENG,BK84,published
fdi_position,country,m49_818,818,Egypt,group_other,country,2019,position_end_of_year,7595812.6000000029000,7595.8126000000029,thousand_usd,numeric,,2026-09-08,FDI_Eng_stocks-countries.xlsx,countries-ENG,CE84,published
fdi_position,country,m49_818,818,Egypt,group_other,country,2020,position_end_of_year,9749703.8999999986000,9749.7038999999986,thousand_usd,numeric,,2026-09-08,FDI_Eng_stocks-countries.xlsx,countries-ENG,CY84,published
fdi_position,country,m49_818,818,Egypt,group_other,country,2021,position_end_of_year,13195475.900000003000,13195.475900000003,thousand_usd,numeric,,2026-09-08,FDI_Eng_stocks-countries.xlsx,countries-ENG,DS84,published
fdi_position,country,m49_818,818,Egypt,group_other,country,2022,position_end_of_year,18930213.499999998000,18930.213499999998,thousand_usd,numeric,,2026-09-08,FDI_Eng_stocks-countries.xlsx,countries-ENG,EM84,published
fdi_position,country,m49_818,818,Egypt,group_other,country,2023,position_end_of_year,18989989.199999996000,18989.989199999996,thousand_usd,numeric,,2026-09-08,FDI_Eng_stocks-countries.xlsx,countries-ENG,FG84,published
fdi_position,country,m49_818,818,Egypt,group_other,country,2024,position_end_of_year,16601799.400000004000,16601.799400000004,thousand_usd,numeric,,2026-09-08,FDI_Eng_stocks-countries.xlsx,countries-ENG,GA84,published
fdi_position,country,m49_818,818,Egypt,group_other,country,2025,position_end_of_year,19632356.599999999000,19632.356599999999,thousand_usd,numeric,,2026-09-08,FDI_Eng_stocks-countries.xlsx,countries-ENG,GU84,published
fdi_position,country,m49_826,826,United Kingdom,group_other,country,2015,position_end_of_year,1433782925.000,1433782.925,thousand_usd,numeric,,2026-09-08,FDI_Eng_stocks-countries.xlsx,countries-ENG,C85,published
fdi_position,country,m49_826,826,United Kingdom,group_other,country,2016,position_end_of_year,1848458369.5999996000,1848458.3695999996,thousand_usd,numeric,,2026-09-08,FDI_Eng_stocks-countries.xlsx,countries-ENG,W85,published
fdi_position,country,m49_826,826,United Kingdom,group_other,country,2017,position_end_of_year,2750430220.3000002000,2750430.2203000002,thousand_usd,numeric,,2026-09-08,FDI_Eng_stocks-countries.xlsx,countries-ENG,AQ85,published
fdi_position,country,m49_826,826,United Kingdom,group_other,country,2018,position_end_of_year,2507784961.8000002000,2507784.9618000002,thousand_usd,numeric,,2026-09-08,FDI_Eng_stocks-countries.xlsx,countries-ENG,BK85,published
fdi_position,country,m49_826,826,United Kingdom,group_other,country,2019,position_end_of_year,2612102231.9999998000,2612102.2319999998,thousand_usd,numeric,,2026-09-08,FDI_Eng_stocks-countries.xlsx,countries-ENG,CE85,published
fdi_position,country,m49_826,826,United Kingdom,group_other,country,2020,position_end_of_year,2549762118.6000006000,2549762.1186000006,thousand_usd,numeric,,2026-09-08,FDI_Eng_stocks-countries.xlsx,countries-ENG,CY85,published
fdi_position,country,m49_826,826,United Kingdom,group_other,country,2021,position_end_of_year,3076829620.5999982000,3076829.6205999982,thousand_usd,numeric,,2026-09-08,FDI_Eng_stocks-countries.xlsx,countries-ENG,DS85,published
fdi_position,country,m49_826,826,United Kingdom,group_other,country,2022,position_end_of_year,3923298400.7000006000,3923298.4007000006,thousand_usd,numeric,,2026-09-08,FDI_Eng_stocks-countries.xlsx,countries-ENG,EM85,published
fdi_position,country,m49_826,826,United Kingdom,group_other,country,2023,position_end_of_year,4657052219.4000017000,4657052.2194000017,thousand_usd,numeric,,2026-09-08,FDI_Eng_stocks-countries.xlsx,countries-ENG,FG85,published
fdi_position,country,m49_826,826,United Kingdom,group_other,country,2024,position_end_of_year,4834721403.0999998000,4834721.4030999998,thousand_usd,numeric,,2026-09-08,FDI_Eng_stocks-countries.xlsx,countries-ENG,GA85,published
fdi_position,country,m49_826,826,United Kingdom,group_other,country,2025,position_end_of_year,5982316511.1000026000,5982316.5111000026,thousand_usd,numeric,,2026-09-08,FDI_Eng_stocks-countries.xlsx,countries-ENG,GU85,published
fdi_position,country,m49_840,840,United States,group_other,country,2015,position_end_of_year,323705430.69999997000,323705.43069999997,thousand_usd,numeric,,2026-09-08,FDI_Eng_stocks-countries.xlsx,countries-ENG,C86,published
fdi_position,country,m49_840,840,United States,group_other,country,2016,position_end_of_year,355488553.60000016000,355488.55360000016,thousand_usd,numeric,,2026-09-08,FDI_Eng_stocks-countries.xlsx,countries-ENG,W86,published
fdi_position,country,m49_840,840,United States,group_other,country,2017,position_end_of_year,430888823.40000028000,430888.82340000028,thousand_usd,numeric,,2026-09-08,FDI_Eng_stocks-countries.xlsx,countries-ENG,AQ86,published
fdi_position,country,m49_840,840,United States,group_other,country,2018,position_end_of_year,516155409.19999994000,516155.40919999994,thousand_usd,numeric,,2026-09-08,FDI_Eng_stocks-countries.xlsx,countries-ENG,BK86,published
fdi_position,country,m49_840,840,United States,group_other,country,2019,position_end_of_year,605747252.20000022000,605747.25220000022,thousand_usd,numeric,,2026-09-08,FDI_Eng_stocks-countries.xlsx,countries-ENG,CE86,published
fdi_position,country,m49_840,840,United States,group_other,country,2020,position_end_of_year,651159013.59999995000,651159.01359999995,thousand_usd,numeric,,2026-09-08,FDI_Eng_stocks-countries.xlsx,countries-ENG,CY86,published
fdi_position,country,m49_840,840,United States,group_other,country,2021,position_end_of_year,692644286.00000008000,692644.28600000008,thousand_usd,numeric,,2026-09-08,FDI_Eng_stocks-countries.xlsx,countries-ENG,DS86,published
fdi_position,country,m49_840,840,United States,group_other,country,2022,position_end_of_year,898965613.00000013000,898965.61300000013,thousand_usd,numeric,,2026-09-08,FDI_Eng_stocks-countries.xlsx,countries-ENG,EM86,published
fdi_position,country,m49_840,840,United States,group_other,country,2023,position_end_of_year,1090849206.4999996000,1090849.2064999996,thousand_usd,numeric,,2026-09-08,FDI_Eng_stocks-countries.xlsx,countries-ENG,FG86,published
fdi_position,country,m49_840,840,United States,group_other,country,2024,position_end_of_year,1134989930.6000003000,1134989.9306000003,thousand_usd,numeric,,2026-09-08,FDI_Eng_stocks-countries.xlsx,countries-ENG,GA86,published
fdi_position,country,m49_840,840,United States,group_other,country,2025,position_end_of_year,1274008268.2999996000,1274008.2682999996,thousand_usd,numeric,,2026-09-08,FDI_Eng_stocks-countries.xlsx,countries-ENG,GU86,published
fdi_position,country,m49_860,860,Uzbekistan,group_cis,country,2015,position_end_of_year,5804379.7999999997000,5804.3797999999997,thousand_usd,numeric,,2026-09-08,FDI_Eng_stocks-countries.xlsx,countries-ENG,C47,published
fdi_position,country,m49_860,860,Uzbekistan,group_cis,country,2016,position_end_of_year,6658847.5999999991000,6658.8475999999991,thousand_usd,numeric,,2026-09-08,FDI_Eng_stocks-countries.xlsx,countries-ENG,W47,published
fdi_position,country,m49_860,860,Uzbekistan,group_cis,country,2017,position_end_of_year,7899726.6999999993000,7899.7266999999993,thousand_usd,numeric,,2026-09-08,FDI_Eng_stocks-countries.xlsx,countries-ENG,AQ47,published
fdi_position,country,m49_860,860,Uzbekistan,group_cis,country,2018,position_end_of_year,8874551.1000000006000,8874.5511000000006,thousand_usd,numeric,,2026-09-08,FDI_Eng_stocks-countries.xlsx,countries-ENG,BK47,published
fdi_position,country,m49_860,860,Uzbekistan,group_cis,country,2019,position_end_of_year,8941408.3999999984000,8941.4083999999984,thousand_usd,numeric,,2026-09-08,FDI_Eng_stocks-countries.xlsx,countries-ENG,CE47,published
fdi_position,country,m49_860,860,Uzbekistan,group_cis,country,2020,position_end_of_year,8014246.2999999989000,8014.2462999999989,thousand_usd,numeric,,2026-09-08,FDI_Eng_stocks-countries.xlsx,countries-ENG,CY47,published
fdi_position,country,m49_860,860,Uzbekistan,group_cis,country,2021,position_end_of_year,8667611.8999999999000,8667.6118999999999,thousand_usd,numeric,,2026-09-08,FDI_Eng_stocks-countries.xlsx,countries-ENG,DS47,published
fdi_position,country,m49_860,860,Uzbekistan,group_cis,country,2022,position_end_of_year,14240103.999999998000,14240.103999999998,thousand_usd,numeric,,2026-09-08,FDI_Eng_stocks-countries.xlsx,countries-ENG,EM47,published
fdi_position,country,m49_860,860,Uzbekistan,group_cis,country,2023,position_end_of_year,19989692.7000,19989.6927,thousand_usd,numeric,,2026-09-08,FDI_Eng_stocks-countries.xlsx,countries-ENG,FG47,published
fdi_position,country,m49_860,860,Uzbekistan,group_cis,country,2024,position_end_of_year,15983072.500000002000,15983.072500000002,thousand_usd,numeric,,2026-09-08,FDI_Eng_stocks-countries.xlsx,countries-ENG,GA47,published
fdi_position,country,m49_860,860,Uzbekistan,group_cis,country,2025,position_end_of_year,12263382.700000002000,12263.382700000002,thousand_usd,numeric,,2026-09-08,FDI_Eng_stocks-countries.xlsx,countries-ENG,GU47,published
fdi_position,country,other_countries_remainder,,Other countries,group_other,remainder,2015,position_end_of_year,52716810.300000019000,52716.810300000019,thousand_usd,numeric,,2026-09-08,FDI_Eng_stocks-countries.xlsx,countries-ENG,C87,published
fdi_position,country,other_countries_remainder,,Other countries,group_other,remainder,2016,position_end_of_year,66203095.799999996000,66203.095799999996,thousand_usd,numeric,,2026-09-08,FDI_Eng_stocks-countries.xlsx,countries-ENG,W87,published
fdi_position,country,other_countries_remainder,,Other countries,group_other,remainder,2017,position_end_of_year,104282739.30000002000,104282.73930000002,thousand_usd,numeric,,2026-09-08,FDI_Eng_stocks-countries.xlsx,countries-ENG,AQ87,published
fdi_position,country,other_countries_remainder,,Other countries,group_other,remainder,2018,position_end_of_year,108668267.30000001000,108668.26730000001,thousand_usd,numeric,,2026-09-08,FDI_Eng_stocks-countries.xlsx,countries-ENG,BK87,published
fdi_position,country,other_countries_remainder,,Other countries,group_other,remainder,2019,position_end_of_year,107750160.70000008000,107750.16070000008,thousand_usd,numeric,,2026-09-08,FDI_Eng_stocks-countries.xlsx,countries-ENG,CE87,published
fdi_position,country,other_countries_remainder,,Other countries,group_other,remainder,2020,position_end_of_year,113057652.39999995000,113057.65239999995,thousand_usd,numeric,,2026-09-08,FDI_Eng_stocks-countries.xlsx,countries-ENG,CY87,published
fdi_position,country,other_countries_remainder,,Other countries,group_other,remainder,2021,position_end_of_year,110599098.40000008000,110599.09840000008,thousand_usd,numeric,,2026-09-08,FDI_Eng_stocks-countries.xlsx,countries-ENG,DS87,published
fdi_position,country,other_countries_remainder,,Other countries,group_other,remainder,2022,position_end_of_year,128983265.99999995000,128983.26599999995,thousand_usd,numeric,,2026-09-08,FDI_Eng_stocks-countries.xlsx,countries-ENG,EM87,published
fdi_position,country,other_countries_remainder,,Other countries,group_other,remainder,2023,position_end_of_year,156042689.4000,156042.6894,thousand_usd,numeric,,2026-09-08,FDI_Eng_stocks-countries.xlsx,countries-ENG,FG87,published
fdi_position,country,other_countries_remainder,,Other countries,group_other,remainder,2024,position_end_of_year,169264918.90000008000,169264.91890000008,thousand_usd,numeric,,2026-09-08,FDI_Eng_stocks-countries.xlsx,countries-ENG,GA87,published
fdi_position,country,other_countries_remainder,,Other countries,group_other,remainder,2025,position_end_of_year,180632029.10000001000,180632.02910000001,thousand_usd,numeric,,2026-09-08,FDI_Eng_stocks-countries.xlsx,countries-ENG,GU87,published
fdi_position,country,total,,Total,,total,2015,position_end_of_year,13771693384.500002000,13771693.384500002,thousand_usd,numeric,,2026-09-08,FDI_Eng_stocks-countries.xlsx,countries-ENG,C6,published
fdi_position,country,total,,Total,,total,2016,position_end_of_year,15188348418.500002000,15188348.418500002,thousand_usd,numeric,,2026-09-08,FDI_Eng_stocks-countries.xlsx,countries-ENG,W6,published
fdi_position,country,total,,Total,,total,2017,position_end_of_year,18024308641.600005000,18024308.641600005,thousand_usd,numeric,,2026-09-08,FDI_Eng_stocks-countries.xlsx,countries-ENG,AQ6,published
fdi_position,country,total,,Total,,total,2018,position_end_of_year,18424511136.300001000,18424511.136300001,thousand_usd,numeric,,2026-09-08,FDI_Eng_stocks-countries.xlsx,countries-ENG,BK6,published
fdi_position,country,total,,Total,,total,2019,position_end_of_year,19467160451.800007000,19467160.451800007,thousand_usd,numeric,,2026-09-08,FDI_Eng_stocks-countries.xlsx,countries-ENG,CE6,published
fdi_position,country,total,,Total,,total,2020,position_end_of_year,18750028646.999996000,18750028.646999996,thousand_usd,numeric,,2026-09-08,FDI_Eng_stocks-countries.xlsx,countries-ENG,CY6,published
fdi_position,country,total,,Total,,total,2021,position_end_of_year,19576789352.199998000,19576789.352199998,thousand_usd,numeric,,2026-09-08,FDI_Eng_stocks-countries.xlsx,countries-ENG,DS6,published
fdi_position,country,total,,Total,,total,2022,position_end_of_year,22621796182.69999000,22621796.18269999,thousand_usd,numeric,,2026-09-08,FDI_Eng_stocks-countries.xlsx,countries-ENG,EM6,published
fdi_position,country,total,,Total,,total,2023,position_end_of_year,24852684807.799999000,24852684.807799999,thousand_usd,numeric,,2026-09-08,FDI_Eng_stocks-countries.xlsx,countries-ENG,FG6,published
fdi_position,country,total,,Total,,total,2024,position_end_of_year,24754549913.299996000,24754549.913299996,thousand_usd,numeric,,2026-09-08,FDI_Eng_stocks-countries.xlsx,countries-ENG,GA6,published
fdi_position,country,total,,Total,,total,2025,position_end_of_year,27926909685.600005000,27926909.685600005,thousand_usd,numeric,,2026-09-08,FDI_Eng_stocks-countries.xlsx,countries-ENG,GU6,published
fdi_position,country,unknown,,Unknown,total,unallocated,2015,position_end_of_year,18378097.800000003000,18378.097800000003,thousand_usd,numeric,,2026-09-08,FDI_Eng_stocks-countries.xlsx,countries-ENG,C88,published
fdi_position,country,unknown,,Unknown,total,unallocated,2016,position_end_of_year,13849457.700000001000,13849.457700000001,thousand_usd,numeric,,2026-09-08,FDI_Eng_stocks-countries.xlsx,countries-ENG,W88,published
fdi_position,country,unknown,,Unknown,total,unallocated,2017,position_end_of_year,13849457.700000001000,13849.457700000001,thousand_usd,numeric,,2026-09-08,FDI_Eng_stocks-countries.xlsx,countries-ENG,AQ88,published
fdi_position,country,unknown,,Unknown,total,unallocated,2018,position_end_of_year,13849457.700000001000,13849.457700000001,thousand_usd,numeric,,2026-09-08,FDI_Eng_stocks-countries.xlsx,countries-ENG,BK88,published
fdi_position,country,unknown,,Unknown,total,unallocated,2019,position_end_of_year,13849457.700000001000,13849.457700000001,thousand_usd,numeric,,2026-09-08,FDI_Eng_stocks-countries.xlsx,countries-ENG,CE88,published
fdi_position,country,unknown,,Unknown,total,unallocated,2020,position_end_of_year,13849457.700000001000,13849.457700000001,thousand_usd,numeric,,2026-09-08,FDI_Eng_stocks-countries.xlsx,countries-ENG,CY88,published
fdi_position,country,unknown,,Unknown,total,unallocated,2021,position_end_of_year,13849457.700000001000,13849.457700000001,thousand_usd,numeric,,2026-09-08,FDI_Eng_stocks-countries.xlsx,countries-ENG,DS88,published
fdi_position,country,unknown,,Unknown,total,unallocated,2022,position_end_of_year,13849457.700000001000,13849.457700000001,thousand_usd,numeric,,2026-09-08,FDI_Eng_stocks-countries.xlsx,countries-ENG,EM88,published
fdi_position,country,unknown,,Unknown,total,unallocated,2023,position_end_of_year,13849457.700000001000,13849.457700000001,thousand_usd,numeric,,2026-09-08,FDI_Eng_stocks-countries.xlsx,countries-ENG,FG88,published
fdi_position,country,unknown,,Unknown,total,unallocated,2024,position_end_of_year,13849457.700000001000,13849.457700000001,thousand_usd,numeric,,2026-09-08,FDI_Eng_stocks-countries.xlsx,countries-ENG,GA88,published
fdi_position,country,unknown,,Unknown,total,unallocated,2025,position_end_of_year,13849457.700000001000,13849.457700000001,thousand_usd,numeric,,2026-09-08,FDI_Eng_stocks-countries.xlsx,countries-ENG,GU88,published
fdi_position,sector,nace_a,A,"Agriculture, forestry and fishing",total,component,2015,position_end_of_year,136331728.59999997000,136331.72859999997,thousand_usd,numeric,,2026-09-08,FDI_Eng_stocks-sectors.xlsx,FDI Sectors,C8,published
fdi_position,sector,nace_a,A,"Agriculture, forestry and fishing",total,component,2016,position_end_of_year,137546771.09999998000,137546.77109999998,thousand_usd,numeric,,2026-09-08,FDI_Eng_stocks-sectors.xlsx,FDI Sectors,W8,published
fdi_position,sector,nace_a,A,"Agriculture, forestry and fishing",total,component,2017,position_end_of_year,166671672.69999997000,166671.67269999997,thousand_usd,numeric,,2026-09-08,FDI_Eng_stocks-sectors.xlsx,FDI Sectors,AQ8,published
fdi_position,sector,nace_a,A,"Agriculture, forestry and fishing",total,component,2018,position_end_of_year,158085078.1000001000,158085.0781000001,thousand_usd,numeric,,2026-09-08,FDI_Eng_stocks-sectors.xlsx,FDI Sectors,BK8,published
fdi_position,sector,nace_a,A,"Agriculture, forestry and fishing",total,component,2019,position_end_of_year,164200541.20000004000,164200.54120000004,thousand_usd,numeric,,2026-09-08,FDI_Eng_stocks-sectors.xlsx,FDI Sectors,CE8,published
fdi_position,sector,nace_a,A,"Agriculture, forestry and fishing",total,component,2020,position_end_of_year,176402487.70000003000,176402.48770000003,thousand_usd,numeric,,2026-09-08,FDI_Eng_stocks-sectors.xlsx,FDI Sectors,CY8,published
fdi_position,sector,nace_a,A,"Agriculture, forestry and fishing",total,component,2021,position_end_of_year,160055199.99999998000,160055.19999999998,thousand_usd,numeric,,2026-09-08,FDI_Eng_stocks-sectors.xlsx,FDI Sectors,DS8,published
fdi_position,sector,nace_a,A,"Agriculture, forestry and fishing",total,component,2022,position_end_of_year,152008643.20000002000,152008.64320000002,thousand_usd,numeric,,2026-09-08,FDI_Eng_stocks-sectors.xlsx,FDI Sectors,EM8,published
fdi_position,sector,nace_a,A,"Agriculture, forestry and fishing",total,component,2023,position_end_of_year,155118059.20000005000,155118.05920000005,thousand_usd,numeric,,2026-09-08,FDI_Eng_stocks-sectors.xlsx,FDI Sectors,FG8,published
fdi_position,sector,nace_a,A,"Agriculture, forestry and fishing",total,component,2024,position_end_of_year,149252562.39999991000,149252.56239999991,thousand_usd,numeric,,2026-09-08,FDI_Eng_stocks-sectors.xlsx,FDI Sectors,GA8,published
fdi_position,sector,nace_a,A,"Agriculture, forestry and fishing",total,component,2025,position_end_of_year,155526149.19999993000,155526.14919999993,thousand_usd,numeric,,2026-09-08,FDI_Eng_stocks-sectors.xlsx,FDI Sectors,GU8,published
fdi_position,sector,nace_b,B,Mining and quarrying,total,component,2015,position_end_of_year,281990460.7000,281990.4607,thousand_usd,numeric,,2026-09-08,FDI_Eng_stocks-sectors.xlsx,FDI Sectors,C9,published
fdi_position,sector,nace_b,B,Mining and quarrying,total,component,2016,position_end_of_year,318281046.89999996000,318281.04689999996,thousand_usd,numeric,,2026-09-08,FDI_Eng_stocks-sectors.xlsx,FDI Sectors,W9,published
fdi_position,sector,nace_b,B,Mining and quarrying,total,component,2017,position_end_of_year,371153150.69999994000,371153.15069999994,thousand_usd,numeric,,2026-09-08,FDI_Eng_stocks-sectors.xlsx,FDI Sectors,AQ9,published
fdi_position,sector,nace_b,B,Mining and quarrying,total,component,2018,position_end_of_year,422624535.99999996000,422624.53599999996,thousand_usd,numeric,,2026-09-08,FDI_Eng_stocks-sectors.xlsx,FDI Sectors,BK9,published
fdi_position,sector,nace_b,B,Mining and quarrying,total,component,2019,position_end_of_year,454846865.60000019000,454846.86560000019,thousand_usd,numeric,,2026-09-08,FDI_Eng_stocks-sectors.xlsx,FDI Sectors,CE9,published
fdi_position,sector,nace_b,B,Mining and quarrying,total,component,2020,position_end_of_year,459892067.99999985000,459892.06799999985,thousand_usd,numeric,,2026-09-08,FDI_Eng_stocks-sectors.xlsx,FDI Sectors,CY9,published
fdi_position,sector,nace_b,B,Mining and quarrying,total,component,2021,position_end_of_year,165546555.70000006000,165546.55570000006,thousand_usd,numeric,,2026-09-08,FDI_Eng_stocks-sectors.xlsx,FDI Sectors,DS9,published
fdi_position,sector,nace_b,B,Mining and quarrying,total,component,2022,position_end_of_year,131517661.40000001000,131517.66140000001,thousand_usd,numeric,,2026-09-08,FDI_Eng_stocks-sectors.xlsx,FDI Sectors,EM9,published
fdi_position,sector,nace_b,B,Mining and quarrying,total,component,2023,position_end_of_year,142632705.89999997000,142632.70589999997,thousand_usd,numeric,,2026-09-08,FDI_Eng_stocks-sectors.xlsx,FDI Sectors,FG9,published
fdi_position,sector,nace_b,B,Mining and quarrying,total,component,2024,position_end_of_year,139886931.39999994000,139886.93139999994,thousand_usd,numeric,,2026-09-08,FDI_Eng_stocks-sectors.xlsx,FDI Sectors,GA9,published
fdi_position,sector,nace_b,B,Mining and quarrying,total,component,2025,position_end_of_year,138584518.9000,138584.5189,thousand_usd,numeric,,2026-09-08,FDI_Eng_stocks-sectors.xlsx,FDI Sectors,GU9,published
fdi_position,sector,nace_c,C,Manufacturing,total,component,2015,position_end_of_year,864318634.90000111000,864318.63490000111,thousand_usd,numeric,,2026-09-08,FDI_Eng_stocks-sectors.xlsx,FDI Sectors,C10,published
fdi_position,sector,nace_c,C,Manufacturing,total,component,2016,position_end_of_year,960882675.90000003000,960882.67590000003,thousand_usd,numeric,,2026-09-08,FDI_Eng_stocks-sectors.xlsx,FDI Sectors,W10,published
fdi_position,sector,nace_c,C,Manufacturing,total,component,2017,position_end_of_year,1060853166.2999997000,1060853.1662999997,thousand_usd,numeric,,2026-09-08,FDI_Eng_stocks-sectors.xlsx,FDI Sectors,AQ10,published
fdi_position,sector,nace_c,C,Manufacturing,total,component,2018,position_end_of_year,1171704583.0000003000,1171704.5830000003,thousand_usd,numeric,,2026-09-08,FDI_Eng_stocks-sectors.xlsx,FDI Sectors,BK10,published
fdi_position,sector,nace_c,C,Manufacturing,total,component,2019,position_end_of_year,1206135197.2999994000,1206135.1972999994,thousand_usd,numeric,,2026-09-08,FDI_Eng_stocks-sectors.xlsx,FDI Sectors,CE10,published
fdi_position,sector,nace_c,C,Manufacturing,total,component,2020,position_end_of_year,1164698253.2000002000,1164698.2532000002,thousand_usd,numeric,,2026-09-08,FDI_Eng_stocks-sectors.xlsx,FDI Sectors,CY10,published
fdi_position,sector,nace_c,C,Manufacturing,total,component,2021,position_end_of_year,1249093627.2999998000,1249093.6272999998,thousand_usd,numeric,,2026-09-08,FDI_Eng_stocks-sectors.xlsx,FDI Sectors,DS10,published
fdi_position,sector,nace_c,C,Manufacturing,total,component,2022,position_end_of_year,1569172515.1999993000,1569172.5151999993,thousand_usd,numeric,,2026-09-08,FDI_Eng_stocks-sectors.xlsx,FDI Sectors,EM10,published
fdi_position,sector,nace_c,C,Manufacturing,total,component,2023,position_end_of_year,1709337509.9999995000,1709337.5099999995,thousand_usd,numeric,,2026-09-08,FDI_Eng_stocks-sectors.xlsx,FDI Sectors,FG10,published
fdi_position,sector,nace_c,C,Manufacturing,total,component,2024,position_end_of_year,1922215561.6000027000,1922215.5616000027,thousand_usd,numeric,,2026-09-08,FDI_Eng_stocks-sectors.xlsx,FDI Sectors,GA10,published
fdi_position,sector,nace_c,C,Manufacturing,total,component,2025,position_end_of_year,2162729868.9000001000,2162729.8689000001,thousand_usd,numeric,,2026-09-08,FDI_Eng_stocks-sectors.xlsx,FDI Sectors,GU10,published
fdi_position,sector,nace_d,D,"Electricity, gas, steam and air conditioning supply",total,component,2015,position_end_of_year,952204583.49999983000,952204.58349999983,thousand_usd,numeric,,2026-09-08,FDI_Eng_stocks-sectors.xlsx,FDI Sectors,C11,published
fdi_position,sector,nace_d,D,"Electricity, gas, steam and air conditioning supply",total,component,2016,position_end_of_year,1043687942.6999998000,1043687.9426999998,thousand_usd,numeric,,2026-09-08,FDI_Eng_stocks-sectors.xlsx,FDI Sectors,W11,published
fdi_position,sector,nace_d,D,"Electricity, gas, steam and air conditioning supply",total,component,2017,position_end_of_year,1327257453.1999994000,1327257.4531999994,thousand_usd,numeric,,2026-09-08,FDI_Eng_stocks-sectors.xlsx,FDI Sectors,AQ11,published
fdi_position,sector,nace_d,D,"Electricity, gas, steam and air conditioning supply",total,component,2018,position_end_of_year,1305972454.1999998000,1305972.4541999998,thousand_usd,numeric,,2026-09-08,FDI_Eng_stocks-sectors.xlsx,FDI Sectors,BK11,published
fdi_position,sector,nace_d,D,"Electricity, gas, steam and air conditioning supply",total,component,2019,position_end_of_year,1650653399.5000003000,1650653.3995000003,thousand_usd,numeric,,2026-09-08,FDI_Eng_stocks-sectors.xlsx,FDI Sectors,CE11,published
fdi_position,sector,nace_d,D,"Electricity, gas, steam and air conditioning supply",total,component,2020,position_end_of_year,1550942182.0000003000,1550942.1820000003,thousand_usd,numeric,,2026-09-08,FDI_Eng_stocks-sectors.xlsx,FDI Sectors,CY11,published
fdi_position,sector,nace_d,D,"Electricity, gas, steam and air conditioning supply",total,component,2021,position_end_of_year,1608239907.7999997000,1608239.9077999997,thousand_usd,numeric,,2026-09-08,FDI_Eng_stocks-sectors.xlsx,FDI Sectors,DS11,published
fdi_position,sector,nace_d,D,"Electricity, gas, steam and air conditioning supply",total,component,2022,position_end_of_year,1675331106.3000008000,1675331.1063000008,thousand_usd,numeric,,2026-09-08,FDI_Eng_stocks-sectors.xlsx,FDI Sectors,EM11,published
fdi_position,sector,nace_d,D,"Electricity, gas, steam and air conditioning supply",total,component,2023,position_end_of_year,1675046245.600001000,1675046.245600001,thousand_usd,numeric,,2026-09-08,FDI_Eng_stocks-sectors.xlsx,FDI Sectors,FG11,published
fdi_position,sector,nace_d,D,"Electricity, gas, steam and air conditioning supply",total,component,2024,position_end_of_year,953809382.20000034000,953809.38220000034,thousand_usd,numeric,,2026-09-08,FDI_Eng_stocks-sectors.xlsx,FDI Sectors,GA11,published
fdi_position,sector,nace_d,D,"Electricity, gas, steam and air conditioning supply",total,component,2025,position_end_of_year,1041472943.5999999000,1041472.9435999999,thousand_usd,numeric,,2026-09-08,FDI_Eng_stocks-sectors.xlsx,FDI Sectors,GU11,published
fdi_position,sector,nace_e,E,"Water supply; sewerage, waste management and remediation activities",total,component,2015,position_end_of_year,380024168.00000006000,380024.16800000006,thousand_usd,numeric,,2026-09-08,FDI_Eng_stocks-sectors.xlsx,FDI Sectors,C12,published
fdi_position,sector,nace_e,E,"Water supply; sewerage, waste management and remediation activities",total,component,2016,position_end_of_year,392380473.09999994000,392380.47309999994,thousand_usd,numeric,,2026-09-08,FDI_Eng_stocks-sectors.xlsx,FDI Sectors,W12,published
fdi_position,sector,nace_e,E,"Water supply; sewerage, waste management and remediation activities",total,component,2017,position_end_of_year,407330601.20000021000,407330.60120000021,thousand_usd,numeric,,2026-09-08,FDI_Eng_stocks-sectors.xlsx,FDI Sectors,AQ12,published
fdi_position,sector,nace_e,E,"Water supply; sewerage, waste management and remediation activities",total,component,2018,position_end_of_year,410540196.69999997000,410540.19669999997,thousand_usd,numeric,,2026-09-08,FDI_Eng_stocks-sectors.xlsx,FDI Sectors,BK12,published
fdi_position,sector,nace_e,E,"Water supply; sewerage, waste management and remediation activities",total,component,2019,position_end_of_year,351049003.60000005000,351049.00360000005,thousand_usd,numeric,,2026-09-08,FDI_Eng_stocks-sectors.xlsx,FDI Sectors,CE12,published
fdi_position,sector,nace_e,E,"Water supply; sewerage, waste management and remediation activities",total,component,2020,position_end_of_year,303230472.80000011000,303230.47280000011,thousand_usd,numeric,,2026-09-08,FDI_Eng_stocks-sectors.xlsx,FDI Sectors,CY12,published
fdi_position,sector,nace_e,E,"Water supply; sewerage, waste management and remediation activities",total,component,2021,position_end_of_year,439149965.00000008000,439149.96500000008,thousand_usd,numeric,,2026-09-08,FDI_Eng_stocks-sectors.xlsx,FDI Sectors,DS12,published
fdi_position,sector,nace_e,E,"Water supply; sewerage, waste management and remediation activities",total,component,2022,position_end_of_year,668485119.50000003000,668485.11950000003,thousand_usd,numeric,,2026-09-08,FDI_Eng_stocks-sectors.xlsx,FDI Sectors,EM12,published
fdi_position,sector,nace_e,E,"Water supply; sewerage, waste management and remediation activities",total,component,2023,position_end_of_year,669878107.39999998000,669878.10739999998,thousand_usd,numeric,,2026-09-08,FDI_Eng_stocks-sectors.xlsx,FDI Sectors,FG12,published
fdi_position,sector,nace_e,E,"Water supply; sewerage, waste management and remediation activities",total,component,2024,position_end_of_year,660058414.40000013000,660058.41440000013,thousand_usd,numeric,,2026-09-08,FDI_Eng_stocks-sectors.xlsx,FDI Sectors,GA12,published
fdi_position,sector,nace_e,E,"Water supply; sewerage, waste management and remediation activities",total,component,2025,position_end_of_year,741715423.4999998000,741715.4234999998,thousand_usd,numeric,,2026-09-08,FDI_Eng_stocks-sectors.xlsx,FDI Sectors,GU12,published
fdi_position,sector,nace_f,F,Construction,total,component,2015,position_end_of_year,944988080.10000037000,944988.08010000037,thousand_usd,numeric,,2026-09-08,FDI_Eng_stocks-sectors.xlsx,FDI Sectors,C13,published
fdi_position,sector,nace_f,F,Construction,total,component,2016,position_end_of_year,1077125552.3999995000,1077125.5523999995,thousand_usd,numeric,,2026-09-08,FDI_Eng_stocks-sectors.xlsx,FDI Sectors,W13,published
fdi_position,sector,nace_f,F,Construction,total,component,2017,position_end_of_year,1264169623.4000009000,1264169.6234000009,thousand_usd,numeric,,2026-09-08,FDI_Eng_stocks-sectors.xlsx,FDI Sectors,AQ13,published
fdi_position,sector,nace_f,F,Construction,total,component,2018,position_end_of_year,1369284077.8999985000,1369284.0778999985,thousand_usd,numeric,,2026-09-08,FDI_Eng_stocks-sectors.xlsx,FDI Sectors,BK13,published
fdi_position,sector,nace_f,F,Construction,total,component,2019,position_end_of_year,1388202364.5999986000,1388202.3645999986,thousand_usd,numeric,,2026-09-08,FDI_Eng_stocks-sectors.xlsx,FDI Sectors,CE13,published
fdi_position,sector,nace_f,F,Construction,total,component,2020,position_end_of_year,1381784156.1999994000,1381784.1561999994,thousand_usd,numeric,,2026-09-08,FDI_Eng_stocks-sectors.xlsx,FDI Sectors,CY13,published
fdi_position,sector,nace_f,F,Construction,total,component,2021,position_end_of_year,1073685308.8999989000,1073685.3088999989,thousand_usd,numeric,,2026-09-08,FDI_Eng_stocks-sectors.xlsx,FDI Sectors,DS13,published
fdi_position,sector,nace_f,F,Construction,total,component,2022,position_end_of_year,1104394343.8999988000,1104394.3438999988,thousand_usd,numeric,,2026-09-08,FDI_Eng_stocks-sectors.xlsx,FDI Sectors,EM13,published
fdi_position,sector,nace_f,F,Construction,total,component,2023,position_end_of_year,1274063004.7999995000,1274063.0047999995,thousand_usd,numeric,,2026-09-08,FDI_Eng_stocks-sectors.xlsx,FDI Sectors,FG13,published
fdi_position,sector,nace_f,F,Construction,total,component,2024,position_end_of_year,1185276177.2999987000,1185276.1772999987,thousand_usd,numeric,,2026-09-08,FDI_Eng_stocks-sectors.xlsx,FDI Sectors,GA13,published
fdi_position,sector,nace_f,F,Construction,total,component,2025,position_end_of_year,1124200052.0999988000,1124200.0520999988,thousand_usd,numeric,,2026-09-08,FDI_Eng_stocks-sectors.xlsx,FDI Sectors,GU13,published
fdi_position,sector,nace_g,G,Wholesale and retail trade; repair of motor vehicles and motorcycles,total,component,2015,position_end_of_year,654095556.29999971000,654095.55629999971,thousand_usd,numeric,,2026-09-08,FDI_Eng_stocks-sectors.xlsx,FDI Sectors,C14,published
fdi_position,sector,nace_g,G,Wholesale and retail trade; repair of motor vehicles and motorcycles,total,component,2016,position_end_of_year,695327210.8000,695327.2108,thousand_usd,numeric,,2026-09-08,FDI_Eng_stocks-sectors.xlsx,FDI Sectors,W14,published
fdi_position,sector,nace_g,G,Wholesale and retail trade; repair of motor vehicles and motorcycles,total,component,2017,position_end_of_year,869568727.79999918000,869568.72779999918,thousand_usd,numeric,,2026-09-08,FDI_Eng_stocks-sectors.xlsx,FDI Sectors,AQ14,published
fdi_position,sector,nace_g,G,Wholesale and retail trade; repair of motor vehicles and motorcycles,total,component,2018,position_end_of_year,895429029.60000036000,895429.02960000036,thousand_usd,numeric,,2026-09-08,FDI_Eng_stocks-sectors.xlsx,FDI Sectors,BK14,published
fdi_position,sector,nace_g,G,Wholesale and retail trade; repair of motor vehicles and motorcycles,total,component,2019,position_end_of_year,995998424.5000002000,995998.4245000002,thousand_usd,numeric,,2026-09-08,FDI_Eng_stocks-sectors.xlsx,FDI Sectors,CE14,published
fdi_position,sector,nace_g,G,Wholesale and retail trade; repair of motor vehicles and motorcycles,total,component,2020,position_end_of_year,954973958.79999828000,954973.95879999828,thousand_usd,numeric,,2026-09-08,FDI_Eng_stocks-sectors.xlsx,FDI Sectors,CY14,published
fdi_position,sector,nace_g,G,Wholesale and retail trade; repair of motor vehicles and motorcycles,total,component,2021,position_end_of_year,1120742754.0000018000,1120742.7540000018,thousand_usd,numeric,,2026-09-08,FDI_Eng_stocks-sectors.xlsx,FDI Sectors,DS14,published
fdi_position,sector,nace_g,G,Wholesale and retail trade; repair of motor vehicles and motorcycles,total,component,2022,position_end_of_year,1405197221.3000001000,1405197.2213000001,thousand_usd,numeric,,2026-09-08,FDI_Eng_stocks-sectors.xlsx,FDI Sectors,EM14,published
fdi_position,sector,nace_g,G,Wholesale and retail trade; repair of motor vehicles and motorcycles,total,component,2023,position_end_of_year,1614963899.3000002000,1614963.8993000002,thousand_usd,numeric,,2026-09-08,FDI_Eng_stocks-sectors.xlsx,FDI Sectors,FG14,published
fdi_position,sector,nace_g,G,Wholesale and retail trade; repair of motor vehicles and motorcycles,total,component,2024,position_end_of_year,1650332484.2999987000,1650332.4842999987,thousand_usd,numeric,,2026-09-08,FDI_Eng_stocks-sectors.xlsx,FDI Sectors,GA14,published
fdi_position,sector,nace_g,G,Wholesale and retail trade; repair of motor vehicles and motorcycles,total,component,2025,position_end_of_year,1880082071.4999968000,1880082.0714999968,thousand_usd,numeric,,2026-09-08,FDI_Eng_stocks-sectors.xlsx,FDI Sectors,GU14,published
fdi_position,sector,nace_h,H,Transportation and storage,total,component,2015,position_end_of_year,4058408958.2999987000,4058408.9582999987,thousand_usd,numeric,,2026-09-08,FDI_Eng_stocks-sectors.xlsx,FDI Sectors,C15,published
fdi_position,sector,nace_h,H,Transportation and storage,total,component,2016,position_end_of_year,4569868732.6000035000,4569868.7326000035,thousand_usd,numeric,,2026-09-08,FDI_Eng_stocks-sectors.xlsx,FDI Sectors,W15,published
fdi_position,sector,nace_h,H,Transportation and storage,total,component,2017,position_end_of_year,5076367139.6000013000,5076367.1396000013,thousand_usd,numeric,,2026-09-08,FDI_Eng_stocks-sectors.xlsx,FDI Sectors,AQ15,published
fdi_position,sector,nace_h,H,Transportation and storage,total,component,2018,position_end_of_year,5221440001.9000052000,5221440.0019000052,thousand_usd,numeric,,2026-09-08,FDI_Eng_stocks-sectors.xlsx,FDI Sectors,BK15,published
fdi_position,sector,nace_h,H,Transportation and storage,total,component,2019,position_end_of_year,5208349721.7999985000,5208349.7217999985,thousand_usd,numeric,,2026-09-08,FDI_Eng_stocks-sectors.xlsx,FDI Sectors,CE15,published
fdi_position,sector,nace_h,H,Transportation and storage,total,component,2020,position_end_of_year,5074521045.0000009000,5074521.0450000009,thousand_usd,numeric,,2026-09-08,FDI_Eng_stocks-sectors.xlsx,FDI Sectors,CY15,published
fdi_position,sector,nace_h,H,Transportation and storage,total,component,2021,position_end_of_year,5177789798.5000005000,5177789.7985000005,thousand_usd,numeric,,2026-09-08,FDI_Eng_stocks-sectors.xlsx,FDI Sectors,DS15,published
fdi_position,sector,nace_h,H,Transportation and storage,total,component,2022,position_end_of_year,5446681317.6999986000,5446681.3176999986,thousand_usd,numeric,,2026-09-08,FDI_Eng_stocks-sectors.xlsx,FDI Sectors,EM15,published
fdi_position,sector,nace_h,H,Transportation and storage,total,component,2023,position_end_of_year,5611570137.4000013000,5611570.1374000013,thousand_usd,numeric,,2026-09-08,FDI_Eng_stocks-sectors.xlsx,FDI Sectors,FG15,published
fdi_position,sector,nace_h,H,Transportation and storage,total,component,2024,position_end_of_year,5637258175.8000022000,5637258.1758000022,thousand_usd,numeric,,2026-09-08,FDI_Eng_stocks-sectors.xlsx,FDI Sectors,GA15,published
fdi_position,sector,nace_h,H,Transportation and storage,total,component,2025,position_end_of_year,5958640658.5999988000,5958640.6585999988,thousand_usd,numeric,,2026-09-08,FDI_Eng_stocks-sectors.xlsx,FDI Sectors,GU15,published
fdi_position,sector,nace_i,I,Accommodation and food service activities,total,component,2015,position_end_of_year,734129829.29999975000,734129.82929999975,thousand_usd,numeric,,2026-09-08,FDI_Eng_stocks-sectors.xlsx,FDI Sectors,C16,published
fdi_position,sector,nace_i,I,Accommodation and food service activities,total,component,2016,position_end_of_year,821804306.9999998000,821804.3069999998,thousand_usd,numeric,,2026-09-08,FDI_Eng_stocks-sectors.xlsx,FDI Sectors,W16,published
fdi_position,sector,nace_i,I,Accommodation and food service activities,total,component,2017,position_end_of_year,947558362.19999974000,947558.36219999974,thousand_usd,numeric,,2026-09-08,FDI_Eng_stocks-sectors.xlsx,FDI Sectors,AQ16,published
fdi_position,sector,nace_i,I,Accommodation and food service activities,total,component,2018,position_end_of_year,1043265302.0999996000,1043265.3020999996,thousand_usd,numeric,,2026-09-08,FDI_Eng_stocks-sectors.xlsx,FDI Sectors,BK16,published
fdi_position,sector,nace_i,I,Accommodation and food service activities,total,component,2019,position_end_of_year,1093329955.1000001000,1093329.9551000001,thousand_usd,numeric,,2026-09-08,FDI_Eng_stocks-sectors.xlsx,FDI Sectors,CE16,published
fdi_position,sector,nace_i,I,Accommodation and food service activities,total,component,2020,position_end_of_year,803646097.10000025000,803646.09710000025,thousand_usd,numeric,,2026-09-08,FDI_Eng_stocks-sectors.xlsx,FDI Sectors,CY16,published
fdi_position,sector,nace_i,I,Accommodation and food service activities,total,component,2021,position_end_of_year,796246911.10000061000,796246.91110000061,thousand_usd,numeric,,2026-09-08,FDI_Eng_stocks-sectors.xlsx,FDI Sectors,DS16,published
fdi_position,sector,nace_i,I,Accommodation and food service activities,total,component,2022,position_end_of_year,854323613.39999957000,854323.61339999957,thousand_usd,numeric,,2026-09-08,FDI_Eng_stocks-sectors.xlsx,FDI Sectors,EM16,published
fdi_position,sector,nace_i,I,Accommodation and food service activities,total,component,2023,position_end_of_year,902909698.60000035000,902909.69860000035,thousand_usd,numeric,,2026-09-08,FDI_Eng_stocks-sectors.xlsx,FDI Sectors,FG16,published
fdi_position,sector,nace_i,I,Accommodation and food service activities,total,component,2024,position_end_of_year,920051573.79999955000,920051.57379999955,thousand_usd,numeric,,2026-09-08,FDI_Eng_stocks-sectors.xlsx,FDI Sectors,GA16,published
fdi_position,sector,nace_i,I,Accommodation and food service activities,total,component,2025,position_end_of_year,1023966132.7999991000,1023966.1327999991,thousand_usd,numeric,,2026-09-08,FDI_Eng_stocks-sectors.xlsx,FDI Sectors,GU16,published
fdi_position,sector,nace_j,J,Information and communication,total,component,2015,position_end_of_year,725335916.6000,725335.9166,thousand_usd,numeric,,2026-09-08,FDI_Eng_stocks-sectors.xlsx,FDI Sectors,C17,published
fdi_position,sector,nace_j,J,Information and communication,total,component,2016,position_end_of_year,776672525.50000011000,776672.52550000011,thousand_usd,numeric,,2026-09-08,FDI_Eng_stocks-sectors.xlsx,FDI Sectors,W17,published
fdi_position,sector,nace_j,J,Information and communication,total,component,2017,position_end_of_year,846795637.09999982000,846795.63709999982,thousand_usd,numeric,,2026-09-08,FDI_Eng_stocks-sectors.xlsx,FDI Sectors,AQ17,published
fdi_position,sector,nace_j,J,Information and communication,total,component,2018,position_end_of_year,754620454.49999929000,754620.45449999929,thousand_usd,numeric,,2026-09-08,FDI_Eng_stocks-sectors.xlsx,FDI Sectors,BK17,published
fdi_position,sector,nace_j,J,Information and communication,total,component,2019,position_end_of_year,800331981.99999903000,800331.98199999903,thousand_usd,numeric,,2026-09-08,FDI_Eng_stocks-sectors.xlsx,FDI Sectors,CE17,published
fdi_position,sector,nace_j,J,Information and communication,total,component,2020,position_end_of_year,825724033.4999999000,825724.0334999999,thousand_usd,numeric,,2026-09-08,FDI_Eng_stocks-sectors.xlsx,FDI Sectors,CY17,published
fdi_position,sector,nace_j,J,Information and communication,total,component,2021,position_end_of_year,836415279.60000059000,836415.27960000059,thousand_usd,numeric,,2026-09-08,FDI_Eng_stocks-sectors.xlsx,FDI Sectors,DS17,published
fdi_position,sector,nace_j,J,Information and communication,total,component,2022,position_end_of_year,1061802640.5999993000,1061802.6405999993,thousand_usd,numeric,,2026-09-08,FDI_Eng_stocks-sectors.xlsx,FDI Sectors,EM17,published
fdi_position,sector,nace_j,J,Information and communication,total,component,2023,position_end_of_year,1190233790.5000004000,1190233.7905000004,thousand_usd,numeric,,2026-09-08,FDI_Eng_stocks-sectors.xlsx,FDI Sectors,FG17,published
fdi_position,sector,nace_j,J,Information and communication,total,component,2024,position_end_of_year,1211637798.3000008000,1211637.7983000008,thousand_usd,numeric,,2026-09-08,FDI_Eng_stocks-sectors.xlsx,FDI Sectors,GA17,published
fdi_position,sector,nace_j,J,Information and communication,total,component,2025,position_end_of_year,1380394685.3000012000,1380394.6853000012,thousand_usd,numeric,,2026-09-08,FDI_Eng_stocks-sectors.xlsx,FDI Sectors,GU17,published
fdi_position,sector,nace_k,K,Financial and insurance activities,total,component,2015,position_end_of_year,1718833995.000001000,1718833.995000001,thousand_usd,numeric,,2026-09-08,FDI_Eng_stocks-sectors.xlsx,FDI Sectors,C18,published
fdi_position,sector,nace_k,K,Financial and insurance activities,total,component,2016,position_end_of_year,2057527862.200001000,2057527.862200001,thousand_usd,numeric,,2026-09-08,FDI_Eng_stocks-sectors.xlsx,FDI Sectors,W18,published
fdi_position,sector,nace_k,K,Financial and insurance activities,total,component,2017,position_end_of_year,3032222339.4999998000,3032222.3394999998,thousand_usd,numeric,,2026-09-08,FDI_Eng_stocks-sectors.xlsx,FDI Sectors,AQ18,published
fdi_position,sector,nace_k,K,Financial and insurance activities,total,component,2018,position_end_of_year,2850875237.999999000,2850875.237999999,thousand_usd,numeric,,2026-09-08,FDI_Eng_stocks-sectors.xlsx,FDI Sectors,BK18,published
fdi_position,sector,nace_k,K,Financial and insurance activities,total,component,2019,position_end_of_year,3246708185.8000006000,3246708.1858000006,thousand_usd,numeric,,2026-09-08,FDI_Eng_stocks-sectors.xlsx,FDI Sectors,CE18,published
fdi_position,sector,nace_k,K,Financial and insurance activities,total,component,2020,position_end_of_year,3212981441.9000014000,3212981.4419000014,thousand_usd,numeric,,2026-09-08,FDI_Eng_stocks-sectors.xlsx,FDI Sectors,CY18,published
fdi_position,sector,nace_k,K,Financial and insurance activities,total,component,2021,position_end_of_year,3989988697.1999984000,3989988.6971999984,thousand_usd,numeric,,2026-09-08,FDI_Eng_stocks-sectors.xlsx,FDI Sectors,DS18,published
fdi_position,sector,nace_k,K,Financial and insurance activities,total,component,2022,position_end_of_year,4985548589.5999996000,4985548.5895999996,thousand_usd,numeric,,2026-09-08,FDI_Eng_stocks-sectors.xlsx,FDI Sectors,EM18,published
fdi_position,sector,nace_k,K,Financial and insurance activities,total,component,2023,position_end_of_year,5994067168.6000014000,5994067.1686000014,thousand_usd,numeric,,2026-09-08,FDI_Eng_stocks-sectors.xlsx,FDI Sectors,FG18,published
fdi_position,sector,nace_k,K,Financial and insurance activities,total,component,2024,position_end_of_year,6228053997.6000031000,6228053.9976000031,thousand_usd,numeric,,2026-09-08,FDI_Eng_stocks-sectors.xlsx,FDI Sectors,GA18,published
fdi_position,sector,nace_k,K,Financial and insurance activities,total,component,2025,position_end_of_year,7654882658.6999968000,7654882.6586999968,thousand_usd,numeric,,2026-09-08,FDI_Eng_stocks-sectors.xlsx,FDI Sectors,GU18,published
fdi_position,sector,nace_l,L,Real estate activities,total,component,2015,position_end_of_year,1345532764.0000002000,1345532.7640000002,thousand_usd,numeric,,2026-09-08,FDI_Eng_stocks-sectors.xlsx,FDI Sectors,C19,published
fdi_position,sector,nace_l,L,Real estate activities,total,component,2016,position_end_of_year,1307006431.9999998000,1307006.4319999998,thousand_usd,numeric,,2026-09-08,FDI_Eng_stocks-sectors.xlsx,FDI Sectors,W19,published
fdi_position,sector,nace_l,L,Real estate activities,total,component,2017,position_end_of_year,1486677925.9999988000,1486677.9259999988,thousand_usd,numeric,,2026-09-08,FDI_Eng_stocks-sectors.xlsx,FDI Sectors,AQ19,published
fdi_position,sector,nace_l,L,Real estate activities,total,component,2018,position_end_of_year,1533552699.1000001000,1533552.6991000001,thousand_usd,numeric,,2026-09-08,FDI_Eng_stocks-sectors.xlsx,FDI Sectors,BK19,published
fdi_position,sector,nace_l,L,Real estate activities,total,component,2019,position_end_of_year,1501742411.1999995000,1501742.4111999995,thousand_usd,numeric,,2026-09-08,FDI_Eng_stocks-sectors.xlsx,FDI Sectors,CE19,published
fdi_position,sector,nace_l,L,Real estate activities,total,component,2020,position_end_of_year,1425626519.699998000,1425626.519699998,thousand_usd,numeric,,2026-09-08,FDI_Eng_stocks-sectors.xlsx,FDI Sectors,CY19,published
fdi_position,sector,nace_l,L,Real estate activities,total,component,2021,position_end_of_year,1444372067.7999989000,1444372.0677999989,thousand_usd,numeric,,2026-09-08,FDI_Eng_stocks-sectors.xlsx,FDI Sectors,DS19,published
fdi_position,sector,nace_l,L,Real estate activities,total,component,2022,position_end_of_year,1734426459.1999992000,1734426.4591999992,thousand_usd,numeric,,2026-09-08,FDI_Eng_stocks-sectors.xlsx,FDI Sectors,EM19,published
fdi_position,sector,nace_l,L,Real estate activities,total,component,2023,position_end_of_year,1894309381.2000004000,1894309.3812000004,thousand_usd,numeric,,2026-09-08,FDI_Eng_stocks-sectors.xlsx,FDI Sectors,FG19,published
fdi_position,sector,nace_l,L,Real estate activities,total,component,2024,position_end_of_year,2074846231.9999991000,2074846.2319999991,thousand_usd,numeric,,2026-09-08,FDI_Eng_stocks-sectors.xlsx,FDI Sectors,GA19,published
fdi_position,sector,nace_l,L,Real estate activities,total,component,2025,position_end_of_year,2386290609.0999977000,2386290.6090999977,thousand_usd,numeric,,2026-09-08,FDI_Eng_stocks-sectors.xlsx,FDI Sectors,GU19,published
fdi_position,sector,nace_m,M,"Professional, scientific and technical activities",total,component,2015,position_end_of_year,384237586.60000021000,384237.58660000021,thousand_usd,numeric,,2026-09-08,FDI_Eng_stocks-sectors.xlsx,FDI Sectors,C20,published
fdi_position,sector,nace_m,M,"Professional, scientific and technical activities",total,component,2016,position_end_of_year,379145175.19999988000,379145.17519999988,thousand_usd,numeric,,2026-09-08,FDI_Eng_stocks-sectors.xlsx,FDI Sectors,W20,published
fdi_position,sector,nace_m,M,"Professional, scientific and technical activities",total,component,2017,position_end_of_year,434221132.59999984000,434221.13259999984,thousand_usd,numeric,,2026-09-08,FDI_Eng_stocks-sectors.xlsx,FDI Sectors,AQ20,published
fdi_position,sector,nace_m,M,"Professional, scientific and technical activities",total,component,2018,position_end_of_year,467656927.29999992000,467656.92729999992,thousand_usd,numeric,,2026-09-08,FDI_Eng_stocks-sectors.xlsx,FDI Sectors,BK20,published
fdi_position,sector,nace_m,M,"Professional, scientific and technical activities",total,component,2019,position_end_of_year,486526460.19999968000,486526.46019999968,thousand_usd,numeric,,2026-09-08,FDI_Eng_stocks-sectors.xlsx,FDI Sectors,CE20,published
fdi_position,sector,nace_m,M,"Professional, scientific and technical activities",total,component,2020,position_end_of_year,507600276.90000011000,507600.27690000011,thousand_usd,numeric,,2026-09-08,FDI_Eng_stocks-sectors.xlsx,FDI Sectors,CY20,published
fdi_position,sector,nace_m,M,"Professional, scientific and technical activities",total,component,2021,position_end_of_year,512812857.30000015000,512812.85730000015,thousand_usd,numeric,,2026-09-08,FDI_Eng_stocks-sectors.xlsx,FDI Sectors,DS20,published
fdi_position,sector,nace_m,M,"Professional, scientific and technical activities",total,component,2022,position_end_of_year,516056738.30000032000,516056.73830000032,thousand_usd,numeric,,2026-09-08,FDI_Eng_stocks-sectors.xlsx,FDI Sectors,EM20,published
fdi_position,sector,nace_m,M,"Professional, scientific and technical activities",total,component,2023,position_end_of_year,583724760.40000014000,583724.76040000014,thousand_usd,numeric,,2026-09-08,FDI_Eng_stocks-sectors.xlsx,FDI Sectors,FG20,published
fdi_position,sector,nace_m,M,"Professional, scientific and technical activities",total,component,2024,position_end_of_year,598214816.50000007000,598214.81650000007,thousand_usd,numeric,,2026-09-08,FDI_Eng_stocks-sectors.xlsx,FDI Sectors,GA20,published
fdi_position,sector,nace_m,M,"Professional, scientific and technical activities",total,component,2025,position_end_of_year,769279124.50000015000,769279.12450000015,thousand_usd,numeric,,2026-09-08,FDI_Eng_stocks-sectors.xlsx,FDI Sectors,GU20,published
fdi_position,sector,nace_n,N,Administrative and support service activities,total,component,2015,position_end_of_year,114653553.19999997000,114653.55319999997,thousand_usd,numeric,,2026-09-08,FDI_Eng_stocks-sectors.xlsx,FDI Sectors,C21,published
fdi_position,sector,nace_n,N,Administrative and support service activities,total,component,2016,position_end_of_year,111071503.69999991000,111071.50369999991,thousand_usd,numeric,,2026-09-08,FDI_Eng_stocks-sectors.xlsx,FDI Sectors,W21,published
fdi_position,sector,nace_n,N,Administrative and support service activities,total,component,2017,position_end_of_year,133107551.29999996000,133107.55129999996,thousand_usd,numeric,,2026-09-08,FDI_Eng_stocks-sectors.xlsx,FDI Sectors,AQ21,published
fdi_position,sector,nace_n,N,Administrative and support service activities,total,component,2018,position_end_of_year,189217549.70000009000,189217.54970000009,thousand_usd,numeric,,2026-09-08,FDI_Eng_stocks-sectors.xlsx,FDI Sectors,BK21,published
fdi_position,sector,nace_n,N,Administrative and support service activities,total,component,2019,position_end_of_year,184955840.29999989000,184955.84029999989,thousand_usd,numeric,,2026-09-08,FDI_Eng_stocks-sectors.xlsx,FDI Sectors,CE21,published
fdi_position,sector,nace_n,N,Administrative and support service activities,total,component,2020,position_end_of_year,173662234.89999992000,173662.23489999992,thousand_usd,numeric,,2026-09-08,FDI_Eng_stocks-sectors.xlsx,FDI Sectors,CY21,published
fdi_position,sector,nace_n,N,Administrative and support service activities,total,component,2021,position_end_of_year,192291374.49999986000,192291.37449999986,thousand_usd,numeric,,2026-09-08,FDI_Eng_stocks-sectors.xlsx,FDI Sectors,DS21,published
fdi_position,sector,nace_n,N,Administrative and support service activities,total,component,2022,position_end_of_year,205352544.09999988000,205352.54409999988,thousand_usd,numeric,,2026-09-08,FDI_Eng_stocks-sectors.xlsx,FDI Sectors,EM21,published
fdi_position,sector,nace_n,N,Administrative and support service activities,total,component,2023,position_end_of_year,251018711.10000016000,251018.71110000016,thousand_usd,numeric,,2026-09-08,FDI_Eng_stocks-sectors.xlsx,FDI Sectors,FG21,published
fdi_position,sector,nace_n,N,Administrative and support service activities,total,component,2024,position_end_of_year,255884201.90000001000,255884.20190000001,thousand_usd,numeric,,2026-09-08,FDI_Eng_stocks-sectors.xlsx,FDI Sectors,GA21,published
fdi_position,sector,nace_n,N,Administrative and support service activities,total,component,2025,position_end_of_year,265253515.90000006000,265253.51590000006,thousand_usd,numeric,,2026-09-08,FDI_Eng_stocks-sectors.xlsx,FDI Sectors,GU21,published
fdi_position,sector,nace_p,P,Education,total,component,2015,position_end_of_year,25166012.799999993000,25166.012799999993,thousand_usd,numeric,,2026-09-08,FDI_Eng_stocks-sectors.xlsx,FDI Sectors,C22,published
fdi_position,sector,nace_p,P,Education,total,component,2016,position_end_of_year,30130638.399999996000,30130.638399999996,thousand_usd,numeric,,2026-09-08,FDI_Eng_stocks-sectors.xlsx,FDI Sectors,W22,published
fdi_position,sector,nace_p,P,Education,total,component,2017,position_end_of_year,41114771.10000002000,41114.77110000002,thousand_usd,numeric,,2026-09-08,FDI_Eng_stocks-sectors.xlsx,FDI Sectors,AQ22,published
fdi_position,sector,nace_p,P,Education,total,component,2018,position_end_of_year,52856725.899999983000,52856.725899999983,thousand_usd,numeric,,2026-09-08,FDI_Eng_stocks-sectors.xlsx,FDI Sectors,BK22,published
fdi_position,sector,nace_p,P,Education,total,component,2019,position_end_of_year,54327480.600000017000,54327.480600000017,thousand_usd,numeric,,2026-09-08,FDI_Eng_stocks-sectors.xlsx,FDI Sectors,CE22,published
fdi_position,sector,nace_p,P,Education,total,component,2020,position_end_of_year,59855945.09999999000,59855.94509999999,thousand_usd,numeric,,2026-09-08,FDI_Eng_stocks-sectors.xlsx,FDI Sectors,CY22,published
fdi_position,sector,nace_p,P,Education,total,component,2021,position_end_of_year,74885480.300000025000,74885.480300000025,thousand_usd,numeric,,2026-09-08,FDI_Eng_stocks-sectors.xlsx,FDI Sectors,DS22,published
fdi_position,sector,nace_p,P,Education,total,component,2022,position_end_of_year,93561796.199999953000,93561.796199999953,thousand_usd,numeric,,2026-09-08,FDI_Eng_stocks-sectors.xlsx,FDI Sectors,EM22,published
fdi_position,sector,nace_p,P,Education,total,component,2023,position_end_of_year,112685501.20000003000,112685.50120000003,thousand_usd,numeric,,2026-09-08,FDI_Eng_stocks-sectors.xlsx,FDI Sectors,FG22,published
fdi_position,sector,nace_p,P,Education,total,component,2024,position_end_of_year,113532580.6000,113532.5806,thousand_usd,numeric,,2026-09-08,FDI_Eng_stocks-sectors.xlsx,FDI Sectors,GA22,published
fdi_position,sector,nace_p,P,Education,total,component,2025,position_end_of_year,114013520.39999995000,114013.52039999995,thousand_usd,numeric,,2026-09-08,FDI_Eng_stocks-sectors.xlsx,FDI Sectors,GU22,published
fdi_position,sector,nace_q,Q,Human health and social work activities,total,component,2015,position_end_of_year,181765077.80000003000,181765.07780000003,thousand_usd,numeric,,2026-09-08,FDI_Eng_stocks-sectors.xlsx,FDI Sectors,C23,published
fdi_position,sector,nace_q,Q,Human health and social work activities,total,component,2016,position_end_of_year,195390990.70000017000,195390.99070000017,thousand_usd,numeric,,2026-09-08,FDI_Eng_stocks-sectors.xlsx,FDI Sectors,W23,published
fdi_position,sector,nace_q,Q,Human health and social work activities,total,component,2017,position_end_of_year,206481966.30000003000,206481.96630000003,thousand_usd,numeric,,2026-09-08,FDI_Eng_stocks-sectors.xlsx,FDI Sectors,AQ23,published
fdi_position,sector,nace_q,Q,Human health and social work activities,total,component,2018,position_end_of_year,212478962.79999998000,212478.96279999998,thousand_usd,numeric,,2026-09-08,FDI_Eng_stocks-sectors.xlsx,FDI Sectors,BK23,published
fdi_position,sector,nace_q,Q,Human health and social work activities,total,component,2019,position_end_of_year,215283818.69999974000,215283.81869999974,thousand_usd,numeric,,2026-09-08,FDI_Eng_stocks-sectors.xlsx,FDI Sectors,CE23,published
fdi_position,sector,nace_q,Q,Human health and social work activities,total,component,2020,position_end_of_year,197787216.10000011000,197787.21610000011,thousand_usd,numeric,,2026-09-08,FDI_Eng_stocks-sectors.xlsx,FDI Sectors,CY23,published
fdi_position,sector,nace_q,Q,Human health and social work activities,total,component,2021,position_end_of_year,95295051.799999943000,95295.051799999943,thousand_usd,numeric,,2026-09-08,FDI_Eng_stocks-sectors.xlsx,FDI Sectors,DS23,published
fdi_position,sector,nace_q,Q,Human health and social work activities,total,component,2022,position_end_of_year,79002169.200000004000,79002.169200000004,thousand_usd,numeric,,2026-09-08,FDI_Eng_stocks-sectors.xlsx,FDI Sectors,EM23,published
fdi_position,sector,nace_q,Q,Human health and social work activities,total,component,2023,position_end_of_year,94356416.100000002000,94356.416100000002,thousand_usd,numeric,,2026-09-08,FDI_Eng_stocks-sectors.xlsx,FDI Sectors,FG23,published
fdi_position,sector,nace_q,Q,Human health and social work activities,total,component,2024,position_end_of_year,94900052.099999972000,94900.052099999972,thousand_usd,numeric,,2026-09-08,FDI_Eng_stocks-sectors.xlsx,FDI Sectors,GA23,published
fdi_position,sector,nace_q,Q,Human health and social work activities,total,component,2025,position_end_of_year,107987867.30000001000,107987.86730000001,thousand_usd,numeric,,2026-09-08,FDI_Eng_stocks-sectors.xlsx,FDI Sectors,GU23,published
fdi_position,sector,nace_r,R,"Arts, entertainment and recreation",total,component,2015,position_end_of_year,135825196.30000004000,135825.19630000004,thousand_usd,numeric,,2026-09-08,FDI_Eng_stocks-sectors.xlsx,FDI Sectors,C24,published
fdi_position,sector,nace_r,R,"Arts, entertainment and recreation",total,component,2016,position_end_of_year,176653272.80000006000,176653.27280000006,thousand_usd,numeric,,2026-09-08,FDI_Eng_stocks-sectors.xlsx,FDI Sectors,W24,published
fdi_position,sector,nace_r,R,"Arts, entertainment and recreation",total,component,2017,position_end_of_year,205199221.60000002000,205199.22160000002,thousand_usd,numeric,,2026-09-08,FDI_Eng_stocks-sectors.xlsx,FDI Sectors,AQ24,published
fdi_position,sector,nace_r,R,"Arts, entertainment and recreation",total,component,2018,position_end_of_year,231461992.70000006000,231461.99270000006,thousand_usd,numeric,,2026-09-08,FDI_Eng_stocks-sectors.xlsx,FDI Sectors,BK24,published
fdi_position,sector,nace_r,R,"Arts, entertainment and recreation",total,component,2019,position_end_of_year,305837558.99999989000,305837.55899999989,thousand_usd,numeric,,2026-09-08,FDI_Eng_stocks-sectors.xlsx,FDI Sectors,CE24,published
fdi_position,sector,nace_r,R,"Arts, entertainment and recreation",total,component,2020,position_end_of_year,308354554.90000005000,308354.55490000005,thousand_usd,numeric,,2026-09-08,FDI_Eng_stocks-sectors.xlsx,FDI Sectors,CY24,published
fdi_position,sector,nace_r,R,"Arts, entertainment and recreation",total,component,2021,position_end_of_year,459392988.30000008000,459392.98830000008,thousand_usd,numeric,,2026-09-08,FDI_Eng_stocks-sectors.xlsx,FDI Sectors,DS24,published
fdi_position,sector,nace_r,R,"Arts, entertainment and recreation",total,component,2022,position_end_of_year,752288198.20000057000,752288.19820000057,thousand_usd,numeric,,2026-09-08,FDI_Eng_stocks-sectors.xlsx,FDI Sectors,EM24,published
fdi_position,sector,nace_r,R,"Arts, entertainment and recreation",total,component,2023,position_end_of_year,771291246.40000006000,771291.24640000006,thousand_usd,numeric,,2026-09-08,FDI_Eng_stocks-sectors.xlsx,FDI Sectors,FG24,published
fdi_position,sector,nace_r,R,"Arts, entertainment and recreation",total,component,2024,position_end_of_year,734679577.8000002000,734679.5778000002,thousand_usd,numeric,,2026-09-08,FDI_Eng_stocks-sectors.xlsx,FDI Sectors,GA24,published
fdi_position,sector,nace_r,R,"Arts, entertainment and recreation",total,component,2025,position_end_of_year,775892334.9000006000,775892.3349000006,thousand_usd,numeric,,2026-09-08,FDI_Eng_stocks-sectors.xlsx,FDI Sectors,GU24,published
fdi_position,sector,nace_s,S,Other service activities,total,component,2015,position_end_of_year,133851282.5000,133851.2825,thousand_usd,numeric,,2026-09-08,FDI_Eng_stocks-sectors.xlsx,FDI Sectors,C25,published
fdi_position,sector,nace_s,S,Other service activities,total,component,2016,position_end_of_year,137845305.50000002000,137845.30550000002,thousand_usd,numeric,,2026-09-08,FDI_Eng_stocks-sectors.xlsx,FDI Sectors,W25,published
fdi_position,sector,nace_s,S,Other service activities,total,component,2017,position_end_of_year,147558199.00000011000,147558.19900000011,thousand_usd,numeric,,2026-09-08,FDI_Eng_stocks-sectors.xlsx,FDI Sectors,AQ25,published
fdi_position,sector,nace_s,S,Other service activities,total,component,2018,position_end_of_year,133445326.80000001000,133445.32680000001,thousand_usd,numeric,,2026-09-08,FDI_Eng_stocks-sectors.xlsx,FDI Sectors,BK25,published
fdi_position,sector,nace_s,S,Other service activities,total,component,2019,position_end_of_year,158681240.80000006000,158681.24080000006,thousand_usd,numeric,,2026-09-08,FDI_Eng_stocks-sectors.xlsx,FDI Sectors,CE25,published
fdi_position,sector,nace_s,S,Other service activities,total,component,2020,position_end_of_year,168345703.20000002000,168345.70320000002,thousand_usd,numeric,,2026-09-08,FDI_Eng_stocks-sectors.xlsx,FDI Sectors,CY25,published
fdi_position,sector,nace_s,S,Other service activities,total,component,2021,position_end_of_year,180785527.09999995000,180785.52709999995,thousand_usd,numeric,,2026-09-08,FDI_Eng_stocks-sectors.xlsx,FDI Sectors,DS25,published
fdi_position,sector,nace_s,S,Other service activities,total,component,2022,position_end_of_year,186645505.39999999000,186645.50539999999,thousand_usd,numeric,,2026-09-08,FDI_Eng_stocks-sectors.xlsx,FDI Sectors,EM25,published
fdi_position,sector,nace_s,S,Other service activities,total,component,2023,position_end_of_year,205478464.10000001000,205478.46410000001,thousand_usd,numeric,,2026-09-08,FDI_Eng_stocks-sectors.xlsx,FDI Sectors,FG25,published
fdi_position,sector,nace_s,S,Other service activities,total,component,2024,position_end_of_year,224659393.30000003000,224659.39330000003,thousand_usd,numeric,,2026-09-08,FDI_Eng_stocks-sectors.xlsx,FDI Sectors,GA25,published
fdi_position,sector,nace_s,S,Other service activities,total,component,2025,position_end_of_year,245997550.40000004000,245997.55040000004,thousand_usd,numeric,,2026-09-08,FDI_Eng_stocks-sectors.xlsx,FDI Sectors,GU25,published
fdi_position,sector,total,,Total,,total,2015,position_end_of_year,13771693384.500001000,13771693.384500001,thousand_usd,numeric,,2026-09-08,FDI_Eng_stocks-sectors.xlsx,FDI Sectors,C6,published
fdi_position,sector,total,,Total,,total,2016,position_end_of_year,15188348418.499999000,15188348.418499999,thousand_usd,numeric,,2026-09-08,FDI_Eng_stocks-sectors.xlsx,FDI Sectors,W6,published
fdi_position,sector,total,,Total,,total,2017,position_end_of_year,18024308641.600005000,18024308.641600005,thousand_usd,numeric,,2026-09-08,FDI_Eng_stocks-sectors.xlsx,FDI Sectors,AQ6,published
fdi_position,sector,total,,Total,,total,2018,position_end_of_year,18424511136.300005000,18424511.136300005,thousand_usd,numeric,,2026-09-08,FDI_Eng_stocks-sectors.xlsx,FDI Sectors,BK6,published
fdi_position,sector,total,,Total,,total,2019,position_end_of_year,19467160451.799992000,19467160.451799992,thousand_usd,numeric,,2026-09-08,FDI_Eng_stocks-sectors.xlsx,FDI Sectors,CE6,published
fdi_position,sector,total,,Total,,total,2020,position_end_of_year,18750028647.000004000,18750028.647000004,thousand_usd,numeric,,2026-09-08,FDI_Eng_stocks-sectors.xlsx,FDI Sectors,CY6,published
fdi_position,sector,total,,Total,,total,2021,position_end_of_year,19576789352.200001000,19576789.352200001,thousand_usd,numeric,,2026-09-08,FDI_Eng_stocks-sectors.xlsx,FDI Sectors,DS6,published
fdi_position,sector,total,,Total,,total,2022,position_end_of_year,22621796182.700001000,22621796.182700001,thousand_usd,numeric,,2026-09-08,FDI_Eng_stocks-sectors.xlsx,FDI Sectors,EM6,published
fdi_position,sector,total,,Total,,total,2023,position_end_of_year,24852684807.800002000,24852684.807800002,thousand_usd,numeric,,2026-09-08,FDI_Eng_stocks-sectors.xlsx,FDI Sectors,FG6,published
fdi_position,sector,total,,Total,,total,2024,position_end_of_year,24754549913.300004000,24754549.913300004,thousand_usd,numeric,,2026-09-08,FDI_Eng_stocks-sectors.xlsx,FDI Sectors,GA6,published
fdi_position,sector,total,,Total,,total,2025,position_end_of_year,27926909685.599994000,27926909.685599994,thousand_usd,numeric,,2026-09-08,FDI_Eng_stocks-sectors.xlsx,FDI Sectors,GU6,published
