year,source_id,source_file,sheet_name,row_number,code,parent_code,depth,institution_code,institution_label_ka,program_code,program_label_ka,subprogram_code,subprogram_label_ka,is_total,is_coded_row,label_ka,amount_2024_actual_thousand_gel,amount_2025_plan_thousand_gel,amount_2026_plan_thousand_gel,amount_2026_budget_funds_thousand_gel,amount_2026_grant_thousand_gel,amount_2026_credit_thousand_gel,is_leaf_code,amount_2026_plan_gel
2026,source.mof_2026_tavi6_planned_docx,C:\Users\Mylaptop\Downloads\2026 ბიუჯეტი - თავი VI.DOCX,DOCX table 1,3,00 00,,0,00 00,სულ ჯამი,,,,,True,True,სულ ჯამი,25946342.9,27941729.4,30881358.0,29521958.0,86300.0,1273100.0,False,30881358000
2026,source.mof_2026_tavi6_planned_docx,C:\Users\Mylaptop\Downloads\2026 ბიუჯეტი - თავი VI.DOCX,DOCX table 1,4,,,,,,,,,,False,False,მომუშავეთა რიცხოვნობა,115339.0,117004.0,117170.0,117170.0,0.0,0.0,False,117170000
2026,source.mof_2026_tavi6_planned_docx,C:\Users\Mylaptop\Downloads\2026 ბიუჯეტი - თავი VI.DOCX,DOCX table 1,5,,,,,,,,,,False,False,ხარჯები,20048532.1,21841973.8,23267605.3,23050987.3,59700.0,156918.0,False,23267605300
2026,source.mof_2026_tavi6_planned_docx,C:\Users\Mylaptop\Downloads\2026 ბიუჯეტი - თავი VI.DOCX,DOCX table 1,6,,,,,,,,,,False,False,შრომის ანაზღაურება,2585978.5,3034999.8,3420284.5,3419584.5,700.0,0.0,False,3420284500
2026,source.mof_2026_tavi6_planned_docx,C:\Users\Mylaptop\Downloads\2026 ბიუჯეტი - თავი VI.DOCX,DOCX table 1,7,,,,,,,,,,False,False,არაფინანსური აქტივების ზრდა,4242546.6,4258922.6,4043991.7,3533759.7,26600.0,483632.0,False,4043991700
2026,source.mof_2026_tavi6_planned_docx,C:\Users\Mylaptop\Downloads\2026 ბიუჯეტი - თავი VI.DOCX,DOCX table 1,8,,,,,,,,,,False,False,ფინანსური აქტივების ზრდა,365262.0,424100.0,650000.0,17450.0,0.0,632550.0,False,650000000
2026,source.mof_2026_tavi6_planned_docx,C:\Users\Mylaptop\Downloads\2026 ბიუჯეტი - თავი VI.DOCX,DOCX table 1,9,,,,,,,,,,False,False,ვალდებულებების კლება,1290002.1,1416733.0,2919761.0,2919761.0,0.0,0.0,False,2919761000
2026,source.mof_2026_tavi6_planned_docx,C:\Users\Mylaptop\Downloads\2026 ბიუჯეტი - თავი VI.DOCX,DOCX table 1,10,01 00,00 00,1,01 00,საქართველოს პარლამენტი,,,,,False,True,საქართველოს პარლამენტი,69192.7,92956.5,91544.0,91544.0,0.0,0.0,False,91544000
2026,source.mof_2026_tavi6_planned_docx,C:\Users\Mylaptop\Downloads\2026 ბიუჯეტი - თავი VI.DOCX,DOCX table 1,11,,,,,,,,,,False,False,მომუშავეთა რიცხოვნობა,722.0,722.0,708.0,708.0,0.0,0.0,False,708000
2026,source.mof_2026_tavi6_planned_docx,C:\Users\Mylaptop\Downloads\2026 ბიუჯეტი - თავი VI.DOCX,DOCX table 1,12,,,,,,,,,,False,False,ხარჯები,59067.6,84053.5,84844.0,84844.0,0.0,0.0,False,84844000
2026,source.mof_2026_tavi6_planned_docx,C:\Users\Mylaptop\Downloads\2026 ბიუჯეტი - თავი VI.DOCX,DOCX table 1,13,,,,,,,,,,False,False,შრომის ანაზღაურება,28803.8,48916.0,46235.0,46235.0,0.0,0.0,False,46235000
2026,source.mof_2026_tavi6_planned_docx,C:\Users\Mylaptop\Downloads\2026 ბიუჯეტი - თავი VI.DOCX,DOCX table 1,14,,,,,,,,,,False,False,არაფინანსური აქტივების ზრდა,10125.1,8903.0,6700.0,6700.0,0.0,0.0,False,6700000
2026,source.mof_2026_tavi6_planned_docx,C:\Users\Mylaptop\Downloads\2026 ბიუჯეტი - თავი VI.DOCX,DOCX table 1,15,01 01,01 00,2,01 00,საქართველოს პარლამენტი,01 01,"საკანონმდებლო, წარმომადგენლობითი და საზედამხედველო საქმიანობა",,,False,True,"საკანონმდებლო, წარმომადგენლობითი და საზედამხედველო საქმიანობა",19681.3,38392.0,35213.0,35213.0,0.0,0.0,True,35213000
2026,source.mof_2026_tavi6_planned_docx,C:\Users\Mylaptop\Downloads\2026 ბიუჯეტი - თავი VI.DOCX,DOCX table 1,16,,,,,,,,,,False,False,მომუშავეთა რიცხოვნობა,437.0,449.0,447.0,447.0,0.0,0.0,False,447000
2026,source.mof_2026_tavi6_planned_docx,C:\Users\Mylaptop\Downloads\2026 ბიუჯეტი - თავი VI.DOCX,DOCX table 1,17,,,,,,,,,,False,False,ხარჯები,19681.3,38392.0,35213.0,35213.0,0.0,0.0,False,35213000
2026,source.mof_2026_tavi6_planned_docx,C:\Users\Mylaptop\Downloads\2026 ბიუჯეტი - თავი VI.DOCX,DOCX table 1,18,,,,,,,,,,False,False,შრომის ანაზღაურება,16371.0,33697.0,30433.0,30433.0,0.0,0.0,False,30433000
2026,source.mof_2026_tavi6_planned_docx,C:\Users\Mylaptop\Downloads\2026 ბიუჯეტი - თავი VI.DOCX,DOCX table 1,19,01 02,01 00,2,01 00,საქართველოს პარლამენტი,01 02,"საპარლამენტო ფრაქციების, საპარლამენტო პოლიტიკური ჯგუფებისა და ოლქების დელეგატების ბიუროების საქმიანობა",,,False,True,"საპარლამენტო ფრაქციების, საპარლამენტო პოლიტიკური ჯგუფებისა და ოლქების დელეგატების ბიუროების საქმიანობა",8612.9,10972.0,12120.0,12120.0,0.0,0.0,True,12120000
2026,source.mof_2026_tavi6_planned_docx,C:\Users\Mylaptop\Downloads\2026 ბიუჯეტი - თავი VI.DOCX,DOCX table 1,20,,,,,,,,,,False,False,ხარჯები,8612.9,10972.0,12120.0,12120.0,0.0,0.0,False,12120000
2026,source.mof_2026_tavi6_planned_docx,C:\Users\Mylaptop\Downloads\2026 ბიუჯეტი - თავი VI.DOCX,DOCX table 1,21,01 03,01 00,2,01 00,საქართველოს პარლამენტი,01 03,საკანონმდებლო საქმიანობის ადმინისტრაციული მხარდაჭერა,,,False,True,საკანონმდებლო საქმიანობის ადმინისტრაციული მხარდაჭერა,40898.5,43592.5,44211.0,44211.0,0.0,0.0,True,44211000
2026,source.mof_2026_tavi6_planned_docx,C:\Users\Mylaptop\Downloads\2026 ბიუჯეტი - თავი VI.DOCX,DOCX table 1,22,,,,,,,,,,False,False,მომუშავეთა რიცხოვნობა,285.0,273.0,261.0,261.0,0.0,0.0,False,261000
2026,source.mof_2026_tavi6_planned_docx,C:\Users\Mylaptop\Downloads\2026 ბიუჯეტი - თავი VI.DOCX,DOCX table 1,23,,,,,,,,,,False,False,ხარჯები,30773.4,34689.5,37511.0,37511.0,0.0,0.0,False,37511000
2026,source.mof_2026_tavi6_planned_docx,C:\Users\Mylaptop\Downloads\2026 ბიუჯეტი - თავი VI.DOCX,DOCX table 1,24,,,,,,,,,,False,False,შრომის ანაზღაურება,12432.8,15219.0,15802.0,15802.0,0.0,0.0,False,15802000
2026,source.mof_2026_tavi6_planned_docx,C:\Users\Mylaptop\Downloads\2026 ბიუჯეტი - თავი VI.DOCX,DOCX table 1,25,,,,,,,,,,False,False,არაფინანსური აქტივების ზრდა,10125.1,8903.0,6700.0,6700.0,0.0,0.0,False,6700000
2026,source.mof_2026_tavi6_planned_docx,C:\Users\Mylaptop\Downloads\2026 ბიუჯეტი - თავი VI.DOCX,DOCX table 1,26,02 00,00 00,1,02 00,საქართველოს პრეზიდენტის ადმინისტრაცია,,,,,False,True,საქართველოს პრეზიდენტის ადმინისტრაცია,9157.6,10000.0,10500.0,10500.0,0.0,0.0,True,10500000
2026,source.mof_2026_tavi6_planned_docx,C:\Users\Mylaptop\Downloads\2026 ბიუჯეტი - თავი VI.DOCX,DOCX table 1,27,,,,,,,,,,False,False,მომუშავეთა რიცხოვნობა,69.0,69.0,69.0,69.0,0.0,0.0,False,69000
2026,source.mof_2026_tavi6_planned_docx,C:\Users\Mylaptop\Downloads\2026 ბიუჯეტი - თავი VI.DOCX,DOCX table 1,28,,,,,,,,,,False,False,ხარჯები,8826.4,9975.8,9992.0,9992.0,0.0,0.0,False,9992000
2026,source.mof_2026_tavi6_planned_docx,C:\Users\Mylaptop\Downloads\2026 ბიუჯეტი - თავი VI.DOCX,DOCX table 1,29,,,,,,,,,,False,False,შრომის ანაზღაურება,3875.2,4365.3,4670.0,4670.0,0.0,0.0,False,4670000
2026,source.mof_2026_tavi6_planned_docx,C:\Users\Mylaptop\Downloads\2026 ბიუჯეტი - თავი VI.DOCX,DOCX table 1,30,,,,,,,,,,False,False,არაფინანსური აქტივების ზრდა,331.2,24.2,508.0,508.0,0.0,0.0,False,508000
2026,source.mof_2026_tavi6_planned_docx,C:\Users\Mylaptop\Downloads\2026 ბიუჯეტი - თავი VI.DOCX,DOCX table 1,31,03 00,00 00,1,03 00,სსიპ − საქართველოს სახელმწიფო სიმბოლიკისა და ჰერალდიკის დეპარტამენტი,,,,,False,True,სსიპ − საქართველოს სახელმწიფო სიმბოლიკისა და ჰერალდიკის დეპარტამენტი,686.5,745.0,930.0,930.0,0.0,0.0,True,930000
2026,source.mof_2026_tavi6_planned_docx,C:\Users\Mylaptop\Downloads\2026 ბიუჯეტი - თავი VI.DOCX,DOCX table 1,32,,,,,,,,,,False,False,მომუშავეთა რიცხოვნობა,15.0,15.0,15.0,15.0,0.0,0.0,False,15000
2026,source.mof_2026_tavi6_planned_docx,C:\Users\Mylaptop\Downloads\2026 ბიუჯეტი - თავი VI.DOCX,DOCX table 1,33,,,,,,,,,,False,False,ხარჯები,674.7,740.0,920.0,920.0,0.0,0.0,False,920000
2026,source.mof_2026_tavi6_planned_docx,C:\Users\Mylaptop\Downloads\2026 ბიუჯეტი - თავი VI.DOCX,DOCX table 1,34,,,,,,,,,,False,False,შრომის ანაზღაურება,367.2,471.3,645.0,645.0,0.0,0.0,False,645000
2026,source.mof_2026_tavi6_planned_docx,C:\Users\Mylaptop\Downloads\2026 ბიუჯეტი - თავი VI.DOCX,DOCX table 1,35,,,,,,,,,,False,False,არაფინანსური აქტივების ზრდა,11.8,5.0,10.0,10.0,0.0,0.0,False,10000
2026,source.mof_2026_tavi6_planned_docx,C:\Users\Mylaptop\Downloads\2026 ბიუჯეტი - თავი VI.DOCX,DOCX table 1,36,04 00,00 00,1,04 00,საქართველოს მთავრობის ადმინისტრაცია,,,,,False,True,საქართველოს მთავრობის ადმინისტრაცია,51502.4,29000.0,30000.0,30000.0,0.0,0.0,True,30000000
2026,source.mof_2026_tavi6_planned_docx,C:\Users\Mylaptop\Downloads\2026 ბიუჯეტი - თავი VI.DOCX,DOCX table 1,37,,,,,,,,,,False,False,მომუშავეთა რიცხოვნობა,227.0,227.0,227.0,227.0,0.0,0.0,False,227000
2026,source.mof_2026_tavi6_planned_docx,C:\Users\Mylaptop\Downloads\2026 ბიუჯეტი - თავი VI.DOCX,DOCX table 1,38,,,,,,,,,,False,False,ხარჯები,47937.9,28106.0,29230.0,29230.0,0.0,0.0,False,29230000
2026,source.mof_2026_tavi6_planned_docx,C:\Users\Mylaptop\Downloads\2026 ბიუჯეტი - თავი VI.DOCX,DOCX table 1,39,,,,,,,,,,False,False,შრომის ანაზღაურება,10727.5,13369.1,15400.0,15400.0,0.0,0.0,False,15400000
2026,source.mof_2026_tavi6_planned_docx,C:\Users\Mylaptop\Downloads\2026 ბიუჯეტი - თავი VI.DOCX,DOCX table 1,40,,,,,,,,,,False,False,არაფინანსური აქტივების ზრდა,3564.5,894.0,770.0,770.0,0.0,0.0,False,770000
2026,source.mof_2026_tavi6_planned_docx,C:\Users\Mylaptop\Downloads\2026 ბიუჯეტი - თავი VI.DOCX,DOCX table 1,41,05 00,00 00,1,05 00,სახელმწიფო აუდიტის სამსახური,,,,,False,True,სახელმწიფო აუდიტის სამსახური,22613.1,25279.0,40690.0,40690.0,0.0,0.0,True,40690000
2026,source.mof_2026_tavi6_planned_docx,C:\Users\Mylaptop\Downloads\2026 ბიუჯეტი - თავი VI.DOCX,DOCX table 1,42,,,,,,,,,,False,False,მომუშავეთა რიცხოვნობა,341.0,341.0,441.0,441.0,0.0,0.0,False,441000
2026,source.mof_2026_tavi6_planned_docx,C:\Users\Mylaptop\Downloads\2026 ბიუჯეტი - თავი VI.DOCX,DOCX table 1,43,,,,,,,,,,False,False,ხარჯები,21265.1,24561.0,39643.0,39643.0,0.0,0.0,False,39643000
2026,source.mof_2026_tavi6_planned_docx,C:\Users\Mylaptop\Downloads\2026 ბიუჯეტი - თავი VI.DOCX,DOCX table 1,44,,,,,,,,,,False,False,შრომის ანაზღაურება,17925.6,20395.0,33005.0,33005.0,0.0,0.0,False,33005000
2026,source.mof_2026_tavi6_planned_docx,C:\Users\Mylaptop\Downloads\2026 ბიუჯეტი - თავი VI.DOCX,DOCX table 1,45,,,,,,,,,,False,False,არაფინანსური აქტივების ზრდა,1348.1,718.0,1047.0,1047.0,0.0,0.0,False,1047000
2026,source.mof_2026_tavi6_planned_docx,C:\Users\Mylaptop\Downloads\2026 ბიუჯეტი - თავი VI.DOCX,DOCX table 1,46,06 00,00 00,1,06 00,საქართველოს ცენტრალური საარჩევნო კომისია,,,,,False,True,საქართველოს ცენტრალური საარჩევნო კომისია,183298.7,129118.0,46240.0,46240.0,0.0,0.0,False,46240000
2026,source.mof_2026_tavi6_planned_docx,C:\Users\Mylaptop\Downloads\2026 ბიუჯეტი - თავი VI.DOCX,DOCX table 1,47,,,,,,,,,,False,False,მომუშავეთა რიცხოვნობა,529.0,527.0,506.0,506.0,0.0,0.0,False,506000
2026,source.mof_2026_tavi6_planned_docx,C:\Users\Mylaptop\Downloads\2026 ბიუჯეტი - თავი VI.DOCX,DOCX table 1,48,,,,,,,,,,False,False,ხარჯები,116315.0,123733.0,46006.0,46006.0,0.0,0.0,False,46006000
2026,source.mof_2026_tavi6_planned_docx,C:\Users\Mylaptop\Downloads\2026 ბიუჯეტი - თავი VI.DOCX,DOCX table 1,49,,,,,,,,,,False,False,შრომის ანაზღაურება,47372.0,50983.0,19277.0,19277.0,0.0,0.0,False,19277000
2026,source.mof_2026_tavi6_planned_docx,C:\Users\Mylaptop\Downloads\2026 ბიუჯეტი - თავი VI.DOCX,DOCX table 1,50,,,,,,,,,,False,False,არაფინანსური აქტივების ზრდა,66983.7,5385.0,234.0,234.0,0.0,0.0,False,234000
2026,source.mof_2026_tavi6_planned_docx,C:\Users\Mylaptop\Downloads\2026 ბიუჯეტი - თავი VI.DOCX,DOCX table 1,51,06 01,06 00,2,06 00,საქართველოს ცენტრალური საარჩევნო კომისია,06 01,საარჩევნო გარემოს განვითარება,,,False,True,საარჩევნო გარემოს განვითარება,28031.6,33266.0,35448.0,35448.0,0.0,0.0,True,35448000
2026,source.mof_2026_tavi6_planned_docx,C:\Users\Mylaptop\Downloads\2026 ბიუჯეტი - თავი VI.DOCX,DOCX table 1,52,,,,,,,,,,False,False,მომუშავეთა რიცხოვნობა,503.0,502.0,481.0,481.0,0.0,0.0,False,481000
2026,source.mof_2026_tavi6_planned_docx,C:\Users\Mylaptop\Downloads\2026 ბიუჯეტი - თავი VI.DOCX,DOCX table 1,53,,,,,,,,,,False,False,ხარჯები,26677.9,32885.0,35218.0,35218.0,0.0,0.0,False,35218000
2026,source.mof_2026_tavi6_planned_docx,C:\Users\Mylaptop\Downloads\2026 ბიუჯეტი - თავი VI.DOCX,DOCX table 1,54,,,,,,,,,,False,False,შრომის ანაზღაურება,15599.4,18775.0,17962.0,17962.0,0.0,0.0,False,17962000
2026,source.mof_2026_tavi6_planned_docx,C:\Users\Mylaptop\Downloads\2026 ბიუჯეტი - თავი VI.DOCX,DOCX table 1,55,,,,,,,,,,False,False,არაფინანსური აქტივების ზრდა,1353.7,381.0,230.0,230.0,0.0,0.0,False,230000
2026,source.mof_2026_tavi6_planned_docx,C:\Users\Mylaptop\Downloads\2026 ბიუჯეტი - თავი VI.DOCX,DOCX table 1,56,06 02,06 00,2,06 00,საქართველოს ცენტრალური საარჩევნო კომისია,06 02,საარჩევნო ინსტიტუციის განვითარების და სამოქალაქო განათლების ხელშეწყობა,,,False,True,საარჩევნო ინსტიტუციის განვითარების და სამოქალაქო განათლების ხელშეწყობა,1940.9,2319.0,1820.0,1820.0,0.0,0.0,True,1820000
2026,source.mof_2026_tavi6_planned_docx,C:\Users\Mylaptop\Downloads\2026 ბიუჯეტი - თავი VI.DOCX,DOCX table 1,57,,,,,,,,,,False,False,მომუშავეთა რიცხოვნობა,26.0,25.0,25.0,25.0,0.0,0.0,False,25000
2026,source.mof_2026_tavi6_planned_docx,C:\Users\Mylaptop\Downloads\2026 ბიუჯეტი - თავი VI.DOCX,DOCX table 1,58,,,,,,,,,,False,False,ხარჯები,1940.9,2314.0,1816.0,1816.0,0.0,0.0,False,1816000
2026,source.mof_2026_tavi6_planned_docx,C:\Users\Mylaptop\Downloads\2026 ბიუჯეტი - თავი VI.DOCX,DOCX table 1,59,,,,,,,,,,False,False,შრომის ანაზღაურება,1149.4,1289.0,1315.0,1315.0,0.0,0.0,False,1315000
2026,source.mof_2026_tavi6_planned_docx,C:\Users\Mylaptop\Downloads\2026 ბიუჯეტი - თავი VI.DOCX,DOCX table 1,60,,,,,,,,,,False,False,არაფინანსური აქტივების ზრდა,0.0,5.0,4.0,4.0,0.0,0.0,False,4000
2026,source.mof_2026_tavi6_planned_docx,C:\Users\Mylaptop\Downloads\2026 ბიუჯეტი - თავი VI.DOCX,DOCX table 1,61,06 03,06 00,2,06 00,საქართველოს ცენტრალური საარჩევნო კომისია,06 03,პოლიტიკური პარტიების დაფინანსება,,,False,True,პოლიტიკური პარტიების დაფინანსება,12665.1,12743.0,8972.0,8972.0,0.0,0.0,True,8972000
2026,source.mof_2026_tavi6_planned_docx,C:\Users\Mylaptop\Downloads\2026 ბიუჯეტი - თავი VI.DOCX,DOCX table 1,62,,,,,,,,,,False,False,ხარჯები,12665.1,12743.0,8972.0,8972.0,0.0,0.0,False,8972000
2026,source.mof_2026_tavi6_planned_docx,C:\Users\Mylaptop\Downloads\2026 ბიუჯეტი - თავი VI.DOCX,DOCX table 1,63,06 04,06 00,2,06 00,საქართველოს ცენტრალური საარჩევნო კომისია,06 04,არჩევნების ჩატარების ღონისძიებები,,,False,True,არჩევნების ჩატარების ღონისძიებები,140661.1,80790.0,0.0,0.0,0.0,0.0,True,0
2026,source.mof_2026_tavi6_planned_docx,C:\Users\Mylaptop\Downloads\2026 ბიუჯეტი - თავი VI.DOCX,DOCX table 1,64,,,,,,,,,,False,False,ხარჯები,75031.1,75791.0,0.0,0.0,0.0,0.0,False,0
2026,source.mof_2026_tavi6_planned_docx,C:\Users\Mylaptop\Downloads\2026 ბიუჯეტი - თავი VI.DOCX,DOCX table 1,65,,,,,,,,,,False,False,შრომის ანაზღაურება,30623.2,30919.0,0.0,0.0,0.0,0.0,False,0
2026,source.mof_2026_tavi6_planned_docx,C:\Users\Mylaptop\Downloads\2026 ბიუჯეტი - თავი VI.DOCX,DOCX table 1,66,,,,,,,,,,False,False,არაფინანსური აქტივების ზრდა,65630.0,4999.0,0.0,0.0,0.0,0.0,False,0
2026,source.mof_2026_tavi6_planned_docx,C:\Users\Mylaptop\Downloads\2026 ბიუჯეტი - თავი VI.DOCX,DOCX table 1,67,07 00,00 00,1,07 00,საქართველოს საკონსტიტუციო სასამართლო,,,,,False,True,საქართველოს საკონსტიტუციო სასამართლო,5370.8,6800.0,7860.0,7860.0,0.0,0.0,True,7860000
2026,source.mof_2026_tavi6_planned_docx,C:\Users\Mylaptop\Downloads\2026 ბიუჯეტი - თავი VI.DOCX,DOCX table 1,68,,,,,,,,,,False,False,მომუშავეთა რიცხოვნობა,83.0,83.0,83.0,83.0,0.0,0.0,False,83000
2026,source.mof_2026_tavi6_planned_docx,C:\Users\Mylaptop\Downloads\2026 ბიუჯეტი - თავი VI.DOCX,DOCX table 1,69,,,,,,,,,,False,False,ხარჯები,5350.0,6650.0,7710.0,7710.0,0.0,0.0,False,7710000
2026,source.mof_2026_tavi6_planned_docx,C:\Users\Mylaptop\Downloads\2026 ბიუჯეტი - თავი VI.DOCX,DOCX table 1,70,,,,,,,,,,False,False,შრომის ანაზღაურება,4006.6,4500.0,5517.0,5517.0,0.0,0.0,False,5517000
2026,source.mof_2026_tavi6_planned_docx,C:\Users\Mylaptop\Downloads\2026 ბიუჯეტი - თავი VI.DOCX,DOCX table 1,71,,,,,,,,,,False,False,არაფინანსური აქტივების ზრდა,20.8,150.0,150.0,150.0,0.0,0.0,False,150000
2026,source.mof_2026_tavi6_planned_docx,C:\Users\Mylaptop\Downloads\2026 ბიუჯეტი - თავი VI.DOCX,DOCX table 1,72,08 00,00 00,1,08 00,საქართველოს უზენაესი სასამართლო,,,,,False,True,საქართველოს უზენაესი სასამართლო,17101.3,20800.0,22300.0,22300.0,0.0,0.0,True,22300000
2026,source.mof_2026_tavi6_planned_docx,C:\Users\Mylaptop\Downloads\2026 ბიუჯეტი - თავი VI.DOCX,DOCX table 1,73,,,,,,,,,,False,False,მომუშავეთა რიცხოვნობა,225.0,225.0,225.0,225.0,0.0,0.0,False,225000
2026,source.mof_2026_tavi6_planned_docx,C:\Users\Mylaptop\Downloads\2026 ბიუჯეტი - თავი VI.DOCX,DOCX table 1,74,,,,,,,,,,False,False,ხარჯები,16925.4,19745.0,21865.0,21865.0,0.0,0.0,False,21865000
2026,source.mof_2026_tavi6_planned_docx,C:\Users\Mylaptop\Downloads\2026 ბიუჯეტი - თავი VI.DOCX,DOCX table 1,75,,,,,,,,,,False,False,შრომის ანაზღაურება,12884.3,14720.0,17000.0,17000.0,0.0,0.0,False,17000000
2026,source.mof_2026_tavi6_planned_docx,C:\Users\Mylaptop\Downloads\2026 ბიუჯეტი - თავი VI.DOCX,DOCX table 1,76,,,,,,,,,,False,False,არაფინანსური აქტივების ზრდა,175.8,1055.0,435.0,435.0,0.0,0.0,False,435000
2026,source.mof_2026_tavi6_planned_docx,C:\Users\Mylaptop\Downloads\2026 ბიუჯეტი - თავი VI.DOCX,DOCX table 1,77,09 00,00 00,1,09 00,საერთო სასამართლოები,,,,,False,True,საერთო სასამართლოები,108295.0,164500.0,180290.0,180290.0,0.0,0.0,False,180290000
2026,source.mof_2026_tavi6_planned_docx,C:\Users\Mylaptop\Downloads\2026 ბიუჯეტი - თავი VI.DOCX,DOCX table 1,78,,,,,,,,,,False,False,მომუშავეთა რიცხოვნობა,1949.0,1949.0,1954.0,1954.0,0.0,0.0,False,1954000
2026,source.mof_2026_tavi6_planned_docx,C:\Users\Mylaptop\Downloads\2026 ბიუჯეტი - თავი VI.DOCX,DOCX table 1,79,,,,,,,,,,False,False,ხარჯები,106468.6,129104.0,168140.0,168140.0,0.0,0.0,False,168140000
2026,source.mof_2026_tavi6_planned_docx,C:\Users\Mylaptop\Downloads\2026 ბიუჯეტი - თავი VI.DOCX,DOCX table 1,80,,,,,,,,,,False,False,შრომის ანაზღაურება,79191.1,95659.0,127360.0,127360.0,0.0,0.0,False,127360000
2026,source.mof_2026_tavi6_planned_docx,C:\Users\Mylaptop\Downloads\2026 ბიუჯეტი - თავი VI.DOCX,DOCX table 1,81,,,,,,,,,,False,False,არაფინანსური აქტივების ზრდა,1826.4,35396.0,12150.0,12150.0,0.0,0.0,False,12150000
2026,source.mof_2026_tavi6_planned_docx,C:\Users\Mylaptop\Downloads\2026 ბიუჯეტი - თავი VI.DOCX,DOCX table 1,82,09 01,09 00,2,09 00,საერთო სასამართლოები,09 01,საერთო სასამართლოების სისტემის განვითარება და ხელშეწყობა,,,False,True,საერთო სასამართლოების სისტემის განვითარება და ხელშეწყობა,105707.7,160030.0,175450.0,175450.0,0.0,0.0,True,175450000
2026,source.mof_2026_tavi6_planned_docx,C:\Users\Mylaptop\Downloads\2026 ბიუჯეტი - თავი VI.DOCX,DOCX table 1,83,,,,,,,,,,False,False,მომუშავეთა რიცხოვნობა,1906.0,1906.0,1906.0,1906.0,0.0,0.0,False,1906000
2026,source.mof_2026_tavi6_planned_docx,C:\Users\Mylaptop\Downloads\2026 ბიუჯეტი - თავი VI.DOCX,DOCX table 1,84,,,,,,,,,,False,False,ხარჯები,103917.3,125650.0,163840.0,163840.0,0.0,0.0,False,163840000
2026,source.mof_2026_tavi6_planned_docx,C:\Users\Mylaptop\Downloads\2026 ბიუჯეტი - თავი VI.DOCX,DOCX table 1,85,,,,,,,,,,False,False,შრომის ანაზღაურება,78199.2,94250.0,125370.0,125370.0,0.0,0.0,False,125370000
2026,source.mof_2026_tavi6_planned_docx,C:\Users\Mylaptop\Downloads\2026 ბიუჯეტი - თავი VI.DOCX,DOCX table 1,86,,,,,,,,,,False,False,არაფინანსური აქტივების ზრდა,1790.4,34380.0,11610.0,11610.0,0.0,0.0,False,11610000
2026,source.mof_2026_tavi6_planned_docx,C:\Users\Mylaptop\Downloads\2026 ბიუჯეტი - თავი VI.DOCX,DOCX table 1,87,09 02,09 00,2,09 00,საერთო სასამართლოები,09 02,მოსამართლეებისა და სასამართლოს თანამშრომლების მომზადება-გადამზადება,,,False,True,მოსამართლეებისა და სასამართლოს თანამშრომლების მომზადება-გადამზადება,2587.3,4470.0,4840.0,4840.0,0.0,0.0,True,4840000
2026,source.mof_2026_tavi6_planned_docx,C:\Users\Mylaptop\Downloads\2026 ბიუჯეტი - თავი VI.DOCX,DOCX table 1,88,,,,,,,,,,False,False,მომუშავეთა რიცხოვნობა,43.0,43.0,48.0,48.0,0.0,0.0,False,48000
2026,source.mof_2026_tavi6_planned_docx,C:\Users\Mylaptop\Downloads\2026 ბიუჯეტი - თავი VI.DOCX,DOCX table 1,89,,,,,,,,,,False,False,ხარჯები,2551.3,3454.0,4300.0,4300.0,0.0,0.0,False,4300000
2026,source.mof_2026_tavi6_planned_docx,C:\Users\Mylaptop\Downloads\2026 ბიუჯეტი - თავი VI.DOCX,DOCX table 1,90,,,,,,,,,,False,False,შრომის ანაზღაურება,991.9,1409.0,1990.0,1990.0,0.0,0.0,False,1990000
2026,source.mof_2026_tavi6_planned_docx,C:\Users\Mylaptop\Downloads\2026 ბიუჯეტი - თავი VI.DOCX,DOCX table 1,91,,,,,,,,,,False,False,არაფინანსური აქტივების ზრდა,36.1,1016.0,540.0,540.0,0.0,0.0,False,540000
2026,source.mof_2026_tavi6_planned_docx,C:\Users\Mylaptop\Downloads\2026 ბიუჯეტი - თავი VI.DOCX,DOCX table 1,92,10 00,00 00,1,10 00,საქართველოს იუსტიციის უმაღლესი საბჭო,,,,,False,True,საქართველოს იუსტიციის უმაღლესი საბჭო,6327.4,12600.0,13000.0,13000.0,0.0,0.0,True,13000000
2026,source.mof_2026_tavi6_planned_docx,C:\Users\Mylaptop\Downloads\2026 ბიუჯეტი - თავი VI.DOCX,DOCX table 1,93,,,,,,,,,,False,False,მომუშავეთა რიცხოვნობა,99.0,99.0,99.0,99.0,0.0,0.0,False,99000
2026,source.mof_2026_tavi6_planned_docx,C:\Users\Mylaptop\Downloads\2026 ბიუჯეტი - თავი VI.DOCX,DOCX table 1,94,,,,,,,,,,False,False,ხარჯები,6042.9,9500.0,11025.0,11025.0,0.0,0.0,False,11025000
2026,source.mof_2026_tavi6_planned_docx,C:\Users\Mylaptop\Downloads\2026 ბიუჯეტი - თავი VI.DOCX,DOCX table 1,95,,,,,,,,,,False,False,შრომის ანაზღაურება,3290.7,5500.0,6300.0,6300.0,0.0,0.0,False,6300000
2026,source.mof_2026_tavi6_planned_docx,C:\Users\Mylaptop\Downloads\2026 ბიუჯეტი - თავი VI.DOCX,DOCX table 1,96,,,,,,,,,,False,False,არაფინანსური აქტივების ზრდა,284.5,3100.0,1975.0,1975.0,0.0,0.0,False,1975000
2026,source.mof_2026_tavi6_planned_docx,C:\Users\Mylaptop\Downloads\2026 ბიუჯეტი - თავი VI.DOCX,DOCX table 1,97,11 00,00 00,1,11 00,"სახელმწიფო რწმუნებულის ადმინისტრაცია აბაშის, ზუგდიდის, მარტვილის, მესტიის, სენაკის, ჩხოროწყუს, წალენჯიხის, ხობის მუნიციპალიტეტებსა და ქალაქ ფოთის მუნიციპალიტეტში",,,,,False,True,"სახელმწიფო რწმუნებულის ადმინისტრაცია აბაშის, ზუგდიდის, მარტვილის, მესტიის, სენაკის, ჩხოროწყუს, წალენჯიხის, ხობის მუნიციპალიტეტებსა და ქალაქ ფოთის მუნიციპალიტეტში",1208.1,1450.0,1500.0,1500.0,0.0,0.0,True,1500000
2026,source.mof_2026_tavi6_planned_docx,C:\Users\Mylaptop\Downloads\2026 ბიუჯეტი - თავი VI.DOCX,DOCX table 1,98,,,,,,,,,,False,False,მომუშავეთა რიცხოვნობა,30.0,30.0,30.0,30.0,0.0,0.0,False,30000
2026,source.mof_2026_tavi6_planned_docx,C:\Users\Mylaptop\Downloads\2026 ბიუჯეტი - თავი VI.DOCX,DOCX table 1,99,,,,,,,,,,False,False,ხარჯები,1148.7,1443.0,1493.0,1493.0,0.0,0.0,False,1493000
2026,source.mof_2026_tavi6_planned_docx,C:\Users\Mylaptop\Downloads\2026 ბიუჯეტი - თავი VI.DOCX,DOCX table 1,100,,,,,,,,,,False,False,შრომის ანაზღაურება,758.9,952.3,1039.0,1039.0,0.0,0.0,False,1039000
2026,source.mof_2026_tavi6_planned_docx,C:\Users\Mylaptop\Downloads\2026 ბიუჯეტი - თავი VI.DOCX,DOCX table 1,101,,,,,,,,,,False,False,არაფინანსური აქტივების ზრდა,59.4,7.0,7.0,7.0,0.0,0.0,False,7000
2026,source.mof_2026_tavi6_planned_docx,C:\Users\Mylaptop\Downloads\2026 ბიუჯეტი - თავი VI.DOCX,DOCX table 1,102,12 00,00 00,1,12 00,"სახელმწიფო რწმუნებულის ადმინისტრაცია ლანჩხუთის, ოზურგეთისა და ჩოხატაურის მუნიციპალიტეტებში",,,,,False,True,"სახელმწიფო რწმუნებულის ადმინისტრაცია ლანჩხუთის, ოზურგეთისა და ჩოხატაურის მუნიციპალიტეტებში",1106.6,1220.0,1300.0,1300.0,0.0,0.0,True,1300000
2026,source.mof_2026_tavi6_planned_docx,C:\Users\Mylaptop\Downloads\2026 ბიუჯეტი - თავი VI.DOCX,DOCX table 1,103,,,,,,,,,,False,False,მომუშავეთა რიცხოვნობა,27.0,27.0,27.0,27.0,0.0,0.0,False,27000
2026,source.mof_2026_tavi6_planned_docx,C:\Users\Mylaptop\Downloads\2026 ბიუჯეტი - თავი VI.DOCX,DOCX table 1,104,,,,,,,,,,False,False,ხარჯები,968.9,1217.4,1296.7,1296.7,0.0,0.0,False,1296700
2026,source.mof_2026_tavi6_planned_docx,C:\Users\Mylaptop\Downloads\2026 ბიუჯეტი - თავი VI.DOCX,DOCX table 1,105,,,,,,,,,,False,False,შრომის ანაზღაურება,669.1,790.1,870.0,870.0,0.0,0.0,False,870000
2026,source.mof_2026_tavi6_planned_docx,C:\Users\Mylaptop\Downloads\2026 ბიუჯეტი - თავი VI.DOCX,DOCX table 1,106,,,,,,,,,,False,False,არაფინანსური აქტივების ზრდა,137.7,2.6,3.3,3.3,0.0,0.0,False,3300
2026,source.mof_2026_tavi6_planned_docx,C:\Users\Mylaptop\Downloads\2026 ბიუჯეტი - თავი VI.DOCX,DOCX table 1,107,13 00,00 00,1,13 00,"სახელმწიფო რწმუნებულის ადმინისტრაცია ბაღდათის, ვანის, ზესტაფონის, თერჯოლის, სამტრედიის, საჩხერის, ტყიბულის, წყალტუბოს, ჭიათურის, ხარაგაულის, ხონის მუნიციპალიტეტებსა და ქალაქ ქუთაისის მუნიციპალიტეტში",,,,,False,True,"სახელმწიფო რწმუნებულის ადმინისტრაცია ბაღდათის, ვანის, ზესტაფონის, თერჯოლის, სამტრედიის, საჩხერის, ტყიბულის, წყალტუბოს, ჭიათურის, ხარაგაულის, ხონის მუნიციპალიტეტებსა და ქალაქ ქუთაისის მუნიციპალიტეტში",1393.0,1450.0,1500.0,1500.0,0.0,0.0,True,1500000
2026,source.mof_2026_tavi6_planned_docx,C:\Users\Mylaptop\Downloads\2026 ბიუჯეტი - თავი VI.DOCX,DOCX table 1,108,,,,,,,,,,False,False,მომუშავეთა რიცხოვნობა,31.0,31.0,31.0,31.0,0.0,0.0,False,31000
2026,source.mof_2026_tavi6_planned_docx,C:\Users\Mylaptop\Downloads\2026 ბიუჯეტი - თავი VI.DOCX,DOCX table 1,109,,,,,,,,,,False,False,ხარჯები,1310.0,1394.0,1459.0,1459.0,0.0,0.0,False,1459000
2026,source.mof_2026_tavi6_planned_docx,C:\Users\Mylaptop\Downloads\2026 ბიუჯეტი - თავი VI.DOCX,DOCX table 1,110,,,,,,,,,,False,False,შრომის ანაზღაურება,863.8,931.6,1015.0,1015.0,0.0,0.0,False,1015000
2026,source.mof_2026_tavi6_planned_docx,C:\Users\Mylaptop\Downloads\2026 ბიუჯეტი - თავი VI.DOCX,DOCX table 1,111,,,,,,,,,,False,False,არაფინანსური აქტივების ზრდა,83.0,56.0,41.0,41.0,0.0,0.0,False,41000
2026,source.mof_2026_tavi6_planned_docx,C:\Users\Mylaptop\Downloads\2026 ბიუჯეტი - თავი VI.DOCX,DOCX table 1,112,14 00,00 00,1,14 00,"სახელმწიფო რწმუნებულის ადმინისტრაცია ახმეტის, გურჯაანის, დედოფლისწყაროს, თელავის, ლაგოდეხის, საგარეჯოს, სიღნაღისა და ყვარლის მუნიციპალიტეტებში",,,,,False,True,"სახელმწიფო რწმუნებულის ადმინისტრაცია ახმეტის, გურჯაანის, დედოფლისწყაროს, თელავის, ლაგოდეხის, საგარეჯოს, სიღნაღისა და ყვარლის მუნიციპალიტეტებში",1111.8,1250.0,1400.0,1400.0,0.0,0.0,True,1400000
2026,source.mof_2026_tavi6_planned_docx,C:\Users\Mylaptop\Downloads\2026 ბიუჯეტი - თავი VI.DOCX,DOCX table 1,113,,,,,,,,,,False,False,მომუშავეთა რიცხოვნობა,24.0,24.0,24.0,24.0,0.0,0.0,False,24000
2026,source.mof_2026_tavi6_planned_docx,C:\Users\Mylaptop\Downloads\2026 ბიუჯეტი - თავი VI.DOCX,DOCX table 1,114,,,,,,,,,,False,False,ხარჯები,1035.0,1228.0,1384.0,1384.0,0.0,0.0,False,1384000
2026,source.mof_2026_tavi6_planned_docx,C:\Users\Mylaptop\Downloads\2026 ბიუჯეტი - თავი VI.DOCX,DOCX table 1,115,,,,,,,,,,False,False,შრომის ანაზღაურება,742.9,837.0,919.0,919.0,0.0,0.0,False,919000
2026,source.mof_2026_tavi6_planned_docx,C:\Users\Mylaptop\Downloads\2026 ბიუჯეტი - თავი VI.DOCX,DOCX table 1,116,,,,,,,,,,False,False,არაფინანსური აქტივების ზრდა,76.7,22.0,16.0,16.0,0.0,0.0,False,16000
2026,source.mof_2026_tavi6_planned_docx,C:\Users\Mylaptop\Downloads\2026 ბიუჯეტი - თავი VI.DOCX,DOCX table 1,117,15 00,00 00,1,15 00,"სახელმწიფო რწმუნებულის ადმინისტრაცია დუშეთის, თიანეთის, მცხეთისა და ყაზბეგის მუნიციპალიტეტებში",,,,,False,True,"სახელმწიფო რწმუნებულის ადმინისტრაცია დუშეთის, თიანეთის, მცხეთისა და ყაზბეგის მუნიციპალიტეტებში",950.6,1180.0,1275.0,1275.0,0.0,0.0,True,1275000
2026,source.mof_2026_tavi6_planned_docx,C:\Users\Mylaptop\Downloads\2026 ბიუჯეტი - თავი VI.DOCX,DOCX table 1,118,,,,,,,,,,False,False,მომუშავეთა რიცხოვნობა,30.0,30.0,30.0,30.0,0.0,0.0,False,30000
2026,source.mof_2026_tavi6_planned_docx,C:\Users\Mylaptop\Downloads\2026 ბიუჯეტი - თავი VI.DOCX,DOCX table 1,119,,,,,,,,,,False,False,ხარჯები,895.3,1175.0,1271.0,1271.0,0.0,0.0,False,1271000
2026,source.mof_2026_tavi6_planned_docx,C:\Users\Mylaptop\Downloads\2026 ბიუჯეტი - თავი VI.DOCX,DOCX table 1,120,,,,,,,,,,False,False,შრომის ანაზღაურება,604.7,838.4,905.0,905.0,0.0,0.0,False,905000
2026,source.mof_2026_tavi6_planned_docx,C:\Users\Mylaptop\Downloads\2026 ბიუჯეტი - თავი VI.DOCX,DOCX table 1,121,,,,,,,,,,False,False,არაფინანსური აქტივების ზრდა,55.3,5.0,4.0,4.0,0.0,0.0,False,4000
2026,source.mof_2026_tavi6_planned_docx,C:\Users\Mylaptop\Downloads\2026 ბიუჯეტი - თავი VI.DOCX,DOCX table 1,122,16 00,00 00,1,16 00,"სახელმწიფო რწმუნებულის ადმინისტრაცია ამბროლაურის, ლენტეხის, ონისა და ცაგერის მუნიციპალიტეტებში",,,,,False,True,"სახელმწიფო რწმუნებულის ადმინისტრაცია ამბროლაურის, ლენტეხის, ონისა და ცაგერის მუნიციპალიტეტებში",1158.8,1235.0,1320.0,1320.0,0.0,0.0,True,1320000
2026,source.mof_2026_tavi6_planned_docx,C:\Users\Mylaptop\Downloads\2026 ბიუჯეტი - თავი VI.DOCX,DOCX table 1,123,,,,,,,,,,False,False,მომუშავეთა რიცხოვნობა,31.0,30.0,30.0,30.0,0.0,0.0,False,30000
2026,source.mof_2026_tavi6_planned_docx,C:\Users\Mylaptop\Downloads\2026 ბიუჯეტი - თავი VI.DOCX,DOCX table 1,124,,,,,,,,,,False,False,ხარჯები,1105.6,1217.0,1305.0,1305.0,0.0,0.0,False,1305000
2026,source.mof_2026_tavi6_planned_docx,C:\Users\Mylaptop\Downloads\2026 ბიუჯეტი - თავი VI.DOCX,DOCX table 1,125,,,,,,,,,,False,False,შრომის ანაზღაურება,767.3,850.0,930.0,930.0,0.0,0.0,False,930000
2026,source.mof_2026_tavi6_planned_docx,C:\Users\Mylaptop\Downloads\2026 ბიუჯეტი - თავი VI.DOCX,DOCX table 1,126,,,,,,,,,,False,False,არაფინანსური აქტივების ზრდა,53.2,18.0,15.0,15.0,0.0,0.0,False,15000
2026,source.mof_2026_tavi6_planned_docx,C:\Users\Mylaptop\Downloads\2026 ბიუჯეტი - თავი VI.DOCX,DOCX table 1,127,17 00,00 00,1,17 00,"სახელმწიფო რწმუნებულის ადმინისტრაცია ადიგენის, ასპინძის, ახალციხის, ახალქალაქის, ბორჯომისა და ნინოწმინდის მუნიციპალიტეტებში",,,,,False,True,"სახელმწიფო რწმუნებულის ადმინისტრაცია ადიგენის, ასპინძის, ახალციხის, ახალქალაქის, ბორჯომისა და ნინოწმინდის მუნიციპალიტეტებში",1068.7,1120.0,1200.0,1200.0,0.0,0.0,True,1200000
2026,source.mof_2026_tavi6_planned_docx,C:\Users\Mylaptop\Downloads\2026 ბიუჯეტი - თავი VI.DOCX,DOCX table 1,128,,,,,,,,,,False,False,მომუშავეთა რიცხოვნობა,25.0,25.0,25.0,25.0,0.0,0.0,False,25000
2026,source.mof_2026_tavi6_planned_docx,C:\Users\Mylaptop\Downloads\2026 ბიუჯეტი - თავი VI.DOCX,DOCX table 1,129,,,,,,,,,,False,False,ხარჯები,1021.3,1114.0,1194.0,1194.0,0.0,0.0,False,1194000
2026,source.mof_2026_tavi6_planned_docx,C:\Users\Mylaptop\Downloads\2026 ბიუჯეტი - თავი VI.DOCX,DOCX table 1,130,,,,,,,,,,False,False,შრომის ანაზღაურება,723.7,778.0,850.6,850.6,0.0,0.0,False,850600
2026,source.mof_2026_tavi6_planned_docx,C:\Users\Mylaptop\Downloads\2026 ბიუჯეტი - თავი VI.DOCX,DOCX table 1,131,,,,,,,,,,False,False,არაფინანსური აქტივების ზრდა,47.4,6.0,6.0,6.0,0.0,0.0,False,6000
2026,source.mof_2026_tavi6_planned_docx,C:\Users\Mylaptop\Downloads\2026 ბიუჯეტი - თავი VI.DOCX,DOCX table 1,132,18 00,00 00,1,18 00,"სახელმწიფო რწმუნებულის ადმინისტრაცია ბოლნისის, გარდაბნის, დმანისის, თეთრი წყაროს, მარნეულის, წალკის მუნიციპალიტეტებსა და ქალაქ რუსთავის მუნიციპალიტეტში",,,,,False,True,"სახელმწიფო რწმუნებულის ადმინისტრაცია ბოლნისის, გარდაბნის, დმანისის, თეთრი წყაროს, მარნეულის, წალკის მუნიციპალიტეტებსა და ქალაქ რუსთავის მუნიციპალიტეტში",1312.7,1550.0,1600.0,1600.0,0.0,0.0,True,1600000
2026,source.mof_2026_tavi6_planned_docx,C:\Users\Mylaptop\Downloads\2026 ბიუჯეტი - თავი VI.DOCX,DOCX table 1,133,,,,,,,,,,False,False,მომუშავეთა რიცხოვნობა,30.0,30.0,30.0,30.0,0.0,0.0,False,30000
2026,source.mof_2026_tavi6_planned_docx,C:\Users\Mylaptop\Downloads\2026 ბიუჯეტი - თავი VI.DOCX,DOCX table 1,134,,,,,,,,,,False,False,ხარჯები,1272.5,1510.0,1590.9,1590.9,0.0,0.0,False,1590900
2026,source.mof_2026_tavi6_planned_docx,C:\Users\Mylaptop\Downloads\2026 ბიუჯეტი - თავი VI.DOCX,DOCX table 1,135,,,,,,,,,,False,False,შრომის ანაზღაურება,776.7,931.0,1018.9,1018.9,0.0,0.0,False,1018900
2026,source.mof_2026_tavi6_planned_docx,C:\Users\Mylaptop\Downloads\2026 ბიუჯეტი - თავი VI.DOCX,DOCX table 1,136,,,,,,,,,,False,False,არაფინანსური აქტივების ზრდა,40.1,40.0,9.1,9.1,0.0,0.0,False,9100
2026,source.mof_2026_tavi6_planned_docx,C:\Users\Mylaptop\Downloads\2026 ბიუჯეტი - თავი VI.DOCX,DOCX table 1,137,19 00,00 00,1,19 00,"სახელმწიფო რწმუნებულის ადმინისტრაცია გორის, კასპის, ქარელისა და ხაშურის მუნიციპალიტეტებში",,,,,False,True,"სახელმწიფო რწმუნებულის ადმინისტრაცია გორის, კასპის, ქარელისა და ხაშურის მუნიციპალიტეტებში",1060.6,1150.0,1220.0,1220.0,0.0,0.0,True,1220000
2026,source.mof_2026_tavi6_planned_docx,C:\Users\Mylaptop\Downloads\2026 ბიუჯეტი - თავი VI.DOCX,DOCX table 1,138,,,,,,,,,,False,False,მომუშავეთა რიცხოვნობა,29.0,29.0,29.0,29.0,0.0,0.0,False,29000
2026,source.mof_2026_tavi6_planned_docx,C:\Users\Mylaptop\Downloads\2026 ბიუჯეტი - თავი VI.DOCX,DOCX table 1,139,,,,,,,,,,False,False,ხარჯები,967.6,1138.0,1215.0,1215.0,0.0,0.0,False,1215000
2026,source.mof_2026_tavi6_planned_docx,C:\Users\Mylaptop\Downloads\2026 ბიუჯეტი - თავი VI.DOCX,DOCX table 1,140,,,,,,,,,,False,False,შრომის ანაზღაურება,687.5,836.0,880.0,880.0,0.0,0.0,False,880000
2026,source.mof_2026_tavi6_planned_docx,C:\Users\Mylaptop\Downloads\2026 ბიუჯეტი - თავი VI.DOCX,DOCX table 1,141,,,,,,,,,,False,False,არაფინანსური აქტივების ზრდა,93.0,12.0,5.0,5.0,0.0,0.0,False,5000
2026,source.mof_2026_tavi6_planned_docx,C:\Users\Mylaptop\Downloads\2026 ბიუჯეტი - თავი VI.DOCX,DOCX table 1,142,20 00,00 00,1,20 00,საქართველოს სახელმწიფო უსაფრთხოების სამსახური,,,,,False,True,საქართველოს სახელმწიფო უსაფრთხოების სამსახური,235474.4,251500.0,380000.0,380000.0,0.0,0.0,False,380000000
2026,source.mof_2026_tavi6_planned_docx,C:\Users\Mylaptop\Downloads\2026 ბიუჯეტი - თავი VI.DOCX,DOCX table 1,143,,,,,,,,,,False,False,მომუშავეთა რიცხოვნობა,3850.0,3850.0,3850.0,3850.0,0.0,0.0,False,3850000
2026,source.mof_2026_tavi6_planned_docx,C:\Users\Mylaptop\Downloads\2026 ბიუჯეტი - თავი VI.DOCX,DOCX table 1,144,,,,,,,,,,False,False,ხარჯები,206124.7,229267.0,321179.0,321179.0,0.0,0.0,False,321179000
2026,source.mof_2026_tavi6_planned_docx,C:\Users\Mylaptop\Downloads\2026 ბიუჯეტი - თავი VI.DOCX,DOCX table 1,145,,,,,,,,,,False,False,შრომის ანაზღაურება,125634.8,138690.0,205370.0,205370.0,0.0,0.0,False,205370000
2026,source.mof_2026_tavi6_planned_docx,C:\Users\Mylaptop\Downloads\2026 ბიუჯეტი - თავი VI.DOCX,DOCX table 1,146,,,,,,,,,,False,False,არაფინანსური აქტივების ზრდა,29349.7,22233.0,58821.0,58821.0,0.0,0.0,False,58821000
2026,source.mof_2026_tavi6_planned_docx,C:\Users\Mylaptop\Downloads\2026 ბიუჯეტი - თავი VI.DOCX,DOCX table 1,147,20 01,20 00,2,20 00,საქართველოს სახელმწიფო უსაფრთხოების სამსახური,20 01,სახელმწიფო უსაფრთხოების უზრუნველყოფა,,,False,True,სახელმწიფო უსაფრთხოების უზრუნველყოფა,163607.5,174000.0,279098.0,279098.0,0.0,0.0,True,279098000
2026,source.mof_2026_tavi6_planned_docx,C:\Users\Mylaptop\Downloads\2026 ბიუჯეტი - თავი VI.DOCX,DOCX table 1,148,,,,,,,,,,False,False,მომუშავეთა რიცხოვნობა,3421.0,3421.0,3421.0,3421.0,0.0,0.0,False,3421000
2026,source.mof_2026_tavi6_planned_docx,C:\Users\Mylaptop\Downloads\2026 ბიუჯეტი - თავი VI.DOCX,DOCX table 1,149,,,,,,,,,,False,False,ხარჯები,152184.8,165730.0,239250.0,239250.0,0.0,0.0,False,239250000
2026,source.mof_2026_tavi6_planned_docx,C:\Users\Mylaptop\Downloads\2026 ბიუჯეტი - თავი VI.DOCX,DOCX table 1,150,,,,,,,,,,False,False,შრომის ანაზღაურება,108513.1,119900.0,177070.0,177070.0,0.0,0.0,False,177070000
2026,source.mof_2026_tavi6_planned_docx,C:\Users\Mylaptop\Downloads\2026 ბიუჯეტი - თავი VI.DOCX,DOCX table 1,151,,,,,,,,,,False,False,არაფინანსური აქტივების ზრდა,11422.7,8270.0,39848.0,39848.0,0.0,0.0,False,39848000
2026,source.mof_2026_tavi6_planned_docx,C:\Users\Mylaptop\Downloads\2026 ბიუჯეტი - თავი VI.DOCX,DOCX table 1,152,20 02,20 00,2,20 00,საქართველოს სახელმწიფო უსაფრთხოების სამსახური,20 02,ოპერატიულ-ტექნიკური საქმიანობის უზრუნველყოფა,,,False,True,ოპერატიულ-ტექნიკური საქმიანობის უზრუნველყოფა,47775.9,48400.0,66357.0,66357.0,0.0,0.0,True,66357000
2026,source.mof_2026_tavi6_planned_docx,C:\Users\Mylaptop\Downloads\2026 ბიუჯეტი - თავი VI.DOCX,DOCX table 1,153,,,,,,,,,,False,False,მომუშავეთა რიცხოვნობა,398.0,398.0,398.0,398.0,0.0,0.0,False,398000
2026,source.mof_2026_tavi6_planned_docx,C:\Users\Mylaptop\Downloads\2026 ბიუჯეტი - თავი VI.DOCX,DOCX table 1,154,,,,,,,,,,False,False,ხარჯები,30736.7,35355.0,47759.0,47759.0,0.0,0.0,False,47759000
2026,source.mof_2026_tavi6_planned_docx,C:\Users\Mylaptop\Downloads\2026 ბიუჯეტი - თავი VI.DOCX,DOCX table 1,155,,,,,,,,,,False,False,შრომის ანაზღაურება,15954.8,17500.0,23500.0,23500.0,0.0,0.0,False,23500000
2026,source.mof_2026_tavi6_planned_docx,C:\Users\Mylaptop\Downloads\2026 ბიუჯეტი - თავი VI.DOCX,DOCX table 1,156,,,,,,,,,,False,False,არაფინანსური აქტივების ზრდა,17039.3,13045.0,18598.0,18598.0,0.0,0.0,False,18598000
2026,source.mof_2026_tavi6_planned_docx,C:\Users\Mylaptop\Downloads\2026 ბიუჯეტი - თავი VI.DOCX,DOCX table 1,157,20 03,20 00,2,20 00,საქართველოს სახელმწიფო უსაფრთხოების სამსახური,20 03,"უსაფრთხოების კადრების მომზადება, გადამზადება და კვალიფიკაციის ამაღლება",,,False,True,"უსაფრთხოების კადრების მომზადება, გადამზადება და კვალიფიკაციის ამაღლება",3091.0,3600.0,6545.0,6545.0,0.0,0.0,True,6545000
2026,source.mof_2026_tavi6_planned_docx,C:\Users\Mylaptop\Downloads\2026 ბიუჯეტი - თავი VI.DOCX,DOCX table 1,158,,,,,,,,,,False,False,მომუშავეთა რიცხოვნობა,31.0,31.0,31.0,31.0,0.0,0.0,False,31000
2026,source.mof_2026_tavi6_planned_docx,C:\Users\Mylaptop\Downloads\2026 ბიუჯეტი - თავი VI.DOCX,DOCX table 1,159,,,,,,,,,,False,False,ხარჯები,2203.3,2682.0,6170.0,6170.0,0.0,0.0,False,6170000
2026,source.mof_2026_tavi6_planned_docx,C:\Users\Mylaptop\Downloads\2026 ბიუჯეტი - თავი VI.DOCX,DOCX table 1,160,,,,,,,,,,False,False,შრომის ანაზღაურება,1167.0,1290.0,4800.0,4800.0,0.0,0.0,False,4800000
2026,source.mof_2026_tavi6_planned_docx,C:\Users\Mylaptop\Downloads\2026 ბიუჯეტი - თავი VI.DOCX,DOCX table 1,161,,,,,,,,,,False,False,არაფინანსური აქტივების ზრდა,887.7,918.0,375.0,375.0,0.0,0.0,False,375000
2026,source.mof_2026_tavi6_planned_docx,C:\Users\Mylaptop\Downloads\2026 ბიუჯეტი - თავი VI.DOCX,DOCX table 1,162,20 04,20 00,2,20 00,საქართველოს სახელმწიფო უსაფრთხოების სამსახური,20 04,სადაზვერვო საქმიანობის უზრუნველყოფა,,,False,True,სადაზვერვო საქმიანობის უზრუნველყოფა,21000.0,25500.0,28000.0,28000.0,0.0,0.0,True,28000000
2026,source.mof_2026_tavi6_planned_docx,C:\Users\Mylaptop\Downloads\2026 ბიუჯეტი - თავი VI.DOCX,DOCX table 1,163,,,,,,,,,,False,False,ხარჯები,21000.0,25500.0,28000.0,28000.0,0.0,0.0,False,28000000
2026,source.mof_2026_tavi6_planned_docx,C:\Users\Mylaptop\Downloads\2026 ბიუჯეტი - თავი VI.DOCX,DOCX table 1,164,21 00,00 00,1,21 00,საქართველოს პროკურატურა,,,,,False,True,საქართველოს პროკურატურა,62987.2,70750.0,98700.0,98700.0,0.0,0.0,True,98700000
2026,source.mof_2026_tavi6_planned_docx,C:\Users\Mylaptop\Downloads\2026 ბიუჯეტი - თავი VI.DOCX,DOCX table 1,165,,,,,,,,,,False,False,მომუშავეთა რიცხოვნობა,874.0,874.0,1024.0,1024.0,0.0,0.0,False,1024000
2026,source.mof_2026_tavi6_planned_docx,C:\Users\Mylaptop\Downloads\2026 ბიუჯეტი - თავი VI.DOCX,DOCX table 1,166,,,,,,,,,,False,False,ხარჯები,59639.5,68273.0,92260.0,92260.0,0.0,0.0,False,92260000
2026,source.mof_2026_tavi6_planned_docx,C:\Users\Mylaptop\Downloads\2026 ბიუჯეტი - თავი VI.DOCX,DOCX table 1,167,,,,,,,,,,False,False,შრომის ანაზღაურება,44153.6,51526.0,70051.0,70051.0,0.0,0.0,False,70051000
2026,source.mof_2026_tavi6_planned_docx,C:\Users\Mylaptop\Downloads\2026 ბიუჯეტი - თავი VI.DOCX,DOCX table 1,168,,,,,,,,,,False,False,არაფინანსური აქტივების ზრდა,3347.6,2477.0,6440.0,6440.0,0.0,0.0,False,6440000
2026,source.mof_2026_tavi6_planned_docx,C:\Users\Mylaptop\Downloads\2026 ბიუჯეტი - თავი VI.DOCX,DOCX table 1,169,22 00,00 00,1,22 00,შერიგებისა და სამოქალაქო თანასწორობის საკითხებში საქართველოს სახელმწიფო მინისტრის აპარატი,,,,,False,True,შერიგებისა და სამოქალაქო თანასწორობის საკითხებში საქართველოს სახელმწიფო მინისტრის აპარატი,4385.5,4700.0,5200.0,5200.0,0.0,0.0,True,5200000
2026,source.mof_2026_tavi6_planned_docx,C:\Users\Mylaptop\Downloads\2026 ბიუჯეტი - თავი VI.DOCX,DOCX table 1,170,,,,,,,,,,False,False,მომუშავეთა რიცხოვნობა,46.0,46.0,40.0,40.0,0.0,0.0,False,40000
2026,source.mof_2026_tavi6_planned_docx,C:\Users\Mylaptop\Downloads\2026 ბიუჯეტი - თავი VI.DOCX,DOCX table 1,171,,,,,,,,,,False,False,ხარჯები,4295.3,4630.0,4925.0,4925.0,0.0,0.0,False,4925000
2026,source.mof_2026_tavi6_planned_docx,C:\Users\Mylaptop\Downloads\2026 ბიუჯეტი - თავი VI.DOCX,DOCX table 1,172,,,,,,,,,,False,False,შრომის ანაზღაურება,1960.4,2600.0,2400.0,2400.0,0.0,0.0,False,2400000
2026,source.mof_2026_tavi6_planned_docx,C:\Users\Mylaptop\Downloads\2026 ბიუჯეტი - თავი VI.DOCX,DOCX table 1,173,,,,,,,,,,False,False,არაფინანსური აქტივების ზრდა,90.2,70.0,275.0,275.0,0.0,0.0,False,275000
2026,source.mof_2026_tavi6_planned_docx,C:\Users\Mylaptop\Downloads\2026 ბიუჯეტი - თავი VI.DOCX,DOCX table 1,174,23 00,00 00,1,23 00,საქართველოს ფინანსთა სამინისტრო,,,,,False,True,საქართველოს ფინანსთა სამინისტრო,119394.5,121000.0,130000.0,130000.0,0.0,0.0,False,130000000
2026,source.mof_2026_tavi6_planned_docx,C:\Users\Mylaptop\Downloads\2026 ბიუჯეტი - თავი VI.DOCX,DOCX table 1,175,,,,,,,,,,False,False,მომუშავეთა რიცხოვნობა,5168.0,5168.0,5264.0,5264.0,0.0,0.0,False,5264000
2026,source.mof_2026_tavi6_planned_docx,C:\Users\Mylaptop\Downloads\2026 ბიუჯეტი - თავი VI.DOCX,DOCX table 1,176,,,,,,,,,,False,False,ხარჯები,103239.1,106239.0,107530.0,107530.0,0.0,0.0,False,107530000
2026,source.mof_2026_tavi6_planned_docx,C:\Users\Mylaptop\Downloads\2026 ბიუჯეტი - თავი VI.DOCX,DOCX table 1,177,,,,,,,,,,False,False,შრომის ანაზღაურება,63664.0,70489.1,76080.0,76080.0,0.0,0.0,False,76080000
2026,source.mof_2026_tavi6_planned_docx,C:\Users\Mylaptop\Downloads\2026 ბიუჯეტი - თავი VI.DOCX,DOCX table 1,178,,,,,,,,,,False,False,არაფინანსური აქტივების ზრდა,16155.5,14761.0,22470.0,22470.0,0.0,0.0,False,22470000
2026,source.mof_2026_tavi6_planned_docx,C:\Users\Mylaptop\Downloads\2026 ბიუჯეტი - თავი VI.DOCX,DOCX table 1,179,23 01,23 00,2,23 00,საქართველოს ფინანსთა სამინისტრო,23 01,სახელმწიფო ფინანსების მართვა,,,False,True,სახელმწიფო ფინანსების მართვა,39479.6,32490.0,35490.0,35490.0,0.0,0.0,True,35490000
2026,source.mof_2026_tavi6_planned_docx,C:\Users\Mylaptop\Downloads\2026 ბიუჯეტი - თავი VI.DOCX,DOCX table 1,180,,,,,,,,,,False,False,მომუშავეთა რიცხოვნობა,312.0,311.0,313.0,313.0,0.0,0.0,False,313000
2026,source.mof_2026_tavi6_planned_docx,C:\Users\Mylaptop\Downloads\2026 ბიუჯეტი - თავი VI.DOCX,DOCX table 1,181,,,,,,,,,,False,False,ხარჯები,31762.3,24190.0,26350.0,26350.0,0.0,0.0,False,26350000
2026,source.mof_2026_tavi6_planned_docx,C:\Users\Mylaptop\Downloads\2026 ბიუჯეტი - თავი VI.DOCX,DOCX table 1,182,,,,,,,,,,False,False,შრომის ანაზღაურება,12032.1,14200.0,15645.0,15645.0,0.0,0.0,False,15645000
2026,source.mof_2026_tavi6_planned_docx,C:\Users\Mylaptop\Downloads\2026 ბიუჯეტი - თავი VI.DOCX,DOCX table 1,183,,,,,,,,,,False,False,არაფინანსური აქტივების ზრდა,7717.3,8300.0,9140.0,9140.0,0.0,0.0,False,9140000
2026,source.mof_2026_tavi6_planned_docx,C:\Users\Mylaptop\Downloads\2026 ბიუჯეტი - თავი VI.DOCX,DOCX table 1,184,23 02,23 00,2,23 00,საქართველოს ფინანსთა სამინისტრო,23 02,შემოსავლების მობილიზება და გადამხდელთა მომსახურების გაუმჯობესება,,,False,True,შემოსავლების მობილიზება და გადამხდელთა მომსახურების გაუმჯობესება,19710.9,25000.0,15320.0,15320.0,0.0,0.0,True,15320000
2026,source.mof_2026_tavi6_planned_docx,C:\Users\Mylaptop\Downloads\2026 ბიუჯეტი - თავი VI.DOCX,DOCX table 1,185,,,,,,,,,,False,False,მომუშავეთა რიცხოვნობა,4013.0,4013.0,4013.0,4013.0,0.0,0.0,False,4013000
2026,source.mof_2026_tavi6_planned_docx,C:\Users\Mylaptop\Downloads\2026 ბიუჯეტი - თავი VI.DOCX,DOCX table 1,186,,,,,,,,,,False,False,ხარჯები,17719.6,21000.0,14820.0,14820.0,0.0,0.0,False,14820000
2026,source.mof_2026_tavi6_planned_docx,C:\Users\Mylaptop\Downloads\2026 ბიუჯეტი - თავი VI.DOCX,DOCX table 1,187,,,,,,,,,,False,False,შრომის ანაზღაურება,14999.7,15000.0,13200.0,13200.0,0.0,0.0,False,13200000
2026,source.mof_2026_tavi6_planned_docx,C:\Users\Mylaptop\Downloads\2026 ბიუჯეტი - თავი VI.DOCX,DOCX table 1,188,,,,,,,,,,False,False,არაფინანსური აქტივების ზრდა,1991.3,4000.0,500.0,500.0,0.0,0.0,False,500000
2026,source.mof_2026_tavi6_planned_docx,C:\Users\Mylaptop\Downloads\2026 ბიუჯეტი - თავი VI.DOCX,DOCX table 1,189,23 03,23 00,2,23 00,საქართველოს ფინანსთა სამინისტრო,23 03,ეკონომიკური დანაშაულის პრევენცია,,,False,True,ეკონომიკური დანაშაულის პრევენცია,46040.1,48030.0,61630.0,61630.0,0.0,0.0,True,61630000
2026,source.mof_2026_tavi6_planned_docx,C:\Users\Mylaptop\Downloads\2026 ბიუჯეტი - თავი VI.DOCX,DOCX table 1,190,,,,,,,,,,False,False,მომუშავეთა რიცხოვნობა,693.0,693.0,787.0,787.0,0.0,0.0,False,787000
2026,source.mof_2026_tavi6_planned_docx,C:\Users\Mylaptop\Downloads\2026 ბიუჯეტი - თავი VI.DOCX,DOCX table 1,191,,,,,,,,,,False,False,ხარჯები,41096.7,46904.0,50895.0,50895.0,0.0,0.0,False,50895000
2026,source.mof_2026_tavi6_planned_docx,C:\Users\Mylaptop\Downloads\2026 ბიუჯეტი - თავი VI.DOCX,DOCX table 1,192,,,,,,,,,,False,False,შრომის ანაზღაურება,28854.7,32500.0,37542.0,37542.0,0.0,0.0,False,37542000
2026,source.mof_2026_tavi6_planned_docx,C:\Users\Mylaptop\Downloads\2026 ბიუჯეტი - თავი VI.DOCX,DOCX table 1,193,,,,,,,,,,False,False,არაფინანსური აქტივების ზრდა,4943.4,1126.0,10735.0,10735.0,0.0,0.0,False,10735000
2026,source.mof_2026_tavi6_planned_docx,C:\Users\Mylaptop\Downloads\2026 ბიუჯეტი - თავი VI.DOCX,DOCX table 1,194,23 04,23 00,2,23 00,საქართველოს ფინანსთა სამინისტრო,23 04,ფინანსების მართვის ელექტრონული და ანალიტიკური უზრუნველყოფა,,,False,True,ფინანსების მართვის ელექტრონული და ანალიტიკური უზრუნველყოფა,9433.2,10100.0,10840.0,10840.0,0.0,0.0,True,10840000
2026,source.mof_2026_tavi6_planned_docx,C:\Users\Mylaptop\Downloads\2026 ბიუჯეტი - თავი VI.DOCX,DOCX table 1,195,,,,,,,,,,False,False,მომუშავეთა რიცხოვნობა,85.0,85.0,85.0,85.0,0.0,0.0,False,85000
2026,source.mof_2026_tavi6_planned_docx,C:\Users\Mylaptop\Downloads\2026 ბიუჯეტი - თავი VI.DOCX,DOCX table 1,196,,,,,,,,,,False,False,ხარჯები,8085.0,9035.0,9945.0,9945.0,0.0,0.0,False,9945000
2026,source.mof_2026_tavi6_planned_docx,C:\Users\Mylaptop\Downloads\2026 ბიუჯეტი - თავი VI.DOCX,DOCX table 1,197,,,,,,,,,,False,False,შრომის ანაზღაურება,5049.3,5319.1,5889.0,5889.0,0.0,0.0,False,5889000
2026,source.mof_2026_tavi6_planned_docx,C:\Users\Mylaptop\Downloads\2026 ბიუჯეტი - თავი VI.DOCX,DOCX table 1,198,,,,,,,,,,False,False,არაფინანსური აქტივების ზრდა,1348.1,1065.0,895.0,895.0,0.0,0.0,False,895000
2026,source.mof_2026_tavi6_planned_docx,C:\Users\Mylaptop\Downloads\2026 ბიუჯეტი - თავი VI.DOCX,DOCX table 1,199,23 05,23 00,2,23 00,საქართველოს ფინანსთა სამინისტრო,23 05,საფინანსო სექტორში დასაქმებულთა კვალიფიკაციის ამაღლება,,,False,True,საფინანსო სექტორში დასაქმებულთა კვალიფიკაციის ამაღლება,2277.9,1500.0,2440.0,2440.0,0.0,0.0,True,2440000
2026,source.mof_2026_tavi6_planned_docx,C:\Users\Mylaptop\Downloads\2026 ბიუჯეტი - თავი VI.DOCX,DOCX table 1,200,,,,,,,,,,False,False,მომუშავეთა რიცხოვნობა,22.0,22.0,22.0,22.0,0.0,0.0,False,22000
2026,source.mof_2026_tavi6_planned_docx,C:\Users\Mylaptop\Downloads\2026 ბიუჯეტი - თავი VI.DOCX,DOCX table 1,201,,,,,,,,,,False,False,ხარჯები,2148.4,1385.0,1440.0,1440.0,0.0,0.0,False,1440000
2026,source.mof_2026_tavi6_planned_docx,C:\Users\Mylaptop\Downloads\2026 ბიუჯეტი - თავი VI.DOCX,DOCX table 1,202,,,,,,,,,,False,False,შრომის ანაზღაურება,804.7,850.0,935.0,935.0,0.0,0.0,False,935000
2026,source.mof_2026_tavi6_planned_docx,C:\Users\Mylaptop\Downloads\2026 ბიუჯეტი - თავი VI.DOCX,DOCX table 1,203,,,,,,,,,,False,False,არაფინანსური აქტივების ზრდა,129.6,115.0,1000.0,1000.0,0.0,0.0,False,1000000
2026,source.mof_2026_tavi6_planned_docx,C:\Users\Mylaptop\Downloads\2026 ბიუჯეტი - თავი VI.DOCX,DOCX table 1,204,23 06,23 00,2,23 00,საქართველოს ფინანსთა სამინისტრო,23 06,"ბუღალტრული აღრიცხვის, ანგარიშგებისა და აუდიტის ზედამხედველობა",,,False,True,"ბუღალტრული აღრიცხვის, ანგარიშგებისა და აუდიტის ზედამხედველობა",2452.8,3880.0,4280.0,4280.0,0.0,0.0,True,4280000
2026,source.mof_2026_tavi6_planned_docx,C:\Users\Mylaptop\Downloads\2026 ბიუჯეტი - თავი VI.DOCX,DOCX table 1,205,,,,,,,,,,False,False,მომუშავეთა რიცხოვნობა,43.0,44.0,44.0,44.0,0.0,0.0,False,44000
2026,source.mof_2026_tavi6_planned_docx,C:\Users\Mylaptop\Downloads\2026 ბიუჯეტი - თავი VI.DOCX,DOCX table 1,206,,,,,,,,,,False,False,ხარჯები,2427.1,3725.0,4080.0,4080.0,0.0,0.0,False,4080000
2026,source.mof_2026_tavi6_planned_docx,C:\Users\Mylaptop\Downloads\2026 ბიუჯეტი - თავი VI.DOCX,DOCX table 1,207,,,,,,,,,,False,False,შრომის ანაზღაურება,1923.4,2620.0,2869.0,2869.0,0.0,0.0,False,2869000
2026,source.mof_2026_tavi6_planned_docx,C:\Users\Mylaptop\Downloads\2026 ბიუჯეტი - თავი VI.DOCX,DOCX table 1,208,,,,,,,,,,False,False,არაფინანსური აქტივების ზრდა,25.7,155.0,200.0,200.0,0.0,0.0,False,200000
2026,source.mof_2026_tavi6_planned_docx,C:\Users\Mylaptop\Downloads\2026 ბიუჯეტი - თავი VI.DOCX,DOCX table 1,209,24 00,00 00,1,24 00,საქართველოს ეკონომიკისა და მდგრადი განვითარების სამინისტრო,,,,,False,True,საქართველოს ეკონომიკისა და მდგრადი განვითარების სამინისტრო,743040.0,947009.0,928550.0,495850.0,9200.0,423500.0,False,928550000
2026,source.mof_2026_tavi6_planned_docx,C:\Users\Mylaptop\Downloads\2026 ბიუჯეტი - თავი VI.DOCX,DOCX table 1,210,,,,,,,,,,False,False,მომუშავეთა რიცხოვნობა,624.0,643.0,683.0,683.0,0.0,0.0,False,683000
2026,source.mof_2026_tavi6_planned_docx,C:\Users\Mylaptop\Downloads\2026 ბიუჯეტი - თავი VI.DOCX,DOCX table 1,211,,,,,,,,,,False,False,ხარჯები,598998.4,743029.0,561733.0,467113.0,9200.0,85420.0,False,561733000
2026,source.mof_2026_tavi6_planned_docx,C:\Users\Mylaptop\Downloads\2026 ბიუჯეტი - თავი VI.DOCX,DOCX table 1,212,,,,,,,,,,False,False,შრომის ანაზღაურება,21456.9,26085.0,30776.0,30776.0,0.0,0.0,False,30776000
2026,source.mof_2026_tavi6_planned_docx,C:\Users\Mylaptop\Downloads\2026 ბიუჯეტი - თავი VI.DOCX,DOCX table 1,213,,,,,,,,,,False,False,არაფინანსური აქტივების ზრდა,51854.9,75030.0,140667.0,6587.0,0.0,134080.0,False,140667000
2026,source.mof_2026_tavi6_planned_docx,C:\Users\Mylaptop\Downloads\2026 ბიუჯეტი - თავი VI.DOCX,DOCX table 1,214,,,,,,,,,,False,False,ფინანსური აქტივების ზრდა,86539.1,125150.0,221450.0,17450.0,0.0,204000.0,False,221450000
2026,source.mof_2026_tavi6_planned_docx,C:\Users\Mylaptop\Downloads\2026 ბიუჯეტი - თავი VI.DOCX,DOCX table 1,215,,,,,,,,,,False,False,ვალდებულებების კლება,5647.6,3800.0,4700.0,4700.0,0.0,0.0,False,4700000
2026,source.mof_2026_tavi6_planned_docx,C:\Users\Mylaptop\Downloads\2026 ბიუჯეტი - თავი VI.DOCX,DOCX table 1,216,24 01,24 00,2,24 00,საქართველოს ეკონომიკისა და მდგრადი განვითარების სამინისტრო,24 01,ეკონომიკური პოლიტიკის შემუშავება და განხორციელება,,,False,True,ეკონომიკური პოლიტიკის შემუშავება და განხორციელება,15792.2,22650.0,22170.0,22170.0,0.0,0.0,True,22170000
2026,source.mof_2026_tavi6_planned_docx,C:\Users\Mylaptop\Downloads\2026 ბიუჯეტი - თავი VI.DOCX,DOCX table 1,217,,,,,,,,,,False,False,მომუშავეთა რიცხოვნობა,220.0,224.0,225.0,225.0,0.0,0.0,False,225000
2026,source.mof_2026_tavi6_planned_docx,C:\Users\Mylaptop\Downloads\2026 ბიუჯეტი - თავი VI.DOCX,DOCX table 1,218,,,,,,,,,,False,False,ხარჯები,15554.8,22377.0,21907.0,21907.0,0.0,0.0,False,21907000
2026,source.mof_2026_tavi6_planned_docx,C:\Users\Mylaptop\Downloads\2026 ბიუჯეტი - თავი VI.DOCX,DOCX table 1,219,,,,,,,,,,False,False,შრომის ანაზღაურება,8293.1,10117.0,11338.0,11338.0,0.0,0.0,False,11338000
2026,source.mof_2026_tavi6_planned_docx,C:\Users\Mylaptop\Downloads\2026 ბიუჯეტი - თავი VI.DOCX,DOCX table 1,220,,,,,,,,,,False,False,არაფინანსური აქტივების ზრდა,237.4,273.0,263.0,263.0,0.0,0.0,False,263000
2026,source.mof_2026_tavi6_planned_docx,C:\Users\Mylaptop\Downloads\2026 ბიუჯეტი - თავი VI.DOCX,DOCX table 1,221,24 02,24 00,2,24 00,საქართველოს ეკონომიკისა და მდგრადი განვითარების სამინისტრო,24 02,ტექნიკური და სამშენებლო სფეროს რეგულირება,,,False,True,ტექნიკური და სამშენებლო სფეროს რეგულირება,2009.5,2500.0,2875.0,2875.0,0.0,0.0,True,2875000
2026,source.mof_2026_tavi6_planned_docx,C:\Users\Mylaptop\Downloads\2026 ბიუჯეტი - თავი VI.DOCX,DOCX table 1,222,,,,,,,,,,False,False,მომუშავეთა რიცხოვნობა,45.0,48.0,48.0,48.0,0.0,0.0,False,48000
2026,source.mof_2026_tavi6_planned_docx,C:\Users\Mylaptop\Downloads\2026 ბიუჯეტი - თავი VI.DOCX,DOCX table 1,223,,,,,,,,,,False,False,ხარჯები,1997.7,2432.0,2789.0,2789.0,0.0,0.0,False,2789000
2026,source.mof_2026_tavi6_planned_docx,C:\Users\Mylaptop\Downloads\2026 ბიუჯეტი - თავი VI.DOCX,DOCX table 1,224,,,,,,,,,,False,False,შრომის ანაზღაურება,1421.4,1633.0,1906.0,1906.0,0.0,0.0,False,1906000
2026,source.mof_2026_tavi6_planned_docx,C:\Users\Mylaptop\Downloads\2026 ბიუჯეტი - თავი VI.DOCX,DOCX table 1,225,,,,,,,,,,False,False,არაფინანსური აქტივების ზრდა,11.7,68.0,86.0,86.0,0.0,0.0,False,86000
2026,source.mof_2026_tavi6_planned_docx,C:\Users\Mylaptop\Downloads\2026 ბიუჯეტი - თავი VI.DOCX,DOCX table 1,226,24 03,24 00,2,24 00,საქართველოს ეკონომიკისა და მდგრადი განვითარების სამინისტრო,24 03,სტანდარტიზაციისა და მეტროლოგიის სფეროს განვითარება,,,False,True,სტანდარტიზაციისა და მეტროლოგიის სფეროს განვითარება,1296.9,1800.0,2400.0,2400.0,0.0,0.0,True,2400000
2026,source.mof_2026_tavi6_planned_docx,C:\Users\Mylaptop\Downloads\2026 ბიუჯეტი - თავი VI.DOCX,DOCX table 1,227,,,,,,,,,,False,False,მომუშავეთა რიცხოვნობა,70.0,70.0,70.0,70.0,0.0,0.0,False,70000
2026,source.mof_2026_tavi6_planned_docx,C:\Users\Mylaptop\Downloads\2026 ბიუჯეტი - თავი VI.DOCX,DOCX table 1,228,,,,,,,,,,False,False,ხარჯები,1237.2,1650.0,2080.0,2080.0,0.0,0.0,False,2080000
2026,source.mof_2026_tavi6_planned_docx,C:\Users\Mylaptop\Downloads\2026 ბიუჯეტი - თავი VI.DOCX,DOCX table 1,229,,,,,,,,,,False,False,შრომის ანაზღაურება,1076.4,1087.0,1422.0,1422.0,0.0,0.0,False,1422000
2026,source.mof_2026_tavi6_planned_docx,C:\Users\Mylaptop\Downloads\2026 ბიუჯეტი - თავი VI.DOCX,DOCX table 1,230,,,,,,,,,,False,False,არაფინანსური აქტივების ზრდა,59.7,150.0,320.0,320.0,0.0,0.0,False,320000
2026,source.mof_2026_tavi6_planned_docx,C:\Users\Mylaptop\Downloads\2026 ბიუჯეტი - თავი VI.DOCX,DOCX table 1,231,24 04,24 00,2,24 00,საქართველოს ეკონომიკისა და მდგრადი განვითარების სამინისტრო,24 04,ბაზარზე ზედამხედველობის სფეროს რეგულირება და განხორციელების ღონისძიებები,,,False,True,ბაზარზე ზედამხედველობის სფეროს რეგულირება და განხორციელების ღონისძიებები,1723.5,2900.0,3200.0,3200.0,0.0,0.0,True,3200000
2026,source.mof_2026_tavi6_planned_docx,C:\Users\Mylaptop\Downloads\2026 ბიუჯეტი - თავი VI.DOCX,DOCX table 1,232,,,,,,,,,,False,False,მომუშავეთა რიცხოვნობა,31.0,43.0,43.0,43.0,0.0,0.0,False,43000
2026,source.mof_2026_tavi6_planned_docx,C:\Users\Mylaptop\Downloads\2026 ბიუჯეტი - თავი VI.DOCX,DOCX table 1,233,,,,,,,,,,False,False,ხარჯები,1551.5,2752.0,3095.0,3095.0,0.0,0.0,False,3095000
2026,source.mof_2026_tavi6_planned_docx,C:\Users\Mylaptop\Downloads\2026 ბიუჯეტი - თავი VI.DOCX,DOCX table 1,234,,,,,,,,,,False,False,შრომის ანაზღაურება,938.5,1618.0,1773.0,1773.0,0.0,0.0,False,1773000
2026,source.mof_2026_tavi6_planned_docx,C:\Users\Mylaptop\Downloads\2026 ბიუჯეტი - თავი VI.DOCX,DOCX table 1,235,,,,,,,,,,False,False,არაფინანსური აქტივების ზრდა,172.0,148.0,105.0,105.0,0.0,0.0,False,105000
2026,source.mof_2026_tavi6_planned_docx,C:\Users\Mylaptop\Downloads\2026 ბიუჯეტი - თავი VI.DOCX,DOCX table 1,236,24 05,24 00,2,24 00,საქართველოს ეკონომიკისა და მდგრადი განვითარების სამინისტრო,24 05,ტურიზმის განვითარების ხელშეწყობა,,,False,True,ტურიზმის განვითარების ხელშეწყობა,31626.8,48700.0,65125.0,65125.0,0.0,0.0,True,65125000
2026,source.mof_2026_tavi6_planned_docx,C:\Users\Mylaptop\Downloads\2026 ბიუჯეტი - თავი VI.DOCX,DOCX table 1,237,,,,,,,,,,False,False,მომუშავეთა რიცხოვნობა,63.0,63.0,94.0,94.0,0.0,0.0,False,94000
2026,source.mof_2026_tavi6_planned_docx,C:\Users\Mylaptop\Downloads\2026 ბიუჯეტი - თავი VI.DOCX,DOCX table 1,238,,,,,,,,,,False,False,ხარჯები,30079.6,45205.0,60710.0,60710.0,0.0,0.0,False,60710000
2026,source.mof_2026_tavi6_planned_docx,C:\Users\Mylaptop\Downloads\2026 ბიუჯეტი - თავი VI.DOCX,DOCX table 1,239,,,,,,,,,,False,False,შრომის ანაზღაურება,2263.3,2367.0,4300.0,4300.0,0.0,0.0,False,4300000
2026,source.mof_2026_tavi6_planned_docx,C:\Users\Mylaptop\Downloads\2026 ბიუჯეტი - თავი VI.DOCX,DOCX table 1,240,,,,,,,,,,False,False,არაფინანსური აქტივების ზრდა,1547.2,3495.0,4415.0,4415.0,0.0,0.0,False,4415000
2026,source.mof_2026_tavi6_planned_docx,C:\Users\Mylaptop\Downloads\2026 ბიუჯეტი - თავი VI.DOCX,DOCX table 1,241,24 06,24 00,2,24 00,საქართველოს ეკონომიკისა და მდგრადი განვითარების სამინისტრო,24 06,სახელმწიფო ქონების მართვა,,,False,True,სახელმწიფო ქონების მართვა,108347.5,127680.0,30380.0,25380.0,0.0,5000.0,True,30380000
2026,source.mof_2026_tavi6_planned_docx,C:\Users\Mylaptop\Downloads\2026 ბიუჯეტი - თავი VI.DOCX,DOCX table 1,242,,,,,,,,,,False,False,ხარჯები,108347.5,127680.0,30380.0,25380.0,0.0,5000.0,False,30380000
2026,source.mof_2026_tavi6_planned_docx,C:\Users\Mylaptop\Downloads\2026 ბიუჯეტი - თავი VI.DOCX,DOCX table 1,243,24 07,24 00,2,24 00,საქართველოს ეკონომიკისა და მდგრადი განვითარების სამინისტრო,24 07,მეწარმეობის განვითარება,,,False,True,მეწარმეობის განვითარება,222054.5,247320.0,232700.0,182700.0,0.0,50000.0,False,232700000
2026,source.mof_2026_tavi6_planned_docx,C:\Users\Mylaptop\Downloads\2026 ბიუჯეტი - თავი VI.DOCX,DOCX table 1,244,,,,,,,,,,False,False,მომუშავეთა რიცხოვნობა,50.0,50.0,50.0,50.0,0.0,0.0,False,50000
2026,source.mof_2026_tavi6_planned_docx,C:\Users\Mylaptop\Downloads\2026 ბიუჯეტი - თავი VI.DOCX,DOCX table 1,245,,,,,,,,,,False,False,ხარჯები,221826.6,247300.0,217680.0,167680.0,0.0,50000.0,False,217680000
2026,source.mof_2026_tavi6_planned_docx,C:\Users\Mylaptop\Downloads\2026 ბიუჯეტი - თავი VI.DOCX,DOCX table 1,246,,,,,,,,,,False,False,შრომის ანაზღაურება,2373.8,2700.0,2960.0,2960.0,0.0,0.0,False,2960000
2026,source.mof_2026_tavi6_planned_docx,C:\Users\Mylaptop\Downloads\2026 ბიუჯეტი - თავი VI.DOCX,DOCX table 1,247,,,,,,,,,,False,False,არაფინანსური აქტივების ზრდა,227.9,20.0,20.0,20.0,0.0,0.0,False,20000
2026,source.mof_2026_tavi6_planned_docx,C:\Users\Mylaptop\Downloads\2026 ბიუჯეტი - თავი VI.DOCX,DOCX table 1,248,,,,,,,,,,False,False,ფინანსური აქტივების ზრდა,0.0,0.0,15000.0,15000.0,0.0,0.0,False,15000000
2026,source.mof_2026_tavi6_planned_docx,C:\Users\Mylaptop\Downloads\2026 ბიუჯეტი - თავი VI.DOCX,DOCX table 1,249,24 07 01,24 07,3,24 00,საქართველოს ეკონომიკისა და მდგრადი განვითარების სამინისტრო,24 07,მეწარმეობის განვითარება,24 07 01,მეწარმეობის განვითარების ადმინისტრირება,False,True,მეწარმეობის განვითარების ადმინისტრირება,4862.7,5320.0,5700.0,5700.0,0.0,0.0,True,5700000
2026,source.mof_2026_tavi6_planned_docx,C:\Users\Mylaptop\Downloads\2026 ბიუჯეტი - თავი VI.DOCX,DOCX table 1,250,,,,,,,,,,False,False,მომუშავეთა რიცხოვნობა,50.0,50.0,50.0,50.0,0.0,0.0,False,50000
2026,source.mof_2026_tavi6_planned_docx,C:\Users\Mylaptop\Downloads\2026 ბიუჯეტი - თავი VI.DOCX,DOCX table 1,251,,,,,,,,,,False,False,ხარჯები,4833.4,5300.0,5680.0,5680.0,0.0,0.0,False,5680000
2026,source.mof_2026_tavi6_planned_docx,C:\Users\Mylaptop\Downloads\2026 ბიუჯეტი - თავი VI.DOCX,DOCX table 1,252,,,,,,,,,,False,False,შრომის ანაზღაურება,2373.8,2700.0,2960.0,2960.0,0.0,0.0,False,2960000
2026,source.mof_2026_tavi6_planned_docx,C:\Users\Mylaptop\Downloads\2026 ბიუჯეტი - თავი VI.DOCX,DOCX table 1,253,,,,,,,,,,False,False,არაფინანსური აქტივების ზრდა,29.3,20.0,20.0,20.0,0.0,0.0,False,20000
2026,source.mof_2026_tavi6_planned_docx,C:\Users\Mylaptop\Downloads\2026 ბიუჯეტი - თავი VI.DOCX,DOCX table 1,254,24 07 02,24 07,3,24 00,საქართველოს ეკონომიკისა და მდგრადი განვითარების სამინისტრო,24 07,მეწარმეობის განვითარება,24 07 02,მეწარმეობის განვითარების ხელშეწყობა,False,True,მეწარმეობის განვითარების ხელშეწყობა,217191.8,242000.0,227000.0,177000.0,0.0,50000.0,True,227000000
2026,source.mof_2026_tavi6_planned_docx,C:\Users\Mylaptop\Downloads\2026 ბიუჯეტი - თავი VI.DOCX,DOCX table 1,255,,,,,,,,,,False,False,ხარჯები,216993.2,242000.0,212000.0,162000.0,0.0,50000.0,False,212000000
2026,source.mof_2026_tavi6_planned_docx,C:\Users\Mylaptop\Downloads\2026 ბიუჯეტი - თავი VI.DOCX,DOCX table 1,256,,,,,,,,,,False,False,არაფინანსური აქტივების ზრდა,198.6,0.0,0.0,0.0,0.0,0.0,False,0
2026,source.mof_2026_tavi6_planned_docx,C:\Users\Mylaptop\Downloads\2026 ბიუჯეტი - თავი VI.DOCX,DOCX table 1,257,,,,,,,,,,False,False,ფინანსური აქტივების ზრდა,0.0,0.0,15000.0,15000.0,0.0,0.0,False,15000000
2026,source.mof_2026_tavi6_planned_docx,C:\Users\Mylaptop\Downloads\2026 ბიუჯეტი - თავი VI.DOCX,DOCX table 1,258,24 08,24 00,2,24 00,საქართველოს ეკონომიკისა და მდგრადი განვითარების სამინისტრო,24 08,საქართველოში ინოვაციებისა და ტექნოლოგიების განვითარება,,,False,True,საქართველოში ინოვაციებისა და ტექნოლოგიების განვითარება,97805.7,101850.0,156400.0,56400.0,0.0,100000.0,True,156400000
2026,source.mof_2026_tavi6_planned_docx,C:\Users\Mylaptop\Downloads\2026 ბიუჯეტი - თავი VI.DOCX,DOCX table 1,259,,,,,,,,,,False,False,მომუშავეთა რიცხოვნობა,35.0,35.0,45.0,45.0,0.0,0.0,False,45000
2026,source.mof_2026_tavi6_planned_docx,C:\Users\Mylaptop\Downloads\2026 ბიუჯეტი - თავი VI.DOCX,DOCX table 1,260,,,,,,,,,,False,False,ხარჯები,45130.6,35100.0,53950.0,52950.0,0.0,1000.0,False,53950000
2026,source.mof_2026_tavi6_planned_docx,C:\Users\Mylaptop\Downloads\2026 ბიუჯეტი - თავი VI.DOCX,DOCX table 1,261,,,,,,,,,,False,False,შრომის ანაზღაურება,1434.6,2019.0,2208.0,2208.0,0.0,0.0,False,2208000
2026,source.mof_2026_tavi6_planned_docx,C:\Users\Mylaptop\Downloads\2026 ბიუჯეტი - თავი VI.DOCX,DOCX table 1,262,,,,,,,,,,False,False,არაფინანსური აქტივების ზრდა,49399.0,64300.0,100000.0,1000.0,0.0,99000.0,False,100000000
2026,source.mof_2026_tavi6_planned_docx,C:\Users\Mylaptop\Downloads\2026 ბიუჯეტი - თავი VI.DOCX,DOCX table 1,263,,,,,,,,,,False,False,ფინანსური აქტივების ზრდა,3276.1,2450.0,2450.0,2450.0,0.0,0.0,False,2450000
2026,source.mof_2026_tavi6_planned_docx,C:\Users\Mylaptop\Downloads\2026 ბიუჯეტი - თავი VI.DOCX,DOCX table 1,264,24 09,24 00,2,24 00,საქართველოს ეკონომიკისა და მდგრადი განვითარების სამინისტრო,24 09,ნავთობისა და გაზის სექტორის რეგულირება და მართვა,,,False,True,ნავთობისა და გაზის სექტორის რეგულირება და მართვა,833.8,1200.0,1400.0,1400.0,0.0,0.0,True,1400000
2026,source.mof_2026_tavi6_planned_docx,C:\Users\Mylaptop\Downloads\2026 ბიუჯეტი - თავი VI.DOCX,DOCX table 1,265,,,,,,,,,,False,False,მომუშავეთა რიცხოვნობა,29.0,29.0,29.0,29.0,0.0,0.0,False,29000
2026,source.mof_2026_tavi6_planned_docx,C:\Users\Mylaptop\Downloads\2026 ბიუჯეტი - თავი VI.DOCX,DOCX table 1,266,,,,,,,,,,False,False,ხარჯები,833.8,1135.0,1365.0,1365.0,0.0,0.0,False,1365000
2026,source.mof_2026_tavi6_planned_docx,C:\Users\Mylaptop\Downloads\2026 ბიუჯეტი - თავი VI.DOCX,DOCX table 1,267,,,,,,,,,,False,False,შრომის ანაზღაურება,749.1,764.0,858.0,858.0,0.0,0.0,False,858000
2026,source.mof_2026_tavi6_planned_docx,C:\Users\Mylaptop\Downloads\2026 ბიუჯეტი - თავი VI.DOCX,DOCX table 1,268,,,,,,,,,,False,False,არაფინანსური აქტივების ზრდა,0.0,65.0,35.0,35.0,0.0,0.0,False,35000
2026,source.mof_2026_tavi6_planned_docx,C:\Users\Mylaptop\Downloads\2026 ბიუჯეტი - თავი VI.DOCX,DOCX table 1,269,24 10,24 00,2,24 00,საქართველოს ეკონომიკისა და მდგრადი განვითარების სამინისტრო,24 10,ტრანსპორტის სფეროში საერთაშორისო ხელშეკრულებებით ნაკისრი ვალდებულებების დაფარვა და ტრანსპორტირების ხარჯების სუბსიდირება,,,False,True,ტრანსპორტის სფეროში საერთაშორისო ხელშეკრულებებით ნაკისრი ვალდებულებების დაფარვა და ტრანსპორტირების ხარჯების სუბსიდირება,17390.9,20000.0,27000.0,27000.0,0.0,0.0,True,27000000
2026,source.mof_2026_tavi6_planned_docx,C:\Users\Mylaptop\Downloads\2026 ბიუჯეტი - თავი VI.DOCX,DOCX table 1,270,,,,,,,,,,False,False,ხარჯები,17390.9,20000.0,27000.0,27000.0,0.0,0.0,False,27000000
2026,source.mof_2026_tavi6_planned_docx,C:\Users\Mylaptop\Downloads\2026 ბიუჯეტი - თავი VI.DOCX,DOCX table 1,271,24 11,24 00,2,24 00,საქართველოს ეკონომიკისა და მდგრადი განვითარების სამინისტრო,24 11,ყაზბეგის მუნიციპალიტეტისა და დუშეთის მუნიციპალიტეტის მაღალმთიანი სოფლების მოსახლეობისათვის მიწოდებული ბუნებრივი აირის ღირებულების ანაზღაურების ღონისძიება,,,False,True,ყაზბეგის მუნიციპალიტეტისა და დუშეთის მუნიციპალიტეტის მაღალმთიანი სოფლების მოსახლეობისათვის მიწოდებული ბუნებრივი აირის ღირებულების ანაზღაურების ღონისძიება,12176.8,12000.0,14000.0,14000.0,0.0,0.0,True,14000000
2026,source.mof_2026_tavi6_planned_docx,C:\Users\Mylaptop\Downloads\2026 ბიუჯეტი - თავი VI.DOCX,DOCX table 1,272,,,,,,,,,,False,False,ხარჯები,12176.8,12000.0,14000.0,14000.0,0.0,0.0,False,14000000
2026,source.mof_2026_tavi6_planned_docx,C:\Users\Mylaptop\Downloads\2026 ბიუჯეტი - თავი VI.DOCX,DOCX table 1,273,24 12,24 00,2,24 00,საქართველოს ეკონომიკისა და მდგრადი განვითარების სამინისტრო,24 12,სივრცითი და ქალაქთმშენებლობითი განვითარება,,,False,True,სივრცითი და ქალაქთმშენებლობითი განვითარება,6203.6,13650.0,15100.0,10600.0,0.0,4500.0,False,15100000
2026,source.mof_2026_tavi6_planned_docx,C:\Users\Mylaptop\Downloads\2026 ბიუჯეტი - თავი VI.DOCX,DOCX table 1,274,,,,,,,,,,False,False,მომუშავეთა რიცხოვნობა,33.0,33.0,43.0,43.0,0.0,0.0,False,43000
2026,source.mof_2026_tavi6_planned_docx,C:\Users\Mylaptop\Downloads\2026 ბიუჯეტი - თავი VI.DOCX,DOCX table 1,275,,,,,,,,,,False,False,ხარჯები,6021.2,12197.0,14690.0,10270.0,0.0,4420.0,False,14690000
2026,source.mof_2026_tavi6_planned_docx,C:\Users\Mylaptop\Downloads\2026 ბიუჯეტი - თავი VI.DOCX,DOCX table 1,276,,,,,,,,,,False,False,შრომის ანაზღაურება,999.9,1500.0,2380.0,2380.0,0.0,0.0,False,2380000
2026,source.mof_2026_tavi6_planned_docx,C:\Users\Mylaptop\Downloads\2026 ბიუჯეტი - თავი VI.DOCX,DOCX table 1,277,,,,,,,,,,False,False,არაფინანსური აქტივების ზრდა,182.3,1453.0,410.0,330.0,0.0,80.0,False,410000
2026,source.mof_2026_tavi6_planned_docx,C:\Users\Mylaptop\Downloads\2026 ბიუჯეტი - თავი VI.DOCX,DOCX table 1,278,24 12 01,24 12,3,24 00,საქართველოს ეკონომიკისა და მდგრადი განვითარების სამინისტრო,24 12,სივრცითი და ქალაქთმშენებლობითი განვითარება,24 12 01,სივრცითი და ქალაქთმშენებლობითი განვითარების ხელშეწყობა,False,True,სივრცითი და ქალაქთმშენებლობითი განვითარების ხელშეწყობა,5872.2,9500.0,9600.0,9600.0,0.0,0.0,True,9600000
2026,source.mof_2026_tavi6_planned_docx,C:\Users\Mylaptop\Downloads\2026 ბიუჯეტი - თავი VI.DOCX,DOCX table 1,279,,,,,,,,,,False,False,მომუშავეთა რიცხოვნობა,33.0,33.0,43.0,43.0,0.0,0.0,False,43000
2026,source.mof_2026_tavi6_planned_docx,C:\Users\Mylaptop\Downloads\2026 ბიუჯეტი - თავი VI.DOCX,DOCX table 1,280,,,,,,,,,,False,False,ხარჯები,5689.9,8960.0,9280.0,9280.0,0.0,0.0,False,9280000
2026,source.mof_2026_tavi6_planned_docx,C:\Users\Mylaptop\Downloads\2026 ბიუჯეტი - თავი VI.DOCX,DOCX table 1,281,,,,,,,,,,False,False,შრომის ანაზღაურება,999.9,1500.0,2380.0,2380.0,0.0,0.0,False,2380000
2026,source.mof_2026_tavi6_planned_docx,C:\Users\Mylaptop\Downloads\2026 ბიუჯეტი - თავი VI.DOCX,DOCX table 1,282,,,,,,,,,,False,False,არაფინანსური აქტივების ზრდა,182.3,540.0,320.0,320.0,0.0,0.0,False,320000
2026,source.mof_2026_tavi6_planned_docx,C:\Users\Mylaptop\Downloads\2026 ბიუჯეტი - თავი VI.DOCX,DOCX table 1,283,24 12 02,24 12,3,24 00,საქართველოს ეკონომიკისა და მდგრადი განვითარების სამინისტრო,24 12,სივრცითი და ქალაქთმშენებლობითი განვითარება,24 12 02,საცხოვრებლად ვარგისი ქალაქების საინვესტიციო პროგრამა − სივრცითი და ქალაქთმშენებლობითი განვითარების სააგენტოს კომპონენტი (ADB),False,True,საცხოვრებლად ვარგისი ქალაქების საინვესტიციო პროგრამა − სივრცითი და ქალაქთმშენებლობითი განვითარების სააგენტოს კომპონენტი (ADB),331.3,4150.0,5500.0,1000.0,0.0,4500.0,True,5500000
2026,source.mof_2026_tavi6_planned_docx,C:\Users\Mylaptop\Downloads\2026 ბიუჯეტი - თავი VI.DOCX,DOCX table 1,284,,,,,,,,,,False,False,ხარჯები,331.3,3237.0,5410.0,990.0,0.0,4420.0,False,5410000
2026,source.mof_2026_tavi6_planned_docx,C:\Users\Mylaptop\Downloads\2026 ბიუჯეტი - თავი VI.DOCX,DOCX table 1,285,,,,,,,,,,False,False,არაფინანსური აქტივების ზრდა,0.0,913.0,90.0,10.0,0.0,80.0,False,90000
2026,source.mof_2026_tavi6_planned_docx,C:\Users\Mylaptop\Downloads\2026 ბიუჯეტი - თავი VI.DOCX,DOCX table 1,286,24 13,24 00,2,24 00,საქართველოს ეკონომიკისა და მდგრადი განვითარების სამინისტრო,24 13,ტექნიკური დახმარების პროექტი საქართველოს ენერგეტიკის სექტორის რეფორმის პროგრამის (GESRP) მხარდასაჭერად (EU-NIF),,,False,True,ტექნიკური დახმარების პროექტი საქართველოს ენერგეტიკის სექტორის რეფორმის პროგრამის (GESRP) მხარდასაჭერად (EU-NIF),4144.9,2534.0,3000.0,0.0,3000.0,0.0,True,3000000
2026,source.mof_2026_tavi6_planned_docx,C:\Users\Mylaptop\Downloads\2026 ბიუჯეტი - თავი VI.DOCX,DOCX table 1,287,,,,,,,,,,False,False,ხარჯები,4144.9,2534.0,3000.0,0.0,3000.0,0.0,False,3000000
2026,source.mof_2026_tavi6_planned_docx,C:\Users\Mylaptop\Downloads\2026 ბიუჯეტი - თავი VI.DOCX,DOCX table 1,288,24 14,24 00,2,24 00,საქართველოს ეკონომიკისა და მდგრადი განვითარების სამინისტრო,24 14,სასისტემო მნიშვნელობის ელექტროგადამცემი ქსელის განვითარება,,,False,True,სასისტემო მნიშვნელობის ელექტროგადამცემი ქსელის განვითარება,102324.3,149000.0,222000.0,21800.0,1200.0,199000.0,False,222000000
2026,source.mof_2026_tavi6_planned_docx,C:\Users\Mylaptop\Downloads\2026 ბიუჯეტი - თავი VI.DOCX,DOCX table 1,289,,,,,,,,,,False,False,ხარჯები,20274.3,42300.0,48000.0,21800.0,1200.0,25000.0,False,48000000
2026,source.mof_2026_tavi6_planned_docx,C:\Users\Mylaptop\Downloads\2026 ბიუჯეტი - თავი VI.DOCX,DOCX table 1,290,,,,,,,,,,False,False,ფინანსური აქტივების ზრდა,82050.0,106700.0,174000.0,0.0,0.0,174000.0,False,174000000
2026,source.mof_2026_tavi6_planned_docx,C:\Users\Mylaptop\Downloads\2026 ბიუჯეტი - თავი VI.DOCX,DOCX table 1,291,24 14 01,24 14,3,24 00,საქართველოს ეკონომიკისა და მდგრადი განვითარების სამინისტრო,24 14,სასისტემო მნიშვნელობის ელექტროგადამცემი ქსელის განვითარება,24 14 01,რეგიონალური ელექტროგადაცემის გაუმჯობესების პროექტი,False,True,რეგიონალური ელექტროგადაცემის გაუმჯობესების პროექტი,83719.3,124000.0,197000.0,21800.0,1200.0,174000.0,False,197000000
2026,source.mof_2026_tavi6_planned_docx,C:\Users\Mylaptop\Downloads\2026 ბიუჯეტი - თავი VI.DOCX,DOCX table 1,292,,,,,,,,,,False,False,ხარჯები,20274.3,17300.0,23000.0,21800.0,1200.0,0.0,False,23000000
2026,source.mof_2026_tavi6_planned_docx,C:\Users\Mylaptop\Downloads\2026 ბიუჯეტი - თავი VI.DOCX,DOCX table 1,293,,,,,,,,,,False,False,ფინანსური აქტივების ზრდა,63445.0,106700.0,174000.0,0.0,0.0,174000.0,False,174000000
2026,source.mof_2026_tavi6_planned_docx,C:\Users\Mylaptop\Downloads\2026 ბიუჯეტი - თავი VI.DOCX,DOCX table 1,294,24 14 01 01,24 14 01,4,24 00,საქართველოს ეკონომიკისა და მდგრადი განვითარების სამინისტრო,24 14,სასისტემო მნიშვნელობის ელექტროგადამცემი ქსელის განვითარება,24 14 01,რეგიონალური ელექტროგადაცემის გაუმჯობესების პროექტი,False,True,"500 კვ ეგხ „წყალტუბო-ახალციხე-თორთუმი“ (EU-NIF, KfW)",21403.3,18000.0,45000.0,4600.0,400.0,40000.0,True,45000000
2026,source.mof_2026_tavi6_planned_docx,C:\Users\Mylaptop\Downloads\2026 ბიუჯეტი - თავი VI.DOCX,DOCX table 1,295,,,,,,,,,,False,False,ხარჯები,4255.9,3400.0,5000.0,4600.0,400.0,0.0,False,5000000
2026,source.mof_2026_tavi6_planned_docx,C:\Users\Mylaptop\Downloads\2026 ბიუჯეტი - თავი VI.DOCX,DOCX table 1,296,,,,,,,,,,False,False,ფინანსური აქტივების ზრდა,17147.4,14600.0,40000.0,0.0,0.0,40000.0,False,40000000
2026,source.mof_2026_tavi6_planned_docx,C:\Users\Mylaptop\Downloads\2026 ბიუჯეტი - თავი VI.DOCX,DOCX table 1,297,24 14 01 02,24 14 01,4,24 00,საქართველოს ეკონომიკისა და მდგრადი განვითარების სამინისტრო,24 14,სასისტემო მნიშვნელობის ელექტროგადამცემი ქსელის განვითარება,24 14 01,რეგიონალური ელექტროგადაცემის გაუმჯობესების პროექტი,False,True,"„ჩრდილოეთის რგოლი“ (EBRD), „ნამახვანი- წყალტუბო-ლაჯანური“ (EU-NIF, EBRD, KfW)",5544.3,20000.0,45000.0,5000.0,0.0,40000.0,True,45000000
2026,source.mof_2026_tavi6_planned_docx,C:\Users\Mylaptop\Downloads\2026 ბიუჯეტი - თავი VI.DOCX,DOCX table 1,298,,,,,,,,,,False,False,ხარჯები,3879.5,3500.0,5000.0,5000.0,0.0,0.0,False,5000000
2026,source.mof_2026_tavi6_planned_docx,C:\Users\Mylaptop\Downloads\2026 ბიუჯეტი - თავი VI.DOCX,DOCX table 1,299,,,,,,,,,,False,False,ფინანსური აქტივების ზრდა,1664.8,16500.0,40000.0,0.0,0.0,40000.0,False,40000000
2026,source.mof_2026_tavi6_planned_docx,C:\Users\Mylaptop\Downloads\2026 ბიუჯეტი - თავი VI.DOCX,DOCX table 1,300,24 14 01 03,24 14 01,4,24 00,საქართველოს ეკონომიკისა და მდგრადი განვითარების სამინისტრო,24 14,სასისტემო მნიშვნელობის ელექტროგადამცემი ქსელის განვითარება,24 14 01,რეგიონალური ელექტროგადაცემის გაუმჯობესების პროექტი,False,True,500 კვ ეგხ „ჯვარი-წყალტუბო“ (WB),28496.4,22000.0,27500.0,2500.0,0.0,25000.0,True,27500000
2026,source.mof_2026_tavi6_planned_docx,C:\Users\Mylaptop\Downloads\2026 ბიუჯეტი - თავი VI.DOCX,DOCX table 1,301,,,,,,,,,,False,False,ხარჯები,4000.0,1400.0,2500.0,2500.0,0.0,0.0,False,2500000
2026,source.mof_2026_tavi6_planned_docx,C:\Users\Mylaptop\Downloads\2026 ბიუჯეტი - თავი VI.DOCX,DOCX table 1,302,,,,,,,,,,False,False,ფინანსური აქტივების ზრდა,24496.4,20600.0,25000.0,0.0,0.0,25000.0,False,25000000
2026,source.mof_2026_tavi6_planned_docx,C:\Users\Mylaptop\Downloads\2026 ბიუჯეტი - თავი VI.DOCX,DOCX table 1,303,24 14 01 04,24 14 01,4,24 00,საქართველოს ეკონომიკისა და მდგრადი განვითარების სამინისტრო,24 14,სასისტემო მნიშვნელობის ელექტროგადამცემი ქსელის განვითარება,24 14 01,რეგიონალური ელექტროგადაცემის გაუმჯობესების პროექტი,False,True,"გურიის ელგადაცემის ხაზების ინფრასტრუქტურის გაძლიერება (EU-NIF, KfW)",17689.6,24000.0,4500.0,200.0,300.0,4000.0,True,4500000
2026,source.mof_2026_tavi6_planned_docx,C:\Users\Mylaptop\Downloads\2026 ბიუჯეტი - თავი VI.DOCX,DOCX table 1,304,,,,,,,,,,False,False,ხარჯები,4074.5,3000.0,500.0,200.0,300.0,0.0,False,500000
2026,source.mof_2026_tavi6_planned_docx,C:\Users\Mylaptop\Downloads\2026 ბიუჯეტი - თავი VI.DOCX,DOCX table 1,305,,,,,,,,,,False,False,ფინანსური აქტივების ზრდა,13615.1,21000.0,4000.0,0.0,0.0,4000.0,False,4000000
2026,source.mof_2026_tavi6_planned_docx,C:\Users\Mylaptop\Downloads\2026 ბიუჯეტი - თავი VI.DOCX,DOCX table 1,306,24 14 01 05,24 14 01,4,24 00,საქართველოს ეკონომიკისა და მდგრადი განვითარების სამინისტრო,24 14,სასისტემო მნიშვნელობის ელექტროგადამცემი ქსელის განვითარება,24 14 01,რეგიონალური ელექტროგადაცემის გაუმჯობესების პროექტი,False,True,"კახეთის ინფრასტრუქტურის გაძლიერება (EU-NIF, KfW)",4693.9,20000.0,30000.0,4500.0,500.0,25000.0,True,30000000
2026,source.mof_2026_tavi6_planned_docx,C:\Users\Mylaptop\Downloads\2026 ბიუჯეტი - თავი VI.DOCX,DOCX table 1,307,,,,,,,,,,False,False,ხარჯები,1981.7,3000.0,5000.0,4500.0,500.0,0.0,False,5000000
2026,source.mof_2026_tavi6_planned_docx,C:\Users\Mylaptop\Downloads\2026 ბიუჯეტი - თავი VI.DOCX,DOCX table 1,308,,,,,,,,,,False,False,ფინანსური აქტივების ზრდა,2712.2,17000.0,25000.0,0.0,0.0,25000.0,False,25000000
2026,source.mof_2026_tavi6_planned_docx,C:\Users\Mylaptop\Downloads\2026 ბიუჯეტი - თავი VI.DOCX,DOCX table 1,309,24 14 01 06,24 14 01,4,24 00,საქართველოს ეკონომიკისა და მდგრადი განვითარების სამინისტრო,24 14,სასისტემო მნიშვნელობის ელექტროგადამცემი ქსელის განვითარება,24 14 01,რეგიონალური ელექტროგადაცემის გაუმჯობესების პროექტი,False,True,"„ხელედულა-ლაჯანური-ონი“ (EU-NIF, KfW)",5891.8,20000.0,45000.0,5000.0,0.0,40000.0,True,45000000
2026,source.mof_2026_tavi6_planned_docx,C:\Users\Mylaptop\Downloads\2026 ბიუჯეტი - თავი VI.DOCX,DOCX table 1,310,,,,,,,,,,False,False,ხარჯები,2082.6,3000.0,5000.0,5000.0,0.0,0.0,False,5000000
2026,source.mof_2026_tavi6_planned_docx,C:\Users\Mylaptop\Downloads\2026 ბიუჯეტი - თავი VI.DOCX,DOCX table 1,311,,,,,,,,,,False,False,ფინანსური აქტივების ზრდა,3809.2,17000.0,40000.0,0.0,0.0,40000.0,False,40000000
2026,source.mof_2026_tavi6_planned_docx,C:\Users\Mylaptop\Downloads\2026 ბიუჯეტი - თავი VI.DOCX,DOCX table 1,312,24 14 02,24 14,3,24 00,საქართველოს ეკონომიკისა და მდგრადი განვითარების სამინისტრო,24 14,სასისტემო მნიშვნელობის ელექტროგადამცემი ქსელის განვითარება,24 14 02,შავი ზღვის წყალქვეშა ელექტროგადამცემი ხაზის პროექტი (WB),False,True,შავი ზღვის წყალქვეშა ელექტროგადამცემი ხაზის პროექტი (WB),0.0,25000.0,25000.0,0.0,0.0,25000.0,True,25000000
2026,source.mof_2026_tavi6_planned_docx,C:\Users\Mylaptop\Downloads\2026 ბიუჯეტი - თავი VI.DOCX,DOCX table 1,313,,,,,,,,,,False,False,ხარჯები,0.0,25000.0,25000.0,0.0,0.0,25000.0,False,25000000
2026,source.mof_2026_tavi6_planned_docx,C:\Users\Mylaptop\Downloads\2026 ბიუჯეტი - თავი VI.DOCX,DOCX table 1,314,24 14 03,24 14,3,24 00,საქართველოს ეკონომიკისა და მდგრადი განვითარების სამინისტრო,24 14,სასისტემო მნიშვნელობის ელექტროგადამცემი ქსელის განვითარება,24 14 03,საქართველოს ელექტროგადამცემი ქსელის გაფართოების ღია პროგრამა,False,True,საქართველოს ელექტროგადამცემი ქსელის გაფართოების ღია პროგრამა,18605.0,0.0,0.0,0.0,0.0,0.0,True,0
2026,source.mof_2026_tavi6_planned_docx,C:\Users\Mylaptop\Downloads\2026 ბიუჯეტი - თავი VI.DOCX,DOCX table 1,315,,,,,,,,,,False,False,ფინანსური აქტივების ზრდა,18605.0,0.0,0.0,0.0,0.0,0.0,False,0
2026,source.mof_2026_tavi6_planned_docx,C:\Users\Mylaptop\Downloads\2026 ბიუჯეტი - თავი VI.DOCX,DOCX table 1,316,24 15,24 00,2,24 00,საქართველოს ეკონომიკისა და მდგრადი განვითარების სამინისტრო,24 15,საზღვაო პროფესიული განათლების ხელშეწყობა,,,False,True,საზღვაო პროფესიული განათლების ხელშეწყობა,1514.4,1400.0,1400.0,1400.0,0.0,0.0,True,1400000
2026,source.mof_2026_tavi6_planned_docx,C:\Users\Mylaptop\Downloads\2026 ბიუჯეტი - თავი VI.DOCX,DOCX table 1,317,,,,,,,,,,False,False,ხარჯები,1514.4,1400.0,1400.0,1400.0,0.0,0.0,False,1400000
2026,source.mof_2026_tavi6_planned_docx,C:\Users\Mylaptop\Downloads\2026 ბიუჯეტი - თავი VI.DOCX,DOCX table 1,318,24 16,24 00,2,24 00,საქართველოს ეკონომიკისა და მდგრადი განვითარების სამინისტრო,24 16,ანაკლიის ღრმაწყლოვანი პორტის განვითარება,,,False,True,ანაკლიის ღრმაწყლოვანი პორტის განვითარება,52699.9,154000.0,53200.0,53200.0,0.0,0.0,True,53200000
2026,source.mof_2026_tavi6_planned_docx,C:\Users\Mylaptop\Downloads\2026 ბიუჯეტი - თავი VI.DOCX,DOCX table 1,319,,,,,,,,,,False,False,მომუშავეთა რიცხოვნობა,8.0,8.0,8.0,8.0,0.0,0.0,False,8000
2026,source.mof_2026_tavi6_planned_docx,C:\Users\Mylaptop\Downloads\2026 ბიუჯეტი - თავი VI.DOCX,DOCX table 1,320,,,,,,,,,,False,False,ხარჯები,52698.6,153992.0,53192.0,53192.0,0.0,0.0,False,53192000
2026,source.mof_2026_tavi6_planned_docx,C:\Users\Mylaptop\Downloads\2026 ბიუჯეტი - თავი VI.DOCX,DOCX table 1,321,,,,,,,,,,False,False,შრომის ანაზღაურება,252.9,399.0,434.0,434.0,0.0,0.0,False,434000
2026,source.mof_2026_tavi6_planned_docx,C:\Users\Mylaptop\Downloads\2026 ბიუჯეტი - თავი VI.DOCX,DOCX table 1,322,,,,,,,,,,False,False,არაფინანსური აქტივების ზრდა,1.3,8.0,8.0,8.0,0.0,0.0,False,8000
2026,source.mof_2026_tavi6_planned_docx,C:\Users\Mylaptop\Downloads\2026 ბიუჯეტი - თავი VI.DOCX,DOCX table 1,323,24 17,24 00,2,24 00,საქართველოს ეკონომიკისა და მდგრადი განვითარების სამინისტრო,24 17,ორმხრივი ხელშეკრულებების ფარგლებში აღიარებული ვალდებულებების დაფარვასთან დაკავშირებული ღონისძიებები,,,False,True,ორმხრივი ხელშეკრულებების ფარგლებში აღიარებული ვალდებულებების დაფარვასთან დაკავშირებული ღონისძიებები,5647.6,3800.0,4700.0,4700.0,0.0,0.0,True,4700000
2026,source.mof_2026_tavi6_planned_docx,C:\Users\Mylaptop\Downloads\2026 ბიუჯეტი - თავი VI.DOCX,DOCX table 1,324,,,,,,,,,,False,False,ვალდებულებების კლება,5647.6,3800.0,4700.0,4700.0,0.0,0.0,False,4700000
2026,source.mof_2026_tavi6_planned_docx,C:\Users\Mylaptop\Downloads\2026 ბიუჯეტი - თავი VI.DOCX,DOCX table 1,325,24 18,24 00,2,24 00,საქართველოს ეკონომიკისა და მდგრადი განვითარების სამინისტრო,24 18,"ვარდნილისა და ენგურის ჰიდროელექტროსადგურების რეაბილიტაციის პროექტი (EU, EBRD, EIB)",,,False,True,"ვარდნილისა და ენგურის ჰიდროელექტროსადგურების რეაბილიტაციის პროექტი (EU, EBRD, EIB)",2103.1,16000.0,35000.0,0.0,5000.0,30000.0,True,35000000
2026,source.mof_2026_tavi6_planned_docx,C:\Users\Mylaptop\Downloads\2026 ბიუჯეტი - თავი VI.DOCX,DOCX table 1,326,,,,,,,,,,False,False,ხარჯები,890.1,0.0,5000.0,0.0,5000.0,0.0,False,5000000
2026,source.mof_2026_tavi6_planned_docx,C:\Users\Mylaptop\Downloads\2026 ბიუჯეტი - თავი VI.DOCX,DOCX table 1,327,,,,,,,,,,False,False,ფინანსური აქტივების ზრდა,1213.0,16000.0,30000.0,0.0,0.0,30000.0,False,30000000
2026,source.mof_2026_tavi6_planned_docx,C:\Users\Mylaptop\Downloads\2026 ბიუჯეტი - თავი VI.DOCX,DOCX table 1,328,24 19,24 00,2,24 00,საქართველოს ეკონომიკისა და მდგრადი განვითარების სამინისტრო,24 19,"სარკინიგზო ტრანსპორტის რეგულირება, მართვა და განვითარება",,,False,True,"სარკინიგზო ტრანსპორტის რეგულირება, მართვა და განვითარება",1336.8,1500.0,1500.0,1500.0,0.0,0.0,True,1500000
2026,source.mof_2026_tavi6_planned_docx,C:\Users\Mylaptop\Downloads\2026 ბიუჯეტი - თავი VI.DOCX,DOCX table 1,329,,,,,,,,,,False,False,მომუშავეთა რიცხოვნობა,28.0,28.0,28.0,28.0,0.0,0.0,False,28000
2026,source.mof_2026_tavi6_planned_docx,C:\Users\Mylaptop\Downloads\2026 ბიუჯეტი - თავი VI.DOCX,DOCX table 1,330,,,,,,,,,,False,False,ხარჯები,1336.8,1480.0,1495.0,1495.0,0.0,0.0,False,1495000
2026,source.mof_2026_tavi6_planned_docx,C:\Users\Mylaptop\Downloads\2026 ბიუჯეტი - თავი VI.DOCX,DOCX table 1,331,,,,,,,,,,False,False,შრომის ანაზღაურება,832.6,1000.0,1197.0,1197.0,0.0,0.0,False,1197000
2026,source.mof_2026_tavi6_planned_docx,C:\Users\Mylaptop\Downloads\2026 ბიუჯეტი - თავი VI.DOCX,DOCX table 1,332,,,,,,,,,,False,False,არაფინანსური აქტივების ზრდა,0.0,20.0,5.0,5.0,0.0,0.0,False,5000
2026,source.mof_2026_tavi6_planned_docx,C:\Users\Mylaptop\Downloads\2026 ბიუჯეტი - თავი VI.DOCX,DOCX table 1,333,24 20,24 00,2,24 00,საქართველოს ეკონომიკისა და მდგრადი განვითარების სამინისტრო,24 20,ენერგიის დამაგროვებელი მოწყობილობის პროექტი (ADB),,,False,True,ენერგიის დამაგროვებელი მოწყობილობის პროექტი (ADB),0.0,5000.0,35000.0,0.0,0.0,35000.0,True,35000000
2026,source.mof_2026_tavi6_planned_docx,C:\Users\Mylaptop\Downloads\2026 ბიუჯეტი - თავი VI.DOCX,DOCX table 1,334,,,,,,,,,,False,False,არაფინანსური აქტივების ზრდა,0.0,5000.0,35000.0,0.0,0.0,35000.0,False,35000000
2026,source.mof_2026_tavi6_planned_docx,C:\Users\Mylaptop\Downloads\2026 ბიუჯეტი - თავი VI.DOCX,DOCX table 1,335,24 21,24 00,2,24 00,საქართველოს ეკონომიკისა და მდგრადი განვითარების სამინისტრო,24 21,მოსახლეობის ელექტროენერგიითა და ბუნებრივი აირით მომარაგების გაუმჯობესება,,,False,True,მოსახლეობის ელექტროენერგიითა და ბუნებრივი აირით მომარაგების გაუმჯობესება,53145.0,3700.0,0.0,0.0,0.0,0.0,True,0
2026,source.mof_2026_tavi6_planned_docx,C:\Users\Mylaptop\Downloads\2026 ბიუჯეტი - თავი VI.DOCX,DOCX table 1,336,,,,,,,,,,False,False,ხარჯები,53145.0,3700.0,0.0,0.0,0.0,0.0,False,0
2026,source.mof_2026_tavi6_planned_docx,C:\Users\Mylaptop\Downloads\2026 ბიუჯეტი - თავი VI.DOCX,DOCX table 1,337,24 22,24 00,2,24 00,საქართველოს ეკონომიკისა და მდგრადი განვითარების სამინისტრო,24 22,კურორტების განვითარების ხელშეწყობა,,,False,True,კურორტების განვითარების ხელშეწყობა,2761.1,6000.0,0.0,0.0,0.0,0.0,True,0
2026,source.mof_2026_tavi6_planned_docx,C:\Users\Mylaptop\Downloads\2026 ბიუჯეტი - თავი VI.DOCX,DOCX table 1,338,,,,,,,,,,False,False,მომუშავეთა რიცხოვნობა,12.0,12.0,0.0,0.0,0.0,0.0,False,0
2026,source.mof_2026_tavi6_planned_docx,C:\Users\Mylaptop\Downloads\2026 ბიუჯეტი - თავი VI.DOCX,DOCX table 1,339,,,,,,,,,,False,False,ხარჯები,2744.7,5970.0,0.0,0.0,0.0,0.0,False,0
2026,source.mof_2026_tavi6_planned_docx,C:\Users\Mylaptop\Downloads\2026 ბიუჯეტი - თავი VI.DOCX,DOCX table 1,340,,,,,,,,,,False,False,შრომის ანაზღაურება,802.7,881.0,0.0,0.0,0.0,0.0,False,0
2026,source.mof_2026_tavi6_planned_docx,C:\Users\Mylaptop\Downloads\2026 ბიუჯეტი - თავი VI.DOCX,DOCX table 1,341,,,,,,,,,,False,False,არაფინანსური აქტივების ზრდა,16.4,30.0,0.0,0.0,0.0,0.0,False,0
2026,source.mof_2026_tavi6_planned_docx,C:\Users\Mylaptop\Downloads\2026 ბიუჯეტი - თავი VI.DOCX,DOCX table 1,342,24 23,24 00,2,24 00,საქართველოს ეკონომიკისა და მდგრადი განვითარების სამინისტრო,24 23,საქართველოს მწვანე მიმართულებაზე გადასვლის ხელშეწყობა (KfW),,,False,True,საქართველოს მწვანე მიმართულებაზე გადასვლის ხელშეწყობა (KfW),0.0,1825.0,0.0,0.0,0.0,0.0,True,0
2026,source.mof_2026_tavi6_planned_docx,C:\Users\Mylaptop\Downloads\2026 ბიუჯეტი - თავი VI.DOCX,DOCX table 1,343,,,,,,,,,,False,False,ხარჯები,0.0,1825.0,0.0,0.0,0.0,0.0,False,0
2026,source.mof_2026_tavi6_planned_docx,C:\Users\Mylaptop\Downloads\2026 ბიუჯეტი - თავი VI.DOCX,DOCX table 1,344,24 24,24 00,2,24 00,საქართველოს ეკონომიკისა და მდგრადი განვითარების სამინისტრო,24 24,"საზღვაო ტრანსპორტის რეგულირება, მართვა და განვითარება",,,False,True,"საზღვაო ტრანსპორტის რეგულირება, მართვა და განვითარება",101.2,0.0,0.0,0.0,0.0,0.0,True,0
2026,source.mof_2026_tavi6_planned_docx,C:\Users\Mylaptop\Downloads\2026 ბიუჯეტი - თავი VI.DOCX,DOCX table 1,345,,,,,,,,,,False,False,ხარჯები,101.2,0.0,0.0,0.0,0.0,0.0,False,0
2026,source.mof_2026_tavi6_planned_docx,C:\Users\Mylaptop\Downloads\2026 ბიუჯეტი - თავი VI.DOCX,DOCX table 1,346,,,,,,,,,,False,False,შრომის ანაზღაურება,18.5,0.0,0.0,0.0,0.0,0.0,False,0
2026,source.mof_2026_tavi6_planned_docx,C:\Users\Mylaptop\Downloads\2026 ბიუჯეტი - თავი VI.DOCX,DOCX table 1,347,25 00,00 00,1,25 00,საქართველოს ინფრასტრუქტურის სამინისტრო,,,,,False,True,საქართველოს ინფრასტრუქტურის სამინისტრო,3901639.8,3125000.0,3113650.0,2641150.0,31750.0,440750.0,False,3113650000
2026,source.mof_2026_tavi6_planned_docx,C:\Users\Mylaptop\Downloads\2026 ბიუჯეტი - თავი VI.DOCX,DOCX table 1,348,,,,,,,,,,False,False,მომუშავეთა რიცხოვნობა,306.0,306.0,336.0,336.0,0.0,0.0,False,336000
2026,source.mof_2026_tavi6_planned_docx,C:\Users\Mylaptop\Downloads\2026 ბიუჯეტი - თავი VI.DOCX,DOCX table 1,349,,,,,,,,,,False,False,ხარჯები,1095513.5,616950.0,425070.0,413020.0,6450.0,5600.0,False,425070000
2026,source.mof_2026_tavi6_planned_docx,C:\Users\Mylaptop\Downloads\2026 ბიუჯეტი - თავი VI.DOCX,DOCX table 1,350,,,,,,,,,,False,False,შრომის ანაზღაურება,13394.2,15930.0,20050.0,20050.0,0.0,0.0,False,20050000
2026,source.mof_2026_tavi6_planned_docx,C:\Users\Mylaptop\Downloads\2026 ბიუჯეტი - თავი VI.DOCX,DOCX table 1,351,,,,,,,,,,False,False,არაფინანსური აქტივების ზრდა,2688440.0,2331800.0,2530380.0,2228130.0,25300.0,276950.0,False,2530380000
2026,source.mof_2026_tavi6_planned_docx,C:\Users\Mylaptop\Downloads\2026 ბიუჯეტი - თავი VI.DOCX,DOCX table 1,352,,,,,,,,,,False,False,ფინანსური აქტივების ზრდა,117686.3,176250.0,158200.0,0.0,0.0,158200.0,False,158200000
2026,source.mof_2026_tavi6_planned_docx,C:\Users\Mylaptop\Downloads\2026 ბიუჯეტი - თავი VI.DOCX,DOCX table 1,353,25 01,25 00,2,25 00,საქართველოს ინფრასტრუქტურის სამინისტრო,25 01,ინფრასტრუქტურის განვითარება და მართვა,,,False,True,ინფრასტრუქტურის განვითარება და მართვა,9107.2,10400.0,10600.0,10600.0,0.0,0.0,True,10600000
2026,source.mof_2026_tavi6_planned_docx,C:\Users\Mylaptop\Downloads\2026 ბიუჯეტი - თავი VI.DOCX,DOCX table 1,354,,,,,,,,,,False,False,მომუშავეთა რიცხოვნობა,121.0,121.0,95.0,95.0,0.0,0.0,False,95000
2026,source.mof_2026_tavi6_planned_docx,C:\Users\Mylaptop\Downloads\2026 ბიუჯეტი - თავი VI.DOCX,DOCX table 1,355,,,,,,,,,,False,False,ხარჯები,8569.8,10250.0,10400.0,10400.0,0.0,0.0,False,10400000
2026,source.mof_2026_tavi6_planned_docx,C:\Users\Mylaptop\Downloads\2026 ბიუჯეტი - თავი VI.DOCX,DOCX table 1,356,,,,,,,,,,False,False,შრომის ანაზღაურება,4961.8,6600.0,6150.0,6150.0,0.0,0.0,False,6150000
2026,source.mof_2026_tavi6_planned_docx,C:\Users\Mylaptop\Downloads\2026 ბიუჯეტი - თავი VI.DOCX,DOCX table 1,357,,,,,,,,,,False,False,არაფინანსური აქტივების ზრდა,537.4,150.0,200.0,200.0,0.0,0.0,False,200000
2026,source.mof_2026_tavi6_planned_docx,C:\Users\Mylaptop\Downloads\2026 ბიუჯეტი - თავი VI.DOCX,DOCX table 1,358,25 02,25 00,2,25 00,საქართველოს ინფრასტრუქტურის სამინისტრო,25 02,საგზაო ინფრასტრუქტურის გაუმჯობესების ღონისძიებები,,,False,True,საგზაო ინფრასტრუქტურის გაუმჯობესების ღონისძიებები,2159975.3,1592600.0,1538800.0,1286200.0,15000.0,237600.0,False,1538800000
2026,source.mof_2026_tavi6_planned_docx,C:\Users\Mylaptop\Downloads\2026 ბიუჯეტი - თავი VI.DOCX,DOCX table 1,359,,,,,,,,,,False,False,მომუშავეთა რიცხოვნობა,185.0,185.0,241.0,241.0,0.0,0.0,False,241000
2026,source.mof_2026_tavi6_planned_docx,C:\Users\Mylaptop\Downloads\2026 ბიუჯეტი - თავი VI.DOCX,DOCX table 1,360,,,,,,,,,,False,False,ხარჯები,286744.9,195750.0,261670.0,257870.0,0.0,3800.0,False,261670000
2026,source.mof_2026_tavi6_planned_docx,C:\Users\Mylaptop\Downloads\2026 ბიუჯეტი - თავი VI.DOCX,DOCX table 1,361,,,,,,,,,,False,False,შრომის ანაზღაურება,8432.4,9330.0,13900.0,13900.0,0.0,0.0,False,13900000
2026,source.mof_2026_tavi6_planned_docx,C:\Users\Mylaptop\Downloads\2026 ბიუჯეტი - თავი VI.DOCX,DOCX table 1,362,,,,,,,,,,False,False,არაფინანსური აქტივების ზრდა,1873230.4,1396850.0,1277130.0,1028330.0,15000.0,233800.0,False,1277130000
2026,source.mof_2026_tavi6_planned_docx,C:\Users\Mylaptop\Downloads\2026 ბიუჯეტი - თავი VI.DOCX,DOCX table 1,363,25 02 01,25 02,3,25 00,საქართველოს ინფრასტრუქტურის სამინისტრო,25 02,საგზაო ინფრასტრუქტურის გაუმჯობესების ღონისძიებები,25 02 01,საავტომობილო გზების პროგრამების მართვა,False,True,საავტომობილო გზების პროგრამების მართვა,11854.5,12900.0,18100.0,18100.0,0.0,0.0,True,18100000
2026,source.mof_2026_tavi6_planned_docx,C:\Users\Mylaptop\Downloads\2026 ბიუჯეტი - თავი VI.DOCX,DOCX table 1,364,,,,,,,,,,False,False,მომუშავეთა რიცხოვნობა,185.0,185.0,241.0,241.0,0.0,0.0,False,241000
2026,source.mof_2026_tavi6_planned_docx,C:\Users\Mylaptop\Downloads\2026 ბიუჯეტი - თავი VI.DOCX,DOCX table 1,365,,,,,,,,,,False,False,ხარჯები,11614.5,12500.0,17320.0,17320.0,0.0,0.0,False,17320000
2026,source.mof_2026_tavi6_planned_docx,C:\Users\Mylaptop\Downloads\2026 ბიუჯეტი - თავი VI.DOCX,DOCX table 1,366,,,,,,,,,,False,False,შრომის ანაზღაურება,8432.4,9330.0,13900.0,13900.0,0.0,0.0,False,13900000
2026,source.mof_2026_tavi6_planned_docx,C:\Users\Mylaptop\Downloads\2026 ბიუჯეტი - თავი VI.DOCX,DOCX table 1,367,,,,,,,,,,False,False,არაფინანსური აქტივების ზრდა,240.0,400.0,780.0,780.0,0.0,0.0,False,780000
2026,source.mof_2026_tavi6_planned_docx,C:\Users\Mylaptop\Downloads\2026 ბიუჯეტი - თავი VI.DOCX,DOCX table 1,368,25 02 02,25 02,3,25 00,საქართველოს ინფრასტრუქტურის სამინისტრო,25 02,საგზაო ინფრასტრუქტურის გაუმჯობესების ღონისძიებები,25 02 02,საავტომობილო გზების მშენებლობა და მოვლა-შენახვა,False,True,საავტომობილო გზების მშენებლობა და მოვლა-შენახვა,876761.3,674700.0,765700.0,750700.0,15000.0,0.0,True,765700000
2026,source.mof_2026_tavi6_planned_docx,C:\Users\Mylaptop\Downloads\2026 ბიუჯეტი - თავი VI.DOCX,DOCX table 1,369,,,,,,,,,,False,False,ხარჯები,191641.4,170250.0,226250.0,226250.0,0.0,0.0,False,226250000
2026,source.mof_2026_tavi6_planned_docx,C:\Users\Mylaptop\Downloads\2026 ბიუჯეტი - თავი VI.DOCX,DOCX table 1,370,,,,,,,,,,False,False,არაფინანსური აქტივების ზრდა,685119.8,504450.0,539450.0,524450.0,15000.0,0.0,False,539450000
2026,source.mof_2026_tavi6_planned_docx,C:\Users\Mylaptop\Downloads\2026 ბიუჯეტი - თავი VI.DOCX,DOCX table 1,371,25 02 03,25 02,3,25 00,საქართველოს ინფრასტრუქტურის სამინისტრო,25 02,საგზაო ინფრასტრუქტურის გაუმჯობესების ღონისძიებები,25 02 03,ჩქაროსნული ავტომაგისტრალების მშენებლობა,False,True,ჩქაროსნული ავტომაგისტრალების მშენებლობა,1271359.5,905000.0,755000.0,517400.0,0.0,237600.0,True,755000000
2026,source.mof_2026_tavi6_planned_docx,C:\Users\Mylaptop\Downloads\2026 ბიუჯეტი - თავი VI.DOCX,DOCX table 1,372,,,,,,,,,,False,False,ხარჯები,83488.9,13000.0,18100.0,14300.0,0.0,3800.0,False,18100000
2026,source.mof_2026_tavi6_planned_docx,C:\Users\Mylaptop\Downloads\2026 ბიუჯეტი - თავი VI.DOCX,DOCX table 1,373,,,,,,,,,,False,False,არაფინანსური აქტივების ზრდა,1187870.6,892000.0,736900.0,503100.0,0.0,233800.0,False,736900000
2026,source.mof_2026_tavi6_planned_docx,C:\Users\Mylaptop\Downloads\2026 ბიუჯეტი - თავი VI.DOCX,DOCX table 1,374,25 03,25 00,2,25 00,საქართველოს ინფრასტრუქტურის სამინისტრო,25 03,რეგიონული და მუნიციპალური ინფრასტრუქტურის რეაბილიტაცია,,,False,True,რეგიონული და მუნიციპალური ინფრასტრუქტურის რეაბილიტაცია,329553.5,227800.0,237600.0,230850.0,0.0,6750.0,True,237600000
2026,source.mof_2026_tavi6_planned_docx,C:\Users\Mylaptop\Downloads\2026 ბიუჯეტი - თავი VI.DOCX,DOCX table 1,375,,,,,,,,,,False,False,ხარჯები,31357.6,7850.0,5400.0,4400.0,0.0,1000.0,False,5400000
2026,source.mof_2026_tavi6_planned_docx,C:\Users\Mylaptop\Downloads\2026 ბიუჯეტი - თავი VI.DOCX,DOCX table 1,376,,,,,,,,,,False,False,არაფინანსური აქტივების ზრდა,298195.9,219950.0,232200.0,226450.0,0.0,5750.0,False,232200000
2026,source.mof_2026_tavi6_planned_docx,C:\Users\Mylaptop\Downloads\2026 ბიუჯეტი - თავი VI.DOCX,DOCX table 1,377,25 04,25 00,2,25 00,საქართველოს ინფრასტრუქტურის სამინისტრო,25 04,წყალმომარაგების ინფრასტრუქტურის აღდგენა-რეაბილიტაცია,,,False,True,წყალმომარაგების ინფრასტრუქტურის აღდგენა-რეაბილიტაცია,834060.6,503200.0,304650.0,140000.0,6450.0,158200.0,True,304650000
2026,source.mof_2026_tavi6_planned_docx,C:\Users\Mylaptop\Downloads\2026 ბიუჯეტი - თავი VI.DOCX,DOCX table 1,378,,,,,,,,,,False,False,ხარჯები,728605.6,362450.0,146450.0,140000.0,6450.0,0.0,False,146450000
2026,source.mof_2026_tavi6_planned_docx,C:\Users\Mylaptop\Downloads\2026 ბიუჯეტი - თავი VI.DOCX,DOCX table 1,379,,,,,,,,,,False,False,ფინანსური აქტივების ზრდა,105455.0,140750.0,158200.0,0.0,0.0,158200.0,False,158200000
2026,source.mof_2026_tavi6_planned_docx,C:\Users\Mylaptop\Downloads\2026 ბიუჯეტი - თავი VI.DOCX,DOCX table 1,380,25 05,25 00,2,25 00,საქართველოს ინფრასტრუქტურის სამინისტრო,25 05,საგანმანათლებლო დაწესებულებების მშენებლობა-რეაბილიტაცია,,,False,True,საგანმანათლებლო დაწესებულებების მშენებლობა-რეაბილიტაცია,303100.0,366000.0,667000.0,618500.0,10300.0,38200.0,False,667000000
2026,source.mof_2026_tavi6_planned_docx,C:\Users\Mylaptop\Downloads\2026 ბიუჯეტი - თავი VI.DOCX,DOCX table 1,381,,,,,,,,,,False,False,ხარჯები,805.1,1150.0,1150.0,350.0,0.0,800.0,False,1150000
2026,source.mof_2026_tavi6_planned_docx,C:\Users\Mylaptop\Downloads\2026 ბიუჯეტი - თავი VI.DOCX,DOCX table 1,382,,,,,,,,,,False,False,არაფინანსური აქტივების ზრდა,302295.0,364850.0,665850.0,618150.0,10300.0,37400.0,False,665850000
2026,source.mof_2026_tavi6_planned_docx,C:\Users\Mylaptop\Downloads\2026 ბიუჯეტი - თავი VI.DOCX,DOCX table 1,383,25 05 01,25 05,3,25 00,საქართველოს ინფრასტრუქტურის სამინისტრო,25 05,საგანმანათლებლო დაწესებულებების მშენებლობა-რეაბილიტაცია,25 05 01,ზოგადსაგანმანათლებლო და უმაღლესი საგანმანათლებლო დაწესებულებების მშენებლობა-რეაბილიტაცია,False,True,ზოგადსაგანმანათლებლო და უმაღლესი საგანმანათლებლო დაწესებულებების მშენებლობა-რეაბილიტაცია,104499.0,141000.0,537000.0,488500.0,10300.0,38200.0,True,537000000
2026,source.mof_2026_tavi6_planned_docx,C:\Users\Mylaptop\Downloads\2026 ბიუჯეტი - თავი VI.DOCX,DOCX table 1,384,,,,,,,,,,False,False,ხარჯები,805.1,1150.0,1150.0,350.0,0.0,800.0,False,1150000
2026,source.mof_2026_tavi6_planned_docx,C:\Users\Mylaptop\Downloads\2026 ბიუჯეტი - თავი VI.DOCX,DOCX table 1,385,,,,,,,,,,False,False,არაფინანსური აქტივების ზრდა,103694.0,139850.0,535850.0,488150.0,10300.0,37400.0,False,535850000
2026,source.mof_2026_tavi6_planned_docx,C:\Users\Mylaptop\Downloads\2026 ბიუჯეტი - თავი VI.DOCX,DOCX table 1,386,25 05 02,25 05,3,25 00,საქართველოს ინფრასტრუქტურის სამინისტრო,25 05,საგანმანათლებლო დაწესებულებების მშენებლობა-რეაბილიტაცია,25 05 02,სკოლამდელი აღზრდის დაწესებულებების მშენებლობა-რეაბილიტაცია,False,True,სკოლამდელი აღზრდის დაწესებულებების მშენებლობა-რეაბილიტაცია,198601.0,225000.0,130000.0,130000.0,0.0,0.0,True,130000000
2026,source.mof_2026_tavi6_planned_docx,C:\Users\Mylaptop\Downloads\2026 ბიუჯეტი - თავი VI.DOCX,DOCX table 1,387,,,,,,,,,,False,False,არაფინანსური აქტივების ზრდა,198601.0,225000.0,130000.0,130000.0,0.0,0.0,False,130000000
2026,source.mof_2026_tavi6_planned_docx,C:\Users\Mylaptop\Downloads\2026 ბიუჯეტი - თავი VI.DOCX,DOCX table 1,388,25 06,25 00,2,25 00,საქართველოს ინფრასტრუქტურის სამინისტრო,25 06,ტურისტული ინფრასტრუქტურის გაუმჯობესების ღონისძიებები,,,False,True,ტურისტული ინფრასტრუქტურის გაუმჯობესების ღონისძიებები,209453.9,150000.0,150000.0,150000.0,0.0,0.0,True,150000000
2026,source.mof_2026_tavi6_planned_docx,C:\Users\Mylaptop\Downloads\2026 ბიუჯეტი - თავი VI.DOCX,DOCX table 1,389,,,,,,,,,,False,False,ხარჯები,84.9,0.0,0.0,0.0,0.0,0.0,False,0
2026,source.mof_2026_tavi6_planned_docx,C:\Users\Mylaptop\Downloads\2026 ბიუჯეტი - თავი VI.DOCX,DOCX table 1,390,,,,,,,,,,False,False,არაფინანსური აქტივების ზრდა,209369.0,150000.0,150000.0,150000.0,0.0,0.0,False,150000000
2026,source.mof_2026_tavi6_planned_docx,C:\Users\Mylaptop\Downloads\2026 ბიუჯეტი - თავი VI.DOCX,DOCX table 1,391,25 07,25 00,2,25 00,საქართველოს ინფრასტრუქტურის სამინისტრო,25 07,სპორტული ინფრასტრუქტურის მხარდამჭერი ღონისძიებები,,,False,True,სპორტული ინფრასტრუქტურის მხარდამჭერი ღონისძიებები,0.0,200000.0,205000.0,205000.0,0.0,0.0,True,205000000
2026,source.mof_2026_tavi6_planned_docx,C:\Users\Mylaptop\Downloads\2026 ბიუჯეტი - თავი VI.DOCX,DOCX table 1,392,,,,,,,,,,False,False,არაფინანსური აქტივების ზრდა,0.0,200000.0,205000.0,205000.0,0.0,0.0,False,205000000
2026,source.mof_2026_tavi6_planned_docx,C:\Users\Mylaptop\Downloads\2026 ბიუჯეტი - თავი VI.DOCX,DOCX table 1,393,25 08,25 00,2,25 00,საქართველოს ინფრასტრუქტურის სამინისტრო,25 08,მყარი ნარჩენების მართვის პროგრამა,,,False,True,მყარი ნარჩენების მართვის პროგრამა,51577.0,75000.0,0.0,0.0,0.0,0.0,True,0
2026,source.mof_2026_tavi6_planned_docx,C:\Users\Mylaptop\Downloads\2026 ბიუჯეტი - თავი VI.DOCX,DOCX table 1,394,,,,,,,,,,False,False,ხარჯები,39345.8,39500.0,0.0,0.0,0.0,0.0,False,0
2026,source.mof_2026_tavi6_planned_docx,C:\Users\Mylaptop\Downloads\2026 ბიუჯეტი - თავი VI.DOCX,DOCX table 1,395,,,,,,,,,,False,False,ფინანსური აქტივების ზრდა,12231.3,35500.0,0.0,0.0,0.0,0.0,False,0
2026,source.mof_2026_tavi6_planned_docx,C:\Users\Mylaptop\Downloads\2026 ბიუჯეტი - თავი VI.DOCX,DOCX table 1,396,25 09,25 00,2,25 00,საქართველოს ინფრასტრუქტურის სამინისტრო,25 09,იძულებით გადაადგილებული პირების მხარდაჭერა,,,False,True,იძულებით გადაადგილებული პირების მხარდაჭერა,4812.2,0.0,0.0,0.0,0.0,0.0,True,0
2026,source.mof_2026_tavi6_planned_docx,C:\Users\Mylaptop\Downloads\2026 ბიუჯეტი - თავი VI.DOCX,DOCX table 1,397,,,,,,,,,,False,False,არაფინანსური აქტივების ზრდა,4812.2,0.0,0.0,0.0,0.0,0.0,False,0
2026,source.mof_2026_tavi6_planned_docx,C:\Users\Mylaptop\Downloads\2026 ბიუჯეტი - თავი VI.DOCX,DOCX table 1,398,26 00,00 00,1,26 00,საქართველოს იუსტიციის სამინისტრო,,,,,False,True,საქართველოს იუსტიციის სამინისტრო,425038.8,442000.0,443235.0,438285.0,0.0,4950.0,False,443235000
2026,source.mof_2026_tavi6_planned_docx,C:\Users\Mylaptop\Downloads\2026 ბიუჯეტი - თავი VI.DOCX,DOCX table 1,399,,,,,,,,,,False,False,მომუშავეთა რიცხოვნობა,5261.0,5261.0,5261.0,5261.0,0.0,0.0,False,5261000
2026,source.mof_2026_tavi6_planned_docx,C:\Users\Mylaptop\Downloads\2026 ბიუჯეტი - თავი VI.DOCX,DOCX table 1,400,,,,,,,,,,False,False,ხარჯები,382504.5,392815.0,403225.0,400275.0,0.0,2950.0,False,403225000
2026,source.mof_2026_tavi6_planned_docx,C:\Users\Mylaptop\Downloads\2026 ბიუჯეტი - თავი VI.DOCX,DOCX table 1,401,,,,,,,,,,False,False,შრომის ანაზღაურება,138201.8,161063.0,177770.0,177770.0,0.0,0.0,False,177770000
2026,source.mof_2026_tavi6_planned_docx,C:\Users\Mylaptop\Downloads\2026 ბიუჯეტი - თავი VI.DOCX,DOCX table 1,402,,,,,,,,,,False,False,არაფინანსური აქტივების ზრდა,42534.4,49185.0,40010.0,38010.0,0.0,2000.0,False,40010000
2026,source.mof_2026_tavi6_planned_docx,C:\Users\Mylaptop\Downloads\2026 ბიუჯეტი - თავი VI.DOCX,DOCX table 1,403,26 01,26 00,2,26 00,საქართველოს იუსტიციის სამინისტრო,26 01,"სამართალშემოქმედებისა და ქვეყნის ინტერესების სამართლებრივი მხარდაჭერის მიზნით სახელმწიფო პოლიტიკის შემუშავება და მართვა, მათ შორის, სისხლის სამართლის სისტემის რეფორმის განხორციელება",,,False,True,"სამართალშემოქმედებისა და ქვეყნის ინტერესების სამართლებრივი მხარდაჭერის მიზნით სახელმწიფო პოლიტიკის შემუშავება და მართვა, მათ შორის, სისხლის სამართლის სისტემის რეფორმის განხორციელება",80173.5,85400.0,72080.0,72080.0,0.0,0.0,True,72080000
2026,source.mof_2026_tavi6_planned_docx,C:\Users\Mylaptop\Downloads\2026 ბიუჯეტი - თავი VI.DOCX,DOCX table 1,404,,,,,,,,,,False,False,მომუშავეთა რიცხოვნობა,193.0,193.0,212.0,212.0,0.0,0.0,False,212000
2026,source.mof_2026_tavi6_planned_docx,C:\Users\Mylaptop\Downloads\2026 ბიუჯეტი - თავი VI.DOCX,DOCX table 1,405,,,,,,,,,,False,False,ხარჯები,79898.1,85250.0,71930.0,71930.0,0.0,0.0,False,71930000
2026,source.mof_2026_tavi6_planned_docx,C:\Users\Mylaptop\Downloads\2026 ბიუჯეტი - თავი VI.DOCX,DOCX table 1,406,,,,,,,,,,False,False,შრომის ანაზღაურება,8048.8,9100.0,10515.0,10515.0,0.0,0.0,False,10515000
2026,source.mof_2026_tavi6_planned_docx,C:\Users\Mylaptop\Downloads\2026 ბიუჯეტი - თავი VI.DOCX,DOCX table 1,407,,,,,,,,,,False,False,არაფინანსური აქტივების ზრდა,275.5,150.0,150.0,150.0,0.0,0.0,False,150000
2026,source.mof_2026_tavi6_planned_docx,C:\Users\Mylaptop\Downloads\2026 ბიუჯეტი - თავი VI.DOCX,DOCX table 1,408,26 02,26 00,2,26 00,საქართველოს იუსტიციის სამინისტრო,26 02,საერთაშორისო სტანდარტების შესაბამისი პენიტენციური სისტემის ჩამოყალიბება,,,False,True,საერთაშორისო სტანდარტების შესაბამისი პენიტენციური სისტემის ჩამოყალიბება,274318.0,303200.0,323500.0,323500.0,0.0,0.0,False,323500000
2026,source.mof_2026_tavi6_planned_docx,C:\Users\Mylaptop\Downloads\2026 ბიუჯეტი - თავი VI.DOCX,DOCX table 1,409,,,,,,,,,,False,False,მომუშავეთა რიცხოვნობა,4070.0,4070.0,4070.0,4070.0,0.0,0.0,False,4070000
2026,source.mof_2026_tavi6_planned_docx,C:\Users\Mylaptop\Downloads\2026 ბიუჯეტი - თავი VI.DOCX,DOCX table 1,410,,,,,,,,,,False,False,ხარჯები,233712.4,259200.0,288500.0,288500.0,0.0,0.0,False,288500000
2026,source.mof_2026_tavi6_planned_docx,C:\Users\Mylaptop\Downloads\2026 ბიუჯეტი - თავი VI.DOCX,DOCX table 1,411,,,,,,,,,,False,False,შრომის ანაზღაურება,110386.0,129700.0,143000.0,143000.0,0.0,0.0,False,143000000
2026,source.mof_2026_tavi6_planned_docx,C:\Users\Mylaptop\Downloads\2026 ბიუჯეტი - თავი VI.DOCX,DOCX table 1,412,,,,,,,,,,False,False,არაფინანსური აქტივების ზრდა,40605.6,44000.0,35000.0,35000.0,0.0,0.0,False,35000000
2026,source.mof_2026_tavi6_planned_docx,C:\Users\Mylaptop\Downloads\2026 ბიუჯეტი - თავი VI.DOCX,DOCX table 1,413,26 02 01,26 02,3,26 00,საქართველოს იუსტიციის სამინისტრო,26 02,საერთაშორისო სტანდარტების შესაბამისი პენიტენციური სისტემის ჩამოყალიბება,26 02 01,პენიტენციური სისტემის მართვა და ბრალდებულთა/მსჯავრდებულთა ყოფითი პირობების გაუმჯობესება,False,True,პენიტენციური სისტემის მართვა და ბრალდებულთა/მსჯავრდებულთა ყოფითი პირობების გაუმჯობესება,222102.4,248200.0,277500.0,277500.0,0.0,0.0,True,277500000
2026,source.mof_2026_tavi6_planned_docx,C:\Users\Mylaptop\Downloads\2026 ბიუჯეტი - თავი VI.DOCX,DOCX table 1,414,,,,,,,,,,False,False,მომუშავეთა რიცხოვნობა,4070.0,4070.0,4070.0,4070.0,0.0,0.0,False,4070000
2026,source.mof_2026_tavi6_planned_docx,C:\Users\Mylaptop\Downloads\2026 ბიუჯეტი - თავი VI.DOCX,DOCX table 1,415,,,,,,,,,,False,False,ხარჯები,222102.4,248200.0,277500.0,277500.0,0.0,0.0,False,277500000
2026,source.mof_2026_tavi6_planned_docx,C:\Users\Mylaptop\Downloads\2026 ბიუჯეტი - თავი VI.DOCX,DOCX table 1,416,,,,,,,,,,False,False,შრომის ანაზღაურება,110386.0,129700.0,143000.0,143000.0,0.0,0.0,False,143000000
2026,source.mof_2026_tavi6_planned_docx,C:\Users\Mylaptop\Downloads\2026 ბიუჯეტი - თავი VI.DOCX,DOCX table 1,417,26 02 02,26 02,3,26 00,საქართველოს იუსტიციის სამინისტრო,26 02,საერთაშორისო სტანდარტების შესაბამისი პენიტენციური სისტემის ჩამოყალიბება,26 02 02,ბრალდებულთა და მსჯავრდებულთა ეკვივალენტური სამედიცინო მომსახურებით უზრუნველყოფა,False,True,ბრალდებულთა და მსჯავრდებულთა ეკვივალენტური სამედიცინო მომსახურებით უზრუნველყოფა,11610.0,11000.0,11000.0,11000.0,0.0,0.0,True,11000000
2026,source.mof_2026_tavi6_planned_docx,C:\Users\Mylaptop\Downloads\2026 ბიუჯეტი - თავი VI.DOCX,DOCX table 1,418,,,,,,,,,,False,False,ხარჯები,11610.0,11000.0,11000.0,11000.0,0.0,0.0,False,11000000
2026,source.mof_2026_tavi6_planned_docx,C:\Users\Mylaptop\Downloads\2026 ბიუჯეტი - თავი VI.DOCX,DOCX table 1,419,26 02 03,26 02,3,26 00,საქართველოს იუსტიციის სამინისტრო,26 02,საერთაშორისო სტანდარტების შესაბამისი პენიტენციური სისტემის ჩამოყალიბება,26 02 03,პენიტენციური სისტემის ინფრასტრუქტურის გაუმჯობესება,False,True,პენიტენციური სისტემის ინფრასტრუქტურის გაუმჯობესება,40605.6,44000.0,35000.0,35000.0,0.0,0.0,True,35000000
2026,source.mof_2026_tavi6_planned_docx,C:\Users\Mylaptop\Downloads\2026 ბიუჯეტი - თავი VI.DOCX,DOCX table 1,420,,,,,,,,,,False,False,არაფინანსური აქტივების ზრდა,40605.6,44000.0,35000.0,35000.0,0.0,0.0,False,35000000
2026,source.mof_2026_tavi6_planned_docx,C:\Users\Mylaptop\Downloads\2026 ბიუჯეტი - თავი VI.DOCX,DOCX table 1,421,26 03,26 00,2,26 00,საქართველოს იუსტიციის სამინისტრო,26 03,"ეროვნული საარქივო ფონდის დაცულობის, მომსახურების თანამედროვე ტექნოლოგიების დანერგვის და დოკუმენტების ხელმისაწვდომობის უზრუნველყოფა",,,False,True,"ეროვნული საარქივო ფონდის დაცულობის, მომსახურების თანამედროვე ტექნოლოგიების დანერგვის და დოკუმენტების ხელმისაწვდომობის უზრუნველყოფა",8420.1,10500.0,10800.0,10800.0,0.0,0.0,True,10800000
2026,source.mof_2026_tavi6_planned_docx,C:\Users\Mylaptop\Downloads\2026 ბიუჯეტი - თავი VI.DOCX,DOCX table 1,422,,,,,,,,,,False,False,მომუშავეთა რიცხოვნობა,380.0,380.0,377.0,377.0,0.0,0.0,False,377000
2026,source.mof_2026_tavi6_planned_docx,C:\Users\Mylaptop\Downloads\2026 ბიუჯეტი - თავი VI.DOCX,DOCX table 1,423,,,,,,,,,,False,False,ხარჯები,8400.2,9075.0,10210.0,10210.0,0.0,0.0,False,10210000
2026,source.mof_2026_tavi6_planned_docx,C:\Users\Mylaptop\Downloads\2026 ბიუჯეტი - თავი VI.DOCX,DOCX table 1,424,,,,,,,,,,False,False,შრომის ანაზღაურება,6700.0,7370.0,8050.0,8050.0,0.0,0.0,False,8050000
2026,source.mof_2026_tavi6_planned_docx,C:\Users\Mylaptop\Downloads\2026 ბიუჯეტი - თავი VI.DOCX,DOCX table 1,425,,,,,,,,,,False,False,არაფინანსური აქტივების ზრდა,19.8,1425.0,590.0,590.0,0.0,0.0,False,590000
2026,source.mof_2026_tavi6_planned_docx,C:\Users\Mylaptop\Downloads\2026 ბიუჯეტი - თავი VI.DOCX,DOCX table 1,426,26 04,26 00,2,26 00,საქართველოს იუსტიციის სამინისტრო,26 04,საქართველოს იუსტიციის სამინისტროს თანამშრომელთა და სხვა დაინტერესებული პირების გადამზადება,,,False,True,საქართველოს იუსტიციის სამინისტროს თანამშრომელთა და სხვა დაინტერესებული პირების გადამზადება,4216.5,4000.0,4455.0,4455.0,0.0,0.0,True,4455000
2026,source.mof_2026_tavi6_planned_docx,C:\Users\Mylaptop\Downloads\2026 ბიუჯეტი - თავი VI.DOCX,DOCX table 1,427,,,,,,,,,,False,False,მომუშავეთა რიცხოვნობა,76.0,76.0,76.0,76.0,0.0,0.0,False,76000
2026,source.mof_2026_tavi6_planned_docx,C:\Users\Mylaptop\Downloads\2026 ბიუჯეტი - თავი VI.DOCX,DOCX table 1,428,,,,,,,,,,False,False,ხარჯები,4162.6,4000.0,4455.0,4455.0,0.0,0.0,False,4455000
2026,source.mof_2026_tavi6_planned_docx,C:\Users\Mylaptop\Downloads\2026 ბიუჯეტი - თავი VI.DOCX,DOCX table 1,429,,,,,,,,,,False,False,შრომის ანაზღაურება,2034.0,2507.0,2655.0,2655.0,0.0,0.0,False,2655000
2026,source.mof_2026_tavi6_planned_docx,C:\Users\Mylaptop\Downloads\2026 ბიუჯეტი - თავი VI.DOCX,DOCX table 1,430,,,,,,,,,,False,False,არაფინანსური აქტივების ზრდა,53.9,0.0,0.0,0.0,0.0,0.0,False,0
2026,source.mof_2026_tavi6_planned_docx,C:\Users\Mylaptop\Downloads\2026 ბიუჯეტი - თავი VI.DOCX,DOCX table 1,431,26 05,26 00,2,26 00,საქართველოს იუსტიციის სამინისტრო,26 05,ელექტრონული მმართველობის განვითარება,,,False,True,ელექტრონული მმართველობის განვითარება,4724.2,4500.0,5000.0,5000.0,0.0,0.0,True,5000000
2026,source.mof_2026_tavi6_planned_docx,C:\Users\Mylaptop\Downloads\2026 ბიუჯეტი - თავი VI.DOCX,DOCX table 1,432,,,,,,,,,,False,False,მომუშავეთა რიცხოვნობა,151.0,151.0,151.0,151.0,0.0,0.0,False,151000
2026,source.mof_2026_tavi6_planned_docx,C:\Users\Mylaptop\Downloads\2026 ბიუჯეტი - თავი VI.DOCX,DOCX table 1,433,,,,,,,,,,False,False,ხარჯები,4509.3,4490.0,4980.0,4980.0,0.0,0.0,False,4980000
2026,source.mof_2026_tavi6_planned_docx,C:\Users\Mylaptop\Downloads\2026 ბიუჯეტი - თავი VI.DOCX,DOCX table 1,434,,,,,,,,,,False,False,შრომის ანაზღაურება,1623.0,1786.0,1990.0,1990.0,0.0,0.0,False,1990000
2026,source.mof_2026_tavi6_planned_docx,C:\Users\Mylaptop\Downloads\2026 ბიუჯეტი - თავი VI.DOCX,DOCX table 1,435,,,,,,,,,,False,False,არაფინანსური აქტივების ზრდა,214.9,10.0,20.0,20.0,0.0,0.0,False,20000
2026,source.mof_2026_tavi6_planned_docx,C:\Users\Mylaptop\Downloads\2026 ბიუჯეტი - თავი VI.DOCX,DOCX table 1,436,26 06,26 00,2,26 00,საქართველოს იუსტიციის სამინისტრო,26 06,"დანაშაულის პრევენცია, პრობაციის სისტემის განვითარება და ყოფილ პატიმართა რესოციალიზაცია",,,False,True,"დანაშაულის პრევენცია, პრობაციის სისტემის განვითარება და ყოფილ პატიმართა რესოციალიზაცია",14596.9,15200.0,16500.0,16500.0,0.0,0.0,True,16500000
2026,source.mof_2026_tavi6_planned_docx,C:\Users\Mylaptop\Downloads\2026 ბიუჯეტი - თავი VI.DOCX,DOCX table 1,437,,,,,,,,,,False,False,მომუშავეთა რიცხოვნობა,391.0,391.0,375.0,375.0,0.0,0.0,False,375000
2026,source.mof_2026_tavi6_planned_docx,C:\Users\Mylaptop\Downloads\2026 ბიუჯეტი - თავი VI.DOCX,DOCX table 1,438,,,,,,,,,,False,False,ხარჯები,14030.0,14600.0,16250.0,16250.0,0.0,0.0,False,16250000
2026,source.mof_2026_tavi6_planned_docx,C:\Users\Mylaptop\Downloads\2026 ბიუჯეტი - თავი VI.DOCX,DOCX table 1,439,,,,,,,,,,False,False,შრომის ანაზღაურება,9409.9,10600.0,11560.0,11560.0,0.0,0.0,False,11560000
2026,source.mof_2026_tavi6_planned_docx,C:\Users\Mylaptop\Downloads\2026 ბიუჯეტი - თავი VI.DOCX,DOCX table 1,440,,,,,,,,,,False,False,არაფინანსური აქტივების ზრდა,566.9,600.0,250.0,250.0,0.0,0.0,False,250000
2026,source.mof_2026_tavi6_planned_docx,C:\Users\Mylaptop\Downloads\2026 ბიუჯეტი - თავი VI.DOCX,DOCX table 1,441,26 07,26 00,2,26 00,საქართველოს იუსტიციის სამინისტრო,26 07,იუსტიციის სახლის მომსახურებათა განვითარება და ხელმისაწვდომობა,,,False,True,იუსტიციის სახლის მომსახურებათა განვითარება და ხელმისაწვდომობა,5254.5,5000.0,1000.0,1000.0,0.0,0.0,True,1000000
2026,source.mof_2026_tavi6_planned_docx,C:\Users\Mylaptop\Downloads\2026 ბიუჯეტი - თავი VI.DOCX,DOCX table 1,442,,,,,,,,,,False,False,ხარჯები,5254.5,5000.0,1000.0,1000.0,0.0,0.0,False,1000000
2026,source.mof_2026_tavi6_planned_docx,C:\Users\Mylaptop\Downloads\2026 ბიუჯეტი - თავი VI.DOCX,DOCX table 1,443,26 08,26 00,2,26 00,საქართველოს იუსტიციის სამინისტრო,26 08,"საქართველოს მდგრადი სოფლის მეურნეობის, ირიგაციისა და მიწის პროექტი (საჯარო რეესტრის ეროვნული სააგენტოს კომპონენტი) (WB)",,,False,True,"საქართველოს მდგრადი სოფლის მეურნეობის, ირიგაციისა და მიწის პროექტი (საჯარო რეესტრის ეროვნული სააგენტოს კომპონენტი) (WB)",4339.4,9200.0,9900.0,4950.0,0.0,4950.0,True,9900000
2026,source.mof_2026_tavi6_planned_docx,C:\Users\Mylaptop\Downloads\2026 ბიუჯეტი - თავი VI.DOCX,DOCX table 1,444,,,,,,,,,,False,False,ხარჯები,3841.4,6200.0,5900.0,2950.0,0.0,2950.0,False,5900000
2026,source.mof_2026_tavi6_planned_docx,C:\Users\Mylaptop\Downloads\2026 ბიუჯეტი - თავი VI.DOCX,DOCX table 1,445,,,,,,,,,,False,False,არაფინანსური აქტივების ზრდა,498.0,3000.0,4000.0,2000.0,0.0,2000.0,False,4000000
2026,source.mof_2026_tavi6_planned_docx,C:\Users\Mylaptop\Downloads\2026 ბიუჯეტი - თავი VI.DOCX,DOCX table 1,446,26 09,26 00,2,26 00,საქართველოს იუსტიციის სამინისტრო,26 09,მიწის რეგისტრაციის ხელშეწყობა და საჯარო რეესტრის მომსახურებათა განვითარება/ხელმისაწვდომობა,,,False,True,მიწის რეგისტრაციის ხელშეწყობა და საჯარო რეესტრის მომსახურებათა განვითარება/ხელმისაწვდომობა,28570.7,5000.0,0.0,0.0,0.0,0.0,True,0
2026,source.mof_2026_tavi6_planned_docx,C:\Users\Mylaptop\Downloads\2026 ბიუჯეტი - თავი VI.DOCX,DOCX table 1,447,,,,,,,,,,False,False,ხარჯები,28270.9,5000.0,0.0,0.0,0.0,0.0,False,0
2026,source.mof_2026_tavi6_planned_docx,C:\Users\Mylaptop\Downloads\2026 ბიუჯეტი - თავი VI.DOCX,DOCX table 1,448,,,,,,,,,,False,False,არაფინანსური აქტივების ზრდა,299.9,0.0,0.0,0.0,0.0,0.0,False,0
2026,source.mof_2026_tavi6_planned_docx,C:\Users\Mylaptop\Downloads\2026 ბიუჯეტი - თავი VI.DOCX,DOCX table 1,449,26 10,26 00,2,26 00,საქართველოს იუსტიციის სამინისტრო,26 10,სახელმწიფო სერვისების განვითარების სააგენტოს მომსახურებათა განვითარება და ხელმისაწვდომობა,,,False,True,სახელმწიფო სერვისების განვითარების სააგენტოს მომსახურებათა განვითარება და ხელმისაწვდომობა,425.1,0.0,0.0,0.0,0.0,0.0,True,0
2026,source.mof_2026_tavi6_planned_docx,C:\Users\Mylaptop\Downloads\2026 ბიუჯეტი - თავი VI.DOCX,DOCX table 1,450,,,,,,,,,,False,False,ხარჯები,425.1,0.0,0.0,0.0,0.0,0.0,False,0
2026,source.mof_2026_tavi6_planned_docx,C:\Users\Mylaptop\Downloads\2026 ბიუჯეტი - თავი VI.DOCX,DOCX table 1,451,27 00,00 00,1,27 00,"საქართველოს ოკუპირებული ტერიტორიებიდან დევნილთა, შრომის, ჯანმრთელობისა და სოციალური დაცვის სამინისტრო",,,,,False,True,"საქართველოს ოკუპირებული ტერიტორიებიდან დევნილთა, შრომის, ჯანმრთელობისა და სოციალური დაცვის სამინისტრო",8081854.8,8820000.0,9668640.0,9620640.0,0.0,48000.0,False,9668640000
2026,source.mof_2026_tavi6_planned_docx,C:\Users\Mylaptop\Downloads\2026 ბიუჯეტი - თავი VI.DOCX,DOCX table 1,452,,,,,,,,,,False,False,მომუშავეთა რიცხოვნობა,2808.0,2719.0,2712.0,2712.0,0.0,0.0,False,2712000
2026,source.mof_2026_tavi6_planned_docx,C:\Users\Mylaptop\Downloads\2026 ბიუჯეტი - თავი VI.DOCX,DOCX table 1,453,,,,,,,,,,False,False,ხარჯები,7883963.9,8532143.0,9403872.0,9403152.0,0.0,720.0,False,9403872000
2026,source.mof_2026_tavi6_planned_docx,C:\Users\Mylaptop\Downloads\2026 ბიუჯეტი - თავი VI.DOCX,DOCX table 1,454,,,,,,,,,,False,False,შრომის ანაზღაურება,64445.7,81987.0,93843.0,93843.0,0.0,0.0,False,93843000
2026,source.mof_2026_tavi6_planned_docx,C:\Users\Mylaptop\Downloads\2026 ბიუჯეტი - თავი VI.DOCX,DOCX table 1,455,,,,,,,,,,False,False,არაფინანსური აქტივების ზრდა,197890.9,287857.0,264768.0,217488.0,0.0,47280.0,False,264768000
2026,source.mof_2026_tavi6_planned_docx,C:\Users\Mylaptop\Downloads\2026 ბიუჯეტი - თავი VI.DOCX,DOCX table 1,456,27 01,27 00,2,27 00,"საქართველოს ოკუპირებული ტერიტორიებიდან დევნილთა, შრომის, ჯანმრთელობისა და სოციალური დაცვის სამინისტრო",27 01,"ოკუპირებული ტერიტორიებიდან დევნილთა, შრომის, ჯანმრთელობისა და სოციალური დაცვის პროგრამების მართვა",,,False,True,"ოკუპირებული ტერიტორიებიდან დევნილთა, შრომის, ჯანმრთელობისა და სოციალური დაცვის პროგრამების მართვა",120574.2,126649.0,152032.0,152032.0,0.0,0.0,False,152032000
2026,source.mof_2026_tavi6_planned_docx,C:\Users\Mylaptop\Downloads\2026 ბიუჯეტი - თავი VI.DOCX,DOCX table 1,457,,,,,,,,,,False,False,მომუშავეთა რიცხოვნობა,2808.0,2719.0,2712.0,2712.0,0.0,0.0,False,2712000
2026,source.mof_2026_tavi6_planned_docx,C:\Users\Mylaptop\Downloads\2026 ბიუჯეტი - თავი VI.DOCX,DOCX table 1,458,,,,,,,,,,False,False,ხარჯები,113342.4,122274.0,142270.0,142270.0,0.0,0.0,False,142270000
2026,source.mof_2026_tavi6_planned_docx,C:\Users\Mylaptop\Downloads\2026 ბიუჯეტი - თავი VI.DOCX,DOCX table 1,459,,,,,,,,,,False,False,შრომის ანაზღაურება,64316.3,81987.0,93843.0,93843.0,0.0,0.0,False,93843000
2026,source.mof_2026_tavi6_planned_docx,C:\Users\Mylaptop\Downloads\2026 ბიუჯეტი - თავი VI.DOCX,DOCX table 1,460,,,,,,,,,,False,False,არაფინანსური აქტივების ზრდა,7231.8,4375.0,9762.0,9762.0,0.0,0.0,False,9762000
2026,source.mof_2026_tavi6_planned_docx,C:\Users\Mylaptop\Downloads\2026 ბიუჯეტი - თავი VI.DOCX,DOCX table 1,461,27 01 01,27 01,3,27 00,"საქართველოს ოკუპირებული ტერიტორიებიდან დევნილთა, შრომის, ჯანმრთელობისა და სოციალური დაცვის სამინისტრო",27 01,"ოკუპირებული ტერიტორიებიდან დევნილთა, შრომის, ჯანმრთელობისა და სოციალური დაცვის პროგრამების მართვა",27 01 01,"ოკუპირებული ტერიტორიებიდან დევნილთა, შრომის, ჯანმრთელობისა და სოციალური დაცვის სფეროში პოლიტიკის შემუშავება და მართვა",False,True,"ოკუპირებული ტერიტორიებიდან დევნილთა, შრომის, ჯანმრთელობისა და სოციალური დაცვის სფეროში პოლიტიკის შემუშავება და მართვა",14514.2,15535.0,16500.0,16500.0,0.0,0.0,True,16500000
2026,source.mof_2026_tavi6_planned_docx,C:\Users\Mylaptop\Downloads\2026 ბიუჯეტი - თავი VI.DOCX,DOCX table 1,462,,,,,,,,,,False,False,მომუშავეთა რიცხოვნობა,182.0,182.0,179.0,179.0,0.0,0.0,False,179000
2026,source.mof_2026_tavi6_planned_docx,C:\Users\Mylaptop\Downloads\2026 ბიუჯეტი - თავი VI.DOCX,DOCX table 1,463,,,,,,,,,,False,False,ხარჯები,14357.2,15490.0,16455.0,16455.0,0.0,0.0,False,16455000
2026,source.mof_2026_tavi6_planned_docx,C:\Users\Mylaptop\Downloads\2026 ბიუჯეტი - თავი VI.DOCX,DOCX table 1,464,,,,,,,,,,False,False,შრომის ანაზღაურება,6123.1,8000.0,8800.0,8800.0,0.0,0.0,False,8800000
2026,source.mof_2026_tavi6_planned_docx,C:\Users\Mylaptop\Downloads\2026 ბიუჯეტი - თავი VI.DOCX,DOCX table 1,465,,,,,,,,,,False,False,არაფინანსური აქტივების ზრდა,157.0,45.0,45.0,45.0,0.0,0.0,False,45000
2026,source.mof_2026_tavi6_planned_docx,C:\Users\Mylaptop\Downloads\2026 ბიუჯეტი - თავი VI.DOCX,DOCX table 1,466,27 01 02,27 01,3,27 00,"საქართველოს ოკუპირებული ტერიტორიებიდან დევნილთა, შრომის, ჯანმრთელობისა და სოციალური დაცვის სამინისტრო",27 01,"ოკუპირებული ტერიტორიებიდან დევნილთა, შრომის, ჯანმრთელობისა და სოციალური დაცვის პროგრამების მართვა",27 01 02,სამედიცინო საქმიანობის რეგულირების პროგრამა,False,True,სამედიცინო საქმიანობის რეგულირების პროგრამა,7293.5,8420.0,8950.0,8950.0,0.0,0.0,True,8950000
2026,source.mof_2026_tavi6_planned_docx,C:\Users\Mylaptop\Downloads\2026 ბიუჯეტი - თავი VI.DOCX,DOCX table 1,467,,,,,,,,,,False,False,მომუშავეთა რიცხოვნობა,148.0,148.0,148.0,148.0,0.0,0.0,False,148000
2026,source.mof_2026_tavi6_planned_docx,C:\Users\Mylaptop\Downloads\2026 ბიუჯეტი - თავი VI.DOCX,DOCX table 1,468,,,,,,,,,,False,False,ხარჯები,7274.6,8390.0,8920.0,8920.0,0.0,0.0,False,8920000
2026,source.mof_2026_tavi6_planned_docx,C:\Users\Mylaptop\Downloads\2026 ბიუჯეტი - თავი VI.DOCX,DOCX table 1,469,,,,,,,,,,False,False,შრომის ანაზღაურება,4782.2,6000.0,6438.0,6438.0,0.0,0.0,False,6438000
2026,source.mof_2026_tavi6_planned_docx,C:\Users\Mylaptop\Downloads\2026 ბიუჯეტი - თავი VI.DOCX,DOCX table 1,470,,,,,,,,,,False,False,არაფინანსური აქტივების ზრდა,18.9,30.0,30.0,30.0,0.0,0.0,False,30000
2026,source.mof_2026_tavi6_planned_docx,C:\Users\Mylaptop\Downloads\2026 ბიუჯეტი - თავი VI.DOCX,DOCX table 1,471,27 01 03,27 01,3,27 00,"საქართველოს ოკუპირებული ტერიტორიებიდან დევნილთა, შრომის, ჯანმრთელობისა და სოციალური დაცვის სამინისტრო",27 01,"ოკუპირებული ტერიტორიებიდან დევნილთა, შრომის, ჯანმრთელობისა და სოციალური დაცვის პროგრამების მართვა",27 01 03,დაავადებათა კონტროლისა და ეპიდემიოლოგიური უსაფრთხოების პროგრამის მართვა,False,True,დაავადებათა კონტროლისა და ეპიდემიოლოგიური უსაფრთხოების პროგრამის მართვა,27032.1,18400.0,26000.0,26000.0,0.0,0.0,True,26000000
2026,source.mof_2026_tavi6_planned_docx,C:\Users\Mylaptop\Downloads\2026 ბიუჯეტი - თავი VI.DOCX,DOCX table 1,472,,,,,,,,,,False,False,მომუშავეთა რიცხოვნობა,299.0,299.0,298.0,298.0,0.0,0.0,False,298000
2026,source.mof_2026_tavi6_planned_docx,C:\Users\Mylaptop\Downloads\2026 ბიუჯეტი - თავი VI.DOCX,DOCX table 1,473,,,,,,,,,,False,False,ხარჯები,26885.4,18330.0,22864.0,22864.0,0.0,0.0,False,22864000
2026,source.mof_2026_tavi6_planned_docx,C:\Users\Mylaptop\Downloads\2026 ბიუჯეტი - თავი VI.DOCX,DOCX table 1,474,,,,,,,,,,False,False,შრომის ანაზღაურება,10714.2,9600.0,12507.0,12507.0,0.0,0.0,False,12507000
2026,source.mof_2026_tavi6_planned_docx,C:\Users\Mylaptop\Downloads\2026 ბიუჯეტი - თავი VI.DOCX,DOCX table 1,475,,,,,,,,,,False,False,არაფინანსური აქტივების ზრდა,146.6,70.0,3136.0,3136.0,0.0,0.0,False,3136000
2026,source.mof_2026_tavi6_planned_docx,C:\Users\Mylaptop\Downloads\2026 ბიუჯეტი - თავი VI.DOCX,DOCX table 1,476,27 01 04,27 01,3,27 00,"საქართველოს ოკუპირებული ტერიტორიებიდან დევნილთა, შრომის, ჯანმრთელობისა და სოციალური დაცვის სამინისტრო",27 01,"ოკუპირებული ტერიტორიებიდან დევნილთა, შრომის, ჯანმრთელობისა და სოციალური დაცვის პროგრამების მართვა",27 01 04,სოციალური დაცვის პროგრამების მართვა,False,True,სოციალური დაცვის პროგრამების მართვა,25232.3,27300.0,33000.0,33000.0,0.0,0.0,True,33000000
2026,source.mof_2026_tavi6_planned_docx,C:\Users\Mylaptop\Downloads\2026 ბიუჯეტი - თავი VI.DOCX,DOCX table 1,477,,,,,,,,,,False,False,მომუშავეთა რიცხოვნობა,937.0,911.0,911.0,911.0,0.0,0.0,False,911000
2026,source.mof_2026_tavi6_planned_docx,C:\Users\Mylaptop\Downloads\2026 ბიუჯეტი - თავი VI.DOCX,DOCX table 1,478,,,,,,,,,,False,False,ხარჯები,20076.6,23590.0,27187.0,27187.0,0.0,0.0,False,27187000
2026,source.mof_2026_tavi6_planned_docx,C:\Users\Mylaptop\Downloads\2026 ბიუჯეტი - თავი VI.DOCX,DOCX table 1,479,,,,,,,,,,False,False,შრომის ანაზღაურება,14432.0,18000.0,20600.0,20600.0,0.0,0.0,False,20600000
2026,source.mof_2026_tavi6_planned_docx,C:\Users\Mylaptop\Downloads\2026 ბიუჯეტი - თავი VI.DOCX,DOCX table 1,480,,,,,,,,,,False,False,არაფინანსური აქტივების ზრდა,5155.7,3710.0,5813.0,5813.0,0.0,0.0,False,5813000
2026,source.mof_2026_tavi6_planned_docx,C:\Users\Mylaptop\Downloads\2026 ბიუჯეტი - თავი VI.DOCX,DOCX table 1,481,27 01 05,27 01,3,27 00,"საქართველოს ოკუპირებული ტერიტორიებიდან დევნილთა, შრომის, ჯანმრთელობისა და სოციალური დაცვის სამინისტრო",27 01,"ოკუპირებული ტერიტორიებიდან დევნილთა, შრომის, ჯანმრთელობისა და სოციალური დაცვის პროგრამების მართვა",27 01 05,"სახელმწიფო ზრუნვის, ადამიანით ვაჭრობის (ტრეფიკინგის) მსხვერპლთა დაცვისა და დახმარების მართვა",False,True,"სახელმწიფო ზრუნვის, ადამიანით ვაჭრობის (ტრეფიკინგის) მსხვერპლთა დაცვისა და დახმარების მართვა",12725.1,15620.0,17700.0,17700.0,0.0,0.0,True,17700000
2026,source.mof_2026_tavi6_planned_docx,C:\Users\Mylaptop\Downloads\2026 ბიუჯეტი - თავი VI.DOCX,DOCX table 1,482,,,,,,,,,,False,False,მომუშავეთა რიცხოვნობა,445.0,463.0,460.0,460.0,0.0,0.0,False,460000
2026,source.mof_2026_tavi6_planned_docx,C:\Users\Mylaptop\Downloads\2026 ბიუჯეტი - თავი VI.DOCX,DOCX table 1,483,,,,,,,,,,False,False,ხარჯები,12171.0,15320.0,17400.0,17400.0,0.0,0.0,False,17400000
2026,source.mof_2026_tavi6_planned_docx,C:\Users\Mylaptop\Downloads\2026 ბიუჯეტი - თავი VI.DOCX,DOCX table 1,484,,,,,,,,,,False,False,შრომის ანაზღაურება,10085.2,13400.0,15380.0,15380.0,0.0,0.0,False,15380000
2026,source.mof_2026_tavi6_planned_docx,C:\Users\Mylaptop\Downloads\2026 ბიუჯეტი - თავი VI.DOCX,DOCX table 1,485,,,,,,,,,,False,False,არაფინანსური აქტივების ზრდა,554.1,300.0,300.0,300.0,0.0,0.0,False,300000
2026,source.mof_2026_tavi6_planned_docx,C:\Users\Mylaptop\Downloads\2026 ბიუჯეტი - თავი VI.DOCX,DOCX table 1,486,27 01 06,27 01,3,27 00,"საქართველოს ოკუპირებული ტერიტორიებიდან დევნილთა, შრომის, ჯანმრთელობისა და სოციალური დაცვის სამინისტრო",27 01,"ოკუპირებული ტერიტორიებიდან დევნილთა, შრომის, ჯანმრთელობისა და სოციალური დაცვის პროგრამების მართვა",27 01 06,საგანგებო სიტუაციების კოორდინაციისა და გადაუდებელი დახმარების მართვა,False,True,საგანგებო სიტუაციების კოორდინაციისა და გადაუდებელი დახმარების მართვა,5141.5,6000.0,7300.0,7300.0,0.0,0.0,True,7300000
2026,source.mof_2026_tavi6_planned_docx,C:\Users\Mylaptop\Downloads\2026 ბიუჯეტი - თავი VI.DOCX,DOCX table 1,487,,,,,,,,,,False,False,მომუშავეთა რიცხოვნობა,121.0,121.0,121.0,121.0,0.0,0.0,False,121000
2026,source.mof_2026_tavi6_planned_docx,C:\Users\Mylaptop\Downloads\2026 ბიუჯეტი - თავი VI.DOCX,DOCX table 1,488,,,,,,,,,,False,False,ხარჯები,5141.5,6000.0,7300.0,7300.0,0.0,0.0,False,7300000
2026,source.mof_2026_tavi6_planned_docx,C:\Users\Mylaptop\Downloads\2026 ბიუჯეტი - თავი VI.DOCX,DOCX table 1,489,,,,,,,,,,False,False,შრომის ანაზღაურება,3454.5,4500.0,4967.0,4967.0,0.0,0.0,False,4967000
2026,source.mof_2026_tavi6_planned_docx,C:\Users\Mylaptop\Downloads\2026 ბიუჯეტი - თავი VI.DOCX,DOCX table 1,490,27 01 07,27 01,3,27 00,"საქართველოს ოკუპირებული ტერიტორიებიდან დევნილთა, შრომის, ჯანმრთელობისა და სოციალური დაცვის სამინისტრო",27 01,"ოკუპირებული ტერიტორიებიდან დევნილთა, შრომის, ჯანმრთელობისა და სოციალური დაცვის პროგრამების მართვა",27 01 07,"დევნილთა, ეკომიგრანტთა და საარსებო წყაროებით უზრუნველყოფა",False,True,"დევნილთა, ეკომიგრანტთა და საარსებო წყაროებით უზრუნველყოფა",6664.8,7400.0,8700.0,8700.0,0.0,0.0,True,8700000
2026,source.mof_2026_tavi6_planned_docx,C:\Users\Mylaptop\Downloads\2026 ბიუჯეტი - თავი VI.DOCX,DOCX table 1,491,,,,,,,,,,False,False,მომუშავეთა რიცხოვნობა,178.0,178.0,178.0,178.0,0.0,0.0,False,178000
2026,source.mof_2026_tavi6_planned_docx,C:\Users\Mylaptop\Downloads\2026 ბიუჯეტი - თავი VI.DOCX,DOCX table 1,492,,,,,,,,,,False,False,ხარჯები,6648.0,7300.0,8600.0,8600.0,0.0,0.0,False,8600000
2026,source.mof_2026_tavi6_planned_docx,C:\Users\Mylaptop\Downloads\2026 ბიუჯეტი - თავი VI.DOCX,DOCX table 1,493,,,,,,,,,,False,False,შრომის ანაზღაურება,4428.1,5203.0,6000.0,6000.0,0.0,0.0,False,6000000
2026,source.mof_2026_tavi6_planned_docx,C:\Users\Mylaptop\Downloads\2026 ბიუჯეტი - თავი VI.DOCX,DOCX table 1,494,,,,,,,,,,False,False,არაფინანსური აქტივების ზრდა,16.8,100.0,100.0,100.0,0.0,0.0,False,100000
2026,source.mof_2026_tavi6_planned_docx,C:\Users\Mylaptop\Downloads\2026 ბიუჯეტი - თავი VI.DOCX,DOCX table 1,495,27 01 08,27 01,3,27 00,"საქართველოს ოკუპირებული ტერიტორიებიდან დევნილთა, შრომის, ჯანმრთელობისა და სოციალური დაცვის სამინისტრო",27 01,"ოკუპირებული ტერიტორიებიდან დევნილთა, შრომის, ჯანმრთელობისა და სოციალური დაცვის პროგრამების მართვა",27 01 08,დასაქმების ხელშეწყობის მომსახურებათა მართვა,False,True,დასაქმების ხელშეწყობის მომსახურებათა მართვა,904.1,1825.0,2387.0,2387.0,0.0,0.0,True,2387000
2026,source.mof_2026_tavi6_planned_docx,C:\Users\Mylaptop\Downloads\2026 ბიუჯეტი - თავი VI.DOCX,DOCX table 1,496,,,,,,,,,,False,False,მომუშავეთა რიცხოვნობა,52.0,29.0,32.0,32.0,0.0,0.0,False,32000
2026,source.mof_2026_tavi6_planned_docx,C:\Users\Mylaptop\Downloads\2026 ბიუჯეტი - თავი VI.DOCX,DOCX table 1,497,,,,,,,,,,False,False,ხარჯები,820.2,1775.0,2314.0,2314.0,0.0,0.0,False,2314000
2026,source.mof_2026_tavi6_planned_docx,C:\Users\Mylaptop\Downloads\2026 ბიუჯეტი - თავი VI.DOCX,DOCX table 1,498,,,,,,,,,,False,False,შრომის ანაზღაურება,433.3,1350.0,1590.0,1590.0,0.0,0.0,False,1590000
2026,source.mof_2026_tavi6_planned_docx,C:\Users\Mylaptop\Downloads\2026 ბიუჯეტი - თავი VI.DOCX,DOCX table 1,499,,,,,,,,,,False,False,არაფინანსური აქტივების ზრდა,84.0,50.0,73.0,73.0,0.0,0.0,False,73000
2026,source.mof_2026_tavi6_planned_docx,C:\Users\Mylaptop\Downloads\2026 ბიუჯეტი - თავი VI.DOCX,DOCX table 1,500,27 01 09,27 01,3,27 00,"საქართველოს ოკუპირებული ტერიტორიებიდან დევნილთა, შრომის, ჯანმრთელობისა და სოციალური დაცვის სამინისტრო",27 01,"ოკუპირებული ტერიტორიებიდან დევნილთა, შრომის, ჯანმრთელობისა და სოციალური დაცვის პროგრამების მართვა",27 01 09,ჯანმრთელობის დაცვის პროგრამების მართვა,False,True,ჯანმრთელობის დაცვის პროგრამების მართვა,3033.9,5700.0,6065.0,6065.0,0.0,0.0,True,6065000
2026,source.mof_2026_tavi6_planned_docx,C:\Users\Mylaptop\Downloads\2026 ბიუჯეტი - თავი VI.DOCX,DOCX table 1,501,,,,,,,,,,False,False,მომუშავეთა რიცხოვნობა,216.0,130.0,130.0,130.0,0.0,0.0,False,130000
2026,source.mof_2026_tavi6_planned_docx,C:\Users\Mylaptop\Downloads\2026 ბიუჯეტი - თავი VI.DOCX,DOCX table 1,502,,,,,,,,,,False,False,ხარჯები,3025.0,5670.0,6035.0,6035.0,0.0,0.0,False,6035000
2026,source.mof_2026_tavi6_planned_docx,C:\Users\Mylaptop\Downloads\2026 ბიუჯეტი - თავი VI.DOCX,DOCX table 1,503,,,,,,,,,,False,False,შრომის ანაზღაურება,2496.0,4950.0,5358.0,5358.0,0.0,0.0,False,5358000
2026,source.mof_2026_tavi6_planned_docx,C:\Users\Mylaptop\Downloads\2026 ბიუჯეტი - თავი VI.DOCX,DOCX table 1,504,,,,,,,,,,False,False,არაფინანსური აქტივების ზრდა,8.9,30.0,30.0,30.0,0.0,0.0,False,30000
2026,source.mof_2026_tavi6_planned_docx,C:\Users\Mylaptop\Downloads\2026 ბიუჯეტი - თავი VI.DOCX,DOCX table 1,505,27 01 10,27 01,3,27 00,"საქართველოს ოკუპირებული ტერიტორიებიდან დევნილთა, შრომის, ჯანმრთელობისა და სოციალური დაცვის სამინისტრო",27 01,"ოკუპირებული ტერიტორიებიდან დევნილთა, შრომის, ჯანმრთელობისა და სოციალური დაცვის პროგრამების მართვა",27 01 10,ინფორმაციული ტექნოლოგიების სისტემების განვითარება და მართვა,False,True,ინფორმაციული ტექნოლოგიების სისტემების განვითარება და მართვა,10551.5,10900.0,13850.0,13850.0,0.0,0.0,True,13850000
2026,source.mof_2026_tavi6_planned_docx,C:\Users\Mylaptop\Downloads\2026 ბიუჯეტი - თავი VI.DOCX,DOCX table 1,506,,,,,,,,,,False,False,მომუშავეთა რიცხოვნობა,48.0,48.0,40.0,40.0,0.0,0.0,False,40000
2026,source.mof_2026_tavi6_planned_docx,C:\Users\Mylaptop\Downloads\2026 ბიუჯეტი - თავი VI.DOCX,DOCX table 1,507,,,,,,,,,,False,False,ხარჯები,9566.2,10860.0,13830.0,13830.0,0.0,0.0,False,13830000
2026,source.mof_2026_tavi6_planned_docx,C:\Users\Mylaptop\Downloads\2026 ბიუჯეტი - თავი VI.DOCX,DOCX table 1,508,,,,,,,,,,False,False,შრომის ანაზღაურება,1788.2,3120.0,3419.0,3419.0,0.0,0.0,False,3419000
2026,source.mof_2026_tavi6_planned_docx,C:\Users\Mylaptop\Downloads\2026 ბიუჯეტი - თავი VI.DOCX,DOCX table 1,509,,,,,,,,,,False,False,არაფინანსური აქტივების ზრდა,985.3,40.0,20.0,20.0,0.0,0.0,False,20000
2026,source.mof_2026_tavi6_planned_docx,C:\Users\Mylaptop\Downloads\2026 ბიუჯეტი - თავი VI.DOCX,DOCX table 1,510,27 01 11,27 01,3,27 00,"საქართველოს ოკუპირებული ტერიტორიებიდან დევნილთა, შრომის, ჯანმრთელობისა და სოციალური დაცვის სამინისტრო",27 01,"ოკუპირებული ტერიტორიებიდან დევნილთა, შრომის, ჯანმრთელობისა და სოციალური დაცვის პროგრამების მართვა",27 01 11,მოქალაქეთა ინდივიდუალური სამედიცინო დახმარების ხელშეწყობა და მართვა,False,True,მოქალაქეთა ინდივიდუალური სამედიცინო დახმარების ხელშეწყობა და მართვა,681.9,1104.0,1160.0,1160.0,0.0,0.0,True,1160000
2026,source.mof_2026_tavi6_planned_docx,C:\Users\Mylaptop\Downloads\2026 ბიუჯეტი - თავი VI.DOCX,DOCX table 1,511,,,,,,,,,,False,False,მომუშავეთა რიცხოვნობა,15.0,20.0,20.0,20.0,0.0,0.0,False,20000
2026,source.mof_2026_tavi6_planned_docx,C:\Users\Mylaptop\Downloads\2026 ბიუჯეტი - თავი VI.DOCX,DOCX table 1,512,,,,,,,,,,False,False,ხარჯები,681.9,1104.0,1151.0,1151.0,0.0,0.0,False,1151000
2026,source.mof_2026_tavi6_planned_docx,C:\Users\Mylaptop\Downloads\2026 ბიუჯეტი - თავი VI.DOCX,DOCX table 1,513,,,,,,,,,,False,False,შრომის ანაზღაურება,501.8,864.0,947.0,947.0,0.0,0.0,False,947000
2026,source.mof_2026_tavi6_planned_docx,C:\Users\Mylaptop\Downloads\2026 ბიუჯეტი - თავი VI.DOCX,DOCX table 1,514,,,,,,,,,,False,False,არაფინანსური აქტივების ზრდა,0.0,0.0,9.0,9.0,0.0,0.0,False,9000
2026,source.mof_2026_tavi6_planned_docx,C:\Users\Mylaptop\Downloads\2026 ბიუჯეტი - თავი VI.DOCX,DOCX table 1,515,27 01 12,27 01,3,27 00,"საქართველოს ოკუპირებული ტერიტორიებიდან დევნილთა, შრომის, ჯანმრთელობისა და სოციალური დაცვის სამინისტრო",27 01,"ოკუპირებული ტერიტორიებიდან დევნილთა, შრომის, ჯანმრთელობისა და სოციალური დაცვის პროგრამების მართვა",27 01 12,შრომის პირობების ინსპექტირება,False,True,შრომის პირობების ინსპექტირება,6799.3,8445.0,9120.0,9120.0,0.0,0.0,True,9120000
2026,source.mof_2026_tavi6_planned_docx,C:\Users\Mylaptop\Downloads\2026 ბიუჯეტი - თავი VI.DOCX,DOCX table 1,516,,,,,,,,,,False,False,მომუშავეთა რიცხოვნობა,167.0,190.0,190.0,190.0,0.0,0.0,False,190000
2026,source.mof_2026_tavi6_planned_docx,C:\Users\Mylaptop\Downloads\2026 ბიუჯეტი - თავი VI.DOCX,DOCX table 1,517,,,,,,,,,,False,False,ხარჯები,6694.9,8445.0,9120.0,9120.0,0.0,0.0,False,9120000
2026,source.mof_2026_tavi6_planned_docx,C:\Users\Mylaptop\Downloads\2026 ბიუჯეტი - თავი VI.DOCX,DOCX table 1,518,,,,,,,,,,False,False,შრომის ანაზღაურება,5077.6,7000.0,7674.0,7674.0,0.0,0.0,False,7674000
2026,source.mof_2026_tavi6_planned_docx,C:\Users\Mylaptop\Downloads\2026 ბიუჯეტი - თავი VI.DOCX,DOCX table 1,519,,,,,,,,,,False,False,არაფინანსური აქტივების ზრდა,104.4,0.0,0.0,0.0,0.0,0.0,False,0
2026,source.mof_2026_tavi6_planned_docx,C:\Users\Mylaptop\Downloads\2026 ბიუჯეტი - თავი VI.DOCX,DOCX table 1,520,27 01 13,27 01,3,27 00,"საქართველოს ოკუპირებული ტერიტორიებიდან დევნილთა, შრომის, ჯანმრთელობისა და სოციალური დაცვის სამინისტრო",27 01,"ოკუპირებული ტერიტორიებიდან დევნილთა, შრომის, ჯანმრთელობისა და სოციალური დაცვის პროგრამების მართვა",27 01 13,ადამიანის სისხლისა და მისი კომპონენტების ხარისხისა და უსაფრთხოების მართვა,False,True,ადამიანის სისხლისა და მისი კომპონენტების ხარისხისა და უსაფრთხოების მართვა,0.0,0.0,1300.0,1300.0,0.0,0.0,True,1300000
2026,source.mof_2026_tavi6_planned_docx,C:\Users\Mylaptop\Downloads\2026 ბიუჯეტი - თავი VI.DOCX,DOCX table 1,521,,,,,,,,,,False,False,მომუშავეთა რიცხოვნობა,0.0,0.0,5.0,5.0,0.0,0.0,False,5000
2026,source.mof_2026_tavi6_planned_docx,C:\Users\Mylaptop\Downloads\2026 ბიუჯეტი - თავი VI.DOCX,DOCX table 1,522,,,,,,,,,,False,False,ხარჯები,0.0,0.0,1094.0,1094.0,0.0,0.0,False,1094000
2026,source.mof_2026_tavi6_planned_docx,C:\Users\Mylaptop\Downloads\2026 ბიუჯეტი - თავი VI.DOCX,DOCX table 1,523,,,,,,,,,,False,False,შრომის ანაზღაურება,0.0,0.0,163.0,163.0,0.0,0.0,False,163000
2026,source.mof_2026_tavi6_planned_docx,C:\Users\Mylaptop\Downloads\2026 ბიუჯეტი - თავი VI.DOCX,DOCX table 1,524,,,,,,,,,,False,False,არაფინანსური აქტივების ზრდა,0.0,0.0,206.0,206.0,0.0,0.0,False,206000
2026,source.mof_2026_tavi6_planned_docx,C:\Users\Mylaptop\Downloads\2026 ბიუჯეტი - თავი VI.DOCX,DOCX table 1,525,27 02,27 00,2,27 00,"საქართველოს ოკუპირებული ტერიტორიებიდან დევნილთა, შრომის, ჯანმრთელობისა და სოციალური დაცვის სამინისტრო",27 02,მოსახლეობის სოციალური დაცვა,,,False,True,მოსახლეობის სოციალური დაცვა,5673549.1,6353530.0,6931400.0,6931400.0,0.0,0.0,False,6931400000
2026,source.mof_2026_tavi6_planned_docx,C:\Users\Mylaptop\Downloads\2026 ბიუჯეტი - თავი VI.DOCX,DOCX table 1,526,,,,,,,,,,False,False,ხარჯები,5673444.0,6353520.0,6928890.0,6928890.0,0.0,0.0,False,6928890000
2026,source.mof_2026_tavi6_planned_docx,C:\Users\Mylaptop\Downloads\2026 ბიუჯეტი - თავი VI.DOCX,DOCX table 1,527,,,,,,,,,,False,False,არაფინანსური აქტივების ზრდა,105.1,10.0,2510.0,2510.0,0.0,0.0,False,2510000
2026,source.mof_2026_tavi6_planned_docx,C:\Users\Mylaptop\Downloads\2026 ბიუჯეტი - თავი VI.DOCX,DOCX table 1,528,27 02 01,27 02,3,27 00,"საქართველოს ოკუპირებული ტერიტორიებიდან დევნილთა, შრომის, ჯანმრთელობისა და სოციალური დაცვის სამინისტრო",27 02,მოსახლეობის სოციალური დაცვა,27 02 01,მოსახლეობის საპენსიო უზრუნველყოფა,False,True,მოსახლეობის საპენსიო უზრუნველყოფა,3963665.7,4498000.0,5015000.0,5015000.0,0.0,0.0,True,5015000000
2026,source.mof_2026_tavi6_planned_docx,C:\Users\Mylaptop\Downloads\2026 ბიუჯეტი - თავი VI.DOCX,DOCX table 1,529,,,,,,,,,,False,False,ხარჯები,3963665.7,4498000.0,5015000.0,5015000.0,0.0,0.0,False,5015000000
2026,source.mof_2026_tavi6_planned_docx,C:\Users\Mylaptop\Downloads\2026 ბიუჯეტი - თავი VI.DOCX,DOCX table 1,530,27 02 02,27 02,3,27 00,"საქართველოს ოკუპირებული ტერიტორიებიდან დევნილთა, შრომის, ჯანმრთელობისა და სოციალური დაცვის სამინისტრო",27 02,მოსახლეობის სოციალური დაცვა,27 02 02,მოსახლეობის მიზნობრივი ჯგუფების სოციალური დახმარება,False,True,მოსახლეობის მიზნობრივი ჯგუფების სოციალური დახმარება,1517015.1,1638900.0,1641500.0,1641500.0,0.0,0.0,True,1641500000
2026,source.mof_2026_tavi6_planned_docx,C:\Users\Mylaptop\Downloads\2026 ბიუჯეტი - თავი VI.DOCX,DOCX table 1,531,,,,,,,,,,False,False,ხარჯები,1517015.1,1638900.0,1641500.0,1641500.0,0.0,0.0,False,1641500000
2026,source.mof_2026_tavi6_planned_docx,C:\Users\Mylaptop\Downloads\2026 ბიუჯეტი - თავი VI.DOCX,DOCX table 1,532,27 02 03,27 02,3,27 00,"საქართველოს ოკუპირებული ტერიტორიებიდან დევნილთა, შრომის, ჯანმრთელობისა და სოციალური დაცვის სამინისტრო",27 02,მოსახლეობის სოციალური დაცვა,27 02 03,სოციალური რეაბილიტაცია და ბავშვზე ზრუნვა,False,True,სოციალური რეაბილიტაცია და ბავშვზე ზრუნვა,79963.2,95000.0,124500.0,124500.0,0.0,0.0,True,124500000
2026,source.mof_2026_tavi6_planned_docx,C:\Users\Mylaptop\Downloads\2026 ბიუჯეტი - თავი VI.DOCX,DOCX table 1,533,,,,,,,,,,False,False,ხარჯები,79963.2,95000.0,124500.0,124500.0,0.0,0.0,False,124500000
2026,source.mof_2026_tavi6_planned_docx,C:\Users\Mylaptop\Downloads\2026 ბიუჯეტი - თავი VI.DOCX,DOCX table 1,534,27 02 04,27 02,3,27 00,"საქართველოს ოკუპირებული ტერიტორიებიდან დევნილთა, შრომის, ჯანმრთელობისა და სოციალური დაცვის სამინისტრო",27 02,მოსახლეობის სოციალური დაცვა,27 02 04,სოციალური შეღავათები მაღალმთიან დასახლებაში,False,True,სოციალური შეღავათები მაღალმთიან დასახლებაში,104019.0,113000.0,134500.0,134500.0,0.0,0.0,True,134500000
2026,source.mof_2026_tavi6_planned_docx,C:\Users\Mylaptop\Downloads\2026 ბიუჯეტი - თავი VI.DOCX,DOCX table 1,535,,,,,,,,,,False,False,ხარჯები,104019.0,113000.0,134500.0,134500.0,0.0,0.0,False,134500000
2026,source.mof_2026_tavi6_planned_docx,C:\Users\Mylaptop\Downloads\2026 ბიუჯეტი - თავი VI.DOCX,DOCX table 1,536,27 02 05,27 02,3,27 00,"საქართველოს ოკუპირებული ტერიტორიებიდან დევნილთა, შრომის, ჯანმრთელობისა და სოციალური დაცვის სამინისტრო",27 02,მოსახლეობის სოციალური დაცვა,27 02 05,"სახელმწიფო ზრუნვის, ადამიანით ვაჭრობის (ტრეფიკინგის) მსხვერპლთა დაცვისა და დახმარების უზრუნველყოფა",False,True,"სახელმწიფო ზრუნვის, ადამიანით ვაჭრობის (ტრეფიკინგის) მსხვერპლთა დაცვისა და დახმარების უზრუნველყოფა",8886.0,8630.0,15900.0,15900.0,0.0,0.0,True,15900000
2026,source.mof_2026_tavi6_planned_docx,C:\Users\Mylaptop\Downloads\2026 ბიუჯეტი - თავი VI.DOCX,DOCX table 1,537,,,,,,,,,,False,False,ხარჯები,8780.9,8620.0,13390.0,13390.0,0.0,0.0,False,13390000
2026,source.mof_2026_tavi6_planned_docx,C:\Users\Mylaptop\Downloads\2026 ბიუჯეტი - თავი VI.DOCX,DOCX table 1,538,,,,,,,,,,False,False,არაფინანსური აქტივების ზრდა,105.1,10.0,2510.0,2510.0,0.0,0.0,False,2510000
2026,source.mof_2026_tavi6_planned_docx,C:\Users\Mylaptop\Downloads\2026 ბიუჯეტი - თავი VI.DOCX,DOCX table 1,539,27 03,27 00,2,27 00,"საქართველოს ოკუპირებული ტერიტორიებიდან დევნილთა, შრომის, ჯანმრთელობისა და სოციალური დაცვის სამინისტრო",27 03,მოსახლეობის ჯანმრთელობის დაცვა,,,False,True,მოსახლეობის ჯანმრთელობის დაცვა,1916792.7,1859036.0,2219895.0,2219895.0,0.0,0.0,False,2219895000
2026,source.mof_2026_tavi6_planned_docx,C:\Users\Mylaptop\Downloads\2026 ბიუჯეტი - თავი VI.DOCX,DOCX table 1,540,,,,,,,,,,False,False,ხარჯები,1898152.3,1837574.0,2201435.0,2201435.0,0.0,0.0,False,2201435000
2026,source.mof_2026_tavi6_planned_docx,C:\Users\Mylaptop\Downloads\2026 ბიუჯეტი - თავი VI.DOCX,DOCX table 1,541,,,,,,,,,,False,False,შრომის ანაზღაურება,129.4,0.0,0.0,0.0,0.0,0.0,False,0
2026,source.mof_2026_tavi6_planned_docx,C:\Users\Mylaptop\Downloads\2026 ბიუჯეტი - თავი VI.DOCX,DOCX table 1,542,,,,,,,,,,False,False,არაფინანსური აქტივების ზრდა,18640.4,21462.0,18460.0,18460.0,0.0,0.0,False,18460000
2026,source.mof_2026_tavi6_planned_docx,C:\Users\Mylaptop\Downloads\2026 ბიუჯეტი - თავი VI.DOCX,DOCX table 1,543,27 03 01,27 03,3,27 00,"საქართველოს ოკუპირებული ტერიტორიებიდან დევნილთა, შრომის, ჯანმრთელობისა და სოციალური დაცვის სამინისტრო",27 03,მოსახლეობის ჯანმრთელობის დაცვა,27 03 01,მოსახლეობის საყოველთაო ჯანმრთელობის დაცვა,False,True,მოსახლეობის საყოველთაო ჯანმრთელობის დაცვა,1346451.9,1220000.0,1500000.0,1500000.0,0.0,0.0,True,1500000000
2026,source.mof_2026_tavi6_planned_docx,C:\Users\Mylaptop\Downloads\2026 ბიუჯეტი - თავი VI.DOCX,DOCX table 1,544,,,,,,,,,,False,False,ხარჯები,1331813.6,1202150.0,1483000.0,1483000.0,0.0,0.0,False,1483000000
2026,source.mof_2026_tavi6_planned_docx,C:\Users\Mylaptop\Downloads\2026 ბიუჯეტი - თავი VI.DOCX,DOCX table 1,545,,,,,,,,,,False,False,არაფინანსური აქტივების ზრდა,14638.2,17850.0,17000.0,17000.0,0.0,0.0,False,17000000
2026,source.mof_2026_tavi6_planned_docx,C:\Users\Mylaptop\Downloads\2026 ბიუჯეტი - თავი VI.DOCX,DOCX table 1,546,27 03 02,27 03,3,27 00,"საქართველოს ოკუპირებული ტერიტორიებიდან დევნილთა, შრომის, ჯანმრთელობისა და სოციალური დაცვის სამინისტრო",27 03,მოსახლეობის ჯანმრთელობის დაცვა,27 03 02,საზოგადოებრივი ჯანმრთელობის დაცვა,False,True,საზოგადოებრივი ჯანმრთელობის დაცვა,116658.7,126190.0,148895.0,148895.0,0.0,0.0,False,148895000
2026,source.mof_2026_tavi6_planned_docx,C:\Users\Mylaptop\Downloads\2026 ბიუჯეტი - თავი VI.DOCX,DOCX table 1,547,,,,,,,,,,False,False,ხარჯები,115442.2,126190.0,148845.0,148845.0,0.0,0.0,False,148845000
2026,source.mof_2026_tavi6_planned_docx,C:\Users\Mylaptop\Downloads\2026 ბიუჯეტი - თავი VI.DOCX,DOCX table 1,548,,,,,,,,,,False,False,შრომის ანაზღაურება,129.4,0.0,0.0,0.0,0.0,0.0,False,0
2026,source.mof_2026_tavi6_planned_docx,C:\Users\Mylaptop\Downloads\2026 ბიუჯეტი - თავი VI.DOCX,DOCX table 1,549,,,,,,,,,,False,False,არაფინანსური აქტივების ზრდა,1216.5,0.0,50.0,50.0,0.0,0.0,False,50000
2026,source.mof_2026_tavi6_planned_docx,C:\Users\Mylaptop\Downloads\2026 ბიუჯეტი - თავი VI.DOCX,DOCX table 1,550,27 03 02 01,27 03 02,4,27 00,"საქართველოს ოკუპირებული ტერიტორიებიდან დევნილთა, შრომის, ჯანმრთელობისა და სოციალური დაცვის სამინისტრო",27 03,მოსახლეობის ჯანმრთელობის დაცვა,27 03 02,საზოგადოებრივი ჯანმრთელობის დაცვა,False,True,დაავადებათა ადრეული გამოვლენა და სკრინინგი,2924.3,3200.0,4600.0,4600.0,0.0,0.0,True,4600000
2026,source.mof_2026_tavi6_planned_docx,C:\Users\Mylaptop\Downloads\2026 ბიუჯეტი - თავი VI.DOCX,DOCX table 1,551,,,,,,,,,,False,False,ხარჯები,2923.1,3200.0,4600.0,4600.0,0.0,0.0,False,4600000
2026,source.mof_2026_tavi6_planned_docx,C:\Users\Mylaptop\Downloads\2026 ბიუჯეტი - თავი VI.DOCX,DOCX table 1,552,,,,,,,,,,False,False,არაფინანსური აქტივების ზრდა,1.2,0.0,0.0,0.0,0.0,0.0,False,0
2026,source.mof_2026_tavi6_planned_docx,C:\Users\Mylaptop\Downloads\2026 ბიუჯეტი - თავი VI.DOCX,DOCX table 1,553,27 03 02 02,27 03 02,4,27 00,"საქართველოს ოკუპირებული ტერიტორიებიდან დევნილთა, შრომის, ჯანმრთელობისა და სოციალური დაცვის სამინისტრო",27 03,მოსახლეობის ჯანმრთელობის დაცვა,27 03 02,საზოგადოებრივი ჯანმრთელობის დაცვა,False,True,იმუნიზაცია,24848.6,30000.0,30000.0,30000.0,0.0,0.0,True,30000000
2026,source.mof_2026_tavi6_planned_docx,C:\Users\Mylaptop\Downloads\2026 ბიუჯეტი - თავი VI.DOCX,DOCX table 1,554,,,,,,,,,,False,False,ხარჯები,24848.6,30000.0,29950.0,29950.0,0.0,0.0,False,29950000
2026,source.mof_2026_tavi6_planned_docx,C:\Users\Mylaptop\Downloads\2026 ბიუჯეტი - თავი VI.DOCX,DOCX table 1,555,,,,,,,,,,False,False,არაფინანსური აქტივების ზრდა,0.0,0.0,50.0,50.0,0.0,0.0,False,50000
2026,source.mof_2026_tavi6_planned_docx,C:\Users\Mylaptop\Downloads\2026 ბიუჯეტი - თავი VI.DOCX,DOCX table 1,556,27 03 02 03,27 03 02,4,27 00,"საქართველოს ოკუპირებული ტერიტორიებიდან დევნილთა, შრომის, ჯანმრთელობისა და სოციალური დაცვის სამინისტრო",27 03,მოსახლეობის ჯანმრთელობის დაცვა,27 03 02,საზოგადოებრივი ჯანმრთელობის დაცვა,False,True,ეპიდზედამხედველობა,3483.0,2700.0,4000.0,4000.0,0.0,0.0,True,4000000
2026,source.mof_2026_tavi6_planned_docx,C:\Users\Mylaptop\Downloads\2026 ბიუჯეტი - თავი VI.DOCX,DOCX table 1,557,,,,,,,,,,False,False,ხარჯები,3447.0,2700.0,4000.0,4000.0,0.0,0.0,False,4000000
2026,source.mof_2026_tavi6_planned_docx,C:\Users\Mylaptop\Downloads\2026 ბიუჯეტი - თავი VI.DOCX,DOCX table 1,558,,,,,,,,,,False,False,არაფინანსური აქტივების ზრდა,36.0,0.0,0.0,0.0,0.0,0.0,False,0
2026,source.mof_2026_tavi6_planned_docx,C:\Users\Mylaptop\Downloads\2026 ბიუჯეტი - თავი VI.DOCX,DOCX table 1,559,27 03 02 04,27 03 02,4,27 00,"საქართველოს ოკუპირებული ტერიტორიებიდან დევნილთა, შრომის, ჯანმრთელობისა და სოციალური დაცვის სამინისტრო",27 03,მოსახლეობის ჯანმრთელობის დაცვა,27 03 02,საზოგადოებრივი ჯანმრთელობის დაცვა,False,True,უსაფრთხო სისხლი,5491.2,6500.0,7000.0,7000.0,0.0,0.0,True,7000000
2026,source.mof_2026_tavi6_planned_docx,C:\Users\Mylaptop\Downloads\2026 ბიუჯეტი - თავი VI.DOCX,DOCX table 1,560,,,,,,,,,,False,False,ხარჯები,5491.2,6500.0,7000.0,7000.0,0.0,0.0,False,7000000
2026,source.mof_2026_tavi6_planned_docx,C:\Users\Mylaptop\Downloads\2026 ბიუჯეტი - თავი VI.DOCX,DOCX table 1,561,27 03 02 05,27 03 02,4,27 00,"საქართველოს ოკუპირებული ტერიტორიებიდან დევნილთა, შრომის, ჯანმრთელობისა და სოციალური დაცვის სამინისტრო",27 03,მოსახლეობის ჯანმრთელობის დაცვა,27 03 02,საზოგადოებრივი ჯანმრთელობის დაცვა,False,True,"საზოგადოებრივი ჯანდაცვის, გარემოსა და პროფესიულ დაავადებათა ჯანმრთელობის სფეროში არსებული ვალდებულებების ხელშეწყობა",275.5,290.0,295.0,295.0,0.0,0.0,True,295000
2026,source.mof_2026_tavi6_planned_docx,C:\Users\Mylaptop\Downloads\2026 ბიუჯეტი - თავი VI.DOCX,DOCX table 1,562,,,,,,,,,,False,False,ხარჯები,275.5,290.0,295.0,295.0,0.0,0.0,False,295000
2026,source.mof_2026_tavi6_planned_docx,C:\Users\Mylaptop\Downloads\2026 ბიუჯეტი - თავი VI.DOCX,DOCX table 1,563,27 03 02 06,27 03 02,4,27 00,"საქართველოს ოკუპირებული ტერიტორიებიდან დევნილთა, შრომის, ჯანმრთელობისა და სოციალური დაცვის სამინისტრო",27 03,მოსახლეობის ჯანმრთელობის დაცვა,27 03 02,საზოგადოებრივი ჯანმრთელობის დაცვა,False,True,ტუბერკულოზის მართვა,15956.5,17500.0,18000.0,18000.0,0.0,0.0,True,18000000
2026,source.mof_2026_tavi6_planned_docx,C:\Users\Mylaptop\Downloads\2026 ბიუჯეტი - თავი VI.DOCX,DOCX table 1,564,,,,,,,,,,False,False,ხარჯები,14784.9,17500.0,18000.0,18000.0,0.0,0.0,False,18000000
2026,source.mof_2026_tavi6_planned_docx,C:\Users\Mylaptop\Downloads\2026 ბიუჯეტი - თავი VI.DOCX,DOCX table 1,565,,,,,,,,,,False,False,შრომის ანაზღაურება,41.3,0.0,0.0,0.0,0.0,0.0,False,0
2026,source.mof_2026_tavi6_planned_docx,C:\Users\Mylaptop\Downloads\2026 ბიუჯეტი - თავი VI.DOCX,DOCX table 1,566,,,,,,,,,,False,False,არაფინანსური აქტივების ზრდა,1171.7,0.0,0.0,0.0,0.0,0.0,False,0
2026,source.mof_2026_tavi6_planned_docx,C:\Users\Mylaptop\Downloads\2026 ბიუჯეტი - თავი VI.DOCX,DOCX table 1,567,27 03 02 07,27 03 02,4,27 00,"საქართველოს ოკუპირებული ტერიტორიებიდან დევნილთა, შრომის, ჯანმრთელობისა და სოციალური დაცვის სამინისტრო",27 03,მოსახლეობის ჯანმრთელობის დაცვა,27 03 02,საზოგადოებრივი ჯანმრთელობის დაცვა,False,True,აივ ინფექციის/შიდსის მართვა,23295.4,18200.0,19000.0,19000.0,0.0,0.0,True,19000000
2026,source.mof_2026_tavi6_planned_docx,C:\Users\Mylaptop\Downloads\2026 ბიუჯეტი - თავი VI.DOCX,DOCX table 1,568,,,,,,,,,,False,False,ხარჯები,23287.8,18200.0,19000.0,19000.0,0.0,0.0,False,19000000
2026,source.mof_2026_tavi6_planned_docx,C:\Users\Mylaptop\Downloads\2026 ბიუჯეტი - თავი VI.DOCX,DOCX table 1,569,,,,,,,,,,False,False,შრომის ანაზღაურება,88.1,0.0,0.0,0.0,0.0,0.0,False,0
2026,source.mof_2026_tavi6_planned_docx,C:\Users\Mylaptop\Downloads\2026 ბიუჯეტი - თავი VI.DOCX,DOCX table 1,570,,,,,,,,,,False,False,არაფინანსური აქტივების ზრდა,7.6,0.0,0.0,0.0,0.0,0.0,False,0
2026,source.mof_2026_tavi6_planned_docx,C:\Users\Mylaptop\Downloads\2026 ბიუჯეტი - თავი VI.DOCX,DOCX table 1,571,27 03 02 08,27 03 02,4,27 00,"საქართველოს ოკუპირებული ტერიტორიებიდან დევნილთა, შრომის, ჯანმრთელობისა და სოციალური დაცვის სამინისტრო",27 03,მოსახლეობის ჯანმრთელობის დაცვა,27 03 02,საზოგადოებრივი ჯანმრთელობის დაცვა,False,True,დედათა და ბავშვთა ჯანმრთელობა,8647.4,9800.0,9800.0,9800.0,0.0,0.0,True,9800000
2026,source.mof_2026_tavi6_planned_docx,C:\Users\Mylaptop\Downloads\2026 ბიუჯეტი - თავი VI.DOCX,DOCX table 1,572,,,,,,,,,,False,False,ხარჯები,8647.4,9800.0,9800.0,9800.0,0.0,0.0,False,9800000
2026,source.mof_2026_tavi6_planned_docx,C:\Users\Mylaptop\Downloads\2026 ბიუჯეტი - თავი VI.DOCX,DOCX table 1,573,27 03 02 09,27 03 02,4,27 00,"საქართველოს ოკუპირებული ტერიტორიებიდან დევნილთა, შრომის, ჯანმრთელობისა და სოციალური დაცვის სამინისტრო",27 03,მოსახლეობის ჯანმრთელობის დაცვა,27 03 02,საზოგადოებრივი ჯანმრთელობის დაცვა,False,True,ნარკომანიით დაავადებულ პაციენტთა მკურნალობა,12330.4,15000.0,28000.0,28000.0,0.0,0.0,True,28000000
2026,source.mof_2026_tavi6_planned_docx,C:\Users\Mylaptop\Downloads\2026 ბიუჯეტი - თავი VI.DOCX,DOCX table 1,574,,,,,,,,,,False,False,ხარჯები,12330.4,15000.0,28000.0,28000.0,0.0,0.0,False,28000000
2026,source.mof_2026_tavi6_planned_docx,C:\Users\Mylaptop\Downloads\2026 ბიუჯეტი - თავი VI.DOCX,DOCX table 1,575,27 03 02 10,27 03 02,4,27 00,"საქართველოს ოკუპირებული ტერიტორიებიდან დევნილთა, შრომის, ჯანმრთელობისა და სოციალური დაცვის სამინისტრო",27 03,მოსახლეობის ჯანმრთელობის დაცვა,27 03 02,საზოგადოებრივი ჯანმრთელობის დაცვა,False,True,ჯანმრთელობის ხელშეწყობა,1286.8,2000.0,2000.0,2000.0,0.0,0.0,True,2000000
2026,source.mof_2026_tavi6_planned_docx,C:\Users\Mylaptop\Downloads\2026 ბიუჯეტი - თავი VI.DOCX,DOCX table 1,576,,,,,,,,,,False,False,ხარჯები,1286.8,2000.0,2000.0,2000.0,0.0,0.0,False,2000000
2026,source.mof_2026_tavi6_planned_docx,C:\Users\Mylaptop\Downloads\2026 ბიუჯეტი - თავი VI.DOCX,DOCX table 1,577,27 03 02 11,27 03 02,4,27 00,"საქართველოს ოკუპირებული ტერიტორიებიდან დევნილთა, შრომის, ჯანმრთელობისა და სოციალური დაცვის სამინისტრო",27 03,მოსახლეობის ჯანმრთელობის დაცვა,27 03 02,საზოგადოებრივი ჯანმრთელობის დაცვა,False,True,ჰეპატიტის მართვა,3998.0,5000.0,9200.0,9200.0,0.0,0.0,True,9200000
2026,source.mof_2026_tavi6_planned_docx,C:\Users\Mylaptop\Downloads\2026 ბიუჯეტი - თავი VI.DOCX,DOCX table 1,578,,,,,,,,,,False,False,ხარჯები,3998.0,5000.0,9200.0,9200.0,0.0,0.0,False,9200000
2026,source.mof_2026_tavi6_planned_docx,C:\Users\Mylaptop\Downloads\2026 ბიუჯეტი - თავი VI.DOCX,DOCX table 1,579,27 03 02 12,27 03 02,4,27 00,"საქართველოს ოკუპირებული ტერიტორიებიდან დევნილთა, შრომის, ჯანმრთელობისა და სოციალური დაცვის სამინისტრო",27 03,მოსახლეობის ჯანმრთელობის დაცვა,27 03 02,საზოგადოებრივი ჯანმრთელობის დაცვა,False,True,საზოგადოებრივი ჯანმრთელობის დაცვის ღონისძიებების დელეგირებული უფლებამოსილების განხორციელების ხელშეწყობა,14121.5,16000.0,17000.0,17000.0,0.0,0.0,True,17000000
2026,source.mof_2026_tavi6_planned_docx,C:\Users\Mylaptop\Downloads\2026 ბიუჯეტი - თავი VI.DOCX,DOCX table 1,580,,,,,,,,,,False,False,ხარჯები,14121.5,16000.0,17000.0,17000.0,0.0,0.0,False,17000000
2026,source.mof_2026_tavi6_planned_docx,C:\Users\Mylaptop\Downloads\2026 ბიუჯეტი - თავი VI.DOCX,DOCX table 1,581,27 03 03,27 03,3,27 00,"საქართველოს ოკუპირებული ტერიტორიებიდან დევნილთა, შრომის, ჯანმრთელობისა და სოციალური დაცვის სამინისტრო",27 03,მოსახლეობის ჯანმრთელობის დაცვა,27 03 03,მოსახლეობისთვის სამედიცინო მომსახურების მიწოდება პრიორიტეტულ სფეროებში,False,True,მოსახლეობისთვის სამედიცინო მომსახურების მიწოდება პრიორიტეტულ სფეროებში,453303.6,512346.0,570500.0,570500.0,0.0,0.0,False,570500000
2026,source.mof_2026_tavi6_planned_docx,C:\Users\Mylaptop\Downloads\2026 ბიუჯეტი - თავი VI.DOCX,DOCX table 1,582,,,,,,,,,,False,False,ხარჯები,450737.9,508734.0,569090.0,569090.0,0.0,0.0,False,569090000
2026,source.mof_2026_tavi6_planned_docx,C:\Users\Mylaptop\Downloads\2026 ბიუჯეტი - თავი VI.DOCX,DOCX table 1,583,,,,,,,,,,False,False,არაფინანსური აქტივების ზრდა,2565.6,3612.0,1410.0,1410.0,0.0,0.0,False,1410000
2026,source.mof_2026_tavi6_planned_docx,C:\Users\Mylaptop\Downloads\2026 ბიუჯეტი - თავი VI.DOCX,DOCX table 1,584,27 03 03 01,27 03 03,4,27 00,"საქართველოს ოკუპირებული ტერიტორიებიდან დევნილთა, შრომის, ჯანმრთელობისა და სოციალური დაცვის სამინისტრო",27 03,მოსახლეობის ჯანმრთელობის დაცვა,27 03 03,მოსახლეობისთვის სამედიცინო მომსახურების მიწოდება პრიორიტეტულ სფეროებში,False,True,ფსიქიკური ჯანმრთელობა,39615.2,50000.0,55000.0,55000.0,0.0,0.0,True,55000000
2026,source.mof_2026_tavi6_planned_docx,C:\Users\Mylaptop\Downloads\2026 ბიუჯეტი - თავი VI.DOCX,DOCX table 1,585,,,,,,,,,,False,False,ხარჯები,39615.2,50000.0,55000.0,55000.0,0.0,0.0,False,55000000
2026,source.mof_2026_tavi6_planned_docx,C:\Users\Mylaptop\Downloads\2026 ბიუჯეტი - თავი VI.DOCX,DOCX table 1,586,27 03 03 02,27 03 03,4,27 00,"საქართველოს ოკუპირებული ტერიტორიებიდან დევნილთა, შრომის, ჯანმრთელობისა და სოციალური დაცვის სამინისტრო",27 03,მოსახლეობის ჯანმრთელობის დაცვა,27 03 03,მოსახლეობისთვის სამედიცინო მომსახურების მიწოდება პრიორიტეტულ სფეროებში,False,True,დიაბეტის მართვა,22719.8,30000.0,30000.0,30000.0,0.0,0.0,True,30000000
2026,source.mof_2026_tavi6_planned_docx,C:\Users\Mylaptop\Downloads\2026 ბიუჯეტი - თავი VI.DOCX,DOCX table 1,587,,,,,,,,,,False,False,ხარჯები,22719.8,30000.0,30000.0,30000.0,0.0,0.0,False,30000000
2026,source.mof_2026_tavi6_planned_docx,C:\Users\Mylaptop\Downloads\2026 ბიუჯეტი - თავი VI.DOCX,DOCX table 1,588,27 03 03 03,27 03 03,4,27 00,"საქართველოს ოკუპირებული ტერიტორიებიდან დევნილთა, შრომის, ჯანმრთელობისა და სოციალური დაცვის სამინისტრო",27 03,მოსახლეობის ჯანმრთელობის დაცვა,27 03 03,მოსახლეობისთვის სამედიცინო მომსახურების მიწოდება პრიორიტეტულ სფეროებში,False,True,ორგანოთა ტრანსპლანტაცია,11207.2,8500.0,12000.0,12000.0,0.0,0.0,True,12000000
2026,source.mof_2026_tavi6_planned_docx,C:\Users\Mylaptop\Downloads\2026 ბიუჯეტი - თავი VI.DOCX,DOCX table 1,589,,,,,,,,,,False,False,ხარჯები,11207.2,8500.0,12000.0,12000.0,0.0,0.0,False,12000000
2026,source.mof_2026_tavi6_planned_docx,C:\Users\Mylaptop\Downloads\2026 ბიუჯეტი - თავი VI.DOCX,DOCX table 1,590,27 03 03 04,27 03 03,4,27 00,"საქართველოს ოკუპირებული ტერიტორიებიდან დევნილთა, შრომის, ჯანმრთელობისა და სოციალური დაცვის სამინისტრო",27 03,მოსახლეობის ჯანმრთელობის დაცვა,27 03 03,მოსახლეობისთვის სამედიცინო მომსახურების მიწოდება პრიორიტეტულ სფეროებში,False,True,დიალიზი და თირკმლის ტრანსპლანტაცია,38579.2,50000.0,52000.0,52000.0,0.0,0.0,True,52000000
2026,source.mof_2026_tavi6_planned_docx,C:\Users\Mylaptop\Downloads\2026 ბიუჯეტი - თავი VI.DOCX,DOCX table 1,591,,,,,,,,,,False,False,ხარჯები,38579.2,50000.0,52000.0,52000.0,0.0,0.0,False,52000000
2026,source.mof_2026_tavi6_planned_docx,C:\Users\Mylaptop\Downloads\2026 ბიუჯეტი - თავი VI.DOCX,DOCX table 1,592,27 03 03 05,27 03 03,4,27 00,"საქართველოს ოკუპირებული ტერიტორიებიდან დევნილთა, შრომის, ჯანმრთელობისა და სოციალური დაცვის სამინისტრო",27 03,მოსახლეობის ჯანმრთელობის დაცვა,27 03 03,მოსახლეობისთვის სამედიცინო მომსახურების მიწოდება პრიორიტეტულ სფეროებში,False,True,ინკურაბელურ პაციენტთა პალიატიური მზრუნველობა,6689.6,7100.0,8500.0,8500.0,0.0,0.0,True,8500000
2026,source.mof_2026_tavi6_planned_docx,C:\Users\Mylaptop\Downloads\2026 ბიუჯეტი - თავი VI.DOCX,DOCX table 1,593,,,,,,,,,,False,False,ხარჯები,6689.6,7100.0,8500.0,8500.0,0.0,0.0,False,8500000
2026,source.mof_2026_tavi6_planned_docx,C:\Users\Mylaptop\Downloads\2026 ბიუჯეტი - თავი VI.DOCX,DOCX table 1,594,27 03 03 06,27 03 03,4,27 00,"საქართველოს ოკუპირებული ტერიტორიებიდან დევნილთა, შრომის, ჯანმრთელობისა და სოციალური დაცვის სამინისტრო",27 03,მოსახლეობის ჯანმრთელობის დაცვა,27 03 03,მოსახლეობისთვის სამედიცინო მომსახურების მიწოდება პრიორიტეტულ სფეროებში,False,True,იშვიათი დაავადებების მქონე და მუდმივ ჩანაცვლებით მკურნალობას დაქვემდებარებულ პაციენტთა მკურნალობა,42742.3,55000.0,70000.0,70000.0,0.0,0.0,True,70000000
2026,source.mof_2026_tavi6_planned_docx,C:\Users\Mylaptop\Downloads\2026 ბიუჯეტი - თავი VI.DOCX,DOCX table 1,595,,,,,,,,,,False,False,ხარჯები,42742.3,55000.0,70000.0,70000.0,0.0,0.0,False,70000000
2026,source.mof_2026_tavi6_planned_docx,C:\Users\Mylaptop\Downloads\2026 ბიუჯეტი - თავი VI.DOCX,DOCX table 1,596,27 03 03 07,27 03 03,4,27 00,"საქართველოს ოკუპირებული ტერიტორიებიდან დევნილთა, შრომის, ჯანმრთელობისა და სოციალური დაცვის სამინისტრო",27 03,მოსახლეობის ჯანმრთელობის დაცვა,27 03 03,მოსახლეობისთვის სამედიცინო მომსახურების მიწოდება პრიორიტეტულ სფეროებში,False,True,პირველადი და გადაუდებელი სამედიცინო დახმარების უზრუნველყოფა,219022.0,240900.0,273000.0,273000.0,0.0,0.0,True,273000000
2026,source.mof_2026_tavi6_planned_docx,C:\Users\Mylaptop\Downloads\2026 ბიუჯეტი - თავი VI.DOCX,DOCX table 1,597,,,,,,,,,,False,False,ხარჯები,216456.3,237288.0,271590.0,271590.0,0.0,0.0,False,271590000
2026,source.mof_2026_tavi6_planned_docx,C:\Users\Mylaptop\Downloads\2026 ბიუჯეტი - თავი VI.DOCX,DOCX table 1,598,,,,,,,,,,False,False,არაფინანსური აქტივების ზრდა,2565.6,3612.0,1410.0,1410.0,0.0,0.0,False,1410000
2026,source.mof_2026_tavi6_planned_docx,C:\Users\Mylaptop\Downloads\2026 ბიუჯეტი - თავი VI.DOCX,DOCX table 1,599,27 03 03 08,27 03 03,4,27 00,"საქართველოს ოკუპირებული ტერიტორიებიდან დევნილთა, შრომის, ჯანმრთელობისა და სოციალური დაცვის სამინისტრო",27 03,მოსახლეობის ჯანმრთელობის დაცვა,27 03 03,მოსახლეობისთვის სამედიცინო მომსახურების მიწოდება პრიორიტეტულ სფეროებში,False,True,რეფერალური მომსახურება,70496.5,69846.0,70000.0,70000.0,0.0,0.0,True,70000000
2026,source.mof_2026_tavi6_planned_docx,C:\Users\Mylaptop\Downloads\2026 ბიუჯეტი - თავი VI.DOCX,DOCX table 1,600,,,,,,,,,,False,False,ხარჯები,70496.5,69846.0,70000.0,70000.0,0.0,0.0,False,70000000
2026,source.mof_2026_tavi6_planned_docx,C:\Users\Mylaptop\Downloads\2026 ბიუჯეტი - თავი VI.DOCX,DOCX table 1,601,27 03 03 09,27 03 03,4,27 00,"საქართველოს ოკუპირებული ტერიტორიებიდან დევნილთა, შრომის, ჯანმრთელობისა და სოციალური დაცვის სამინისტრო",27 03,მოსახლეობის ჯანმრთელობის დაცვა,27 03 03,მოსახლეობისთვის სამედიცინო მომსახურების მიწოდება პრიორიტეტულ სფეროებში,False,True,წვევამდელთა ეროვნულ სამხედრო სამსახურში გასაწვევ პირთა სამედიცინო შემოწმება,828.4,1000.0,0.0,0.0,0.0,0.0,True,0
2026,source.mof_2026_tavi6_planned_docx,C:\Users\Mylaptop\Downloads\2026 ბიუჯეტი - თავი VI.DOCX,DOCX table 1,602,,,,,,,,,,False,False,ხარჯები,828.4,1000.0,0.0,0.0,0.0,0.0,False,0
2026,source.mof_2026_tavi6_planned_docx,C:\Users\Mylaptop\Downloads\2026 ბიუჯეტი - თავი VI.DOCX,DOCX table 1,603,27 03 03 10,27 03 03,4,27 00,"საქართველოს ოკუპირებული ტერიტორიებიდან დევნილთა, შრომის, ჯანმრთელობისა და სოციალური დაცვის სამინისტრო",27 03,მოსახლეობის ჯანმრთელობის დაცვა,27 03 03,მოსახლეობისთვის სამედიცინო მომსახურების მიწოდება პრიორიტეტულ სფეროებში,False,True,ახალი კორონავირუსული დაავადების − COVID-19-ის მართვა,1403.4,0.0,0.0,0.0,0.0,0.0,True,0
2026,source.mof_2026_tavi6_planned_docx,C:\Users\Mylaptop\Downloads\2026 ბიუჯეტი - თავი VI.DOCX,DOCX table 1,604,,,,,,,,,,False,False,ხარჯები,1403.4,0.0,0.0,0.0,0.0,0.0,False,0
2026,source.mof_2026_tavi6_planned_docx,C:\Users\Mylaptop\Downloads\2026 ბიუჯეტი - თავი VI.DOCX,DOCX table 1,605,27 03 04,27 03,3,27 00,"საქართველოს ოკუპირებული ტერიტორიებიდან დევნილთა, შრომის, ჯანმრთელობისა და სოციალური დაცვის სამინისტრო",27 03,მოსახლეობის ჯანმრთელობის დაცვა,27 03 04,დიპლომისშემდგომი სამედიცინო განათლება,False,True,დიპლომისშემდგომი სამედიცინო განათლება,157.6,500.0,500.0,500.0,0.0,0.0,True,500000
2026,source.mof_2026_tavi6_planned_docx,C:\Users\Mylaptop\Downloads\2026 ბიუჯეტი - თავი VI.DOCX,DOCX table 1,606,,,,,,,,,,False,False,ხარჯები,157.6,500.0,500.0,500.0,0.0,0.0,False,500000
2026,source.mof_2026_tavi6_planned_docx,C:\Users\Mylaptop\Downloads\2026 ბიუჯეტი - თავი VI.DOCX,DOCX table 1,607,27 03 05,27 03,3,27 00,"საქართველოს ოკუპირებული ტერიტორიებიდან დევნილთა, შრომის, ჯანმრთელობისა და სოციალური დაცვის სამინისტრო",27 03,მოსახლეობის ჯანმრთელობის დაცვა,27 03 05,სახელმწიფო კლინიკების მართვა,False,True,სახელმწიფო კლინიკების მართვა,221.0,0.0,0.0,0.0,0.0,0.0,True,0
2026,source.mof_2026_tavi6_planned_docx,C:\Users\Mylaptop\Downloads\2026 ბიუჯეტი - თავი VI.DOCX,DOCX table 1,608,,,,,,,,,,False,False,ხარჯები,1.0,0.0,0.0,0.0,0.0,0.0,False,0
2026,source.mof_2026_tavi6_planned_docx,C:\Users\Mylaptop\Downloads\2026 ბიუჯეტი - თავი VI.DOCX,DOCX table 1,609,,,,,,,,,,False,False,არაფინანსური აქტივების ზრდა,220.0,0.0,0.0,0.0,0.0,0.0,False,0
2026,source.mof_2026_tavi6_planned_docx,C:\Users\Mylaptop\Downloads\2026 ბიუჯეტი - თავი VI.DOCX,DOCX table 1,610,27 04,27 00,2,27 00,"საქართველოს ოკუპირებული ტერიტორიებიდან დევნილთა, შრომის, ჯანმრთელობისა და სოციალური დაცვის სამინისტრო",27 04,სამინისტროს სისტემაში შემავალ სამედიცინო და სხვა დაწესებულებათა რეაბილიტაცია და აღჭურვა,,,False,True,სამინისტროს სისტემაში შემავალ სამედიცინო და სხვა დაწესებულებათა რეაბილიტაცია და აღჭურვა,41983.5,100000.0,80000.0,32000.0,0.0,48000.0,True,80000000
2026,source.mof_2026_tavi6_planned_docx,C:\Users\Mylaptop\Downloads\2026 ბიუჯეტი - თავი VI.DOCX,DOCX table 1,611,,,,,,,,,,False,False,ხარჯები,3707.5,1600.0,2464.0,1744.0,0.0,720.0,False,2464000
2026,source.mof_2026_tavi6_planned_docx,C:\Users\Mylaptop\Downloads\2026 ბიუჯეტი - თავი VI.DOCX,DOCX table 1,612,,,,,,,,,,False,False,არაფინანსური აქტივების ზრდა,38276.1,98400.0,77536.0,30256.0,0.0,47280.0,False,77536000
2026,source.mof_2026_tavi6_planned_docx,C:\Users\Mylaptop\Downloads\2026 ბიუჯეტი - თავი VI.DOCX,DOCX table 1,613,27 05,27 00,2,27 00,"საქართველოს ოკუპირებული ტერიტორიებიდან დევნილთა, შრომის, ჯანმრთელობისა და სოციალური დაცვის სამინისტრო",27 05,დასაქმების სისტემის რეფორმების პროგრამა,,,False,True,დასაქმების სისტემის რეფორმების პროგრამა,109007.3,112805.0,21613.0,21613.0,0.0,0.0,True,21613000
2026,source.mof_2026_tavi6_planned_docx,C:\Users\Mylaptop\Downloads\2026 ბიუჯეტი - თავი VI.DOCX,DOCX table 1,614,,,,,,,,,,False,False,ხარჯები,108771.9,112695.0,21613.0,21613.0,0.0,0.0,False,21613000
2026,source.mof_2026_tavi6_planned_docx,C:\Users\Mylaptop\Downloads\2026 ბიუჯეტი - თავი VI.DOCX,DOCX table 1,615,,,,,,,,,,False,False,არაფინანსური აქტივების ზრდა,235.4,110.0,0.0,0.0,0.0,0.0,False,0
2026,source.mof_2026_tavi6_planned_docx,C:\Users\Mylaptop\Downloads\2026 ბიუჯეტი - თავი VI.DOCX,DOCX table 1,616,27 06,27 00,2,27 00,"საქართველოს ოკუპირებული ტერიტორიებიდან დევნილთა, შრომის, ჯანმრთელობისა და სოციალური დაცვის სამინისტრო",27 06,იძულებით გადაადგილებულ პირთა და მიგრანტთა ხელშეწყობა,,,False,True,იძულებით გადაადგილებულ პირთა და მიგრანტთა ხელშეწყობა,219948.0,267980.0,263700.0,263700.0,0.0,0.0,False,263700000
2026,source.mof_2026_tavi6_planned_docx,C:\Users\Mylaptop\Downloads\2026 ბიუჯეტი - თავი VI.DOCX,DOCX table 1,617,,,,,,,,,,False,False,ხარჯები,86545.8,104480.0,107200.0,107200.0,0.0,0.0,False,107200000
2026,source.mof_2026_tavi6_planned_docx,C:\Users\Mylaptop\Downloads\2026 ბიუჯეტი - თავი VI.DOCX,DOCX table 1,618,,,,,,,,,,False,False,არაფინანსური აქტივების ზრდა,133402.2,163500.0,156500.0,156500.0,0.0,0.0,False,156500000
2026,source.mof_2026_tavi6_planned_docx,C:\Users\Mylaptop\Downloads\2026 ბიუჯეტი - თავი VI.DOCX,DOCX table 1,619,27 06 01,27 06,3,27 00,"საქართველოს ოკუპირებული ტერიტორიებიდან დევნილთა, შრომის, ჯანმრთელობისა და სოციალური დაცვის სამინისტრო",27 06,იძულებით გადაადგილებულ პირთა და მიგრანტთა ხელშეწყობა,27 06 01,სარეინტეგრაციო დახმარება საქართველოში დაბრუნებული მიგრანტებისათვის,False,True,სარეინტეგრაციო დახმარება საქართველოში დაბრუნებული მიგრანტებისათვის,733.0,1500.0,1500.0,1500.0,0.0,0.0,True,1500000
2026,source.mof_2026_tavi6_planned_docx,C:\Users\Mylaptop\Downloads\2026 ბიუჯეტი - თავი VI.DOCX,DOCX table 1,620,,,,,,,,,,False,False,ხარჯები,733.0,1500.0,1500.0,1500.0,0.0,0.0,False,1500000
2026,source.mof_2026_tavi6_planned_docx,C:\Users\Mylaptop\Downloads\2026 ბიუჯეტი - თავი VI.DOCX,DOCX table 1,621,27 06 02,27 06,3,27 00,"საქართველოს ოკუპირებული ტერიტორიებიდან დევნილთა, შრომის, ჯანმრთელობისა და სოციალური დაცვის სამინისტრო",27 06,იძულებით გადაადგილებულ პირთა და მიგრანტთა ხელშეწყობა,27 06 02,ეკომიგრანტთა მიგრაციის მართვა,False,True,ეკომიგრანტთა მიგრაციის მართვა,39817.9,24330.0,20000.0,20000.0,0.0,0.0,True,20000000
2026,source.mof_2026_tavi6_planned_docx,C:\Users\Mylaptop\Downloads\2026 ბიუჯეტი - თავი VI.DOCX,DOCX table 1,622,,,,,,,,,,False,False,ხარჯები,39817.9,24330.0,20000.0,20000.0,0.0,0.0,False,20000000
2026,source.mof_2026_tavi6_planned_docx,C:\Users\Mylaptop\Downloads\2026 ბიუჯეტი - თავი VI.DOCX,DOCX table 1,623,27 06 03,27 06,3,27 00,"საქართველოს ოკუპირებული ტერიტორიებიდან დევნილთა, შრომის, ჯანმრთელობისა და სოციალური დაცვის სამინისტრო",27 06,იძულებით გადაადგილებულ პირთა და მიგრანტთა ხელშეწყობა,27 06 03,იძულებით გადაადგილებულ პირთა განსახლების სოციალური და საცხოვრებელი პირობების შექმნა,False,True,იძულებით გადაადგილებულ პირთა განსახლების სოციალური და საცხოვრებელი პირობების შექმნა,178174.6,240000.0,240000.0,240000.0,0.0,0.0,True,240000000
2026,source.mof_2026_tavi6_planned_docx,C:\Users\Mylaptop\Downloads\2026 ბიუჯეტი - თავი VI.DOCX,DOCX table 1,624,,,,,,,,,,False,False,ხარჯები,44772.4,76500.0,83500.0,83500.0,0.0,0.0,False,83500000
2026,source.mof_2026_tavi6_planned_docx,C:\Users\Mylaptop\Downloads\2026 ბიუჯეტი - თავი VI.DOCX,DOCX table 1,625,,,,,,,,,,False,False,არაფინანსური აქტივების ზრდა,133402.2,163500.0,156500.0,156500.0,0.0,0.0,False,156500000
2026,source.mof_2026_tavi6_planned_docx,C:\Users\Mylaptop\Downloads\2026 ბიუჯეტი - თავი VI.DOCX,DOCX table 1,626,27 06 04,27 06,3,27 00,"საქართველოს ოკუპირებული ტერიტორიებიდან დევნილთა, შრომის, ჯანმრთელობისა და სოციალური დაცვის სამინისტრო",27 06,იძულებით გადაადგილებულ პირთა და მიგრანტთა ხელშეწყობა,27 06 04,საერთაშორისო დაცვის მქონე პირთა ინტეგრაციის ხელშეწყობა,False,True,საერთაშორისო დაცვის მქონე პირთა ინტეგრაციის ხელშეწყობა,77.6,150.0,200.0,200.0,0.0,0.0,True,200000
2026,source.mof_2026_tavi6_planned_docx,C:\Users\Mylaptop\Downloads\2026 ბიუჯეტი - თავი VI.DOCX,DOCX table 1,627,,,,,,,,,,False,False,ხარჯები,77.6,150.0,200.0,200.0,0.0,0.0,False,200000
2026,source.mof_2026_tavi6_planned_docx,C:\Users\Mylaptop\Downloads\2026 ბიუჯეტი - თავი VI.DOCX,DOCX table 1,628,27 06 05,27 06,3,27 00,"საქართველოს ოკუპირებული ტერიტორიებიდან დევნილთა, შრომის, ჯანმრთელობისა და სოციალური დაცვის სამინისტრო",27 06,იძულებით გადაადგილებულ პირთა და მიგრანტთა ხელშეწყობა,27 06 05,საარსებო წყაროებით უზრუნველყოფის პროგრამა,False,True,საარსებო წყაროებით უზრუნველყოფის პროგრამა,1143.3,2000.0,2000.0,2000.0,0.0,0.0,True,2000000
2026,source.mof_2026_tavi6_planned_docx,C:\Users\Mylaptop\Downloads\2026 ბიუჯეტი - თავი VI.DOCX,DOCX table 1,629,,,,,,,,,,False,False,ხარჯები,1143.3,2000.0,2000.0,2000.0,0.0,0.0,False,2000000
2026,source.mof_2026_tavi6_planned_docx,C:\Users\Mylaptop\Downloads\2026 ბიუჯეტი - თავი VI.DOCX,DOCX table 1,630,27 06 06,27 06,3,27 00,"საქართველოს ოკუპირებული ტერიტორიებიდან დევნილთა, შრომის, ჯანმრთელობისა და სოციალური დაცვის სამინისტრო",27 06,იძულებით გადაადგილებულ პირთა და მიგრანტთა ხელშეწყობა,27 06 06,"ეკონომიკური მონაწილეობა, საცხოვრებლით უზრუნველყოფა და სოციალური ინფრასტრუქტურა იძულებით გადაადგილებულ პირთა და მასპინძელი თემებისათვის (KfW)",False,True,"ეკონომიკური მონაწილეობა, საცხოვრებლით უზრუნველყოფა და სოციალური ინფრასტრუქტურა იძულებით გადაადგილებულ პირთა და მასპინძელი თემებისათვის (KfW)",1.6,0.0,0.0,0.0,0.0,0.0,True,0
2026,source.mof_2026_tavi6_planned_docx,C:\Users\Mylaptop\Downloads\2026 ბიუჯეტი - თავი VI.DOCX,DOCX table 1,631,,,,,,,,,,False,False,ხარჯები,1.6,0.0,0.0,0.0,0.0,0.0,False,0
2026,source.mof_2026_tavi6_planned_docx,C:\Users\Mylaptop\Downloads\2026 ბიუჯეტი - თავი VI.DOCX,DOCX table 1,632,28 00,00 00,1,28 00,საქართველოს საგარეო საქმეთა სამინისტრო,,,,,False,True,საქართველოს საგარეო საქმეთა სამინისტრო,191871.9,215000.0,225000.0,225000.0,0.0,0.0,False,225000000
2026,source.mof_2026_tavi6_planned_docx,C:\Users\Mylaptop\Downloads\2026 ბიუჯეტი - თავი VI.DOCX,DOCX table 1,633,,,,,,,,,,False,False,მომუშავეთა რიცხოვნობა,817.0,817.0,738.0,738.0,0.0,0.0,False,738000
2026,source.mof_2026_tavi6_planned_docx,C:\Users\Mylaptop\Downloads\2026 ბიუჯეტი - თავი VI.DOCX,DOCX table 1,634,,,,,,,,,,False,False,ხარჯები,190665.5,212685.0,222495.0,222495.0,0.0,0.0,False,222495000
2026,source.mof_2026_tavi6_planned_docx,C:\Users\Mylaptop\Downloads\2026 ბიუჯეტი - თავი VI.DOCX,DOCX table 1,635,,,,,,,,,,False,False,შრომის ანაზღაურება,19038.7,21966.0,21796.0,21796.0,0.0,0.0,False,21796000
2026,source.mof_2026_tavi6_planned_docx,C:\Users\Mylaptop\Downloads\2026 ბიუჯეტი - თავი VI.DOCX,DOCX table 1,636,,,,,,,,,,False,False,არაფინანსური აქტივების ზრდა,1206.4,2315.0,2505.0,2505.0,0.0,0.0,False,2505000
2026,source.mof_2026_tavi6_planned_docx,C:\Users\Mylaptop\Downloads\2026 ბიუჯეტი - თავი VI.DOCX,DOCX table 1,637,28 01,28 00,2,28 00,საქართველოს საგარეო საქმეთა სამინისტრო,28 01,საგარეო პოლიტიკის განხორციელება,,,False,True,საგარეო პოლიტიკის განხორციელება,190615.7,213700.0,225000.0,225000.0,0.0,0.0,False,225000000
2026,source.mof_2026_tavi6_planned_docx,C:\Users\Mylaptop\Downloads\2026 ბიუჯეტი - თავი VI.DOCX,DOCX table 1,638,,,,,,,,,,False,False,მომუშავეთა რიცხოვნობა,812.0,812.0,738.0,738.0,0.0,0.0,False,738000
2026,source.mof_2026_tavi6_planned_docx,C:\Users\Mylaptop\Downloads\2026 ბიუჯეტი - თავი VI.DOCX,DOCX table 1,639,,,,,,,,,,False,False,ხარჯები,189414.3,211390.0,222495.0,222495.0,0.0,0.0,False,222495000
2026,source.mof_2026_tavi6_planned_docx,C:\Users\Mylaptop\Downloads\2026 ბიუჯეტი - თავი VI.DOCX,DOCX table 1,640,,,,,,,,,,False,False,შრომის ანაზღაურება,18871.4,21766.0,21796.0,21796.0,0.0,0.0,False,21796000
2026,source.mof_2026_tavi6_planned_docx,C:\Users\Mylaptop\Downloads\2026 ბიუჯეტი - თავი VI.DOCX,DOCX table 1,641,,,,,,,,,,False,False,არაფინანსური აქტივების ზრდა,1201.4,2310.0,2505.0,2505.0,0.0,0.0,False,2505000
2026,source.mof_2026_tavi6_planned_docx,C:\Users\Mylaptop\Downloads\2026 ბიუჯეტი - თავი VI.DOCX,DOCX table 1,642,28 01 01,28 01,3,28 00,საქართველოს საგარეო საქმეთა სამინისტრო,28 01,საგარეო პოლიტიკის განხორციელება,28 01 01,საგარეო პოლიტიკის დაგეგმვა და მართვა,False,True,საგარეო პოლიტიკის დაგეგმვა და მართვა,182491.4,203790.0,216500.0,216500.0,0.0,0.0,True,216500000
2026,source.mof_2026_tavi6_planned_docx,C:\Users\Mylaptop\Downloads\2026 ბიუჯეტი - თავი VI.DOCX,DOCX table 1,643,,,,,,,,,,False,False,მომუშავეთა რიცხოვნობა,791.0,791.0,736.0,736.0,0.0,0.0,False,736000
2026,source.mof_2026_tavi6_planned_docx,C:\Users\Mylaptop\Downloads\2026 ბიუჯეტი - თავი VI.DOCX,DOCX table 1,644,,,,,,,,,,False,False,ხარჯები,181295.0,201490.0,214000.0,214000.0,0.0,0.0,False,214000000
2026,source.mof_2026_tavi6_planned_docx,C:\Users\Mylaptop\Downloads\2026 ბიუჯეტი - თავი VI.DOCX,DOCX table 1,645,,,,,,,,,,False,False,შრომის ანაზღაურება,18281.2,20987.0,21663.0,21663.0,0.0,0.0,False,21663000
2026,source.mof_2026_tavi6_planned_docx,C:\Users\Mylaptop\Downloads\2026 ბიუჯეტი - თავი VI.DOCX,DOCX table 1,646,,,,,,,,,,False,False,არაფინანსური აქტივების ზრდა,1196.4,2300.0,2500.0,2500.0,0.0,0.0,False,2500000
2026,source.mof_2026_tavi6_planned_docx,C:\Users\Mylaptop\Downloads\2026 ბიუჯეტი - თავი VI.DOCX,DOCX table 1,647,28 01 02,28 01,3,28 00,საქართველოს საგარეო საქმეთა სამინისტრო,28 01,საგარეო პოლიტიკის განხორციელება,28 01 02,საერთაშორისო ორგანიზაციებში არსებული ფინანსური ვალდებულებების უზრუნველყოფა,False,True,საერთაშორისო ორგანიზაციებში არსებული ფინანსური ვალდებულებების უზრუნველყოფა,4522.1,6300.0,6300.0,6300.0,0.0,0.0,True,6300000
2026,source.mof_2026_tavi6_planned_docx,C:\Users\Mylaptop\Downloads\2026 ბიუჯეტი - თავი VI.DOCX,DOCX table 1,648,,,,,,,,,,False,False,ხარჯები,4522.1,6300.0,6300.0,6300.0,0.0,0.0,False,6300000
2026,source.mof_2026_tavi6_planned_docx,C:\Users\Mylaptop\Downloads\2026 ბიუჯეტი - თავი VI.DOCX,DOCX table 1,649,28 01 03,28 01,3,28 00,საქართველოს საგარეო საქმეთა სამინისტრო,28 01,საგარეო პოლიტიკის განხორციელება,28 01 03,საერთაშორისო ხელშეკრულებების და სხვა დოკუმენტების თარგმნა და დამოწმება,False,True,საერთაშორისო ხელშეკრულებების და სხვა დოკუმენტების თარგმნა და დამოწმება,171.2,190.0,300.0,300.0,0.0,0.0,True,300000
2026,source.mof_2026_tavi6_planned_docx,C:\Users\Mylaptop\Downloads\2026 ბიუჯეტი - თავი VI.DOCX,DOCX table 1,650,,,,,,,,,,False,False,მომუშავეთა რიცხოვნობა,2.0,2.0,2.0,2.0,0.0,0.0,False,2000
2026,source.mof_2026_tavi6_planned_docx,C:\Users\Mylaptop\Downloads\2026 ბიუჯეტი - თავი VI.DOCX,DOCX table 1,651,,,,,,,,,,False,False,ხარჯები,171.2,185.0,295.0,295.0,0.0,0.0,False,295000
2026,source.mof_2026_tavi6_planned_docx,C:\Users\Mylaptop\Downloads\2026 ბიუჯეტი - თავი VI.DOCX,DOCX table 1,652,,,,,,,,,,False,False,შრომის ანაზღაურება,70.2,78.0,133.0,133.0,0.0,0.0,False,133000
2026,source.mof_2026_tavi6_planned_docx,C:\Users\Mylaptop\Downloads\2026 ბიუჯეტი - თავი VI.DOCX,DOCX table 1,653,,,,,,,,,,False,False,არაფინანსური აქტივების ზრდა,0.0,5.0,5.0,5.0,0.0,0.0,False,5000
2026,source.mof_2026_tavi6_planned_docx,C:\Users\Mylaptop\Downloads\2026 ბიუჯეტი - თავი VI.DOCX,DOCX table 1,654,28 01 04,28 01,3,28 00,საქართველოს საგარეო საქმეთა სამინისტრო,28 01,საგარეო პოლიტიკის განხორციელება,28 01 04,დიასპორული პოლიტიკა,False,True,დიასპორული პოლიტიკა,1512.8,1900.0,1900.0,1900.0,0.0,0.0,True,1900000
2026,source.mof_2026_tavi6_planned_docx,C:\Users\Mylaptop\Downloads\2026 ბიუჯეტი - თავი VI.DOCX,DOCX table 1,655,,,,,,,,,,False,False,ხარჯები,1512.8,1900.0,1900.0,1900.0,0.0,0.0,False,1900000
2026,source.mof_2026_tavi6_planned_docx,C:\Users\Mylaptop\Downloads\2026 ბიუჯეტი - თავი VI.DOCX,DOCX table 1,656,28 01 05,28 01,3,28 00,საქართველოს საგარეო საქმეთა სამინისტრო,28 01,საგარეო პოლიტიკის განხორციელება,28 01 05,ევროპულ და ევროატლანტიკურ სტრუქტურებში საქართველოს ინტეგრაციის თაობაზე საზოგადოების ინფორმირება,False,True,ევროპულ და ევროატლანტიკურ სტრუქტურებში საქართველოს ინტეგრაციის თაობაზე საზოგადოების ინფორმირება,1918.4,1520.0,0.0,0.0,0.0,0.0,True,0
2026,source.mof_2026_tavi6_planned_docx,C:\Users\Mylaptop\Downloads\2026 ბიუჯეტი - თავი VI.DOCX,DOCX table 1,657,,,,,,,,,,False,False,მომუშავეთა რიცხოვნობა,19.0,19.0,0.0,0.0,0.0,0.0,False,0
2026,source.mof_2026_tavi6_planned_docx,C:\Users\Mylaptop\Downloads\2026 ბიუჯეტი - თავი VI.DOCX,DOCX table 1,658,,,,,,,,,,False,False,ხარჯები,1913.4,1515.0,0.0,0.0,0.0,0.0,False,0
2026,source.mof_2026_tavi6_planned_docx,C:\Users\Mylaptop\Downloads\2026 ბიუჯეტი - თავი VI.DOCX,DOCX table 1,659,,,,,,,,,,False,False,შრომის ანაზღაურება,520.0,701.0,0.0,0.0,0.0,0.0,False,0
2026,source.mof_2026_tavi6_planned_docx,C:\Users\Mylaptop\Downloads\2026 ბიუჯეტი - თავი VI.DOCX,DOCX table 1,660,,,,,,,,,,False,False,არაფინანსური აქტივების ზრდა,5.0,5.0,0.0,0.0,0.0,0.0,False,0
2026,source.mof_2026_tavi6_planned_docx,C:\Users\Mylaptop\Downloads\2026 ბიუჯეტი - თავი VI.DOCX,DOCX table 1,661,28 02,28 00,2,28 00,საქართველოს საგარეო საქმეთა სამინისტრო,28 02,მოხელეთა კვალიფიკაციის ამაღლება საერთაშორისო ურთიერთობების დარგში,,,False,True,მოხელეთა კვალიფიკაციის ამაღლება საერთაშორისო ურთიერთობების დარგში,1256.2,1300.0,0.0,0.0,0.0,0.0,True,0
2026,source.mof_2026_tavi6_planned_docx,C:\Users\Mylaptop\Downloads\2026 ბიუჯეტი - თავი VI.DOCX,DOCX table 1,662,,,,,,,,,,False,False,მომუშავეთა რიცხოვნობა,5.0,5.0,0.0,0.0,0.0,0.0,False,0
2026,source.mof_2026_tavi6_planned_docx,C:\Users\Mylaptop\Downloads\2026 ბიუჯეტი - თავი VI.DOCX,DOCX table 1,663,,,,,,,,,,False,False,ხარჯები,1251.2,1295.0,0.0,0.0,0.0,0.0,False,0
2026,source.mof_2026_tavi6_planned_docx,C:\Users\Mylaptop\Downloads\2026 ბიუჯეტი - თავი VI.DOCX,DOCX table 1,664,,,,,,,,,,False,False,შრომის ანაზღაურება,167.3,200.0,0.0,0.0,0.0,0.0,False,0
2026,source.mof_2026_tavi6_planned_docx,C:\Users\Mylaptop\Downloads\2026 ბიუჯეტი - თავი VI.DOCX,DOCX table 1,665,,,,,,,,,,False,False,არაფინანსური აქტივების ზრდა,5.0,5.0,0.0,0.0,0.0,0.0,False,0
2026,source.mof_2026_tavi6_planned_docx,C:\Users\Mylaptop\Downloads\2026 ბიუჯეტი - თავი VI.DOCX,DOCX table 1,666,29 00,00 00,1,29 00,საქართველოს თავდაცვის სამინისტრო,,,,,False,True,საქართველოს თავდაცვის სამინისტრო,1591402.4,1730000.0,1890000.0,1890000.0,0.0,0.0,False,1890000000
2026,source.mof_2026_tavi6_planned_docx,C:\Users\Mylaptop\Downloads\2026 ბიუჯეტი - თავი VI.DOCX,DOCX table 1,667,,,,,,,,,,False,False,მომუშავეთა რიცხოვნობა,41176.0,41176.0,41176.0,41176.0,0.0,0.0,False,41176000
2026,source.mof_2026_tavi6_planned_docx,C:\Users\Mylaptop\Downloads\2026 ბიუჯეტი - თავი VI.DOCX,DOCX table 1,668,,,,,,,,,,False,False,ხარჯები,1084333.6,1221674.0,1371511.7,1371511.7,0.0,0.0,False,1371511700
2026,source.mof_2026_tavi6_planned_docx,C:\Users\Mylaptop\Downloads\2026 ბიუჯეტი - თავი VI.DOCX,DOCX table 1,669,,,,,,,,,,False,False,შრომის ანაზღაურება,701936.3,831965.0,919634.0,919634.0,0.0,0.0,False,919634000
2026,source.mof_2026_tavi6_planned_docx,C:\Users\Mylaptop\Downloads\2026 ბიუჯეტი - თავი VI.DOCX,DOCX table 1,670,,,,,,,,,,False,False,არაფინანსური აქტივების ზრდა,397068.8,508326.0,518488.3,518488.3,0.0,0.0,False,518488300
2026,source.mof_2026_tavi6_planned_docx,C:\Users\Mylaptop\Downloads\2026 ბიუჯეტი - თავი VI.DOCX,DOCX table 1,671,,,,,,,,,,False,False,ფინანსური აქტივების ზრდა,110000.0,0.0,0.0,0.0,0.0,0.0,False,0
2026,source.mof_2026_tavi6_planned_docx,C:\Users\Mylaptop\Downloads\2026 ბიუჯეტი - თავი VI.DOCX,DOCX table 1,672,29 01,29 00,2,29 00,საქართველოს თავდაცვის სამინისტრო,29 01,თავდაცვის მართვა,,,False,True,თავდაცვის მართვა,588835.5,700370.0,771070.0,771070.0,0.0,0.0,True,771070000
2026,source.mof_2026_tavi6_planned_docx,C:\Users\Mylaptop\Downloads\2026 ბიუჯეტი - თავი VI.DOCX,DOCX table 1,673,,,,,,,,,,False,False,მომუშავეთა რიცხოვნობა,38383.0,38331.0,37908.0,37908.0,0.0,0.0,False,37908000
2026,source.mof_2026_tavi6_planned_docx,C:\Users\Mylaptop\Downloads\2026 ბიუჯეტი - თავი VI.DOCX,DOCX table 1,674,,,,,,,,,,False,False,ხარჯები,588647.8,700090.0,770570.0,770570.0,0.0,0.0,False,770570000
2026,source.mof_2026_tavi6_planned_docx,C:\Users\Mylaptop\Downloads\2026 ბიუჯეტი - თავი VI.DOCX,DOCX table 1,675,,,,,,,,,,False,False,შრომის ანაზღაურება,541241.9,652200.0,721100.0,721100.0,0.0,0.0,False,721100000
2026,source.mof_2026_tavi6_planned_docx,C:\Users\Mylaptop\Downloads\2026 ბიუჯეტი - თავი VI.DOCX,DOCX table 1,676,,,,,,,,,,False,False,არაფინანსური აქტივების ზრდა,187.7,280.0,500.0,500.0,0.0,0.0,False,500000
2026,source.mof_2026_tavi6_planned_docx,C:\Users\Mylaptop\Downloads\2026 ბიუჯეტი - თავი VI.DOCX,DOCX table 1,677,29 02,29 00,2,29 00,საქართველოს თავდაცვის სამინისტრო,29 02,პროფესიული სამხედრო განათლება,,,False,True,პროფესიული სამხედრო განათლება,96103.0,105584.0,121630.0,121630.0,0.0,0.0,True,121630000
2026,source.mof_2026_tavi6_planned_docx,C:\Users\Mylaptop\Downloads\2026 ბიუჯეტი - თავი VI.DOCX,DOCX table 1,678,,,,,,,,,,False,False,მომუშავეთა რიცხოვნობა,1634.0,1673.0,2149.0,2149.0,0.0,0.0,False,2149000
2026,source.mof_2026_tavi6_planned_docx,C:\Users\Mylaptop\Downloads\2026 ბიუჯეტი - თავი VI.DOCX,DOCX table 1,679,,,,,,,,,,False,False,ხარჯები,95056.1,104981.0,115539.2,115539.2,0.0,0.0,False,115539200
2026,source.mof_2026_tavi6_planned_docx,C:\Users\Mylaptop\Downloads\2026 ბიუჯეტი - თავი VI.DOCX,DOCX table 1,680,,,,,,,,,,False,False,შრომის ანაზღაურება,84483.7,93755.0,102216.0,102216.0,0.0,0.0,False,102216000
2026,source.mof_2026_tavi6_planned_docx,C:\Users\Mylaptop\Downloads\2026 ბიუჯეტი - თავი VI.DOCX,DOCX table 1,681,,,,,,,,,,False,False,არაფინანსური აქტივების ზრდა,1046.9,603.0,6090.8,6090.8,0.0,0.0,False,6090800
2026,source.mof_2026_tavi6_planned_docx,C:\Users\Mylaptop\Downloads\2026 ბიუჯეტი - თავი VI.DOCX,DOCX table 1,682,29 03,29 00,2,29 00,საქართველოს თავდაცვის სამინისტრო,29 03,ჯანმრთელობის დაცვა და სოციალური უზრუნველყოფა,,,False,True,ჯანმრთელობის დაცვა და სოციალური უზრუნველყოფა,70472.1,60315.0,69600.0,69600.0,0.0,0.0,True,69600000
2026,source.mof_2026_tavi6_planned_docx,C:\Users\Mylaptop\Downloads\2026 ბიუჯეტი - თავი VI.DOCX,DOCX table 1,683,,,,,,,,,,False,False,მომუშავეთა რიცხოვნობა,446.0,446.0,394.0,394.0,0.0,0.0,False,394000
2026,source.mof_2026_tavi6_planned_docx,C:\Users\Mylaptop\Downloads\2026 ბიუჯეტი - თავი VI.DOCX,DOCX table 1,684,,,,,,,,,,False,False,ხარჯები,65453.7,60007.0,69184.0,69184.0,0.0,0.0,False,69184000
2026,source.mof_2026_tavi6_planned_docx,C:\Users\Mylaptop\Downloads\2026 ბიუჯეტი - თავი VI.DOCX,DOCX table 1,685,,,,,,,,,,False,False,შრომის ანაზღაურება,5706.2,6244.0,6320.0,6320.0,0.0,0.0,False,6320000
2026,source.mof_2026_tavi6_planned_docx,C:\Users\Mylaptop\Downloads\2026 ბიუჯეტი - თავი VI.DOCX,DOCX table 1,686,,,,,,,,,,False,False,არაფინანსური აქტივების ზრდა,5018.5,308.0,416.0,416.0,0.0,0.0,False,416000
2026,source.mof_2026_tavi6_planned_docx,C:\Users\Mylaptop\Downloads\2026 ბიუჯეტი - თავი VI.DOCX,DOCX table 1,687,29 04,29 00,2,29 00,საქართველოს თავდაცვის სამინისტრო,29 04,"მართვის, კონტროლის, კავშირგაბმულობისა და კომპიუტერული სისტემები",,,False,True,"მართვის, კონტროლის, კავშირგაბმულობისა და კომპიუტერული სისტემები",12105.2,15256.0,23200.0,23200.0,0.0,0.0,True,23200000
2026,source.mof_2026_tavi6_planned_docx,C:\Users\Mylaptop\Downloads\2026 ბიუჯეტი - თავი VI.DOCX,DOCX table 1,688,,,,,,,,,,False,False,მომუშავეთა რიცხოვნობა,126.0,126.0,126.0,126.0,0.0,0.0,False,126000
2026,source.mof_2026_tavi6_planned_docx,C:\Users\Mylaptop\Downloads\2026 ბიუჯეტი - თავი VI.DOCX,DOCX table 1,689,,,,,,,,,,False,False,ხარჯები,8945.8,11286.0,13170.5,13170.5,0.0,0.0,False,13170500
2026,source.mof_2026_tavi6_planned_docx,C:\Users\Mylaptop\Downloads\2026 ბიუჯეტი - თავი VI.DOCX,DOCX table 1,690,,,,,,,,,,False,False,შრომის ანაზღაურება,5071.7,6014.0,7326.0,7326.0,0.0,0.0,False,7326000
2026,source.mof_2026_tavi6_planned_docx,C:\Users\Mylaptop\Downloads\2026 ბიუჯეტი - თავი VI.DOCX,DOCX table 1,691,,,,,,,,,,False,False,არაფინანსური აქტივების ზრდა,3159.4,3970.0,10029.5,10029.5,0.0,0.0,False,10029500
2026,source.mof_2026_tavi6_planned_docx,C:\Users\Mylaptop\Downloads\2026 ბიუჯეტი - თავი VI.DOCX,DOCX table 1,692,29 05,29 00,2,29 00,საქართველოს თავდაცვის სამინისტრო,29 05,ინფრასტრუქტურის განვითარება,,,False,True,ინფრასტრუქტურის განვითარება,164483.1,160000.0,160000.0,160000.0,0.0,0.0,True,160000000
2026,source.mof_2026_tavi6_planned_docx,C:\Users\Mylaptop\Downloads\2026 ბიუჯეტი - თავი VI.DOCX,DOCX table 1,693,,,,,,,,,,False,False,ხარჯები,1704.0,0.0,2000.0,2000.0,0.0,0.0,False,2000000
2026,source.mof_2026_tavi6_planned_docx,C:\Users\Mylaptop\Downloads\2026 ბიუჯეტი - თავი VI.DOCX,DOCX table 1,694,,,,,,,,,,False,False,არაფინანსური აქტივების ზრდა,162779.1,160000.0,158000.0,158000.0,0.0,0.0,False,158000000
2026,source.mof_2026_tavi6_planned_docx,C:\Users\Mylaptop\Downloads\2026 ბიუჯეტი - თავი VI.DOCX,DOCX table 1,695,29 06,29 00,2,29 00,საქართველოს თავდაცვის სამინისტრო,29 06,სამეცნიერო კვლევა და სამხედრო მრეწველობის განვითარება,,,False,True,სამეცნიერო კვლევა და სამხედრო მრეწველობის განვითარება,49297.8,52031.0,57500.0,57500.0,0.0,0.0,True,57500000
2026,source.mof_2026_tavi6_planned_docx,C:\Users\Mylaptop\Downloads\2026 ბიუჯეტი - თავი VI.DOCX,DOCX table 1,696,,,,,,,,,,False,False,მომუშავეთა რიცხოვნობა,587.0,600.0,599.0,599.0,0.0,0.0,False,599000
2026,source.mof_2026_tavi6_planned_docx,C:\Users\Mylaptop\Downloads\2026 ბიუჯეტი - თავი VI.DOCX,DOCX table 1,697,,,,,,,,,,False,False,ხარჯები,46044.8,46991.0,53720.0,53720.0,0.0,0.0,False,53720000
2026,source.mof_2026_tavi6_planned_docx,C:\Users\Mylaptop\Downloads\2026 ბიუჯეტი - თავი VI.DOCX,DOCX table 1,698,,,,,,,,,,False,False,შრომის ანაზღაურება,10522.8,11952.0,14672.0,14672.0,0.0,0.0,False,14672000
2026,source.mof_2026_tavi6_planned_docx,C:\Users\Mylaptop\Downloads\2026 ბიუჯეტი - თავი VI.DOCX,DOCX table 1,699,,,,,,,,,,False,False,არაფინანსური აქტივების ზრდა,3253.0,5040.0,3780.0,3780.0,0.0,0.0,False,3780000
2026,source.mof_2026_tavi6_planned_docx,C:\Users\Mylaptop\Downloads\2026 ბიუჯეტი - თავი VI.DOCX,DOCX table 1,700,29 07,29 00,2,29 00,საქართველოს თავდაცვის სამინისტრო,29 07,თავდაცვის შესაძლებლობების განვითარება,,,False,True,თავდაცვის შესაძლებლობების განვითარება,317903.8,330000.0,335000.0,335000.0,0.0,0.0,True,335000000
2026,source.mof_2026_tavi6_planned_docx,C:\Users\Mylaptop\Downloads\2026 ბიუჯეტი - თავი VI.DOCX,DOCX table 1,701,,,,,,,,,,False,False,არაფინანსური აქტივების ზრდა,207903.8,330000.0,335000.0,335000.0,0.0,0.0,False,335000000
2026,source.mof_2026_tavi6_planned_docx,C:\Users\Mylaptop\Downloads\2026 ბიუჯეტი - თავი VI.DOCX,DOCX table 1,702,,,,,,,,,,False,False,ფინანსური აქტივების ზრდა,110000.0,0.0,0.0,0.0,0.0,0.0,False,0
2026,source.mof_2026_tavi6_planned_docx,C:\Users\Mylaptop\Downloads\2026 ბიუჯეტი - თავი VI.DOCX,DOCX table 1,703,29 08,29 00,2,29 00,საქართველოს თავდაცვის სამინისტრო,29 08,ლოჯისტიკური უზრუნველყოფა,,,False,True,ლოჯისტიკური უზრუნველყოფა,292201.9,306444.0,352000.0,352000.0,0.0,0.0,True,352000000
2026,source.mof_2026_tavi6_planned_docx,C:\Users\Mylaptop\Downloads\2026 ბიუჯეტი - თავი VI.DOCX,DOCX table 1,704,,,,,,,,,,False,False,ხარჯები,278481.5,298319.0,347328.0,347328.0,0.0,0.0,False,347328000
2026,source.mof_2026_tavi6_planned_docx,C:\Users\Mylaptop\Downloads\2026 ბიუჯეტი - თავი VI.DOCX,DOCX table 1,705,,,,,,,,,,False,False,შრომის ანაზღაურება,54910.1,61800.0,68000.0,68000.0,0.0,0.0,False,68000000
2026,source.mof_2026_tavi6_planned_docx,C:\Users\Mylaptop\Downloads\2026 ბიუჯეტი - თავი VI.DOCX,DOCX table 1,706,,,,,,,,,,False,False,არაფინანსური აქტივების ზრდა,13720.5,8125.0,4672.0,4672.0,0.0,0.0,False,4672000
2026,source.mof_2026_tavi6_planned_docx,C:\Users\Mylaptop\Downloads\2026 ბიუჯეტი - თავი VI.DOCX,DOCX table 1,707,30 00,00 00,1,30 00,საქართველოს შინაგან საქმეთა სამინისტრო,,,,,False,True,საქართველოს შინაგან საქმეთა სამინისტრო,1284034.1,1395000.0,1547000.0,1547000.0,0.0,0.0,False,1547000000
2026,source.mof_2026_tavi6_planned_docx,C:\Users\Mylaptop\Downloads\2026 ბიუჯეტი - თავი VI.DOCX,DOCX table 1,708,,,,,,,,,,False,False,მომუშავეთა რიცხოვნობა,31447.0,32651.0,32711.0,32711.0,0.0,0.0,False,32711000
2026,source.mof_2026_tavi6_planned_docx,C:\Users\Mylaptop\Downloads\2026 ბიუჯეტი - თავი VI.DOCX,DOCX table 1,709,,,,,,,,,,False,False,ხარჯები,1151240.6,1278251.0,1427787.0,1427787.0,0.0,0.0,False,1427787000
2026,source.mof_2026_tavi6_planned_docx,C:\Users\Mylaptop\Downloads\2026 ბიუჯეტი - თავი VI.DOCX,DOCX table 1,710,,,,,,,,,,False,False,შრომის ანაზღაურება,857279.8,966915.0,1078519.0,1078519.0,0.0,0.0,False,1078519000
2026,source.mof_2026_tavi6_planned_docx,C:\Users\Mylaptop\Downloads\2026 ბიუჯეტი - თავი VI.DOCX,DOCX table 1,711,,,,,,,,,,False,False,არაფინანსური აქტივების ზრდა,132793.5,116749.0,119213.0,119213.0,0.0,0.0,False,119213000
2026,source.mof_2026_tavi6_planned_docx,C:\Users\Mylaptop\Downloads\2026 ბიუჯეტი - თავი VI.DOCX,DOCX table 1,712,30 01,30 00,2,30 00,საქართველოს შინაგან საქმეთა სამინისტრო,30 01,საზოგადოებრივი წესრიგი და საერთაშორისო თანამშრომლობის განვითარება/გაღრმავება,,,False,True,საზოგადოებრივი წესრიგი და საერთაშორისო თანამშრომლობის განვითარება/გაღრმავება,969618.0,1099560.0,1176240.0,1176240.0,0.0,0.0,True,1176240000
2026,source.mof_2026_tavi6_planned_docx,C:\Users\Mylaptop\Downloads\2026 ბიუჯეტი - თავი VI.DOCX,DOCX table 1,713,,,,,,,,,,False,False,მომუშავეთა რიცხოვნობა,22436.0,23467.0,23467.0,23467.0,0.0,0.0,False,23467000
2026,source.mof_2026_tavi6_planned_docx,C:\Users\Mylaptop\Downloads\2026 ბიუჯეტი - თავი VI.DOCX,DOCX table 1,714,,,,,,,,,,False,False,ხარჯები,871242.9,989560.0,1088510.0,1088510.0,0.0,0.0,False,1088510000
2026,source.mof_2026_tavi6_planned_docx,C:\Users\Mylaptop\Downloads\2026 ბიუჯეტი - თავი VI.DOCX,DOCX table 1,715,,,,,,,,,,False,False,შრომის ანაზღაურება,653811.6,747815.0,835335.0,835335.0,0.0,0.0,False,835335000
2026,source.mof_2026_tavi6_planned_docx,C:\Users\Mylaptop\Downloads\2026 ბიუჯეტი - თავი VI.DOCX,DOCX table 1,716,,,,,,,,,,False,False,არაფინანსური აქტივების ზრდა,98375.1,110000.0,87730.0,87730.0,0.0,0.0,False,87730000
2026,source.mof_2026_tavi6_planned_docx,C:\Users\Mylaptop\Downloads\2026 ბიუჯეტი - თავი VI.DOCX,DOCX table 1,717,30 02,30 00,2,30 00,საქართველოს შინაგან საქმეთა სამინისტრო,30 02,სახელმწიფო საზღვრის დაცვა,,,False,True,სახელმწიფო საზღვრის დაცვა,156290.6,144300.0,175370.0,175370.0,0.0,0.0,True,175370000
2026,source.mof_2026_tavi6_planned_docx,C:\Users\Mylaptop\Downloads\2026 ბიუჯეტი - თავი VI.DOCX,DOCX table 1,718,,,,,,,,,,False,False,მომუშავეთა რიცხოვნობა,3657.0,3657.0,3657.0,3657.0,0.0,0.0,False,3657000
2026,source.mof_2026_tavi6_planned_docx,C:\Users\Mylaptop\Downloads\2026 ბიუჯეტი - თავი VI.DOCX,DOCX table 1,719,,,,,,,,,,False,False,ხარჯები,138646.5,140900.0,157087.0,157087.0,0.0,0.0,False,157087000
2026,source.mof_2026_tavi6_planned_docx,C:\Users\Mylaptop\Downloads\2026 ბიუჯეტი - თავი VI.DOCX,DOCX table 1,720,,,,,,,,,,False,False,შრომის ანაზღაურება,99274.7,105000.0,114948.0,114948.0,0.0,0.0,False,114948000
2026,source.mof_2026_tavi6_planned_docx,C:\Users\Mylaptop\Downloads\2026 ბიუჯეტი - თავი VI.DOCX,DOCX table 1,721,,,,,,,,,,False,False,არაფინანსური აქტივების ზრდა,17644.1,3400.0,18283.0,18283.0,0.0,0.0,False,18283000
2026,source.mof_2026_tavi6_planned_docx,C:\Users\Mylaptop\Downloads\2026 ბიუჯეტი - თავი VI.DOCX,DOCX table 1,722,30 03,30 00,2,30 00,საქართველოს შინაგან საქმეთა სამინისტრო,30 03,"ფიზიკურ და იურიდიულ პირთა (მათ შორის, ქონების), ეროვნული საგანძურის დაცვის და უსაფრთხოების დონის ამაღლება",,,False,True,"ფიზიკურ და იურიდიულ პირთა (მათ შორის, ქონების), ეროვნული საგანძურის დაცვის და უსაფრთხოების დონის ამაღლება",9567.5,12500.0,14380.0,14380.0,0.0,0.0,True,14380000
2026,source.mof_2026_tavi6_planned_docx,C:\Users\Mylaptop\Downloads\2026 ბიუჯეტი - თავი VI.DOCX,DOCX table 1,723,,,,,,,,,,False,False,მომუშავეთა რიცხოვნობა,625.0,798.0,798.0,798.0,0.0,0.0,False,798000
2026,source.mof_2026_tavi6_planned_docx,C:\Users\Mylaptop\Downloads\2026 ბიუჯეტი - თავი VI.DOCX,DOCX table 1,724,,,,,,,,,,False,False,ხარჯები,9563.3,12460.0,14160.0,14160.0,0.0,0.0,False,14160000
2026,source.mof_2026_tavi6_planned_docx,C:\Users\Mylaptop\Downloads\2026 ბიუჯეტი - თავი VI.DOCX,DOCX table 1,725,,,,,,,,,,False,False,შრომის ანაზღაურება,8541.4,11200.0,12280.0,12280.0,0.0,0.0,False,12280000
2026,source.mof_2026_tavi6_planned_docx,C:\Users\Mylaptop\Downloads\2026 ბიუჯეტი - თავი VI.DOCX,DOCX table 1,726,,,,,,,,,,False,False,არაფინანსური აქტივების ზრდა,4.3,40.0,220.0,220.0,0.0,0.0,False,220000
2026,source.mof_2026_tavi6_planned_docx,C:\Users\Mylaptop\Downloads\2026 ბიუჯეტი - თავი VI.DOCX,DOCX table 1,727,30 04,30 00,2,30 00,საქართველოს შინაგან საქმეთა სამინისტრო,30 04,"სამართალდამცავი სტრუქტურებისათვის მაღალკვალიფიციური კადრების მომზადება, გადამზადება, საარქივო ფონდების დიგიტალიზაცია, სამეცნიერო-კვლევითი საქმიანობა და მოქალაქეთა მომსახურება",,,False,True,"სამართალდამცავი სტრუქტურებისათვის მაღალკვალიფიციური კადრების მომზადება, გადამზადება, საარქივო ფონდების დიგიტალიზაცია, სამეცნიერო-კვლევითი საქმიანობა და მოქალაქეთა მომსახურება",7132.7,8300.0,10280.0,10280.0,0.0,0.0,True,10280000
2026,source.mof_2026_tavi6_planned_docx,C:\Users\Mylaptop\Downloads\2026 ბიუჯეტი - თავი VI.DOCX,DOCX table 1,728,,,,,,,,,,False,False,მომუშავეთა რიცხოვნობა,121.0,121.0,181.0,181.0,0.0,0.0,False,181000
2026,source.mof_2026_tavi6_planned_docx,C:\Users\Mylaptop\Downloads\2026 ბიუჯეტი - თავი VI.DOCX,DOCX table 1,729,,,,,,,,,,False,False,ხარჯები,7045.1,8000.0,8900.0,8900.0,0.0,0.0,False,8900000
2026,source.mof_2026_tavi6_planned_docx,C:\Users\Mylaptop\Downloads\2026 ბიუჯეტი - თავი VI.DOCX,DOCX table 1,730,,,,,,,,,,False,False,შრომის ანაზღაურება,3673.1,4300.0,5024.0,5024.0,0.0,0.0,False,5024000
2026,source.mof_2026_tavi6_planned_docx,C:\Users\Mylaptop\Downloads\2026 ბიუჯეტი - თავი VI.DOCX,DOCX table 1,731,,,,,,,,,,False,False,არაფინანსური აქტივების ზრდა,87.7,300.0,1380.0,1380.0,0.0,0.0,False,1380000
2026,source.mof_2026_tavi6_planned_docx,C:\Users\Mylaptop\Downloads\2026 ბიუჯეტი - თავი VI.DOCX,DOCX table 1,732,30 05,30 00,2,30 00,საქართველოს შინაგან საქმეთა სამინისტრო,30 05,საქართველოს შინაგან საქმეთა სამინისტროს სისტემისა და საქართველოს სახელმწიფო უსაფრთხოების სამსახურის მოსამსახურეთა ჯანმრთელობის დაცვის მომსახურებით უზრუნველყოფა,,,False,True,საქართველოს შინაგან საქმეთა სამინისტროს სისტემისა და საქართველოს სახელმწიფო უსაფრთხოების სამსახურის მოსამსახურეთა ჯანმრთელობის დაცვის მომსახურებით უზრუნველყოფა,6328.8,4800.0,6850.0,6850.0,0.0,0.0,True,6850000
2026,source.mof_2026_tavi6_planned_docx,C:\Users\Mylaptop\Downloads\2026 ბიუჯეტი - თავი VI.DOCX,DOCX table 1,733,,,,,,,,,,False,False,მომუშავეთა რიცხოვნობა,35.0,35.0,35.0,35.0,0.0,0.0,False,35000
2026,source.mof_2026_tavi6_planned_docx,C:\Users\Mylaptop\Downloads\2026 ბიუჯეტი - თავი VI.DOCX,DOCX table 1,734,,,,,,,,,,False,False,ხარჯები,5593.2,4797.0,6760.0,6760.0,0.0,0.0,False,6760000
2026,source.mof_2026_tavi6_planned_docx,C:\Users\Mylaptop\Downloads\2026 ბიუჯეტი - თავი VI.DOCX,DOCX table 1,735,,,,,,,,,,False,False,შრომის ანაზღაურება,1237.2,1350.0,1481.0,1481.0,0.0,0.0,False,1481000
2026,source.mof_2026_tavi6_planned_docx,C:\Users\Mylaptop\Downloads\2026 ბიუჯეტი - თავი VI.DOCX,DOCX table 1,736,,,,,,,,,,False,False,არაფინანსური აქტივების ზრდა,735.6,3.0,90.0,90.0,0.0,0.0,False,90000
2026,source.mof_2026_tavi6_planned_docx,C:\Users\Mylaptop\Downloads\2026 ბიუჯეტი - თავი VI.DOCX,DOCX table 1,737,30 06,30 00,2,30 00,საქართველოს შინაგან საქმეთა სამინისტრო,30 06,"სამოქალაქო უსაფრთხოების დონის ამაღლება, სახელმწიფო მატერიალური რეზერვების შექმნა და მართვა",,,False,True,"სამოქალაქო უსაფრთხოების დონის ამაღლება, სახელმწიფო მატერიალური რეზერვების შექმნა და მართვა",135096.4,125540.0,153880.0,153880.0,0.0,0.0,True,153880000
2026,source.mof_2026_tavi6_planned_docx,C:\Users\Mylaptop\Downloads\2026 ბიუჯეტი - თავი VI.DOCX,DOCX table 1,738,,,,,,,,,,False,False,მომუშავეთა რიცხოვნობა,4573.0,4573.0,4573.0,4573.0,0.0,0.0,False,4573000
2026,source.mof_2026_tavi6_planned_docx,C:\Users\Mylaptop\Downloads\2026 ბიუჯეტი - თავი VI.DOCX,DOCX table 1,739,,,,,,,,,,False,False,ხარჯები,119149.7,122534.0,142370.0,142370.0,0.0,0.0,False,142370000
2026,source.mof_2026_tavi6_planned_docx,C:\Users\Mylaptop\Downloads\2026 ბიუჯეტი - თავი VI.DOCX,DOCX table 1,740,,,,,,,,,,False,False,შრომის ანაზღაურება,90741.8,97250.0,109451.0,109451.0,0.0,0.0,False,109451000
2026,source.mof_2026_tavi6_planned_docx,C:\Users\Mylaptop\Downloads\2026 ბიუჯეტი - თავი VI.DOCX,DOCX table 1,741,,,,,,,,,,False,False,არაფინანსური აქტივების ზრდა,15946.7,3006.0,11510.0,11510.0,0.0,0.0,False,11510000
2026,source.mof_2026_tavi6_planned_docx,C:\Users\Mylaptop\Downloads\2026 ბიუჯეტი - თავი VI.DOCX,DOCX table 1,742,30 07,30 00,2,30 00,საქართველოს შინაგან საქმეთა სამინისტრო,30 07,საგანგებო და გადაუდებელი დახმარების ეფექტური სისტემის ფუნქციონირება,,,False,True,საგანგებო და გადაუდებელი დახმარების ეფექტური სისტემის ფუნქციონირება,0.0,0.0,10000.0,10000.0,0.0,0.0,True,10000000
2026,source.mof_2026_tavi6_planned_docx,C:\Users\Mylaptop\Downloads\2026 ბიუჯეტი - თავი VI.DOCX,DOCX table 1,743,,,,,,,,,,False,False,ხარჯები,0.0,0.0,10000.0,10000.0,0.0,0.0,False,10000000
2026,source.mof_2026_tavi6_planned_docx,C:\Users\Mylaptop\Downloads\2026 ბიუჯეტი - თავი VI.DOCX,DOCX table 1,744,31 00,00 00,1,31 00,საქართველოს გარემოს დაცვისა და სოფლის მეურნეობის სამინისტრო,,,,,False,True,საქართველოს გარემოს დაცვისა და სოფლის მეურნეობის სამინისტრო,757415.2,808100.0,808161.0,741861.0,13300.0,53000.0,False,808161000
2026,source.mof_2026_tavi6_planned_docx,C:\Users\Mylaptop\Downloads\2026 ბიუჯეტი - თავი VI.DOCX,DOCX table 1,745,,,,,,,,,,False,False,მომუშავეთა რიცხოვნობა,3725.0,4123.0,4170.0,4170.0,0.0,0.0,False,4170000
2026,source.mof_2026_tavi6_planned_docx,C:\Users\Mylaptop\Downloads\2026 ბიუჯეტი - თავი VI.DOCX,DOCX table 1,746,,,,,,,,,,False,False,ხარჯები,707430.3,751035.0,736934.0,695009.0,12000.0,29925.0,False,736934000
2026,source.mof_2026_tavi6_planned_docx,C:\Users\Mylaptop\Downloads\2026 ბიუჯეტი - თავი VI.DOCX,DOCX table 1,747,,,,,,,,,,False,False,შრომის ანაზღაურება,70738.1,87937.0,110046.0,109346.0,700.0,0.0,False,110046000
2026,source.mof_2026_tavi6_planned_docx,C:\Users\Mylaptop\Downloads\2026 ბიუჯეტი - თავი VI.DOCX,DOCX table 1,748,,,,,,,,,,False,False,არაფინანსური აქტივების ზრდა,49984.9,57065.0,50877.0,46852.0,1300.0,2725.0,False,50877000
2026,source.mof_2026_tavi6_planned_docx,C:\Users\Mylaptop\Downloads\2026 ბიუჯეტი - თავი VI.DOCX,DOCX table 1,749,,,,,,,,,,False,False,ფინანსური აქტივების ზრდა,0.0,0.0,20350.0,0.0,0.0,20350.0,False,20350000
2026,source.mof_2026_tavi6_planned_docx,C:\Users\Mylaptop\Downloads\2026 ბიუჯეტი - თავი VI.DOCX,DOCX table 1,750,31 01,31 00,2,31 00,საქართველოს გარემოს დაცვისა და სოფლის მეურნეობის სამინისტრო,31 01,გარემოს დაცვის და სოფლის მეურნეობის განვითარების პროგრამა,,,False,True,გარემოს დაცვის და სოფლის მეურნეობის განვითარების პროგრამა,25187.7,25900.0,32128.0,32128.0,0.0,0.0,False,32128000
2026,source.mof_2026_tavi6_planned_docx,C:\Users\Mylaptop\Downloads\2026 ბიუჯეტი - თავი VI.DOCX,DOCX table 1,751,,,,,,,,,,False,False,მომუშავეთა რიცხოვნობა,261.0,266.0,256.0,256.0,0.0,0.0,False,256000
2026,source.mof_2026_tavi6_planned_docx,C:\Users\Mylaptop\Downloads\2026 ბიუჯეტი - თავი VI.DOCX,DOCX table 1,752,,,,,,,,,,False,False,ხარჯები,21835.7,19800.0,25638.0,25638.0,0.0,0.0,False,25638000
2026,source.mof_2026_tavi6_planned_docx,C:\Users\Mylaptop\Downloads\2026 ბიუჯეტი - თავი VI.DOCX,DOCX table 1,753,,,,,,,,,,False,False,შრომის ანაზღაურება,10466.8,11730.0,13200.0,13200.0,0.0,0.0,False,13200000
2026,source.mof_2026_tavi6_planned_docx,C:\Users\Mylaptop\Downloads\2026 ბიუჯეტი - თავი VI.DOCX,DOCX table 1,754,,,,,,,,,,False,False,არაფინანსური აქტივების ზრდა,3352.0,6100.0,6490.0,6490.0,0.0,0.0,False,6490000
2026,source.mof_2026_tavi6_planned_docx,C:\Users\Mylaptop\Downloads\2026 ბიუჯეტი - თავი VI.DOCX,DOCX table 1,755,31 01 01,31 01,3,31 00,საქართველოს გარემოს დაცვისა და სოფლის მეურნეობის სამინისტრო,31 01,გარემოს დაცვის და სოფლის მეურნეობის განვითარების პროგრამა,31 01 01,გარემოს დაცვის და სოფლის მეურნეობის განვითარების პოლიტიკის შემუშავება და მართვა,False,True,გარემოს დაცვის და სოფლის მეურნეობის განვითარების პოლიტიკის შემუშავება და მართვა,20597.9,16000.0,18758.0,18758.0,0.0,0.0,True,18758000
2026,source.mof_2026_tavi6_planned_docx,C:\Users\Mylaptop\Downloads\2026 ბიუჯეტი - თავი VI.DOCX,DOCX table 1,756,,,,,,,,,,False,False,მომუშავეთა რიცხოვნობა,261.0,266.0,256.0,256.0,0.0,0.0,False,256000
2026,source.mof_2026_tavi6_planned_docx,C:\Users\Mylaptop\Downloads\2026 ბიუჯეტი - თავი VI.DOCX,DOCX table 1,757,,,,,,,,,,False,False,ხარჯები,20334.0,15900.0,18618.0,18618.0,0.0,0.0,False,18618000
2026,source.mof_2026_tavi6_planned_docx,C:\Users\Mylaptop\Downloads\2026 ბიუჯეტი - თავი VI.DOCX,DOCX table 1,758,,,,,,,,,,False,False,შრომის ანაზღაურება,10466.8,11730.0,13200.0,13200.0,0.0,0.0,False,13200000
2026,source.mof_2026_tavi6_planned_docx,C:\Users\Mylaptop\Downloads\2026 ბიუჯეტი - თავი VI.DOCX,DOCX table 1,759,,,,,,,,,,False,False,არაფინანსური აქტივების ზრდა,263.9,100.0,140.0,140.0,0.0,0.0,False,140000
2026,source.mof_2026_tavi6_planned_docx,C:\Users\Mylaptop\Downloads\2026 ბიუჯეტი - თავი VI.DOCX,DOCX table 1,760,31 01 02,31 01,3,31 00,საქართველოს გარემოს დაცვისა და სოფლის მეურნეობის სამინისტრო,31 01,გარემოს დაცვის და სოფლის მეურნეობის განვითარების პროგრამა,31 01 02,ბიოლოგიური მრავალფეროვნების დაცვის ღონისძიებები,False,True,ბიოლოგიური მრავალფეროვნების დაცვის ღონისძიებები,170.0,400.0,400.0,400.0,0.0,0.0,True,400000
2026,source.mof_2026_tavi6_planned_docx,C:\Users\Mylaptop\Downloads\2026 ბიუჯეტი - თავი VI.DOCX,DOCX table 1,761,,,,,,,,,,False,False,ხარჯები,170.0,400.0,400.0,400.0,0.0,0.0,False,400000
2026,source.mof_2026_tavi6_planned_docx,C:\Users\Mylaptop\Downloads\2026 ბიუჯეტი - თავი VI.DOCX,DOCX table 1,762,31 01 03,31 01,3,31 00,საქართველოს გარემოს დაცვისა და სოფლის მეურნეობის სამინისტრო,31 01,გარემოს დაცვის და სოფლის მეურნეობის განვითარების პროგრამა,31 01 03,ინფორმაციული ტექნოლოგიებისა და ელექტრონული სისტემების ფუნქციონირების უზრუნველყოფა,False,True,ინფორმაციული ტექნოლოგიებისა და ელექტრონული სისტემების ფუნქციონირების უზრუნველყოფა,4419.8,7500.0,8000.0,8000.0,0.0,0.0,True,8000000
2026,source.mof_2026_tavi6_planned_docx,C:\Users\Mylaptop\Downloads\2026 ბიუჯეტი - თავი VI.DOCX,DOCX table 1,763,,,,,,,,,,False,False,ხარჯები,1331.7,1500.0,1650.0,1650.0,0.0,0.0,False,1650000
2026,source.mof_2026_tavi6_planned_docx,C:\Users\Mylaptop\Downloads\2026 ბიუჯეტი - თავი VI.DOCX,DOCX table 1,764,,,,,,,,,,False,False,არაფინანსური აქტივების ზრდა,3088.1,6000.0,6350.0,6350.0,0.0,0.0,False,6350000
2026,source.mof_2026_tavi6_planned_docx,C:\Users\Mylaptop\Downloads\2026 ბიუჯეტი - თავი VI.DOCX,DOCX table 1,765,31 01 04,31 01,3,31 00,საქართველოს გარემოს დაცვისა და სოფლის მეურნეობის სამინისტრო,31 01,გარემოს დაცვის და სოფლის მეურნეობის განვითარების პროგრამა,31 01 04,გარემოსდაცვითი პროგრამა,False,True,გარემოსდაცვითი პროგრამა,0.0,2000.0,2370.0,2370.0,0.0,0.0,True,2370000
2026,source.mof_2026_tavi6_planned_docx,C:\Users\Mylaptop\Downloads\2026 ბიუჯეტი - თავი VI.DOCX,DOCX table 1,766,,,,,,,,,,False,False,ხარჯები,0.0,2000.0,2370.0,2370.0,0.0,0.0,False,2370000
2026,source.mof_2026_tavi6_planned_docx,C:\Users\Mylaptop\Downloads\2026 ბიუჯეტი - თავი VI.DOCX,DOCX table 1,767,31 01 05,31 01,3,31 00,საქართველოს გარემოს დაცვისა და სოფლის მეურნეობის სამინისტრო,31 01,გარემოს დაცვის და სოფლის მეურნეობის განვითარების პროგრამა,31 01 05,დაცული ლანდშაფტების განვითარების ხელშეწყობის ღონისძიებები,False,True,დაცული ლანდშაფტების განვითარების ხელშეწყობის ღონისძიებები,0.0,0.0,2600.0,2600.0,0.0,0.0,True,2600000
2026,source.mof_2026_tavi6_planned_docx,C:\Users\Mylaptop\Downloads\2026 ბიუჯეტი - თავი VI.DOCX,DOCX table 1,768,,,,,,,,,,False,False,ხარჯები,0.0,0.0,2600.0,2600.0,0.0,0.0,False,2600000
2026,source.mof_2026_tavi6_planned_docx,C:\Users\Mylaptop\Downloads\2026 ბიუჯეტი - თავი VI.DOCX,DOCX table 1,769,31 02,31 00,2,31 00,საქართველოს გარემოს დაცვისა და სოფლის მეურნეობის სამინისტრო,31 02,"სურსათის უვნებლობა, მცენარეთა დაცვა და ეპიზოოტიური კეთილსაიმედოობა",,,False,True,"სურსათის უვნებლობა, მცენარეთა დაცვა და ეპიზოოტიური კეთილსაიმედოობა",64479.8,72340.0,108148.0,108148.0,0.0,0.0,True,108148000
2026,source.mof_2026_tavi6_planned_docx,C:\Users\Mylaptop\Downloads\2026 ბიუჯეტი - თავი VI.DOCX,DOCX table 1,770,,,,,,,,,,False,False,მომუშავეთა რიცხოვნობა,549.0,568.0,567.0,567.0,0.0,0.0,False,567000
2026,source.mof_2026_tavi6_planned_docx,C:\Users\Mylaptop\Downloads\2026 ბიუჯეტი - თავი VI.DOCX,DOCX table 1,771,,,,,,,,,,False,False,ხარჯები,61045.6,64763.0,103711.0,103711.0,0.0,0.0,False,103711000
2026,source.mof_2026_tavi6_planned_docx,C:\Users\Mylaptop\Downloads\2026 ბიუჯეტი - თავი VI.DOCX,DOCX table 1,772,,,,,,,,,,False,False,შრომის ანაზღაურება,10500.0,11900.0,14058.0,14058.0,0.0,0.0,False,14058000
2026,source.mof_2026_tavi6_planned_docx,C:\Users\Mylaptop\Downloads\2026 ბიუჯეტი - თავი VI.DOCX,DOCX table 1,773,,,,,,,,,,False,False,არაფინანსური აქტივების ზრდა,3434.2,7577.0,4437.0,4437.0,0.0,0.0,False,4437000
2026,source.mof_2026_tavi6_planned_docx,C:\Users\Mylaptop\Downloads\2026 ბიუჯეტი - თავი VI.DOCX,DOCX table 1,774,31 03,31 00,2,31 00,საქართველოს გარემოს დაცვისა და სოფლის მეურნეობის სამინისტრო,31 03,მევენახეობა-მეღვინეობის განვითარება,,,False,True,მევენახეობა-მეღვინეობის განვითარება,72558.0,81180.0,103300.0,103300.0,0.0,0.0,True,103300000
2026,source.mof_2026_tavi6_planned_docx,C:\Users\Mylaptop\Downloads\2026 ბიუჯეტი - თავი VI.DOCX,DOCX table 1,775,,,,,,,,,,False,False,მომუშავეთა რიცხოვნობა,50.0,50.0,50.0,50.0,0.0,0.0,False,50000
2026,source.mof_2026_tavi6_planned_docx,C:\Users\Mylaptop\Downloads\2026 ბიუჯეტი - თავი VI.DOCX,DOCX table 1,776,,,,,,,,,,False,False,ხარჯები,72477.5,81100.0,102007.0,102007.0,0.0,0.0,False,102007000
2026,source.mof_2026_tavi6_planned_docx,C:\Users\Mylaptop\Downloads\2026 ბიუჯეტი - თავი VI.DOCX,DOCX table 1,777,,,,,,,,,,False,False,შრომის ანაზღაურება,1000.0,1032.0,1141.0,1141.0,0.0,0.0,False,1141000
2026,source.mof_2026_tavi6_planned_docx,C:\Users\Mylaptop\Downloads\2026 ბიუჯეტი - თავი VI.DOCX,DOCX table 1,778,,,,,,,,,,False,False,არაფინანსური აქტივების ზრდა,80.5,80.0,1293.0,1293.0,0.0,0.0,False,1293000
2026,source.mof_2026_tavi6_planned_docx,C:\Users\Mylaptop\Downloads\2026 ბიუჯეტი - თავი VI.DOCX,DOCX table 1,779,31 04,31 00,2,31 00,საქართველოს გარემოს დაცვისა და სოფლის მეურნეობის სამინისტრო,31 04,სოფლის მეურნეობის დარგში სამეცნიერო-კვლევითი ღონისძიებების განხორციელება,,,False,True,სოფლის მეურნეობის დარგში სამეცნიერო-კვლევითი ღონისძიებების განხორციელება,8114.8,7250.0,9450.0,9450.0,0.0,0.0,True,9450000
2026,source.mof_2026_tavi6_planned_docx,C:\Users\Mylaptop\Downloads\2026 ბიუჯეტი - თავი VI.DOCX,DOCX table 1,780,,,,,,,,,,False,False,მომუშავეთა რიცხოვნობა,119.0,119.0,118.0,118.0,0.0,0.0,False,118000
2026,source.mof_2026_tavi6_planned_docx,C:\Users\Mylaptop\Downloads\2026 ბიუჯეტი - თავი VI.DOCX,DOCX table 1,781,,,,,,,,,,False,False,ხარჯები,7328.1,6958.0,7968.0,7968.0,0.0,0.0,False,7968000
2026,source.mof_2026_tavi6_planned_docx,C:\Users\Mylaptop\Downloads\2026 ბიუჯეტი - თავი VI.DOCX,DOCX table 1,782,,,,,,,,,,False,False,შრომის ანაზღაურება,2648.0,2856.0,3107.0,3107.0,0.0,0.0,False,3107000
2026,source.mof_2026_tavi6_planned_docx,C:\Users\Mylaptop\Downloads\2026 ბიუჯეტი - თავი VI.DOCX,DOCX table 1,783,,,,,,,,,,False,False,არაფინანსური აქტივების ზრდა,786.6,292.0,1482.0,1482.0,0.0,0.0,False,1482000
2026,source.mof_2026_tavi6_planned_docx,C:\Users\Mylaptop\Downloads\2026 ბიუჯეტი - თავი VI.DOCX,DOCX table 1,784,31 05,31 00,2,31 00,საქართველოს გარემოს დაცვისა და სოფლის მეურნეობის სამინისტრო,31 05,ერთიანი აგროპროექტი,,,False,True,ერთიანი აგროპროექტი,381198.3,350870.0,318000.0,311100.0,4500.0,2400.0,False,318000000
2026,source.mof_2026_tavi6_planned_docx,C:\Users\Mylaptop\Downloads\2026 ბიუჯეტი - თავი VI.DOCX,DOCX table 1,785,,,,,,,,,,False,False,მომუშავეთა რიცხოვნობა,366.0,366.0,366.0,366.0,0.0,0.0,False,366000
2026,source.mof_2026_tavi6_planned_docx,C:\Users\Mylaptop\Downloads\2026 ბიუჯეტი - თავი VI.DOCX,DOCX table 1,786,,,,,,,,,,False,False,ხარჯები,380780.2,350430.0,317475.0,310850.0,4350.0,2275.0,False,317475000
2026,source.mof_2026_tavi6_planned_docx,C:\Users\Mylaptop\Downloads\2026 ბიუჯეტი - თავი VI.DOCX,DOCX table 1,787,,,,,,,,,,False,False,შრომის ანაზღაურება,9584.4,10700.0,12515.0,12515.0,0.0,0.0,False,12515000
2026,source.mof_2026_tavi6_planned_docx,C:\Users\Mylaptop\Downloads\2026 ბიუჯეტი - თავი VI.DOCX,DOCX table 1,788,,,,,,,,,,False,False,არაფინანსური აქტივების ზრდა,418.1,440.0,525.0,250.0,150.0,125.0,False,525000
2026,source.mof_2026_tavi6_planned_docx,C:\Users\Mylaptop\Downloads\2026 ბიუჯეტი - თავი VI.DOCX,DOCX table 1,789,31 05 01,31 05,3,31 00,საქართველოს გარემოს დაცვისა და სოფლის მეურნეობის სამინისტრო,31 05,ერთიანი აგროპროექტი,31 05 01,სოფლის მეურნეობის პროექტების მართვა,False,True,სოფლის მეურნეობის პროექტების მართვა,15099.0,14700.0,18500.0,18500.0,0.0,0.0,True,18500000
2026,source.mof_2026_tavi6_planned_docx,C:\Users\Mylaptop\Downloads\2026 ბიუჯეტი - თავი VI.DOCX,DOCX table 1,790,,,,,,,,,,False,False,მომუშავეთა რიცხოვნობა,366.0,366.0,366.0,366.0,0.0,0.0,False,366000
2026,source.mof_2026_tavi6_planned_docx,C:\Users\Mylaptop\Downloads\2026 ბიუჯეტი - თავი VI.DOCX,DOCX table 1,791,,,,,,,,,,False,False,ხარჯები,14758.3,14500.0,18300.0,18300.0,0.0,0.0,False,18300000
2026,source.mof_2026_tavi6_planned_docx,C:\Users\Mylaptop\Downloads\2026 ბიუჯეტი - თავი VI.DOCX,DOCX table 1,792,,,,,,,,,,False,False,შრომის ანაზღაურება,9584.4,10700.0,12515.0,12515.0,0.0,0.0,False,12515000
2026,source.mof_2026_tavi6_planned_docx,C:\Users\Mylaptop\Downloads\2026 ბიუჯეტი - თავი VI.DOCX,DOCX table 1,793,,,,,,,,,,False,False,არაფინანსური აქტივების ზრდა,340.8,200.0,200.0,200.0,0.0,0.0,False,200000
2026,source.mof_2026_tavi6_planned_docx,C:\Users\Mylaptop\Downloads\2026 ბიუჯეტი - თავი VI.DOCX,DOCX table 1,794,31 05 02,31 05,3,31 00,საქართველოს გარემოს დაცვისა და სოფლის მეურნეობის სამინისტრო,31 05,ერთიანი აგროპროექტი,31 05 02,შეღავათიანი აგროდაფინანსების პროექტი,False,True,შეღავათიანი აგროდაფინანსების პროექტი,320543.9,288500.0,258250.0,258250.0,0.0,0.0,True,258250000
2026,source.mof_2026_tavi6_planned_docx,C:\Users\Mylaptop\Downloads\2026 ბიუჯეტი - თავი VI.DOCX,DOCX table 1,795,,,,,,,,,,False,False,ხარჯები,320543.9,288500.0,258250.0,258250.0,0.0,0.0,False,258250000
2026,source.mof_2026_tavi6_planned_docx,C:\Users\Mylaptop\Downloads\2026 ბიუჯეტი - თავი VI.DOCX,DOCX table 1,796,31 05 03,31 05,3,31 00,საქართველოს გარემოს დაცვისა და სოფლის მეურნეობის სამინისტრო,31 05,ერთიანი აგროპროექტი,31 05 03,აგროდაზღვევა,False,True,აგროდაზღვევა,13864.5,15000.0,17000.0,17000.0,0.0,0.0,True,17000000
2026,source.mof_2026_tavi6_planned_docx,C:\Users\Mylaptop\Downloads\2026 ბიუჯეტი - თავი VI.DOCX,DOCX table 1,797,,,,,,,,,,False,False,ხარჯები,13864.5,15000.0,17000.0,17000.0,0.0,0.0,False,17000000
2026,source.mof_2026_tavi6_planned_docx,C:\Users\Mylaptop\Downloads\2026 ბიუჯეტი - თავი VI.DOCX,DOCX table 1,798,31 05 04,31 05,3,31 00,საქართველოს გარემოს დაცვისა და სოფლის მეურნეობის სამინისტრო,31 05,ერთიანი აგროპროექტი,31 05 04,ფერმათა/ფერმერთა რეგისტრაციის პროექტი,False,True,ფერმათა/ფერმერთა რეგისტრაციის პროექტი,342.2,450.0,450.0,450.0,0.0,0.0,True,450000
2026,source.mof_2026_tavi6_planned_docx,C:\Users\Mylaptop\Downloads\2026 ბიუჯეტი - თავი VI.DOCX,DOCX table 1,799,,,,,,,,,,False,False,ხარჯები,342.2,450.0,450.0,450.0,0.0,0.0,False,450000
2026,source.mof_2026_tavi6_planned_docx,C:\Users\Mylaptop\Downloads\2026 ბიუჯეტი - თავი VI.DOCX,DOCX table 1,800,31 05 05,31 05,3,31 00,საქართველოს გარემოს დაცვისა და სოფლის მეურნეობის სამინისტრო,31 05,ერთიანი აგროპროექტი,31 05 05,პროექტების ტექნიკური მხარდაჭერის პროგრამა,False,True,პროექტების ტექნიკური მხარდაჭერის პროგრამა,811.2,1150.0,1500.0,1500.0,0.0,0.0,True,1500000
2026,source.mof_2026_tavi6_planned_docx,C:\Users\Mylaptop\Downloads\2026 ბიუჯეტი - თავი VI.DOCX,DOCX table 1,801,,,,,,,,,,False,False,ხარჯები,811.2,1150.0,1500.0,1500.0,0.0,0.0,False,1500000
2026,source.mof_2026_tavi6_planned_docx,C:\Users\Mylaptop\Downloads\2026 ბიუჯეტი - თავი VI.DOCX,DOCX table 1,802,31 05 06,31 05,3,31 00,საქართველოს გარემოს დაცვისა და სოფლის მეურნეობის სამინისტრო,31 05,ერთიანი აგროპროექტი,31 05 06,სასოფლო-სამეურნეო ტექნიკის თანადაფინანსების პროექტი,False,True,სასოფლო-სამეურნეო ტექნიკის თანადაფინანსების პროექტი,11160.4,10000.0,8000.0,8000.0,0.0,0.0,True,8000000
2026,source.mof_2026_tavi6_planned_docx,C:\Users\Mylaptop\Downloads\2026 ბიუჯეტი - თავი VI.DOCX,DOCX table 1,803,,,,,,,,,,False,False,ხარჯები,11160.4,10000.0,8000.0,8000.0,0.0,0.0,False,8000000
2026,source.mof_2026_tavi6_planned_docx,C:\Users\Mylaptop\Downloads\2026 ბიუჯეტი - თავი VI.DOCX,DOCX table 1,804,31 05 07,31 05,3,31 00,საქართველოს გარემოს დაცვისა და სოფლის მეურნეობის სამინისტრო,31 05,ერთიანი აგროპროექტი,31 05 07,ქართული აგროსასურსათო პროდუქციის პოპულარიზაცია,False,True,ქართული აგროსასურსათო პროდუქციის პოპულარიზაცია,2385.9,3000.0,3500.0,3500.0,0.0,0.0,True,3500000
2026,source.mof_2026_tavi6_planned_docx,C:\Users\Mylaptop\Downloads\2026 ბიუჯეტი - თავი VI.DOCX,DOCX table 1,805,,,,,,,,,,False,False,ხარჯები,2385.9,3000.0,3500.0,3500.0,0.0,0.0,False,3500000
2026,source.mof_2026_tavi6_planned_docx,C:\Users\Mylaptop\Downloads\2026 ბიუჯეტი - თავი VI.DOCX,DOCX table 1,806,31 05 08,31 05,3,31 00,საქართველოს გარემოს დაცვისა და სოფლის მეურნეობის სამინისტრო,31 05,ერთიანი აგროპროექტი,31 05 08,აგროსექტორის განვითარების ხელშეწყობა,False,True,აგროსექტორის განვითარების ხელშეწყობა,14560.4,18070.0,10800.0,3900.0,4500.0,2400.0,False,10800000
2026,source.mof_2026_tavi6_planned_docx,C:\Users\Mylaptop\Downloads\2026 ბიუჯეტი - თავი VI.DOCX,DOCX table 1,807,,,,,,,,,,False,False,ხარჯები,14483.0,17830.0,10475.0,3850.0,4350.0,2275.0,False,10475000
2026,source.mof_2026_tavi6_planned_docx,C:\Users\Mylaptop\Downloads\2026 ბიუჯეტი - თავი VI.DOCX,DOCX table 1,808,,,,,,,,,,False,False,არაფინანსური აქტივების ზრდა,77.3,240.0,325.0,50.0,150.0,125.0,False,325000
2026,source.mof_2026_tavi6_planned_docx,C:\Users\Mylaptop\Downloads\2026 ბიუჯეტი - თავი VI.DOCX,DOCX table 1,809,31 05 08 01,31 05 08,4,31 00,საქართველოს გარემოს დაცვისა და სოფლის მეურნეობის სამინისტრო,31 05,ერთიანი აგროპროექტი,31 05 08,აგროსექტორის განვითარების ხელშეწყობა,False,True,მერძევეობის დარგის მოდერნიზაციის და ბაზარზე წვდომის პროგრამა (DiMMA),14560.4,18070.0,10800.0,3900.0,4500.0,2400.0,True,10800000
2026,source.mof_2026_tavi6_planned_docx,C:\Users\Mylaptop\Downloads\2026 ბიუჯეტი - თავი VI.DOCX,DOCX table 1,810,,,,,,,,,,False,False,ხარჯები,14483.0,17830.0,10475.0,3850.0,4350.0,2275.0,False,10475000
2026,source.mof_2026_tavi6_planned_docx,C:\Users\Mylaptop\Downloads\2026 ბიუჯეტი - თავი VI.DOCX,DOCX table 1,811,,,,,,,,,,False,False,არაფინანსური აქტივების ზრდა,77.3,240.0,325.0,50.0,150.0,125.0,False,325000
2026,source.mof_2026_tavi6_planned_docx,C:\Users\Mylaptop\Downloads\2026 ბიუჯეტი - თავი VI.DOCX,DOCX table 1,812,31 05 09,31 05,3,31 00,საქართველოს გარემოს დაცვისა და სოფლის მეურნეობის სამინისტრო,31 05,ერთიანი აგროპროექტი,31 05 09,მაღალმთიან დასახლებებში სამეწარმეო საქმიანობის ხელშეწყობის პროგრამა,False,True,მაღალმთიან დასახლებებში სამეწარმეო საქმიანობის ხელშეწყობის პროგრამა,2430.7,0.0,0.0,0.0,0.0,0.0,True,0
2026,source.mof_2026_tavi6_planned_docx,C:\Users\Mylaptop\Downloads\2026 ბიუჯეტი - თავი VI.DOCX,DOCX table 1,813,,,,,,,,,,False,False,ხარჯები,2430.7,0.0,0.0,0.0,0.0,0.0,False,0
2026,source.mof_2026_tavi6_planned_docx,C:\Users\Mylaptop\Downloads\2026 ბიუჯეტი - თავი VI.DOCX,DOCX table 1,814,31 06,31 00,2,31 00,საქართველოს გარემოს დაცვისა და სოფლის მეურნეობის სამინისტრო,31 06,სამელიორაციო სისტემების მოდერნიზაცია,,,False,True,სამელიორაციო სისტემების მოდერნიზაცია,73289.8,129100.0,54000.0,20750.0,3000.0,30250.0,False,54000000
2026,source.mof_2026_tavi6_planned_docx,C:\Users\Mylaptop\Downloads\2026 ბიუჯეტი - თავი VI.DOCX,DOCX table 1,815,,,,,,,,,,False,False,ხარჯები,72526.3,125100.0,48450.0,18300.0,2500.0,27650.0,False,48450000
2026,source.mof_2026_tavi6_planned_docx,C:\Users\Mylaptop\Downloads\2026 ბიუჯეტი - თავი VI.DOCX,DOCX table 1,816,,,,,,,,,,False,False,არაფინანსური აქტივების ზრდა,763.5,4000.0,5550.0,2450.0,500.0,2600.0,False,5550000
2026,source.mof_2026_tavi6_planned_docx,C:\Users\Mylaptop\Downloads\2026 ბიუჯეტი - თავი VI.DOCX,DOCX table 1,817,31 06 01,31 06,3,31 00,საქართველოს გარემოს დაცვისა და სოფლის მეურნეობის სამინისტრო,31 06,სამელიორაციო სისტემების მოდერნიზაცია,31 06 01,"საქართველოს მდგრადი სოფლის მეურნეობის, ირიგაციისა და მიწის პროექტი",False,True,"საქართველოს მდგრადი სოფლის მეურნეობის, ირიგაციისა და მიწის პროექტი",10944.0,33600.0,30000.0,15000.0,0.0,15000.0,True,30000000
2026,source.mof_2026_tavi6_planned_docx,C:\Users\Mylaptop\Downloads\2026 ბიუჯეტი - თავი VI.DOCX,DOCX table 1,818,,,,,,,,,,False,False,ხარჯები,10180.5,29600.0,25400.0,12700.0,0.0,12700.0,False,25400000
2026,source.mof_2026_tavi6_planned_docx,C:\Users\Mylaptop\Downloads\2026 ბიუჯეტი - თავი VI.DOCX,DOCX table 1,819,,,,,,,,,,False,False,არაფინანსური აქტივების ზრდა,763.5,4000.0,4600.0,2300.0,0.0,2300.0,False,4600000
2026,source.mof_2026_tavi6_planned_docx,C:\Users\Mylaptop\Downloads\2026 ბიუჯეტი - თავი VI.DOCX,DOCX table 1,820,31 06 02,31 06,3,31 00,საქართველოს გარემოს დაცვისა და სოფლის მეურნეობის სამინისტრო,31 06,სამელიორაციო სისტემების მოდერნიზაცია,31 06 02,საქართველოში სარწყავი სოფლის მეურნეობის განვითარების ხელშეწყობის პროგრამა,False,True,საქართველოში სარწყავი სოფლის მეურნეობის განვითარების ხელშეწყობის პროგრამა,170.3,16500.0,24000.0,5750.0,3000.0,15250.0,False,24000000
2026,source.mof_2026_tavi6_planned_docx,C:\Users\Mylaptop\Downloads\2026 ბიუჯეტი - თავი VI.DOCX,DOCX table 1,821,,,,,,,,,,False,False,ხარჯები,170.3,16500.0,23050.0,5600.0,2500.0,14950.0,False,23050000
2026,source.mof_2026_tavi6_planned_docx,C:\Users\Mylaptop\Downloads\2026 ბიუჯეტი - თავი VI.DOCX,DOCX table 1,822,,,,,,,,,,False,False,არაფინანსური აქტივების ზრდა,0.0,0.0,950.0,150.0,500.0,300.0,False,950000
2026,source.mof_2026_tavi6_planned_docx,C:\Users\Mylaptop\Downloads\2026 ბიუჯეტი - თავი VI.DOCX,DOCX table 1,823,31 06 02 01,31 06 02,4,31 00,საქართველოს გარემოს დაცვისა და სოფლის მეურნეობის სამინისტრო,31 06,სამელიორაციო სისტემების მოდერნიზაცია,31 06 02,საქართველოში სარწყავი სოფლის მეურნეობის განვითარების ხელშეწყობის პროგრამა,False,True,კლიმატგონივრული ირიგაციის სექტორის განვითარების პროექტი (ADB),14.6,8000.0,13000.0,4150.0,0.0,8850.0,True,13000000
2026,source.mof_2026_tavi6_planned_docx,C:\Users\Mylaptop\Downloads\2026 ბიუჯეტი - თავი VI.DOCX,DOCX table 1,824,,,,,,,,,,False,False,ხარჯები,14.6,8000.0,12550.0,4000.0,0.0,8550.0,False,12550000
2026,source.mof_2026_tavi6_planned_docx,C:\Users\Mylaptop\Downloads\2026 ბიუჯეტი - თავი VI.DOCX,DOCX table 1,825,,,,,,,,,,False,False,არაფინანსური აქტივების ზრდა,0.0,0.0,450.0,150.0,0.0,300.0,False,450000
2026,source.mof_2026_tavi6_planned_docx,C:\Users\Mylaptop\Downloads\2026 ბიუჯეტი - თავი VI.DOCX,DOCX table 1,826,31 06 02 02,31 06 02,4,31 00,საქართველოს გარემოს დაცვისა და სოფლის მეურნეობის სამინისტრო,31 06,სამელიორაციო სისტემების მოდერნიზაცია,31 06 02,საქართველოში სარწყავი სოფლის მეურნეობის განვითარების ხელშეწყობის პროგრამა,False,True,საქართველო − ზემო სამგორის ირიგაციის პროექტი (EIB),155.7,5400.0,4000.0,800.0,0.0,3200.0,True,4000000
2026,source.mof_2026_tavi6_planned_docx,C:\Users\Mylaptop\Downloads\2026 ბიუჯეტი - თავი VI.DOCX,DOCX table 1,827,,,,,,,,,,False,False,ხარჯები,155.7,5400.0,4000.0,800.0,0.0,3200.0,False,4000000
2026,source.mof_2026_tavi6_planned_docx,C:\Users\Mylaptop\Downloads\2026 ბიუჯეტი - თავი VI.DOCX,DOCX table 1,828,31 06 02 03,31 06 02,4,31 00,საქართველოს გარემოს დაცვისა და სოფლის მეურნეობის სამინისტრო,31 06,სამელიორაციო სისტემების მოდერნიზაცია,31 06 02,საქართველოში სარწყავი სოფლის მეურნეობის განვითარების ხელშეწყობის პროგრამა,False,True,საქართველოში სარწყავი სოფლის მეურნეობის განვითარების ხელშეწყობის პროექტი (AFD),0.0,1650.0,4000.0,800.0,0.0,3200.0,True,4000000
2026,source.mof_2026_tavi6_planned_docx,C:\Users\Mylaptop\Downloads\2026 ბიუჯეტი - თავი VI.DOCX,DOCX table 1,829,,,,,,,,,,False,False,ხარჯები,0.0,1650.0,4000.0,800.0,0.0,3200.0,False,4000000
2026,source.mof_2026_tavi6_planned_docx,C:\Users\Mylaptop\Downloads\2026 ბიუჯეტი - თავი VI.DOCX,DOCX table 1,830,31 06 02 04,31 06 02,4,31 00,საქართველოს გარემოს დაცვისა და სოფლის მეურნეობის სამინისტრო,31 06,სამელიორაციო სისტემების მოდერნიზაცია,31 06 02,საქართველოში სარწყავი სოფლის მეურნეობის განვითარების ხელშეწყობის პროგრამა,False,True,მდგრადი და ინკლუზიური სარწყავი სოფლის მეურნეობის განვითარების პროექტი (AFD),0.0,1450.0,3000.0,0.0,3000.0,0.0,True,3000000
2026,source.mof_2026_tavi6_planned_docx,C:\Users\Mylaptop\Downloads\2026 ბიუჯეტი - თავი VI.DOCX,DOCX table 1,831,,,,,,,,,,False,False,ხარჯები,0.0,1450.0,2500.0,0.0,2500.0,0.0,False,2500000
2026,source.mof_2026_tavi6_planned_docx,C:\Users\Mylaptop\Downloads\2026 ბიუჯეტი - თავი VI.DOCX,DOCX table 1,832,,,,,,,,,,False,False,არაფინანსური აქტივების ზრდა,0.0,0.0,500.0,0.0,500.0,0.0,False,500000
2026,source.mof_2026_tavi6_planned_docx,C:\Users\Mylaptop\Downloads\2026 ბიუჯეტი - თავი VI.DOCX,DOCX table 1,833,31 06 03,31 06,3,31 00,საქართველოს გარემოს დაცვისა და სოფლის მეურნეობის სამინისტრო,31 06,სამელიორაციო სისტემების მოდერნიზაცია,31 06 03,სამელიორაციო სისტემების რეაბილიტაცია და ტექნიკის შეძენა,False,True,სამელიორაციო სისტემების რეაბილიტაცია და ტექნიკის შეძენა,37000.0,45000.0,0.0,0.0,0.0,0.0,True,0
2026,source.mof_2026_tavi6_planned_docx,C:\Users\Mylaptop\Downloads\2026 ბიუჯეტი - თავი VI.DOCX,DOCX table 1,834,,,,,,,,,,False,False,ხარჯები,37000.0,45000.0,0.0,0.0,0.0,0.0,False,0
2026,source.mof_2026_tavi6_planned_docx,C:\Users\Mylaptop\Downloads\2026 ბიუჯეტი - თავი VI.DOCX,DOCX table 1,835,31 06 04,31 06,3,31 00,საქართველოს გარემოს დაცვისა და სოფლის მეურნეობის სამინისტრო,31 06,სამელიორაციო სისტემების მოდერნიზაცია,31 06 04,სამელიორაციო ინფრასტრუქტურის მიმდინარე ტექნიკური ექსპლუატაცია,False,True,სამელიორაციო ინფრასტრუქტურის მიმდინარე ტექნიკური ექსპლუატაცია,25000.0,34000.0,0.0,0.0,0.0,0.0,True,0
2026,source.mof_2026_tavi6_planned_docx,C:\Users\Mylaptop\Downloads\2026 ბიუჯეტი - თავი VI.DOCX,DOCX table 1,836,,,,,,,,,,False,False,ხარჯები,25000.0,34000.0,0.0,0.0,0.0,0.0,False,0
2026,source.mof_2026_tavi6_planned_docx,C:\Users\Mylaptop\Downloads\2026 ბიუჯეტი - თავი VI.DOCX,DOCX table 1,837,31 06 05,31 06,3,31 00,საქართველოს გარემოს დაცვისა და სოფლის მეურნეობის სამინისტრო,31 06,სამელიორაციო სისტემების მოდერნიზაცია,31 06 05,ირიგაციისა და დრენაჟის სისტემების გაუმჯობესება (WB),False,True,ირიგაციისა და დრენაჟის სისტემების გაუმჯობესება (WB),175.5,0.0,0.0,0.0,0.0,0.0,True,0
2026,source.mof_2026_tavi6_planned_docx,C:\Users\Mylaptop\Downloads\2026 ბიუჯეტი - თავი VI.DOCX,DOCX table 1,838,,,,,,,,,,False,False,ხარჯები,175.5,0.0,0.0,0.0,0.0,0.0,False,0
2026,source.mof_2026_tavi6_planned_docx,C:\Users\Mylaptop\Downloads\2026 ბიუჯეტი - თავი VI.DOCX,DOCX table 1,839,31 07,31 00,2,31 00,საქართველოს გარემოს დაცვისა და სოფლის მეურნეობის სამინისტრო,31 07,გარემოსდაცვითი ზედამხედველობა,,,False,True,გარემოსდაცვითი ზედამხედველობა,28586.6,30000.0,40000.0,40000.0,0.0,0.0,True,40000000
2026,source.mof_2026_tavi6_planned_docx,C:\Users\Mylaptop\Downloads\2026 ბიუჯეტი - თავი VI.DOCX,DOCX table 1,840,,,,,,,,,,False,False,მომუშავეთა რიცხოვნობა,870.0,865.0,879.0,879.0,0.0,0.0,False,879000
2026,source.mof_2026_tavi6_planned_docx,C:\Users\Mylaptop\Downloads\2026 ბიუჯეტი - თავი VI.DOCX,DOCX table 1,841,,,,,,,,,,False,False,ხარჯები,24442.8,26150.0,33170.0,33170.0,0.0,0.0,False,33170000
2026,source.mof_2026_tavi6_planned_docx,C:\Users\Mylaptop\Downloads\2026 ბიუჯეტი - თავი VI.DOCX,DOCX table 1,842,,,,,,,,,,False,False,შრომის ანაზღაურება,16206.0,18100.0,25435.0,25435.0,0.0,0.0,False,25435000
2026,source.mof_2026_tavi6_planned_docx,C:\Users\Mylaptop\Downloads\2026 ბიუჯეტი - თავი VI.DOCX,DOCX table 1,843,,,,,,,,,,False,False,არაფინანსური აქტივების ზრდა,4143.8,3850.0,6830.0,6830.0,0.0,0.0,False,6830000
2026,source.mof_2026_tavi6_planned_docx,C:\Users\Mylaptop\Downloads\2026 ბიუჯეტი - თავი VI.DOCX,DOCX table 1,844,31 08,31 00,2,31 00,საქართველოს გარემოს დაცვისა და სოფლის მეურნეობის სამინისტრო,31 08,დაცული ტერიტორიების სისტემის ჩამოყალიბება და მართვა,,,False,True,დაცული ტერიტორიების სისტემის ჩამოყალიბება და მართვა,28127.7,27740.0,29000.0,23700.0,5300.0,0.0,True,29000000
2026,source.mof_2026_tavi6_planned_docx,C:\Users\Mylaptop\Downloads\2026 ბიუჯეტი - თავი VI.DOCX,DOCX table 1,845,,,,,,,,,,False,False,მომუშავეთა რიცხოვნობა,729.0,729.0,729.0,729.0,0.0,0.0,False,729000
2026,source.mof_2026_tavi6_planned_docx,C:\Users\Mylaptop\Downloads\2026 ბიუჯეტი - თავი VI.DOCX,DOCX table 1,846,,,,,,,,,,False,False,ხარჯები,19653.8,22089.0,20480.0,15830.0,4650.0,0.0,False,20480000
2026,source.mof_2026_tavi6_planned_docx,C:\Users\Mylaptop\Downloads\2026 ბიუჯეტი - თავი VI.DOCX,DOCX table 1,847,,,,,,,,,,False,False,შრომის ანაზღაურება,8688.0,8700.0,11090.0,10390.0,700.0,0.0,False,11090000
2026,source.mof_2026_tavi6_planned_docx,C:\Users\Mylaptop\Downloads\2026 ბიუჯეტი - თავი VI.DOCX,DOCX table 1,848,,,,,,,,,,False,False,არაფინანსური აქტივების ზრდა,8473.9,5651.0,8520.0,7870.0,650.0,0.0,False,8520000
2026,source.mof_2026_tavi6_planned_docx,C:\Users\Mylaptop\Downloads\2026 ბიუჯეტი - თავი VI.DOCX,DOCX table 1,849,31 09,31 00,2,31 00,საქართველოს გარემოს დაცვისა და სოფლის მეურნეობის სამინისტრო,31 09,სატყეო სისტემის ჩამოყალიბება და მართვა,,,False,True,სატყეო სისტემის ჩამოყალიბება და მართვა,24624.3,24750.0,21650.0,21650.0,0.0,0.0,True,21650000
2026,source.mof_2026_tavi6_planned_docx,C:\Users\Mylaptop\Downloads\2026 ბიუჯეტი - თავი VI.DOCX,DOCX table 1,850,,,,,,,,,,False,False,მომუშავეთა რიცხოვნობა,501.0,501.0,501.0,501.0,0.0,0.0,False,501000
2026,source.mof_2026_tavi6_planned_docx,C:\Users\Mylaptop\Downloads\2026 ბიუჯეტი - თავი VI.DOCX,DOCX table 1,851,,,,,,,,,,False,False,ხარჯები,15056.6,15750.0,20300.0,20300.0,0.0,0.0,False,20300000
2026,source.mof_2026_tavi6_planned_docx,C:\Users\Mylaptop\Downloads\2026 ბიუჯეტი - თავი VI.DOCX,DOCX table 1,852,,,,,,,,,,False,False,შრომის ანაზღაურება,4620.0,5396.0,7930.0,7930.0,0.0,0.0,False,7930000
2026,source.mof_2026_tavi6_planned_docx,C:\Users\Mylaptop\Downloads\2026 ბიუჯეტი - თავი VI.DOCX,DOCX table 1,853,,,,,,,,,,False,False,არაფინანსური აქტივების ზრდა,9567.7,9000.0,1350.0,1350.0,0.0,0.0,False,1350000
2026,source.mof_2026_tavi6_planned_docx,C:\Users\Mylaptop\Downloads\2026 ბიუჯეტი - თავი VI.DOCX,DOCX table 1,854,31 10,31 00,2,31 00,საქართველოს გარემოს დაცვისა და სოფლის მეურნეობის სამინისტრო,31 10,ველური ბუნების ეროვნული სააგენტოს სისტემის ჩამოყალიბება და მართვა,,,False,True,ველური ბუნების ეროვნული სააგენტოს სისტემის ჩამოყალიბება და მართვა,2211.6,1800.0,2400.0,2400.0,0.0,0.0,True,2400000
2026,source.mof_2026_tavi6_planned_docx,C:\Users\Mylaptop\Downloads\2026 ბიუჯეტი - თავი VI.DOCX,DOCX table 1,855,,,,,,,,,,False,False,მომუშავეთა რიცხოვნობა,12.0,12.0,12.0,12.0,0.0,0.0,False,12000
2026,source.mof_2026_tavi6_planned_docx,C:\Users\Mylaptop\Downloads\2026 ბიუჯეტი - თავი VI.DOCX,DOCX table 1,856,,,,,,,,,,False,False,ხარჯები,2097.0,1655.0,2075.0,2075.0,0.0,0.0,False,2075000
2026,source.mof_2026_tavi6_planned_docx,C:\Users\Mylaptop\Downloads\2026 ბიუჯეტი - თავი VI.DOCX,DOCX table 1,857,,,,,,,,,,False,False,შრომის ანაზღაურება,502.6,544.0,638.0,638.0,0.0,0.0,False,638000
2026,source.mof_2026_tavi6_planned_docx,C:\Users\Mylaptop\Downloads\2026 ბიუჯეტი - თავი VI.DOCX,DOCX table 1,858,,,,,,,,,,False,False,არაფინანსური აქტივების ზრდა,114.6,145.0,325.0,325.0,0.0,0.0,False,325000
2026,source.mof_2026_tavi6_planned_docx,C:\Users\Mylaptop\Downloads\2026 ბიუჯეტი - თავი VI.DOCX,DOCX table 1,859,31 11,31 00,2,31 00,საქართველოს გარემოს დაცვისა და სოფლის მეურნეობის სამინისტრო,31 11,გარემოს დაცვისა და სოფლის მეურნეობის მიმართულებით ინფორმაციის ხელმისაწვდომობის და „განათლება მდგრადი განვითარებისთვის“ ხელშეწყობის პროგრამა,,,False,True,გარემოს დაცვისა და სოფლის მეურნეობის მიმართულებით ინფორმაციის ხელმისაწვდომობის და „განათლება მდგრადი განვითარებისთვის“ ხელშეწყობის პროგრამა,3984.7,2400.0,3145.0,3145.0,0.0,0.0,True,3145000
2026,source.mof_2026_tavi6_planned_docx,C:\Users\Mylaptop\Downloads\2026 ბიუჯეტი - თავი VI.DOCX,DOCX table 1,860,,,,,,,,,,False,False,მომუშავეთა რიცხოვნობა,25.0,25.0,21.0,21.0,0.0,0.0,False,21000
2026,source.mof_2026_tavi6_planned_docx,C:\Users\Mylaptop\Downloads\2026 ბიუჯეტი - თავი VI.DOCX,DOCX table 1,861,,,,,,,,,,False,False,ხარჯები,3886.3,2360.0,3045.0,3045.0,0.0,0.0,False,3045000
2026,source.mof_2026_tavi6_planned_docx,C:\Users\Mylaptop\Downloads\2026 ბიუჯეტი - თავი VI.DOCX,DOCX table 1,862,,,,,,,,,,False,False,შრომის ანაზღაურება,736.2,757.0,739.0,739.0,0.0,0.0,False,739000
2026,source.mof_2026_tavi6_planned_docx,C:\Users\Mylaptop\Downloads\2026 ბიუჯეტი - თავი VI.DOCX,DOCX table 1,863,,,,,,,,,,False,False,არაფინანსური აქტივების ზრდა,98.5,40.0,100.0,100.0,0.0,0.0,False,100000
2026,source.mof_2026_tavi6_planned_docx,C:\Users\Mylaptop\Downloads\2026 ბიუჯეტი - თავი VI.DOCX,DOCX table 1,864,31 12,31 00,2,31 00,საქართველოს გარემოს დაცვისა და სოფლის მეურნეობის სამინისტრო,31 12,"ბირთვული და რადიაციული უსაფრთხოების დაცვა, დარიშხანშემცველი ნარჩენების ობიექტების მართვა",,,False,True,"ბირთვული და რადიაციული უსაფრთხოების დაცვა, დარიშხანშემცველი ნარჩენების ობიექტების მართვა",3379.5,7970.0,4400.0,4400.0,0.0,0.0,True,4400000
2026,source.mof_2026_tavi6_planned_docx,C:\Users\Mylaptop\Downloads\2026 ბიუჯეტი - თავი VI.DOCX,DOCX table 1,865,,,,,,,,,,False,False,მომუშავეთა რიცხოვნობა,28.0,28.0,28.0,28.0,0.0,0.0,False,28000
2026,source.mof_2026_tavi6_planned_docx,C:\Users\Mylaptop\Downloads\2026 ბიუჯეტი - თავი VI.DOCX,DOCX table 1,866,,,,,,,,,,False,False,ხარჯები,1627.4,2010.0,2370.0,2370.0,0.0,0.0,False,2370000
2026,source.mof_2026_tavi6_planned_docx,C:\Users\Mylaptop\Downloads\2026 ბიუჯეტი - თავი VI.DOCX,DOCX table 1,867,,,,,,,,,,False,False,შრომის ანაზღაურება,719.2,931.0,1204.0,1204.0,0.0,0.0,False,1204000
2026,source.mof_2026_tavi6_planned_docx,C:\Users\Mylaptop\Downloads\2026 ბიუჯეტი - თავი VI.DOCX,DOCX table 1,868,,,,,,,,,,False,False,არაფინანსური აქტივების ზრდა,1752.1,5960.0,2030.0,2030.0,0.0,0.0,False,2030000
2026,source.mof_2026_tavi6_planned_docx,C:\Users\Mylaptop\Downloads\2026 ბიუჯეტი - თავი VI.DOCX,DOCX table 1,869,31 13,31 00,2,31 00,საქართველოს გარემოს დაცვისა და სოფლის მეურნეობის სამინისტრო,31 13,"გარემოს დაცვის სფეროში პროგნოზირება, შეფასება, პრევენცია და მონიტორინგი",,,False,True,"გარემოს დაცვის სფეროში პროგნოზირება, შეფასება, პრევენცია და მონიტორინგი",25811.4,33600.0,34740.0,34740.0,0.0,0.0,True,34740000
2026,source.mof_2026_tavi6_planned_docx,C:\Users\Mylaptop\Downloads\2026 ბიუჯეტი - თავი VI.DOCX,DOCX table 1,870,,,,,,,,,,False,False,მომუშავეთა რიცხოვნობა,0.0,379.0,428.0,428.0,0.0,0.0,False,428000
2026,source.mof_2026_tavi6_planned_docx,C:\Users\Mylaptop\Downloads\2026 ბიუჯეტი - თავი VI.DOCX,DOCX table 1,871,,,,,,,,,,False,False,ხარჯები,11095.3,20410.0,24500.0,24500.0,0.0,0.0,False,24500000
2026,source.mof_2026_tavi6_planned_docx,C:\Users\Mylaptop\Downloads\2026 ბიუჯეტი - თავი VI.DOCX,DOCX table 1,872,,,,,,,,,,False,False,შრომის ანაზღაურება,607.9,10000.0,12957.0,12957.0,0.0,0.0,False,12957000
2026,source.mof_2026_tavi6_planned_docx,C:\Users\Mylaptop\Downloads\2026 ბიუჯეტი - თავი VI.DOCX,DOCX table 1,873,,,,,,,,,,False,False,არაფინანსური აქტივების ზრდა,14716.0,13190.0,10240.0,10240.0,0.0,0.0,False,10240000
2026,source.mof_2026_tavi6_planned_docx,C:\Users\Mylaptop\Downloads\2026 ბიუჯეტი - თავი VI.DOCX,DOCX table 1,874,31 14,31 00,2,31 00,საქართველოს გარემოს დაცვისა და სოფლის მეურნეობის სამინისტრო,31 14,სოფლის მეურნეობის მიმართულებით ლაბორატორიულ მომსახურებაზე ხელმისაწვდომობა,,,False,True,სოფლის მეურნეობის მიმართულებით ლაბორატორიულ მომსახურებაზე ხელმისაწვდომობა,10538.3,7000.0,13000.0,13000.0,0.0,0.0,True,13000000
2026,source.mof_2026_tavi6_planned_docx,C:\Users\Mylaptop\Downloads\2026 ბიუჯეტი - თავი VI.DOCX,DOCX table 1,875,,,,,,,,,,False,False,მომუშავეთა რიცხოვნობა,145.0,145.0,145.0,145.0,0.0,0.0,False,145000
2026,source.mof_2026_tavi6_planned_docx,C:\Users\Mylaptop\Downloads\2026 ბიუჯეტი - თავი VI.DOCX,DOCX table 1,876,,,,,,,,,,False,False,ხარჯები,8287.7,6260.0,11300.0,11300.0,0.0,0.0,False,11300000
2026,source.mof_2026_tavi6_planned_docx,C:\Users\Mylaptop\Downloads\2026 ბიუჯეტი - თავი VI.DOCX,DOCX table 1,877,,,,,,,,,,False,False,შრომის ანაზღაურება,2465.9,2730.0,3044.0,3044.0,0.0,0.0,False,3044000
2026,source.mof_2026_tavi6_planned_docx,C:\Users\Mylaptop\Downloads\2026 ბიუჯეტი - თავი VI.DOCX,DOCX table 1,878,,,,,,,,,,False,False,არაფინანსური აქტივების ზრდა,2250.6,740.0,1700.0,1700.0,0.0,0.0,False,1700000
2026,source.mof_2026_tavi6_planned_docx,C:\Users\Mylaptop\Downloads\2026 ბიუჯეტი - თავი VI.DOCX,DOCX table 1,879,31 15,31 00,2,31 00,საქართველოს გარემოს დაცვისა და სოფლის მეურნეობის სამინისტრო,31 15,მიწის მდგრადი მართვისა და მიწათსარგებლობის მონიტორინგის სახელმწიფო პროგრამა,,,False,True,მიწის მდგრადი მართვისა და მიწათსარგებლობის მონიტორინგის სახელმწიფო პროგრამა,5322.8,6200.0,8800.0,8800.0,0.0,0.0,True,8800000
2026,source.mof_2026_tavi6_planned_docx,C:\Users\Mylaptop\Downloads\2026 ბიუჯეტი - თავი VI.DOCX,DOCX table 1,880,,,,,,,,,,False,False,მომუშავეთა რიცხოვნობა,70.0,70.0,70.0,70.0,0.0,0.0,False,70000
2026,source.mof_2026_tavi6_planned_docx,C:\Users\Mylaptop\Downloads\2026 ბიუჯეტი - თავი VI.DOCX,DOCX table 1,881,,,,,,,,,,False,False,ხარჯები,5290.2,6200.0,8795.0,8795.0,0.0,0.0,False,8795000
2026,source.mof_2026_tavi6_planned_docx,C:\Users\Mylaptop\Downloads\2026 ბიუჯეტი - თავი VI.DOCX,DOCX table 1,882,,,,,,,,,,False,False,შრომის ანაზღაურება,1993.0,2561.0,2988.0,2988.0,0.0,0.0,False,2988000
2026,source.mof_2026_tavi6_planned_docx,C:\Users\Mylaptop\Downloads\2026 ბიუჯეტი - თავი VI.DOCX,DOCX table 1,883,,,,,,,,,,False,False,არაფინანსური აქტივების ზრდა,32.6,0.0,5.0,5.0,0.0,0.0,False,5000
2026,source.mof_2026_tavi6_planned_docx,C:\Users\Mylaptop\Downloads\2026 ბიუჯეტი - თავი VI.DOCX,DOCX table 1,884,31 16,31 00,2,31 00,საქართველოს გარემოს დაცვისა და სოფლის მეურნეობის სამინისტრო,31 16,მყარი ნარჩენების მართვის პროგრამა,,,False,True,მყარი ნარჩენების მართვის პროგრამა,0.0,0.0,26000.0,5150.0,500.0,20350.0,True,26000000
2026,source.mof_2026_tavi6_planned_docx,C:\Users\Mylaptop\Downloads\2026 ბიუჯეტი - თავი VI.DOCX,DOCX table 1,885,,,,,,,,,,False,False,ხარჯები,0.0,0.0,5650.0,5150.0,500.0,0.0,False,5650000
2026,source.mof_2026_tavi6_planned_docx,C:\Users\Mylaptop\Downloads\2026 ბიუჯეტი - თავი VI.DOCX,DOCX table 1,886,,,,,,,,,,False,False,ფინანსური აქტივების ზრდა,0.0,0.0,20350.0,0.0,0.0,20350.0,False,20350000
2026,source.mof_2026_tavi6_planned_docx,C:\Users\Mylaptop\Downloads\2026 ბიუჯეტი - თავი VI.DOCX,DOCX table 1,887,32 00,00 00,1,32 00,"საქართველოს განათლების, მეცნიერებისა და ახალგაზრდობის სამინისტრო",,,,,False,True,"საქართველოს განათლების, მეცნიერებისა და ახალგაზრდობის სამინისტრო",2562252.4,3082510.0,2702198.0,2663698.0,2100.0,36400.0,False,2702198000
2026,source.mof_2026_tavi6_planned_docx,C:\Users\Mylaptop\Downloads\2026 ბიუჯეტი - თავი VI.DOCX,DOCX table 1,888,,,,,,,,,,False,False,მომუშავეთა რიცხოვნობა,1508.0,1581.0,1520.0,1520.0,0.0,0.0,False,1520000
2026,source.mof_2026_tavi6_planned_docx,C:\Users\Mylaptop\Downloads\2026 ბიუჯეტი - თავი VI.DOCX,DOCX table 1,889,,,,,,,,,,False,False,ხარჯები,2116598.0,2459791.0,2539310.0,2521407.0,2100.0,15803.0,False,2539310000
2026,source.mof_2026_tavi6_planned_docx,C:\Users\Mylaptop\Downloads\2026 ბიუჯეტი - თავი VI.DOCX,DOCX table 1,890,,,,,,,,,,False,False,შრომის ანაზღაურება,34534.2,44177.0,46387.0,46387.0,0.0,0.0,False,46387000
2026,source.mof_2026_tavi6_planned_docx,C:\Users\Mylaptop\Downloads\2026 ბიუჯეტი - თავი VI.DOCX,DOCX table 1,891,,,,,,,,,,False,False,არაფინანსური აქტივების ზრდა,445654.4,622719.0,162888.0,142291.0,0.0,20597.0,False,162888000
2026,source.mof_2026_tavi6_planned_docx,C:\Users\Mylaptop\Downloads\2026 ბიუჯეტი - თავი VI.DOCX,DOCX table 1,892,32 01,32 00,2,32 00,"საქართველოს განათლების, მეცნიერებისა და ახალგაზრდობის სამინისტრო",32 01,"განათლების, მეცნიერებისა და ახალგაზრდობის სფეროებში სახელმწიფო პოლიტიკის შემუშავება და პროგრამების მართვა",,,False,True,"განათლების, მეცნიერებისა და ახალგაზრდობის სფეროებში სახელმწიფო პოლიტიკის შემუშავება და პროგრამების მართვა",70850.1,85180.0,86330.0,86330.0,0.0,0.0,True,86330000
2026,source.mof_2026_tavi6_planned_docx,C:\Users\Mylaptop\Downloads\2026 ბიუჯეტი - თავი VI.DOCX,DOCX table 1,893,,,,,,,,,,False,False,მომუშავეთა რიცხოვნობა,681.0,747.0,697.0,697.0,0.0,0.0,False,697000
2026,source.mof_2026_tavi6_planned_docx,C:\Users\Mylaptop\Downloads\2026 ბიუჯეტი - თავი VI.DOCX,DOCX table 1,894,,,,,,,,,,False,False,ხარჯები,52581.6,62964.0,70625.0,70625.0,0.0,0.0,False,70625000
2026,source.mof_2026_tavi6_planned_docx,C:\Users\Mylaptop\Downloads\2026 ბიუჯეტი - თავი VI.DOCX,DOCX table 1,895,,,,,,,,,,False,False,შრომის ანაზღაურება,17030.8,21984.0,23507.0,23507.0,0.0,0.0,False,23507000
2026,source.mof_2026_tavi6_planned_docx,C:\Users\Mylaptop\Downloads\2026 ბიუჯეტი - თავი VI.DOCX,DOCX table 1,896,,,,,,,,,,False,False,არაფინანსური აქტივების ზრდა,18268.5,22216.0,15705.0,15705.0,0.0,0.0,False,15705000
2026,source.mof_2026_tavi6_planned_docx,C:\Users\Mylaptop\Downloads\2026 ბიუჯეტი - თავი VI.DOCX,DOCX table 1,897,32 02,32 00,2,32 00,"საქართველოს განათლების, მეცნიერებისა და ახალგაზრდობის სამინისტრო",32 02,სკოლამდელი და ზოგადი განათლება,,,False,True,სკოლამდელი და ზოგადი განათლება,1600656.6,1903735.0,1922979.0,1922979.0,0.0,0.0,False,1922979000
2026,source.mof_2026_tavi6_planned_docx,C:\Users\Mylaptop\Downloads\2026 ბიუჯეტი - თავი VI.DOCX,DOCX table 1,898,,,,,,,,,,False,False,მომუშავეთა რიცხოვნობა,110.0,109.0,109.0,109.0,0.0,0.0,False,109000
2026,source.mof_2026_tavi6_planned_docx,C:\Users\Mylaptop\Downloads\2026 ბიუჯეტი - თავი VI.DOCX,DOCX table 1,899,,,,,,,,,,False,False,ხარჯები,1566266.0,1835514.0,1864913.0,1864913.0,0.0,0.0,False,1864913000
2026,source.mof_2026_tavi6_planned_docx,C:\Users\Mylaptop\Downloads\2026 ბიუჯეტი - თავი VI.DOCX,DOCX table 1,900,,,,,,,,,,False,False,შრომის ანაზღაურება,2993.9,3920.0,4920.0,4920.0,0.0,0.0,False,4920000
2026,source.mof_2026_tavi6_planned_docx,C:\Users\Mylaptop\Downloads\2026 ბიუჯეტი - თავი VI.DOCX,DOCX table 1,901,,,,,,,,,,False,False,არაფინანსური აქტივების ზრდა,34390.6,68221.0,58066.0,58066.0,0.0,0.0,False,58066000
2026,source.mof_2026_tavi6_planned_docx,C:\Users\Mylaptop\Downloads\2026 ბიუჯეტი - თავი VI.DOCX,DOCX table 1,902,32 02 01,32 02,3,32 00,"საქართველოს განათლების, მეცნიერებისა და ახალგაზრდობის სამინისტრო",32 02,სკოლამდელი და ზოგადი განათლება,32 02 01,ზოგადსაგანმანათლებლო სკოლების დაფინანსება,False,True,ზოგადსაგანმანათლებლო სკოლების დაფინანსება,1359894.7,1571750.0,1670000.0,1670000.0,0.0,0.0,True,1670000000
2026,source.mof_2026_tavi6_planned_docx,C:\Users\Mylaptop\Downloads\2026 ბიუჯეტი - თავი VI.DOCX,DOCX table 1,903,,,,,,,,,,False,False,ხარჯები,1359894.7,1571750.0,1670000.0,1670000.0,0.0,0.0,False,1670000000
2026,source.mof_2026_tavi6_planned_docx,C:\Users\Mylaptop\Downloads\2026 ბიუჯეტი - თავი VI.DOCX,DOCX table 1,904,32 02 02,32 02,3,32 00,"საქართველოს განათლების, მეცნიერებისა და ახალგაზრდობის სამინისტრო",32 02,სკოლამდელი და ზოგადი განათლება,32 02 02,მასწავლებელთა პროფესიული განვითარების ხელშეწყობა,False,True,მასწავლებელთა პროფესიული განვითარების ხელშეწყობა,13617.1,15540.0,16790.0,16790.0,0.0,0.0,True,16790000
2026,source.mof_2026_tavi6_planned_docx,C:\Users\Mylaptop\Downloads\2026 ბიუჯეტი - თავი VI.DOCX,DOCX table 1,905,,,,,,,,,,False,False,მომუშავეთა რიცხოვნობა,24.0,23.0,23.0,23.0,0.0,0.0,False,23000
2026,source.mof_2026_tavi6_planned_docx,C:\Users\Mylaptop\Downloads\2026 ბიუჯეტი - თავი VI.DOCX,DOCX table 1,906,,,,,,,,,,False,False,ხარჯები,13520.5,15480.0,16700.0,16700.0,0.0,0.0,False,16700000
2026,source.mof_2026_tavi6_planned_docx,C:\Users\Mylaptop\Downloads\2026 ბიუჯეტი - თავი VI.DOCX,DOCX table 1,907,,,,,,,,,,False,False,შრომის ანაზღაურება,779.6,1045.0,1440.0,1440.0,0.0,0.0,False,1440000
2026,source.mof_2026_tavi6_planned_docx,C:\Users\Mylaptop\Downloads\2026 ბიუჯეტი - თავი VI.DOCX,DOCX table 1,908,,,,,,,,,,False,False,არაფინანსური აქტივების ზრდა,96.6,60.0,90.0,90.0,0.0,0.0,False,90000
2026,source.mof_2026_tavi6_planned_docx,C:\Users\Mylaptop\Downloads\2026 ბიუჯეტი - თავი VI.DOCX,DOCX table 1,909,32 02 03,32 02,3,32 00,"საქართველოს განათლების, მეცნიერებისა და ახალგაზრდობის სამინისტრო",32 02,სკოლამდელი და ზოგადი განათლება,32 02 03,უსაფრთხო საგანმანათლებლო გარემოს უზრუნველყოფა,False,True,უსაფრთხო საგანმანათლებლო გარემოს უზრუნველყოფა,34176.2,35255.0,42479.0,42479.0,0.0,0.0,True,42479000
2026,source.mof_2026_tavi6_planned_docx,C:\Users\Mylaptop\Downloads\2026 ბიუჯეტი - თავი VI.DOCX,DOCX table 1,910,,,,,,,,,,False,False,მომუშავეთა რიცხოვნობა,86.0,86.0,86.0,86.0,0.0,0.0,False,86000
2026,source.mof_2026_tavi6_planned_docx,C:\Users\Mylaptop\Downloads\2026 ბიუჯეტი - თავი VI.DOCX,DOCX table 1,911,,,,,,,,,,False,False,ხარჯები,33874.2,35145.0,42309.0,42309.0,0.0,0.0,False,42309000
2026,source.mof_2026_tavi6_planned_docx,C:\Users\Mylaptop\Downloads\2026 ბიუჯეტი - თავი VI.DOCX,DOCX table 1,912,,,,,,,,,,False,False,შრომის ანაზღაურება,2214.3,2875.0,3480.0,3480.0,0.0,0.0,False,3480000
2026,source.mof_2026_tavi6_planned_docx,C:\Users\Mylaptop\Downloads\2026 ბიუჯეტი - თავი VI.DOCX,DOCX table 1,913,,,,,,,,,,False,False,არაფინანსური აქტივების ზრდა,302.0,110.0,170.0,170.0,0.0,0.0,False,170000
2026,source.mof_2026_tavi6_planned_docx,C:\Users\Mylaptop\Downloads\2026 ბიუჯეტი - თავი VI.DOCX,DOCX table 1,914,32 02 04,32 02,3,32 00,"საქართველოს განათლების, მეცნიერებისა და ახალგაზრდობის სამინისტრო",32 02,სკოლამდელი და ზოგადი განათლება,32 02 04,წარმატებულ მოსწავლეთა წახალისება,False,True,წარმატებულ მოსწავლეთა წახალისება,1759.1,1600.0,1600.0,1600.0,0.0,0.0,True,1600000
2026,source.mof_2026_tavi6_planned_docx,C:\Users\Mylaptop\Downloads\2026 ბიუჯეტი - თავი VI.DOCX,DOCX table 1,915,,,,,,,,,,False,False,ხარჯები,1759.1,1600.0,1600.0,1600.0,0.0,0.0,False,1600000
2026,source.mof_2026_tavi6_planned_docx,C:\Users\Mylaptop\Downloads\2026 ბიუჯეტი - თავი VI.DOCX,DOCX table 1,916,32 02 05,32 02,3,32 00,"საქართველოს განათლების, მეცნიერებისა და ახალგაზრდობის სამინისტრო",32 02,სკოლამდელი და ზოგადი განათლება,32 02 05,განსაკუთრებით ნიჭიერ მოსწავლეთა საგანმანათლებლო და საცხოვრებელი პირობებით უზრუნველყოფა,False,True,განსაკუთრებით ნიჭიერ მოსწავლეთა საგანმანათლებლო და საცხოვრებელი პირობებით უზრუნველყოფა,270.0,300.0,340.0,340.0,0.0,0.0,True,340000
2026,source.mof_2026_tavi6_planned_docx,C:\Users\Mylaptop\Downloads\2026 ბიუჯეტი - თავი VI.DOCX,DOCX table 1,917,,,,,,,,,,False,False,ხარჯები,270.0,300.0,340.0,340.0,0.0,0.0,False,340000
2026,source.mof_2026_tavi6_planned_docx,C:\Users\Mylaptop\Downloads\2026 ბიუჯეტი - თავი VI.DOCX,DOCX table 1,918,32 02 06,32 02,3,32 00,"საქართველოს განათლების, მეცნიერებისა და ახალგაზრდობის სამინისტრო",32 02,სკოლამდელი და ზოგადი განათლება,32 02 06,მოსწავლეების სახელმძღვანელოებით უზრუნველყოფა,False,True,მოსწავლეების სახელმძღვანელოებით უზრუნველყოფა,27406.0,60000.0,45000.0,45000.0,0.0,0.0,True,45000000
2026,source.mof_2026_tavi6_planned_docx,C:\Users\Mylaptop\Downloads\2026 ბიუჯეტი - თავი VI.DOCX,DOCX table 1,919,,,,,,,,,,False,False,ხარჯები,27406.0,60000.0,45000.0,45000.0,0.0,0.0,False,45000000
2026,source.mof_2026_tavi6_planned_docx,C:\Users\Mylaptop\Downloads\2026 ბიუჯეტი - თავი VI.DOCX,DOCX table 1,920,32 02 07,32 02,3,32 00,"საქართველოს განათლების, მეცნიერებისა და ახალგაზრდობის სამინისტრო",32 02,სკოლამდელი და ზოგადი განათლება,32 02 07,ოკუპირებული რეგიონების მასწავლებლებისა და ადმინისტრაციულ-ტექნიკური პერსონალის ფინანსური დახმარება,False,True,ოკუპირებული რეგიონების მასწავლებლებისა და ადმინისტრაციულ-ტექნიკური პერსონალის ფინანსური დახმარება,4811.4,5325.0,5770.0,5770.0,0.0,0.0,True,5770000
2026,source.mof_2026_tavi6_planned_docx,C:\Users\Mylaptop\Downloads\2026 ბიუჯეტი - თავი VI.DOCX,DOCX table 1,921,,,,,,,,,,False,False,ხარჯები,4811.4,5325.0,5770.0,5770.0,0.0,0.0,False,5770000
2026,source.mof_2026_tavi6_planned_docx,C:\Users\Mylaptop\Downloads\2026 ბიუჯეტი - თავი VI.DOCX,DOCX table 1,922,32 02 08,32 02,3,32 00,"საქართველოს განათლების, მეცნიერებისა და ახალგაზრდობის სამინისტრო",32 02,სკოლამდელი და ზოგადი განათლება,32 02 08,ბრალდებული და მსჯავრდებული პირებისათვის ზოგადი განათლების მიღების ხელმისაწვდომობა,False,True,ბრალდებული და მსჯავრდებული პირებისათვის ზოგადი განათლების მიღების ხელმისაწვდომობა,338.1,370.0,400.0,400.0,0.0,0.0,True,400000
2026,source.mof_2026_tavi6_planned_docx,C:\Users\Mylaptop\Downloads\2026 ბიუჯეტი - თავი VI.DOCX,DOCX table 1,923,,,,,,,,,,False,False,ხარჯები,338.1,370.0,400.0,400.0,0.0,0.0,False,400000
2026,source.mof_2026_tavi6_planned_docx,C:\Users\Mylaptop\Downloads\2026 ბიუჯეტი - თავი VI.DOCX,DOCX table 1,924,32 02 09,32 02,3,32 00,"საქართველოს განათლების, მეცნიერებისა და ახალგაზრდობის სამინისტრო",32 02,სკოლამდელი და ზოგადი განათლება,32 02 09,ეროვნული სასწავლო გეგმისა და საგანმანათლებლო რესურსების განვითარება და დანერგვის ხელშეწყობა,False,True,ეროვნული სასწავლო გეგმისა და საგანმანათლებლო რესურსების განვითარება და დანერგვის ხელშეწყობა,4644.3,11500.0,11500.0,11500.0,0.0,0.0,True,11500000
2026,source.mof_2026_tavi6_planned_docx,C:\Users\Mylaptop\Downloads\2026 ბიუჯეტი - თავი VI.DOCX,DOCX table 1,925,,,,,,,,,,False,False,ხარჯები,4644.3,11500.0,11500.0,11500.0,0.0,0.0,False,11500000
2026,source.mof_2026_tavi6_planned_docx,C:\Users\Mylaptop\Downloads\2026 ბიუჯეტი - თავი VI.DOCX,DOCX table 1,926,32 02 10,32 02,3,32 00,"საქართველოს განათლების, მეცნიერებისა და ახალგაზრდობის სამინისტრო",32 02,სკოლამდელი და ზოგადი განათლება,32 02 10,პროგრამა „ჩემი პირველი კომპიუტერი“,False,True,პროგრამა „ჩემი პირველი კომპიუტერი“,49566.8,51700.0,58700.0,58700.0,0.0,0.0,True,58700000
2026,source.mof_2026_tavi6_planned_docx,C:\Users\Mylaptop\Downloads\2026 ბიუჯეტი - თავი VI.DOCX,DOCX table 1,927,,,,,,,,,,False,False,ხარჯები,49566.8,51700.0,58700.0,58700.0,0.0,0.0,False,58700000
2026,source.mof_2026_tavi6_planned_docx,C:\Users\Mylaptop\Downloads\2026 ბიუჯეტი - თავი VI.DOCX,DOCX table 1,928,32 02 11,32 02,3,32 00,"საქართველოს განათლების, მეცნიერებისა და ახალგაზრდობის სამინისტრო",32 02,სკოლამდელი და ზოგადი განათლება,32 02 11,ზოგადი განათლების ხელშეწყობა,False,True,ზოგადი განათლების ხელშეწყობა,2443.8,3700.0,3700.0,3700.0,0.0,0.0,True,3700000
2026,source.mof_2026_tavi6_planned_docx,C:\Users\Mylaptop\Downloads\2026 ბიუჯეტი - თავი VI.DOCX,DOCX table 1,929,,,,,,,,,,False,False,ხარჯები,2443.8,3700.0,3700.0,3700.0,0.0,0.0,False,3700000
2026,source.mof_2026_tavi6_planned_docx,C:\Users\Mylaptop\Downloads\2026 ბიუჯეტი - თავი VI.DOCX,DOCX table 1,930,32 02 12,32 02,3,32 00,"საქართველოს განათლების, მეცნიერებისა და ახალგაზრდობის სამინისტრო",32 02,სკოლამდელი და ზოგადი განათლება,32 02 12,მასწავლებლის ეროვნული პრემია,False,True,მასწავლებლის ეროვნული პრემია,800.9,1000.0,1000.0,1000.0,0.0,0.0,True,1000000
2026,source.mof_2026_tavi6_planned_docx,C:\Users\Mylaptop\Downloads\2026 ბიუჯეტი - თავი VI.DOCX,DOCX table 1,931,,,,,,,,,,False,False,ხარჯები,613.9,1000.0,800.0,800.0,0.0,0.0,False,800000
2026,source.mof_2026_tavi6_planned_docx,C:\Users\Mylaptop\Downloads\2026 ბიუჯეტი - თავი VI.DOCX,DOCX table 1,932,,,,,,,,,,False,False,არაფინანსური აქტივების ზრდა,187.0,0.0,200.0,200.0,0.0,0.0,False,200000
2026,source.mof_2026_tavi6_planned_docx,C:\Users\Mylaptop\Downloads\2026 ბიუჯეტი - თავი VI.DOCX,DOCX table 1,933,32 02 13,32 02,3,32 00,"საქართველოს განათლების, მეცნიერებისა და ახალგაზრდობის სამინისტრო",32 02,სკოლამდელი და ზოგადი განათლება,32 02 13,საგანმანათლებლო დაწესებულებების ინფორმაციულ-საკომუნიკაციო ტექნოლოგიებით უზრუნველყოფა,False,True,საგანმანათლებლო დაწესებულებების ინფორმაციულ-საკომუნიკაციო ტექნოლოგიებით უზრუნველყოფა,39920.3,75000.0,65000.0,65000.0,0.0,0.0,True,65000000
2026,source.mof_2026_tavi6_planned_docx,C:\Users\Mylaptop\Downloads\2026 ბიუჯეტი - თავი VI.DOCX,DOCX table 1,934,,,,,,,,,,False,False,ხარჯები,6115.3,6949.0,7394.0,7394.0,0.0,0.0,False,7394000
2026,source.mof_2026_tavi6_planned_docx,C:\Users\Mylaptop\Downloads\2026 ბიუჯეტი - თავი VI.DOCX,DOCX table 1,935,,,,,,,,,,False,False,არაფინანსური აქტივების ზრდა,33805.0,68051.0,57606.0,57606.0,0.0,0.0,False,57606000
2026,source.mof_2026_tavi6_planned_docx,C:\Users\Mylaptop\Downloads\2026 ბიუჯეტი - თავი VI.DOCX,DOCX table 1,936,32 02 14,32 02,3,32 00,"საქართველოს განათლების, მეცნიერებისა და ახალგაზრდობის სამინისტრო",32 02,სკოლამდელი და ზოგადი განათლება,32 02 14,სკოლამდელი განათლების ხელშეწყობა,False,True,სკოლამდელი განათლების ხელშეწყობა,557.7,695.0,700.0,700.0,0.0,0.0,True,700000
2026,source.mof_2026_tavi6_planned_docx,C:\Users\Mylaptop\Downloads\2026 ბიუჯეტი - თავი VI.DOCX,DOCX table 1,937,,,,,,,,,,False,False,ხარჯები,557.7,695.0,700.0,700.0,0.0,0.0,False,700000
2026,source.mof_2026_tavi6_planned_docx,C:\Users\Mylaptop\Downloads\2026 ბიუჯეტი - თავი VI.DOCX,DOCX table 1,938,32 02 15,32 02,3,32 00,"საქართველოს განათლების, მეცნიერებისა და ახალგაზრდობის სამინისტრო",32 02,სკოლამდელი და ზოგადი განათლება,32 02 15,საჯარო სკოლის მოსწავლეების ტრანსპორტით უზრუნველყოფა,False,True,საჯარო სკოლის მოსწავლეების ტრანსპორტით უზრუნველყოფა,60450.4,70000.0,0.0,0.0,0.0,0.0,True,0
2026,source.mof_2026_tavi6_planned_docx,C:\Users\Mylaptop\Downloads\2026 ბიუჯეტი - თავი VI.DOCX,DOCX table 1,939,,,,,,,,,,False,False,ხარჯები,60450.4,70000.0,0.0,0.0,0.0,0.0,False,0
2026,source.mof_2026_tavi6_planned_docx,C:\Users\Mylaptop\Downloads\2026 ბიუჯეტი - თავი VI.DOCX,DOCX table 1,940,32 03,32 00,2,32 00,"საქართველოს განათლების, მეცნიერებისა და ახალგაზრდობის სამინისტრო",32 03,პროფესიული განათლება,,,False,True,პროფესიული განათლება,131672.6,149000.0,158286.0,158286.0,0.0,0.0,False,158286000
2026,source.mof_2026_tavi6_planned_docx,C:\Users\Mylaptop\Downloads\2026 ბიუჯეტი - თავი VI.DOCX,DOCX table 1,941,,,,,,,,,,False,False,მომუშავეთა რიცხოვნობა,51.0,59.0,59.0,59.0,0.0,0.0,False,59000
2026,source.mof_2026_tavi6_planned_docx,C:\Users\Mylaptop\Downloads\2026 ბიუჯეტი - თავი VI.DOCX,DOCX table 1,942,,,,,,,,,,False,False,ხარჯები,131084.1,148615.0,157780.0,157780.0,0.0,0.0,False,157780000
2026,source.mof_2026_tavi6_planned_docx,C:\Users\Mylaptop\Downloads\2026 ბიუჯეტი - თავი VI.DOCX,DOCX table 1,943,,,,,,,,,,False,False,შრომის ანაზღაურება,1808.6,3146.0,1329.0,1329.0,0.0,0.0,False,1329000
2026,source.mof_2026_tavi6_planned_docx,C:\Users\Mylaptop\Downloads\2026 ბიუჯეტი - თავი VI.DOCX,DOCX table 1,944,,,,,,,,,,False,False,არაფინანსური აქტივების ზრდა,588.5,385.0,506.0,506.0,0.0,0.0,False,506000
2026,source.mof_2026_tavi6_planned_docx,C:\Users\Mylaptop\Downloads\2026 ბიუჯეტი - თავი VI.DOCX,DOCX table 1,945,32 03 01,32 03,3,32 00,"საქართველოს განათლების, მეცნიერებისა და ახალგაზრდობის სამინისტრო",32 03,პროფესიული განათლება,32 03 01,პროფესიული განათლების განვითარების ხელშეწყობა,False,True,პროფესიული განათლების განვითარების ხელშეწყობა,114966.8,130000.0,140000.0,140000.0,0.0,0.0,True,140000000
2026,source.mof_2026_tavi6_planned_docx,C:\Users\Mylaptop\Downloads\2026 ბიუჯეტი - თავი VI.DOCX,DOCX table 1,946,,,,,,,,,,False,False,ხარჯები,114612.1,129700.0,139500.0,139500.0,0.0,0.0,False,139500000
2026,source.mof_2026_tavi6_planned_docx,C:\Users\Mylaptop\Downloads\2026 ბიუჯეტი - თავი VI.DOCX,DOCX table 1,947,,,,,,,,,,False,False,შრომის ანაზღაურება,58.0,0.0,0.0,0.0,0.0,0.0,False,0
2026,source.mof_2026_tavi6_planned_docx,C:\Users\Mylaptop\Downloads\2026 ბიუჯეტი - თავი VI.DOCX,DOCX table 1,948,,,,,,,,,,False,False,არაფინანსური აქტივების ზრდა,354.7,300.0,500.0,500.0,0.0,0.0,False,500000
2026,source.mof_2026_tavi6_planned_docx,C:\Users\Mylaptop\Downloads\2026 ბიუჯეტი - თავი VI.DOCX,DOCX table 1,949,32 03 02,32 03,3,32 00,"საქართველოს განათლების, მეცნიერებისა და ახალგაზრდობის სამინისტრო",32 03,პროფესიული განათლება,32 03 02,პროფესიული უნარების განვითარება,False,True,პროფესიული უნარების განვითარება,12175.3,14000.0,12850.0,12850.0,0.0,0.0,True,12850000
2026,source.mof_2026_tavi6_planned_docx,C:\Users\Mylaptop\Downloads\2026 ბიუჯეტი - თავი VI.DOCX,DOCX table 1,950,,,,,,,,,,False,False,მომუშავეთა რიცხოვნობა,40.0,40.0,40.0,40.0,0.0,0.0,False,40000
2026,source.mof_2026_tavi6_planned_docx,C:\Users\Mylaptop\Downloads\2026 ბიუჯეტი - თავი VI.DOCX,DOCX table 1,951,,,,,,,,,,False,False,ხარჯები,12062.7,13985.0,12850.0,12850.0,0.0,0.0,False,12850000
2026,source.mof_2026_tavi6_planned_docx,C:\Users\Mylaptop\Downloads\2026 ბიუჯეტი - თავი VI.DOCX,DOCX table 1,952,,,,,,,,,,False,False,შრომის ანაზღაურება,1522.5,2197.0,100.0,100.0,0.0,0.0,False,100000
2026,source.mof_2026_tavi6_planned_docx,C:\Users\Mylaptop\Downloads\2026 ბიუჯეტი - თავი VI.DOCX,DOCX table 1,953,,,,,,,,,,False,False,არაფინანსური აქტივების ზრდა,112.6,15.0,0.0,0.0,0.0,0.0,False,0
2026,source.mof_2026_tavi6_planned_docx,C:\Users\Mylaptop\Downloads\2026 ბიუჯეტი - თავი VI.DOCX,DOCX table 1,954,32 03 03,32 03,3,32 00,"საქართველოს განათლების, მეცნიერებისა და ახალგაზრდობის სამინისტრო",32 03,პროფესიული განათლება,32 03 03,ეროვნული უმცირესობების პროფესიული გადამზადება,False,True,ეროვნული უმცირესობების პროფესიული გადამზადება,4530.5,5000.0,5436.0,5436.0,0.0,0.0,True,5436000
2026,source.mof_2026_tavi6_planned_docx,C:\Users\Mylaptop\Downloads\2026 ბიუჯეტი - თავი VI.DOCX,DOCX table 1,955,,,,,,,,,,False,False,მომუშავეთა რიცხოვნობა,11.0,19.0,19.0,19.0,0.0,0.0,False,19000
2026,source.mof_2026_tavi6_planned_docx,C:\Users\Mylaptop\Downloads\2026 ბიუჯეტი - თავი VI.DOCX,DOCX table 1,956,,,,,,,,,,False,False,ხარჯები,4409.3,4930.0,5430.0,5430.0,0.0,0.0,False,5430000
2026,source.mof_2026_tavi6_planned_docx,C:\Users\Mylaptop\Downloads\2026 ბიუჯეტი - თავი VI.DOCX,DOCX table 1,957,,,,,,,,,,False,False,შრომის ანაზღაურება,228.1,949.0,1229.0,1229.0,0.0,0.0,False,1229000
2026,source.mof_2026_tavi6_planned_docx,C:\Users\Mylaptop\Downloads\2026 ბიუჯეტი - თავი VI.DOCX,DOCX table 1,958,,,,,,,,,,False,False,არაფინანსური აქტივების ზრდა,121.2,70.0,6.0,6.0,0.0,0.0,False,6000
2026,source.mof_2026_tavi6_planned_docx,C:\Users\Mylaptop\Downloads\2026 ბიუჯეტი - თავი VI.DOCX,DOCX table 1,959,32 04,32 00,2,32 00,"საქართველოს განათლების, მეცნიერებისა და ახალგაზრდობის სამინისტრო",32 04,უმაღლესი განათლება,,,False,True,უმაღლესი განათლება,166706.1,171320.0,173950.0,173950.0,0.0,0.0,False,173950000
2026,source.mof_2026_tavi6_planned_docx,C:\Users\Mylaptop\Downloads\2026 ბიუჯეტი - თავი VI.DOCX,DOCX table 1,960,,,,,,,,,,False,False,მომუშავეთა რიცხოვნობა,168.0,168.0,157.0,157.0,0.0,0.0,False,157000
2026,source.mof_2026_tavi6_planned_docx,C:\Users\Mylaptop\Downloads\2026 ბიუჯეტი - თავი VI.DOCX,DOCX table 1,961,,,,,,,,,,False,False,ხარჯები,165831.9,170871.0,173595.0,173595.0,0.0,0.0,False,173595000
2026,source.mof_2026_tavi6_planned_docx,C:\Users\Mylaptop\Downloads\2026 ბიუჯეტი - თავი VI.DOCX,DOCX table 1,962,,,,,,,,,,False,False,შრომის ანაზღაურება,4916.9,5596.0,5535.0,5535.0,0.0,0.0,False,5535000
2026,source.mof_2026_tavi6_planned_docx,C:\Users\Mylaptop\Downloads\2026 ბიუჯეტი - თავი VI.DOCX,DOCX table 1,963,,,,,,,,,,False,False,არაფინანსური აქტივების ზრდა,874.2,449.0,355.0,355.0,0.0,0.0,False,355000
2026,source.mof_2026_tavi6_planned_docx,C:\Users\Mylaptop\Downloads\2026 ბიუჯეტი - თავი VI.DOCX,DOCX table 1,964,32 04 01,32 04,3,32 00,"საქართველოს განათლების, მეცნიერებისა და ახალგაზრდობის სამინისტრო",32 04,უმაღლესი განათლება,32 04 01,გამოცდების ორგანიზება,False,True,გამოცდების ორგანიზება,16525.4,19765.0,21310.0,21310.0,0.0,0.0,True,21310000
2026,source.mof_2026_tavi6_planned_docx,C:\Users\Mylaptop\Downloads\2026 ბიუჯეტი - თავი VI.DOCX,DOCX table 1,965,,,,,,,,,,False,False,მომუშავეთა რიცხოვნობა,143.0,143.0,143.0,143.0,0.0,0.0,False,143000
2026,source.mof_2026_tavi6_planned_docx,C:\Users\Mylaptop\Downloads\2026 ბიუჯეტი - თავი VI.DOCX,DOCX table 1,966,,,,,,,,,,False,False,ხარჯები,16383.6,19340.0,20955.0,20955.0,0.0,0.0,False,20955000
2026,source.mof_2026_tavi6_planned_docx,C:\Users\Mylaptop\Downloads\2026 ბიუჯეტი - თავი VI.DOCX,DOCX table 1,967,,,,,,,,,,False,False,შრომის ანაზღაურება,4485.0,4905.0,5376.0,5376.0,0.0,0.0,False,5376000
2026,source.mof_2026_tavi6_planned_docx,C:\Users\Mylaptop\Downloads\2026 ბიუჯეტი - თავი VI.DOCX,DOCX table 1,968,,,,,,,,,,False,False,არაფინანსური აქტივების ზრდა,141.8,425.0,355.0,355.0,0.0,0.0,False,355000
2026,source.mof_2026_tavi6_planned_docx,C:\Users\Mylaptop\Downloads\2026 ბიუჯეტი - თავი VI.DOCX,DOCX table 1,969,32 04 02,32 04,3,32 00,"საქართველოს განათლების, მეცნიერებისა და ახალგაზრდობის სამინისტრო",32 04,უმაღლესი განათლება,32 04 02,"სახელმწიფო სასწავლო, სამაგისტრო გრანტები და ახალგაზრდების ხელშეწყობა",False,True,"სახელმწიფო სასწავლო, სამაგისტრო გრანტები და ახალგაზრდების ხელშეწყობა",123399.2,136150.0,136950.0,136950.0,0.0,0.0,True,136950000
2026,source.mof_2026_tavi6_planned_docx,C:\Users\Mylaptop\Downloads\2026 ბიუჯეტი - თავი VI.DOCX,DOCX table 1,970,,,,,,,,,,False,False,ხარჯები,123399.2,136150.0,136950.0,136950.0,0.0,0.0,False,136950000
2026,source.mof_2026_tavi6_planned_docx,C:\Users\Mylaptop\Downloads\2026 ბიუჯეტი - თავი VI.DOCX,DOCX table 1,971,32 04 03,32 04,3,32 00,"საქართველოს განათლების, მეცნიერებისა და ახალგაზრდობის სამინისტრო",32 04,უმაღლესი განათლება,32 04 03,უმაღლესი განათლების ხელშეწყობა,False,True,უმაღლესი განათლების ხელშეწყობა,203.5,310.0,190.0,190.0,0.0,0.0,True,190000
2026,source.mof_2026_tavi6_planned_docx,C:\Users\Mylaptop\Downloads\2026 ბიუჯეტი - თავი VI.DOCX,DOCX table 1,972,,,,,,,,,,False,False,ხარჯები,203.5,310.0,190.0,190.0,0.0,0.0,False,190000
2026,source.mof_2026_tavi6_planned_docx,C:\Users\Mylaptop\Downloads\2026 ბიუჯეტი - თავი VI.DOCX,DOCX table 1,973,32 04 04,32 04,3,32 00,"საქართველოს განათლების, მეცნიერებისა და ახალგაზრდობის სამინისტრო",32 04,უმაღლესი განათლება,32 04 04,საზღვარგარეთ განათლების მიღების ხელშეწყობა,False,True,საზღვარგარეთ განათლების მიღების ხელშეწყობა,7291.9,8430.0,8800.0,8800.0,0.0,0.0,True,8800000
2026,source.mof_2026_tavi6_planned_docx,C:\Users\Mylaptop\Downloads\2026 ბიუჯეტი - თავი VI.DOCX,DOCX table 1,974,,,,,,,,,,False,False,მომუშავეთა რიცხოვნობა,11.0,11.0,0.0,0.0,0.0,0.0,False,0
2026,source.mof_2026_tavi6_planned_docx,C:\Users\Mylaptop\Downloads\2026 ბიუჯეტი - თავი VI.DOCX,DOCX table 1,975,,,,,,,,,,False,False,ხარჯები,7265.5,8406.0,8800.0,8800.0,0.0,0.0,False,8800000
2026,source.mof_2026_tavi6_planned_docx,C:\Users\Mylaptop\Downloads\2026 ბიუჯეტი - თავი VI.DOCX,DOCX table 1,976,,,,,,,,,,False,False,შრომის ანაზღაურება,312.4,547.0,0.0,0.0,0.0,0.0,False,0
2026,source.mof_2026_tavi6_planned_docx,C:\Users\Mylaptop\Downloads\2026 ბიუჯეტი - თავი VI.DOCX,DOCX table 1,977,,,,,,,,,,False,False,არაფინანსური აქტივების ზრდა,26.4,24.0,0.0,0.0,0.0,0.0,False,0
2026,source.mof_2026_tavi6_planned_docx,C:\Users\Mylaptop\Downloads\2026 ბიუჯეტი - თავი VI.DOCX,DOCX table 1,978,32 04 05,32 04,3,32 00,"საქართველოს განათლების, მეცნიერებისა და ახალგაზრდობის სამინისტრო",32 04,უმაღლესი განათლება,32 04 05,უმაღლესი საგანმანათლებლო დაწესებულებების ხელშეწყობა,False,True,უმაღლესი საგანმანათლებლო დაწესებულებების ხელშეწყობა,19286.1,6665.0,6700.0,6700.0,0.0,0.0,True,6700000
2026,source.mof_2026_tavi6_planned_docx,C:\Users\Mylaptop\Downloads\2026 ბიუჯეტი - თავი VI.DOCX,DOCX table 1,979,,,,,,,,,,False,False,მომუშავეთა რიცხოვნობა,14.0,14.0,14.0,14.0,0.0,0.0,False,14000
2026,source.mof_2026_tavi6_planned_docx,C:\Users\Mylaptop\Downloads\2026 ბიუჯეტი - თავი VI.DOCX,DOCX table 1,980,,,,,,,,,,False,False,ხარჯები,18580.2,6665.0,6700.0,6700.0,0.0,0.0,False,6700000
2026,source.mof_2026_tavi6_planned_docx,C:\Users\Mylaptop\Downloads\2026 ბიუჯეტი - თავი VI.DOCX,DOCX table 1,981,,,,,,,,,,False,False,შრომის ანაზღაურება,119.5,144.0,159.0,159.0,0.0,0.0,False,159000
2026,source.mof_2026_tavi6_planned_docx,C:\Users\Mylaptop\Downloads\2026 ბიუჯეტი - თავი VI.DOCX,DOCX table 1,982,,,,,,,,,,False,False,არაფინანსური აქტივების ზრდა,706.0,0.0,0.0,0.0,0.0,0.0,False,0
2026,source.mof_2026_tavi6_planned_docx,C:\Users\Mylaptop\Downloads\2026 ბიუჯეტი - თავი VI.DOCX,DOCX table 1,983,32 05,32 00,2,32 00,"საქართველოს განათლების, მეცნიერებისა და ახალგაზრდობის სამინისტრო",32 05,მეცნიერებისა და სამეცნიერო კვლევების ხელშეწყობა,,,False,True,მეცნიერებისა და სამეცნიერო კვლევების ხელშეწყობა,77062.4,83590.0,90378.0,90378.0,0.0,0.0,False,90378000
2026,source.mof_2026_tavi6_planned_docx,C:\Users\Mylaptop\Downloads\2026 ბიუჯეტი - თავი VI.DOCX,DOCX table 1,984,,,,,,,,,,False,False,მომუშავეთა რიცხოვნობა,454.0,454.0,454.0,454.0,0.0,0.0,False,454000
2026,source.mof_2026_tavi6_planned_docx,C:\Users\Mylaptop\Downloads\2026 ბიუჯეტი - თავი VI.DOCX,DOCX table 1,985,,,,,,,,,,False,False,ხარჯები,76649.1,83420.0,89942.0,89942.0,0.0,0.0,False,89942000
2026,source.mof_2026_tavi6_planned_docx,C:\Users\Mylaptop\Downloads\2026 ბიუჯეტი - თავი VI.DOCX,DOCX table 1,986,,,,,,,,,,False,False,შრომის ანაზღაურება,6894.8,7863.0,8878.0,8878.0,0.0,0.0,False,8878000
2026,source.mof_2026_tavi6_planned_docx,C:\Users\Mylaptop\Downloads\2026 ბიუჯეტი - თავი VI.DOCX,DOCX table 1,987,,,,,,,,,,False,False,არაფინანსური აქტივების ზრდა,413.3,170.0,436.0,436.0,0.0,0.0,False,436000
2026,source.mof_2026_tavi6_planned_docx,C:\Users\Mylaptop\Downloads\2026 ბიუჯეტი - თავი VI.DOCX,DOCX table 1,988,32 05 01,32 05,3,32 00,"საქართველოს განათლების, მეცნიერებისა და ახალგაზრდობის სამინისტრო",32 05,მეცნიერებისა და სამეცნიერო კვლევების ხელშეწყობა,32 05 01,სამეცნიერო გრანტების გაცემისა და სამეცნიერო კვლევების ხელშეწყობა,False,True,სამეცნიერო გრანტების გაცემისა და სამეცნიერო კვლევების ხელშეწყობა,37546.1,41050.0,44230.0,44230.0,0.0,0.0,True,44230000
2026,source.mof_2026_tavi6_planned_docx,C:\Users\Mylaptop\Downloads\2026 ბიუჯეტი - თავი VI.DOCX,DOCX table 1,989,,,,,,,,,,False,False,მომუშავეთა რიცხოვნობა,35.0,35.0,35.0,35.0,0.0,0.0,False,35000
2026,source.mof_2026_tavi6_planned_docx,C:\Users\Mylaptop\Downloads\2026 ბიუჯეტი - თავი VI.DOCX,DOCX table 1,990,,,,,,,,,,False,False,ხარჯები,37464.2,41040.0,43971.0,43971.0,0.0,0.0,False,43971000
2026,source.mof_2026_tavi6_planned_docx,C:\Users\Mylaptop\Downloads\2026 ბიუჯეტი - თავი VI.DOCX,DOCX table 1,991,,,,,,,,,,False,False,შრომის ანაზღაურება,1147.4,1495.0,1639.0,1639.0,0.0,0.0,False,1639000
2026,source.mof_2026_tavi6_planned_docx,C:\Users\Mylaptop\Downloads\2026 ბიუჯეტი - თავი VI.DOCX,DOCX table 1,992,,,,,,,,,,False,False,არაფინანსური აქტივების ზრდა,81.9,10.0,259.0,259.0,0.0,0.0,False,259000
2026,source.mof_2026_tavi6_planned_docx,C:\Users\Mylaptop\Downloads\2026 ბიუჯეტი - თავი VI.DOCX,DOCX table 1,993,32 05 02,32 05,3,32 00,"საქართველოს განათლების, მეცნიერებისა და ახალგაზრდობის სამინისტრო",32 05,მეცნიერებისა და სამეცნიერო კვლევების ხელშეწყობა,32 05 02,სამეცნიერო დაწესებულებების პროგრამები,False,True,სამეცნიერო დაწესებულებების პროგრამები,8808.3,7180.0,7828.0,7828.0,0.0,0.0,True,7828000
2026,source.mof_2026_tavi6_planned_docx,C:\Users\Mylaptop\Downloads\2026 ბიუჯეტი - თავი VI.DOCX,DOCX table 1,994,,,,,,,,,,False,False,მომუშავეთა რიცხოვნობა,383.0,383.0,383.0,383.0,0.0,0.0,False,383000
2026,source.mof_2026_tavi6_planned_docx,C:\Users\Mylaptop\Downloads\2026 ბიუჯეტი - თავი VI.DOCX,DOCX table 1,995,,,,,,,,,,False,False,ხარჯები,8545.5,7070.0,7698.0,7698.0,0.0,0.0,False,7698000
2026,source.mof_2026_tavi6_planned_docx,C:\Users\Mylaptop\Downloads\2026 ბიუჯეტი - თავი VI.DOCX,DOCX table 1,996,,,,,,,,,,False,False,შრომის ანაზღაურება,4708.6,5243.0,5748.0,5748.0,0.0,0.0,False,5748000
2026,source.mof_2026_tavi6_planned_docx,C:\Users\Mylaptop\Downloads\2026 ბიუჯეტი - თავი VI.DOCX,DOCX table 1,997,,,,,,,,,,False,False,არაფინანსური აქტივების ზრდა,262.9,110.0,130.0,130.0,0.0,0.0,False,130000
2026,source.mof_2026_tavi6_planned_docx,C:\Users\Mylaptop\Downloads\2026 ბიუჯეტი - თავი VI.DOCX,DOCX table 1,998,32 05 03,32 05,3,32 00,"საქართველოს განათლების, მეცნიერებისა და ახალგაზრდობის სამინისტრო",32 05,მეცნიერებისა და სამეცნიერო კვლევების ხელშეწყობა,32 05 03,საქართველოს სოფლის მეურნეობის მეცნიერებათა აკადემიის ხელშეწყობა,False,True,საქართველოს სოფლის მეურნეობის მეცნიერებათა აკადემიის ხელშეწყობა,1357.5,1460.0,1820.0,1820.0,0.0,0.0,True,1820000
2026,source.mof_2026_tavi6_planned_docx,C:\Users\Mylaptop\Downloads\2026 ბიუჯეტი - თავი VI.DOCX,DOCX table 1,999,,,,,,,,,,False,False,მომუშავეთა რიცხოვნობა,36.0,36.0,36.0,36.0,0.0,0.0,False,36000
2026,source.mof_2026_tavi6_planned_docx,C:\Users\Mylaptop\Downloads\2026 ბიუჯეტი - თავი VI.DOCX,DOCX table 1,1000,,,,,,,,,,False,False,ხარჯები,1307.7,1410.0,1773.0,1773.0,0.0,0.0,False,1773000
2026,source.mof_2026_tavi6_planned_docx,C:\Users\Mylaptop\Downloads\2026 ბიუჯეტი - თავი VI.DOCX,DOCX table 1,1001,,,,,,,,,,False,False,შრომის ანაზღაურება,1038.8,1125.0,1491.0,1491.0,0.0,0.0,False,1491000
2026,source.mof_2026_tavi6_planned_docx,C:\Users\Mylaptop\Downloads\2026 ბიუჯეტი - თავი VI.DOCX,DOCX table 1,1002,,,,,,,,,,False,False,არაფინანსური აქტივების ზრდა,49.8,50.0,47.0,47.0,0.0,0.0,False,47000
2026,source.mof_2026_tavi6_planned_docx,C:\Users\Mylaptop\Downloads\2026 ბიუჯეტი - თავი VI.DOCX,DOCX table 1,1003,32 05 04,32 05,3,32 00,"საქართველოს განათლების, მეცნიერებისა და ახალგაზრდობის სამინისტრო",32 05,მეცნიერებისა და სამეცნიერო კვლევების ხელშეწყობა,32 05 04,სამეცნიერო კვლევების ხელშეწყობა,False,True,სამეცნიერო კვლევების ხელშეწყობა,29031.2,32400.0,35000.0,35000.0,0.0,0.0,True,35000000
2026,source.mof_2026_tavi6_planned_docx,C:\Users\Mylaptop\Downloads\2026 ბიუჯეტი - თავი VI.DOCX,DOCX table 1,1004,,,,,,,,,,False,False,ხარჯები,29012.5,32400.0,35000.0,35000.0,0.0,0.0,False,35000000
2026,source.mof_2026_tavi6_planned_docx,C:\Users\Mylaptop\Downloads\2026 ბიუჯეტი - თავი VI.DOCX,DOCX table 1,1005,,,,,,,,,,False,False,არაფინანსური აქტივების ზრდა,18.7,0.0,0.0,0.0,0.0,0.0,False,0
2026,source.mof_2026_tavi6_planned_docx,C:\Users\Mylaptop\Downloads\2026 ბიუჯეტი - თავი VI.DOCX,DOCX table 1,1006,32 05 05,32 05,3,32 00,"საქართველოს განათლების, მეცნიერებისა და ახალგაზრდობის სამინისტრო",32 05,მეცნიერებისა და სამეცნიერო კვლევების ხელშეწყობა,32 05 05,მეცნიერების პოპულარიზაცია,False,True,მეცნიერების პოპულარიზაცია,319.3,1500.0,1500.0,1500.0,0.0,0.0,True,1500000
2026,source.mof_2026_tavi6_planned_docx,C:\Users\Mylaptop\Downloads\2026 ბიუჯეტი - თავი VI.DOCX,DOCX table 1,1007,,,,,,,,,,False,False,ხარჯები,319.3,1500.0,1500.0,1500.0,0.0,0.0,False,1500000
2026,source.mof_2026_tavi6_planned_docx,C:\Users\Mylaptop\Downloads\2026 ბიუჯეტი - თავი VI.DOCX,DOCX table 1,1008,32 06,32 00,2,32 00,"საქართველოს განათლების, მეცნიერებისა და ახალგაზრდობის სამინისტრო",32 06,ინკლუზიური განათლება,,,False,True,ინკლუზიური განათლება,62194.4,82290.0,101345.0,101345.0,0.0,0.0,True,101345000
2026,source.mof_2026_tavi6_planned_docx,C:\Users\Mylaptop\Downloads\2026 ბიუჯეტი - თავი VI.DOCX,DOCX table 1,1009,,,,,,,,,,False,False,ხარჯები,62194.4,82190.0,101345.0,101345.0,0.0,0.0,False,101345000
2026,source.mof_2026_tavi6_planned_docx,C:\Users\Mylaptop\Downloads\2026 ბიუჯეტი - თავი VI.DOCX,DOCX table 1,1010,,,,,,,,,,False,False,არაფინანსური აქტივების ზრდა,0.0,100.0,0.0,0.0,0.0,0.0,False,0
2026,source.mof_2026_tavi6_planned_docx,C:\Users\Mylaptop\Downloads\2026 ბიუჯეტი - თავი VI.DOCX,DOCX table 1,1011,32 07,32 00,2,32 00,"საქართველოს განათლების, მეცნიერებისა და ახალგაზრდობის სამინისტრო",32 07,საგანმანათლებლო და სამეცნიერო ინფრასტრუქტურის განვითარების ხელშეწყობა,,,False,True,საგანმანათლებლო და სამეცნიერო ინფრასტრუქტურის განვითარების ხელშეწყობა,401435.3,538115.0,90400.0,90400.0,0.0,0.0,False,90400000
2026,source.mof_2026_tavi6_planned_docx,C:\Users\Mylaptop\Downloads\2026 ბიუჯეტი - თავი VI.DOCX,DOCX table 1,1012,,,,,,,,,,False,False,ხარჯები,30007.4,38005.0,46900.0,46900.0,0.0,0.0,False,46900000
2026,source.mof_2026_tavi6_planned_docx,C:\Users\Mylaptop\Downloads\2026 ბიუჯეტი - თავი VI.DOCX,DOCX table 1,1013,,,,,,,,,,False,False,არაფინანსური აქტივების ზრდა,371427.9,500110.0,43500.0,43500.0,0.0,0.0,False,43500000
2026,source.mof_2026_tavi6_planned_docx,C:\Users\Mylaptop\Downloads\2026 ბიუჯეტი - თავი VI.DOCX,DOCX table 1,1014,32 07 01,32 07,3,32 00,"საქართველოს განათლების, მეცნიერებისა და ახალგაზრდობის სამინისტრო",32 07,საგანმანათლებლო და სამეცნიერო ინფრასტრუქტურის განვითარების ხელშეწყობა,32 07 01,ზოგადსაგანმანათლებლო დაწესებულებების განვითარების ხელშეწყობა,False,True,ზოგადსაგანმანათლებლო დაწესებულებების განვითარების ხელშეწყობა,375371.7,467715.0,54000.0,54000.0,0.0,0.0,True,54000000
2026,source.mof_2026_tavi6_planned_docx,C:\Users\Mylaptop\Downloads\2026 ბიუჯეტი - თავი VI.DOCX,DOCX table 1,1015,,,,,,,,,,False,False,ხარჯები,22018.0,24055.0,24000.0,24000.0,0.0,0.0,False,24000000
2026,source.mof_2026_tavi6_planned_docx,C:\Users\Mylaptop\Downloads\2026 ბიუჯეტი - თავი VI.DOCX,DOCX table 1,1016,,,,,,,,,,False,False,არაფინანსური აქტივების ზრდა,353353.7,443660.0,30000.0,30000.0,0.0,0.0,False,30000000
2026,source.mof_2026_tavi6_planned_docx,C:\Users\Mylaptop\Downloads\2026 ბიუჯეტი - თავი VI.DOCX,DOCX table 1,1017,32 07 02,32 07,3,32 00,"საქართველოს განათლების, მეცნიერებისა და ახალგაზრდობის სამინისტრო",32 07,საგანმანათლებლო და სამეცნიერო ინფრასტრუქტურის განვითარების ხელშეწყობა,32 07 02,პროფესიული საგანმანათლებლო დაწესებულებების ინფრასტრუქტურის განვითარება,False,True,პროფესიული საგანმანათლებლო დაწესებულებების ინფრასტრუქტურის განვითარება,13572.5,26000.0,26000.0,26000.0,0.0,0.0,True,26000000
2026,source.mof_2026_tavi6_planned_docx,C:\Users\Mylaptop\Downloads\2026 ბიუჯეტი - თავი VI.DOCX,DOCX table 1,1018,,,,,,,,,,False,False,ხარჯები,883.6,1800.0,12500.0,12500.0,0.0,0.0,False,12500000
2026,source.mof_2026_tavi6_planned_docx,C:\Users\Mylaptop\Downloads\2026 ბიუჯეტი - თავი VI.DOCX,DOCX table 1,1019,,,,,,,,,,False,False,არაფინანსური აქტივების ზრდა,12688.9,24200.0,13500.0,13500.0,0.0,0.0,False,13500000
2026,source.mof_2026_tavi6_planned_docx,C:\Users\Mylaptop\Downloads\2026 ბიუჯეტი - თავი VI.DOCX,DOCX table 1,1020,32 07 03,32 07,3,32 00,"საქართველოს განათლების, მეცნიერებისა და ახალგაზრდობის სამინისტრო",32 07,საგანმანათლებლო და სამეცნიერო ინფრასტრუქტურის განვითარების ხელშეწყობა,32 07 03,უმაღლესი საგანმანათლებლო და სამეცნიერო დაწესებულებების ინფრასტრუქტურის განვითარება,False,True,უმაღლესი საგანმანათლებლო და სამეცნიერო დაწესებულებების ინფრასტრუქტურის განვითარება,4639.2,30000.0,10000.0,10000.0,0.0,0.0,True,10000000
2026,source.mof_2026_tavi6_planned_docx,C:\Users\Mylaptop\Downloads\2026 ბიუჯეტი - თავი VI.DOCX,DOCX table 1,1021,,,,,,,,,,False,False,ხარჯები,2756.1,5500.0,10000.0,10000.0,0.0,0.0,False,10000000
2026,source.mof_2026_tavi6_planned_docx,C:\Users\Mylaptop\Downloads\2026 ბიუჯეტი - თავი VI.DOCX,DOCX table 1,1022,,,,,,,,,,False,False,არაფინანსური აქტივების ზრდა,1883.0,24500.0,0.0,0.0,0.0,0.0,False,0
2026,source.mof_2026_tavi6_planned_docx,C:\Users\Mylaptop\Downloads\2026 ბიუჯეტი - თავი VI.DOCX,DOCX table 1,1023,32 07 04,32 07,3,32 00,"საქართველოს განათლების, მეცნიერებისა და ახალგაზრდობის სამინისტრო",32 07,საგანმანათლებლო და სამეცნიერო ინფრასტრუქტურის განვითარების ხელშეწყობა,32 07 04,საჯარო სკოლების მოვლა-პატრონობის სისტემის განვითარება,False,True,საჯარო სკოლების მოვლა-პატრონობის სისტემის განვითარება,4975.8,8400.0,400.0,400.0,0.0,0.0,True,400000
2026,source.mof_2026_tavi6_planned_docx,C:\Users\Mylaptop\Downloads\2026 ბიუჯეტი - თავი VI.DOCX,DOCX table 1,1024,,,,,,,,,,False,False,ხარჯები,3288.1,5900.0,400.0,400.0,0.0,0.0,False,400000
2026,source.mof_2026_tavi6_planned_docx,C:\Users\Mylaptop\Downloads\2026 ბიუჯეტი - თავი VI.DOCX,DOCX table 1,1025,,,,,,,,,,False,False,არაფინანსური აქტივების ზრდა,1687.8,2500.0,0.0,0.0,0.0,0.0,False,0
2026,source.mof_2026_tavi6_planned_docx,C:\Users\Mylaptop\Downloads\2026 ბიუჯეტი - თავი VI.DOCX,DOCX table 1,1026,32 07 05,32 07,3,32 00,"საქართველოს განათლების, მეცნიერებისა და ახალგაზრდობის სამინისტრო",32 07,საგანმანათლებლო და სამეცნიერო ინფრასტრუქტურის განვითარების ხელშეწყობა,32 07 05,სამინისტროს და მის სისტემაში შემავალი საჯარო სამართლის იურიდიული პირებისა და ტერიტორიული ორგანოების ინფრასტრუქტურის განვითარება,False,True,სამინისტროს და მის სისტემაში შემავალი საჯარო სამართლის იურიდიული პირებისა და ტერიტორიული ორგანოების ინფრასტრუქტურის განვითარება,2876.1,6000.0,0.0,0.0,0.0,0.0,True,0
2026,source.mof_2026_tavi6_planned_docx,C:\Users\Mylaptop\Downloads\2026 ბიუჯეტი - თავი VI.DOCX,DOCX table 1,1027,,,,,,,,,,False,False,ხარჯები,1061.5,750.0,0.0,0.0,0.0,0.0,False,0
2026,source.mof_2026_tavi6_planned_docx,C:\Users\Mylaptop\Downloads\2026 ბიუჯეტი - თავი VI.DOCX,DOCX table 1,1028,,,,,,,,,,False,False,არაფინანსური აქტივების ზრდა,1814.5,5250.0,0.0,0.0,0.0,0.0,False,0
2026,source.mof_2026_tavi6_planned_docx,C:\Users\Mylaptop\Downloads\2026 ბიუჯეტი - თავი VI.DOCX,DOCX table 1,1029,32 08,32 00,2,32 00,"საქართველოს განათლების, მეცნიერებისა და ახალგაზრდობის სამინისტრო",32 08,ახალგაზრდობის ხელშეწყობა,,,False,True,ახალგაზრდობის ხელშეწყობა,8901.5,13780.0,21530.0,21530.0,0.0,0.0,True,21530000
2026,source.mof_2026_tavi6_planned_docx,C:\Users\Mylaptop\Downloads\2026 ბიუჯეტი - თავი VI.DOCX,DOCX table 1,1030,,,,,,,,,,False,False,მომუშავეთა რიცხოვნობა,44.0,44.0,44.0,44.0,0.0,0.0,False,44000
2026,source.mof_2026_tavi6_planned_docx,C:\Users\Mylaptop\Downloads\2026 ბიუჯეტი - თავი VI.DOCX,DOCX table 1,1031,,,,,,,,,,False,False,ხარჯები,8662.9,13427.0,13887.0,13887.0,0.0,0.0,False,13887000
2026,source.mof_2026_tavi6_planned_docx,C:\Users\Mylaptop\Downloads\2026 ბიუჯეტი - თავი VI.DOCX,DOCX table 1,1032,,,,,,,,,,False,False,შრომის ანაზღაურება,889.1,1668.0,2218.0,2218.0,0.0,0.0,False,2218000
2026,source.mof_2026_tavi6_planned_docx,C:\Users\Mylaptop\Downloads\2026 ბიუჯეტი - თავი VI.DOCX,DOCX table 1,1033,,,,,,,,,,False,False,არაფინანსური აქტივების ზრდა,238.6,353.0,7643.0,7643.0,0.0,0.0,False,7643000
2026,source.mof_2026_tavi6_planned_docx,C:\Users\Mylaptop\Downloads\2026 ბიუჯეტი - თავი VI.DOCX,DOCX table 1,1034,32 09,32 00,2,32 00,"საქართველოს განათლების, მეცნიერებისა და ახალგაზრდობის სამინისტრო",32 09,"ინოვაციის, ინკლუზიურობისა და ხარისხის პროექტი − საქართველო I2Q (WB)",,,False,True,"ინოვაციის, ინკლუზიურობისა და ხარისხის პროექტი − საქართველო I2Q (WB)",18561.3,15500.0,12000.0,0.0,0.0,12000.0,True,12000000
2026,source.mof_2026_tavi6_planned_docx,C:\Users\Mylaptop\Downloads\2026 ბიუჯეტი - თავი VI.DOCX,DOCX table 1,1035,,,,,,,,,,False,False,ხარჯები,18200.1,15490.0,12000.0,0.0,0.0,12000.0,False,12000000
2026,source.mof_2026_tavi6_planned_docx,C:\Users\Mylaptop\Downloads\2026 ბიუჯეტი - თავი VI.DOCX,DOCX table 1,1036,,,,,,,,,,False,False,არაფინანსური აქტივების ზრდა,361.2,10.0,0.0,0.0,0.0,0.0,False,0
2026,source.mof_2026_tavi6_planned_docx,C:\Users\Mylaptop\Downloads\2026 ბიუჯეტი - თავი VI.DOCX,DOCX table 1,1037,32 10,32 00,2,32 00,"საქართველოს განათლების, მეცნიერებისა და ახალგაზრდობის სამინისტრო",32 10,პროფესიული განათლების პროგრამა 1 (KfW),,,False,True,პროფესიული განათლების პროგრამა 1 (KfW),21280.3,20000.0,20000.0,5000.0,2100.0,12900.0,True,20000000
2026,source.mof_2026_tavi6_planned_docx,C:\Users\Mylaptop\Downloads\2026 ბიუჯეტი - თავი VI.DOCX,DOCX table 1,1038,,,,,,,,,,False,False,ხარჯები,3022.1,4850.0,5600.0,1500.0,2100.0,2000.0,False,5600000
2026,source.mof_2026_tavi6_planned_docx,C:\Users\Mylaptop\Downloads\2026 ბიუჯეტი - თავი VI.DOCX,DOCX table 1,1039,,,,,,,,,,False,False,არაფინანსური აქტივების ზრდა,18258.2,15150.0,14400.0,3500.0,0.0,10900.0,False,14400000
2026,source.mof_2026_tavi6_planned_docx,C:\Users\Mylaptop\Downloads\2026 ბიუჯეტი - თავი VI.DOCX,DOCX table 1,1040,32 11,32 00,2,32 00,"საქართველოს განათლების, მეცნიერებისა და ახალგაზრდობის სამინისტრო",32 11,თანამედროვე უნარები უკეთესი დასაქმების სექტორის განვითარების პროგრამისთვის − პროექტი (ADB),,,False,True,თანამედროვე უნარები უკეთესი დასაქმების სექტორის განვითარების პროგრამისთვის − პროექტი (ADB),2931.9,20000.0,25000.0,13500.0,0.0,11500.0,True,25000000
2026,source.mof_2026_tavi6_planned_docx,C:\Users\Mylaptop\Downloads\2026 ბიუჯეტი - თავი VI.DOCX,DOCX table 1,1041,,,,,,,,,,False,False,ხარჯები,2098.4,4445.0,2723.0,920.0,0.0,1803.0,False,2723000
2026,source.mof_2026_tavi6_planned_docx,C:\Users\Mylaptop\Downloads\2026 ბიუჯეტი - თავი VI.DOCX,DOCX table 1,1042,,,,,,,,,,False,False,არაფინანსური აქტივების ზრდა,833.5,15555.0,22277.0,12580.0,0.0,9697.0,False,22277000
2026,source.mof_2026_tavi6_planned_docx,C:\Users\Mylaptop\Downloads\2026 ბიუჯეტი - თავი VI.DOCX,DOCX table 1,1043,33 00,00 00,1,33 00,საქართველოს კულტურის სამინისტრო,,,,,False,True,საქართველოს კულტურის სამინისტრო,246450.5,316266.3,364835.0,364835.0,0.0,0.0,False,364835000
2026,source.mof_2026_tavi6_planned_docx,C:\Users\Mylaptop\Downloads\2026 ბიუჯეტი - თავი VI.DOCX,DOCX table 1,1044,,,,,,,,,,False,False,მომუშავეთა რიცხოვნობა,7281.0,7248.0,7248.0,7248.0,0.0,0.0,False,7248000
2026,source.mof_2026_tavi6_planned_docx,C:\Users\Mylaptop\Downloads\2026 ბიუჯეტი - თავი VI.DOCX,DOCX table 1,1045,,,,,,,,,,False,False,ხარჯები,176655.2,225600.0,281520.0,281520.0,0.0,0.0,False,281520000
2026,source.mof_2026_tavi6_planned_docx,C:\Users\Mylaptop\Downloads\2026 ბიუჯეტი - თავი VI.DOCX,DOCX table 1,1046,,,,,,,,,,False,False,შრომის ანაზღაურება,89161.5,106364.0,120251.0,120251.0,0.0,0.0,False,120251000
2026,source.mof_2026_tavi6_planned_docx,C:\Users\Mylaptop\Downloads\2026 ბიუჯეტი - თავი VI.DOCX,DOCX table 1,1047,,,,,,,,,,False,False,არაფინანსური აქტივების ზრდა,64517.0,87786.3,83315.0,83315.0,0.0,0.0,False,83315000
2026,source.mof_2026_tavi6_planned_docx,C:\Users\Mylaptop\Downloads\2026 ბიუჯეტი - თავი VI.DOCX,DOCX table 1,1048,,,,,,,,,,False,False,ვალდებულებების კლება,5278.3,2880.0,0.0,0.0,0.0,0.0,False,0
2026,source.mof_2026_tavi6_planned_docx,C:\Users\Mylaptop\Downloads\2026 ბიუჯეტი - თავი VI.DOCX,DOCX table 1,1049,33 01,33 00,2,33 00,საქართველოს კულტურის სამინისტრო,33 01,კულტურის სფეროში სახელმწიფო პოლიტიკის შემუშავება და პროგრამების მართვა,,,False,True,კულტურის სფეროში სახელმწიფო პოლიტიკის შემუშავება და პროგრამების მართვა,10369.5,8500.5,12759.0,12759.0,0.0,0.0,True,12759000
2026,source.mof_2026_tavi6_planned_docx,C:\Users\Mylaptop\Downloads\2026 ბიუჯეტი - თავი VI.DOCX,DOCX table 1,1050,,,,,,,,,,False,False,მომუშავეთა რიცხოვნობა,133.0,100.0,130.0,130.0,0.0,0.0,False,130000
2026,source.mof_2026_tavi6_planned_docx,C:\Users\Mylaptop\Downloads\2026 ბიუჯეტი - თავი VI.DOCX,DOCX table 1,1051,,,,,,,,,,False,False,ხარჯები,10281.2,7924.0,11350.0,11350.0,0.0,0.0,False,11350000
2026,source.mof_2026_tavi6_planned_docx,C:\Users\Mylaptop\Downloads\2026 ბიუჯეტი - თავი VI.DOCX,DOCX table 1,1052,,,,,,,,,,False,False,შრომის ანაზღაურება,5349.2,4702.0,7100.0,7100.0,0.0,0.0,False,7100000
2026,source.mof_2026_tavi6_planned_docx,C:\Users\Mylaptop\Downloads\2026 ბიუჯეტი - თავი VI.DOCX,DOCX table 1,1053,,,,,,,,,,False,False,არაფინანსური აქტივების ზრდა,88.2,576.5,1409.0,1409.0,0.0,0.0,False,1409000
2026,source.mof_2026_tavi6_planned_docx,C:\Users\Mylaptop\Downloads\2026 ბიუჯეტი - თავი VI.DOCX,DOCX table 1,1054,33 02,33 00,2,33 00,საქართველოს კულტურის სამინისტრო,33 02,კულტურის განვითარების ხელშეწყობა,,,False,True,კულტურის განვითარების ხელშეწყობა,93834.2,147619.0,188163.5,188163.5,0.0,0.0,True,188163500
2026,source.mof_2026_tavi6_planned_docx,C:\Users\Mylaptop\Downloads\2026 ბიუჯეტი - თავი VI.DOCX,DOCX table 1,1055,,,,,,,,,,False,False,მომუშავეთა რიცხოვნობა,3502.0,3521.0,3521.0,3521.0,0.0,0.0,False,3521000
2026,source.mof_2026_tavi6_planned_docx,C:\Users\Mylaptop\Downloads\2026 ბიუჯეტი - თავი VI.DOCX,DOCX table 1,1056,,,,,,,,,,False,False,ხარჯები,87611.9,143083.0,186760.5,186760.5,0.0,0.0,False,186760500
2026,source.mof_2026_tavi6_planned_docx,C:\Users\Mylaptop\Downloads\2026 ბიუჯეტი - თავი VI.DOCX,DOCX table 1,1057,,,,,,,,,,False,False,შრომის ანაზღაურება,45507.7,58308.0,59791.5,59791.5,0.0,0.0,False,59791500
2026,source.mof_2026_tavi6_planned_docx,C:\Users\Mylaptop\Downloads\2026 ბიუჯეტი - თავი VI.DOCX,DOCX table 1,1058,,,,,,,,,,False,False,არაფინანსური აქტივების ზრდა,944.0,1656.0,1403.0,1403.0,0.0,0.0,False,1403000
2026,source.mof_2026_tavi6_planned_docx,C:\Users\Mylaptop\Downloads\2026 ბიუჯეტი - თავი VI.DOCX,DOCX table 1,1059,,,,,,,,,,False,False,ვალდებულებების კლება,5278.3,2880.0,0.0,0.0,0.0,0.0,False,0
2026,source.mof_2026_tavi6_planned_docx,C:\Users\Mylaptop\Downloads\2026 ბიუჯეტი - თავი VI.DOCX,DOCX table 1,1060,33 03,33 00,2,33 00,საქართველოს კულტურის სამინისტრო,33 03,კულტურული მემკვიდრეობის დაცვა და სამუზეუმო სისტემის სრულყოფა,,,False,True,კულტურული მემკვიდრეობის დაცვა და სამუზეუმო სისტემის სრულყოფა,73077.6,79797.8,90568.1,90568.1,0.0,0.0,True,90568100
2026,source.mof_2026_tavi6_planned_docx,C:\Users\Mylaptop\Downloads\2026 ბიუჯეტი - თავი VI.DOCX,DOCX table 1,1061,,,,,,,,,,False,False,მომუშავეთა რიცხოვნობა,1838.0,1822.0,1822.0,1822.0,0.0,0.0,False,1822000
2026,source.mof_2026_tavi6_planned_docx,C:\Users\Mylaptop\Downloads\2026 ბიუჯეტი - თავი VI.DOCX,DOCX table 1,1062,,,,,,,,,,False,False,ხარჯები,47659.1,46363.0,50157.1,50157.1,0.0,0.0,False,50157100
2026,source.mof_2026_tavi6_planned_docx,C:\Users\Mylaptop\Downloads\2026 ბიუჯეტი - თავი VI.DOCX,DOCX table 1,1063,,,,,,,,,,False,False,შრომის ანაზღაურება,22112.7,25209.0,30892.1,30892.1,0.0,0.0,False,30892100
2026,source.mof_2026_tavi6_planned_docx,C:\Users\Mylaptop\Downloads\2026 ბიუჯეტი - თავი VI.DOCX,DOCX table 1,1064,,,,,,,,,,False,False,არაფინანსური აქტივების ზრდა,25418.5,33434.8,40411.0,40411.0,0.0,0.0,False,40411000
2026,source.mof_2026_tavi6_planned_docx,C:\Users\Mylaptop\Downloads\2026 ბიუჯეტი - თავი VI.DOCX,DOCX table 1,1065,33 04,33 00,2,33 00,საქართველოს კულტურის სამინისტრო,33 04,სახელოვნებო დაწესებულებების ხელშეწყობა,,,False,True,სახელოვნებო დაწესებულებების ხელშეწყობა,6109.9,9147.0,8558.8,8558.8,0.0,0.0,True,8558800
2026,source.mof_2026_tavi6_planned_docx,C:\Users\Mylaptop\Downloads\2026 ბიუჯეტი - თავი VI.DOCX,DOCX table 1,1066,,,,,,,,,,False,False,მომუშავეთა რიცხოვნობა,747.0,744.0,714.0,714.0,0.0,0.0,False,714000
2026,source.mof_2026_tavi6_planned_docx,C:\Users\Mylaptop\Downloads\2026 ბიუჯეტი - თავი VI.DOCX,DOCX table 1,1067,,,,,,,,,,False,False,ხარჯები,5872.5,7135.0,8546.8,8546.8,0.0,0.0,False,8546800
2026,source.mof_2026_tavi6_planned_docx,C:\Users\Mylaptop\Downloads\2026 ბიუჯეტი - თავი VI.DOCX,DOCX table 1,1068,,,,,,,,,,False,False,შრომის ანაზღაურება,4760.1,5792.0,7128.8,7128.8,0.0,0.0,False,7128800
2026,source.mof_2026_tavi6_planned_docx,C:\Users\Mylaptop\Downloads\2026 ბიუჯეტი - თავი VI.DOCX,DOCX table 1,1069,,,,,,,,,,False,False,არაფინანსური აქტივების ზრდა,237.4,2012.0,12.0,12.0,0.0,0.0,False,12000
2026,source.mof_2026_tavi6_planned_docx,C:\Users\Mylaptop\Downloads\2026 ბიუჯეტი - თავი VI.DOCX,DOCX table 1,1070,33 05,33 00,2,33 00,საქართველოს კულტურის სამინისტრო,33 05,სახელოვნებო სფეროში უმაღლესი განათლება,,,False,True,სახელოვნებო სფეროში უმაღლესი განათლება,15676.9,20202.0,23785.6,23785.6,0.0,0.0,True,23785600
2026,source.mof_2026_tavi6_planned_docx,C:\Users\Mylaptop\Downloads\2026 ბიუჯეტი - თავი VI.DOCX,DOCX table 1,1071,,,,,,,,,,False,False,მომუშავეთა რიცხოვნობა,1061.0,1061.0,1061.0,1061.0,0.0,0.0,False,1061000
2026,source.mof_2026_tavi6_planned_docx,C:\Users\Mylaptop\Downloads\2026 ბიუჯეტი - თავი VI.DOCX,DOCX table 1,1072,,,,,,,,,,False,False,ხარჯები,14616.1,20095.0,23705.6,23705.6,0.0,0.0,False,23705600
2026,source.mof_2026_tavi6_planned_docx,C:\Users\Mylaptop\Downloads\2026 ბიუჯეტი - თავი VI.DOCX,DOCX table 1,1073,,,,,,,,,,False,False,შრომის ანაზღაურება,11431.8,12353.0,15338.6,15338.6,0.0,0.0,False,15338600
2026,source.mof_2026_tavi6_planned_docx,C:\Users\Mylaptop\Downloads\2026 ბიუჯეტი - თავი VI.DOCX,DOCX table 1,1074,,,,,,,,,,False,False,არაფინანსური აქტივების ზრდა,1060.7,107.0,80.0,80.0,0.0,0.0,False,80000
2026,source.mof_2026_tavi6_planned_docx,C:\Users\Mylaptop\Downloads\2026 ბიუჯეტი - თავი VI.DOCX,DOCX table 1,1075,33 06,33 00,2,33 00,საქართველოს კულტურის სამინისტრო,33 06,"სახალხო არტისტების, სახალხო მხატვრებისა და ლაურეატების სტიპენდიები და სოციალური დახმარება",,,False,True,"სახალხო არტისტების, სახალხო მხატვრებისა და ლაურეატების სტიპენდიები და სოციალური დახმარება",2947.5,1000.0,1000.0,1000.0,0.0,0.0,True,1000000
2026,source.mof_2026_tavi6_planned_docx,C:\Users\Mylaptop\Downloads\2026 ბიუჯეტი - თავი VI.DOCX,DOCX table 1,1076,,,,,,,,,,False,False,ხარჯები,2947.5,1000.0,1000.0,1000.0,0.0,0.0,False,1000000
2026,source.mof_2026_tavi6_planned_docx,C:\Users\Mylaptop\Downloads\2026 ბიუჯეტი - თავი VI.DOCX,DOCX table 1,1077,33 07,33 00,2,33 00,საქართველოს კულტურის სამინისტრო,33 07,ინფრასტრუქტურის განვითარება,,,False,True,ინფრასტრუქტურის განვითარება,44434.9,50000.0,40000.0,40000.0,0.0,0.0,True,40000000
2026,source.mof_2026_tavi6_planned_docx,C:\Users\Mylaptop\Downloads\2026 ბიუჯეტი - თავი VI.DOCX,DOCX table 1,1078,,,,,,,,,,False,False,ხარჯები,7666.9,0.0,0.0,0.0,0.0,0.0,False,0
2026,source.mof_2026_tavi6_planned_docx,C:\Users\Mylaptop\Downloads\2026 ბიუჯეტი - თავი VI.DOCX,DOCX table 1,1079,,,,,,,,,,False,False,არაფინანსური აქტივების ზრდა,36768.0,50000.0,40000.0,40000.0,0.0,0.0,False,40000000
2026,source.mof_2026_tavi6_planned_docx,C:\Users\Mylaptop\Downloads\2026 ბიუჯეტი - თავი VI.DOCX,DOCX table 1,1080,34 00,00 00,1,34 00,საქართველოს სპორტის სამინისტრო,,,,,False,True,საქართველოს სპორტის სამინისტრო,294929.4,298350.5,325310.0,325310.0,0.0,0.0,False,325310000
2026,source.mof_2026_tavi6_planned_docx,C:\Users\Mylaptop\Downloads\2026 ბიუჯეტი - თავი VI.DOCX,DOCX table 1,1081,,,,,,,,,,False,False,მომუშავეთა რიცხოვნობა,131.0,176.0,195.0,195.0,0.0,0.0,False,195000
2026,source.mof_2026_tavi6_planned_docx,C:\Users\Mylaptop\Downloads\2026 ბიუჯეტი - თავი VI.DOCX,DOCX table 1,1082,,,,,,,,,,False,False,ხარჯები,289433.7,298003.0,324910.0,324910.0,0.0,0.0,False,324910000
2026,source.mof_2026_tavi6_planned_docx,C:\Users\Mylaptop\Downloads\2026 ბიუჯეტი - თავი VI.DOCX,DOCX table 1,1083,,,,,,,,,,False,False,შრომის ანაზღაურება,1853.5,5574.0,7063.0,7063.0,0.0,0.0,False,7063000
2026,source.mof_2026_tavi6_planned_docx,C:\Users\Mylaptop\Downloads\2026 ბიუჯეტი - თავი VI.DOCX,DOCX table 1,1084,,,,,,,,,,False,False,არაფინანსური აქტივების ზრდა,5495.6,347.5,400.0,400.0,0.0,0.0,False,400000
2026,source.mof_2026_tavi6_planned_docx,C:\Users\Mylaptop\Downloads\2026 ბიუჯეტი - თავი VI.DOCX,DOCX table 1,1085,34 01,34 00,2,34 00,საქართველოს სპორტის სამინისტრო,34 01,საქართველოს სპორტის სფეროში სახელმწიფო პოლიტიკის შემუშავება და პროგრამების მართვა,,,False,True,საქართველოს სპორტის სფეროში სახელმწიფო პოლიტიკის შემუშავება და პროგრამების მართვა,0.0,4274.5,7307.0,7307.0,0.0,0.0,True,7307000
2026,source.mof_2026_tavi6_planned_docx,C:\Users\Mylaptop\Downloads\2026 ბიუჯეტი - თავი VI.DOCX,DOCX table 1,1086,,,,,,,,,,False,False,მომუშავეთა რიცხოვნობა,0.0,45.0,55.0,55.0,0.0,0.0,False,55000
2026,source.mof_2026_tavi6_planned_docx,C:\Users\Mylaptop\Downloads\2026 ბიუჯეტი - თავი VI.DOCX,DOCX table 1,1087,,,,,,,,,,False,False,ხარჯები,0.0,4008.0,6988.0,6988.0,0.0,0.0,False,6988000
2026,source.mof_2026_tavi6_planned_docx,C:\Users\Mylaptop\Downloads\2026 ბიუჯეტი - თავი VI.DOCX,DOCX table 1,1088,,,,,,,,,,False,False,შრომის ანაზღაურება,0.0,2594.0,3744.0,3744.0,0.0,0.0,False,3744000
2026,source.mof_2026_tavi6_planned_docx,C:\Users\Mylaptop\Downloads\2026 ბიუჯეტი - თავი VI.DOCX,DOCX table 1,1089,,,,,,,,,,False,False,არაფინანსური აქტივების ზრდა,0.0,266.5,319.0,319.0,0.0,0.0,False,319000
2026,source.mof_2026_tavi6_planned_docx,C:\Users\Mylaptop\Downloads\2026 ბიუჯეტი - თავი VI.DOCX,DOCX table 1,1090,34 02,34 00,2,34 00,საქართველოს სპორტის სამინისტრო,34 02,მასობრივი და მაღალი მიღწევების სპორტის განვითარება და პოპულარიზაცია,,,False,True,მასობრივი და მაღალი მიღწევების სპორტის განვითარება და პოპულარიზაცია,218004.8,236670.0,259562.0,259562.0,0.0,0.0,True,259562000
2026,source.mof_2026_tavi6_planned_docx,C:\Users\Mylaptop\Downloads\2026 ბიუჯეტი - თავი VI.DOCX,DOCX table 1,1091,,,,,,,,,,False,False,მომუშავეთა რიცხოვნობა,5.0,5.0,8.0,8.0,0.0,0.0,False,8000
2026,source.mof_2026_tavi6_planned_docx,C:\Users\Mylaptop\Downloads\2026 ბიუჯეტი - თავი VI.DOCX,DOCX table 1,1092,,,,,,,,,,False,False,ხარჯები,218004.8,236665.0,259557.0,259557.0,0.0,0.0,False,259557000
2026,source.mof_2026_tavi6_planned_docx,C:\Users\Mylaptop\Downloads\2026 ბიუჯეტი - თავი VI.DOCX,DOCX table 1,1093,,,,,,,,,,False,False,შრომის ანაზღაურება,167.5,180.0,430.0,430.0,0.0,0.0,False,430000
2026,source.mof_2026_tavi6_planned_docx,C:\Users\Mylaptop\Downloads\2026 ბიუჯეტი - თავი VI.DOCX,DOCX table 1,1094,,,,,,,,,,False,False,არაფინანსური აქტივების ზრდა,0.0,5.0,5.0,5.0,0.0,0.0,False,5000
2026,source.mof_2026_tavi6_planned_docx,C:\Users\Mylaptop\Downloads\2026 ბიუჯეტი - თავი VI.DOCX,DOCX table 1,1095,34 03,34 00,2,34 00,საქართველოს სპორტის სამინისტრო,34 03,სპორტის მოღვაწეთა სოციალური დაცვის ღონისძიებები,,,False,True,სპორტის მოღვაწეთა სოციალური დაცვის ღონისძიებები,64697.5,41906.0,42016.0,42016.0,0.0,0.0,True,42016000
2026,source.mof_2026_tavi6_planned_docx,C:\Users\Mylaptop\Downloads\2026 ბიუჯეტი - თავი VI.DOCX,DOCX table 1,1096,,,,,,,,,,False,False,ხარჯები,64697.5,41906.0,42016.0,42016.0,0.0,0.0,False,42016000
2026,source.mof_2026_tavi6_planned_docx,C:\Users\Mylaptop\Downloads\2026 ბიუჯეტი - თავი VI.DOCX,DOCX table 1,1097,34 04,34 00,2,34 00,საქართველოს სპორტის სამინისტრო,34 04,სპორტში ინვესტიციებისა და ინფრასტრუქტურული პროექტების მხარდაჭერა,,,False,True,სპორტში ინვესტიციებისა და ინფრასტრუქტურული პროექტების მხარდაჭერა,7877.7,10000.0,10000.0,10000.0,0.0,0.0,True,10000000
2026,source.mof_2026_tavi6_planned_docx,C:\Users\Mylaptop\Downloads\2026 ბიუჯეტი - თავი VI.DOCX,DOCX table 1,1098,,,,,,,,,,False,False,ხარჯები,3383.4,10000.0,10000.0,10000.0,0.0,0.0,False,10000000
2026,source.mof_2026_tavi6_planned_docx,C:\Users\Mylaptop\Downloads\2026 ბიუჯეტი - თავი VI.DOCX,DOCX table 1,1099,,,,,,,,,,False,False,არაფინანსური აქტივების ზრდა,4494.4,0.0,0.0,0.0,0.0,0.0,False,0
2026,source.mof_2026_tavi6_planned_docx,C:\Users\Mylaptop\Downloads\2026 ბიუჯეტი - თავი VI.DOCX,DOCX table 1,1100,34 05,34 00,2,34 00,საქართველოს სპორტის სამინისტრო,34 05,სასპორტო დაწესებულებების ხელშეწყობა,,,False,True,სასპორტო დაწესებულებების ხელშეწყობა,4349.2,5500.0,6425.0,6425.0,0.0,0.0,True,6425000
2026,source.mof_2026_tavi6_planned_docx,C:\Users\Mylaptop\Downloads\2026 ბიუჯეტი - თავი VI.DOCX,DOCX table 1,1101,,,,,,,,,,False,False,მომუშავეთა რიცხოვნობა,126.0,126.0,132.0,132.0,0.0,0.0,False,132000
2026,source.mof_2026_tavi6_planned_docx,C:\Users\Mylaptop\Downloads\2026 ბიუჯეტი - თავი VI.DOCX,DOCX table 1,1102,,,,,,,,,,False,False,ხარჯები,3348.0,5424.0,6349.0,6349.0,0.0,0.0,False,6349000
2026,source.mof_2026_tavi6_planned_docx,C:\Users\Mylaptop\Downloads\2026 ბიუჯეტი - თავი VI.DOCX,DOCX table 1,1103,,,,,,,,,,False,False,შრომის ანაზღაურება,1686.0,2800.0,2889.0,2889.0,0.0,0.0,False,2889000
2026,source.mof_2026_tavi6_planned_docx,C:\Users\Mylaptop\Downloads\2026 ბიუჯეტი - თავი VI.DOCX,DOCX table 1,1104,,,,,,,,,,False,False,არაფინანსური აქტივების ზრდა,1001.3,76.0,76.0,76.0,0.0,0.0,False,76000
2026,source.mof_2026_tavi6_planned_docx,C:\Users\Mylaptop\Downloads\2026 ბიუჯეტი - თავი VI.DOCX,DOCX table 1,1105,35 00,00 00,1,35 00,საქართველოს რეგიონული განვითარების სამინისტრო,,,,,False,True,საქართველოს რეგიონული განვითარების სამინისტრო,0.0,0.0,132900.0,132900.0,0.0,0.0,False,132900000
2026,source.mof_2026_tavi6_planned_docx,C:\Users\Mylaptop\Downloads\2026 ბიუჯეტი - თავი VI.DOCX,DOCX table 1,1106,,,,,,,,,,False,False,მომუშავეთა რიცხოვნობა,0.0,0.0,120.0,120.0,0.0,0.0,False,120000
2026,source.mof_2026_tavi6_planned_docx,C:\Users\Mylaptop\Downloads\2026 ბიუჯეტი - თავი VI.DOCX,DOCX table 1,1107,,,,,,,,,,False,False,ხარჯები,0.0,0.0,127750.0,127750.0,0.0,0.0,False,127750000
2026,source.mof_2026_tavi6_planned_docx,C:\Users\Mylaptop\Downloads\2026 ბიუჯეტი - თავი VI.DOCX,DOCX table 1,1108,,,,,,,,,,False,False,შრომის ანაზღაურება,0.0,0.0,7000.0,7000.0,0.0,0.0,False,7000000
2026,source.mof_2026_tavi6_planned_docx,C:\Users\Mylaptop\Downloads\2026 ბიუჯეტი - თავი VI.DOCX,DOCX table 1,1109,,,,,,,,,,False,False,არაფინანსური აქტივების ზრდა,0.0,0.0,5150.0,5150.0,0.0,0.0,False,5150000
2026,source.mof_2026_tavi6_planned_docx,C:\Users\Mylaptop\Downloads\2026 ბიუჯეტი - თავი VI.DOCX,DOCX table 1,1110,35 01,35 00,2,35 00,საქართველოს რეგიონული განვითარების სამინისტრო,35 01,რეგიონების განვითარების პოლიტიკის შემუშავება და მართვა,,,False,True,რეგიონების განვითარების პოლიტიკის შემუშავება და მართვა,0.0,0.0,15900.0,15900.0,0.0,0.0,True,15900000
2026,source.mof_2026_tavi6_planned_docx,C:\Users\Mylaptop\Downloads\2026 ბიუჯეტი - თავი VI.DOCX,DOCX table 1,1111,,,,,,,,,,False,False,მომუშავეთა რიცხოვნობა,0.0,0.0,120.0,120.0,0.0,0.0,False,120000
2026,source.mof_2026_tavi6_planned_docx,C:\Users\Mylaptop\Downloads\2026 ბიუჯეტი - თავი VI.DOCX,DOCX table 1,1112,,,,,,,,,,False,False,ხარჯები,0.0,0.0,10750.0,10750.0,0.0,0.0,False,10750000
2026,source.mof_2026_tavi6_planned_docx,C:\Users\Mylaptop\Downloads\2026 ბიუჯეტი - თავი VI.DOCX,DOCX table 1,1113,,,,,,,,,,False,False,შრომის ანაზღაურება,0.0,0.0,7000.0,7000.0,0.0,0.0,False,7000000
2026,source.mof_2026_tavi6_planned_docx,C:\Users\Mylaptop\Downloads\2026 ბიუჯეტი - თავი VI.DOCX,DOCX table 1,1114,,,,,,,,,,False,False,არაფინანსური აქტივების ზრდა,0.0,0.0,5150.0,5150.0,0.0,0.0,False,5150000
2026,source.mof_2026_tavi6_planned_docx,C:\Users\Mylaptop\Downloads\2026 ბიუჯეტი - თავი VI.DOCX,DOCX table 1,1115,35 02,35 00,2,35 00,საქართველოს რეგიონული განვითარების სამინისტრო,35 02,საჯარო სკოლის მოსწავლეების ტრანსპორტით უზრუნველყოფა,,,False,True,საჯარო სკოლის მოსწავლეების ტრანსპორტით უზრუნველყოფა,0.0,0.0,70000.0,70000.0,0.0,0.0,True,70000000
2026,source.mof_2026_tavi6_planned_docx,C:\Users\Mylaptop\Downloads\2026 ბიუჯეტი - თავი VI.DOCX,DOCX table 1,1116,,,,,,,,,,False,False,ხარჯები,0.0,0.0,70000.0,70000.0,0.0,0.0,False,70000000
2026,source.mof_2026_tavi6_planned_docx,C:\Users\Mylaptop\Downloads\2026 ბიუჯეტი - თავი VI.DOCX,DOCX table 1,1117,35 03,35 00,2,35 00,საქართველოს რეგიონული განვითარების სამინისტრო,35 03,ზოგადსაგანმანათლებლო დაწესებულებების ინფრასტრუქტურის განვითარება,,,False,True,ზოგადსაგანმანათლებლო დაწესებულებების ინფრასტრუქტურის განვითარება,0.0,0.0,35000.0,35000.0,0.0,0.0,True,35000000
2026,source.mof_2026_tavi6_planned_docx,C:\Users\Mylaptop\Downloads\2026 ბიუჯეტი - თავი VI.DOCX,DOCX table 1,1118,,,,,,,,,,False,False,ხარჯები,0.0,0.0,35000.0,35000.0,0.0,0.0,False,35000000
2026,source.mof_2026_tavi6_planned_docx,C:\Users\Mylaptop\Downloads\2026 ბიუჯეტი - თავი VI.DOCX,DOCX table 1,1119,35 04,35 00,2,35 00,საქართველოს რეგიონული განვითარების სამინისტრო,35 04,საჯარო სკოლების ოპერირებისა და მოვლა-პატრონობის სისტემის განვითარება,,,False,True,საჯარო სკოლების ოპერირებისა და მოვლა-პატრონობის სისტემის განვითარება,0.0,0.0,8000.0,8000.0,0.0,0.0,True,8000000
2026,source.mof_2026_tavi6_planned_docx,C:\Users\Mylaptop\Downloads\2026 ბიუჯეტი - თავი VI.DOCX,DOCX table 1,1120,,,,,,,,,,False,False,ხარჯები,0.0,0.0,8000.0,8000.0,0.0,0.0,False,8000000
2026,source.mof_2026_tavi6_planned_docx,C:\Users\Mylaptop\Downloads\2026 ბიუჯეტი - თავი VI.DOCX,DOCX table 1,1121,35 05,35 00,2,35 00,საქართველოს რეგიონული განვითარების სამინისტრო,35 05,ზამთრის პერიოდში გამყოფი ხაზის მიმდებარე სოფლების ხელშეწყობის ღონისძიებები,,,False,True,ზამთრის პერიოდში გამყოფი ხაზის მიმდებარე სოფლების ხელშეწყობის ღონისძიებები,0.0,0.0,4000.0,4000.0,0.0,0.0,True,4000000
2026,source.mof_2026_tavi6_planned_docx,C:\Users\Mylaptop\Downloads\2026 ბიუჯეტი - თავი VI.DOCX,DOCX table 1,1122,,,,,,,,,,False,False,ხარჯები,0.0,0.0,4000.0,4000.0,0.0,0.0,False,4000000
2026,source.mof_2026_tavi6_planned_docx,C:\Users\Mylaptop\Downloads\2026 ბიუჯეტი - თავი VI.DOCX,DOCX table 1,1123,36 00,00 00,1,36 00,სსიპ − იურიდიული დახმარების სამსახური,,,,,False,True,სსიპ − იურიდიული დახმარების სამსახური,12577.6,14800.0,18000.0,18000.0,0.0,0.0,True,18000000
2026,source.mof_2026_tavi6_planned_docx,C:\Users\Mylaptop\Downloads\2026 ბიუჯეტი - თავი VI.DOCX,DOCX table 1,1124,,,,,,,,,,False,False,მომუშავეთა რიცხოვნობა,216.0,216.0,216.0,216.0,0.0,0.0,False,216000
2026,source.mof_2026_tavi6_planned_docx,C:\Users\Mylaptop\Downloads\2026 ბიუჯეტი - თავი VI.DOCX,DOCX table 1,1125,,,,,,,,,,False,False,ხარჯები,12463.9,14710.0,17894.0,17894.0,0.0,0.0,False,17894000
2026,source.mof_2026_tavi6_planned_docx,C:\Users\Mylaptop\Downloads\2026 ბიუჯეტი - თავი VI.DOCX,DOCX table 1,1126,,,,,,,,,,False,False,შრომის ანაზღაურება,6995.8,8614.0,11620.0,11620.0,0.0,0.0,False,11620000
2026,source.mof_2026_tavi6_planned_docx,C:\Users\Mylaptop\Downloads\2026 ბიუჯეტი - თავი VI.DOCX,DOCX table 1,1127,,,,,,,,,,False,False,არაფინანსური აქტივების ზრდა,113.7,90.0,106.0,106.0,0.0,0.0,False,106000
2026,source.mof_2026_tavi6_planned_docx,C:\Users\Mylaptop\Downloads\2026 ბიუჯეტი - თავი VI.DOCX,DOCX table 1,1128,37 00,00 00,1,37 00,სსიპ − ვეტერანების საქმეთა სახელმწიფო სამსახური,,,,,False,True,სსიპ − ვეტერანების საქმეთა სახელმწიფო სამსახური,18937.5,21500.0,24800.0,24800.0,0.0,0.0,True,24800000
2026,source.mof_2026_tavi6_planned_docx,C:\Users\Mylaptop\Downloads\2026 ბიუჯეტი - თავი VI.DOCX,DOCX table 1,1129,,,,,,,,,,False,False,მომუშავეთა რიცხოვნობა,192.0,192.0,188.0,188.0,0.0,0.0,False,188000
2026,source.mof_2026_tavi6_planned_docx,C:\Users\Mylaptop\Downloads\2026 ბიუჯეტი - თავი VI.DOCX,DOCX table 1,1130,,,,,,,,,,False,False,ხარჯები,18206.3,20530.0,24281.0,24281.0,0.0,0.0,False,24281000
2026,source.mof_2026_tavi6_planned_docx,C:\Users\Mylaptop\Downloads\2026 ბიუჯეტი - თავი VI.DOCX,DOCX table 1,1131,,,,,,,,,,False,False,შრომის ანაზღაურება,4345.5,5306.1,6126.0,6126.0,0.0,0.0,False,6126000
2026,source.mof_2026_tavi6_planned_docx,C:\Users\Mylaptop\Downloads\2026 ბიუჯეტი - თავი VI.DOCX,DOCX table 1,1132,,,,,,,,,,False,False,არაფინანსური აქტივების ზრდა,731.2,970.0,519.0,519.0,0.0,0.0,False,519000
2026,source.mof_2026_tavi6_planned_docx,C:\Users\Mylaptop\Downloads\2026 ბიუჯეტი - თავი VI.DOCX,DOCX table 1,1133,38 00,00 00,1,38 00,სსიპ – საქართველოს ფინანსური მონიტორინგის სამსახური,,,,,False,True,სსიპ – საქართველოს ფინანსური მონიტორინგის სამსახური,2810.9,5000.0,7100.0,7100.0,0.0,0.0,True,7100000
2026,source.mof_2026_tavi6_planned_docx,C:\Users\Mylaptop\Downloads\2026 ბიუჯეტი - თავი VI.DOCX,DOCX table 1,1134,,,,,,,,,,False,False,მომუშავეთა რიცხოვნობა,27.0,33.0,46.0,46.0,0.0,0.0,False,46000
2026,source.mof_2026_tavi6_planned_docx,C:\Users\Mylaptop\Downloads\2026 ბიუჯეტი - თავი VI.DOCX,DOCX table 1,1135,,,,,,,,,,False,False,ხარჯები,2512.3,4622.3,6622.0,6622.0,0.0,0.0,False,6622000
2026,source.mof_2026_tavi6_planned_docx,C:\Users\Mylaptop\Downloads\2026 ბიუჯეტი - თავი VI.DOCX,DOCX table 1,1136,,,,,,,,,,False,False,შრომის ანაზღაურება,1653.8,3000.0,4300.0,4300.0,0.0,0.0,False,4300000
2026,source.mof_2026_tavi6_planned_docx,C:\Users\Mylaptop\Downloads\2026 ბიუჯეტი - თავი VI.DOCX,DOCX table 1,1137,,,,,,,,,,False,False,არაფინანსური აქტივების ზრდა,298.6,377.7,478.0,478.0,0.0,0.0,False,478000
2026,source.mof_2026_tavi6_planned_docx,C:\Users\Mylaptop\Downloads\2026 ბიუჯეტი - თავი VI.DOCX,DOCX table 1,1138,39 00,00 00,1,39 00,პერსონალურ მონაცემთა დაცვის სამსახური,,,,,False,True,პერსონალურ მონაცემთა დაცვის სამსახური,7303.4,9000.0,2740.0,2740.0,0.0,0.0,True,2740000
2026,source.mof_2026_tavi6_planned_docx,C:\Users\Mylaptop\Downloads\2026 ბიუჯეტი - თავი VI.DOCX,DOCX table 1,1139,,,,,,,,,,False,False,მომუშავეთა რიცხოვნობა,84.0,84.0,84.0,84.0,0.0,0.0,False,84000
2026,source.mof_2026_tavi6_planned_docx,C:\Users\Mylaptop\Downloads\2026 ბიუჯეტი - თავი VI.DOCX,DOCX table 1,1140,,,,,,,,,,False,False,ხარჯები,6506.0,8900.0,2728.0,2728.0,0.0,0.0,False,2728000
2026,source.mof_2026_tavi6_planned_docx,C:\Users\Mylaptop\Downloads\2026 ბიუჯეტი - თავი VI.DOCX,DOCX table 1,1141,,,,,,,,,,False,False,შრომის ანაზღაურება,4630.5,6414.0,1040.0,1040.0,0.0,0.0,False,1040000
2026,source.mof_2026_tavi6_planned_docx,C:\Users\Mylaptop\Downloads\2026 ბიუჯეტი - თავი VI.DOCX,DOCX table 1,1142,,,,,,,,,,False,False,არაფინანსური აქტივების ზრდა,797.4,100.0,12.0,12.0,0.0,0.0,False,12000
2026,source.mof_2026_tavi6_planned_docx,C:\Users\Mylaptop\Downloads\2026 ბიუჯეტი - თავი VI.DOCX,DOCX table 1,1143,40 00,00 00,1,40 00,საქართველოს სახელმწიფო დაცვის სპეციალური სამსახური,,,,,False,True,საქართველოს სახელმწიფო დაცვის სპეციალური სამსახური,102904.0,110000.0,126500.0,126500.0,0.0,0.0,False,126500000
2026,source.mof_2026_tavi6_planned_docx,C:\Users\Mylaptop\Downloads\2026 ბიუჯეტი - თავი VI.DOCX,DOCX table 1,1144,,,,,,,,,,False,False,მომუშავეთა რიცხოვნობა,4179.0,4179.0,4179.0,4179.0,0.0,0.0,False,4179000
2026,source.mof_2026_tavi6_planned_docx,C:\Users\Mylaptop\Downloads\2026 ბიუჯეტი - თავი VI.DOCX,DOCX table 1,1145,,,,,,,,,,False,False,ხარჯები,88054.0,102591.2,118100.0,118100.0,0.0,0.0,False,118100000
2026,source.mof_2026_tavi6_planned_docx,C:\Users\Mylaptop\Downloads\2026 ბიუჯეტი - თავი VI.DOCX,DOCX table 1,1146,,,,,,,,,,False,False,შრომის ანაზღაურება,68399.7,80665.2,95994.0,95994.0,0.0,0.0,False,95994000
2026,source.mof_2026_tavi6_planned_docx,C:\Users\Mylaptop\Downloads\2026 ბიუჯეტი - თავი VI.DOCX,DOCX table 1,1147,,,,,,,,,,False,False,არაფინანსური აქტივების ზრდა,14849.9,7408.8,8400.0,8400.0,0.0,0.0,False,8400000
2026,source.mof_2026_tavi6_planned_docx,C:\Users\Mylaptop\Downloads\2026 ბიუჯეტი - თავი VI.DOCX,DOCX table 1,1148,40 01,40 00,2,40 00,საქართველოს სახელმწიფო დაცვის სპეციალური სამსახური,40 01,დასაცავ პირთა და ობიექტთა უსაფრთხოების უზრუნველყოფა,,,False,True,დასაცავ პირთა და ობიექტთა უსაფრთხოების უზრუნველყოფა,90762.5,98650.0,114771.0,114771.0,0.0,0.0,True,114771000
2026,source.mof_2026_tavi6_planned_docx,C:\Users\Mylaptop\Downloads\2026 ბიუჯეტი - თავი VI.DOCX,DOCX table 1,1149,,,,,,,,,,False,False,მომუშავეთა რიცხოვნობა,4050.0,4050.0,4050.0,4050.0,0.0,0.0,False,4050000
2026,source.mof_2026_tavi6_planned_docx,C:\Users\Mylaptop\Downloads\2026 ბიუჯეტი - თავი VI.DOCX,DOCX table 1,1150,,,,,,,,,,False,False,ხარჯები,79177.8,91641.2,106771.0,106771.0,0.0,0.0,False,106771000
2026,source.mof_2026_tavi6_planned_docx,C:\Users\Mylaptop\Downloads\2026 ბიუჯეტი - თავი VI.DOCX,DOCX table 1,1151,,,,,,,,,,False,False,შრომის ანაზღაურება,66298.8,78041.2,92991.0,92991.0,0.0,0.0,False,92991000
2026,source.mof_2026_tavi6_planned_docx,C:\Users\Mylaptop\Downloads\2026 ბიუჯეტი - თავი VI.DOCX,DOCX table 1,1152,,,,,,,,,,False,False,არაფინანსური აქტივების ზრდა,11584.7,7008.8,8000.0,8000.0,0.0,0.0,False,8000000
2026,source.mof_2026_tavi6_planned_docx,C:\Users\Mylaptop\Downloads\2026 ბიუჯეტი - თავი VI.DOCX,DOCX table 1,1153,40 02,40 00,2,40 00,საქართველოს სახელმწიფო დაცვის სპეციალური სამსახური,40 02,სახელმწიფო ობიექტების მოვლა-შენახვა,,,False,True,სახელმწიფო ობიექტების მოვლა-შენახვა,10660.0,10750.0,11069.0,11069.0,0.0,0.0,True,11069000
2026,source.mof_2026_tavi6_planned_docx,C:\Users\Mylaptop\Downloads\2026 ბიუჯეტი - თავი VI.DOCX,DOCX table 1,1154,,,,,,,,,,False,False,მომუშავეთა რიცხოვნობა,84.0,84.0,84.0,84.0,0.0,0.0,False,84000
2026,source.mof_2026_tavi6_planned_docx,C:\Users\Mylaptop\Downloads\2026 ბიუჯეტი - თავი VI.DOCX,DOCX table 1,1155,,,,,,,,,,False,False,ხარჯები,8091.0,10350.0,10669.0,10669.0,0.0,0.0,False,10669000
2026,source.mof_2026_tavi6_planned_docx,C:\Users\Mylaptop\Downloads\2026 ბიუჯეტი - თავი VI.DOCX,DOCX table 1,1156,,,,,,,,,,False,False,შრომის ანაზღაურება,1551.0,2024.0,2343.0,2343.0,0.0,0.0,False,2343000
2026,source.mof_2026_tavi6_planned_docx,C:\Users\Mylaptop\Downloads\2026 ბიუჯეტი - თავი VI.DOCX,DOCX table 1,1157,,,,,,,,,,False,False,არაფინანსური აქტივების ზრდა,2569.0,400.0,400.0,400.0,0.0,0.0,False,400000
2026,source.mof_2026_tavi6_planned_docx,C:\Users\Mylaptop\Downloads\2026 ბიუჯეტი - თავი VI.DOCX,DOCX table 1,1158,40 03,40 00,2,40 00,საქართველოს სახელმწიფო დაცვის სპეციალური სამსახური,40 03,სსიპ − სახელისუფლებო სპეციალური კავშირგაბმულობის სააგენტოს ხელშეწყობა,,,False,True,სსიპ − სახელისუფლებო სპეციალური კავშირგაბმულობის სააგენტოს ხელშეწყობა,1481.5,600.0,660.0,660.0,0.0,0.0,True,660000
2026,source.mof_2026_tavi6_planned_docx,C:\Users\Mylaptop\Downloads\2026 ბიუჯეტი - თავი VI.DOCX,DOCX table 1,1159,,,,,,,,,,False,False,მომუშავეთა რიცხოვნობა,45.0,45.0,45.0,45.0,0.0,0.0,False,45000
2026,source.mof_2026_tavi6_planned_docx,C:\Users\Mylaptop\Downloads\2026 ბიუჯეტი - თავი VI.DOCX,DOCX table 1,1160,,,,,,,,,,False,False,ხარჯები,785.2,600.0,660.0,660.0,0.0,0.0,False,660000
2026,source.mof_2026_tavi6_planned_docx,C:\Users\Mylaptop\Downloads\2026 ბიუჯეტი - თავი VI.DOCX,DOCX table 1,1161,,,,,,,,,,False,False,შრომის ანაზღაურება,550.0,600.0,660.0,660.0,0.0,0.0,False,660000
2026,source.mof_2026_tavi6_planned_docx,C:\Users\Mylaptop\Downloads\2026 ბიუჯეტი - თავი VI.DOCX,DOCX table 1,1162,,,,,,,,,,False,False,არაფინანსური აქტივების ზრდა,696.3,0.0,0.0,0.0,0.0,0.0,False,0
2026,source.mof_2026_tavi6_planned_docx,C:\Users\Mylaptop\Downloads\2026 ბიუჯეტი - თავი VI.DOCX,DOCX table 1,1163,41 00,00 00,1,41 00,საქართველოს სახალხო დამცველის აპარატი,,,,,False,True,საქართველოს სახალხო დამცველის აპარატი,10600.4,10300.0,11150.0,11150.0,0.0,0.0,True,11150000
2026,source.mof_2026_tavi6_planned_docx,C:\Users\Mylaptop\Downloads\2026 ბიუჯეტი - თავი VI.DOCX,DOCX table 1,1164,,,,,,,,,,False,False,მომუშავეთა რიცხოვნობა,123.0,123.0,123.0,123.0,0.0,0.0,False,123000
2026,source.mof_2026_tavi6_planned_docx,C:\Users\Mylaptop\Downloads\2026 ბიუჯეტი - თავი VI.DOCX,DOCX table 1,1165,,,,,,,,,,False,False,ხარჯები,8412.2,9675.0,10934.0,10934.0,0.0,0.0,False,10934000
2026,source.mof_2026_tavi6_planned_docx,C:\Users\Mylaptop\Downloads\2026 ბიუჯეტი - თავი VI.DOCX,DOCX table 1,1166,,,,,,,,,,False,False,შრომის ანაზღაურება,5332.4,6500.0,7385.0,7385.0,0.0,0.0,False,7385000
2026,source.mof_2026_tavi6_planned_docx,C:\Users\Mylaptop\Downloads\2026 ბიუჯეტი - თავი VI.DOCX,DOCX table 1,1167,,,,,,,,,,False,False,არაფინანსური აქტივების ზრდა,2188.2,625.0,216.0,216.0,0.0,0.0,False,216000
2026,source.mof_2026_tavi6_planned_docx,C:\Users\Mylaptop\Downloads\2026 ბიუჯეტი - თავი VI.DOCX,DOCX table 1,1168,42 00,00 00,1,42 00,სსიპ – საზოგადოებრივი მაუწყებელი,,,,,False,True,სსიპ – საზოგადოებრივი მაუწყებელი,101201.1,101190.0,101190.0,101190.0,0.0,0.0,True,101190000
2026,source.mof_2026_tavi6_planned_docx,C:\Users\Mylaptop\Downloads\2026 ბიუჯეტი - თავი VI.DOCX,DOCX table 1,1169,,,,,,,,,,False,False,ხარჯები,101201.1,101190.0,101190.0,101190.0,0.0,0.0,False,101190000
2026,source.mof_2026_tavi6_planned_docx,C:\Users\Mylaptop\Downloads\2026 ბიუჯეტი - თავი VI.DOCX,DOCX table 1,1170,43 00,00 00,1,43 00,სსიპ − საქართველოს კონკურენციისა და მომხმარებლის დაცვის სააგენტო,,,,,False,True,სსიპ − საქართველოს კონკურენციისა და მომხმარებლის დაცვის სააგენტო,4708.4,6500.0,7000.0,7000.0,0.0,0.0,True,7000000
2026,source.mof_2026_tavi6_planned_docx,C:\Users\Mylaptop\Downloads\2026 ბიუჯეტი - თავი VI.DOCX,DOCX table 1,1171,,,,,,,,,,False,False,მომუშავეთა რიცხოვნობა,85.0,95.0,92.0,92.0,0.0,0.0,False,92000
2026,source.mof_2026_tavi6_planned_docx,C:\Users\Mylaptop\Downloads\2026 ბიუჯეტი - თავი VI.DOCX,DOCX table 1,1172,,,,,,,,,,False,False,ხარჯები,4669.1,6450.0,6950.0,6950.0,0.0,0.0,False,6950000
2026,source.mof_2026_tavi6_planned_docx,C:\Users\Mylaptop\Downloads\2026 ბიუჯეტი - თავი VI.DOCX,DOCX table 1,1173,,,,,,,,,,False,False,შრომის ანაზღაურება,3525.7,4960.0,5505.0,5505.0,0.0,0.0,False,5505000
2026,source.mof_2026_tavi6_planned_docx,C:\Users\Mylaptop\Downloads\2026 ბიუჯეტი - თავი VI.DOCX,DOCX table 1,1174,,,,,,,,,,False,False,არაფინანსური აქტივების ზრდა,39.3,50.0,50.0,50.0,0.0,0.0,False,50000
2026,source.mof_2026_tavi6_planned_docx,C:\Users\Mylaptop\Downloads\2026 ბიუჯეტი - თავი VI.DOCX,DOCX table 1,1175,44 00,00 00,1,44 00,სსიპ − ანტიკორუფციული ბიურო,,,,,False,True,სსიპ − ანტიკორუფციული ბიურო,5140.8,13200.0,4300.0,4300.0,0.0,0.0,True,4300000
2026,source.mof_2026_tavi6_planned_docx,C:\Users\Mylaptop\Downloads\2026 ბიუჯეტი - თავი VI.DOCX,DOCX table 1,1176,,,,,,,,,,False,False,მომუშავეთა რიცხოვნობა,86.0,121.0,121.0,121.0,0.0,0.0,False,121000
2026,source.mof_2026_tavi6_planned_docx,C:\Users\Mylaptop\Downloads\2026 ბიუჯეტი - თავი VI.DOCX,DOCX table 1,1177,,,,,,,,,,False,False,ხარჯები,4886.4,11165.0,4290.0,4290.0,0.0,0.0,False,4290000
2026,source.mof_2026_tavi6_planned_docx,C:\Users\Mylaptop\Downloads\2026 ბიუჯეტი - თავი VI.DOCX,DOCX table 1,1178,,,,,,,,,,False,False,შრომის ანაზღაურება,1441.5,7793.0,1480.0,1480.0,0.0,0.0,False,1480000
2026,source.mof_2026_tavi6_planned_docx,C:\Users\Mylaptop\Downloads\2026 ბიუჯეტი - თავი VI.DOCX,DOCX table 1,1179,,,,,,,,,,False,False,არაფინანსური აქტივების ზრდა,254.5,2035.0,10.0,10.0,0.0,0.0,False,10000
2026,source.mof_2026_tavi6_planned_docx,C:\Users\Mylaptop\Downloads\2026 ბიუჯეტი - თავი VI.DOCX,DOCX table 1,1180,45 00,00 00,1,45 00,საქართველოს საპატრიარქო,,,,,False,True,საქართველოს საპატრიარქო,24991.2,25000.0,25000.0,25000.0,0.0,0.0,False,25000000
2026,source.mof_2026_tavi6_planned_docx,C:\Users\Mylaptop\Downloads\2026 ბიუჯეტი - თავი VI.DOCX,DOCX table 1,1181,,,,,,,,,,False,False,ხარჯები,24382.8,24197.0,24434.0,24434.0,0.0,0.0,False,24434000
2026,source.mof_2026_tavi6_planned_docx,C:\Users\Mylaptop\Downloads\2026 ბიუჯეტი - თავი VI.DOCX,DOCX table 1,1182,,,,,,,,,,False,False,არაფინანსური აქტივების ზრდა,567.4,750.0,505.0,505.0,0.0,0.0,False,505000
2026,source.mof_2026_tavi6_planned_docx,C:\Users\Mylaptop\Downloads\2026 ბიუჯეტი - თავი VI.DOCX,DOCX table 1,1183,,,,,,,,,,False,False,ვალდებულებების კლება,41.0,53.0,61.0,61.0,0.0,0.0,False,61000
2026,source.mof_2026_tavi6_planned_docx,C:\Users\Mylaptop\Downloads\2026 ბიუჯეტი - თავი VI.DOCX,DOCX table 1,1184,45 01,45 00,2,45 00,საქართველოს საპატრიარქო,45 01,სასულიერო განათლების ხელშეწყობის გრანტი,,,False,True,სასულიერო განათლების ხელშეწყობის გრანტი,14781.4,14790.0,14790.0,14790.0,0.0,0.0,True,14790000
2026,source.mof_2026_tavi6_planned_docx,C:\Users\Mylaptop\Downloads\2026 ბიუჯეტი - თავი VI.DOCX,DOCX table 1,1185,,,,,,,,,,False,False,ხარჯები,14602.0,14650.0,14655.0,14655.0,0.0,0.0,False,14655000
2026,source.mof_2026_tavi6_planned_docx,C:\Users\Mylaptop\Downloads\2026 ბიუჯეტი - თავი VI.DOCX,DOCX table 1,1186,,,,,,,,,,False,False,არაფინანსური აქტივების ზრდა,179.4,140.0,135.0,135.0,0.0,0.0,False,135000
2026,source.mof_2026_tavi6_planned_docx,C:\Users\Mylaptop\Downloads\2026 ბიუჯეტი - თავი VI.DOCX,DOCX table 1,1187,45 02,45 00,2,45 00,საქართველოს საპატრიარქო,45 02,ა(ა)იპ – საქართველოს საპატრიარქოს წმიდა სვიმონ კანანელის სახელობის სასულიერო სწავლების ცენტრი,,,False,True,ა(ა)იპ – საქართველოს საპატრიარქოს წმიდა სვიმონ კანანელის სახელობის სასულიერო სწავლების ცენტრი,645.0,645.0,645.0,645.0,0.0,0.0,True,645000
2026,source.mof_2026_tavi6_planned_docx,C:\Users\Mylaptop\Downloads\2026 ბიუჯეტი - თავი VI.DOCX,DOCX table 1,1188,,,,,,,,,,False,False,ხარჯები,645.0,645.0,645.0,645.0,0.0,0.0,False,645000
2026,source.mof_2026_tavi6_planned_docx,C:\Users\Mylaptop\Downloads\2026 ბიუჯეტი - თავი VI.DOCX,DOCX table 1,1189,45 03,45 00,2,45 00,საქართველოს საპატრიარქო,45 03,ა(ა)იპ – ბათუმისა და ლაზეთის ეპარქიის საგანმანათლებლო ცენტრისათვის გადასაცემი გრანტი,,,False,True,ა(ა)იპ – ბათუმისა და ლაზეთის ეპარქიის საგანმანათლებლო ცენტრისათვის გადასაცემი გრანტი,1768.0,1768.0,1768.0,1768.0,0.0,0.0,True,1768000
2026,source.mof_2026_tavi6_planned_docx,C:\Users\Mylaptop\Downloads\2026 ბიუჯეტი - თავი VI.DOCX,DOCX table 1,1190,,,,,,,,,,False,False,ხარჯები,1520.0,1538.0,1538.0,1538.0,0.0,0.0,False,1538000
2026,source.mof_2026_tavi6_planned_docx,C:\Users\Mylaptop\Downloads\2026 ბიუჯეტი - თავი VI.DOCX,DOCX table 1,1191,,,,,,,,,,False,False,არაფინანსური აქტივების ზრდა,248.0,230.0,230.0,230.0,0.0,0.0,False,230000
2026,source.mof_2026_tavi6_planned_docx,C:\Users\Mylaptop\Downloads\2026 ბიუჯეტი - თავი VI.DOCX,DOCX table 1,1192,45 04,45 00,2,45 00,საქართველოს საპატრიარქო,45 04,ა(ა)იპ – საქართველოს საპატრიარქოს ქ. ნინოწმინდის წმიდა ნინოს მზრუნველობამოკლებულ ბავშვთა პანსიონი,,,False,True,ა(ა)იპ – საქართველოს საპატრიარქოს ქ. ნინოწმინდის წმიდა ნინოს მზრუნველობამოკლებულ ბავშვთა პანსიონი,685.0,685.0,685.0,685.0,0.0,0.0,True,685000
2026,source.mof_2026_tavi6_planned_docx,C:\Users\Mylaptop\Downloads\2026 ბიუჯეტი - თავი VI.DOCX,DOCX table 1,1193,,,,,,,,,,False,False,ხარჯები,685.0,435.0,685.0,685.0,0.0,0.0,False,685000
2026,source.mof_2026_tavi6_planned_docx,C:\Users\Mylaptop\Downloads\2026 ბიუჯეტი - თავი VI.DOCX,DOCX table 1,1194,,,,,,,,,,False,False,არაფინანსური აქტივების ზრდა,0.0,250.0,0.0,0.0,0.0,0.0,False,0
2026,source.mof_2026_tavi6_planned_docx,C:\Users\Mylaptop\Downloads\2026 ბიუჯეტი - თავი VI.DOCX,DOCX table 1,1195,45 05,45 00,2,45 00,საქართველოს საპატრიარქო,45 05,ა(ა)იპ – ბათუმის წმიდა მოწამე ეკატერინეს სახელობის სათნოების სავანისათვის გადასაცემი გრანტი,,,False,True,ა(ა)იპ – ბათუმის წმიდა მოწამე ეკატერინეს სახელობის სათნოების სავანისათვის გადასაცემი გრანტი,261.0,261.0,261.0,261.0,0.0,0.0,True,261000
2026,source.mof_2026_tavi6_planned_docx,C:\Users\Mylaptop\Downloads\2026 ბიუჯეტი - თავი VI.DOCX,DOCX table 1,1196,,,,,,,,,,False,False,ხარჯები,251.0,251.0,251.0,251.0,0.0,0.0,False,251000
2026,source.mof_2026_tavi6_planned_docx,C:\Users\Mylaptop\Downloads\2026 ბიუჯეტი - თავი VI.DOCX,DOCX table 1,1197,,,,,,,,,,False,False,არაფინანსური აქტივების ზრდა,10.0,10.0,10.0,10.0,0.0,0.0,False,10000
2026,source.mof_2026_tavi6_planned_docx,C:\Users\Mylaptop\Downloads\2026 ბიუჯეტი - თავი VI.DOCX,DOCX table 1,1198,45 06,45 00,2,45 00,საქართველოს საპატრიარქო,45 06,ა(ა)იპ – საქართველოს საპატრიარქოს წმიდა ანდრია პირველწოდებულის სახელობის სასულიერო სწავლების ცენტრი,,,False,True,ა(ა)იპ – საქართველოს საპატრიარქოს წმიდა ანდრია პირველწოდებულის სახელობის სასულიერო სწავლების ცენტრი,870.0,870.0,870.0,870.0,0.0,0.0,True,870000
2026,source.mof_2026_tavi6_planned_docx,C:\Users\Mylaptop\Downloads\2026 ბიუჯეტი - თავი VI.DOCX,DOCX table 1,1199,,,,,,,,,,False,False,ხარჯები,870.0,870.0,870.0,870.0,0.0,0.0,False,870000
2026,source.mof_2026_tavi6_planned_docx,C:\Users\Mylaptop\Downloads\2026 ბიუჯეტი - თავი VI.DOCX,DOCX table 1,1200,45 07,45 00,2,45 00,საქართველოს საპატრიარქო,45 07,ა(ა)იპ – წმინდა გიორგი მთაწმინდელის მონასტერთან არსებული სარეაბილიტაციო ცენტრისათვის გადასაცემი გრანტი,,,False,True,ა(ა)იპ – წმინდა გიორგი მთაწმინდელის მონასტერთან არსებული სარეაბილიტაციო ცენტრისათვის გადასაცემი გრანტი,230.0,230.0,230.0,230.0,0.0,0.0,True,230000
2026,source.mof_2026_tavi6_planned_docx,C:\Users\Mylaptop\Downloads\2026 ბიუჯეტი - თავი VI.DOCX,DOCX table 1,1201,,,,,,,,,,False,False,ხარჯები,230.0,230.0,230.0,230.0,0.0,0.0,False,230000
2026,source.mof_2026_tavi6_planned_docx,C:\Users\Mylaptop\Downloads\2026 ბიუჯეტი - თავი VI.DOCX,DOCX table 1,1202,45 08,45 00,2,45 00,საქართველოს საპატრიარქო,45 08,ა(ა)იპ – საქართველოს საპატრიარქოს წმიდა ანდრია პირველწოდებულის სახელობის ქართული უნივერსიტეტისათვის გადასაცემი გრანტი,,,False,True,ა(ა)იპ – საქართველოს საპატრიარქოს წმიდა ანდრია პირველწოდებულის სახელობის ქართული უნივერსიტეტისათვის გადასაცემი გრანტი,1893.0,1893.0,1893.0,1893.0,0.0,0.0,True,1893000
2026,source.mof_2026_tavi6_planned_docx,C:\Users\Mylaptop\Downloads\2026 ბიუჯეტი - თავი VI.DOCX,DOCX table 1,1203,,,,,,,,,,False,False,ხარჯები,1893.0,1893.0,1893.0,1893.0,0.0,0.0,False,1893000
2026,source.mof_2026_tavi6_planned_docx,C:\Users\Mylaptop\Downloads\2026 ბიუჯეტი - თავი VI.DOCX,DOCX table 1,1204,45 09,45 00,2,45 00,საქართველოს საპატრიარქო,45 09,ა(ა)იპ – საქართველოს საპატრიარქოს წმიდა ტბელ აბუსერისძის სახელობის სასწავლო უნივერსიტეტისათვის გადასაცემი გრანტი,,,False,True,ა(ა)იპ – საქართველოს საპატრიარქოს წმიდა ტბელ აბუსერისძის სახელობის სასწავლო უნივერსიტეტისათვის გადასაცემი გრანტი,1804.9,1805.0,1805.0,1805.0,0.0,0.0,True,1805000
2026,source.mof_2026_tavi6_planned_docx,C:\Users\Mylaptop\Downloads\2026 ბიუჯეტი - თავი VI.DOCX,DOCX table 1,1205,,,,,,,,,,False,False,ხარჯები,1774.9,1775.0,1775.0,1775.0,0.0,0.0,False,1775000
2026,source.mof_2026_tavi6_planned_docx,C:\Users\Mylaptop\Downloads\2026 ბიუჯეტი - თავი VI.DOCX,DOCX table 1,1206,,,,,,,,,,False,False,არაფინანსური აქტივების ზრდა,30.0,30.0,30.0,30.0,0.0,0.0,False,30000
2026,source.mof_2026_tavi6_planned_docx,C:\Users\Mylaptop\Downloads\2026 ბიუჯეტი - თავი VI.DOCX,DOCX table 1,1207,45 10,45 00,2,45 00,საქართველოს საპატრიარქო,45 10,სმენადაქვეითებულ ბავშვთა რეაბილიტაციისა და ადაპტაციის მხარდაჭერა,,,False,True,სმენადაქვეითებულ ბავშვთა რეაბილიტაციისა და ადაპტაციის მხარდაჭერა,100.0,100.0,100.0,100.0,0.0,0.0,True,100000
2026,source.mof_2026_tavi6_planned_docx,C:\Users\Mylaptop\Downloads\2026 ბიუჯეტი - თავი VI.DOCX,DOCX table 1,1208,,,,,,,,,,False,False,ხარჯები,100.0,100.0,100.0,100.0,0.0,0.0,False,100000
2026,source.mof_2026_tavi6_planned_docx,C:\Users\Mylaptop\Downloads\2026 ბიუჯეტი - თავი VI.DOCX,DOCX table 1,1209,45 11,45 00,2,45 00,საქართველოს საპატრიარქო,45 11,საქართველოს საპატრიარქოს ტელევიზიის სუბსიდირების ღონისძიებები,,,False,True,საქართველოს საპატრიარქოს ტელევიზიის სუბსიდირების ღონისძიებები,800.0,800.0,800.0,800.0,0.0,0.0,True,800000
2026,source.mof_2026_tavi6_planned_docx,C:\Users\Mylaptop\Downloads\2026 ბიუჯეტი - თავი VI.DOCX,DOCX table 1,1210,,,,,,,,,,False,False,ხარჯები,800.0,800.0,800.0,800.0,0.0,0.0,False,800000
2026,source.mof_2026_tavi6_planned_docx,C:\Users\Mylaptop\Downloads\2026 ბიუჯეტი - თავი VI.DOCX,DOCX table 1,1211,45 12,45 00,2,45 00,საქართველოს საპატრიარქო,45 12,ა(ა)იპ – ახალქალაქისა და კუმურდოს ეპარქიის სასწავლო ცენტრისათვის გადასაცემი გრანტი,,,False,True,ა(ა)იპ – ახალქალაქისა და კუმურდოს ეპარქიის სასწავლო ცენტრისათვის გადასაცემი გრანტი,500.0,500.0,500.0,500.0,0.0,0.0,True,500000
2026,source.mof_2026_tavi6_planned_docx,C:\Users\Mylaptop\Downloads\2026 ბიუჯეტი - თავი VI.DOCX,DOCX table 1,1212,,,,,,,,,,False,False,ხარჯები,359.0,357.0,339.0,339.0,0.0,0.0,False,339000
2026,source.mof_2026_tavi6_planned_docx,C:\Users\Mylaptop\Downloads\2026 ბიუჯეტი - თავი VI.DOCX,DOCX table 1,1213,,,,,,,,,,False,False,არაფინანსური აქტივების ზრდა,100.0,90.0,100.0,100.0,0.0,0.0,False,100000
2026,source.mof_2026_tavi6_planned_docx,C:\Users\Mylaptop\Downloads\2026 ბიუჯეტი - თავი VI.DOCX,DOCX table 1,1214,,,,,,,,,,False,False,ვალდებულებების კლება,41.0,53.0,61.0,61.0,0.0,0.0,False,61000
2026,source.mof_2026_tavi6_planned_docx,C:\Users\Mylaptop\Downloads\2026 ბიუჯეტი - თავი VI.DOCX,DOCX table 1,1215,45 13,45 00,2,45 00,საქართველოს საპატრიარქო,45 13,ა(ა)იპ – ფოთის საგანმანათლებლო და კულტურულ-გამაჯანსაღებელი ცენტრი,,,False,True,ა(ა)იპ – ფოთის საგანმანათლებლო და კულტურულ-გამაჯანსაღებელი ცენტრი,653.0,653.0,653.0,653.0,0.0,0.0,True,653000
2026,source.mof_2026_tavi6_planned_docx,C:\Users\Mylaptop\Downloads\2026 ბიუჯეტი - თავი VI.DOCX,DOCX table 1,1216,,,,,,,,,,False,False,ხარჯები,653.0,653.0,653.0,653.0,0.0,0.0,False,653000
2026,source.mof_2026_tavi6_planned_docx,C:\Users\Mylaptop\Downloads\2026 ბიუჯეტი - თავი VI.DOCX,DOCX table 1,1217,46 00,00 00,1,46 00,სსიპ – ლევან სამხარაულის სახელობის სასამართლო ექსპერტიზის ეროვნული ბიურო,,,,,False,True,სსიპ – ლევან სამხარაულის სახელობის სასამართლო ექსპერტიზის ეროვნული ბიურო,15000.0,18000.0,21000.0,21000.0,0.0,0.0,True,21000000
2026,source.mof_2026_tavi6_planned_docx,C:\Users\Mylaptop\Downloads\2026 ბიუჯეტი - თავი VI.DOCX,DOCX table 1,1218,,,,,,,,,,False,False,ხარჯები,11250.0,15160.0,18250.0,18250.0,0.0,0.0,False,18250000
2026,source.mof_2026_tavi6_planned_docx,C:\Users\Mylaptop\Downloads\2026 ბიუჯეტი - თავი VI.DOCX,DOCX table 1,1219,,,,,,,,,,False,False,არაფინანსური აქტივების ზრდა,3750.0,2840.0,2750.0,2750.0,0.0,0.0,False,2750000
2026,source.mof_2026_tavi6_planned_docx,C:\Users\Mylaptop\Downloads\2026 ბიუჯეტი - თავი VI.DOCX,DOCX table 1,1220,47 00,00 00,1,47 00,სსიპ – საქართველოს სტატისტიკის ეროვნული სამსახური – საქსტატი,,,,,False,True,სსიპ – საქართველოს სტატისტიკის ეროვნული სამსახური – საქსტატი,23604.1,28000.0,19000.0,19000.0,0.0,0.0,False,19000000
2026,source.mof_2026_tavi6_planned_docx,C:\Users\Mylaptop\Downloads\2026 ბიუჯეტი - თავი VI.DOCX,DOCX table 1,1221,,,,,,,,,,False,False,მომუშავეთა რიცხოვნობა,213.0,213.0,213.0,213.0,0.0,0.0,False,213000
2026,source.mof_2026_tavi6_planned_docx,C:\Users\Mylaptop\Downloads\2026 ბიუჯეტი - თავი VI.DOCX,DOCX table 1,1222,,,,,,,,,,False,False,ხარჯები,22013.3,27900.0,18900.0,18900.0,0.0,0.0,False,18900000
2026,source.mof_2026_tavi6_planned_docx,C:\Users\Mylaptop\Downloads\2026 ბიუჯეტი - თავი VI.DOCX,DOCX table 1,1223,,,,,,,,,,False,False,შრომის ანაზღაურება,6964.7,7817.6,8320.0,8320.0,0.0,0.0,False,8320000
2026,source.mof_2026_tavi6_planned_docx,C:\Users\Mylaptop\Downloads\2026 ბიუჯეტი - თავი VI.DOCX,DOCX table 1,1224,,,,,,,,,,False,False,არაფინანსური აქტივების ზრდა,1590.8,100.0,100.0,100.0,0.0,0.0,False,100000
2026,source.mof_2026_tavi6_planned_docx,C:\Users\Mylaptop\Downloads\2026 ბიუჯეტი - თავი VI.DOCX,DOCX table 1,1225,47 01,47 00,2,47 00,სსიპ – საქართველოს სტატისტიკის ეროვნული სამსახური – საქსტატი,47 01,სტატისტიკური სამუშაოების დაგეგმვა და მართვა,,,False,True,სტატისტიკური სამუშაოების დაგეგმვა და მართვა,9196.3,10000.0,10600.0,10600.0,0.0,0.0,True,10600000
2026,source.mof_2026_tavi6_planned_docx,C:\Users\Mylaptop\Downloads\2026 ბიუჯეტი - თავი VI.DOCX,DOCX table 1,1226,,,,,,,,,,False,False,მომუშავეთა რიცხოვნობა,213.0,213.0,213.0,213.0,0.0,0.0,False,213000
2026,source.mof_2026_tavi6_planned_docx,C:\Users\Mylaptop\Downloads\2026 ბიუჯეტი - თავი VI.DOCX,DOCX table 1,1227,,,,,,,,,,False,False,ხარჯები,8445.0,9900.0,10500.0,10500.0,0.0,0.0,False,10500000
2026,source.mof_2026_tavi6_planned_docx,C:\Users\Mylaptop\Downloads\2026 ბიუჯეტი - თავი VI.DOCX,DOCX table 1,1228,,,,,,,,,,False,False,შრომის ანაზღაურება,6964.7,7817.6,8320.0,8320.0,0.0,0.0,False,8320000
2026,source.mof_2026_tavi6_planned_docx,C:\Users\Mylaptop\Downloads\2026 ბიუჯეტი - თავი VI.DOCX,DOCX table 1,1229,,,,,,,,,,False,False,არაფინანსური აქტივების ზრდა,751.2,100.0,100.0,100.0,0.0,0.0,False,100000
2026,source.mof_2026_tavi6_planned_docx,C:\Users\Mylaptop\Downloads\2026 ბიუჯეტი - თავი VI.DOCX,DOCX table 1,1230,47 02,47 00,2,47 00,სსიპ – საქართველოს სტატისტიკის ეროვნული სამსახური – საქსტატი,47 02,სტატისტიკური სამუშაოების სახელმწიფო პროგრამა,,,False,True,სტატისტიკური სამუშაოების სახელმწიფო პროგრამა,5976.3,6500.0,7500.0,7500.0,0.0,0.0,True,7500000
2026,source.mof_2026_tavi6_planned_docx,C:\Users\Mylaptop\Downloads\2026 ბიუჯეტი - თავი VI.DOCX,DOCX table 1,1231,,,,,,,,,,False,False,ხარჯები,5976.3,6500.0,7500.0,7500.0,0.0,0.0,False,7500000
2026,source.mof_2026_tavi6_planned_docx,C:\Users\Mylaptop\Downloads\2026 ბიუჯეტი - თავი VI.DOCX,DOCX table 1,1232,47 03,47 00,2,47 00,სსიპ – საქართველოს სტატისტიკის ეროვნული სამსახური – საქსტატი,47 03,მოსახლეობისა და საცხოვრისების საყოველთაო აღწერა,,,False,True,მოსახლეობისა და საცხოვრისების საყოველთაო აღწერა,8431.5,11500.0,900.0,900.0,0.0,0.0,True,900000
2026,source.mof_2026_tavi6_planned_docx,C:\Users\Mylaptop\Downloads\2026 ბიუჯეტი - თავი VI.DOCX,DOCX table 1,1233,,,,,,,,,,False,False,ხარჯები,7591.9,11500.0,900.0,900.0,0.0,0.0,False,900000
2026,source.mof_2026_tavi6_planned_docx,C:\Users\Mylaptop\Downloads\2026 ბიუჯეტი - თავი VI.DOCX,DOCX table 1,1234,,,,,,,,,,False,False,არაფინანსური აქტივების ზრდა,839.6,0.0,0.0,0.0,0.0,0.0,False,0
2026,source.mof_2026_tavi6_planned_docx,C:\Users\Mylaptop\Downloads\2026 ბიუჯეტი - თავი VI.DOCX,DOCX table 1,1235,48 00,00 00,1,48 00,სსიპ − საქართველოს მეცნიერებათა ეროვნული აკადემია,,,,,False,True,სსიპ − საქართველოს მეცნიერებათა ეროვნული აკადემია,5160.2,5800.0,6700.0,6700.0,0.0,0.0,True,6700000
2026,source.mof_2026_tavi6_planned_docx,C:\Users\Mylaptop\Downloads\2026 ბიუჯეტი - თავი VI.DOCX,DOCX table 1,1236,,,,,,,,,,False,False,მომუშავეთა რიცხოვნობა,164.0,164.0,164.0,164.0,0.0,0.0,False,164000
2026,source.mof_2026_tavi6_planned_docx,C:\Users\Mylaptop\Downloads\2026 ბიუჯეტი - თავი VI.DOCX,DOCX table 1,1237,,,,,,,,,,False,False,ხარჯები,5160.2,5800.0,6700.0,6700.0,0.0,0.0,False,6700000
2026,source.mof_2026_tavi6_planned_docx,C:\Users\Mylaptop\Downloads\2026 ბიუჯეტი - თავი VI.DOCX,DOCX table 1,1238,,,,,,,,,,False,False,შრომის ანაზღაურება,2483.9,2723.0,2981.0,2981.0,0.0,0.0,False,2981000
2026,source.mof_2026_tavi6_planned_docx,C:\Users\Mylaptop\Downloads\2026 ბიუჯეტი - თავი VI.DOCX,DOCX table 1,1239,49 00,00 00,1,49 00,საქართველოს სავაჭრო-სამრეწველო პალატა,,,,,False,True,საქართველოს სავაჭრო-სამრეწველო პალატა,3275.3,2300.0,2450.0,2450.0,0.0,0.0,True,2450000
2026,source.mof_2026_tavi6_planned_docx,C:\Users\Mylaptop\Downloads\2026 ბიუჯეტი - თავი VI.DOCX,DOCX table 1,1240,,,,,,,,,,False,False,მომუშავეთა რიცხოვნობა,51.0,51.0,51.0,51.0,0.0,0.0,False,51000
2026,source.mof_2026_tavi6_planned_docx,C:\Users\Mylaptop\Downloads\2026 ბიუჯეტი - თავი VI.DOCX,DOCX table 1,1241,,,,,,,,,,False,False,ხარჯები,3217.5,2240.0,2390.0,2390.0,0.0,0.0,False,2390000
2026,source.mof_2026_tavi6_planned_docx,C:\Users\Mylaptop\Downloads\2026 ბიუჯეტი - თავი VI.DOCX,DOCX table 1,1242,,,,,,,,,,False,False,შრომის ანაზღაურება,1144.4,1273.0,1406.0,1406.0,0.0,0.0,False,1406000
2026,source.mof_2026_tavi6_planned_docx,C:\Users\Mylaptop\Downloads\2026 ბიუჯეტი - თავი VI.DOCX,DOCX table 1,1243,,,,,,,,,,False,False,არაფინანსური აქტივების ზრდა,57.8,60.0,60.0,60.0,0.0,0.0,False,60000
2026,source.mof_2026_tavi6_planned_docx,C:\Users\Mylaptop\Downloads\2026 ბიუჯეტი - თავი VI.DOCX,DOCX table 1,1244,50 00,00 00,1,50 00,სსიპ − რელიგიის საკითხთა სახელმწიფო სააგენტო,,,,,False,True,სსიპ − რელიგიის საკითხთა სახელმწიფო სააგენტო,7459.6,7600.0,7700.0,7700.0,0.0,0.0,True,7700000
2026,source.mof_2026_tavi6_planned_docx,C:\Users\Mylaptop\Downloads\2026 ბიუჯეტი - თავი VI.DOCX,DOCX table 1,1245,,,,,,,,,,False,False,მომუშავეთა რიცხოვნობა,22.0,22.0,22.0,22.0,0.0,0.0,False,22000
2026,source.mof_2026_tavi6_planned_docx,C:\Users\Mylaptop\Downloads\2026 ბიუჯეტი - თავი VI.DOCX,DOCX table 1,1246,,,,,,,,,,False,False,ხარჯები,7458.6,7593.0,7693.0,7693.0,0.0,0.0,False,7693000
2026,source.mof_2026_tavi6_planned_docx,C:\Users\Mylaptop\Downloads\2026 ბიუჯეტი - თავი VI.DOCX,DOCX table 1,1247,,,,,,,,,,False,False,შრომის ანაზღაურება,750.7,861.0,937.0,937.0,0.0,0.0,False,937000
2026,source.mof_2026_tavi6_planned_docx,C:\Users\Mylaptop\Downloads\2026 ბიუჯეტი - თავი VI.DOCX,DOCX table 1,1248,,,,,,,,,,False,False,არაფინანსური აქტივების ზრდა,1.0,7.0,7.0,7.0,0.0,0.0,False,7000
2026,source.mof_2026_tavi6_planned_docx,C:\Users\Mylaptop\Downloads\2026 ბიუჯეტი - თავი VI.DOCX,DOCX table 1,1249,51 00,00 00,1,51 00,სსიპ − სახელმწიფო გრანტის მართვის სააგენტო,,,,,False,True,სსიპ − სახელმწიფო გრანტის მართვის სააგენტო,0.0,0.0,1650.0,1650.0,0.0,0.0,True,1650000
2026,source.mof_2026_tavi6_planned_docx,C:\Users\Mylaptop\Downloads\2026 ბიუჯეტი - თავი VI.DOCX,DOCX table 1,1250,,,,,,,,,,False,False,მომუშავეთა რიცხოვნობა,0.0,0.0,16.0,16.0,0.0,0.0,False,16000
2026,source.mof_2026_tavi6_planned_docx,C:\Users\Mylaptop\Downloads\2026 ბიუჯეტი - თავი VI.DOCX,DOCX table 1,1251,,,,,,,,,,False,False,ხარჯები,0.0,0.0,1624.0,1624.0,0.0,0.0,False,1624000
2026,source.mof_2026_tavi6_planned_docx,C:\Users\Mylaptop\Downloads\2026 ბიუჯეტი - თავი VI.DOCX,DOCX table 1,1252,,,,,,,,,,False,False,შრომის ანაზღაურება,0.0,0.0,1122.0,1122.0,0.0,0.0,False,1122000
2026,source.mof_2026_tavi6_planned_docx,C:\Users\Mylaptop\Downloads\2026 ბიუჯეტი - თავი VI.DOCX,DOCX table 1,1253,,,,,,,,,,False,False,არაფინანსური აქტივების ზრდა,0.0,0.0,26.0,26.0,0.0,0.0,False,26000
2026,source.mof_2026_tavi6_planned_docx,C:\Users\Mylaptop\Downloads\2026 ბიუჯეტი - თავი VI.DOCX,DOCX table 1,1254,52 00,00 00,1,52 00,სსიპ − სახელმწიფო ენის დეპარტამენტი,,,,,False,True,სსიპ − სახელმწიფო ენის დეპარტამენტი,1032.8,1150.0,1200.0,1200.0,0.0,0.0,True,1200000
2026,source.mof_2026_tavi6_planned_docx,C:\Users\Mylaptop\Downloads\2026 ბიუჯეტი - თავი VI.DOCX,DOCX table 1,1255,,,,,,,,,,False,False,მომუშავეთა რიცხოვნობა,14.0,14.0,14.0,14.0,0.0,0.0,False,14000
2026,source.mof_2026_tavi6_planned_docx,C:\Users\Mylaptop\Downloads\2026 ბიუჯეტი - თავი VI.DOCX,DOCX table 1,1256,,,,,,,,,,False,False,ხარჯები,947.2,1150.0,1200.0,1200.0,0.0,0.0,False,1200000
2026,source.mof_2026_tavi6_planned_docx,C:\Users\Mylaptop\Downloads\2026 ბიუჯეტი - თავი VI.DOCX,DOCX table 1,1257,,,,,,,,,,False,False,შრომის ანაზღაურება,540.5,622.0,674.0,674.0,0.0,0.0,False,674000
2026,source.mof_2026_tavi6_planned_docx,C:\Users\Mylaptop\Downloads\2026 ბიუჯეტი - თავი VI.DOCX,DOCX table 1,1258,,,,,,,,,,False,False,არაფინანსური აქტივების ზრდა,85.7,0.0,0.0,0.0,0.0,0.0,False,0
2026,source.mof_2026_tavi6_planned_docx,C:\Users\Mylaptop\Downloads\2026 ბიუჯეტი - თავი VI.DOCX,DOCX table 1,1259,53 00,00 00,1,53 00,სსიპ − საჯარო და კერძო თანამშრომლობის სააგენტო,,,,,False,True,სსიპ − საჯარო და კერძო თანამშრომლობის სააგენტო,363.5,700.0,700.0,700.0,0.0,0.0,True,700000
2026,source.mof_2026_tavi6_planned_docx,C:\Users\Mylaptop\Downloads\2026 ბიუჯეტი - თავი VI.DOCX,DOCX table 1,1260,,,,,,,,,,False,False,მომუშავეთა რიცხოვნობა,10.0,10.0,10.0,10.0,0.0,0.0,False,10000
2026,source.mof_2026_tavi6_planned_docx,C:\Users\Mylaptop\Downloads\2026 ბიუჯეტი - თავი VI.DOCX,DOCX table 1,1261,,,,,,,,,,False,False,ხარჯები,363.5,700.0,700.0,700.0,0.0,0.0,False,700000
2026,source.mof_2026_tavi6_planned_docx,C:\Users\Mylaptop\Downloads\2026 ბიუჯეტი - თავი VI.DOCX,DOCX table 1,1262,,,,,,,,,,False,False,შრომის ანაზღაურება,237.9,484.0,522.0,522.0,0.0,0.0,False,522000
2026,source.mof_2026_tavi6_planned_docx,C:\Users\Mylaptop\Downloads\2026 ბიუჯეტი - თავი VI.DOCX,DOCX table 1,1263,54 00,00 00,1,54 00,საერთო-სახელმწიფოებრივი მნიშვნელობის გადასახდელები,,,,,False,True,საერთო-სახელმწიფოებრივი მნიშვნელობის გადასახდელები,4586334.8,5400250.0,7274130.0,6977680.0,29950.0,266500.0,False,7274130000
2026,source.mof_2026_tavi6_planned_docx,C:\Users\Mylaptop\Downloads\2026 ბიუჯეტი - თავი VI.DOCX,DOCX table 1,1264,,,,,,,,,,False,False,ხარჯები,3256262.9,3865050.0,4109130.0,4062680.0,29950.0,16500.0,False,4109130000
2026,source.mof_2026_tavi6_planned_docx,C:\Users\Mylaptop\Downloads\2026 ბიუჯეტი - თავი VI.DOCX,DOCX table 1,1265,,,,,,,,,,False,False,არაფინანსური აქტივების ზრდა,0.0,2500.0,0.0,0.0,0.0,0.0,False,0
2026,source.mof_2026_tavi6_planned_docx,C:\Users\Mylaptop\Downloads\2026 ბიუჯეტი - თავი VI.DOCX,DOCX table 1,1266,,,,,,,,,,False,False,ფინანსური აქტივების ზრდა,51036.6,122700.0,250000.0,0.0,0.0,250000.0,False,250000000
2026,source.mof_2026_tavi6_planned_docx,C:\Users\Mylaptop\Downloads\2026 ბიუჯეტი - თავი VI.DOCX,DOCX table 1,1267,,,,,,,,,,False,False,ვალდებულებების კლება,1279035.3,1410000.0,2915000.0,2915000.0,0.0,0.0,False,2915000000
2026,source.mof_2026_tavi6_planned_docx,C:\Users\Mylaptop\Downloads\2026 ბიუჯეტი - თავი VI.DOCX,DOCX table 1,1268,54 01,54 00,2,54 00,საერთო-სახელმწიფოებრივი მნიშვნელობის გადასახდელები,54 01,საგარეო სახელმწიფო ვალდებულებების მომსახურება და დაფარვა,,,False,True,საგარეო სახელმწიფო ვალდებულებების მომსახურება და დაფარვა,1957120.5,2215000.0,3643000.0,3643000.0,0.0,0.0,True,3643000000
2026,source.mof_2026_tavi6_planned_docx,C:\Users\Mylaptop\Downloads\2026 ბიუჯეტი - თავი VI.DOCX,DOCX table 1,1269,,,,,,,,,,False,False,ხარჯები,718085.2,845000.0,768000.0,768000.0,0.0,0.0,False,768000000
2026,source.mof_2026_tavi6_planned_docx,C:\Users\Mylaptop\Downloads\2026 ბიუჯეტი - თავი VI.DOCX,DOCX table 1,1270,,,,,,,,,,False,False,ვალდებულებების კლება,1239035.3,1370000.0,2875000.0,2875000.0,0.0,0.0,False,2875000000
2026,source.mof_2026_tavi6_planned_docx,C:\Users\Mylaptop\Downloads\2026 ბიუჯეტი - თავი VI.DOCX,DOCX table 1,1271,54 02,54 00,2,54 00,საერთო-სახელმწიფოებრივი მნიშვნელობის გადასახდელები,54 02,საშინაო სახელმწიფო ვალდებულებების მომსახურება და დაფარვა,,,False,True,საშინაო სახელმწიფო ვალდებულებების მომსახურება და დაფარვა,794291.8,940000.0,1090000.0,1090000.0,0.0,0.0,True,1090000000
2026,source.mof_2026_tavi6_planned_docx,C:\Users\Mylaptop\Downloads\2026 ბიუჯეტი - თავი VI.DOCX,DOCX table 1,1272,,,,,,,,,,False,False,ხარჯები,754291.8,900000.0,1050000.0,1050000.0,0.0,0.0,False,1050000000
2026,source.mof_2026_tavi6_planned_docx,C:\Users\Mylaptop\Downloads\2026 ბიუჯეტი - თავი VI.DOCX,DOCX table 1,1273,,,,,,,,,,False,False,ვალდებულებების კლება,40000.0,40000.0,40000.0,40000.0,0.0,0.0,False,40000000
2026,source.mof_2026_tavi6_planned_docx,C:\Users\Mylaptop\Downloads\2026 ბიუჯეტი - თავი VI.DOCX,DOCX table 1,1274,54 03,54 00,2,54 00,საერთო-სახელმწიფოებრივი მნიშვნელობის გადასახდელები,54 03,საერთაშორისო საფინანსო ორგანიზაციებთან თანამშრომლობიდან გამომდინარე ვალდებულებები,,,False,True,საერთაშორისო საფინანსო ორგანიზაციებთან თანამშრომლობიდან გამომდინარე ვალდებულებები,10239.3,13500.0,15000.0,15000.0,0.0,0.0,True,15000000
2026,source.mof_2026_tavi6_planned_docx,C:\Users\Mylaptop\Downloads\2026 ბიუჯეტი - თავი VI.DOCX,DOCX table 1,1275,,,,,,,,,,False,False,ხარჯები,10239.3,13500.0,15000.0,15000.0,0.0,0.0,False,15000000
2026,source.mof_2026_tavi6_planned_docx,C:\Users\Mylaptop\Downloads\2026 ბიუჯეტი - თავი VI.DOCX,DOCX table 1,1276,54 04,54 00,2,54 00,საერთო-სახელმწიფოებრივი მნიშვნელობის გადასახდელები,54 04,ავტონომიური რესპუბლიკებისა და მუნიციპალიტეტებისათვის გადასაცემი ტრანსფერები,,,False,True,ავტონომიური რესპუბლიკებისა და მუნიციპალიტეტებისათვის გადასაცემი ტრანსფერები,1345354.8,665800.0,742000.0,742000.0,0.0,0.0,False,742000000
2026,source.mof_2026_tavi6_planned_docx,C:\Users\Mylaptop\Downloads\2026 ბიუჯეტი - თავი VI.DOCX,DOCX table 1,1277,,,,,,,,,,False,False,ხარჯები,1339399.6,665800.0,742000.0,742000.0,0.0,0.0,False,742000000
2026,source.mof_2026_tavi6_planned_docx,C:\Users\Mylaptop\Downloads\2026 ბიუჯეტი - თავი VI.DOCX,DOCX table 1,1278,,,,,,,,,,False,False,ფინანსური აქტივების ზრდა,5955.3,0.0,0.0,0.0,0.0,0.0,False,0
2026,source.mof_2026_tavi6_planned_docx,C:\Users\Mylaptop\Downloads\2026 ბიუჯეტი - თავი VI.DOCX,DOCX table 1,1279,54 04 01,54 04,3,54 00,საერთო-სახელმწიფოებრივი მნიშვნელობის გადასახდელები,54 04,ავტონომიური რესპუბლიკებისა და მუნიციპალიტეტებისათვის გადასაცემი ტრანსფერები,54 04 01,ავტონომიური რესპუბლიკებისათვის გადასაცემი ტრანსფერები,False,True,ავტონომიური რესპუბლიკებისათვის გადასაცემი ტრანსფერები,17000.0,20000.0,22000.0,22000.0,0.0,0.0,True,22000000
2026,source.mof_2026_tavi6_planned_docx,C:\Users\Mylaptop\Downloads\2026 ბიუჯეტი - თავი VI.DOCX,DOCX table 1,1280,,,,,,,,,,False,False,ხარჯები,17000.0,20000.0,22000.0,22000.0,0.0,0.0,False,22000000
2026,source.mof_2026_tavi6_planned_docx,C:\Users\Mylaptop\Downloads\2026 ბიუჯეტი - თავი VI.DOCX,DOCX table 1,1281,54 04 02,54 04,3,54 00,საერთო-სახელმწიფოებრივი მნიშვნელობის გადასახდელები,54 04,ავტონომიური რესპუბლიკებისა და მუნიციპალიტეტებისათვის გადასაცემი ტრანსფერები,54 04 02,მუნიციპალიტეტებისათვის გადასაცემი ტრანსფერები,False,True,მუნიციპალიტეტებისათვის გადასაცემი ტრანსფერები,1328354.8,645800.0,720000.0,720000.0,0.0,0.0,True,720000000
2026,source.mof_2026_tavi6_planned_docx,C:\Users\Mylaptop\Downloads\2026 ბიუჯეტი - თავი VI.DOCX,DOCX table 1,1282,,,,,,,,,,False,False,ხარჯები,1322399.6,645800.0,720000.0,720000.0,0.0,0.0,False,720000000
2026,source.mof_2026_tavi6_planned_docx,C:\Users\Mylaptop\Downloads\2026 ბიუჯეტი - თავი VI.DOCX,DOCX table 1,1283,,,,,,,,,,False,False,ფინანსური აქტივების ზრდა,5955.3,0.0,0.0,0.0,0.0,0.0,False,0
2026,source.mof_2026_tavi6_planned_docx,C:\Users\Mylaptop\Downloads\2026 ბიუჯეტი - თავი VI.DOCX,DOCX table 1,1284,54 05,54 00,2,54 00,საერთო-სახელმწიფოებრივი მნიშვნელობის გადასახდელები,54 05,საქართველოს მთავრობის სარეზერვო ფონდი,,,False,True,საქართველოს მთავრობის სარეზერვო ფონდი,0.0,90000.0,90000.0,90000.0,0.0,0.0,True,90000000
2026,source.mof_2026_tavi6_planned_docx,C:\Users\Mylaptop\Downloads\2026 ბიუჯეტი - თავი VI.DOCX,DOCX table 1,1285,,,,,,,,,,False,False,ხარჯები,0.0,90000.0,90000.0,90000.0,0.0,0.0,False,90000000
2026,source.mof_2026_tavi6_planned_docx,C:\Users\Mylaptop\Downloads\2026 ბიუჯეტი - თავი VI.DOCX,DOCX table 1,1286,54 06,54 00,2,54 00,საერთო-სახელმწიფოებრივი მნიშვნელობის გადასახდელები,54 06,წინა წლებში წარმოქმნილი დავალიანების დაფარვისა და სასამართლო გადაწყვეტილებების აღსრულების ფონდი,,,False,True,წინა წლებში წარმოქმნილი დავალიანების დაფარვისა და სასამართლო გადაწყვეტილებების აღსრულების ფონდი,5155.9,10000.0,20000.0,20000.0,0.0,0.0,True,20000000
2026,source.mof_2026_tavi6_planned_docx,C:\Users\Mylaptop\Downloads\2026 ბიუჯეტი - თავი VI.DOCX,DOCX table 1,1287,,,,,,,,,,False,False,ხარჯები,5155.9,10000.0,20000.0,20000.0,0.0,0.0,False,20000000
2026,source.mof_2026_tavi6_planned_docx,C:\Users\Mylaptop\Downloads\2026 ბიუჯეტი - თავი VI.DOCX,DOCX table 1,1288,54 07,54 00,2,54 00,საერთო-სახელმწიფოებრივი მნიშვნელობის გადასახდელები,54 07,საქართველოს რეგიონებში განსახორციელებელი პროექტების ფონდი,,,False,True,საქართველოს რეგიონებში განსახორციელებელი პროექტების ფონდი,0.0,760000.0,760000.0,760000.0,0.0,0.0,True,760000000
2026,source.mof_2026_tavi6_planned_docx,C:\Users\Mylaptop\Downloads\2026 ბიუჯეტი - თავი VI.DOCX,DOCX table 1,1289,,,,,,,,,,False,False,ხარჯები,0.0,760000.0,760000.0,760000.0,0.0,0.0,False,760000000
2026,source.mof_2026_tavi6_planned_docx,C:\Users\Mylaptop\Downloads\2026 ბიუჯეტი - თავი VI.DOCX,DOCX table 1,1290,54 08,54 00,2,54 00,საერთო-სახელმწიფოებრივი მნიშვნელობის გადასახდელები,54 08,მაღალმთიანი დასახლებების განვითარების ფონდი,,,False,True,მაღალმთიანი დასახლებების განვითარების ფონდი,0.0,20000.0,20000.0,20000.0,0.0,0.0,True,20000000
2026,source.mof_2026_tavi6_planned_docx,C:\Users\Mylaptop\Downloads\2026 ბიუჯეტი - თავი VI.DOCX,DOCX table 1,1291,,,,,,,,,,False,False,ხარჯები,0.0,20000.0,20000.0,20000.0,0.0,0.0,False,20000000
2026,source.mof_2026_tavi6_planned_docx,C:\Users\Mylaptop\Downloads\2026 ბიუჯეტი - თავი VI.DOCX,DOCX table 1,1292,54 09,54 00,2,54 00,საერთო-სახელმწიფოებრივი მნიშვნელობის გადასახდელები,54 09,საქართველოს სახელმწიფო ჯილდოებისათვის დაწესებული ერთდროული ფულადი პრემიების გაცემის ფინანსური უზრუნველყოფა,,,False,True,საქართველოს სახელმწიფო ჯილდოებისათვის დაწესებული ერთდროული ფულადი პრემიების გაცემის ფინანსური უზრუნველყოფა,133.4,200.0,200.0,200.0,0.0,0.0,True,200000
2026,source.mof_2026_tavi6_planned_docx,C:\Users\Mylaptop\Downloads\2026 ბიუჯეტი - თავი VI.DOCX,DOCX table 1,1293,,,,,,,,,,False,False,ხარჯები,133.4,200.0,200.0,200.0,0.0,0.0,False,200000
2026,source.mof_2026_tavi6_planned_docx,C:\Users\Mylaptop\Downloads\2026 ბიუჯეტი - თავი VI.DOCX,DOCX table 1,1294,54 10,54 00,2,54 00,საერთო-სახელმწიფოებრივი მნიშვნელობის გადასახდელები,54 10,საერთაშორისო ხელშეკრულებებიდან გამომდინარე საოპერაციო ხარჯებისა და სხვა ვალდებულებების თანადაფინანსება,,,False,True,საერთაშორისო ხელშეკრულებებიდან გამომდინარე საოპერაციო ხარჯებისა და სხვა ვალდებულებების თანადაფინანსება,710.2,750.0,700.0,700.0,0.0,0.0,True,700000
2026,source.mof_2026_tavi6_planned_docx,C:\Users\Mylaptop\Downloads\2026 ბიუჯეტი - თავი VI.DOCX,DOCX table 1,1295,,,,,,,,,,False,False,ხარჯები,710.2,750.0,700.0,700.0,0.0,0.0,False,700000
2026,source.mof_2026_tavi6_planned_docx,C:\Users\Mylaptop\Downloads\2026 ბიუჯეტი - თავი VI.DOCX,DOCX table 1,1296,54 11,54 00,2,54 00,საერთო-სახელმწიფოებრივი მნიშვნელობის გადასახდელები,54 11,დაგროვებითი საპენსიო სქემის თანადაფინანსება,,,False,True,დაგროვებითი საპენსიო სქემის თანადაფინანსება,390000.0,470000.0,540000.0,540000.0,0.0,0.0,True,540000000
2026,source.mof_2026_tavi6_planned_docx,C:\Users\Mylaptop\Downloads\2026 ბიუჯეტი - თავი VI.DOCX,DOCX table 1,1297,,,,,,,,,,False,False,ხარჯები,390000.0,470000.0,540000.0,540000.0,0.0,0.0,False,540000000
2026,source.mof_2026_tavi6_planned_docx,C:\Users\Mylaptop\Downloads\2026 ბიუჯეტი - თავი VI.DOCX,DOCX table 1,1298,54 12,54 00,2,54 00,საერთო-სახელმწიფოებრივი მნიშვნელობის გადასახდელები,54 12,საჯარო ფინანსების მართვის რეფორმის დანერგვის ხელშეწყობა მუნიციპალიტეტებში,,,False,True,საჯარო ფინანსების მართვის რეფორმის დანერგვის ხელშეწყობა მუნიციპალიტეტებში,17050.0,30000.0,20000.0,20000.0,0.0,0.0,True,20000000
2026,source.mof_2026_tavi6_planned_docx,C:\Users\Mylaptop\Downloads\2026 ბიუჯეტი - თავი VI.DOCX,DOCX table 1,1299,,,,,,,,,,False,False,ხარჯები,17050.0,30000.0,20000.0,20000.0,0.0,0.0,False,20000000
2026,source.mof_2026_tavi6_planned_docx,C:\Users\Mylaptop\Downloads\2026 ბიუჯეტი - თავი VI.DOCX,DOCX table 1,1300,54 13,54 00,2,54 00,საერთო-სახელმწიფოებრივი მნიშვნელობის გადასახდელები,54 13,სამოქალაქო ინიციატივების მხარდაჭერა,,,False,True,სამოქალაქო ინიციატივების მხარდაჭერა,0.0,20000.0,2000.0,2000.0,0.0,0.0,True,2000000
2026,source.mof_2026_tavi6_planned_docx,C:\Users\Mylaptop\Downloads\2026 ბიუჯეტი - თავი VI.DOCX,DOCX table 1,1301,,,,,,,,,,False,False,ხარჯები,0.0,20000.0,2000.0,2000.0,0.0,0.0,False,2000000
2026,source.mof_2026_tavi6_planned_docx,C:\Users\Mylaptop\Downloads\2026 ბიუჯეტი - თავი VI.DOCX,DOCX table 1,1302,54 14,54 00,2,54 00,საერთო-სახელმწიფოებრივი მნიშვნელობის გადასახდელები,54 14,დონორების მიერ დაფინანსებული საერთო-სახელმწიფოებრივი მნიშვნელობის გადასახდელები,,,False,True,დონორების მიერ დაფინანსებული საერთო-სახელმწიფოებრივი მნიშვნელობის გადასახდელები,66278.9,165000.0,331230.0,34780.0,29950.0,266500.0,False,331230000
2026,source.mof_2026_tavi6_planned_docx,C:\Users\Mylaptop\Downloads\2026 ბიუჯეტი - თავი VI.DOCX,DOCX table 1,1303,,,,,,,,,,False,False,ხარჯები,21197.5,39800.0,81230.0,34780.0,29950.0,16500.0,False,81230000
2026,source.mof_2026_tavi6_planned_docx,C:\Users\Mylaptop\Downloads\2026 ბიუჯეტი - თავი VI.DOCX,DOCX table 1,1304,,,,,,,,,,False,False,არაფინანსური აქტივების ზრდა,0.0,2500.0,0.0,0.0,0.0,0.0,False,0
2026,source.mof_2026_tavi6_planned_docx,C:\Users\Mylaptop\Downloads\2026 ბიუჯეტი - თავი VI.DOCX,DOCX table 1,1305,,,,,,,,,,False,False,ფინანსური აქტივების ზრდა,45081.4,122700.0,250000.0,0.0,0.0,250000.0,False,250000000
2026,source.mof_2026_tavi6_planned_docx,C:\Users\Mylaptop\Downloads\2026 ბიუჯეტი - თავი VI.DOCX,DOCX table 1,1306,54 14 01,54 14,3,54 00,საერთო-სახელმწიფოებრივი მნიშვნელობის გადასახდელები,54 14,დონორების მიერ დაფინანსებული საერთო-სახელმწიფოებრივი მნიშვნელობის გადასახდელები,54 14 01,"აჭარის მყარი ნარჩენების პროექტი (E5P, EBRD)",False,True,"აჭარის მყარი ნარჩენების პროექტი (E5P, EBRD)",6275.5,5000.0,8000.0,0.0,3000.0,5000.0,True,8000000
2026,source.mof_2026_tavi6_planned_docx,C:\Users\Mylaptop\Downloads\2026 ბიუჯეტი - თავი VI.DOCX,DOCX table 1,1307,,,,,,,,,,False,False,ხარჯები,0.0,0.0,3000.0,0.0,3000.0,0.0,False,3000000
2026,source.mof_2026_tavi6_planned_docx,C:\Users\Mylaptop\Downloads\2026 ბიუჯეტი - თავი VI.DOCX,DOCX table 1,1308,,,,,,,,,,False,False,ფინანსური აქტივების ზრდა,6275.5,5000.0,5000.0,0.0,0.0,5000.0,False,5000000
2026,source.mof_2026_tavi6_planned_docx,C:\Users\Mylaptop\Downloads\2026 ბიუჯეტი - თავი VI.DOCX,DOCX table 1,1309,54 14 02,54 14,3,54 00,საერთო-სახელმწიფოებრივი მნიშვნელობის გადასახდელები,54 14,დონორების მიერ დაფინანსებული საერთო-სახელმწიფოებრივი მნიშვნელობის გადასახდელები,54 14 02,თბილისის მყარი ნარჩენების მართვა,False,True,თბილისის მყარი ნარჩენების მართვა,31447.0,25000.0,10000.0,1000.0,0.0,9000.0,True,10000000
2026,source.mof_2026_tavi6_planned_docx,C:\Users\Mylaptop\Downloads\2026 ბიუჯეტი - თავი VI.DOCX,DOCX table 1,1310,,,,,,,,,,False,False,ხარჯები,4668.8,3500.0,1000.0,1000.0,0.0,0.0,False,1000000
2026,source.mof_2026_tavi6_planned_docx,C:\Users\Mylaptop\Downloads\2026 ბიუჯეტი - თავი VI.DOCX,DOCX table 1,1311,,,,,,,,,,False,False,ფინანსური აქტივების ზრდა,26778.2,21500.0,9000.0,0.0,0.0,9000.0,False,9000000
2026,source.mof_2026_tavi6_planned_docx,C:\Users\Mylaptop\Downloads\2026 ბიუჯეტი - თავი VI.DOCX,DOCX table 1,1312,54 14 03,54 14,3,54 00,საერთო-სახელმწიფოებრივი მნიშვნელობის გადასახდელები,54 14,დონორების მიერ დაფინანსებული საერთო-სახელმწიფოებრივი მნიშვნელობის გადასახდელები,54 14 03,"აჭარის სოფლების წყალმომარაგებისა და წყალარინების პროგრამა, საქართველო (EU, KfW)",False,True,"აჭარის სოფლების წყალმომარაგებისა და წყალარინების პროგრამა, საქართველო (EU, KfW)",13696.4,20000.0,54000.0,0.0,9000.0,45000.0,True,54000000
2026,source.mof_2026_tavi6_planned_docx,C:\Users\Mylaptop\Downloads\2026 ბიუჯეტი - თავი VI.DOCX,DOCX table 1,1313,,,,,,,,,,False,False,ხარჯები,6849.5,7000.0,9000.0,0.0,9000.0,0.0,False,9000000
2026,source.mof_2026_tavi6_planned_docx,C:\Users\Mylaptop\Downloads\2026 ბიუჯეტი - თავი VI.DOCX,DOCX table 1,1314,,,,,,,,,,False,False,ფინანსური აქტივების ზრდა,6846.9,13000.0,45000.0,0.0,0.0,45000.0,False,45000000
2026,source.mof_2026_tavi6_planned_docx,C:\Users\Mylaptop\Downloads\2026 ბიუჯეტი - თავი VI.DOCX,DOCX table 1,1315,54 14 04,54 14,3,54 00,საერთო-სახელმწიფოებრივი მნიშვნელობის გადასახდელები,54 14,დონორების მიერ დაფინანსებული საერთო-სახელმწიფოებრივი მნიშვნელობის გადასახდელები,54 14 04,საცხოვრებლად ვარგისი ქალაქების საინვესტიციო პროგრამა,False,True,საცხოვრებლად ვარგისი ქალაქების საინვესტიციო პროგრამა,5410.7,15000.0,13780.0,2280.0,0.0,11500.0,True,13780000
2026,source.mof_2026_tavi6_planned_docx,C:\Users\Mylaptop\Downloads\2026 ბიუჯეტი - თავი VI.DOCX,DOCX table 1,1316,,,,,,,,,,False,False,ხარჯები,3742.8,7000.0,13780.0,2280.0,0.0,11500.0,False,13780000
2026,source.mof_2026_tavi6_planned_docx,C:\Users\Mylaptop\Downloads\2026 ბიუჯეტი - თავი VI.DOCX,DOCX table 1,1317,,,,,,,,,,False,False,ფინანსური აქტივების ზრდა,1667.9,8000.0,0.0,0.0,0.0,0.0,False,0
2026,source.mof_2026_tavi6_planned_docx,C:\Users\Mylaptop\Downloads\2026 ბიუჯეტი - თავი VI.DOCX,DOCX table 1,1318,54 14 05,54 14,3,54 00,საერთო-სახელმწიფოებრივი მნიშვნელობის გადასახდელები,54 14,დონორების მიერ დაფინანსებული საერთო-სახელმწიფოებრივი მნიშვნელობის გადასახდელები,54 14 05,მდგრადი ურბანული მობილობა (KfW),False,True,მდგრადი ურბანული მობილობა (KfW),1862.8,30000.0,22000.0,2000.0,2000.0,18000.0,True,22000000
2026,source.mof_2026_tavi6_planned_docx,C:\Users\Mylaptop\Downloads\2026 ბიუჯეტი - თავი VI.DOCX,DOCX table 1,1319,,,,,,,,,,False,False,ხარჯები,199.3,6000.0,4000.0,2000.0,2000.0,0.0,False,4000000
2026,source.mof_2026_tavi6_planned_docx,C:\Users\Mylaptop\Downloads\2026 ბიუჯეტი - თავი VI.DOCX,DOCX table 1,1320,,,,,,,,,,False,False,ფინანსური აქტივების ზრდა,1663.5,24000.0,18000.0,0.0,0.0,18000.0,False,18000000
2026,source.mof_2026_tavi6_planned_docx,C:\Users\Mylaptop\Downloads\2026 ბიუჯეტი - თავი VI.DOCX,DOCX table 1,1321,54 14 06,54 14,3,54 00,საერთო-სახელმწიფოებრივი მნიშვნელობის გადასახდელები,54 14,დონორების მიერ დაფინანსებული საერთო-სახელმწიფოებრივი მნიშვნელობის გადასახდელები,54 14 06,"საქართველოს მიკრო, მცირე და საშუალო ზომის საწარმოების დახმარებისა და აღდგენის პროექტი (საქართველოს ეროვნული ბანკის კომპონენტი) (WB)",False,True,"საქართველოს მიკრო, მცირე და საშუალო ზომის საწარმოების დახმარებისა და აღდგენის პროექტი (საქართველოს ეროვნული ბანკის კომპონენტი) (WB)",0.0,1000.0,5000.0,0.0,0.0,5000.0,True,5000000
2026,source.mof_2026_tavi6_planned_docx,C:\Users\Mylaptop\Downloads\2026 ბიუჯეტი - თავი VI.DOCX,DOCX table 1,1322,,,,,,,,,,False,False,ხარჯები,0.0,1000.0,5000.0,0.0,0.0,5000.0,False,5000000
2026,source.mof_2026_tavi6_planned_docx,C:\Users\Mylaptop\Downloads\2026 ბიუჯეტი - თავი VI.DOCX,DOCX table 1,1323,54 14 07,54 14,3,54 00,საერთო-სახელმწიფოებრივი მნიშვნელობის გადასახდელები,54 14,დონორების მიერ დაფინანსებული საერთო-სახელმწიფოებრივი მნიშვნელობის გადასახდელები,54 14 07,ბიომრავალფეროვნება და მდგრადი ადგილობრივი განვითარება საქართველოში (აჭარის სატყეო სააგენტოს კომპონენტი) (KfW),False,True,ბიომრავალფეროვნება და მდგრადი ადგილობრივი განვითარება საქართველოში (აჭარის სატყეო სააგენტოს კომპონენტი) (KfW),562.3,5000.0,10000.0,0.0,10000.0,0.0,True,10000000
2026,source.mof_2026_tavi6_planned_docx,C:\Users\Mylaptop\Downloads\2026 ბიუჯეტი - თავი VI.DOCX,DOCX table 1,1324,,,,,,,,,,False,False,ხარჯები,562.3,5000.0,10000.0,0.0,10000.0,0.0,False,10000000
2026,source.mof_2026_tavi6_planned_docx,C:\Users\Mylaptop\Downloads\2026 ბიუჯეტი - თავი VI.DOCX,DOCX table 1,1325,54 14 08,54 14,3,54 00,საერთო-სახელმწიფოებრივი მნიშვნელობის გადასახდელები,54 14,დონორების მიერ დაფინანსებული საერთო-სახელმწიფოებრივი მნიშვნელობის გადასახდელები,54 14 08,ბათუმის მუნიციპალური ინფრასტრუქტურა (ფაზა V) (KfW),False,True,ბათუმის მუნიციპალური ინფრასტრუქტურა (ფაზა V) (KfW),2535.4,10000.0,45000.0,4300.0,700.0,40000.0,True,45000000
2026,source.mof_2026_tavi6_planned_docx,C:\Users\Mylaptop\Downloads\2026 ბიუჯეტი - თავი VI.DOCX,DOCX table 1,1326,,,,,,,,,,False,False,ხარჯები,1040.2,500.0,5000.0,4300.0,700.0,0.0,False,5000000
2026,source.mof_2026_tavi6_planned_docx,C:\Users\Mylaptop\Downloads\2026 ბიუჯეტი - თავი VI.DOCX,DOCX table 1,1327,,,,,,,,,,False,False,ფინანსური აქტივების ზრდა,1495.1,9500.0,40000.0,0.0,0.0,40000.0,False,40000000
2026,source.mof_2026_tavi6_planned_docx,C:\Users\Mylaptop\Downloads\2026 ბიუჯეტი - თავი VI.DOCX,DOCX table 1,1328,54 14 09,54 14,3,54 00,საერთო-სახელმწიფოებრივი მნიშვნელობის გადასახდელები,54 14,დონორების მიერ დაფინანსებული საერთო-სახელმწიფოებრივი მნიშვნელობის გადასახდელები,54 14 09,თბილისის მეტროს მოდერნიზაციის პროექტი,False,True,თბილისის მეტროს მოდერნიზაციის პროექტი,0.0,34000.0,102200.0,17200.0,0.0,85000.0,True,102200000
2026,source.mof_2026_tavi6_planned_docx,C:\Users\Mylaptop\Downloads\2026 ბიუჯეტი - თავი VI.DOCX,DOCX table 1,1329,,,,,,,,,,False,False,ხარჯები,0.0,300.0,17200.0,17200.0,0.0,0.0,False,17200000
2026,source.mof_2026_tavi6_planned_docx,C:\Users\Mylaptop\Downloads\2026 ბიუჯეტი - თავი VI.DOCX,DOCX table 1,1330,,,,,,,,,,False,False,ფინანსური აქტივების ზრდა,0.0,33700.0,85000.0,0.0,0.0,85000.0,False,85000000
2026,source.mof_2026_tavi6_planned_docx,C:\Users\Mylaptop\Downloads\2026 ბიუჯეტი - თავი VI.DOCX,DOCX table 1,1331,54 14 10,54 14,3,54 00,საერთო-სახელმწიფოებრივი მნიშვნელობის გადასახდელები,54 14,დონორების მიერ დაფინანსებული საერთო-სახელმწიფოებრივი მნიშვნელობის გადასახდელები,54 14 10,ენერგოეფექტურობის ღონისძიებები და შენობების ევროკავშირის ენერგოეფექტურობის სტანდარტებთან მიახლოება (ბათუმის საბავშვო ბაღები) (KfW),False,True,ენერგოეფექტურობის ღონისძიებები და შენობების ევროკავშირის ენერგოეფექტურობის სტანდარტებთან მიახლოება (ბათუმის საბავშვო ბაღები) (KfW),4134.6,5000.0,5000.0,0.0,5000.0,0.0,True,5000000
2026,source.mof_2026_tavi6_planned_docx,C:\Users\Mylaptop\Downloads\2026 ბიუჯეტი - თავი VI.DOCX,DOCX table 1,1332,,,,,,,,,,False,False,ხარჯები,4134.6,5000.0,5000.0,0.0,5000.0,0.0,False,5000000
2026,source.mof_2026_tavi6_planned_docx,C:\Users\Mylaptop\Downloads\2026 ბიუჯეტი - თავი VI.DOCX,DOCX table 1,1333,54 14 11,54 14,3,54 00,საერთო-სახელმწიფოებრივი მნიშვნელობის გადასახდელები,54 14,დონორების მიერ დაფინანსებული საერთო-სახელმწიფოებრივი მნიშვნელობის გადასახდელები,54 14 11,თბილისის ავტობუსების პროექტი (ფაზა II) (EBRD),False,True,თბილისის ავტობუსების პროექტი (ფაზა II) (EBRD),354.3,10000.0,53000.0,8000.0,0.0,45000.0,True,53000000
2026,source.mof_2026_tavi6_planned_docx,C:\Users\Mylaptop\Downloads\2026 ბიუჯეტი - თავი VI.DOCX,DOCX table 1,1334,,,,,,,,,,False,False,ხარჯები,0.0,2000.0,8000.0,8000.0,0.0,0.0,False,8000000
2026,source.mof_2026_tavi6_planned_docx,C:\Users\Mylaptop\Downloads\2026 ბიუჯეტი - თავი VI.DOCX,DOCX table 1,1335,,,,,,,,,,False,False,ფინანსური აქტივების ზრდა,354.3,8000.0,45000.0,0.0,0.0,45000.0,False,45000000
2026,source.mof_2026_tavi6_planned_docx,C:\Users\Mylaptop\Downloads\2026 ბიუჯეტი - თავი VI.DOCX,DOCX table 1,1336,54 14 12,54 14,3,54 00,საერთო-სახელმწიფოებრივი მნიშვნელობის გადასახდელები,54 14,დონორების მიერ დაფინანსებული საერთო-სახელმწიფოებრივი მნიშვნელობის გადასახდელები,54 14 12,მდგრადი ურბანული განვითარება − ურბანული მობილობა ბათუმში (KfW),False,True,მდგრადი ურბანული განვითარება − ურბანული მობილობა ბათუმში (KfW),0.0,5000.0,3250.0,0.0,250.0,3000.0,True,3250000
2026,source.mof_2026_tavi6_planned_docx,C:\Users\Mylaptop\Downloads\2026 ბიუჯეტი - თავი VI.DOCX,DOCX table 1,1337,,,,,,,,,,False,False,ხარჯები,0.0,2500.0,250.0,0.0,250.0,0.0,False,250000
2026,source.mof_2026_tavi6_planned_docx,C:\Users\Mylaptop\Downloads\2026 ბიუჯეტი - თავი VI.DOCX,DOCX table 1,1338,,,,,,,,,,False,False,არაფინანსური აქტივების ზრდა,0.0,2500.0,0.0,0.0,0.0,0.0,False,0
2026,source.mof_2026_tavi6_planned_docx,C:\Users\Mylaptop\Downloads\2026 ბიუჯეტი - თავი VI.DOCX,DOCX table 1,1339,,,,,,,,,,False,False,ფინანსური აქტივების ზრდა,0.0,0.0,3000.0,0.0,0.0,3000.0,False,3000000
2026,source.mof_2026_tavi6_planned_docx,C:\Users\Mylaptop\Downloads\2026 ბიუჯეტი - თავი VI.DOCX,DOCX table 1,1340,55 00,00 00,1,55 00,საქართველოს ბიზნესომბუდსმენის აპარატი,,,,,False,True,საქართველოს ბიზნესომბუდსმენის აპარატი,779.4,950.0,0.0,0.0,0.0,0.0,True,0
2026,source.mof_2026_tavi6_planned_docx,C:\Users\Mylaptop\Downloads\2026 ბიუჯეტი - თავი VI.DOCX,DOCX table 1,1341,,,,,,,,,,False,False,მომუშავეთა რიცხოვნობა,13.0,13.0,0.0,0.0,0.0,0.0,False,0
2026,source.mof_2026_tavi6_planned_docx,C:\Users\Mylaptop\Downloads\2026 ბიუჯეტი - თავი VI.DOCX,DOCX table 1,1342,,,,,,,,,,False,False,ხარჯები,774.0,940.5,0.0,0.0,0.0,0.0,False,0
2026,source.mof_2026_tavi6_planned_docx,C:\Users\Mylaptop\Downloads\2026 ბიუჯეტი - თავი VI.DOCX,DOCX table 1,1343,,,,,,,,,,False,False,შრომის ანაზღაურება,629.2,738.0,0.0,0.0,0.0,0.0,False,0
2026,source.mof_2026_tavi6_planned_docx,C:\Users\Mylaptop\Downloads\2026 ბიუჯეტი - თავი VI.DOCX,DOCX table 1,1344,,,,,,,,,,False,False,არაფინანსური აქტივების ზრდა,5.4,9.5,0.0,0.0,0.0,0.0,False,0
2026,source.mof_2026_tavi6_planned_docx,C:\Users\Mylaptop\Downloads\2026 ბიუჯეტი - თავი VI.DOCX,DOCX table 1,1345,56 00,00 00,1,56 00,ყოფილი სამხრეთ ოსეთის ავტონომიური ოლქის ტერიტორიაზე დროებითი ადმინისტრაციულ-ტერიტორიული ერთეულის ადმინისტრაცია − სამხრეთ ოსეთის ადმინისტრაცია,,,,,False,True,ყოფილი სამხრეთ ოსეთის ავტონომიური ოლქის ტერიტორიაზე დროებითი ადმინისტრაციულ-ტერიტორიული ერთეულის ადმინისტრაცია − სამხრეთ ოსეთის ადმინისტრაცია,2808.8,3100.0,0.0,0.0,0.0,0.0,True,0
2026,source.mof_2026_tavi6_planned_docx,C:\Users\Mylaptop\Downloads\2026 ბიუჯეტი - თავი VI.DOCX,DOCX table 1,1346,,,,,,,,,,False,False,მომუშავეთა რიცხოვნობა,75.0,75.0,0.0,0.0,0.0,0.0,False,0
2026,source.mof_2026_tavi6_planned_docx,C:\Users\Mylaptop\Downloads\2026 ბიუჯეტი - თავი VI.DOCX,DOCX table 1,1347,,,,,,,,,,False,False,ხარჯები,2787.4,3070.0,0.0,0.0,0.0,0.0,False,0
2026,source.mof_2026_tavi6_planned_docx,C:\Users\Mylaptop\Downloads\2026 ბიუჯეტი - თავი VI.DOCX,DOCX table 1,1348,,,,,,,,,,False,False,შრომის ანაზღაურება,1819.0,2034.7,0.0,0.0,0.0,0.0,False,0
2026,source.mof_2026_tavi6_planned_docx,C:\Users\Mylaptop\Downloads\2026 ბიუჯეტი - თავი VI.DOCX,DOCX table 1,1349,,,,,,,,,,False,False,არაფინანსური აქტივების ზრდა,21.4,30.0,0.0,0.0,0.0,0.0,False,0
2026,source.mof_2026_tavi6_planned_docx,C:\Users\Mylaptop\Downloads\2026 ბიუჯეტი - თავი VI.DOCX,DOCX table 1,1350,57 00,00 00,1,57 00,სსიპ − საჯარო სამსახურის ბიურო,,,,,False,True,სსიპ − საჯარო სამსახურის ბიურო,1897.6,2700.0,0.0,0.0,0.0,0.0,True,0
2026,source.mof_2026_tavi6_planned_docx,C:\Users\Mylaptop\Downloads\2026 ბიუჯეტი - თავი VI.DOCX,DOCX table 1,1351,,,,,,,,,,False,False,მომუშავეთა რიცხოვნობა,36.0,36.0,0.0,0.0,0.0,0.0,False,0
2026,source.mof_2026_tavi6_planned_docx,C:\Users\Mylaptop\Downloads\2026 ბიუჯეტი - თავი VI.DOCX,DOCX table 1,1352,,,,,,,,,,False,False,ხარჯები,1875.5,2175.0,0.0,0.0,0.0,0.0,False,0
2026,source.mof_2026_tavi6_planned_docx,C:\Users\Mylaptop\Downloads\2026 ბიუჯეტი - თავი VI.DOCX,DOCX table 1,1353,,,,,,,,,,False,False,შრომის ანაზღაურება,1386.8,1623.0,0.0,0.0,0.0,0.0,False,0
2026,source.mof_2026_tavi6_planned_docx,C:\Users\Mylaptop\Downloads\2026 ბიუჯეტი - თავი VI.DOCX,DOCX table 1,1354,,,,,,,,,,False,False,არაფინანსური აქტივების ზრდა,22.1,525.0,0.0,0.0,0.0,0.0,False,0
2026,source.mof_2026_tavi6_planned_docx,C:\Users\Mylaptop\Downloads\2026 ბიუჯეტი - თავი VI.DOCX,DOCX table 1,1355,58 00,00 00,1,58 00,სპეციალური საგამოძიებო სამსახური,,,,,False,True,სპეციალური საგამოძიებო სამსახური,15444.9,19000.0,0.0,0.0,0.0,0.0,True,0
2026,source.mof_2026_tavi6_planned_docx,C:\Users\Mylaptop\Downloads\2026 ბიუჯეტი - თავი VI.DOCX,DOCX table 1,1356,,,,,,,,,,False,False,მომუშავეთა რიცხოვნობა,150.0,150.0,0.0,0.0,0.0,0.0,False,0
2026,source.mof_2026_tavi6_planned_docx,C:\Users\Mylaptop\Downloads\2026 ბიუჯეტი - თავი VI.DOCX,DOCX table 1,1357,,,,,,,,,,False,False,ხარჯები,10330.4,13100.0,0.0,0.0,0.0,0.0,False,0
2026,source.mof_2026_tavi6_planned_docx,C:\Users\Mylaptop\Downloads\2026 ბიუჯეტი - თავი VI.DOCX,DOCX table 1,1358,,,,,,,,,,False,False,შრომის ანაზღაურება,7211.6,9680.0,0.0,0.0,0.0,0.0,False,0
2026,source.mof_2026_tavi6_planned_docx,C:\Users\Mylaptop\Downloads\2026 ბიუჯეტი - თავი VI.DOCX,DOCX table 1,1359,,,,,,,,,,False,False,არაფინანსური აქტივების ზრდა,5114.5,5900.0,0.0,0.0,0.0,0.0,False,0
2026,source.mof_2026_tavi6_planned_docx,C:\Users\Mylaptop\Downloads\2026 ბიუჯეტი - თავი VI.DOCX,DOCX table 1,1360,59 00,00 00,1,59 00,ეროვნული უსაფრთხოების საბჭოს აპარატი,,,,,False,True,ეროვნული უსაფრთხოების საბჭოს აპარატი,3885.8,5100.0,0.0,0.0,0.0,0.0,True,0
2026,source.mof_2026_tavi6_planned_docx,C:\Users\Mylaptop\Downloads\2026 ბიუჯეტი - თავი VI.DOCX,DOCX table 1,1361,,,,,,,,,,False,False,მომუშავეთა რიცხოვნობა,61.0,61.0,0.0,0.0,0.0,0.0,False,0
2026,source.mof_2026_tavi6_planned_docx,C:\Users\Mylaptop\Downloads\2026 ბიუჯეტი - თავი VI.DOCX,DOCX table 1,1362,,,,,,,,,,False,False,ხარჯები,3529.6,5075.0,0.0,0.0,0.0,0.0,False,0
2026,source.mof_2026_tavi6_planned_docx,C:\Users\Mylaptop\Downloads\2026 ბიუჯეტი - თავი VI.DOCX,DOCX table 1,1363,,,,,,,,,,False,False,შრომის ანაზღაურება,2809.8,4000.0,0.0,0.0,0.0,0.0,False,0
2026,source.mof_2026_tavi6_planned_docx,C:\Users\Mylaptop\Downloads\2026 ბიუჯეტი - თავი VI.DOCX,DOCX table 1,1364,,,,,,,,,,False,False,არაფინანსური აქტივების ზრდა,356.3,25.0,0.0,0.0,0.0,0.0,False,0
2026,source.mof_2026_tavi6_planned_docx,C:\Users\Mylaptop\Downloads\2026 ბიუჯეტი - თავი VI.DOCX,DOCX table 1,1365,60 00,00 00,1,60 00,ა(ა)იპ − მშვიდობის ფონდი უკეთესი მომავლისთვის,,,,,False,True,ა(ა)იპ − მშვიდობის ფონდი უკეთესი მომავლისთვის,145.9,0.0,0.0,0.0,0.0,0.0,True,0
2026,source.mof_2026_tavi6_planned_docx,C:\Users\Mylaptop\Downloads\2026 ბიუჯეტი - თავი VI.DOCX,DOCX table 1,1366,,,,,,,,,,False,False,ხარჯები,145.9,0.0,0.0,0.0,0.0,0.0,False,0
2026,source.mof_2026_tavi6_planned_docx,C:\Users\Mylaptop\Downloads\2026 ბიუჯეტი - თავი VI.DOCX,DOCX table 1,1367,61 00,00 00,1,61 00,სსიპ − ქუთაისის საერთაშორისო უნივერსიტეტი,,,,,False,True,სსიპ − ქუთაისის საერთაშორისო უნივერსიტეტი,1824.5,0.0,0.0,0.0,0.0,0.0,True,0
2026,source.mof_2026_tavi6_planned_docx,C:\Users\Mylaptop\Downloads\2026 ბიუჯეტი - თავი VI.DOCX,DOCX table 1,1368,,,,,,,,,,False,False,ხარჯები,1824.5,0.0,0.0,0.0,0.0,0.0,False,0
2026,source.mof_2026_tavi6_planned_docx,C:\Users\Mylaptop\Downloads\2026 ბიუჯეტი - თავი VI.DOCX,DOCX table 1,1369,,,,,,,,,,False,False,შრომის ანაზღაურება,1183.0,0.0,0.0,0.0,0.0,0.0,False,0
2026,source.mof_2026_tavi6_planned_docx,C:\Users\Mylaptop\Downloads\2026 ბიუჯეტი - თავი VI.DOCX,DOCX table 1,1370,62 00,00 00,1,62 00,ა(ა)იპ − ათასწლეულის ფონდი,,,,,False,True,ა(ა)იპ − ათასწლეულის ფონდი,63.0,0.0,0.0,0.0,0.0,0.0,True,0
2026,source.mof_2026_tavi6_planned_docx,C:\Users\Mylaptop\Downloads\2026 ბიუჯეტი - თავი VI.DOCX,DOCX table 1,1371,,,,,,,,,,False,False,ხარჯები,63.0,0.0,0.0,0.0,0.0,0.0,False,0
