year,domain,dimension,item_id,indicator_id,value_usd,value_status,publication_status,input_source_refs,role
1995,goods,national,goods.total,trade_balance,-333497195.16165970000000,numeric,unspecified,"[[""geostat_trade_ftrade-1995-2026"",""1995-2026"",""B5""],[""geostat_trade_ftrade-1995-2026"",""1995-2026"",""B20""]]",derived
1995,goods,national,goods.total,trade_turnover,643895789.16165994000000,numeric,unspecified,"[[""geostat_trade_ftrade-1995-2026"",""1995-2026"",""B5""],[""geostat_trade_ftrade-1995-2026"",""1995-2026"",""B20""]]",derived
1996,goods,national,goods.total,trade_balance,-548201261.71669961000000,numeric,unspecified,"[[""geostat_trade_ftrade-1995-2026"",""1995-2026"",""C5""],[""geostat_trade_ftrade-1995-2026"",""1995-2026"",""C20""]]",derived
1996,goods,national,goods.total,trade_turnover,954245871.11670019000000,numeric,unspecified,"[[""geostat_trade_ftrade-1995-2026"",""1995-2026"",""C5""],[""geostat_trade_ftrade-1995-2026"",""1995-2026"",""C20""]]",derived
1997,goods,national,goods.total,trade_balance,-751092638.28000025000000,numeric,unspecified,"[[""geostat_trade_ftrade-1995-2026"",""1995-2026"",""D5""],[""geostat_trade_ftrade-1995-2026"",""1995-2026"",""D20""]]",derived
1997,goods,national,goods.total,trade_turnover,1239547506.68000025000000,numeric,unspecified,"[[""geostat_trade_ftrade-1995-2026"",""1995-2026"",""D5""],[""geostat_trade_ftrade-1995-2026"",""1995-2026"",""D20""]]",derived
1998,goods,national,goods.total,trade_balance,-691173652.32952349000000,numeric,unspecified,"[[""geostat_trade_ftrade-1995-2026"",""1995-2026"",""E5""],[""geostat_trade_ftrade-1995-2026"",""1995-2026"",""E20""]]",derived
1998,goods,national,goods.total,trade_turnover,1073808583.05299219000000,numeric,unspecified,"[[""geostat_trade_ftrade-1995-2026"",""1995-2026"",""E5""],[""geostat_trade_ftrade-1995-2026"",""1995-2026"",""E20""]]",derived
1999,goods,national,goods.total,trade_balance,-451584355.85945756000000,numeric,unspecified,"[[""geostat_trade_ftrade-1995-2026"",""1995-2026"",""F5""],[""geostat_trade_ftrade-1995-2026"",""1995-2026"",""F20""]]",derived
1999,goods,national,goods.total,trade_turnover,927595584.10814896000000,numeric,unspecified,"[[""geostat_trade_ftrade-1995-2026"",""1995-2026"",""F5""],[""geostat_trade_ftrade-1995-2026"",""1995-2026"",""F20""]]",derived
2000,goods,national,goods.total,trade_balance,-385570859.72808022000000,numeric,unspecified,"[[""geostat_trade_ftrade-1995-2026"",""1995-2026"",""G5""],[""geostat_trade_ftrade-1995-2026"",""1995-2026"",""G20""]]",derived
2000,goods,national,goods.total,trade_turnover,1033447392.90808070000000,numeric,unspecified,"[[""geostat_trade_ftrade-1995-2026"",""1995-2026"",""G5""],[""geostat_trade_ftrade-1995-2026"",""1995-2026"",""G20""]]",derived
2001,goods,national,goods.total,trade_balance,-434860029.28169984000000,numeric,unspecified,"[[""geostat_trade_ftrade-1995-2026"",""1995-2026"",""H5""],[""geostat_trade_ftrade-1995-2026"",""1995-2026"",""H20""]]",derived
2001,goods,national,goods.total,trade_turnover,1069161793.94169962000000,numeric,unspecified,"[[""geostat_trade_ftrade-1995-2026"",""1995-2026"",""H5""],[""geostat_trade_ftrade-1995-2026"",""1995-2026"",""H20""]]",derived
2002,goods,national,goods.total,trade_balance,-448955535.22490048000000,numeric,unspecified,"[[""geostat_trade_ftrade-1995-2026"",""1995-2026"",""I5""],[""geostat_trade_ftrade-1995-2026"",""1995-2026"",""I20""]]",derived
2002,goods,national,goods.total,trade_turnover,1140427671.59510038000000,numeric,unspecified,"[[""geostat_trade_ftrade-1995-2026"",""1995-2026"",""I5""],[""geostat_trade_ftrade-1995-2026"",""1995-2026"",""I20""]]",derived
2003,goods,national,goods.total,trade_balance,-677729121.22000236000000,numeric,unspecified,"[[""geostat_trade_ftrade-1995-2026"",""1995-2026"",""J5""],[""geostat_trade_ftrade-1995-2026"",""1995-2026"",""J20""]]",derived
2003,goods,national,goods.total,trade_turnover,1600349197.48000284000000,numeric,unspecified,"[[""geostat_trade_ftrade-1995-2026"",""1995-2026"",""J5""],[""geostat_trade_ftrade-1995-2026"",""1995-2026"",""J20""]]",derived
2004,goods,national,goods.total,trade_balance,-1197439966.88798777000000,numeric,unspecified,"[[""geostat_trade_ftrade-1995-2026"",""1995-2026"",""K5""],[""geostat_trade_ftrade-1995-2026"",""1995-2026"",""K20""]]",derived
2004,goods,national,goods.total,trade_turnover,2491245891.96798703000000,numeric,unspecified,"[[""geostat_trade_ftrade-1995-2026"",""1995-2026"",""K5""],[""geostat_trade_ftrade-1995-2026"",""1995-2026"",""K20""]]",derived
2005,goods,national,goods.total,trade_balance,-1622092712.56550053000000,numeric,unspecified,"[[""geostat_trade_ftrade-1995-2026"",""1995-2026"",""L5""],[""geostat_trade_ftrade-1995-2026"",""1995-2026"",""L20""]]",derived
2005,goods,national,goods.total,trade_turnover,3353003979.24701727000000,numeric,unspecified,"[[""geostat_trade_ftrade-1995-2026"",""1995-2026"",""L5""],[""geostat_trade_ftrade-1995-2026"",""1995-2026"",""L20""]]",derived
2006,goods,national,goods.total,trade_balance,-2738457818.45340814000000,numeric,unspecified,"[[""geostat_trade_ftrade-1995-2026"",""1995-2026"",""M5""],[""geostat_trade_ftrade-1995-2026"",""1995-2026"",""M20""]]",derived
2006,goods,national,goods.total,trade_turnover,4611207072.44508906000000,numeric,unspecified,"[[""geostat_trade_ftrade-1995-2026"",""1995-2026"",""M5""],[""geostat_trade_ftrade-1995-2026"",""1995-2026"",""M20""]]",derived
2007,goods,national,goods.total,trade_balance,-3980039776.3030534000000,numeric,unspecified,"[[""geostat_trade_ftrade-1995-2026"",""1995-2026"",""N5""],[""geostat_trade_ftrade-1995-2026"",""1995-2026"",""N20""]]",derived
2007,goods,national,goods.total,trade_turnover,6444260716.3292712000000,numeric,unspecified,"[[""geostat_trade_ftrade-1995-2026"",""1995-2026"",""N5""],[""geostat_trade_ftrade-1995-2026"",""1995-2026"",""N20""]]",derived
2008,goods,national,goods.total,trade_balance,-4806195104.9008191000000,numeric,unspecified,"[[""geostat_trade_ftrade-1995-2026"",""1995-2026"",""O5""],[""geostat_trade_ftrade-1995-2026"",""1995-2026"",""O20""]]",derived
2008,goods,national,goods.total,trade_turnover,7796885581.1195419000000,numeric,unspecified,"[[""geostat_trade_ftrade-1995-2026"",""1995-2026"",""O5""],[""geostat_trade_ftrade-1995-2026"",""1995-2026"",""O20""]]",derived
2009,goods,national,goods.total,trade_balance,-3342094282.5572317000000,numeric,unspecified,"[[""geostat_trade_ftrade-1995-2026"",""1995-2026"",""P5""],[""geostat_trade_ftrade-1995-2026"",""1995-2026"",""P20""]]",derived
2009,goods,national,goods.total,trade_turnover,5609354735.0271103000000,numeric,unspecified,"[[""geostat_trade_ftrade-1995-2026"",""1995-2026"",""P5""],[""geostat_trade_ftrade-1995-2026"",""1995-2026"",""P20""]]",derived
2010,goods,national,goods.total,trade_balance,-3558657660.2386795000000,numeric,unspecified,"[[""geostat_trade_ftrade-1995-2026"",""1995-2026"",""Q5""],[""geostat_trade_ftrade-1995-2026"",""1995-2026"",""Q20""]]",derived
2010,goods,national,goods.total,trade_turnover,6913271457.1851829000000,numeric,unspecified,"[[""geostat_trade_ftrade-1995-2026"",""1995-2026"",""Q5""],[""geostat_trade_ftrade-1995-2026"",""1995-2026"",""Q20""]]",derived
2011,goods,national,goods.total,trade_balance,-4885838570.6190625000000,numeric,unspecified,"[[""geostat_trade_ftrade-1995-2026"",""1995-2026"",""R5""],[""geostat_trade_ftrade-1995-2026"",""1995-2026"",""R20""]]",derived
2011,goods,national,goods.total,trade_turnover,9258680988.3056699000000,numeric,unspecified,"[[""geostat_trade_ftrade-1995-2026"",""1995-2026"",""R5""],[""geostat_trade_ftrade-1995-2026"",""1995-2026"",""R20""]]",derived
2012,goods,national,goods.total,trade_balance,-5679743647.7010302000000,numeric,unspecified,"[[""geostat_trade_ftrade-1995-2026"",""1995-2026"",""S5""],[""geostat_trade_ftrade-1995-2026"",""1995-2026"",""S20""]]",derived
2012,goods,national,goods.total,trade_turnover,10433014384.1134818000000,numeric,unspecified,"[[""geostat_trade_ftrade-1995-2026"",""1995-2026"",""S5""],[""geostat_trade_ftrade-1995-2026"",""1995-2026"",""S20""]]",derived
2013,goods,national,goods.total,trade_balance,-5112231858.0702795000000,numeric,unspecified,"[[""geostat_trade_ftrade-1995-2026"",""1995-2026"",""T5""],[""geostat_trade_ftrade-1995-2026"",""1995-2026"",""T20""]]",derived
2013,goods,national,goods.total,trade_turnover,10932860937.7036991000000,numeric,unspecified,"[[""geostat_trade_ftrade-1995-2026"",""1995-2026"",""T5""],[""geostat_trade_ftrade-1995-2026"",""1995-2026"",""T20""]]",derived
2014,goods,country,partner.1995-2025.004,reexports,1271269.45307200724000,numeric,unspecified,"[[""geostat_trade_export-country-1995-2026"",""1995-2025-years"",""V50""],[""geostat_trade_domestic-export-country-2014-2026"",""2014-2025-years"",""C50""]]",derived
2014,goods,country,partner.1995-2025.008,reexports,199139.439881226141000,numeric,unspecified,"[[""geostat_trade_export-country-1995-2026"",""1995-2025-years"",""V51""],[""geostat_trade_domestic-export-country-2014-2026"",""2014-2025-years"",""C51""]]",derived
2014,goods,country,partner.1995-2025.012,reexports,155680.00,numeric,unspecified,"[[""geostat_trade_export-country-1995-2026"",""1995-2025-years"",""V52""],[""geostat_trade_domestic-export-country-2014-2026"",""2014-2025-years"",""C52""]]",derived
2014,goods,country,partner.1995-2025.020,reexports,0,numeric,unspecified,"[[""geostat_trade_export-country-1995-2026"",""1995-2025-years"",""V53""],[""geostat_trade_domestic-export-country-2014-2026"",""2014-2025-years"",""C53""]]",derived
2014,goods,country,partner.1995-2025.024,reexports,0.00,numeric,unspecified,"[[""geostat_trade_export-country-1995-2026"",""1995-2025-years"",""V54""],[""geostat_trade_domestic-export-country-2014-2026"",""2014-2025-years"",""C54""]]",derived
2014,goods,country,partner.1995-2025.028,reexports,0,numeric,unspecified,"[[""geostat_trade_export-country-1995-2026"",""1995-2025-years"",""V56""],[""geostat_trade_domestic-export-country-2014-2026"",""2014-2025-years"",""C56""]]",derived
2014,goods,country,partner.1995-2025.031,reexports,375633139.50260018000,numeric,unspecified,"[[""geostat_trade_export-country-1995-2026"",""1995-2025-years"",""V38""],[""geostat_trade_domestic-export-country-2014-2026"",""2014-2025-years"",""C38""]]",derived
2014,goods,country,partner.1995-2025.032,reexports,0,numeric,unspecified,"[[""geostat_trade_export-country-1995-2026"",""1995-2025-years"",""V57""],[""geostat_trade_domestic-export-country-2014-2026"",""2014-2025-years"",""C57""]]",derived
2014,goods,country,partner.1995-2025.036,reexports,419164.07999999955000,numeric,unspecified,"[[""geostat_trade_export-country-1995-2026"",""1995-2025-years"",""V58""],[""geostat_trade_domestic-export-country-2014-2026"",""2014-2025-years"",""C58""]]",derived
2014,goods,country,partner.1995-2025.040,reexports,190033.5676825107000,numeric,unspecified,"[[""geostat_trade_export-country-1995-2026"",""1995-2025-years"",""V8""],[""geostat_trade_domestic-export-country-2014-2026"",""2014-2025-years"",""C8""]]",derived
2014,goods,country,partner.1995-2025.044,reexports,0,numeric,unspecified,"[[""geostat_trade_export-country-1995-2026"",""1995-2025-years"",""V59""],[""geostat_trade_domestic-export-country-2014-2026"",""2014-2025-years"",""C59""]]",derived
2014,goods,country,partner.1995-2025.048,reexports,0E-16,numeric,unspecified,"[[""geostat_trade_export-country-1995-2026"",""1995-2025-years"",""V60""],[""geostat_trade_domestic-export-country-2014-2026"",""2014-2025-years"",""C60""]]",derived
2014,goods,country,partner.1995-2025.050,reexports,0,numeric,unspecified,"[[""geostat_trade_export-country-1995-2026"",""1995-2025-years"",""V61""],[""geostat_trade_domestic-export-country-2014-2026"",""2014-2025-years"",""C61""]]",derived
2014,goods,country,partner.1995-2025.051,reexports,193297082.100996563000,numeric,unspecified,"[[""geostat_trade_export-country-1995-2026"",""1995-2025-years"",""V37""],[""geostat_trade_domestic-export-country-2014-2026"",""2014-2025-years"",""C37""]]",derived
2014,goods,country,partner.1995-2025.052,reexports,0,numeric,unspecified,"[[""geostat_trade_export-country-1995-2026"",""1995-2025-years"",""V62""],[""geostat_trade_domestic-export-country-2014-2026"",""2014-2025-years"",""C62""]]",derived
2014,goods,country,partner.1995-2025.056,reexports,32294441.1799260472000,numeric,unspecified,"[[""geostat_trade_export-country-1995-2026"",""1995-2025-years"",""V9""],[""geostat_trade_domestic-export-country-2014-2026"",""2014-2025-years"",""C9""]]",derived
2014,goods,country,partner.1995-2025.064,reexports,0,numeric,unspecified,"[[""geostat_trade_export-country-1995-2026"",""1995-2025-years"",""V65""],[""geostat_trade_domestic-export-country-2014-2026"",""2014-2025-years"",""C65""]]",derived
2014,goods,country,partner.1995-2025.068,reexports,0,numeric,unspecified,"[[""geostat_trade_export-country-1995-2026"",""1995-2025-years"",""V66""],[""geostat_trade_domestic-export-country-2014-2026"",""2014-2025-years"",""C66""]]",derived
2014,goods,country,partner.1995-2025.070,reexports,0,numeric,unspecified,"[[""geostat_trade_export-country-1995-2026"",""1995-2025-years"",""V67""],[""geostat_trade_domestic-export-country-2014-2026"",""2014-2025-years"",""C67""]]",derived
2014,goods,country,partner.1995-2025.072,reexports,0,numeric,unspecified,"[[""geostat_trade_export-country-1995-2026"",""1995-2025-years"",""V68""],[""geostat_trade_domestic-export-country-2014-2026"",""2014-2025-years"",""C68""]]",derived
2014,goods,country,partner.1995-2025.076,reexports,0.00000,numeric,unspecified,"[[""geostat_trade_export-country-1995-2026"",""1995-2025-years"",""V69""],[""geostat_trade_domestic-export-country-2014-2026"",""2014-2025-years"",""C69""]]",derived
2014,goods,country,partner.1995-2025.084,reexports,0E-14,numeric,unspecified,"[[""geostat_trade_export-country-1995-2026"",""1995-2025-years"",""V63""],[""geostat_trade_domestic-export-country-2014-2026"",""2014-2025-years"",""C63""]]",derived
2014,goods,country,partner.1995-2025.092,reexports,7080.8918644067811000,numeric,unspecified,"[[""geostat_trade_export-country-1995-2026"",""1995-2025-years"",""V194""],[""geostat_trade_domestic-export-country-2014-2026"",""2014-2025-years"",""C193""]]",derived
2014,goods,country,partner.1995-2025.100,reexports,72813909.930669876000,numeric,unspecified,"[[""geostat_trade_export-country-1995-2026"",""1995-2025-years"",""V10""],[""geostat_trade_domestic-export-country-2014-2026"",""2014-2025-years"",""C10""]]",derived
2014,goods,country,partner.1995-2025.104,reexports,0.0,numeric,unspecified,"[[""geostat_trade_export-country-1995-2026"",""1995-2025-years"",""V143""],[""geostat_trade_domestic-export-country-2014-2026"",""2014-2025-years"",""C143""]]",derived
2014,goods,country,partner.1995-2025.108,reexports,0,numeric,unspecified,"[[""geostat_trade_export-country-1995-2026"",""1995-2025-years"",""V71""],[""geostat_trade_domestic-export-country-2014-2026"",""2014-2025-years"",""C71""]]",derived
2014,goods,country,partner.1995-2025.112,reexports,2568596.622049812000,numeric,unspecified,"[[""geostat_trade_export-country-1995-2026"",""1995-2025-years"",""V39""],[""geostat_trade_domestic-export-country-2014-2026"",""2014-2025-years"",""C39""]]",derived
2014,goods,country,partner.1995-2025.116,reexports,0,numeric,unspecified,"[[""geostat_trade_export-country-1995-2026"",""1995-2025-years"",""V72""],[""geostat_trade_domestic-export-country-2014-2026"",""2014-2025-years"",""C72""]]",derived
2014,goods,country,partner.1995-2025.120,reexports,-9.000E-10,numeric,unspecified,"[[""geostat_trade_export-country-1995-2026"",""1995-2025-years"",""V73""],[""geostat_trade_domestic-export-country-2014-2026"",""2014-2025-years"",""C73""]]",derived
2014,goods,country,partner.1995-2025.124,reexports,2847.947362235000,numeric,unspecified,"[[""geostat_trade_export-country-1995-2026"",""1995-2025-years"",""V74""],[""geostat_trade_domestic-export-country-2014-2026"",""2014-2025-years"",""C74""]]",derived
2014,goods,country,partner.1995-2025.136,reexports,0,numeric,unspecified,"[[""geostat_trade_export-country-1995-2026"",""1995-2025-years"",""V75""],[""geostat_trade_domestic-export-country-2014-2026"",""2014-2025-years"",""C75""]]",derived
2014,goods,country,partner.1995-2025.140,reexports,0.00,numeric,unspecified,"[[""geostat_trade_export-country-1995-2026"",""1995-2025-years"",""V76""],[""geostat_trade_domestic-export-country-2014-2026"",""2014-2025-years"",""C76""]]",derived
2014,goods,country,partner.1995-2025.144,reexports,0,numeric,unspecified,"[[""geostat_trade_export-country-1995-2026"",""1995-2025-years"",""V173""],[""geostat_trade_domestic-export-country-2014-2026"",""2014-2025-years"",""C173""]]",derived
2014,goods,country,partner.1995-2025.148,reexports,0,numeric,unspecified,"[[""geostat_trade_export-country-1995-2026"",""1995-2025-years"",""V77""],[""geostat_trade_domestic-export-country-2014-2026"",""2014-2025-years"",""C77""]]",derived
2014,goods,country,partner.1995-2025.152,reexports,0.00000,numeric,unspecified,"[[""geostat_trade_export-country-1995-2026"",""1995-2025-years"",""V78""],[""geostat_trade_domestic-export-country-2014-2026"",""2014-2025-years"",""C78""]]",derived
2014,goods,country,partner.1995-2025.156,reexports,67555045.703601736000,numeric,unspecified,"[[""geostat_trade_export-country-1995-2026"",""1995-2025-years"",""V79""],[""geostat_trade_domestic-export-country-2014-2026"",""2014-2025-years"",""C79""]]",derived
2014,goods,country,partner.1995-2025.158,reexports,25859.17899576913000,numeric,unspecified,"[[""geostat_trade_export-country-1995-2026"",""1995-2025-years"",""V179""],[""geostat_trade_domestic-export-country-2014-2026"",""2014-2025-years"",""C178""]]",derived
2014,goods,country,partner.1995-2025.170,reexports,1.8000E-9,numeric,unspecified,"[[""geostat_trade_export-country-1995-2026"",""1995-2025-years"",""V80""],[""geostat_trade_domestic-export-country-2014-2026"",""2014-2025-years"",""C80""]]",derived
2014,goods,country,partner.1995-2025.178,reexports,0,numeric,unspecified,"[[""geostat_trade_export-country-1995-2026"",""1995-2025-years"",""V81""],[""geostat_trade_domestic-export-country-2014-2026"",""2014-2025-years"",""C81""]]",derived
2014,goods,country,partner.1995-2025.180,reexports,0,numeric,unspecified,"[[""geostat_trade_export-country-1995-2026"",""1995-2025-years"",""V82""],[""geostat_trade_domestic-export-country-2014-2026"",""2014-2025-years"",""C82""]]",derived
2014,goods,country,partner.1995-2025.188,reexports,0E-15,numeric,unspecified,"[[""geostat_trade_export-country-1995-2026"",""1995-2025-years"",""V83""],[""geostat_trade_domestic-export-country-2014-2026"",""2014-2025-years"",""C83""]]",derived
2014,goods,country,partner.1995-2025.191,reexports,-3.000E-11,numeric,unspecified,"[[""geostat_trade_export-country-1995-2026"",""1995-2025-years"",""V11""],[""geostat_trade_domestic-export-country-2014-2026"",""2014-2025-years"",""C11""]]",derived
2014,goods,country,partner.1995-2025.192,reexports,0,numeric,unspecified,"[[""geostat_trade_export-country-1995-2026"",""1995-2025-years"",""V85""],[""geostat_trade_domestic-export-country-2014-2026"",""2014-2025-years"",""C85""]]",derived
2014,goods,country,partner.1995-2025.196,reexports,305460.03495240367000,numeric,unspecified,"[[""geostat_trade_export-country-1995-2026"",""1995-2025-years"",""V12""],[""geostat_trade_domestic-export-country-2014-2026"",""2014-2025-years"",""C12""]]",derived
2014,goods,country,partner.1995-2025.203,reexports,77734.007107742000,numeric,unspecified,"[[""geostat_trade_export-country-1995-2026"",""1995-2025-years"",""V13""],[""geostat_trade_domestic-export-country-2014-2026"",""2014-2025-years"",""C13""]]",derived
2014,goods,country,partner.1995-2025.204,reexports,3.000E-12,numeric,unspecified,"[[""geostat_trade_export-country-1995-2026"",""1995-2025-years"",""V64""],[""geostat_trade_domestic-export-country-2014-2026"",""2014-2025-years"",""C64""]]",derived
2014,goods,country,partner.1995-2025.208,reexports,3962.6379847159000,numeric,unspecified,"[[""geostat_trade_export-country-1995-2026"",""1995-2025-years"",""V14""],[""geostat_trade_domestic-export-country-2014-2026"",""2014-2025-years"",""C14""]]",derived
2014,goods,country,partner.1995-2025.212,reexports,0,numeric,unspecified,"[[""geostat_trade_export-country-1995-2026"",""1995-2025-years"",""V87""],[""geostat_trade_domestic-export-country-2014-2026"",""2014-2025-years"",""C87""]]",derived
2014,goods,country,partner.1995-2025.214,reexports,0,numeric,unspecified,"[[""geostat_trade_export-country-1995-2026"",""1995-2025-years"",""V88""],[""geostat_trade_domestic-export-country-2014-2026"",""2014-2025-years"",""C88""]]",derived
2014,goods,country,partner.1995-2025.218,reexports,4.000E-10,numeric,unspecified,"[[""geostat_trade_export-country-1995-2026"",""1995-2025-years"",""V89""],[""geostat_trade_domestic-export-country-2014-2026"",""2014-2025-years"",""C89""]]",derived
2014,goods,country,partner.1995-2025.222,reexports,0,numeric,unspecified,"[[""geostat_trade_export-country-1995-2026"",""1995-2025-years"",""V91""],[""geostat_trade_domestic-export-country-2014-2026"",""2014-2025-years"",""C91""]]",derived
2014,goods,country,partner.1995-2025.226,reexports,0,numeric,unspecified,"[[""geostat_trade_export-country-1995-2026"",""1995-2025-years"",""V92""],[""geostat_trade_domestic-export-country-2014-2026"",""2014-2025-years"",""C92""]]",derived
2014,goods,country,partner.1995-2025.231,reexports,4.000E-10,numeric,unspecified,"[[""geostat_trade_export-country-1995-2026"",""1995-2025-years"",""V93""],[""geostat_trade_domestic-export-country-2014-2026"",""2014-2025-years"",""C93""]]",derived
2014,goods,country,partner.1995-2025.233,reexports,12453.6454374015000,numeric,unspecified,"[[""geostat_trade_export-country-1995-2026"",""1995-2025-years"",""V15""],[""geostat_trade_domestic-export-country-2014-2026"",""2014-2025-years"",""C15""]]",derived
2014,goods,country,partner.1995-2025.242,reexports,0,numeric,unspecified,"[[""geostat_trade_export-country-1995-2026"",""1995-2025-years"",""V94""],[""geostat_trade_domestic-export-country-2014-2026"",""2014-2025-years"",""C94""]]",derived
2014,goods,country,partner.1995-2025.246,reexports,503365.99449146198000,numeric,unspecified,"[[""geostat_trade_export-country-1995-2026"",""1995-2025-years"",""V16""],[""geostat_trade_domestic-export-country-2014-2026"",""2014-2025-years"",""C16""]]",derived
2014,goods,country,partner.1995-2025.250,reexports,4934690.531683427000,numeric,unspecified,"[[""geostat_trade_export-country-1995-2026"",""1995-2025-years"",""V17""],[""geostat_trade_domestic-export-country-2014-2026"",""2014-2025-years"",""C17""]]",derived
2014,goods,country,partner.1995-2025.258,reexports,0,numeric,unspecified,"[[""geostat_trade_export-country-1995-2026"",""1995-2025-years"",""V95""],[""geostat_trade_domestic-export-country-2014-2026"",""2014-2025-years"",""C95""]]",derived
2014,goods,country,partner.1995-2025.262,reexports,0,numeric,unspecified,"[[""geostat_trade_export-country-1995-2026"",""1995-2025-years"",""V86""],[""geostat_trade_domestic-export-country-2014-2026"",""2014-2025-years"",""C86""]]",derived
2014,goods,country,partner.1995-2025.266,reexports,0E-14,numeric,unspecified,"[[""geostat_trade_export-country-1995-2026"",""1995-2025-years"",""V96""],[""geostat_trade_domestic-export-country-2014-2026"",""2014-2025-years"",""C96""]]",derived
2014,goods,country,partner.1995-2025.270,reexports,0,numeric,unspecified,"[[""geostat_trade_export-country-1995-2026"",""1995-2025-years"",""V97""],[""geostat_trade_domestic-export-country-2014-2026"",""2014-2025-years"",""C97""]]",derived
2014,goods,country,partner.1995-2025.275,reexports,0,numeric,unspecified,"[[""geostat_trade_export-country-1995-2026"",""1995-2025-years"",""V174""],[""geostat_trade_domestic-export-country-2014-2026"",""2014-2025-years"",""C153""]]",derived
2014,goods,country,partner.1995-2025.276,reexports,11383678.796074687000,numeric,unspecified,"[[""geostat_trade_export-country-1995-2026"",""1995-2025-years"",""V18""],[""geostat_trade_domestic-export-country-2014-2026"",""2014-2025-years"",""C18""]]",derived
2014,goods,country,partner.1995-2025.288,reexports,0E-15,numeric,unspecified,"[[""geostat_trade_export-country-1995-2026"",""1995-2025-years"",""V98""],[""geostat_trade_domestic-export-country-2014-2026"",""2014-2025-years"",""C98""]]",derived
2014,goods,country,partner.1995-2025.292,reexports,0E-13,numeric,unspecified,"[[""geostat_trade_export-country-1995-2026"",""1995-2025-years"",""V99""],[""geostat_trade_domestic-export-country-2014-2026"",""2014-2025-years"",""C99""]]",derived
2014,goods,country,partner.1995-2025.300,reexports,33074.537805298000,numeric,unspecified,"[[""geostat_trade_export-country-1995-2026"",""1995-2025-years"",""V19""],[""geostat_trade_domestic-export-country-2014-2026"",""2014-2025-years"",""C19""]]",derived
2014,goods,country,partner.1995-2025.312,reexports,0,numeric,unspecified,"[[""geostat_trade_export-country-1995-2026"",""1995-2025-years"",""V100""],[""geostat_trade_domestic-export-country-2014-2026"",""2014-2025-years"",""C100""]]",derived
2014,goods,country,partner.1995-2025.320,reexports,0.00,numeric,unspecified,"[[""geostat_trade_export-country-1995-2026"",""1995-2025-years"",""V101""],[""geostat_trade_domestic-export-country-2014-2026"",""2014-2025-years"",""C101""]]",derived
2014,goods,country,partner.1995-2025.324,reexports,0,numeric,unspecified,"[[""geostat_trade_export-country-1995-2026"",""1995-2025-years"",""V103""],[""geostat_trade_domestic-export-country-2014-2026"",""2014-2025-years"",""C102""]]",derived
2014,goods,country,partner.1995-2025.332,reexports,0,numeric,unspecified,"[[""geostat_trade_export-country-1995-2026"",""1995-2025-years"",""V105""],[""geostat_trade_domestic-export-country-2014-2026"",""2014-2025-years"",""C104""]]",derived
2014,goods,country,partner.1995-2025.336,reexports,0,numeric,unspecified,"[[""geostat_trade_export-country-1995-2026"",""1995-2025-years"",""V106""],[""geostat_trade_domestic-export-country-2014-2026"",""2014-2025-years"",""C105""]]",derived
2014,goods,country,partner.1995-2025.340,reexports,0,numeric,unspecified,"[[""geostat_trade_export-country-1995-2026"",""1995-2025-years"",""V107""],[""geostat_trade_domestic-export-country-2014-2026"",""2014-2025-years"",""C106""]]",derived
2014,goods,country,partner.1995-2025.344,reexports,142101.00000000016000,numeric,unspecified,"[[""geostat_trade_export-country-1995-2026"",""1995-2025-years"",""V108""],[""geostat_trade_domestic-export-country-2014-2026"",""2014-2025-years"",""C107""]]",derived
2014,goods,country,partner.1995-2025.348,reexports,82740.60000000008000,numeric,unspecified,"[[""geostat_trade_export-country-1995-2026"",""1995-2025-years"",""V20""],[""geostat_trade_domestic-export-country-2014-2026"",""2014-2025-years"",""C20""]]",derived
2014,goods,country,partner.1995-2025.352,reexports,135430.23469711386000,numeric,unspecified,"[[""geostat_trade_export-country-1995-2026"",""1995-2025-years"",""V109""],[""geostat_trade_domestic-export-country-2014-2026"",""2014-2025-years"",""C108""]]",derived
2014,goods,country,partner.1995-2025.356,reexports,-4.000E-9,numeric,unspecified,"[[""geostat_trade_export-country-1995-2026"",""1995-2025-years"",""V110""],[""geostat_trade_domestic-export-country-2014-2026"",""2014-2025-years"",""C109""]]",derived
2014,goods,country,partner.1995-2025.360,reexports,0E-15,numeric,unspecified,"[[""geostat_trade_export-country-1995-2026"",""1995-2025-years"",""V111""],[""geostat_trade_domestic-export-country-2014-2026"",""2014-2025-years"",""C110""]]",derived
2014,goods,country,partner.1995-2025.364,reexports,20058801.6672981662000,numeric,unspecified,"[[""geostat_trade_export-country-1995-2026"",""1995-2025-years"",""V112""],[""geostat_trade_domestic-export-country-2014-2026"",""2014-2025-years"",""C111""]]",derived
2014,goods,country,partner.1995-2025.368,reexports,1542309.6108381909000,numeric,unspecified,"[[""geostat_trade_export-country-1995-2026"",""1995-2025-years"",""V113""],[""geostat_trade_domestic-export-country-2014-2026"",""2014-2025-years"",""C112""]]",derived
2014,goods,country,partner.1995-2025.372,reexports,0E-14,numeric,unspecified,"[[""geostat_trade_export-country-1995-2026"",""1995-2025-years"",""V21""],[""geostat_trade_domestic-export-country-2014-2026"",""2014-2025-years"",""C21""]]",derived
2014,goods,country,partner.1995-2025.376,reexports,1091380.7632282010000,numeric,unspecified,"[[""geostat_trade_export-country-1995-2026"",""1995-2025-years"",""V114""],[""geostat_trade_domestic-export-country-2014-2026"",""2014-2025-years"",""C113""]]",derived
2014,goods,country,partner.1995-2025.380,reexports,1152702.507406372000,numeric,unspecified,"[[""geostat_trade_export-country-1995-2026"",""1995-2025-years"",""V22""],[""geostat_trade_domestic-export-country-2014-2026"",""2014-2025-years"",""C22""]]",derived
2014,goods,country,partner.1995-2025.384,reexports,0E-14,numeric,unspecified,"[[""geostat_trade_export-country-1995-2026"",""1995-2025-years"",""V84""],[""geostat_trade_domestic-export-country-2014-2026"",""2014-2025-years"",""C84""]]",derived
2014,goods,country,partner.1995-2025.388,reexports,0,numeric,unspecified,"[[""geostat_trade_export-country-1995-2026"",""1995-2025-years"",""V115""],[""geostat_trade_domestic-export-country-2014-2026"",""2014-2025-years"",""C114""]]",derived
2014,goods,country,partner.1995-2025.392,reexports,32683.0474934036000,numeric,unspecified,"[[""geostat_trade_export-country-1995-2026"",""1995-2025-years"",""V116""],[""geostat_trade_domestic-export-country-2014-2026"",""2014-2025-years"",""C115""]]",derived
2014,goods,country,partner.1995-2025.398,reexports,18050190.745689936000,numeric,unspecified,"[[""geostat_trade_export-country-1995-2026"",""1995-2025-years"",""V40""],[""geostat_trade_domestic-export-country-2014-2026"",""2014-2025-years"",""C40""]]",derived
2014,goods,country,partner.1995-2025.400,reexports,4290661.1044362280000,numeric,unspecified,"[[""geostat_trade_export-country-1995-2026"",""1995-2025-years"",""V117""],[""geostat_trade_domestic-export-country-2014-2026"",""2014-2025-years"",""C116""]]",derived
2014,goods,country,partner.1995-2025.404,reexports,0,numeric,unspecified,"[[""geostat_trade_export-country-1995-2026"",""1995-2025-years"",""V118""],[""geostat_trade_domestic-export-country-2014-2026"",""2014-2025-years"",""C117""]]",derived
2014,goods,country,partner.1995-2025.408,reexports,0E-16,numeric,unspecified,"[[""geostat_trade_export-country-1995-2026"",""1995-2025-years"",""V119""],[""geostat_trade_domestic-export-country-2014-2026"",""2014-2025-years"",""C119""]]",derived
2014,goods,country,partner.1995-2025.410,reexports,59491.1959114506000,numeric,unspecified,"[[""geostat_trade_export-country-1995-2026"",""1995-2025-years"",""V120""],[""geostat_trade_domestic-export-country-2014-2026"",""2014-2025-years"",""C118""]]",derived
2014,goods,country,partner.1995-2025.414,reexports,-1.5000E-11,numeric,unspecified,"[[""geostat_trade_export-country-1995-2026"",""1995-2025-years"",""V121""],[""geostat_trade_domestic-export-country-2014-2026"",""2014-2025-years"",""C120""]]",derived
2014,goods,country,partner.1995-2025.417,reexports,7657784.1649144675000,numeric,unspecified,"[[""geostat_trade_export-country-1995-2026"",""1995-2025-years"",""V41""],[""geostat_trade_domestic-export-country-2014-2026"",""2014-2025-years"",""C41""]]",derived
2014,goods,country,partner.1995-2025.418,reexports,0,numeric,unspecified,"[[""geostat_trade_export-country-1995-2026"",""1995-2025-years"",""V122""],[""geostat_trade_domestic-export-country-2014-2026"",""2014-2025-years"",""C125""]]",derived
2014,goods,country,partner.1995-2025.422,reexports,68134.08016501296000,numeric,unspecified,"[[""geostat_trade_export-country-1995-2026"",""1995-2025-years"",""V123""],[""geostat_trade_domestic-export-country-2014-2026"",""2014-2025-years"",""C121""]]",derived
2014,goods,country,partner.1995-2025.428,reexports,639840.5998802591000,numeric,unspecified,"[[""geostat_trade_export-country-1995-2026"",""1995-2025-years"",""V23""],[""geostat_trade_domestic-export-country-2014-2026"",""2014-2025-years"",""C23""]]",derived
2014,goods,country,partner.1995-2025.430,reexports,0,numeric,unspecified,"[[""geostat_trade_export-country-1995-2026"",""1995-2025-years"",""V124""],[""geostat_trade_domestic-export-country-2014-2026"",""2014-2025-years"",""C122""]]",derived
2014,goods,country,partner.1995-2025.434,reexports,35025.00000000009000,numeric,unspecified,"[[""geostat_trade_export-country-1995-2026"",""1995-2025-years"",""V125""],[""geostat_trade_domestic-export-country-2014-2026"",""2014-2025-years"",""C123""]]",derived
2014,goods,country,partner.1995-2025.438,reexports,1309.3892055514311000,numeric,unspecified,"[[""geostat_trade_export-country-1995-2026"",""1995-2025-years"",""V126""],[""geostat_trade_domestic-export-country-2014-2026"",""2014-2025-years"",""C124""]]",derived
2014,goods,country,partner.1995-2025.440,reexports,6899449.106620647000,numeric,unspecified,"[[""geostat_trade_export-country-1995-2026"",""1995-2025-years"",""V24""],[""geostat_trade_domestic-export-country-2014-2026"",""2014-2025-years"",""C24""]]",derived
2014,goods,country,partner.1995-2025.442,reexports,0E-18,numeric,unspecified,"[[""geostat_trade_export-country-1995-2026"",""1995-2025-years"",""V25""],[""geostat_trade_domestic-export-country-2014-2026"",""2014-2025-years"",""C25""]]",derived
2014,goods,country,partner.1995-2025.446,reexports,0,numeric,unspecified,"[[""geostat_trade_export-country-1995-2026"",""1995-2025-years"",""V127""],[""geostat_trade_domestic-export-country-2014-2026"",""2014-2025-years"",""C128""]]",derived
2014,goods,country,partner.1995-2025.450,reexports,0,numeric,unspecified,"[[""geostat_trade_export-country-1995-2026"",""1995-2025-years"",""V128""],[""geostat_trade_domestic-export-country-2014-2026"",""2014-2025-years"",""C127""]]",derived
2014,goods,country,partner.1995-2025.454,reexports,0,numeric,unspecified,"[[""geostat_trade_export-country-1995-2026"",""1995-2025-years"",""V129""],[""geostat_trade_domestic-export-country-2014-2026"",""2014-2025-years"",""C129""]]",derived
2014,goods,country,partner.1995-2025.458,reexports,0.00000,numeric,unspecified,"[[""geostat_trade_export-country-1995-2026"",""1995-2025-years"",""V130""],[""geostat_trade_domestic-export-country-2014-2026"",""2014-2025-years"",""C130""]]",derived
2014,goods,country,partner.1995-2025.462,reexports,0,numeric,unspecified,"[[""geostat_trade_export-country-1995-2026"",""1995-2025-years"",""V131""],[""geostat_trade_domestic-export-country-2014-2026"",""2014-2025-years"",""C131""]]",derived
2014,goods,country,partner.1995-2025.466,reexports,0,numeric,unspecified,"[[""geostat_trade_export-country-1995-2026"",""1995-2025-years"",""V132""],[""geostat_trade_domestic-export-country-2014-2026"",""2014-2025-years"",""C132""]]",derived
2014,goods,country,partner.1995-2025.470,reexports,9902.751700324373000,numeric,unspecified,"[[""geostat_trade_export-country-1995-2026"",""1995-2025-years"",""V26""],[""geostat_trade_domestic-export-country-2014-2026"",""2014-2025-years"",""C26""]]",derived
2014,goods,country,partner.1995-2025.474,reexports,0E-15,numeric,unspecified,"[[""geostat_trade_export-country-1995-2026"",""1995-2025-years"",""V134""],[""geostat_trade_domestic-export-country-2014-2026"",""2014-2025-years"",""C134""]]",derived
2014,goods,country,partner.1995-2025.478,reexports,0,numeric,unspecified,"[[""geostat_trade_export-country-1995-2026"",""1995-2025-years"",""V135""],[""geostat_trade_domestic-export-country-2014-2026"",""2014-2025-years"",""C135""]]",derived
2014,goods,country,partner.1995-2025.480,reexports,0.0,numeric,unspecified,"[[""geostat_trade_export-country-1995-2026"",""1995-2025-years"",""V136""],[""geostat_trade_domestic-export-country-2014-2026"",""2014-2025-years"",""C136""]]",derived
2014,goods,country,partner.1995-2025.484,reexports,9.000E-10,numeric,unspecified,"[[""geostat_trade_export-country-1995-2026"",""1995-2025-years"",""V137""],[""geostat_trade_domestic-export-country-2014-2026"",""2014-2025-years"",""C137""]]",derived
2014,goods,country,partner.1995-2025.492,reexports,0E-15,numeric,unspecified,"[[""geostat_trade_export-country-1995-2026"",""1995-2025-years"",""V138""],[""geostat_trade_domestic-export-country-2014-2026"",""2014-2025-years"",""C138""]]",derived
2014,goods,country,partner.1995-2025.496,reexports,1617562.86180606823000,numeric,unspecified,"[[""geostat_trade_export-country-1995-2026"",""1995-2025-years"",""V139""],[""geostat_trade_domestic-export-country-2014-2026"",""2014-2025-years"",""C139""]]",derived
2014,goods,country,partner.1995-2025.498,reexports,3386693.2578105702000,numeric,unspecified,"[[""geostat_trade_export-country-1995-2026"",""1995-2025-years"",""V42""],[""geostat_trade_domestic-export-country-2014-2026"",""2014-2025-years"",""C42""]]",derived
2014,goods,country,partner.1995-2025.499,reexports,0,numeric,unspecified,"[[""geostat_trade_export-country-1995-2026"",""1995-2025-years"",""V140""],[""geostat_trade_domestic-export-country-2014-2026"",""2014-2025-years"",""C140""]]",derived
2014,goods,country,partner.1995-2025.504,reexports,0E-15,numeric,unspecified,"[[""geostat_trade_export-country-1995-2026"",""1995-2025-years"",""V141""],[""geostat_trade_domestic-export-country-2014-2026"",""2014-2025-years"",""C141""]]",derived
2014,goods,country,partner.1995-2025.508,reexports,0.0000,numeric,unspecified,"[[""geostat_trade_export-country-1995-2026"",""1995-2025-years"",""V142""],[""geostat_trade_domestic-export-country-2014-2026"",""2014-2025-years"",""C142""]]",derived
2014,goods,country,partner.1995-2025.512,reexports,0E-16,numeric,unspecified,"[[""geostat_trade_export-country-1995-2026"",""1995-2025-years"",""V152""],[""geostat_trade_domestic-export-country-2014-2026"",""2014-2025-years"",""C151""]]",derived
2014,goods,country,partner.1995-2025.516,reexports,0,numeric,unspecified,"[[""geostat_trade_export-country-1995-2026"",""1995-2025-years"",""V144""],[""geostat_trade_domestic-export-country-2014-2026"",""2014-2025-years"",""C144""]]",derived
2014,goods,country,partner.1995-2025.524,reexports,-7.000E-12,numeric,unspecified,"[[""geostat_trade_export-country-1995-2026"",""1995-2025-years"",""V145""],[""geostat_trade_domestic-export-country-2014-2026"",""2014-2025-years"",""C145""]]",derived
2014,goods,country,partner.1995-2025.528,reexports,21791963.3720771657000,numeric,unspecified,"[[""geostat_trade_export-country-1995-2026"",""1995-2025-years"",""V27""],[""geostat_trade_domestic-export-country-2014-2026"",""2014-2025-years"",""C27""]]",derived
2014,goods,country,partner.1995-2025.534,reexports,0,numeric,unspecified,"[[""geostat_trade_export-country-1995-2026"",""1995-2025-years"",""V170""],[""geostat_trade_domestic-export-country-2014-2026"",""2014-2025-years"",""C170""]]",derived
2014,goods,country,partner.1995-2025.554,reexports,0,numeric,unspecified,"[[""geostat_trade_export-country-1995-2026"",""1995-2025-years"",""V146""],[""geostat_trade_domestic-export-country-2014-2026"",""2014-2025-years"",""C146""]]",derived
2014,goods,country,partner.1995-2025.558,reexports,0,numeric,unspecified,"[[""geostat_trade_export-country-1995-2026"",""1995-2025-years"",""V147""],[""geostat_trade_domestic-export-country-2014-2026"",""2014-2025-years"",""C147""]]",derived
2014,goods,country,partner.1995-2025.562,reexports,0,numeric,unspecified,"[[""geostat_trade_export-country-1995-2026"",""1995-2025-years"",""V148""],[""geostat_trade_domestic-export-country-2014-2026"",""2014-2025-years"",""C148""]]",derived
2014,goods,country,partner.1995-2025.566,reexports,1973103.504190606758000,numeric,unspecified,"[[""geostat_trade_export-country-1995-2026"",""1995-2025-years"",""V149""],[""geostat_trade_domestic-export-country-2014-2026"",""2014-2025-years"",""C149""]]",derived
2014,goods,country,partner.1995-2025.578,reexports,4753.062030817830000,numeric,unspecified,"[[""geostat_trade_export-country-1995-2026"",""1995-2025-years"",""V151""],[""geostat_trade_domestic-export-country-2014-2026"",""2014-2025-years"",""C150""]]",derived
2014,goods,country,partner.1995-2025.584,reexports,0,numeric,unspecified,"[[""geostat_trade_export-country-1995-2026"",""1995-2025-years"",""V133""],[""geostat_trade_domestic-export-country-2014-2026"",""2014-2025-years"",""C133""]]",derived
2014,goods,country,partner.1995-2025.586,reexports,0E-14,numeric,unspecified,"[[""geostat_trade_export-country-1995-2026"",""1995-2025-years"",""V153""],[""geostat_trade_domestic-export-country-2014-2026"",""2014-2025-years"",""C152""]]",derived
2014,goods,country,partner.1995-2025.591,reexports,4734904.0091401503000,numeric,unspecified,"[[""geostat_trade_export-country-1995-2026"",""1995-2025-years"",""V154""],[""geostat_trade_domestic-export-country-2014-2026"",""2014-2025-years"",""C154""]]",derived
2014,goods,country,partner.1995-2025.600,reexports,0.00000,numeric,unspecified,"[[""geostat_trade_export-country-1995-2026"",""1995-2025-years"",""V155""],[""geostat_trade_domestic-export-country-2014-2026"",""2014-2025-years"",""C155""]]",derived
2014,goods,country,partner.1995-2025.604,reexports,-4.000E-10,numeric,unspecified,"[[""geostat_trade_export-country-1995-2026"",""1995-2025-years"",""V156""],[""geostat_trade_domestic-export-country-2014-2026"",""2014-2025-years"",""C156""]]",derived
2014,goods,country,partner.1995-2025.608,reexports,0.0000,numeric,unspecified,"[[""geostat_trade_export-country-1995-2026"",""1995-2025-years"",""V157""],[""geostat_trade_domestic-export-country-2014-2026"",""2014-2025-years"",""C157""]]",derived
2014,goods,country,partner.1995-2025.616,reexports,282615.9025988257000,numeric,unspecified,"[[""geostat_trade_export-country-1995-2026"",""1995-2025-years"",""V28""],[""geostat_trade_domestic-export-country-2014-2026"",""2014-2025-years"",""C28""]]",derived
2014,goods,country,partner.1995-2025.620,reexports,36488.8429230507000,numeric,unspecified,"[[""geostat_trade_export-country-1995-2026"",""1995-2025-years"",""V29""],[""geostat_trade_domestic-export-country-2014-2026"",""2014-2025-years"",""C29""]]",derived
2014,goods,country,partner.1995-2025.624,reexports,0,numeric,unspecified,"[[""geostat_trade_export-country-1995-2026"",""1995-2025-years"",""V104""],[""geostat_trade_domestic-export-country-2014-2026"",""2014-2025-years"",""C103""]]",derived
2014,goods,country,partner.1995-2025.630,reexports,0,numeric,unspecified,"[[""geostat_trade_export-country-1995-2026"",""1995-2025-years"",""V158""],[""geostat_trade_domestic-export-country-2014-2026"",""2014-2025-years"",""C158""]]",derived
2014,goods,country,partner.1995-2025.634,reexports,1.8000E-12,numeric,unspecified,"[[""geostat_trade_export-country-1995-2026"",""1995-2025-years"",""V159""],[""geostat_trade_domestic-export-country-2014-2026"",""2014-2025-years"",""C159""]]",derived
2014,goods,country,partner.1995-2025.642,reexports,498588.3190648424000,numeric,unspecified,"[[""geostat_trade_export-country-1995-2026"",""1995-2025-years"",""V30""],[""geostat_trade_domestic-export-country-2014-2026"",""2014-2025-years"",""C30""]]",derived
2014,goods,country,partner.1995-2025.643,reexports,21724967.26727410000,numeric,unspecified,"[[""geostat_trade_export-country-1995-2026"",""1995-2025-years"",""V43""],[""geostat_trade_domestic-export-country-2014-2026"",""2014-2025-years"",""C43""]]",derived
2014,goods,country,partner.1995-2025.646,reexports,178193.24430479182000,numeric,unspecified,"[[""geostat_trade_export-country-1995-2026"",""1995-2025-years"",""V160""],[""geostat_trade_domestic-export-country-2014-2026"",""2014-2025-years"",""C160""]]",derived
2014,goods,country,partner.1995-2025.660,reexports,0,numeric,unspecified,"[[""geostat_trade_export-country-1995-2026"",""1995-2025-years"",""V55""],[""geostat_trade_domestic-export-country-2014-2026"",""2014-2025-years"",""C55""]]",derived
2014,goods,country,partner.1995-2025.670,reexports,0,numeric,unspecified,"[[""geostat_trade_export-country-1995-2026"",""1995-2025-years"",""V161""],[""geostat_trade_domestic-export-country-2014-2026"",""2014-2025-years"",""C161""]]",derived
2014,goods,country,partner.1995-2025.674,reexports,0,numeric,unspecified,"[[""geostat_trade_export-country-1995-2026"",""1995-2025-years"",""V162""],[""geostat_trade_domestic-export-country-2014-2026"",""2014-2025-years"",""C162""]]",derived
2014,goods,country,partner.1995-2025.682,reexports,0E-15,numeric,unspecified,"[[""geostat_trade_export-country-1995-2026"",""1995-2025-years"",""V163""],[""geostat_trade_domestic-export-country-2014-2026"",""2014-2025-years"",""C163""]]",derived
2014,goods,country,partner.1995-2025.686,reexports,0,numeric,unspecified,"[[""geostat_trade_export-country-1995-2026"",""1995-2025-years"",""V164""],[""geostat_trade_domestic-export-country-2014-2026"",""2014-2025-years"",""C164""]]",derived
2014,goods,country,partner.1995-2025.688,reexports,0,numeric,unspecified,"[[""geostat_trade_export-country-1995-2026"",""1995-2025-years"",""V165""],[""geostat_trade_domestic-export-country-2014-2026"",""2014-2025-years"",""C165""]]",derived
2014,goods,country,partner.1995-2025.690,reexports,120679.890000000032000,numeric,unspecified,"[[""geostat_trade_export-country-1995-2026"",""1995-2025-years"",""V167""],[""geostat_trade_domestic-export-country-2014-2026"",""2014-2025-years"",""C167""]]",derived
2014,goods,country,partner.1995-2025.694,reexports,0E-16,numeric,unspecified,"[[""geostat_trade_export-country-1995-2026"",""1995-2025-years"",""V168""],[""geostat_trade_domestic-export-country-2014-2026"",""2014-2025-years"",""C168""]]",derived
2014,goods,country,partner.1995-2025.702,reexports,5466026.87616252224000,numeric,unspecified,"[[""geostat_trade_export-country-1995-2026"",""1995-2025-years"",""V169""],[""geostat_trade_domestic-export-country-2014-2026"",""2014-2025-years"",""C169""]]",derived
2014,goods,country,partner.1995-2025.703,reexports,7923.384972075000,numeric,unspecified,"[[""geostat_trade_export-country-1995-2026"",""1995-2025-years"",""V31""],[""geostat_trade_domestic-export-country-2014-2026"",""2014-2025-years"",""C31""]]",derived
2014,goods,country,partner.1995-2025.704,reexports,0,numeric,unspecified,"[[""geostat_trade_export-country-1995-2026"",""1995-2025-years"",""V193""],[""geostat_trade_domestic-export-country-2014-2026"",""2014-2025-years"",""C192""]]",derived
2014,goods,country,partner.1995-2025.705,reexports,0E-13,numeric,unspecified,"[[""geostat_trade_export-country-1995-2026"",""1995-2025-years"",""V32""],[""geostat_trade_domestic-export-country-2014-2026"",""2014-2025-years"",""C32""]]",derived
2014,goods,country,partner.1995-2025.706,reexports,0,numeric,unspecified,"[[""geostat_trade_export-country-1995-2026"",""1995-2025-years"",""V171""],[""geostat_trade_domestic-export-country-2014-2026"",""2014-2025-years"",""C171""]]",derived
2014,goods,country,partner.1995-2025.710,reexports,3.000E-11,numeric,unspecified,"[[""geostat_trade_export-country-1995-2026"",""1995-2025-years"",""V172""],[""geostat_trade_domestic-export-country-2014-2026"",""2014-2025-years"",""C172""]]",derived
2014,goods,country,partner.1995-2025.716,reexports,-9.000E-10,numeric,unspecified,"[[""geostat_trade_export-country-1995-2026"",""1995-2025-years"",""V198""],[""geostat_trade_domestic-export-country-2014-2026"",""2014-2025-years"",""C197""]]",derived
2014,goods,country,partner.1995-2025.724,reexports,37791797.116848444000,numeric,unspecified,"[[""geostat_trade_export-country-1995-2026"",""1995-2025-years"",""V33""],[""geostat_trade_domestic-export-country-2014-2026"",""2014-2025-years"",""C33""]]",derived
2014,goods,country,partner.1995-2025.729,reexports,21142.545008414391000,numeric,unspecified,"[[""geostat_trade_export-country-1995-2026"",""1995-2025-years"",""V175""],[""geostat_trade_domestic-export-country-2014-2026"",""2014-2025-years"",""C174""]]",derived
2014,goods,country,partner.1995-2025.740,reexports,0,numeric,unspecified,"[[""geostat_trade_export-country-1995-2026"",""1995-2025-years"",""V176""],[""geostat_trade_domestic-export-country-2014-2026"",""2014-2025-years"",""C175""]]",derived
2014,goods,country,partner.1995-2025.752,reexports,98348.22632614456000,numeric,unspecified,"[[""geostat_trade_export-country-1995-2026"",""1995-2025-years"",""V34""],[""geostat_trade_domestic-export-country-2014-2026"",""2014-2025-years"",""C34""]]",derived
2014,goods,country,partner.1995-2025.756,reexports,4277700.575727456000,numeric,unspecified,"[[""geostat_trade_export-country-1995-2026"",""1995-2025-years"",""V177""],[""geostat_trade_domestic-export-country-2014-2026"",""2014-2025-years"",""C176""]]",derived
2014,goods,country,partner.1995-2025.760,reexports,1142.5612702795980000,numeric,unspecified,"[[""geostat_trade_export-country-1995-2026"",""1995-2025-years"",""V178""],[""geostat_trade_domestic-export-country-2014-2026"",""2014-2025-years"",""C177""]]",derived
2014,goods,country,partner.1995-2025.762,reexports,6969419.0225950974000,numeric,unspecified,"[[""geostat_trade_export-country-1995-2026"",""1995-2025-years"",""V44""],[""geostat_trade_domestic-export-country-2014-2026"",""2014-2025-years"",""C44""]]",derived
2014,goods,country,partner.1995-2025.764,reexports,2.2000E-10,numeric,unspecified,"[[""geostat_trade_export-country-1995-2026"",""1995-2025-years"",""V181""],[""geostat_trade_domestic-export-country-2014-2026"",""2014-2025-years"",""C180""]]",derived
2014,goods,country,partner.1995-2025.768,reexports,0,numeric,unspecified,"[[""geostat_trade_export-country-1995-2026"",""1995-2025-years"",""V182""],[""geostat_trade_domestic-export-country-2014-2026"",""2014-2025-years"",""C181""]]",derived
2014,goods,country,partner.1995-2025.780,reexports,0E-15,numeric,unspecified,"[[""geostat_trade_export-country-1995-2026"",""1995-2025-years"",""V183""],[""geostat_trade_domestic-export-country-2014-2026"",""2014-2025-years"",""C182""]]",derived
2014,goods,country,partner.1995-2025.784,reexports,23412433.7323812267000,numeric,unspecified,"[[""geostat_trade_export-country-1995-2026"",""1995-2025-years"",""V188""],[""geostat_trade_domestic-export-country-2014-2026"",""2014-2025-years"",""C187""]]",derived
2014,goods,country,partner.1995-2025.788,reexports,0.000,numeric,unspecified,"[[""geostat_trade_export-country-1995-2026"",""1995-2025-years"",""V184""],[""geostat_trade_domestic-export-country-2014-2026"",""2014-2025-years"",""C183""]]",derived
2014,goods,country,partner.1995-2025.792,reexports,13201161.69727518000,numeric,unspecified,"[[""geostat_trade_export-country-1995-2026"",""1995-2025-years"",""V185""],[""geostat_trade_domestic-export-country-2014-2026"",""2014-2025-years"",""C184""]]",derived
2014,goods,country,partner.1995-2025.795,reexports,9817701.9147439839000,numeric,unspecified,"[[""geostat_trade_export-country-1995-2026"",""1995-2025-years"",""V45""],[""geostat_trade_domestic-export-country-2014-2026"",""2014-2025-years"",""C45""]]",derived
2014,goods,country,partner.1995-2025.796,reexports,0,numeric,unspecified,"[[""geostat_trade_export-country-1995-2026"",""1995-2025-years"",""V186""],[""geostat_trade_domestic-export-country-2014-2026"",""2014-2025-years"",""C185""]]",derived
2014,goods,country,partner.1995-2025.800,reexports,0,numeric,unspecified,"[[""geostat_trade_export-country-1995-2026"",""1995-2025-years"",""V187""],[""geostat_trade_domestic-export-country-2014-2026"",""2014-2025-years"",""C186""]]",derived
2014,goods,country,partner.1995-2025.804,reexports,4523078.96377620000,numeric,unspecified,"[[""geostat_trade_export-country-1995-2026"",""1995-2025-years"",""V46""],[""geostat_trade_domestic-export-country-2014-2026"",""2014-2025-years"",""C46""]]",derived
2014,goods,country,partner.1995-2025.818,reexports,598698.6900000057000,numeric,unspecified,"[[""geostat_trade_export-country-1995-2026"",""1995-2025-years"",""V90""],[""geostat_trade_domestic-export-country-2014-2026"",""2014-2025-years"",""C90""]]",derived
2014,goods,country,partner.1995-2025.826,reexports,7862246.560230818000,numeric,unspecified,"[[""geostat_trade_export-country-1995-2026"",""1995-2025-years"",""V189""],[""geostat_trade_domestic-export-country-2014-2026"",""2014-2025-years"",""C188""]]",derived
2014,goods,country,partner.1995-2025.834,reexports,2.000E-10,numeric,unspecified,"[[""geostat_trade_export-country-1995-2026"",""1995-2025-years"",""V180""],[""geostat_trade_domestic-export-country-2014-2026"",""2014-2025-years"",""C179""]]",derived
2014,goods,country,partner.1995-2025.840,reexports,6940637.73623930000,numeric,unspecified,"[[""geostat_trade_export-country-1995-2026"",""1995-2025-years"",""V190""],[""geostat_trade_domestic-export-country-2014-2026"",""2014-2025-years"",""C189""]]",derived
2014,goods,country,partner.1995-2025.850,reexports,0,numeric,unspecified,"[[""geostat_trade_export-country-1995-2026"",""1995-2025-years"",""V195""],[""geostat_trade_domestic-export-country-2014-2026"",""2014-2025-years"",""C194""]]",derived
2014,goods,country,partner.1995-2025.854,reexports,0,numeric,unspecified,"[[""geostat_trade_export-country-1995-2026"",""1995-2025-years"",""V70""],[""geostat_trade_domestic-export-country-2014-2026"",""2014-2025-years"",""C70""]]",derived
2014,goods,country,partner.1995-2025.858,reexports,0E-14,numeric,unspecified,"[[""geostat_trade_export-country-1995-2026"",""1995-2025-years"",""V191""],[""geostat_trade_domestic-export-country-2014-2026"",""2014-2025-years"",""C190""]]",derived
2014,goods,country,partner.1995-2025.860,reexports,41623442.409023026000,numeric,unspecified,"[[""geostat_trade_export-country-1995-2026"",""1995-2025-years"",""V47""],[""geostat_trade_domestic-export-country-2014-2026"",""2014-2025-years"",""C47""]]",derived
2014,goods,country,partner.1995-2025.862,reexports,0,numeric,unspecified,"[[""geostat_trade_export-country-1995-2026"",""1995-2025-years"",""V192""],[""geostat_trade_domestic-export-country-2014-2026"",""2014-2025-years"",""C191""]]",derived
2014,goods,country,partner.1995-2025.887,reexports,0,numeric,unspecified,"[[""geostat_trade_export-country-1995-2026"",""1995-2025-years"",""V196""],[""geostat_trade_domestic-export-country-2014-2026"",""2014-2025-years"",""C195""]]",derived
2014,goods,country,partner.1995-2025.891,reexports,14237.58249392150000,numeric,unspecified,"[[""geostat_trade_export-country-1995-2026"",""1995-2025-years"",""V166""],[""geostat_trade_domestic-export-country-2014-2026"",""2014-2025-years"",""C166""]]",derived
2014,goods,country,partner.1995-2025.894,reexports,0,numeric,unspecified,"[[""geostat_trade_export-country-1995-2026"",""1995-2025-years"",""V197""],[""geostat_trade_domestic-export-country-2014-2026"",""2014-2025-years"",""C196""]]",derived
2014,goods,national,goods.total,reexports,1044615300.4820242000000,numeric,unspecified,"[[""geostat_trade_ftrade-1995-2026"",""1995-2026"",""U5""],[""geostat_trade_domestic-export-country-2014-2026"",""2014-2025-years"",""C5""]]",derived
2014,goods,national,goods.total,trade_balance,-5740769175.8761557000000,numeric,unspecified,"[[""geostat_trade_ftrade-1995-2026"",""1995-2026"",""U5""],[""geostat_trade_ftrade-1995-2026"",""1995-2026"",""U20""]]",derived
2014,goods,national,goods.total,trade_turnover,11462859533.2178829000000,numeric,unspecified,"[[""geostat_trade_ftrade-1995-2026"",""1995-2026"",""U5""],[""geostat_trade_ftrade-1995-2026"",""1995-2026"",""U20""]]",derived
2014,goods,product,goods.hs4.2000-2014.0102,reexports,183134.471396450000,numeric,unspecified,"[[""geostat_trade_export-product-by-4-digit-2000-2014"",""2000-2014-years"",""Q8""],[""geostat_trade_domestic-exports-by-4-digit-2014-2026"",""2014 year"",""C7""]]",derived
2014,goods,product,goods.hs4.2000-2014.0104,reexports,4261770.000000000000,numeric,unspecified,"[[""geostat_trade_export-product-by-4-digit-2000-2014"",""2000-2014-years"",""Q10""],[""geostat_trade_domestic-exports-by-4-digit-2014-2026"",""2014 year"",""C8""]]",derived
2014,goods,product,goods.hs4.2000-2014.0105,reexports,109220.00,numeric,unspecified,"[[""geostat_trade_export-product-by-4-digit-2000-2014"",""2000-2014-years"",""Q11""],[""geostat_trade_domestic-exports-by-4-digit-2014-2026"",""2014 year"",""C9""]]",derived
2014,goods,product,goods.hs4.2000-2014.0204,reexports,0E-14,numeric,unspecified,"[[""geostat_trade_export-product-by-4-digit-2000-2014"",""2000-2014-years"",""Q16""],[""geostat_trade_domestic-exports-by-4-digit-2014-2026"",""2014 year"",""C10""]]",derived
2014,goods,product,goods.hs4.2000-2014.0207,reexports,796005.88414114489000,numeric,unspecified,"[[""geostat_trade_export-product-by-4-digit-2000-2014"",""2000-2014-years"",""Q18""],[""geostat_trade_domestic-exports-by-4-digit-2014-2026"",""2014 year"",""C11""]]",derived
2014,goods,product,goods.hs4.2000-2014.0302,reexports,0E-13,numeric,unspecified,"[[""geostat_trade_export-product-by-4-digit-2000-2014"",""2000-2014-years"",""Q22""],[""geostat_trade_domestic-exports-by-4-digit-2014-2026"",""2014 year"",""C12""]]",derived
2014,goods,product,goods.hs4.2000-2014.0303,reexports,1466302.88000000009000,numeric,unspecified,"[[""geostat_trade_export-product-by-4-digit-2000-2014"",""2000-2014-years"",""Q23""],[""geostat_trade_domestic-exports-by-4-digit-2014-2026"",""2014 year"",""C13""]]",derived
2014,goods,product,goods.hs4.2000-2014.0504,reexports,0E-15,numeric,unspecified,"[[""geostat_trade_export-product-by-4-digit-2000-2014"",""2000-2014-years"",""Q39""],[""geostat_trade_domestic-exports-by-4-digit-2014-2026"",""2014 year"",""C14""]]",derived
2014,goods,product,goods.hs4.2000-2014.0701,reexports,15528.05015270860000,numeric,unspecified,"[[""geostat_trade_export-product-by-4-digit-2000-2014"",""2000-2014-years"",""Q50""],[""geostat_trade_domestic-exports-by-4-digit-2014-2026"",""2014 year"",""C15""]]",derived
2014,goods,product,goods.hs4.2000-2014.0702,reexports,451525.83470105563000,numeric,unspecified,"[[""geostat_trade_export-product-by-4-digit-2000-2014"",""2000-2014-years"",""Q51""],[""geostat_trade_domestic-exports-by-4-digit-2014-2026"",""2014 year"",""C16""]]",derived
2014,goods,product,goods.hs4.2000-2014.0707,reexports,0E-16,numeric,unspecified,"[[""geostat_trade_export-product-by-4-digit-2000-2014"",""2000-2014-years"",""Q56""],[""geostat_trade_domestic-exports-by-4-digit-2014-2026"",""2014 year"",""C17""]]",derived
2014,goods,product,goods.hs4.2000-2014.0709,reexports,317777.2609637032000,numeric,unspecified,"[[""geostat_trade_export-product-by-4-digit-2000-2014"",""2000-2014-years"",""Q58""],[""geostat_trade_domestic-exports-by-4-digit-2014-2026"",""2014 year"",""C18""]]",derived
2014,goods,product,goods.hs4.2000-2014.0802,reexports,888776.99999997000,numeric,unspecified,"[[""geostat_trade_export-product-by-4-digit-2000-2014"",""2000-2014-years"",""Q65""],[""geostat_trade_domestic-exports-by-4-digit-2014-2026"",""2014 year"",""C19""]]",derived
2014,goods,product,goods.hs4.2000-2014.0805,reexports,1764104.707891124000,numeric,unspecified,"[[""geostat_trade_export-product-by-4-digit-2000-2014"",""2000-2014-years"",""Q68""],[""geostat_trade_domestic-exports-by-4-digit-2014-2026"",""2014 year"",""C20""]]",derived
2014,goods,product,goods.hs4.2000-2014.0808,reexports,517323.19254191872000,numeric,unspecified,"[[""geostat_trade_export-product-by-4-digit-2000-2014"",""2000-2014-years"",""Q71""],[""geostat_trade_domestic-exports-by-4-digit-2014-2026"",""2014 year"",""C21""]]",derived
2014,goods,product,goods.hs4.2000-2014.0809,reexports,9123.0393386577000,numeric,unspecified,"[[""geostat_trade_export-product-by-4-digit-2000-2014"",""2000-2014-years"",""Q72""],[""geostat_trade_domestic-exports-by-4-digit-2014-2026"",""2014 year"",""C22""]]",derived
2014,goods,product,goods.hs4.2000-2014.0810,reexports,137679.2764363877000,numeric,unspecified,"[[""geostat_trade_export-product-by-4-digit-2000-2014"",""2000-2014-years"",""Q73""],[""geostat_trade_domestic-exports-by-4-digit-2014-2026"",""2014 year"",""C23""]]",derived
2014,goods,product,goods.hs4.2000-2014.0813,reexports,29192.39999999988000,numeric,unspecified,"[[""geostat_trade_export-product-by-4-digit-2000-2014"",""2000-2014-years"",""Q76""],[""geostat_trade_domestic-exports-by-4-digit-2014-2026"",""2014 year"",""C24""]]",derived
2014,goods,product,goods.hs4.2000-2014.0902,reexports,73868.1270790903000,numeric,unspecified,"[[""geostat_trade_export-product-by-4-digit-2000-2014"",""2000-2014-years"",""Q78""],[""geostat_trade_domestic-exports-by-4-digit-2014-2026"",""2014 year"",""C25""]]",derived
2014,goods,product,goods.hs4.2000-2014.0910,reexports,83046.3045789875000,numeric,unspecified,"[[""geostat_trade_export-product-by-4-digit-2000-2014"",""2000-2014-years"",""Q86""],[""geostat_trade_domestic-exports-by-4-digit-2014-2026"",""2014 year"",""C26""]]",derived
2014,goods,product,goods.hs4.2000-2014.1005,reexports,723066.0100000005000,numeric,unspecified,"[[""geostat_trade_export-product-by-4-digit-2000-2014"",""2000-2014-years"",""Q89""],[""geostat_trade_domestic-exports-by-4-digit-2014-2026"",""2014 year"",""C27""]]",derived
2014,goods,product,goods.hs4.2000-2014.1106,reexports,0E-13,numeric,unspecified,"[[""geostat_trade_export-product-by-4-digit-2000-2014"",""2000-2014-years"",""Q98""],[""geostat_trade_domestic-exports-by-4-digit-2014-2026"",""2014 year"",""C28""]]",derived
2014,goods,product,goods.hs4.2000-2014.1206,reexports,0E-14,numeric,unspecified,"[[""geostat_trade_export-product-by-4-digit-2000-2014"",""2000-2014-years"",""Q104""],[""geostat_trade_domestic-exports-by-4-digit-2014-2026"",""2014 year"",""C29""]]",derived
2014,goods,product,goods.hs4.2000-2014.1211,reexports,37999.9999999999000,numeric,unspecified,"[[""geostat_trade_export-product-by-4-digit-2000-2014"",""2000-2014-years"",""Q109""],[""geostat_trade_domestic-exports-by-4-digit-2014-2026"",""2014 year"",""C30""]]",derived
2014,goods,product,goods.hs4.2000-2014.1504,reexports,0E-13,numeric,unspecified,"[[""geostat_trade_export-product-by-4-digit-2000-2014"",""2000-2014-years"",""Q119""],[""geostat_trade_domestic-exports-by-4-digit-2014-2026"",""2014 year"",""C31""]]",derived
2014,goods,product,goods.hs4.2000-2014.1515,reexports,1409.9000000001000,numeric,unspecified,"[[""geostat_trade_export-product-by-4-digit-2000-2014"",""2000-2014-years"",""Q127""],[""geostat_trade_domestic-exports-by-4-digit-2014-2026"",""2014 year"",""C32""]]",derived
2014,goods,product,goods.hs4.2000-2014.1516,reexports,0.00000,numeric,unspecified,"[[""geostat_trade_export-product-by-4-digit-2000-2014"",""2000-2014-years"",""Q128""],[""geostat_trade_domestic-exports-by-4-digit-2014-2026"",""2014 year"",""C33""]]",derived
2014,goods,product,goods.hs4.2000-2014.1806,reexports,142635.37402543126000,numeric,unspecified,"[[""geostat_trade_export-product-by-4-digit-2000-2014"",""2000-2014-years"",""Q143""],[""geostat_trade_domestic-exports-by-4-digit-2014-2026"",""2014 year"",""C34""]]",derived
2014,goods,product,goods.hs4.2000-2014.2007,reexports,0E-12,numeric,unspecified,"[[""geostat_trade_export-product-by-4-digit-2000-2014"",""2000-2014-years"",""Q154""],[""geostat_trade_domestic-exports-by-4-digit-2014-2026"",""2014 year"",""C35""]]",derived
2014,goods,product,goods.hs4.2000-2014.2008,reexports,26922.6776475552000,numeric,unspecified,"[[""geostat_trade_export-product-by-4-digit-2000-2014"",""2000-2014-years"",""Q155""],[""geostat_trade_domestic-exports-by-4-digit-2014-2026"",""2014 year"",""C36""]]",derived
2014,goods,product,goods.hs4.2000-2014.2009,reexports,0E-12,numeric,unspecified,"[[""geostat_trade_export-product-by-4-digit-2000-2014"",""2000-2014-years"",""Q156""],[""geostat_trade_domestic-exports-by-4-digit-2014-2026"",""2014 year"",""C37""]]",derived
2014,goods,product,goods.hs4.2000-2014.2101,reexports,8040.77227881422000,numeric,unspecified,"[[""geostat_trade_export-product-by-4-digit-2000-2014"",""2000-2014-years"",""Q157""],[""geostat_trade_domestic-exports-by-4-digit-2014-2026"",""2014 year"",""C38""]]",derived
2014,goods,product,goods.hs4.2000-2014.2103,reexports,16287.4548829306000,numeric,unspecified,"[[""geostat_trade_export-product-by-4-digit-2000-2014"",""2000-2014-years"",""Q159""],[""geostat_trade_domestic-exports-by-4-digit-2014-2026"",""2014 year"",""C39""]]",derived
2014,goods,product,goods.hs4.2000-2014.2106,reexports,1137720.7762357175000,numeric,unspecified,"[[""geostat_trade_export-product-by-4-digit-2000-2014"",""2000-2014-years"",""Q162""],[""geostat_trade_domestic-exports-by-4-digit-2014-2026"",""2014 year"",""C40""]]",derived
2014,goods,product,goods.hs4.2000-2014.2201,reexports,290.00000001000,numeric,unspecified,"[[""geostat_trade_export-product-by-4-digit-2000-2014"",""2000-2014-years"",""Q163""],[""geostat_trade_domestic-exports-by-4-digit-2014-2026"",""2014 year"",""C41""]]",derived
2014,goods,product,goods.hs4.2000-2014.2202,reexports,226466.260000001000,numeric,unspecified,"[[""geostat_trade_export-product-by-4-digit-2000-2014"",""2000-2014-years"",""Q164""],[""geostat_trade_domestic-exports-by-4-digit-2014-2026"",""2014 year"",""C42""]]",derived
2014,goods,product,goods.hs4.2000-2014.2203,reexports,349764.6309054839000,numeric,unspecified,"[[""geostat_trade_export-product-by-4-digit-2000-2014"",""2000-2014-years"",""Q165""],[""geostat_trade_domestic-exports-by-4-digit-2014-2026"",""2014 year"",""C43""]]",derived
2014,goods,product,goods.hs4.2000-2014.2204,reexports,3349097.28422589000,numeric,unspecified,"[[""geostat_trade_export-product-by-4-digit-2000-2014"",""2000-2014-years"",""Q166""],[""geostat_trade_domestic-exports-by-4-digit-2014-2026"",""2014 year"",""C44""]]",derived
2014,goods,product,goods.hs4.2000-2014.2208,reexports,40522289.859438424000,numeric,unspecified,"[[""geostat_trade_export-product-by-4-digit-2000-2014"",""2000-2014-years"",""Q170""],[""geostat_trade_domestic-exports-by-4-digit-2014-2026"",""2014 year"",""C45""]]",derived
2014,goods,product,goods.hs4.2000-2014.2301,reexports,0E-12,numeric,unspecified,"[[""geostat_trade_export-product-by-4-digit-2000-2014"",""2000-2014-years"",""Q172""],[""geostat_trade_domestic-exports-by-4-digit-2014-2026"",""2014 year"",""C46""]]",derived
2014,goods,product,goods.hs4.2000-2014.2309,reexports,0E-15,numeric,unspecified,"[[""geostat_trade_export-product-by-4-digit-2000-2014"",""2000-2014-years"",""Q180""],[""geostat_trade_domestic-exports-by-4-digit-2014-2026"",""2014 year"",""C47""]]",derived
2014,goods,product,goods.hs4.2000-2014.2508,reexports,0E-13,numeric,unspecified,"[[""geostat_trade_export-product-by-4-digit-2000-2014"",""2000-2014-years"",""Q191""],[""geostat_trade_domestic-exports-by-4-digit-2014-2026"",""2014 year"",""C48""]]",derived
2014,goods,product,goods.hs4.2000-2014.2522,reexports,17627.95999999998000,numeric,unspecified,"[[""geostat_trade_export-product-by-4-digit-2000-2014"",""2000-2014-years"",""Q204""],[""geostat_trade_domestic-exports-by-4-digit-2014-2026"",""2014 year"",""C49""]]",derived
2014,goods,product,goods.hs4.2000-2014.2602,reexports,0E-13,numeric,unspecified,"[[""geostat_trade_export-product-by-4-digit-2000-2014"",""2000-2014-years"",""Q212""],[""geostat_trade_domestic-exports-by-4-digit-2014-2026"",""2014 year"",""C50""]]",derived
2014,goods,product,goods.hs4.2000-2014.2603,reexports,177615231.513333939000,numeric,unspecified,"[[""geostat_trade_export-product-by-4-digit-2000-2014"",""2000-2014-years"",""Q213""],[""geostat_trade_domestic-exports-by-4-digit-2014-2026"",""2014 year"",""C51""]]",derived
2014,goods,product,goods.hs4.2000-2014.2710,reexports,8141072.31601110915000,numeric,unspecified,"[[""geostat_trade_export-product-by-4-digit-2000-2014"",""2000-2014-years"",""Q230""],[""geostat_trade_domestic-exports-by-4-digit-2014-2026"",""2014 year"",""C52""]]",derived
2014,goods,product,goods.hs4.2000-2014.2716,reexports,0E-12,numeric,unspecified,"[[""geostat_trade_export-product-by-4-digit-2000-2014"",""2000-2014-years"",""Q236""],[""geostat_trade_domestic-exports-by-4-digit-2014-2026"",""2014 year"",""C53""]]",derived
2014,goods,product,goods.hs4.2000-2014.2820,reexports,0E-13,numeric,unspecified,"[[""geostat_trade_export-product-by-4-digit-2000-2014"",""2000-2014-years"",""Q253""],[""geostat_trade_domestic-exports-by-4-digit-2014-2026"",""2014 year"",""C54""]]",derived
2014,goods,product,goods.hs4.2000-2014.2837,reexports,0E-13,numeric,unspecified,"[[""geostat_trade_export-product-by-4-digit-2000-2014"",""2000-2014-years"",""Q269""],[""geostat_trade_domestic-exports-by-4-digit-2014-2026"",""2014 year"",""C55""]]",derived
2014,goods,product,goods.hs4.2000-2014.3004,reexports,77256272.849644929000,numeric,unspecified,"[[""geostat_trade_export-product-by-4-digit-2000-2014"",""2000-2014-years"",""Q316""],[""geostat_trade_domestic-exports-by-4-digit-2014-2026"",""2014 year"",""C56""]]",derived
2014,goods,product,goods.hs4.2000-2014.3006,reexports,536424.09428288704000,numeric,unspecified,"[[""geostat_trade_export-product-by-4-digit-2000-2014"",""2000-2014-years"",""Q318""],[""geostat_trade_domestic-exports-by-4-digit-2014-2026"",""2014 year"",""C57""]]",derived
2014,goods,product,goods.hs4.2000-2014.3102,reexports,0E-11,numeric,unspecified,"[[""geostat_trade_export-product-by-4-digit-2000-2014"",""2000-2014-years"",""Q320""],[""geostat_trade_domestic-exports-by-4-digit-2014-2026"",""2014 year"",""C58""]]",derived
2014,goods,product,goods.hs4.2000-2014.3923,reexports,435098.0295780319000,numeric,unspecified,"[[""geostat_trade_export-product-by-4-digit-2000-2014"",""2000-2014-years"",""Q415""],[""geostat_trade_domestic-exports-by-4-digit-2014-2026"",""2014 year"",""C59""]]",derived
2014,goods,product,goods.hs4.2000-2014.3926,reexports,1692500.07986390165000,numeric,unspecified,"[[""geostat_trade_export-product-by-4-digit-2000-2014"",""2000-2014-years"",""Q418""],[""geostat_trade_domestic-exports-by-4-digit-2014-2026"",""2014 year"",""C60""]]",derived
2014,goods,product,goods.hs4.2000-2014.4407,reexports,1117311.164406615000,numeric,unspecified,"[[""geostat_trade_export-product-by-4-digit-2000-2014"",""2000-2014-years"",""Q457""],[""geostat_trade_domestic-exports-by-4-digit-2014-2026"",""2014 year"",""C61""]]",derived
2014,goods,product,goods.hs4.2000-2014.4410,reexports,182480.6073001737000,numeric,unspecified,"[[""geostat_trade_export-product-by-4-digit-2000-2014"",""2000-2014-years"",""Q460""],[""geostat_trade_domestic-exports-by-4-digit-2014-2026"",""2014 year"",""C62""]]",derived
2014,goods,product,goods.hs4.2000-2014.4418,reexports,86132.44007651156000,numeric,unspecified,"[[""geostat_trade_export-product-by-4-digit-2000-2014"",""2000-2014-years"",""Q468""],[""geostat_trade_domestic-exports-by-4-digit-2014-2026"",""2014 year"",""C63""]]",derived
2014,goods,product,goods.hs4.2000-2014.4421,reexports,23908.72396202309000,numeric,unspecified,"[[""geostat_trade_export-product-by-4-digit-2000-2014"",""2000-2014-years"",""Q471""],[""geostat_trade_domestic-exports-by-4-digit-2014-2026"",""2014 year"",""C64""]]",derived
2014,goods,product,goods.hs4.2000-2014.4707,reexports,0E-14,numeric,unspecified,"[[""geostat_trade_export-product-by-4-digit-2000-2014"",""2000-2014-years"",""Q478""],[""geostat_trade_domestic-exports-by-4-digit-2014-2026"",""2014 year"",""C65""]]",derived
2014,goods,product,goods.hs4.2000-2014.4805,reexports,28605.59999999998000,numeric,unspecified,"[[""geostat_trade_export-product-by-4-digit-2000-2014"",""2000-2014-years"",""Q483""],[""geostat_trade_domestic-exports-by-4-digit-2014-2026"",""2014 year"",""C66""]]",derived
2014,goods,product,goods.hs4.2000-2014.5605,reexports,0E-15,numeric,unspecified,"[[""geostat_trade_export-product-by-4-digit-2000-2014"",""2000-2014-years"",""Q559""],[""geostat_trade_domestic-exports-by-4-digit-2014-2026"",""2014 year"",""C67""]]",derived
2014,goods,product,goods.hs4.2000-2014.6102,reexports,21242.60662047084000,numeric,unspecified,"[[""geostat_trade_export-product-by-4-digit-2000-2014"",""2000-2014-years"",""Q592""],[""geostat_trade_domestic-exports-by-4-digit-2014-2026"",""2014 year"",""C68""]]",derived
2014,goods,product,goods.hs4.2000-2014.6103,reexports,63151.9843839733000,numeric,unspecified,"[[""geostat_trade_export-product-by-4-digit-2000-2014"",""2000-2014-years"",""Q593""],[""geostat_trade_domestic-exports-by-4-digit-2014-2026"",""2014 year"",""C69""]]",derived
2014,goods,product,goods.hs4.2000-2014.6104,reexports,474193.10866902906000,numeric,unspecified,"[[""geostat_trade_export-product-by-4-digit-2000-2014"",""2000-2014-years"",""Q594""],[""geostat_trade_domestic-exports-by-4-digit-2014-2026"",""2014 year"",""C70""]]",derived
2014,goods,product,goods.hs4.2000-2014.6109,reexports,1578587.178776827000,numeric,unspecified,"[[""geostat_trade_export-product-by-4-digit-2000-2014"",""2000-2014-years"",""Q599""],[""geostat_trade_domestic-exports-by-4-digit-2014-2026"",""2014 year"",""C71""]]",derived
2014,goods,product,goods.hs4.2000-2014.6110,reexports,1669563.32575837272000,numeric,unspecified,"[[""geostat_trade_export-product-by-4-digit-2000-2014"",""2000-2014-years"",""Q600""],[""geostat_trade_domestic-exports-by-4-digit-2014-2026"",""2014 year"",""C72""]]",derived
2014,goods,product,goods.hs4.2000-2014.6201,reexports,376910.4484732998000,numeric,unspecified,"[[""geostat_trade_export-product-by-4-digit-2000-2014"",""2000-2014-years"",""Q608""],[""geostat_trade_domestic-exports-by-4-digit-2014-2026"",""2014 year"",""C73""]]",derived
2014,goods,product,goods.hs4.2000-2014.6202,reexports,505507.7082247481000,numeric,unspecified,"[[""geostat_trade_export-product-by-4-digit-2000-2014"",""2000-2014-years"",""Q609""],[""geostat_trade_domestic-exports-by-4-digit-2014-2026"",""2014 year"",""C74""]]",derived
2014,goods,product,goods.hs4.2000-2014.6203,reexports,1849166.04174357265000,numeric,unspecified,"[[""geostat_trade_export-product-by-4-digit-2000-2014"",""2000-2014-years"",""Q610""],[""geostat_trade_domestic-exports-by-4-digit-2014-2026"",""2014 year"",""C75""]]",derived
2014,goods,product,goods.hs4.2000-2014.6204,reexports,2101214.8671600435000,numeric,unspecified,"[[""geostat_trade_export-product-by-4-digit-2000-2014"",""2000-2014-years"",""Q611""],[""geostat_trade_domestic-exports-by-4-digit-2014-2026"",""2014 year"",""C76""]]",derived
2014,goods,product,goods.hs4.2000-2014.6206,reexports,450667.9586948576000,numeric,unspecified,"[[""geostat_trade_export-product-by-4-digit-2000-2014"",""2000-2014-years"",""Q613""],[""geostat_trade_domestic-exports-by-4-digit-2014-2026"",""2014 year"",""C77""]]",derived
2014,goods,product,goods.hs4.2000-2014.6212,reexports,531948.8056219738108000,numeric,unspecified,"[[""geostat_trade_export-product-by-4-digit-2000-2014"",""2000-2014-years"",""Q619""],[""geostat_trade_domestic-exports-by-4-digit-2014-2026"",""2014 year"",""C78""]]",derived
2014,goods,product,goods.hs4.2000-2014.6305,reexports,3758.430161744755000,numeric,unspecified,"[[""geostat_trade_export-product-by-4-digit-2000-2014"",""2000-2014-years"",""Q629""],[""geostat_trade_domestic-exports-by-4-digit-2014-2026"",""2014 year"",""C79""]]",derived
2014,goods,product,goods.hs4.2000-2014.6403,reexports,497480.97528529331000,numeric,unspecified,"[[""geostat_trade_export-product-by-4-digit-2000-2014"",""2000-2014-years"",""Q637""],[""geostat_trade_domestic-exports-by-4-digit-2014-2026"",""2014 year"",""C80""]]",derived
2014,goods,product,goods.hs4.2000-2014.6809,reexports,43787.8123192531000,numeric,unspecified,"[[""geostat_trade_export-product-by-4-digit-2000-2014"",""2000-2014-years"",""Q661""],[""geostat_trade_domestic-exports-by-4-digit-2014-2026"",""2014 year"",""C81""]]",derived
2014,goods,product,goods.hs4.2000-2014.7010,reexports,16729.5719044905000,numeric,unspecified,"[[""geostat_trade_export-product-by-4-digit-2000-2014"",""2000-2014-years"",""Q690""],[""geostat_trade_domestic-exports-by-4-digit-2014-2026"",""2014 year"",""C82""]]",derived
2014,goods,product,goods.hs4.2000-2014.7108,reexports,0E-12,numeric,unspecified,"[[""geostat_trade_export-product-by-4-digit-2000-2014"",""2000-2014-years"",""Q705""],[""geostat_trade_domestic-exports-by-4-digit-2014-2026"",""2014 year"",""C83""]]",derived
2014,goods,product,goods.hs4.2000-2014.7112,reexports,0E-13,numeric,unspecified,"[[""geostat_trade_export-product-by-4-digit-2000-2014"",""2000-2014-years"",""Q708""],[""geostat_trade_domestic-exports-by-4-digit-2014-2026"",""2014 year"",""C84""]]",derived
2014,goods,product,goods.hs4.2000-2014.7115,reexports,0E-13,numeric,unspecified,"[[""geostat_trade_export-product-by-4-digit-2000-2014"",""2000-2014-years"",""Q711""],[""geostat_trade_domestic-exports-by-4-digit-2014-2026"",""2014 year"",""C85""]]",derived
2014,goods,product,goods.hs4.2000-2014.7202,reexports,85118.14999999000,numeric,unspecified,"[[""geostat_trade_export-product-by-4-digit-2000-2014"",""2000-2014-years"",""Q716""],[""geostat_trade_domestic-exports-by-4-digit-2014-2026"",""2014 year"",""C86""]]",derived
2014,goods,product,goods.hs4.2000-2014.7204,reexports,0E-13,numeric,unspecified,"[[""geostat_trade_export-product-by-4-digit-2000-2014"",""2000-2014-years"",""Q717""],[""geostat_trade_domestic-exports-by-4-digit-2014-2026"",""2014 year"",""C87""]]",derived
2014,goods,product,goods.hs4.2000-2014.7207,reexports,0E-12,numeric,unspecified,"[[""geostat_trade_export-product-by-4-digit-2000-2014"",""2000-2014-years"",""Q720""],[""geostat_trade_domestic-exports-by-4-digit-2014-2026"",""2014 year"",""C88""]]",derived
2014,goods,product,goods.hs4.2000-2014.7214,reexports,0E-12,numeric,unspecified,"[[""geostat_trade_export-product-by-4-digit-2000-2014"",""2000-2014-years"",""Q727""],[""geostat_trade_domestic-exports-by-4-digit-2014-2026"",""2014 year"",""C89""]]",derived
2014,goods,product,goods.hs4.2000-2014.7304,reexports,51045.851263687000,numeric,unspecified,"[[""geostat_trade_export-product-by-4-digit-2000-2014"",""2000-2014-years"",""Q745""],[""geostat_trade_domestic-exports-by-4-digit-2014-2026"",""2014 year"",""C90""]]",derived
2014,goods,product,goods.hs4.2000-2014.7307,reexports,10894.26356624013000,numeric,unspecified,"[[""geostat_trade_export-product-by-4-digit-2000-2014"",""2000-2014-years"",""Q748""],[""geostat_trade_domestic-exports-by-4-digit-2014-2026"",""2014 year"",""C91""]]",derived
2014,goods,product,goods.hs4.2000-2014.7326,reexports,177859.65831113523000,numeric,unspecified,"[[""geostat_trade_export-product-by-4-digit-2000-2014"",""2000-2014-years"",""Q767""],[""geostat_trade_domestic-exports-by-4-digit-2014-2026"",""2014 year"",""C92""]]",derived
2014,goods,product,goods.hs4.2000-2014.7404,reexports,0E-12,numeric,unspecified,"[[""geostat_trade_export-product-by-4-digit-2000-2014"",""2000-2014-years"",""Q770""],[""geostat_trade_domestic-exports-by-4-digit-2014-2026"",""2014 year"",""C93""]]",derived
2014,goods,product,goods.hs4.2000-2014.7601,reexports,0E-13,numeric,unspecified,"[[""geostat_trade_export-product-by-4-digit-2000-2014"",""2000-2014-years"",""Q787""],[""geostat_trade_domestic-exports-by-4-digit-2014-2026"",""2014 year"",""C94""]]",derived
2014,goods,product,goods.hs4.2000-2014.7602,reexports,0E-12,numeric,unspecified,"[[""geostat_trade_export-product-by-4-digit-2000-2014"",""2000-2014-years"",""Q788""],[""geostat_trade_domestic-exports-by-4-digit-2014-2026"",""2014 year"",""C95""]]",derived
2014,goods,product,goods.hs4.2000-2014.7801,reexports,0E-11,numeric,unspecified,"[[""geostat_trade_export-product-by-4-digit-2000-2014"",""2000-2014-years"",""Q804""],[""geostat_trade_domestic-exports-by-4-digit-2014-2026"",""2014 year"",""C96""]]",derived
2014,goods,product,goods.hs4.2000-2014.8516,reexports,4692384.18896871425000,numeric,unspecified,"[[""geostat_trade_export-product-by-4-digit-2000-2014"",""2000-2014-years"",""Q953""],[""geostat_trade_domestic-exports-by-4-digit-2014-2026"",""2014 year"",""C97""]]",derived
2014,goods,product,goods.hs4.2000-2014.8544,reexports,1316976.2559301169000,numeric,unspecified,"[[""geostat_trade_export-product-by-4-digit-2000-2014"",""2000-2014-years"",""Q981""],[""geostat_trade_domestic-exports-by-4-digit-2014-2026"",""2014 year"",""C98""]]",derived
2014,goods,product,goods.hs4.2000-2014.8607,reexports,37787.346868349921000,numeric,unspecified,"[[""geostat_trade_export-product-by-4-digit-2000-2014"",""2000-2014-years"",""Q992""],[""geostat_trade_domestic-exports-by-4-digit-2014-2026"",""2014 year"",""C99""]]",derived
2014,goods,product,goods.hs4.2000-2014.8803,reexports,0E-13,numeric,unspecified,"[[""geostat_trade_export-product-by-4-digit-2000-2014"",""2000-2014-years"",""Q1012""],[""geostat_trade_domestic-exports-by-4-digit-2014-2026"",""2014 year"",""C100""]]",derived
2014,goods,product,goods.hs4.2000-2014.9403,reexports,1561178.3129040796000,numeric,unspecified,"[[""geostat_trade_export-product-by-4-digit-2000-2014"",""2000-2014-years"",""Q1076""],[""geostat_trade_domestic-exports-by-4-digit-2014-2026"",""2014 year"",""C101""]]",derived
2014,goods,product,goods.hs4.2000-2014.9404,reexports,8616.81560869113000,numeric,unspecified,"[[""geostat_trade_export-product-by-4-digit-2000-2014"",""2000-2014-years"",""Q1077""],[""geostat_trade_domestic-exports-by-4-digit-2014-2026"",""2014 year"",""C102""]]",derived
2015,goods,country,partner.1995-2025.004,reexports,301943.51344761565000,numeric,unspecified,"[[""geostat_trade_export-country-1995-2026"",""1995-2025-years"",""W50""],[""geostat_trade_domestic-export-country-2014-2026"",""2014-2025-years"",""D50""]]",derived
2015,goods,country,partner.1995-2025.008,reexports,204964.274146263580001000,numeric,unspecified,"[[""geostat_trade_export-country-1995-2026"",""1995-2025-years"",""W51""],[""geostat_trade_domestic-export-country-2014-2026"",""2014-2025-years"",""D51""]]",derived
2015,goods,country,partner.1995-2025.012,reexports,0E-14,numeric,unspecified,"[[""geostat_trade_export-country-1995-2026"",""1995-2025-years"",""W52""],[""geostat_trade_domestic-export-country-2014-2026"",""2014-2025-years"",""D52""]]",derived
2015,goods,country,partner.1995-2025.020,reexports,0,numeric,unspecified,"[[""geostat_trade_export-country-1995-2026"",""1995-2025-years"",""W53""],[""geostat_trade_domestic-export-country-2014-2026"",""2014-2025-years"",""D53""]]",derived
2015,goods,country,partner.1995-2025.024,reexports,0E-13,numeric,unspecified,"[[""geostat_trade_export-country-1995-2026"",""1995-2025-years"",""W54""],[""geostat_trade_domestic-export-country-2014-2026"",""2014-2025-years"",""D54""]]",derived
2015,goods,country,partner.1995-2025.028,reexports,0,numeric,unspecified,"[[""geostat_trade_export-country-1995-2026"",""1995-2025-years"",""W56""],[""geostat_trade_domestic-export-country-2014-2026"",""2014-2025-years"",""D56""]]",derived
2015,goods,country,partner.1995-2025.031,reexports,150440628.007362703000,numeric,unspecified,"[[""geostat_trade_export-country-1995-2026"",""1995-2025-years"",""W38""],[""geostat_trade_domestic-export-country-2014-2026"",""2014-2025-years"",""D38""]]",derived
2015,goods,country,partner.1995-2025.032,reexports,0E-13,numeric,unspecified,"[[""geostat_trade_export-country-1995-2026"",""1995-2025-years"",""W57""],[""geostat_trade_domestic-export-country-2014-2026"",""2014-2025-years"",""D57""]]",derived
2015,goods,country,partner.1995-2025.036,reexports,409800.73350328996000,numeric,unspecified,"[[""geostat_trade_export-country-1995-2026"",""1995-2025-years"",""W58""],[""geostat_trade_domestic-export-country-2014-2026"",""2014-2025-years"",""D58""]]",derived
2015,goods,country,partner.1995-2025.040,reexports,278435.5867996397000,numeric,unspecified,"[[""geostat_trade_export-country-1995-2026"",""1995-2025-years"",""W8""],[""geostat_trade_domestic-export-country-2014-2026"",""2014-2025-years"",""D8""]]",derived
2015,goods,country,partner.1995-2025.044,reexports,0,numeric,unspecified,"[[""geostat_trade_export-country-1995-2026"",""1995-2025-years"",""W59""],[""geostat_trade_domestic-export-country-2014-2026"",""2014-2025-years"",""D59""]]",derived
2015,goods,country,partner.1995-2025.048,reexports,16288.877401568023000,numeric,unspecified,"[[""geostat_trade_export-country-1995-2026"",""1995-2025-years"",""W60""],[""geostat_trade_domestic-export-country-2014-2026"",""2014-2025-years"",""D60""]]",derived
2015,goods,country,partner.1995-2025.050,reexports,0,numeric,unspecified,"[[""geostat_trade_export-country-1995-2026"",""1995-2025-years"",""W61""],[""geostat_trade_domestic-export-country-2014-2026"",""2014-2025-years"",""D61""]]",derived
2015,goods,country,partner.1995-2025.051,reexports,92902512.464498883000,numeric,unspecified,"[[""geostat_trade_export-country-1995-2026"",""1995-2025-years"",""W37""],[""geostat_trade_domestic-export-country-2014-2026"",""2014-2025-years"",""D37""]]",derived
2015,goods,country,partner.1995-2025.052,reexports,0,numeric,unspecified,"[[""geostat_trade_export-country-1995-2026"",""1995-2025-years"",""W62""],[""geostat_trade_domestic-export-country-2014-2026"",""2014-2025-years"",""D62""]]",derived
2015,goods,country,partner.1995-2025.056,reexports,10879860.0918740163000,numeric,unspecified,"[[""geostat_trade_export-country-1995-2026"",""1995-2025-years"",""W9""],[""geostat_trade_domestic-export-country-2014-2026"",""2014-2025-years"",""D9""]]",derived
2015,goods,country,partner.1995-2025.064,reexports,0,numeric,unspecified,"[[""geostat_trade_export-country-1995-2026"",""1995-2025-years"",""W65""],[""geostat_trade_domestic-export-country-2014-2026"",""2014-2025-years"",""D65""]]",derived
2015,goods,country,partner.1995-2025.068,reexports,0,numeric,unspecified,"[[""geostat_trade_export-country-1995-2026"",""1995-2025-years"",""W66""],[""geostat_trade_domestic-export-country-2014-2026"",""2014-2025-years"",""D66""]]",derived
2015,goods,country,partner.1995-2025.070,reexports,0,numeric,unspecified,"[[""geostat_trade_export-country-1995-2026"",""1995-2025-years"",""W67""],[""geostat_trade_domestic-export-country-2014-2026"",""2014-2025-years"",""D67""]]",derived
2015,goods,country,partner.1995-2025.072,reexports,0,numeric,unspecified,"[[""geostat_trade_export-country-1995-2026"",""1995-2025-years"",""W68""],[""geostat_trade_domestic-export-country-2014-2026"",""2014-2025-years"",""D68""]]",derived
2015,goods,country,partner.1995-2025.076,reexports,0E-12,numeric,unspecified,"[[""geostat_trade_export-country-1995-2026"",""1995-2025-years"",""W69""],[""geostat_trade_domestic-export-country-2014-2026"",""2014-2025-years"",""D69""]]",derived
2015,goods,country,partner.1995-2025.084,reexports,0E-16,numeric,unspecified,"[[""geostat_trade_export-country-1995-2026"",""1995-2025-years"",""W63""],[""geostat_trade_domestic-export-country-2014-2026"",""2014-2025-years"",""D63""]]",derived
2015,goods,country,partner.1995-2025.092,reexports,0,numeric,unspecified,"[[""geostat_trade_export-country-1995-2026"",""1995-2025-years"",""W194""],[""geostat_trade_domestic-export-country-2014-2026"",""2014-2025-years"",""D193""]]",derived
2015,goods,country,partner.1995-2025.100,reexports,36547781.57485107000,numeric,unspecified,"[[""geostat_trade_export-country-1995-2026"",""1995-2025-years"",""W10""],[""geostat_trade_domestic-export-country-2014-2026"",""2014-2025-years"",""D10""]]",derived
2015,goods,country,partner.1995-2025.104,reexports,0,numeric,unspecified,"[[""geostat_trade_export-country-1995-2026"",""1995-2025-years"",""W143""],[""geostat_trade_domestic-export-country-2014-2026"",""2014-2025-years"",""D143""]]",derived
2015,goods,country,partner.1995-2025.108,reexports,0,numeric,unspecified,"[[""geostat_trade_export-country-1995-2026"",""1995-2025-years"",""W71""],[""geostat_trade_domestic-export-country-2014-2026"",""2014-2025-years"",""D71""]]",derived
2015,goods,country,partner.1995-2025.112,reexports,1774165.516386464000,numeric,unspecified,"[[""geostat_trade_export-country-1995-2026"",""1995-2025-years"",""W39""],[""geostat_trade_domestic-export-country-2014-2026"",""2014-2025-years"",""D39""]]",derived
2015,goods,country,partner.1995-2025.116,reexports,0E-16,numeric,unspecified,"[[""geostat_trade_export-country-1995-2026"",""1995-2025-years"",""W72""],[""geostat_trade_domestic-export-country-2014-2026"",""2014-2025-years"",""D72""]]",derived
2015,goods,country,partner.1995-2025.120,reexports,0,numeric,unspecified,"[[""geostat_trade_export-country-1995-2026"",""1995-2025-years"",""W73""],[""geostat_trade_domestic-export-country-2014-2026"",""2014-2025-years"",""D73""]]",derived
2015,goods,country,partner.1995-2025.124,reexports,108978.169033915000,numeric,unspecified,"[[""geostat_trade_export-country-1995-2026"",""1995-2025-years"",""W74""],[""geostat_trade_domestic-export-country-2014-2026"",""2014-2025-years"",""D74""]]",derived
2015,goods,country,partner.1995-2025.136,reexports,0,numeric,unspecified,"[[""geostat_trade_export-country-1995-2026"",""1995-2025-years"",""W75""],[""geostat_trade_domestic-export-country-2014-2026"",""2014-2025-years"",""D75""]]",derived
2015,goods,country,partner.1995-2025.140,reexports,0,numeric,unspecified,"[[""geostat_trade_export-country-1995-2026"",""1995-2025-years"",""W76""],[""geostat_trade_domestic-export-country-2014-2026"",""2014-2025-years"",""D76""]]",derived
2015,goods,country,partner.1995-2025.144,reexports,0.00,numeric,unspecified,"[[""geostat_trade_export-country-1995-2026"",""1995-2025-years"",""W173""],[""geostat_trade_domestic-export-country-2014-2026"",""2014-2025-years"",""D173""]]",derived
2015,goods,country,partner.1995-2025.148,reexports,0,numeric,unspecified,"[[""geostat_trade_export-country-1995-2026"",""1995-2025-years"",""W77""],[""geostat_trade_domestic-export-country-2014-2026"",""2014-2025-years"",""D77""]]",derived
2015,goods,country,partner.1995-2025.152,reexports,0.00000,numeric,unspecified,"[[""geostat_trade_export-country-1995-2026"",""1995-2025-years"",""W78""],[""geostat_trade_domestic-export-country-2014-2026"",""2014-2025-years"",""D78""]]",derived
2015,goods,country,partner.1995-2025.156,reexports,37812288.413150486000,numeric,unspecified,"[[""geostat_trade_export-country-1995-2026"",""1995-2025-years"",""W79""],[""geostat_trade_domestic-export-country-2014-2026"",""2014-2025-years"",""D79""]]",derived
2015,goods,country,partner.1995-2025.158,reexports,0E-14,numeric,unspecified,"[[""geostat_trade_export-country-1995-2026"",""1995-2025-years"",""W179""],[""geostat_trade_domestic-export-country-2014-2026"",""2014-2025-years"",""D178""]]",derived
2015,goods,country,partner.1995-2025.170,reexports,0E-13,numeric,unspecified,"[[""geostat_trade_export-country-1995-2026"",""1995-2025-years"",""W80""],[""geostat_trade_domestic-export-country-2014-2026"",""2014-2025-years"",""D80""]]",derived
2015,goods,country,partner.1995-2025.178,reexports,0,numeric,unspecified,"[[""geostat_trade_export-country-1995-2026"",""1995-2025-years"",""W81""],[""geostat_trade_domestic-export-country-2014-2026"",""2014-2025-years"",""D81""]]",derived
2015,goods,country,partner.1995-2025.180,reexports,0,numeric,unspecified,"[[""geostat_trade_export-country-1995-2026"",""1995-2025-years"",""W82""],[""geostat_trade_domestic-export-country-2014-2026"",""2014-2025-years"",""D82""]]",derived
2015,goods,country,partner.1995-2025.188,reexports,0E-12,numeric,unspecified,"[[""geostat_trade_export-country-1995-2026"",""1995-2025-years"",""W83""],[""geostat_trade_domestic-export-country-2014-2026"",""2014-2025-years"",""D83""]]",derived
2015,goods,country,partner.1995-2025.191,reexports,0E-13,numeric,unspecified,"[[""geostat_trade_export-country-1995-2026"",""1995-2025-years"",""W11""],[""geostat_trade_domestic-export-country-2014-2026"",""2014-2025-years"",""D11""]]",derived
2015,goods,country,partner.1995-2025.192,reexports,0E-15,numeric,unspecified,"[[""geostat_trade_export-country-1995-2026"",""1995-2025-years"",""W85""],[""geostat_trade_domestic-export-country-2014-2026"",""2014-2025-years"",""D85""]]",derived
2015,goods,country,partner.1995-2025.196,reexports,0E-14,numeric,unspecified,"[[""geostat_trade_export-country-1995-2026"",""1995-2025-years"",""W12""],[""geostat_trade_domestic-export-country-2014-2026"",""2014-2025-years"",""D12""]]",derived
2015,goods,country,partner.1995-2025.203,reexports,32500.220089798000,numeric,unspecified,"[[""geostat_trade_export-country-1995-2026"",""1995-2025-years"",""W13""],[""geostat_trade_domestic-export-country-2014-2026"",""2014-2025-years"",""D13""]]",derived
2015,goods,country,partner.1995-2025.204,reexports,0.0000,numeric,unspecified,"[[""geostat_trade_export-country-1995-2026"",""1995-2025-years"",""W64""],[""geostat_trade_domestic-export-country-2014-2026"",""2014-2025-years"",""D64""]]",derived
2015,goods,country,partner.1995-2025.208,reexports,7635.86999999995000,numeric,unspecified,"[[""geostat_trade_export-country-1995-2026"",""1995-2025-years"",""W14""],[""geostat_trade_domestic-export-country-2014-2026"",""2014-2025-years"",""D14""]]",derived
2015,goods,country,partner.1995-2025.212,reexports,0,numeric,unspecified,"[[""geostat_trade_export-country-1995-2026"",""1995-2025-years"",""W87""],[""geostat_trade_domestic-export-country-2014-2026"",""2014-2025-years"",""D87""]]",derived
2015,goods,country,partner.1995-2025.214,reexports,0,numeric,unspecified,"[[""geostat_trade_export-country-1995-2026"",""1995-2025-years"",""W88""],[""geostat_trade_domestic-export-country-2014-2026"",""2014-2025-years"",""D88""]]",derived
2015,goods,country,partner.1995-2025.218,reexports,0E-13,numeric,unspecified,"[[""geostat_trade_export-country-1995-2026"",""1995-2025-years"",""W89""],[""geostat_trade_domestic-export-country-2014-2026"",""2014-2025-years"",""D89""]]",derived
2015,goods,country,partner.1995-2025.222,reexports,0,numeric,unspecified,"[[""geostat_trade_export-country-1995-2026"",""1995-2025-years"",""W91""],[""geostat_trade_domestic-export-country-2014-2026"",""2014-2025-years"",""D91""]]",derived
2015,goods,country,partner.1995-2025.226,reexports,0,numeric,unspecified,"[[""geostat_trade_export-country-1995-2026"",""1995-2025-years"",""W92""],[""geostat_trade_domestic-export-country-2014-2026"",""2014-2025-years"",""D92""]]",derived
2015,goods,country,partner.1995-2025.231,reexports,0E-14,numeric,unspecified,"[[""geostat_trade_export-country-1995-2026"",""1995-2025-years"",""W93""],[""geostat_trade_domestic-export-country-2014-2026"",""2014-2025-years"",""D93""]]",derived
2015,goods,country,partner.1995-2025.233,reexports,4096.109839817000,numeric,unspecified,"[[""geostat_trade_export-country-1995-2026"",""1995-2025-years"",""W15""],[""geostat_trade_domestic-export-country-2014-2026"",""2014-2025-years"",""D15""]]",derived
2015,goods,country,partner.1995-2025.242,reexports,0,numeric,unspecified,"[[""geostat_trade_export-country-1995-2026"",""1995-2025-years"",""W94""],[""geostat_trade_domestic-export-country-2014-2026"",""2014-2025-years"",""D94""]]",derived
2015,goods,country,partner.1995-2025.246,reexports,179198.57333161442000,numeric,unspecified,"[[""geostat_trade_export-country-1995-2026"",""1995-2025-years"",""W16""],[""geostat_trade_domestic-export-country-2014-2026"",""2014-2025-years"",""D16""]]",derived
2015,goods,country,partner.1995-2025.250,reexports,3564318.602813943000,numeric,unspecified,"[[""geostat_trade_export-country-1995-2026"",""1995-2025-years"",""W17""],[""geostat_trade_domestic-export-country-2014-2026"",""2014-2025-years"",""D17""]]",derived
2015,goods,country,partner.1995-2025.258,reexports,0,numeric,unspecified,"[[""geostat_trade_export-country-1995-2026"",""1995-2025-years"",""W95""],[""geostat_trade_domestic-export-country-2014-2026"",""2014-2025-years"",""D95""]]",derived
2015,goods,country,partner.1995-2025.262,reexports,0,numeric,unspecified,"[[""geostat_trade_export-country-1995-2026"",""1995-2025-years"",""W86""],[""geostat_trade_domestic-export-country-2014-2026"",""2014-2025-years"",""D86""]]",derived
2015,goods,country,partner.1995-2025.266,reexports,0,numeric,unspecified,"[[""geostat_trade_export-country-1995-2026"",""1995-2025-years"",""W96""],[""geostat_trade_domestic-export-country-2014-2026"",""2014-2025-years"",""D96""]]",derived
2015,goods,country,partner.1995-2025.270,reexports,0,numeric,unspecified,"[[""geostat_trade_export-country-1995-2026"",""1995-2025-years"",""W97""],[""geostat_trade_domestic-export-country-2014-2026"",""2014-2025-years"",""D97""]]",derived
2015,goods,country,partner.1995-2025.275,reexports,0,numeric,unspecified,"[[""geostat_trade_export-country-1995-2026"",""1995-2025-years"",""W174""],[""geostat_trade_domestic-export-country-2014-2026"",""2014-2025-years"",""D153""]]",derived
2015,goods,country,partner.1995-2025.276,reexports,5192349.905419003000,numeric,unspecified,"[[""geostat_trade_export-country-1995-2026"",""1995-2025-years"",""W18""],[""geostat_trade_domestic-export-country-2014-2026"",""2014-2025-years"",""D18""]]",derived
2015,goods,country,partner.1995-2025.288,reexports,5708.31294756037869000,numeric,unspecified,"[[""geostat_trade_export-country-1995-2026"",""1995-2025-years"",""W98""],[""geostat_trade_domestic-export-country-2014-2026"",""2014-2025-years"",""D98""]]",derived
2015,goods,country,partner.1995-2025.292,reexports,0E-13,numeric,unspecified,"[[""geostat_trade_export-country-1995-2026"",""1995-2025-years"",""W99""],[""geostat_trade_domestic-export-country-2014-2026"",""2014-2025-years"",""D99""]]",derived
2015,goods,country,partner.1995-2025.300,reexports,165230.000000000000,numeric,unspecified,"[[""geostat_trade_export-country-1995-2026"",""1995-2025-years"",""W19""],[""geostat_trade_domestic-export-country-2014-2026"",""2014-2025-years"",""D19""]]",derived
2015,goods,country,partner.1995-2025.312,reexports,0,numeric,unspecified,"[[""geostat_trade_export-country-1995-2026"",""1995-2025-years"",""W100""],[""geostat_trade_domestic-export-country-2014-2026"",""2014-2025-years"",""D100""]]",derived
2015,goods,country,partner.1995-2025.320,reexports,0.00000,numeric,unspecified,"[[""geostat_trade_export-country-1995-2026"",""1995-2025-years"",""W101""],[""geostat_trade_domestic-export-country-2014-2026"",""2014-2025-years"",""D101""]]",derived
2015,goods,country,partner.1995-2025.324,reexports,90000,numeric,unspecified,"[[""geostat_trade_export-country-1995-2026"",""1995-2025-years"",""W103""],[""geostat_trade_domestic-export-country-2014-2026"",""2014-2025-years"",""D102""]]",derived
2015,goods,country,partner.1995-2025.332,reexports,0,numeric,unspecified,"[[""geostat_trade_export-country-1995-2026"",""1995-2025-years"",""W105""],[""geostat_trade_domestic-export-country-2014-2026"",""2014-2025-years"",""D104""]]",derived
2015,goods,country,partner.1995-2025.336,reexports,0,numeric,unspecified,"[[""geostat_trade_export-country-1995-2026"",""1995-2025-years"",""W106""],[""geostat_trade_domestic-export-country-2014-2026"",""2014-2025-years"",""D105""]]",derived
2015,goods,country,partner.1995-2025.340,reexports,0,numeric,unspecified,"[[""geostat_trade_export-country-1995-2026"",""1995-2025-years"",""W107""],[""geostat_trade_domestic-export-country-2014-2026"",""2014-2025-years"",""D106""]]",derived
2015,goods,country,partner.1995-2025.344,reexports,1602417.1856580221000,numeric,unspecified,"[[""geostat_trade_export-country-1995-2026"",""1995-2025-years"",""W108""],[""geostat_trade_domestic-export-country-2014-2026"",""2014-2025-years"",""D107""]]",derived
2015,goods,country,partner.1995-2025.348,reexports,15589.47755027089000,numeric,unspecified,"[[""geostat_trade_export-country-1995-2026"",""1995-2025-years"",""W20""],[""geostat_trade_domestic-export-country-2014-2026"",""2014-2025-years"",""D20""]]",derived
2015,goods,country,partner.1995-2025.352,reexports,0,numeric,unspecified,"[[""geostat_trade_export-country-1995-2026"",""1995-2025-years"",""W109""],[""geostat_trade_domestic-export-country-2014-2026"",""2014-2025-years"",""D108""]]",derived
2015,goods,country,partner.1995-2025.356,reexports,0E-12,numeric,unspecified,"[[""geostat_trade_export-country-1995-2026"",""1995-2025-years"",""W110""],[""geostat_trade_domestic-export-country-2014-2026"",""2014-2025-years"",""D109""]]",derived
2015,goods,country,partner.1995-2025.360,reexports,0E-14,numeric,unspecified,"[[""geostat_trade_export-country-1995-2026"",""1995-2025-years"",""W111""],[""geostat_trade_domestic-export-country-2014-2026"",""2014-2025-years"",""D110""]]",derived
2015,goods,country,partner.1995-2025.364,reexports,24772480.996777849000,numeric,unspecified,"[[""geostat_trade_export-country-1995-2026"",""1995-2025-years"",""W112""],[""geostat_trade_domestic-export-country-2014-2026"",""2014-2025-years"",""D111""]]",derived
2015,goods,country,partner.1995-2025.368,reexports,1861368.826789681000,numeric,unspecified,"[[""geostat_trade_export-country-1995-2026"",""1995-2025-years"",""W113""],[""geostat_trade_domestic-export-country-2014-2026"",""2014-2025-years"",""D112""]]",derived
2015,goods,country,partner.1995-2025.372,reexports,1697877.83774806948000,numeric,unspecified,"[[""geostat_trade_export-country-1995-2026"",""1995-2025-years"",""W21""],[""geostat_trade_domestic-export-country-2014-2026"",""2014-2025-years"",""D21""]]",derived
2015,goods,country,partner.1995-2025.376,reexports,2018665.7121324583000,numeric,unspecified,"[[""geostat_trade_export-country-1995-2026"",""1995-2025-years"",""W114""],[""geostat_trade_domestic-export-country-2014-2026"",""2014-2025-years"",""D113""]]",derived
2015,goods,country,partner.1995-2025.380,reexports,1645366.307019139000,numeric,unspecified,"[[""geostat_trade_export-country-1995-2026"",""1995-2025-years"",""W22""],[""geostat_trade_domestic-export-country-2014-2026"",""2014-2025-years"",""D22""]]",derived
2015,goods,country,partner.1995-2025.384,reexports,0.00,numeric,unspecified,"[[""geostat_trade_export-country-1995-2026"",""1995-2025-years"",""W84""],[""geostat_trade_domestic-export-country-2014-2026"",""2014-2025-years"",""D84""]]",derived
2015,goods,country,partner.1995-2025.388,reexports,0E-15,numeric,unspecified,"[[""geostat_trade_export-country-1995-2026"",""1995-2025-years"",""W115""],[""geostat_trade_domestic-export-country-2014-2026"",""2014-2025-years"",""D114""]]",derived
2015,goods,country,partner.1995-2025.392,reexports,68511.7998236346000,numeric,unspecified,"[[""geostat_trade_export-country-1995-2026"",""1995-2025-years"",""W116""],[""geostat_trade_domestic-export-country-2014-2026"",""2014-2025-years"",""D115""]]",derived
2015,goods,country,partner.1995-2025.398,reexports,7071099.220242882000,numeric,unspecified,"[[""geostat_trade_export-country-1995-2026"",""1995-2025-years"",""W40""],[""geostat_trade_domestic-export-country-2014-2026"",""2014-2025-years"",""D40""]]",derived
2015,goods,country,partner.1995-2025.400,reexports,0E-13,numeric,unspecified,"[[""geostat_trade_export-country-1995-2026"",""1995-2025-years"",""W117""],[""geostat_trade_domestic-export-country-2014-2026"",""2014-2025-years"",""D116""]]",derived
2015,goods,country,partner.1995-2025.404,reexports,0E-16,numeric,unspecified,"[[""geostat_trade_export-country-1995-2026"",""1995-2025-years"",""W118""],[""geostat_trade_domestic-export-country-2014-2026"",""2014-2025-years"",""D117""]]",derived
2015,goods,country,partner.1995-2025.408,reexports,0,numeric,unspecified,"[[""geostat_trade_export-country-1995-2026"",""1995-2025-years"",""W119""],[""geostat_trade_domestic-export-country-2014-2026"",""2014-2025-years"",""D119""]]",derived
2015,goods,country,partner.1995-2025.410,reexports,126655.3229976671000,numeric,unspecified,"[[""geostat_trade_export-country-1995-2026"",""1995-2025-years"",""W120""],[""geostat_trade_domestic-export-country-2014-2026"",""2014-2025-years"",""D118""]]",derived
2015,goods,country,partner.1995-2025.414,reexports,0E-15,numeric,unspecified,"[[""geostat_trade_export-country-1995-2026"",""1995-2025-years"",""W121""],[""geostat_trade_domestic-export-country-2014-2026"",""2014-2025-years"",""D120""]]",derived
2015,goods,country,partner.1995-2025.417,reexports,4617804.0597159497000,numeric,unspecified,"[[""geostat_trade_export-country-1995-2026"",""1995-2025-years"",""W41""],[""geostat_trade_domestic-export-country-2014-2026"",""2014-2025-years"",""D41""]]",derived
2015,goods,country,partner.1995-2025.418,reexports,0,numeric,unspecified,"[[""geostat_trade_export-country-1995-2026"",""1995-2025-years"",""W122""],[""geostat_trade_domestic-export-country-2014-2026"",""2014-2025-years"",""D125""]]",derived
2015,goods,country,partner.1995-2025.422,reexports,1226679.0000000001000,numeric,unspecified,"[[""geostat_trade_export-country-1995-2026"",""1995-2025-years"",""W123""],[""geostat_trade_domestic-export-country-2014-2026"",""2014-2025-years"",""D121""]]",derived
2015,goods,country,partner.1995-2025.428,reexports,784858.7810563786000,numeric,unspecified,"[[""geostat_trade_export-country-1995-2026"",""1995-2025-years"",""W23""],[""geostat_trade_domestic-export-country-2014-2026"",""2014-2025-years"",""D23""]]",derived
2015,goods,country,partner.1995-2025.430,reexports,0,numeric,unspecified,"[[""geostat_trade_export-country-1995-2026"",""1995-2025-years"",""W124""],[""geostat_trade_domestic-export-country-2014-2026"",""2014-2025-years"",""D122""]]",derived
2015,goods,country,partner.1995-2025.434,reexports,1947649.770087333000,numeric,unspecified,"[[""geostat_trade_export-country-1995-2026"",""1995-2025-years"",""W125""],[""geostat_trade_domestic-export-country-2014-2026"",""2014-2025-years"",""D123""]]",derived
2015,goods,country,partner.1995-2025.438,reexports,0,numeric,unspecified,"[[""geostat_trade_export-country-1995-2026"",""1995-2025-years"",""W126""],[""geostat_trade_domestic-export-country-2014-2026"",""2014-2025-years"",""D124""]]",derived
2015,goods,country,partner.1995-2025.440,reexports,6133892.53415406000,numeric,unspecified,"[[""geostat_trade_export-country-1995-2026"",""1995-2025-years"",""W24""],[""geostat_trade_domestic-export-country-2014-2026"",""2014-2025-years"",""D24""]]",derived
2015,goods,country,partner.1995-2025.442,reexports,0,numeric,unspecified,"[[""geostat_trade_export-country-1995-2026"",""1995-2025-years"",""W25""],[""geostat_trade_domestic-export-country-2014-2026"",""2014-2025-years"",""D25""]]",derived
2015,goods,country,partner.1995-2025.446,reexports,0,numeric,unspecified,"[[""geostat_trade_export-country-1995-2026"",""1995-2025-years"",""W127""],[""geostat_trade_domestic-export-country-2014-2026"",""2014-2025-years"",""D128""]]",derived
2015,goods,country,partner.1995-2025.450,reexports,0,numeric,unspecified,"[[""geostat_trade_export-country-1995-2026"",""1995-2025-years"",""W128""],[""geostat_trade_domestic-export-country-2014-2026"",""2014-2025-years"",""D127""]]",derived
2015,goods,country,partner.1995-2025.454,reexports,0E-17,numeric,unspecified,"[[""geostat_trade_export-country-1995-2026"",""1995-2025-years"",""W129""],[""geostat_trade_domestic-export-country-2014-2026"",""2014-2025-years"",""D129""]]",derived
2015,goods,country,partner.1995-2025.458,reexports,1964357.63999999991000,numeric,unspecified,"[[""geostat_trade_export-country-1995-2026"",""1995-2025-years"",""W130""],[""geostat_trade_domestic-export-country-2014-2026"",""2014-2025-years"",""D130""]]",derived
2015,goods,country,partner.1995-2025.462,reexports,0,numeric,unspecified,"[[""geostat_trade_export-country-1995-2026"",""1995-2025-years"",""W131""],[""geostat_trade_domestic-export-country-2014-2026"",""2014-2025-years"",""D131""]]",derived
2015,goods,country,partner.1995-2025.466,reexports,0,numeric,unspecified,"[[""geostat_trade_export-country-1995-2026"",""1995-2025-years"",""W132""],[""geostat_trade_domestic-export-country-2014-2026"",""2014-2025-years"",""D132""]]",derived
2015,goods,country,partner.1995-2025.470,reexports,0E-14,numeric,unspecified,"[[""geostat_trade_export-country-1995-2026"",""1995-2025-years"",""W26""],[""geostat_trade_domestic-export-country-2014-2026"",""2014-2025-years"",""D26""]]",derived
2015,goods,country,partner.1995-2025.474,reexports,0E-15,numeric,unspecified,"[[""geostat_trade_export-country-1995-2026"",""1995-2025-years"",""W134""],[""geostat_trade_domestic-export-country-2014-2026"",""2014-2025-years"",""D134""]]",derived
2015,goods,country,partner.1995-2025.478,reexports,0,numeric,unspecified,"[[""geostat_trade_export-country-1995-2026"",""1995-2025-years"",""W135""],[""geostat_trade_domestic-export-country-2014-2026"",""2014-2025-years"",""D135""]]",derived
2015,goods,country,partner.1995-2025.480,reexports,0,numeric,unspecified,"[[""geostat_trade_export-country-1995-2026"",""1995-2025-years"",""W136""],[""geostat_trade_domestic-export-country-2014-2026"",""2014-2025-years"",""D136""]]",derived
2015,goods,country,partner.1995-2025.484,reexports,8546.26934521081000,numeric,unspecified,"[[""geostat_trade_export-country-1995-2026"",""1995-2025-years"",""W137""],[""geostat_trade_domestic-export-country-2014-2026"",""2014-2025-years"",""D137""]]",derived
2015,goods,country,partner.1995-2025.492,reexports,0E-15,numeric,unspecified,"[[""geostat_trade_export-country-1995-2026"",""1995-2025-years"",""W138""],[""geostat_trade_domestic-export-country-2014-2026"",""2014-2025-years"",""D138""]]",derived
2015,goods,country,partner.1995-2025.496,reexports,151750.57257861545000,numeric,unspecified,"[[""geostat_trade_export-country-1995-2026"",""1995-2025-years"",""W139""],[""geostat_trade_domestic-export-country-2014-2026"",""2014-2025-years"",""D139""]]",derived
2015,goods,country,partner.1995-2025.498,reexports,3843873.1993730912000,numeric,unspecified,"[[""geostat_trade_export-country-1995-2026"",""1995-2025-years"",""W42""],[""geostat_trade_domestic-export-country-2014-2026"",""2014-2025-years"",""D42""]]",derived
2015,goods,country,partner.1995-2025.499,reexports,0,numeric,unspecified,"[[""geostat_trade_export-country-1995-2026"",""1995-2025-years"",""W140""],[""geostat_trade_domestic-export-country-2014-2026"",""2014-2025-years"",""D140""]]",derived
2015,goods,country,partner.1995-2025.504,reexports,0E-14,numeric,unspecified,"[[""geostat_trade_export-country-1995-2026"",""1995-2025-years"",""W141""],[""geostat_trade_domestic-export-country-2014-2026"",""2014-2025-years"",""D141""]]",derived
2015,goods,country,partner.1995-2025.508,reexports,0,numeric,unspecified,"[[""geostat_trade_export-country-1995-2026"",""1995-2025-years"",""W142""],[""geostat_trade_domestic-export-country-2014-2026"",""2014-2025-years"",""D142""]]",derived
2015,goods,country,partner.1995-2025.512,reexports,0,numeric,unspecified,"[[""geostat_trade_export-country-1995-2026"",""1995-2025-years"",""W152""],[""geostat_trade_domestic-export-country-2014-2026"",""2014-2025-years"",""D151""]]",derived
2015,goods,country,partner.1995-2025.516,reexports,0,numeric,unspecified,"[[""geostat_trade_export-country-1995-2026"",""1995-2025-years"",""W144""],[""geostat_trade_domestic-export-country-2014-2026"",""2014-2025-years"",""D144""]]",derived
2015,goods,country,partner.1995-2025.524,reexports,0,numeric,unspecified,"[[""geostat_trade_export-country-1995-2026"",""1995-2025-years"",""W145""],[""geostat_trade_domestic-export-country-2014-2026"",""2014-2025-years"",""D145""]]",derived
2015,goods,country,partner.1995-2025.528,reexports,21245068.340478370000,numeric,unspecified,"[[""geostat_trade_export-country-1995-2026"",""1995-2025-years"",""W27""],[""geostat_trade_domestic-export-country-2014-2026"",""2014-2025-years"",""D27""]]",derived
2015,goods,country,partner.1995-2025.534,reexports,0,numeric,unspecified,"[[""geostat_trade_export-country-1995-2026"",""1995-2025-years"",""W170""],[""geostat_trade_domestic-export-country-2014-2026"",""2014-2025-years"",""D170""]]",derived
2015,goods,country,partner.1995-2025.554,reexports,0,numeric,unspecified,"[[""geostat_trade_export-country-1995-2026"",""1995-2025-years"",""W146""],[""geostat_trade_domestic-export-country-2014-2026"",""2014-2025-years"",""D146""]]",derived
2015,goods,country,partner.1995-2025.558,reexports,0,numeric,unspecified,"[[""geostat_trade_export-country-1995-2026"",""1995-2025-years"",""W147""],[""geostat_trade_domestic-export-country-2014-2026"",""2014-2025-years"",""D147""]]",derived
2015,goods,country,partner.1995-2025.562,reexports,0.00,numeric,unspecified,"[[""geostat_trade_export-country-1995-2026"",""1995-2025-years"",""W148""],[""geostat_trade_domestic-export-country-2014-2026"",""2014-2025-years"",""D148""]]",derived
2015,goods,country,partner.1995-2025.566,reexports,0E-15,numeric,unspecified,"[[""geostat_trade_export-country-1995-2026"",""1995-2025-years"",""W149""],[""geostat_trade_domestic-export-country-2014-2026"",""2014-2025-years"",""D149""]]",derived
2015,goods,country,partner.1995-2025.578,reexports,1899.999999999992000,numeric,unspecified,"[[""geostat_trade_export-country-1995-2026"",""1995-2025-years"",""W151""],[""geostat_trade_domestic-export-country-2014-2026"",""2014-2025-years"",""D150""]]",derived
2015,goods,country,partner.1995-2025.584,reexports,0,numeric,unspecified,"[[""geostat_trade_export-country-1995-2026"",""1995-2025-years"",""W133""],[""geostat_trade_domestic-export-country-2014-2026"",""2014-2025-years"",""D133""]]",derived
2015,goods,country,partner.1995-2025.586,reexports,237472.99000000001000,numeric,unspecified,"[[""geostat_trade_export-country-1995-2026"",""1995-2025-years"",""W153""],[""geostat_trade_domestic-export-country-2014-2026"",""2014-2025-years"",""D152""]]",derived
2015,goods,country,partner.1995-2025.591,reexports,1929000.55816775868000,numeric,unspecified,"[[""geostat_trade_export-country-1995-2026"",""1995-2025-years"",""W154""],[""geostat_trade_domestic-export-country-2014-2026"",""2014-2025-years"",""D154""]]",derived
2015,goods,country,partner.1995-2025.600,reexports,0,numeric,unspecified,"[[""geostat_trade_export-country-1995-2026"",""1995-2025-years"",""W155""],[""geostat_trade_domestic-export-country-2014-2026"",""2014-2025-years"",""D155""]]",derived
2015,goods,country,partner.1995-2025.604,reexports,0E-13,numeric,unspecified,"[[""geostat_trade_export-country-1995-2026"",""1995-2025-years"",""W156""],[""geostat_trade_domestic-export-country-2014-2026"",""2014-2025-years"",""D156""]]",derived
2015,goods,country,partner.1995-2025.608,reexports,0E-14,numeric,unspecified,"[[""geostat_trade_export-country-1995-2026"",""1995-2025-years"",""W157""],[""geostat_trade_domestic-export-country-2014-2026"",""2014-2025-years"",""D157""]]",derived
2015,goods,country,partner.1995-2025.616,reexports,347444.185974961000,numeric,unspecified,"[[""geostat_trade_export-country-1995-2026"",""1995-2025-years"",""W28""],[""geostat_trade_domestic-export-country-2014-2026"",""2014-2025-years"",""D28""]]",derived
2015,goods,country,partner.1995-2025.620,reexports,36756.19808485806000,numeric,unspecified,"[[""geostat_trade_export-country-1995-2026"",""1995-2025-years"",""W29""],[""geostat_trade_domestic-export-country-2014-2026"",""2014-2025-years"",""D29""]]",derived
2015,goods,country,partner.1995-2025.624,reexports,0,numeric,unspecified,"[[""geostat_trade_export-country-1995-2026"",""1995-2025-years"",""W104""],[""geostat_trade_domestic-export-country-2014-2026"",""2014-2025-years"",""D103""]]",derived
2015,goods,country,partner.1995-2025.630,reexports,0,numeric,unspecified,"[[""geostat_trade_export-country-1995-2026"",""1995-2025-years"",""W158""],[""geostat_trade_domestic-export-country-2014-2026"",""2014-2025-years"",""D158""]]",derived
2015,goods,country,partner.1995-2025.634,reexports,0E-16,numeric,unspecified,"[[""geostat_trade_export-country-1995-2026"",""1995-2025-years"",""W159""],[""geostat_trade_domestic-export-country-2014-2026"",""2014-2025-years"",""D159""]]",derived
2015,goods,country,partner.1995-2025.642,reexports,228648.145681349000,numeric,unspecified,"[[""geostat_trade_export-country-1995-2026"",""1995-2025-years"",""W30""],[""geostat_trade_domestic-export-country-2014-2026"",""2014-2025-years"",""D30""]]",derived
2015,goods,country,partner.1995-2025.643,reexports,7832425.05352758000,numeric,unspecified,"[[""geostat_trade_export-country-1995-2026"",""1995-2025-years"",""W43""],[""geostat_trade_domestic-export-country-2014-2026"",""2014-2025-years"",""D43""]]",derived
2015,goods,country,partner.1995-2025.646,reexports,0,numeric,unspecified,"[[""geostat_trade_export-country-1995-2026"",""1995-2025-years"",""W160""],[""geostat_trade_domestic-export-country-2014-2026"",""2014-2025-years"",""D160""]]",derived
2015,goods,country,partner.1995-2025.660,reexports,0,numeric,unspecified,"[[""geostat_trade_export-country-1995-2026"",""1995-2025-years"",""W55""],[""geostat_trade_domestic-export-country-2014-2026"",""2014-2025-years"",""D55""]]",derived
2015,goods,country,partner.1995-2025.670,reexports,0,numeric,unspecified,"[[""geostat_trade_export-country-1995-2026"",""1995-2025-years"",""W161""],[""geostat_trade_domestic-export-country-2014-2026"",""2014-2025-years"",""D161""]]",derived
2015,goods,country,partner.1995-2025.674,reexports,0,numeric,unspecified,"[[""geostat_trade_export-country-1995-2026"",""1995-2025-years"",""W162""],[""geostat_trade_domestic-export-country-2014-2026"",""2014-2025-years"",""D162""]]",derived
2015,goods,country,partner.1995-2025.682,reexports,220079.8999999997000,numeric,unspecified,"[[""geostat_trade_export-country-1995-2026"",""1995-2025-years"",""W163""],[""geostat_trade_domestic-export-country-2014-2026"",""2014-2025-years"",""D163""]]",derived
2015,goods,country,partner.1995-2025.686,reexports,188700.1740644038511000,numeric,unspecified,"[[""geostat_trade_export-country-1995-2026"",""1995-2025-years"",""W164""],[""geostat_trade_domestic-export-country-2014-2026"",""2014-2025-years"",""D164""]]",derived
2015,goods,country,partner.1995-2025.688,reexports,0,numeric,unspecified,"[[""geostat_trade_export-country-1995-2026"",""1995-2025-years"",""W165""],[""geostat_trade_domestic-export-country-2014-2026"",""2014-2025-years"",""D165""]]",derived
2015,goods,country,partner.1995-2025.690,reexports,0,numeric,unspecified,"[[""geostat_trade_export-country-1995-2026"",""1995-2025-years"",""W167""],[""geostat_trade_domestic-export-country-2014-2026"",""2014-2025-years"",""D167""]]",derived
2015,goods,country,partner.1995-2025.694,reexports,0,numeric,unspecified,"[[""geostat_trade_export-country-1995-2026"",""1995-2025-years"",""W168""],[""geostat_trade_domestic-export-country-2014-2026"",""2014-2025-years"",""D168""]]",derived
2015,goods,country,partner.1995-2025.702,reexports,5582343.0146031224000,numeric,unspecified,"[[""geostat_trade_export-country-1995-2026"",""1995-2025-years"",""W169""],[""geostat_trade_domestic-export-country-2014-2026"",""2014-2025-years"",""D169""]]",derived
2015,goods,country,partner.1995-2025.703,reexports,0E-12,numeric,unspecified,"[[""geostat_trade_export-country-1995-2026"",""1995-2025-years"",""W31""],[""geostat_trade_domestic-export-country-2014-2026"",""2014-2025-years"",""D31""]]",derived
2015,goods,country,partner.1995-2025.704,reexports,487151.89000000009000,numeric,unspecified,"[[""geostat_trade_export-country-1995-2026"",""1995-2025-years"",""W193""],[""geostat_trade_domestic-export-country-2014-2026"",""2014-2025-years"",""D192""]]",derived
2015,goods,country,partner.1995-2025.705,reexports,119797.07049053337000,numeric,unspecified,"[[""geostat_trade_export-country-1995-2026"",""1995-2025-years"",""W32""],[""geostat_trade_domestic-export-country-2014-2026"",""2014-2025-years"",""D32""]]",derived
2015,goods,country,partner.1995-2025.706,reexports,0,numeric,unspecified,"[[""geostat_trade_export-country-1995-2026"",""1995-2025-years"",""W171""],[""geostat_trade_domestic-export-country-2014-2026"",""2014-2025-years"",""D171""]]",derived
2015,goods,country,partner.1995-2025.710,reexports,0E-15,numeric,unspecified,"[[""geostat_trade_export-country-1995-2026"",""1995-2025-years"",""W172""],[""geostat_trade_domestic-export-country-2014-2026"",""2014-2025-years"",""D172""]]",derived
2015,goods,country,partner.1995-2025.716,reexports,0E-13,numeric,unspecified,"[[""geostat_trade_export-country-1995-2026"",""1995-2025-years"",""W198""],[""geostat_trade_domestic-export-country-2014-2026"",""2014-2025-years"",""D197""]]",derived
2015,goods,country,partner.1995-2025.724,reexports,195236.455123209000,numeric,unspecified,"[[""geostat_trade_export-country-1995-2026"",""1995-2025-years"",""W33""],[""geostat_trade_domestic-export-country-2014-2026"",""2014-2025-years"",""D33""]]",derived
2015,goods,country,partner.1995-2025.729,reexports,26156.135191440184000,numeric,unspecified,"[[""geostat_trade_export-country-1995-2026"",""1995-2025-years"",""W175""],[""geostat_trade_domestic-export-country-2014-2026"",""2014-2025-years"",""D174""]]",derived
2015,goods,country,partner.1995-2025.740,reexports,0,numeric,unspecified,"[[""geostat_trade_export-country-1995-2026"",""1995-2025-years"",""W176""],[""geostat_trade_domestic-export-country-2014-2026"",""2014-2025-years"",""D175""]]",derived
2015,goods,country,partner.1995-2025.752,reexports,18162.487817843548000,numeric,unspecified,"[[""geostat_trade_export-country-1995-2026"",""1995-2025-years"",""W34""],[""geostat_trade_domestic-export-country-2014-2026"",""2014-2025-years"",""D34""]]",derived
2015,goods,country,partner.1995-2025.756,reexports,19850777.745428164000,numeric,unspecified,"[[""geostat_trade_export-country-1995-2026"",""1995-2025-years"",""W177""],[""geostat_trade_domestic-export-country-2014-2026"",""2014-2025-years"",""D176""]]",derived
2015,goods,country,partner.1995-2025.760,reexports,0,numeric,unspecified,"[[""geostat_trade_export-country-1995-2026"",""1995-2025-years"",""W178""],[""geostat_trade_domestic-export-country-2014-2026"",""2014-2025-years"",""D177""]]",derived
2015,goods,country,partner.1995-2025.762,reexports,2654133.6574101456000,numeric,unspecified,"[[""geostat_trade_export-country-1995-2026"",""1995-2025-years"",""W44""],[""geostat_trade_domestic-export-country-2014-2026"",""2014-2025-years"",""D44""]]",derived
2015,goods,country,partner.1995-2025.764,reexports,0E-17,numeric,unspecified,"[[""geostat_trade_export-country-1995-2026"",""1995-2025-years"",""W181""],[""geostat_trade_domestic-export-country-2014-2026"",""2014-2025-years"",""D180""]]",derived
2015,goods,country,partner.1995-2025.768,reexports,0,numeric,unspecified,"[[""geostat_trade_export-country-1995-2026"",""1995-2025-years"",""W182""],[""geostat_trade_domestic-export-country-2014-2026"",""2014-2025-years"",""D181""]]",derived
2015,goods,country,partner.1995-2025.780,reexports,0E-13,numeric,unspecified,"[[""geostat_trade_export-country-1995-2026"",""1995-2025-years"",""W183""],[""geostat_trade_domestic-export-country-2014-2026"",""2014-2025-years"",""D182""]]",derived
2015,goods,country,partner.1995-2025.784,reexports,21441205.8546512118000,numeric,unspecified,"[[""geostat_trade_export-country-1995-2026"",""1995-2025-years"",""W188""],[""geostat_trade_domestic-export-country-2014-2026"",""2014-2025-years"",""D187""]]",derived
2015,goods,country,partner.1995-2025.788,reexports,0E-13,numeric,unspecified,"[[""geostat_trade_export-country-1995-2026"",""1995-2025-years"",""W184""],[""geostat_trade_domestic-export-country-2014-2026"",""2014-2025-years"",""D183""]]",derived
2015,goods,country,partner.1995-2025.792,reexports,8327721.26862948000,numeric,unspecified,"[[""geostat_trade_export-country-1995-2026"",""1995-2025-years"",""W185""],[""geostat_trade_domestic-export-country-2014-2026"",""2014-2025-years"",""D184""]]",derived
2015,goods,country,partner.1995-2025.795,reexports,6980679.3886700416000,numeric,unspecified,"[[""geostat_trade_export-country-1995-2026"",""1995-2025-years"",""W45""],[""geostat_trade_domestic-export-country-2014-2026"",""2014-2025-years"",""D45""]]",derived
2015,goods,country,partner.1995-2025.796,reexports,0,numeric,unspecified,"[[""geostat_trade_export-country-1995-2026"",""1995-2025-years"",""W186""],[""geostat_trade_domestic-export-country-2014-2026"",""2014-2025-years"",""D185""]]",derived
2015,goods,country,partner.1995-2025.800,reexports,0.0000,numeric,unspecified,"[[""geostat_trade_export-country-1995-2026"",""1995-2025-years"",""W187""],[""geostat_trade_domestic-export-country-2014-2026"",""2014-2025-years"",""D186""]]",derived
2015,goods,country,partner.1995-2025.804,reexports,4935970.864114366000,numeric,unspecified,"[[""geostat_trade_export-country-1995-2026"",""1995-2025-years"",""W46""],[""geostat_trade_domestic-export-country-2014-2026"",""2014-2025-years"",""D46""]]",derived
2015,goods,country,partner.1995-2025.818,reexports,3482473.94623355219000,numeric,unspecified,"[[""geostat_trade_export-country-1995-2026"",""1995-2025-years"",""W90""],[""geostat_trade_domestic-export-country-2014-2026"",""2014-2025-years"",""D90""]]",derived
2015,goods,country,partner.1995-2025.826,reexports,1265759.472833979000,numeric,unspecified,"[[""geostat_trade_export-country-1995-2026"",""1995-2025-years"",""W189""],[""geostat_trade_domestic-export-country-2014-2026"",""2014-2025-years"",""D188""]]",derived
2015,goods,country,partner.1995-2025.834,reexports,0.000,numeric,unspecified,"[[""geostat_trade_export-country-1995-2026"",""1995-2025-years"",""W180""],[""geostat_trade_domestic-export-country-2014-2026"",""2014-2025-years"",""D179""]]",derived
2015,goods,country,partner.1995-2025.840,reexports,1736651.68435720000,numeric,unspecified,"[[""geostat_trade_export-country-1995-2026"",""1995-2025-years"",""W190""],[""geostat_trade_domestic-export-country-2014-2026"",""2014-2025-years"",""D189""]]",derived
2015,goods,country,partner.1995-2025.850,reexports,0,numeric,unspecified,"[[""geostat_trade_export-country-1995-2026"",""1995-2025-years"",""W195""],[""geostat_trade_domestic-export-country-2014-2026"",""2014-2025-years"",""D194""]]",derived
2015,goods,country,partner.1995-2025.854,reexports,0,numeric,unspecified,"[[""geostat_trade_export-country-1995-2026"",""1995-2025-years"",""W70""],[""geostat_trade_domestic-export-country-2014-2026"",""2014-2025-years"",""D70""]]",derived
2015,goods,country,partner.1995-2025.858,reexports,0E-14,numeric,unspecified,"[[""geostat_trade_export-country-1995-2026"",""1995-2025-years"",""W191""],[""geostat_trade_domestic-export-country-2014-2026"",""2014-2025-years"",""D190""]]",derived
2015,goods,country,partner.1995-2025.860,reexports,89805310.9292340364000,numeric,unspecified,"[[""geostat_trade_export-country-1995-2026"",""1995-2025-years"",""W47""],[""geostat_trade_domestic-export-country-2014-2026"",""2014-2025-years"",""D47""]]",derived
2015,goods,country,partner.1995-2025.862,reexports,0,numeric,unspecified,"[[""geostat_trade_export-country-1995-2026"",""1995-2025-years"",""W192""],[""geostat_trade_domestic-export-country-2014-2026"",""2014-2025-years"",""D191""]]",derived
2015,goods,country,partner.1995-2025.887,reexports,0,numeric,unspecified,"[[""geostat_trade_export-country-1995-2026"",""1995-2025-years"",""W196""],[""geostat_trade_domestic-export-country-2014-2026"",""2014-2025-years"",""D195""]]",derived
2015,goods,country,partner.1995-2025.891,reexports,44599.8152205692747000,numeric,unspecified,"[[""geostat_trade_export-country-1995-2026"",""1995-2025-years"",""W166""],[""geostat_trade_domestic-export-country-2014-2026"",""2014-2025-years"",""D166""]]",derived
2015,goods,country,partner.1995-2025.894,reexports,0,numeric,unspecified,"[[""geostat_trade_export-country-1995-2026"",""1995-2025-years"",""W197""],[""geostat_trade_domestic-export-country-2014-2026"",""2014-2025-years"",""D196""]]",derived
2015,goods,national,goods.total,reexports,601703390.8254541000000,numeric,unspecified,"[[""geostat_trade_ftrade-1995-2026"",""1995-2026"",""V5""],[""geostat_trade_domestic-export-country-2014-2026"",""2014-2025-years"",""D5""]]",derived
2015,goods,national,goods.total,trade_balance,-5099970078.1458923000000,numeric,unspecified,"[[""geostat_trade_ftrade-1995-2026"",""1995-2026"",""V5""],[""geostat_trade_ftrade-1995-2026"",""1995-2026"",""V20""]]",derived
2015,goods,national,goods.total,trade_turnover,9508335353.0835993000000,numeric,unspecified,"[[""geostat_trade_ftrade-1995-2026"",""1995-2026"",""V5""],[""geostat_trade_ftrade-1995-2026"",""1995-2026"",""V20""]]",derived
2015,goods,product,goods.hs4.2015-2019.0102,reexports,0E-12,numeric,unspecified,"[[""geostat_trade_export-product-by-4-digit-2015-2026"",""2015-2019-years"",""C8""],[""geostat_trade_domestic-exports-by-4-digit-2014-2026"",""2015-2019-years"",""C7""]]",derived
2015,goods,product,goods.hs4.2015-2019.0104,reexports,1226679.000000003000,numeric,unspecified,"[[""geostat_trade_export-product-by-4-digit-2015-2026"",""2015-2019-years"",""C9""],[""geostat_trade_domestic-exports-by-4-digit-2014-2026"",""2015-2019-years"",""C8""]]",derived
2015,goods,product,goods.hs4.2015-2019.0105,reexports,0E-14,numeric,unspecified,"[[""geostat_trade_export-product-by-4-digit-2015-2026"",""2015-2019-years"",""C10""],[""geostat_trade_domestic-exports-by-4-digit-2014-2026"",""2015-2019-years"",""C9""]]",derived
2015,goods,product,goods.hs4.2015-2019.0204,reexports,0E-15,numeric,unspecified,"[[""geostat_trade_export-product-by-4-digit-2015-2026"",""2015-2019-years"",""C15""],[""geostat_trade_domestic-exports-by-4-digit-2014-2026"",""2015-2019-years"",""C10""]]",derived
2015,goods,product,goods.hs4.2015-2019.0207,reexports,64355.999999999995000,numeric,unspecified,"[[""geostat_trade_export-product-by-4-digit-2015-2026"",""2015-2019-years"",""C17""],[""geostat_trade_domestic-exports-by-4-digit-2014-2026"",""2015-2019-years"",""C11""]]",derived
2015,goods,product,goods.hs4.2015-2019.0302,reexports,0E-13,numeric,unspecified,"[[""geostat_trade_export-product-by-4-digit-2015-2026"",""2015-2019-years"",""C21""],[""geostat_trade_domestic-exports-by-4-digit-2014-2026"",""2015-2019-years"",""C12""]]",derived
2015,goods,product,goods.hs4.2015-2019.0303,reexports,528909.1500000000000,numeric,unspecified,"[[""geostat_trade_export-product-by-4-digit-2015-2026"",""2015-2019-years"",""C22""],[""geostat_trade_domestic-exports-by-4-digit-2014-2026"",""2015-2019-years"",""C13""]]",derived
2015,goods,product,goods.hs4.2015-2019.0504,reexports,22796.999999999997000,numeric,unspecified,"[[""geostat_trade_export-product-by-4-digit-2015-2026"",""2015-2019-years"",""C36""],[""geostat_trade_domestic-exports-by-4-digit-2014-2026"",""2015-2019-years"",""C14""]]",derived
2015,goods,product,goods.hs4.2015-2019.0701,reexports,68774.59079711195000,numeric,unspecified,"[[""geostat_trade_export-product-by-4-digit-2015-2026"",""2015-2019-years"",""C43""],[""geostat_trade_domestic-exports-by-4-digit-2014-2026"",""2015-2019-years"",""C15""]]",derived
2015,goods,product,goods.hs4.2015-2019.0702,reexports,18458.50000000002000,numeric,unspecified,"[[""geostat_trade_export-product-by-4-digit-2015-2026"",""2015-2019-years"",""C44""],[""geostat_trade_domestic-exports-by-4-digit-2014-2026"",""2015-2019-years"",""C16""]]",derived
2015,goods,product,goods.hs4.2015-2019.0707,reexports,0E-14,numeric,unspecified,"[[""geostat_trade_export-product-by-4-digit-2015-2026"",""2015-2019-years"",""C49""],[""geostat_trade_domestic-exports-by-4-digit-2014-2026"",""2015-2019-years"",""C17""]]",derived
2015,goods,product,goods.hs4.2015-2019.0709,reexports,8540.3733792318000,numeric,unspecified,"[[""geostat_trade_export-product-by-4-digit-2015-2026"",""2015-2019-years"",""C51""],[""geostat_trade_domestic-exports-by-4-digit-2014-2026"",""2015-2019-years"",""C18""]]",derived
2015,goods,product,goods.hs4.2015-2019.0802,reexports,1159886.67669301000,numeric,unspecified,"[[""geostat_trade_export-product-by-4-digit-2015-2026"",""2015-2019-years"",""C58""],[""geostat_trade_domestic-exports-by-4-digit-2014-2026"",""2015-2019-years"",""C19""]]",derived
2015,goods,product,goods.hs4.2015-2019.0805,reexports,1577876.252986170000,numeric,unspecified,"[[""geostat_trade_export-product-by-4-digit-2015-2026"",""2015-2019-years"",""C61""],[""geostat_trade_domestic-exports-by-4-digit-2014-2026"",""2015-2019-years"",""C20""]]",derived
2015,goods,product,goods.hs4.2015-2019.0808,reexports,160795.26246853367000,numeric,unspecified,"[[""geostat_trade_export-product-by-4-digit-2015-2026"",""2015-2019-years"",""C64""],[""geostat_trade_domestic-exports-by-4-digit-2014-2026"",""2015-2019-years"",""C21""]]",derived
2015,goods,product,goods.hs4.2015-2019.0809,reexports,21589.7931306259000,numeric,unspecified,"[[""geostat_trade_export-product-by-4-digit-2015-2026"",""2015-2019-years"",""C65""],[""geostat_trade_domestic-exports-by-4-digit-2014-2026"",""2015-2019-years"",""C22""]]",derived
2015,goods,product,goods.hs4.2015-2019.0810,reexports,15540.6416022288000,numeric,unspecified,"[[""geostat_trade_export-product-by-4-digit-2015-2026"",""2015-2019-years"",""C66""],[""geostat_trade_domestic-exports-by-4-digit-2014-2026"",""2015-2019-years"",""C23""]]",derived
2015,goods,product,goods.hs4.2015-2019.0813,reexports,30004.00000000013000,numeric,unspecified,"[[""geostat_trade_export-product-by-4-digit-2015-2026"",""2015-2019-years"",""C69""],[""geostat_trade_domestic-exports-by-4-digit-2014-2026"",""2015-2019-years"",""C24""]]",derived
2015,goods,product,goods.hs4.2015-2019.0902,reexports,112282.7429388628000,numeric,unspecified,"[[""geostat_trade_export-product-by-4-digit-2015-2026"",""2015-2019-years"",""C72""],[""geostat_trade_domestic-exports-by-4-digit-2014-2026"",""2015-2019-years"",""C25""]]",derived
2015,goods,product,goods.hs4.2015-2019.0910,reexports,12354.1704219987000,numeric,unspecified,"[[""geostat_trade_export-product-by-4-digit-2015-2026"",""2015-2019-years"",""C79""],[""geostat_trade_domestic-exports-by-4-digit-2014-2026"",""2015-2019-years"",""C26""]]",derived
2015,goods,product,goods.hs4.2015-2019.1003,reexports,0.0,numeric,unspecified,"[[""geostat_trade_export-product-by-4-digit-2015-2026"",""2015-2019-years"",""C81""],[""geostat_trade_domestic-exports-by-4-digit-2014-2026"",""2015-2019-years"",""C27""]]",derived
2015,goods,product,goods.hs4.2015-2019.1005,reexports,1777937.2499999994000,numeric,unspecified,"[[""geostat_trade_export-product-by-4-digit-2015-2026"",""2015-2019-years"",""C82""],[""geostat_trade_domestic-exports-by-4-digit-2014-2026"",""2015-2019-years"",""C28""]]",derived
2015,goods,product,goods.hs4.2015-2019.1106,reexports,0E-13,numeric,unspecified,"[[""geostat_trade_export-product-by-4-digit-2015-2026"",""2015-2019-years"",""C89""],[""geostat_trade_domestic-exports-by-4-digit-2014-2026"",""2015-2019-years"",""C29""]]",derived
2015,goods,product,goods.hs4.2015-2019.1206,reexports,0E-14,numeric,unspecified,"[[""geostat_trade_export-product-by-4-digit-2015-2026"",""2015-2019-years"",""C95""],[""geostat_trade_domestic-exports-by-4-digit-2014-2026"",""2015-2019-years"",""C30""]]",derived
2015,goods,product,goods.hs4.2015-2019.1211,reexports,38395.4625483347000,numeric,unspecified,"[[""geostat_trade_export-product-by-4-digit-2015-2026"",""2015-2019-years"",""C100""],[""geostat_trade_domestic-exports-by-4-digit-2014-2026"",""2015-2019-years"",""C31""]]",derived
2015,goods,product,goods.hs4.2015-2019.1504,reexports,0E-13,numeric,unspecified,"[[""geostat_trade_export-product-by-4-digit-2015-2026"",""2015-2019-years"",""C109""],[""geostat_trade_domestic-exports-by-4-digit-2014-2026"",""2015-2019-years"",""C32""]]",derived
2015,goods,product,goods.hs4.2015-2019.1515,reexports,0E-13,numeric,unspecified,"[[""geostat_trade_export-product-by-4-digit-2015-2026"",""2015-2019-years"",""C119""],[""geostat_trade_domestic-exports-by-4-digit-2014-2026"",""2015-2019-years"",""C33""]]",derived
2015,goods,product,goods.hs4.2015-2019.1516,reexports,0,numeric,unspecified,"[[""geostat_trade_export-product-by-4-digit-2015-2026"",""2015-2019-years"",""C120""],[""geostat_trade_domestic-exports-by-4-digit-2014-2026"",""2015-2019-years"",""C34""]]",derived
2015,goods,product,goods.hs4.2015-2019.1806,reexports,104450.6710882792000,numeric,unspecified,"[[""geostat_trade_export-product-by-4-digit-2015-2026"",""2015-2019-years"",""C134""],[""geostat_trade_domestic-exports-by-4-digit-2014-2026"",""2015-2019-years"",""C35""]]",derived
2015,goods,product,goods.hs4.2015-2019.2007,reexports,0E-14,numeric,unspecified,"[[""geostat_trade_export-product-by-4-digit-2015-2026"",""2015-2019-years"",""C146""],[""geostat_trade_domestic-exports-by-4-digit-2014-2026"",""2015-2019-years"",""C36""]]",derived
2015,goods,product,goods.hs4.2015-2019.2008,reexports,0E-13,numeric,unspecified,"[[""geostat_trade_export-product-by-4-digit-2015-2026"",""2015-2019-years"",""C147""],[""geostat_trade_domestic-exports-by-4-digit-2014-2026"",""2015-2019-years"",""C37""]]",derived
2015,goods,product,goods.hs4.2015-2019.2009,reexports,13293.3000000002000,numeric,unspecified,"[[""geostat_trade_export-product-by-4-digit-2015-2026"",""2015-2019-years"",""C148""],[""geostat_trade_domestic-exports-by-4-digit-2014-2026"",""2015-2019-years"",""C38""]]",derived
2015,goods,product,goods.hs4.2015-2019.2101,reexports,178296.63999999999000,numeric,unspecified,"[[""geostat_trade_export-product-by-4-digit-2015-2026"",""2015-2019-years"",""C149""],[""geostat_trade_domestic-exports-by-4-digit-2014-2026"",""2015-2019-years"",""C39""]]",derived
2015,goods,product,goods.hs4.2015-2019.2103,reexports,0E-14,numeric,unspecified,"[[""geostat_trade_export-product-by-4-digit-2015-2026"",""2015-2019-years"",""C151""],[""geostat_trade_domestic-exports-by-4-digit-2014-2026"",""2015-2019-years"",""C40""]]",derived
2015,goods,product,goods.hs4.2015-2019.2106,reexports,1589492.3600927064000,numeric,unspecified,"[[""geostat_trade_export-product-by-4-digit-2015-2026"",""2015-2019-years"",""C154""],[""geostat_trade_domestic-exports-by-4-digit-2014-2026"",""2015-2019-years"",""C41""]]",derived
2015,goods,product,goods.hs4.2015-2019.2201,reexports,55716.869999989000,numeric,unspecified,"[[""geostat_trade_export-product-by-4-digit-2015-2026"",""2015-2019-years"",""C155""],[""geostat_trade_domestic-exports-by-4-digit-2014-2026"",""2015-2019-years"",""C42""]]",derived
2015,goods,product,goods.hs4.2015-2019.2202,reexports,865021.521945011000,numeric,unspecified,"[[""geostat_trade_export-product-by-4-digit-2015-2026"",""2015-2019-years"",""C156""],[""geostat_trade_domestic-exports-by-4-digit-2014-2026"",""2015-2019-years"",""C43""]]",derived
2015,goods,product,goods.hs4.2015-2019.2203,reexports,379551.98429995505000,numeric,unspecified,"[[""geostat_trade_export-product-by-4-digit-2015-2026"",""2015-2019-years"",""C157""],[""geostat_trade_domestic-exports-by-4-digit-2014-2026"",""2015-2019-years"",""C44""]]",derived
2015,goods,product,goods.hs4.2015-2019.2204,reexports,2477265.166463549000,numeric,unspecified,"[[""geostat_trade_export-product-by-4-digit-2015-2026"",""2015-2019-years"",""C158""],[""geostat_trade_domestic-exports-by-4-digit-2014-2026"",""2015-2019-years"",""C45""]]",derived
2015,goods,product,goods.hs4.2015-2019.2208,reexports,36437640.257136125000,numeric,unspecified,"[[""geostat_trade_export-product-by-4-digit-2015-2026"",""2015-2019-years"",""C162""],[""geostat_trade_domestic-exports-by-4-digit-2014-2026"",""2015-2019-years"",""C46""]]",derived
2015,goods,product,goods.hs4.2015-2019.2301,reexports,0E-12,numeric,unspecified,"[[""geostat_trade_export-product-by-4-digit-2015-2026"",""2015-2019-years"",""C164""],[""geostat_trade_domestic-exports-by-4-digit-2014-2026"",""2015-2019-years"",""C47""]]",derived
2015,goods,product,goods.hs4.2015-2019.2309,reexports,0E-14,numeric,unspecified,"[[""geostat_trade_export-product-by-4-digit-2015-2026"",""2015-2019-years"",""C170""],[""geostat_trade_domestic-exports-by-4-digit-2014-2026"",""2015-2019-years"",""C48""]]",derived
2015,goods,product,goods.hs4.2015-2019.2508,reexports,0E-14,numeric,unspecified,"[[""geostat_trade_export-product-by-4-digit-2015-2026"",""2015-2019-years"",""C180""],[""geostat_trade_domestic-exports-by-4-digit-2014-2026"",""2015-2019-years"",""C49""]]",derived
2015,goods,product,goods.hs4.2015-2019.2522,reexports,0E-13,numeric,unspecified,"[[""geostat_trade_export-product-by-4-digit-2015-2026"",""2015-2019-years"",""C192""],[""geostat_trade_domestic-exports-by-4-digit-2014-2026"",""2015-2019-years"",""C50""]]",derived
2015,goods,product,goods.hs4.2015-2019.2602,reexports,0E-13,numeric,unspecified,"[[""geostat_trade_export-product-by-4-digit-2015-2026"",""2015-2019-years"",""C199""],[""geostat_trade_domestic-exports-by-4-digit-2014-2026"",""2015-2019-years"",""C51""]]",derived
2015,goods,product,goods.hs4.2015-2019.2603,reexports,77030582.13975335000,numeric,unspecified,"[[""geostat_trade_export-product-by-4-digit-2015-2026"",""2015-2019-years"",""C200""],[""geostat_trade_domestic-exports-by-4-digit-2014-2026"",""2015-2019-years"",""C52""]]",derived
2015,goods,product,goods.hs4.2015-2019.2616,reexports,0,numeric,unspecified,"[[""geostat_trade_export-product-by-4-digit-2015-2026"",""2015-2019-years"",""C205""],[""geostat_trade_domestic-exports-by-4-digit-2014-2026"",""2015-2019-years"",""C53""]]",derived
2015,goods,product,goods.hs4.2015-2019.2710,reexports,5961894.52387318213000,numeric,unspecified,"[[""geostat_trade_export-product-by-4-digit-2015-2026"",""2015-2019-years"",""C215""],[""geostat_trade_domestic-exports-by-4-digit-2014-2026"",""2015-2019-years"",""C54""]]",derived
2015,goods,product,goods.hs4.2015-2019.2716,reexports,0E-12,numeric,unspecified,"[[""geostat_trade_export-product-by-4-digit-2015-2026"",""2015-2019-years"",""C220""],[""geostat_trade_domestic-exports-by-4-digit-2014-2026"",""2015-2019-years"",""C55""]]",derived
2015,goods,product,goods.hs4.2015-2019.2820,reexports,0E-13,numeric,unspecified,"[[""geostat_trade_export-product-by-4-digit-2015-2026"",""2015-2019-years"",""C233""],[""geostat_trade_domestic-exports-by-4-digit-2014-2026"",""2015-2019-years"",""C56""]]",derived
2015,goods,product,goods.hs4.2015-2019.2837,reexports,0E-12,numeric,unspecified,"[[""geostat_trade_export-product-by-4-digit-2015-2026"",""2015-2019-years"",""C246""],[""geostat_trade_domestic-exports-by-4-digit-2014-2026"",""2015-2019-years"",""C57""]]",derived
2015,goods,product,goods.hs4.2015-2019.3004,reexports,133276033.2967683477000,numeric,unspecified,"[[""geostat_trade_export-product-by-4-digit-2015-2026"",""2015-2019-years"",""C293""],[""geostat_trade_domestic-exports-by-4-digit-2014-2026"",""2015-2019-years"",""C58""]]",derived
2015,goods,product,goods.hs4.2015-2019.3006,reexports,510180.19194178532000,numeric,unspecified,"[[""geostat_trade_export-product-by-4-digit-2015-2026"",""2015-2019-years"",""C295""],[""geostat_trade_domestic-exports-by-4-digit-2014-2026"",""2015-2019-years"",""C59""]]",derived
2015,goods,product,goods.hs4.2015-2019.3102,reexports,32325.00000001000,numeric,unspecified,"[[""geostat_trade_export-product-by-4-digit-2015-2026"",""2015-2019-years"",""C297""],[""geostat_trade_domestic-exports-by-4-digit-2014-2026"",""2015-2019-years"",""C60""]]",derived
2015,goods,product,goods.hs4.2015-2019.3923,reexports,159182.5012029112000,numeric,unspecified,"[[""geostat_trade_export-product-by-4-digit-2015-2026"",""2015-2019-years"",""C390""],[""geostat_trade_domestic-exports-by-4-digit-2014-2026"",""2015-2019-years"",""C61""]]",derived
2015,goods,product,goods.hs4.2015-2019.3926,reexports,591249.6721941653000,numeric,unspecified,"[[""geostat_trade_export-product-by-4-digit-2015-2026"",""2015-2019-years"",""C393""],[""geostat_trade_domestic-exports-by-4-digit-2014-2026"",""2015-2019-years"",""C62""]]",derived
2015,goods,product,goods.hs4.2015-2019.4407,reexports,651019.534105640000,numeric,unspecified,"[[""geostat_trade_export-product-by-4-digit-2015-2026"",""2015-2019-years"",""C430""],[""geostat_trade_domestic-exports-by-4-digit-2014-2026"",""2015-2019-years"",""C63""]]",derived
2015,goods,product,goods.hs4.2015-2019.4410,reexports,78122.1699999996000,numeric,unspecified,"[[""geostat_trade_export-product-by-4-digit-2015-2026"",""2015-2019-years"",""C433""],[""geostat_trade_domestic-exports-by-4-digit-2014-2026"",""2015-2019-years"",""C64""]]",derived
2015,goods,product,goods.hs4.2015-2019.4418,reexports,7.13999999999000,numeric,unspecified,"[[""geostat_trade_export-product-by-4-digit-2015-2026"",""2015-2019-years"",""C441""],[""geostat_trade_domestic-exports-by-4-digit-2014-2026"",""2015-2019-years"",""C65""]]",derived
2015,goods,product,goods.hs4.2015-2019.4421,reexports,73470.0474591136000,numeric,unspecified,"[[""geostat_trade_export-product-by-4-digit-2015-2026"",""2015-2019-years"",""C444""],[""geostat_trade_domestic-exports-by-4-digit-2014-2026"",""2015-2019-years"",""C66""]]",derived
2015,goods,product,goods.hs4.2015-2019.4707,reexports,0E-13,numeric,unspecified,"[[""geostat_trade_export-product-by-4-digit-2015-2026"",""2015-2019-years"",""C450""],[""geostat_trade_domestic-exports-by-4-digit-2014-2026"",""2015-2019-years"",""C67""]]",derived
2015,goods,product,goods.hs4.2015-2019.4805,reexports,0E-14,numeric,unspecified,"[[""geostat_trade_export-product-by-4-digit-2015-2026"",""2015-2019-years"",""C455""],[""geostat_trade_domestic-exports-by-4-digit-2014-2026"",""2015-2019-years"",""C68""]]",derived
2015,goods,product,goods.hs4.2015-2019.5605,reexports,0E-13,numeric,unspecified,"[[""geostat_trade_export-product-by-4-digit-2015-2026"",""2015-2019-years"",""C519""],[""geostat_trade_domestic-exports-by-4-digit-2014-2026"",""2015-2019-years"",""C69""]]",derived
2015,goods,product,goods.hs4.2015-2019.6102,reexports,32345.240870136927000,numeric,unspecified,"[[""geostat_trade_export-product-by-4-digit-2015-2026"",""2015-2019-years"",""C553""],[""geostat_trade_domestic-exports-by-4-digit-2014-2026"",""2015-2019-years"",""C70""]]",derived
2015,goods,product,goods.hs4.2015-2019.6103,reexports,56386.9430339910000,numeric,unspecified,"[[""geostat_trade_export-product-by-4-digit-2015-2026"",""2015-2019-years"",""C554""],[""geostat_trade_domestic-exports-by-4-digit-2014-2026"",""2015-2019-years"",""C71""]]",derived
2015,goods,product,goods.hs4.2015-2019.6104,reexports,187275.19173296241000,numeric,unspecified,"[[""geostat_trade_export-product-by-4-digit-2015-2026"",""2015-2019-years"",""C555""],[""geostat_trade_domestic-exports-by-4-digit-2014-2026"",""2015-2019-years"",""C72""]]",derived
2015,goods,product,goods.hs4.2015-2019.6109,reexports,830769.691237816000,numeric,unspecified,"[[""geostat_trade_export-product-by-4-digit-2015-2026"",""2015-2019-years"",""C560""],[""geostat_trade_domestic-exports-by-4-digit-2014-2026"",""2015-2019-years"",""C73""]]",derived
2015,goods,product,goods.hs4.2015-2019.6110,reexports,1172673.0856328862000,numeric,unspecified,"[[""geostat_trade_export-product-by-4-digit-2015-2026"",""2015-2019-years"",""C561""],[""geostat_trade_domestic-exports-by-4-digit-2014-2026"",""2015-2019-years"",""C74""]]",derived
2015,goods,product,goods.hs4.2015-2019.6201,reexports,1082439.6516348407000,numeric,unspecified,"[[""geostat_trade_export-product-by-4-digit-2015-2026"",""2015-2019-years"",""C569""],[""geostat_trade_domestic-exports-by-4-digit-2014-2026"",""2015-2019-years"",""C75""]]",derived
2015,goods,product,goods.hs4.2015-2019.6202,reexports,300435.7036725278000,numeric,unspecified,"[[""geostat_trade_export-product-by-4-digit-2015-2026"",""2015-2019-years"",""C570""],[""geostat_trade_domestic-exports-by-4-digit-2014-2026"",""2015-2019-years"",""C76""]]",derived
2015,goods,product,goods.hs4.2015-2019.6203,reexports,1030025.36954471959000,numeric,unspecified,"[[""geostat_trade_export-product-by-4-digit-2015-2026"",""2015-2019-years"",""C571""],[""geostat_trade_domestic-exports-by-4-digit-2014-2026"",""2015-2019-years"",""C77""]]",derived
2015,goods,product,goods.hs4.2015-2019.6204,reexports,1615249.8375078185000,numeric,unspecified,"[[""geostat_trade_export-product-by-4-digit-2015-2026"",""2015-2019-years"",""C572""],[""geostat_trade_domestic-exports-by-4-digit-2014-2026"",""2015-2019-years"",""C78""]]",derived
2015,goods,product,goods.hs4.2015-2019.6206,reexports,431041.2148796895000,numeric,unspecified,"[[""geostat_trade_export-product-by-4-digit-2015-2026"",""2015-2019-years"",""C574""],[""geostat_trade_domestic-exports-by-4-digit-2014-2026"",""2015-2019-years"",""C79""]]",derived
2015,goods,product,goods.hs4.2015-2019.6212,reexports,225121.3278732625381000,numeric,unspecified,"[[""geostat_trade_export-product-by-4-digit-2015-2026"",""2015-2019-years"",""C580""],[""geostat_trade_domestic-exports-by-4-digit-2014-2026"",""2015-2019-years"",""C80""]]",derived
2015,goods,product,goods.hs4.2015-2019.6305,reexports,19910.36109309835000,numeric,unspecified,"[[""geostat_trade_export-product-by-4-digit-2015-2026"",""2015-2019-years"",""C590""],[""geostat_trade_domestic-exports-by-4-digit-2014-2026"",""2015-2019-years"",""C81""]]",derived
2015,goods,product,goods.hs4.2015-2019.6403,reexports,496486.78405662281000,numeric,unspecified,"[[""geostat_trade_export-product-by-4-digit-2015-2026"",""2015-2019-years"",""C597""],[""geostat_trade_domestic-exports-by-4-digit-2014-2026"",""2015-2019-years"",""C82""]]",derived
2015,goods,product,goods.hs4.2015-2019.6809,reexports,27417.9199999994000,numeric,unspecified,"[[""geostat_trade_export-product-by-4-digit-2015-2026"",""2015-2019-years"",""C620""],[""geostat_trade_domestic-exports-by-4-digit-2014-2026"",""2015-2019-years"",""C83""]]",derived
2015,goods,product,goods.hs4.2015-2019.7010,reexports,28838.0159842554000,numeric,unspecified,"[[""geostat_trade_export-product-by-4-digit-2015-2026"",""2015-2019-years"",""C644""],[""geostat_trade_domestic-exports-by-4-digit-2014-2026"",""2015-2019-years"",""C84""]]",derived
2015,goods,product,goods.hs4.2015-2019.7108,reexports,0E-12,numeric,unspecified,"[[""geostat_trade_export-product-by-4-digit-2015-2026"",""2015-2019-years"",""C658""],[""geostat_trade_domestic-exports-by-4-digit-2014-2026"",""2015-2019-years"",""C85""]]",derived
2015,goods,product,goods.hs4.2015-2019.7112,reexports,0E-13,numeric,unspecified,"[[""geostat_trade_export-product-by-4-digit-2015-2026"",""2015-2019-years"",""C660""],[""geostat_trade_domestic-exports-by-4-digit-2014-2026"",""2015-2019-years"",""C86""]]",derived
2015,goods,product,goods.hs4.2015-2019.7115,reexports,19652.8017794508000,numeric,unspecified,"[[""geostat_trade_export-product-by-4-digit-2015-2026"",""2015-2019-years"",""C663""],[""geostat_trade_domestic-exports-by-4-digit-2014-2026"",""2015-2019-years"",""C87""]]",derived
2015,goods,product,goods.hs4.2015-2019.7202,reexports,0E-11,numeric,unspecified,"[[""geostat_trade_export-product-by-4-digit-2015-2026"",""2015-2019-years"",""C668""],[""geostat_trade_domestic-exports-by-4-digit-2014-2026"",""2015-2019-years"",""C88""]]",derived
2015,goods,product,goods.hs4.2015-2019.7204,reexports,0E-13,numeric,unspecified,"[[""geostat_trade_export-product-by-4-digit-2015-2026"",""2015-2019-years"",""C670""],[""geostat_trade_domestic-exports-by-4-digit-2014-2026"",""2015-2019-years"",""C89""]]",derived
2015,goods,product,goods.hs4.2015-2019.7207,reexports,0E-12,numeric,unspecified,"[[""geostat_trade_export-product-by-4-digit-2015-2026"",""2015-2019-years"",""C673""],[""geostat_trade_domestic-exports-by-4-digit-2014-2026"",""2015-2019-years"",""C90""]]",derived
2015,goods,product,goods.hs4.2015-2019.7214,reexports,4472.460000001000,numeric,unspecified,"[[""geostat_trade_export-product-by-4-digit-2015-2026"",""2015-2019-years"",""C680""],[""geostat_trade_domestic-exports-by-4-digit-2014-2026"",""2015-2019-years"",""C91""]]",derived
2015,goods,product,goods.hs4.2015-2019.7304,reexports,22036.3946665375000,numeric,unspecified,"[[""geostat_trade_export-product-by-4-digit-2015-2026"",""2015-2019-years"",""C695""],[""geostat_trade_domestic-exports-by-4-digit-2014-2026"",""2015-2019-years"",""C92""]]",derived
2015,goods,product,goods.hs4.2015-2019.7307,reexports,8597.326904325207000,numeric,unspecified,"[[""geostat_trade_export-product-by-4-digit-2015-2026"",""2015-2019-years"",""C698""],[""geostat_trade_domestic-exports-by-4-digit-2014-2026"",""2015-2019-years"",""C93""]]",derived
2015,goods,product,goods.hs4.2015-2019.7326,reexports,128343.16145588537000,numeric,unspecified,"[[""geostat_trade_export-product-by-4-digit-2015-2026"",""2015-2019-years"",""C717""],[""geostat_trade_domestic-exports-by-4-digit-2014-2026"",""2015-2019-years"",""C94""]]",derived
2015,goods,product,goods.hs4.2015-2019.7404,reexports,0E-12,numeric,unspecified,"[[""geostat_trade_export-product-by-4-digit-2015-2026"",""2015-2019-years"",""C719""],[""geostat_trade_domestic-exports-by-4-digit-2014-2026"",""2015-2019-years"",""C95""]]",derived
2015,goods,product,goods.hs4.2015-2019.7601,reexports,0E-13,numeric,unspecified,"[[""geostat_trade_export-product-by-4-digit-2015-2026"",""2015-2019-years"",""C730""],[""geostat_trade_domestic-exports-by-4-digit-2014-2026"",""2015-2019-years"",""C96""]]",derived
2015,goods,product,goods.hs4.2015-2019.7602,reexports,0E-13,numeric,unspecified,"[[""geostat_trade_export-product-by-4-digit-2015-2026"",""2015-2019-years"",""C731""],[""geostat_trade_domestic-exports-by-4-digit-2014-2026"",""2015-2019-years"",""C97""]]",derived
2015,goods,product,goods.hs4.2015-2019.7801,reexports,0E-13,numeric,unspecified,"[[""geostat_trade_export-product-by-4-digit-2015-2026"",""2015-2019-years"",""C747""],[""geostat_trade_domestic-exports-by-4-digit-2014-2026"",""2015-2019-years"",""C98""]]",derived
2015,goods,product,goods.hs4.2015-2019.8516,reexports,2742234.7481441773000,numeric,unspecified,"[[""geostat_trade_export-product-by-4-digit-2015-2026"",""2015-2019-years"",""C888""],[""geostat_trade_domestic-exports-by-4-digit-2014-2026"",""2015-2019-years"",""C99""]]",derived
2015,goods,product,goods.hs4.2015-2019.8544,reexports,124239.61102489386000,numeric,unspecified,"[[""geostat_trade_export-product-by-4-digit-2015-2026"",""2015-2019-years"",""C914""],[""geostat_trade_domestic-exports-by-4-digit-2014-2026"",""2015-2019-years"",""C100""]]",derived
2015,goods,product,goods.hs4.2015-2019.8606,reexports,0,numeric,unspecified,"[[""geostat_trade_export-product-by-4-digit-2015-2026"",""2015-2019-years"",""C924""],[""geostat_trade_domestic-exports-by-4-digit-2014-2026"",""2015-2019-years"",""C101""]]",derived
2015,goods,product,goods.hs4.2015-2019.8607,reexports,91604.16461814091000,numeric,unspecified,"[[""geostat_trade_export-product-by-4-digit-2015-2026"",""2015-2019-years"",""C925""],[""geostat_trade_domestic-exports-by-4-digit-2014-2026"",""2015-2019-years"",""C102""]]",derived
2015,goods,product,goods.hs4.2015-2019.8803,reexports,71366.53177452865000,numeric,unspecified,"[[""geostat_trade_export-product-by-4-digit-2015-2026"",""2015-2019-years"",""C945""],[""geostat_trade_domestic-exports-by-4-digit-2014-2026"",""2015-2019-years"",""C103""]]",derived
2015,goods,product,goods.hs4.2015-2019.9403,reexports,792040.7980922773000,numeric,unspecified,"[[""geostat_trade_export-product-by-4-digit-2015-2026"",""2015-2019-years"",""C1003""],[""geostat_trade_domestic-exports-by-4-digit-2014-2026"",""2015-2019-years"",""C104""]]",derived
2015,goods,product,goods.hs4.2015-2019.9404,reexports,4366.508239394080000,numeric,unspecified,"[[""geostat_trade_export-product-by-4-digit-2015-2026"",""2015-2019-years"",""C1004""],[""geostat_trade_domestic-exports-by-4-digit-2014-2026"",""2015-2019-years"",""C105""]]",derived
2016,goods,country,partner.1995-2025.004,reexports,3954.769999999997000,numeric,unspecified,"[[""geostat_trade_export-country-1995-2026"",""1995-2025-years"",""X50""],[""geostat_trade_domestic-export-country-2014-2026"",""2014-2025-years"",""E50""]]",derived
2016,goods,country,partner.1995-2025.008,reexports,207780.91694804058000,numeric,unspecified,"[[""geostat_trade_export-country-1995-2026"",""1995-2025-years"",""X51""],[""geostat_trade_domestic-export-country-2014-2026"",""2014-2025-years"",""E51""]]",derived
2016,goods,country,partner.1995-2025.012,reexports,22759.99999999999000,numeric,unspecified,"[[""geostat_trade_export-country-1995-2026"",""1995-2025-years"",""X52""],[""geostat_trade_domestic-export-country-2014-2026"",""2014-2025-years"",""E52""]]",derived
2016,goods,country,partner.1995-2025.020,reexports,0,numeric,unspecified,"[[""geostat_trade_export-country-1995-2026"",""1995-2025-years"",""X53""],[""geostat_trade_domestic-export-country-2014-2026"",""2014-2025-years"",""E53""]]",derived
2016,goods,country,partner.1995-2025.024,reexports,0E-13,numeric,unspecified,"[[""geostat_trade_export-country-1995-2026"",""1995-2025-years"",""X54""],[""geostat_trade_domestic-export-country-2014-2026"",""2014-2025-years"",""E54""]]",derived
2016,goods,country,partner.1995-2025.028,reexports,0,numeric,unspecified,"[[""geostat_trade_export-country-1995-2026"",""1995-2025-years"",""X56""],[""geostat_trade_domestic-export-country-2014-2026"",""2014-2025-years"",""E56""]]",derived
2016,goods,country,partner.1995-2025.031,reexports,104935757.088120135000,numeric,unspecified,"[[""geostat_trade_export-country-1995-2026"",""1995-2025-years"",""X38""],[""geostat_trade_domestic-export-country-2014-2026"",""2014-2025-years"",""E38""]]",derived
2016,goods,country,partner.1995-2025.032,reexports,0,numeric,unspecified,"[[""geostat_trade_export-country-1995-2026"",""1995-2025-years"",""X57""],[""geostat_trade_domestic-export-country-2014-2026"",""2014-2025-years"",""E57""]]",derived
2016,goods,country,partner.1995-2025.036,reexports,277207.33014166672000,numeric,unspecified,"[[""geostat_trade_export-country-1995-2026"",""1995-2025-years"",""X58""],[""geostat_trade_domestic-export-country-2014-2026"",""2014-2025-years"",""E58""]]",derived
2016,goods,country,partner.1995-2025.040,reexports,105525.70199995296000,numeric,unspecified,"[[""geostat_trade_export-country-1995-2026"",""1995-2025-years"",""X8""],[""geostat_trade_domestic-export-country-2014-2026"",""2014-2025-years"",""E8""]]",derived
2016,goods,country,partner.1995-2025.044,reexports,0,numeric,unspecified,"[[""geostat_trade_export-country-1995-2026"",""1995-2025-years"",""X59""],[""geostat_trade_domestic-export-country-2014-2026"",""2014-2025-years"",""E59""]]",derived
2016,goods,country,partner.1995-2025.048,reexports,0E-14,numeric,unspecified,"[[""geostat_trade_export-country-1995-2026"",""1995-2025-years"",""X60""],[""geostat_trade_domestic-export-country-2014-2026"",""2014-2025-years"",""E60""]]",derived
2016,goods,country,partner.1995-2025.050,reexports,3750.00,numeric,unspecified,"[[""geostat_trade_export-country-1995-2026"",""1995-2025-years"",""X61""],[""geostat_trade_domestic-export-country-2014-2026"",""2014-2025-years"",""E61""]]",derived
2016,goods,country,partner.1995-2025.051,reexports,91080839.537316618000,numeric,unspecified,"[[""geostat_trade_export-country-1995-2026"",""1995-2025-years"",""X37""],[""geostat_trade_domestic-export-country-2014-2026"",""2014-2025-years"",""E37""]]",derived
2016,goods,country,partner.1995-2025.052,reexports,0,numeric,unspecified,"[[""geostat_trade_export-country-1995-2026"",""1995-2025-years"",""X62""],[""geostat_trade_domestic-export-country-2014-2026"",""2014-2025-years"",""E62""]]",derived
2016,goods,country,partner.1995-2025.056,reexports,4040420.1037315442000,numeric,unspecified,"[[""geostat_trade_export-country-1995-2026"",""1995-2025-years"",""X9""],[""geostat_trade_domestic-export-country-2014-2026"",""2014-2025-years"",""E9""]]",derived
2016,goods,country,partner.1995-2025.064,reexports,0,numeric,unspecified,"[[""geostat_trade_export-country-1995-2026"",""1995-2025-years"",""X65""],[""geostat_trade_domestic-export-country-2014-2026"",""2014-2025-years"",""E65""]]",derived
2016,goods,country,partner.1995-2025.068,reexports,0,numeric,unspecified,"[[""geostat_trade_export-country-1995-2026"",""1995-2025-years"",""X66""],[""geostat_trade_domestic-export-country-2014-2026"",""2014-2025-years"",""E66""]]",derived
2016,goods,country,partner.1995-2025.070,reexports,0,numeric,unspecified,"[[""geostat_trade_export-country-1995-2026"",""1995-2025-years"",""X67""],[""geostat_trade_domestic-export-country-2014-2026"",""2014-2025-years"",""E67""]]",derived
2016,goods,country,partner.1995-2025.072,reexports,0,numeric,unspecified,"[[""geostat_trade_export-country-1995-2026"",""1995-2025-years"",""X68""],[""geostat_trade_domestic-export-country-2014-2026"",""2014-2025-years"",""E68""]]",derived
2016,goods,country,partner.1995-2025.076,reexports,125300.00000000009000,numeric,unspecified,"[[""geostat_trade_export-country-1995-2026"",""1995-2025-years"",""X69""],[""geostat_trade_domestic-export-country-2014-2026"",""2014-2025-years"",""E69""]]",derived
2016,goods,country,partner.1995-2025.084,reexports,0.000,numeric,unspecified,"[[""geostat_trade_export-country-1995-2026"",""1995-2025-years"",""X63""],[""geostat_trade_domestic-export-country-2014-2026"",""2014-2025-years"",""E63""]]",derived
2016,goods,country,partner.1995-2025.092,reexports,0,numeric,unspecified,"[[""geostat_trade_export-country-1995-2026"",""1995-2025-years"",""X194""],[""geostat_trade_domestic-export-country-2014-2026"",""2014-2025-years"",""E193""]]",derived
2016,goods,country,partner.1995-2025.100,reexports,3898447.37038872000,numeric,unspecified,"[[""geostat_trade_export-country-1995-2026"",""1995-2025-years"",""X10""],[""geostat_trade_domestic-export-country-2014-2026"",""2014-2025-years"",""E10""]]",derived
2016,goods,country,partner.1995-2025.104,reexports,0,numeric,unspecified,"[[""geostat_trade_export-country-1995-2026"",""1995-2025-years"",""X143""],[""geostat_trade_domestic-export-country-2014-2026"",""2014-2025-years"",""E143""]]",derived
2016,goods,country,partner.1995-2025.108,reexports,0,numeric,unspecified,"[[""geostat_trade_export-country-1995-2026"",""1995-2025-years"",""X71""],[""geostat_trade_domestic-export-country-2014-2026"",""2014-2025-years"",""E71""]]",derived
2016,goods,country,partner.1995-2025.112,reexports,2803521.002600594000,numeric,unspecified,"[[""geostat_trade_export-country-1995-2026"",""1995-2025-years"",""X39""],[""geostat_trade_domestic-export-country-2014-2026"",""2014-2025-years"",""E39""]]",derived
2016,goods,country,partner.1995-2025.116,reexports,0E-16,numeric,unspecified,"[[""geostat_trade_export-country-1995-2026"",""1995-2025-years"",""X72""],[""geostat_trade_domestic-export-country-2014-2026"",""2014-2025-years"",""E72""]]",derived
2016,goods,country,partner.1995-2025.120,reexports,3.3389564507990909000,numeric,unspecified,"[[""geostat_trade_export-country-1995-2026"",""1995-2025-years"",""X73""],[""geostat_trade_domestic-export-country-2014-2026"",""2014-2025-years"",""E73""]]",derived
2016,goods,country,partner.1995-2025.124,reexports,0E-12,numeric,unspecified,"[[""geostat_trade_export-country-1995-2026"",""1995-2025-years"",""X74""],[""geostat_trade_domestic-export-country-2014-2026"",""2014-2025-years"",""E74""]]",derived
2016,goods,country,partner.1995-2025.136,reexports,0,numeric,unspecified,"[[""geostat_trade_export-country-1995-2026"",""1995-2025-years"",""X75""],[""geostat_trade_domestic-export-country-2014-2026"",""2014-2025-years"",""E75""]]",derived
2016,goods,country,partner.1995-2025.140,reexports,0,numeric,unspecified,"[[""geostat_trade_export-country-1995-2026"",""1995-2025-years"",""X76""],[""geostat_trade_domestic-export-country-2014-2026"",""2014-2025-years"",""E76""]]",derived
2016,goods,country,partner.1995-2025.144,reexports,0E-16,numeric,unspecified,"[[""geostat_trade_export-country-1995-2026"",""1995-2025-years"",""X173""],[""geostat_trade_domestic-export-country-2014-2026"",""2014-2025-years"",""E173""]]",derived
2016,goods,country,partner.1995-2025.148,reexports,0,numeric,unspecified,"[[""geostat_trade_export-country-1995-2026"",""1995-2025-years"",""X77""],[""geostat_trade_domestic-export-country-2014-2026"",""2014-2025-years"",""E77""]]",derived
2016,goods,country,partner.1995-2025.152,reexports,0E-13,numeric,unspecified,"[[""geostat_trade_export-country-1995-2026"",""1995-2025-years"",""X78""],[""geostat_trade_domestic-export-country-2014-2026"",""2014-2025-years"",""E78""]]",derived
2016,goods,country,partner.1995-2025.156,reexports,3071727.78772086000,numeric,unspecified,"[[""geostat_trade_export-country-1995-2026"",""1995-2025-years"",""X79""],[""geostat_trade_domestic-export-country-2014-2026"",""2014-2025-years"",""E79""]]",derived
2016,goods,country,partner.1995-2025.158,reexports,0E-13,numeric,unspecified,"[[""geostat_trade_export-country-1995-2026"",""1995-2025-years"",""X179""],[""geostat_trade_domestic-export-country-2014-2026"",""2014-2025-years"",""E178""]]",derived
2016,goods,country,partner.1995-2025.170,reexports,0E-13,numeric,unspecified,"[[""geostat_trade_export-country-1995-2026"",""1995-2025-years"",""X80""],[""geostat_trade_domestic-export-country-2014-2026"",""2014-2025-years"",""E80""]]",derived
2016,goods,country,partner.1995-2025.178,reexports,1.00555887883000,numeric,unspecified,"[[""geostat_trade_export-country-1995-2026"",""1995-2025-years"",""X81""],[""geostat_trade_domestic-export-country-2014-2026"",""2014-2025-years"",""E81""]]",derived
2016,goods,country,partner.1995-2025.180,reexports,0,numeric,unspecified,"[[""geostat_trade_export-country-1995-2026"",""1995-2025-years"",""X82""],[""geostat_trade_domestic-export-country-2014-2026"",""2014-2025-years"",""E82""]]",derived
2016,goods,country,partner.1995-2025.188,reexports,0.670372585883000,numeric,unspecified,"[[""geostat_trade_export-country-1995-2026"",""1995-2025-years"",""X83""],[""geostat_trade_domestic-export-country-2014-2026"",""2014-2025-years"",""E83""]]",derived
2016,goods,country,partner.1995-2025.191,reexports,0.000,numeric,unspecified,"[[""geostat_trade_export-country-1995-2026"",""1995-2025-years"",""X11""],[""geostat_trade_domestic-export-country-2014-2026"",""2014-2025-years"",""E11""]]",derived
2016,goods,country,partner.1995-2025.192,reexports,0E-15,numeric,unspecified,"[[""geostat_trade_export-country-1995-2026"",""1995-2025-years"",""X85""],[""geostat_trade_domestic-export-country-2014-2026"",""2014-2025-years"",""E85""]]",derived
2016,goods,country,partner.1995-2025.196,reexports,294322.99147009098000,numeric,unspecified,"[[""geostat_trade_export-country-1995-2026"",""1995-2025-years"",""X12""],[""geostat_trade_domestic-export-country-2014-2026"",""2014-2025-years"",""E12""]]",derived
2016,goods,country,partner.1995-2025.203,reexports,387876.973503591000,numeric,unspecified,"[[""geostat_trade_export-country-1995-2026"",""1995-2025-years"",""X13""],[""geostat_trade_domestic-export-country-2014-2026"",""2014-2025-years"",""E13""]]",derived
2016,goods,country,partner.1995-2025.204,reexports,0,numeric,unspecified,"[[""geostat_trade_export-country-1995-2026"",""1995-2025-years"",""X64""],[""geostat_trade_domestic-export-country-2014-2026"",""2014-2025-years"",""E64""]]",derived
2016,goods,country,partner.1995-2025.208,reexports,122675.8722409400000,numeric,unspecified,"[[""geostat_trade_export-country-1995-2026"",""1995-2025-years"",""X14""],[""geostat_trade_domestic-export-country-2014-2026"",""2014-2025-years"",""E14""]]",derived
2016,goods,country,partner.1995-2025.212,reexports,0,numeric,unspecified,"[[""geostat_trade_export-country-1995-2026"",""1995-2025-years"",""X87""],[""geostat_trade_domestic-export-country-2014-2026"",""2014-2025-years"",""E87""]]",derived
2016,goods,country,partner.1995-2025.214,reexports,0,numeric,unspecified,"[[""geostat_trade_export-country-1995-2026"",""1995-2025-years"",""X88""],[""geostat_trade_domestic-export-country-2014-2026"",""2014-2025-years"",""E88""]]",derived
2016,goods,country,partner.1995-2025.218,reexports,0,numeric,unspecified,"[[""geostat_trade_export-country-1995-2026"",""1995-2025-years"",""X89""],[""geostat_trade_domestic-export-country-2014-2026"",""2014-2025-years"",""E89""]]",derived
2016,goods,country,partner.1995-2025.222,reexports,0,numeric,unspecified,"[[""geostat_trade_export-country-1995-2026"",""1995-2025-years"",""X91""],[""geostat_trade_domestic-export-country-2014-2026"",""2014-2025-years"",""E91""]]",derived
2016,goods,country,partner.1995-2025.226,reexports,0,numeric,unspecified,"[[""geostat_trade_export-country-1995-2026"",""1995-2025-years"",""X92""],[""geostat_trade_domestic-export-country-2014-2026"",""2014-2025-years"",""E92""]]",derived
2016,goods,country,partner.1995-2025.231,reexports,0E-16,numeric,unspecified,"[[""geostat_trade_export-country-1995-2026"",""1995-2025-years"",""X93""],[""geostat_trade_domestic-export-country-2014-2026"",""2014-2025-years"",""E93""]]",derived
2016,goods,country,partner.1995-2025.233,reexports,44526.5994374186000,numeric,unspecified,"[[""geostat_trade_export-country-1995-2026"",""1995-2025-years"",""X15""],[""geostat_trade_domestic-export-country-2014-2026"",""2014-2025-years"",""E15""]]",derived
2016,goods,country,partner.1995-2025.242,reexports,0,numeric,unspecified,"[[""geostat_trade_export-country-1995-2026"",""1995-2025-years"",""X94""],[""geostat_trade_domestic-export-country-2014-2026"",""2014-2025-years"",""E94""]]",derived
2016,goods,country,partner.1995-2025.246,reexports,228030.100567559168000,numeric,unspecified,"[[""geostat_trade_export-country-1995-2026"",""1995-2025-years"",""X16""],[""geostat_trade_domestic-export-country-2014-2026"",""2014-2025-years"",""E16""]]",derived
2016,goods,country,partner.1995-2025.250,reexports,9849144.911804559000,numeric,unspecified,"[[""geostat_trade_export-country-1995-2026"",""1995-2025-years"",""X17""],[""geostat_trade_domestic-export-country-2014-2026"",""2014-2025-years"",""E17""]]",derived
2016,goods,country,partner.1995-2025.258,reexports,0,numeric,unspecified,"[[""geostat_trade_export-country-1995-2026"",""1995-2025-years"",""X95""],[""geostat_trade_domestic-export-country-2014-2026"",""2014-2025-years"",""E95""]]",derived
2016,goods,country,partner.1995-2025.262,reexports,21449.8600000000026000,numeric,unspecified,"[[""geostat_trade_export-country-1995-2026"",""1995-2025-years"",""X86""],[""geostat_trade_domestic-export-country-2014-2026"",""2014-2025-years"",""E86""]]",derived
2016,goods,country,partner.1995-2025.266,reexports,0.66838979792369763000,numeric,unspecified,"[[""geostat_trade_export-country-1995-2026"",""1995-2025-years"",""X96""],[""geostat_trade_domestic-export-country-2014-2026"",""2014-2025-years"",""E96""]]",derived
2016,goods,country,partner.1995-2025.270,reexports,0,numeric,unspecified,"[[""geostat_trade_export-country-1995-2026"",""1995-2025-years"",""X97""],[""geostat_trade_domestic-export-country-2014-2026"",""2014-2025-years"",""E97""]]",derived
2016,goods,country,partner.1995-2025.275,reexports,0,numeric,unspecified,"[[""geostat_trade_export-country-1995-2026"",""1995-2025-years"",""X174""],[""geostat_trade_domestic-export-country-2014-2026"",""2014-2025-years"",""E153""]]",derived
2016,goods,country,partner.1995-2025.276,reexports,9406408.021899828000,numeric,unspecified,"[[""geostat_trade_export-country-1995-2026"",""1995-2025-years"",""X18""],[""geostat_trade_domestic-export-country-2014-2026"",""2014-2025-years"",""E18""]]",derived
2016,goods,country,partner.1995-2025.288,reexports,0E-15,numeric,unspecified,"[[""geostat_trade_export-country-1995-2026"",""1995-2025-years"",""X98""],[""geostat_trade_domestic-export-country-2014-2026"",""2014-2025-years"",""E98""]]",derived
2016,goods,country,partner.1995-2025.292,reexports,0E-13,numeric,unspecified,"[[""geostat_trade_export-country-1995-2026"",""1995-2025-years"",""X99""],[""geostat_trade_domestic-export-country-2014-2026"",""2014-2025-years"",""E99""]]",derived
2016,goods,country,partner.1995-2025.300,reexports,671442.475563714000,numeric,unspecified,"[[""geostat_trade_export-country-1995-2026"",""1995-2025-years"",""X19""],[""geostat_trade_domestic-export-country-2014-2026"",""2014-2025-years"",""E19""]]",derived
2016,goods,country,partner.1995-2025.312,reexports,0,numeric,unspecified,"[[""geostat_trade_export-country-1995-2026"",""1995-2025-years"",""X100""],[""geostat_trade_domestic-export-country-2014-2026"",""2014-2025-years"",""E100""]]",derived
2016,goods,country,partner.1995-2025.320,reexports,9.99999999999000,numeric,unspecified,"[[""geostat_trade_export-country-1995-2026"",""1995-2025-years"",""X101""],[""geostat_trade_domestic-export-country-2014-2026"",""2014-2025-years"",""E101""]]",derived
2016,goods,country,partner.1995-2025.324,reexports,0,numeric,unspecified,"[[""geostat_trade_export-country-1995-2026"",""1995-2025-years"",""X103""],[""geostat_trade_domestic-export-country-2014-2026"",""2014-2025-years"",""E102""]]",derived
2016,goods,country,partner.1995-2025.332,reexports,0,numeric,unspecified,"[[""geostat_trade_export-country-1995-2026"",""1995-2025-years"",""X105""],[""geostat_trade_domestic-export-country-2014-2026"",""2014-2025-years"",""E104""]]",derived
2016,goods,country,partner.1995-2025.336,reexports,0,numeric,unspecified,"[[""geostat_trade_export-country-1995-2026"",""1995-2025-years"",""X106""],[""geostat_trade_domestic-export-country-2014-2026"",""2014-2025-years"",""E105""]]",derived
2016,goods,country,partner.1995-2025.340,reexports,0,numeric,unspecified,"[[""geostat_trade_export-country-1995-2026"",""1995-2025-years"",""X107""],[""geostat_trade_domestic-export-country-2014-2026"",""2014-2025-years"",""E106""]]",derived
2016,goods,country,partner.1995-2025.344,reexports,3300742.00045214903000,numeric,unspecified,"[[""geostat_trade_export-country-1995-2026"",""1995-2025-years"",""X108""],[""geostat_trade_domestic-export-country-2014-2026"",""2014-2025-years"",""E107""]]",derived
2016,goods,country,partner.1995-2025.348,reexports,218262.24747663861000,numeric,unspecified,"[[""geostat_trade_export-country-1995-2026"",""1995-2025-years"",""X20""],[""geostat_trade_domestic-export-country-2014-2026"",""2014-2025-years"",""E20""]]",derived
2016,goods,country,partner.1995-2025.352,reexports,0E-15,numeric,unspecified,"[[""geostat_trade_export-country-1995-2026"",""1995-2025-years"",""X109""],[""geostat_trade_domestic-export-country-2014-2026"",""2014-2025-years"",""E108""]]",derived
2016,goods,country,partner.1995-2025.356,reexports,229067.930489731000,numeric,unspecified,"[[""geostat_trade_export-country-1995-2026"",""1995-2025-years"",""X110""],[""geostat_trade_domestic-export-country-2014-2026"",""2014-2025-years"",""E109""]]",derived
2016,goods,country,partner.1995-2025.360,reexports,0.00,numeric,unspecified,"[[""geostat_trade_export-country-1995-2026"",""1995-2025-years"",""X111""],[""geostat_trade_domestic-export-country-2014-2026"",""2014-2025-years"",""E110""]]",derived
2016,goods,country,partner.1995-2025.364,reexports,18581533.899858143000,numeric,unspecified,"[[""geostat_trade_export-country-1995-2026"",""1995-2025-years"",""X112""],[""geostat_trade_domestic-export-country-2014-2026"",""2014-2025-years"",""E111""]]",derived
2016,goods,country,partner.1995-2025.368,reexports,2565126.047944032000,numeric,unspecified,"[[""geostat_trade_export-country-1995-2026"",""1995-2025-years"",""X113""],[""geostat_trade_domestic-export-country-2014-2026"",""2014-2025-years"",""E112""]]",derived
2016,goods,country,partner.1995-2025.372,reexports,424.19999999999000,numeric,unspecified,"[[""geostat_trade_export-country-1995-2026"",""1995-2025-years"",""X21""],[""geostat_trade_domestic-export-country-2014-2026"",""2014-2025-years"",""E21""]]",derived
2016,goods,country,partner.1995-2025.376,reexports,1256988.2342063374000,numeric,unspecified,"[[""geostat_trade_export-country-1995-2026"",""1995-2025-years"",""X114""],[""geostat_trade_domestic-export-country-2014-2026"",""2014-2025-years"",""E113""]]",derived
2016,goods,country,partner.1995-2025.380,reexports,67383.125028267000,numeric,unspecified,"[[""geostat_trade_export-country-1995-2026"",""1995-2025-years"",""X22""],[""geostat_trade_domestic-export-country-2014-2026"",""2014-2025-years"",""E22""]]",derived
2016,goods,country,partner.1995-2025.384,reexports,6302.0223630565537000,numeric,unspecified,"[[""geostat_trade_export-country-1995-2026"",""1995-2025-years"",""X84""],[""geostat_trade_domestic-export-country-2014-2026"",""2014-2025-years"",""E84""]]",derived
2016,goods,country,partner.1995-2025.388,reexports,0E-16,numeric,unspecified,"[[""geostat_trade_export-country-1995-2026"",""1995-2025-years"",""X115""],[""geostat_trade_domestic-export-country-2014-2026"",""2014-2025-years"",""E114""]]",derived
2016,goods,country,partner.1995-2025.392,reexports,0E-13,numeric,unspecified,"[[""geostat_trade_export-country-1995-2026"",""1995-2025-years"",""X116""],[""geostat_trade_domestic-export-country-2014-2026"",""2014-2025-years"",""E115""]]",derived
2016,goods,country,partner.1995-2025.398,reexports,13446084.401818964000,numeric,unspecified,"[[""geostat_trade_export-country-1995-2026"",""1995-2025-years"",""X40""],[""geostat_trade_domestic-export-country-2014-2026"",""2014-2025-years"",""E40""]]",derived
2016,goods,country,partner.1995-2025.400,reexports,4644.07819759794000,numeric,unspecified,"[[""geostat_trade_export-country-1995-2026"",""1995-2025-years"",""X117""],[""geostat_trade_domestic-export-country-2014-2026"",""2014-2025-years"",""E116""]]",derived
2016,goods,country,partner.1995-2025.404,reexports,0E-13,numeric,unspecified,"[[""geostat_trade_export-country-1995-2026"",""1995-2025-years"",""X118""],[""geostat_trade_domestic-export-country-2014-2026"",""2014-2025-years"",""E117""]]",derived
2016,goods,country,partner.1995-2025.408,reexports,0,numeric,unspecified,"[[""geostat_trade_export-country-1995-2026"",""1995-2025-years"",""X119""],[""geostat_trade_domestic-export-country-2014-2026"",""2014-2025-years"",""E119""]]",derived
2016,goods,country,partner.1995-2025.410,reexports,29732.000000000000,numeric,unspecified,"[[""geostat_trade_export-country-1995-2026"",""1995-2025-years"",""X120""],[""geostat_trade_domestic-export-country-2014-2026"",""2014-2025-years"",""E118""]]",derived
2016,goods,country,partner.1995-2025.414,reexports,0E-14,numeric,unspecified,"[[""geostat_trade_export-country-1995-2026"",""1995-2025-years"",""X121""],[""geostat_trade_domestic-export-country-2014-2026"",""2014-2025-years"",""E120""]]",derived
2016,goods,country,partner.1995-2025.417,reexports,4726384.1047975825000,numeric,unspecified,"[[""geostat_trade_export-country-1995-2026"",""1995-2025-years"",""X41""],[""geostat_trade_domestic-export-country-2014-2026"",""2014-2025-years"",""E41""]]",derived
2016,goods,country,partner.1995-2025.418,reexports,0,numeric,unspecified,"[[""geostat_trade_export-country-1995-2026"",""1995-2025-years"",""X122""],[""geostat_trade_domestic-export-country-2014-2026"",""2014-2025-years"",""E125""]]",derived
2016,goods,country,partner.1995-2025.422,reexports,5372.00289595830000,numeric,unspecified,"[[""geostat_trade_export-country-1995-2026"",""1995-2025-years"",""X123""],[""geostat_trade_domestic-export-country-2014-2026"",""2014-2025-years"",""E121""]]",derived
2016,goods,country,partner.1995-2025.428,reexports,569210.2591693355000,numeric,unspecified,"[[""geostat_trade_export-country-1995-2026"",""1995-2025-years"",""X23""],[""geostat_trade_domestic-export-country-2014-2026"",""2014-2025-years"",""E23""]]",derived
2016,goods,country,partner.1995-2025.430,reexports,0,numeric,unspecified,"[[""geostat_trade_export-country-1995-2026"",""1995-2025-years"",""X124""],[""geostat_trade_domestic-export-country-2014-2026"",""2014-2025-years"",""E122""]]",derived
2016,goods,country,partner.1995-2025.434,reexports,0E-14,numeric,unspecified,"[[""geostat_trade_export-country-1995-2026"",""1995-2025-years"",""X125""],[""geostat_trade_domestic-export-country-2014-2026"",""2014-2025-years"",""E123""]]",derived
2016,goods,country,partner.1995-2025.438,reexports,0,numeric,unspecified,"[[""geostat_trade_export-country-1995-2026"",""1995-2025-years"",""X126""],[""geostat_trade_domestic-export-country-2014-2026"",""2014-2025-years"",""E124""]]",derived
2016,goods,country,partner.1995-2025.440,reexports,3724630.006994728000,numeric,unspecified,"[[""geostat_trade_export-country-1995-2026"",""1995-2025-years"",""X24""],[""geostat_trade_domestic-export-country-2014-2026"",""2014-2025-years"",""E24""]]",derived
2016,goods,country,partner.1995-2025.442,reexports,0E-15,numeric,unspecified,"[[""geostat_trade_export-country-1995-2026"",""1995-2025-years"",""X25""],[""geostat_trade_domestic-export-country-2014-2026"",""2014-2025-years"",""E25""]]",derived
2016,goods,country,partner.1995-2025.446,reexports,0,numeric,unspecified,"[[""geostat_trade_export-country-1995-2026"",""1995-2025-years"",""X127""],[""geostat_trade_domestic-export-country-2014-2026"",""2014-2025-years"",""E128""]]",derived
2016,goods,country,partner.1995-2025.450,reexports,0,numeric,unspecified,"[[""geostat_trade_export-country-1995-2026"",""1995-2025-years"",""X128""],[""geostat_trade_domestic-export-country-2014-2026"",""2014-2025-years"",""E127""]]",derived
2016,goods,country,partner.1995-2025.454,reexports,0,numeric,unspecified,"[[""geostat_trade_export-country-1995-2026"",""1995-2025-years"",""X129""],[""geostat_trade_domestic-export-country-2014-2026"",""2014-2025-years"",""E129""]]",derived
2016,goods,country,partner.1995-2025.458,reexports,0E-14,numeric,unspecified,"[[""geostat_trade_export-country-1995-2026"",""1995-2025-years"",""X130""],[""geostat_trade_domestic-export-country-2014-2026"",""2014-2025-years"",""E130""]]",derived
2016,goods,country,partner.1995-2025.462,reexports,0,numeric,unspecified,"[[""geostat_trade_export-country-1995-2026"",""1995-2025-years"",""X131""],[""geostat_trade_domestic-export-country-2014-2026"",""2014-2025-years"",""E131""]]",derived
2016,goods,country,partner.1995-2025.466,reexports,0,numeric,unspecified,"[[""geostat_trade_export-country-1995-2026"",""1995-2025-years"",""X132""],[""geostat_trade_domestic-export-country-2014-2026"",""2014-2025-years"",""E132""]]",derived
2016,goods,country,partner.1995-2025.470,reexports,1076554.17884304859000,numeric,unspecified,"[[""geostat_trade_export-country-1995-2026"",""1995-2025-years"",""X26""],[""geostat_trade_domestic-export-country-2014-2026"",""2014-2025-years"",""E26""]]",derived
2016,goods,country,partner.1995-2025.474,reexports,0E-15,numeric,unspecified,"[[""geostat_trade_export-country-1995-2026"",""1995-2025-years"",""X134""],[""geostat_trade_domestic-export-country-2014-2026"",""2014-2025-years"",""E134""]]",derived
2016,goods,country,partner.1995-2025.478,reexports,0,numeric,unspecified,"[[""geostat_trade_export-country-1995-2026"",""1995-2025-years"",""X135""],[""geostat_trade_domestic-export-country-2014-2026"",""2014-2025-years"",""E135""]]",derived
2016,goods,country,partner.1995-2025.480,reexports,0E-16,numeric,unspecified,"[[""geostat_trade_export-country-1995-2026"",""1995-2025-years"",""X136""],[""geostat_trade_domestic-export-country-2014-2026"",""2014-2025-years"",""E136""]]",derived
2016,goods,country,partner.1995-2025.484,reexports,0E-12,numeric,unspecified,"[[""geostat_trade_export-country-1995-2026"",""1995-2025-years"",""X137""],[""geostat_trade_domestic-export-country-2014-2026"",""2014-2025-years"",""E137""]]",derived
2016,goods,country,partner.1995-2025.492,reexports,0E-15,numeric,unspecified,"[[""geostat_trade_export-country-1995-2026"",""1995-2025-years"",""X138""],[""geostat_trade_domestic-export-country-2014-2026"",""2014-2025-years"",""E138""]]",derived
2016,goods,country,partner.1995-2025.496,reexports,79200.18638460453000,numeric,unspecified,"[[""geostat_trade_export-country-1995-2026"",""1995-2025-years"",""X139""],[""geostat_trade_domestic-export-country-2014-2026"",""2014-2025-years"",""E139""]]",derived
2016,goods,country,partner.1995-2025.498,reexports,1081550.47844396555000,numeric,unspecified,"[[""geostat_trade_export-country-1995-2026"",""1995-2025-years"",""X42""],[""geostat_trade_domestic-export-country-2014-2026"",""2014-2025-years"",""E42""]]",derived
2016,goods,country,partner.1995-2025.499,reexports,0,numeric,unspecified,"[[""geostat_trade_export-country-1995-2026"",""1995-2025-years"",""X140""],[""geostat_trade_domestic-export-country-2014-2026"",""2014-2025-years"",""E140""]]",derived
2016,goods,country,partner.1995-2025.504,reexports,0E-13,numeric,unspecified,"[[""geostat_trade_export-country-1995-2026"",""1995-2025-years"",""X141""],[""geostat_trade_domestic-export-country-2014-2026"",""2014-2025-years"",""E141""]]",derived
2016,goods,country,partner.1995-2025.508,reexports,0E-13,numeric,unspecified,"[[""geostat_trade_export-country-1995-2026"",""1995-2025-years"",""X142""],[""geostat_trade_domestic-export-country-2014-2026"",""2014-2025-years"",""E142""]]",derived
2016,goods,country,partner.1995-2025.512,reexports,0E-17,numeric,unspecified,"[[""geostat_trade_export-country-1995-2026"",""1995-2025-years"",""X152""],[""geostat_trade_domestic-export-country-2014-2026"",""2014-2025-years"",""E151""]]",derived
2016,goods,country,partner.1995-2025.516,reexports,0,numeric,unspecified,"[[""geostat_trade_export-country-1995-2026"",""1995-2025-years"",""X144""],[""geostat_trade_domestic-export-country-2014-2026"",""2014-2025-years"",""E144""]]",derived
2016,goods,country,partner.1995-2025.524,reexports,0,numeric,unspecified,"[[""geostat_trade_export-country-1995-2026"",""1995-2025-years"",""X145""],[""geostat_trade_domestic-export-country-2014-2026"",""2014-2025-years"",""E145""]]",derived
2016,goods,country,partner.1995-2025.528,reexports,23164634.027287779000,numeric,unspecified,"[[""geostat_trade_export-country-1995-2026"",""1995-2025-years"",""X27""],[""geostat_trade_domestic-export-country-2014-2026"",""2014-2025-years"",""E27""]]",derived
2016,goods,country,partner.1995-2025.534,reexports,0,numeric,unspecified,"[[""geostat_trade_export-country-1995-2026"",""1995-2025-years"",""X170""],[""geostat_trade_domestic-export-country-2014-2026"",""2014-2025-years"",""E170""]]",derived
2016,goods,country,partner.1995-2025.554,reexports,0,numeric,unspecified,"[[""geostat_trade_export-country-1995-2026"",""1995-2025-years"",""X146""],[""geostat_trade_domestic-export-country-2014-2026"",""2014-2025-years"",""E146""]]",derived
2016,goods,country,partner.1995-2025.558,reexports,0,numeric,unspecified,"[[""geostat_trade_export-country-1995-2026"",""1995-2025-years"",""X147""],[""geostat_trade_domestic-export-country-2014-2026"",""2014-2025-years"",""E147""]]",derived
2016,goods,country,partner.1995-2025.562,reexports,0,numeric,unspecified,"[[""geostat_trade_export-country-1995-2026"",""1995-2025-years"",""X148""],[""geostat_trade_domestic-export-country-2014-2026"",""2014-2025-years"",""E148""]]",derived
2016,goods,country,partner.1995-2025.566,reexports,28704.108672887536000,numeric,unspecified,"[[""geostat_trade_export-country-1995-2026"",""1995-2025-years"",""X149""],[""geostat_trade_domestic-export-country-2014-2026"",""2014-2025-years"",""E149""]]",derived
2016,goods,country,partner.1995-2025.578,reexports,2017.65391164082000,numeric,unspecified,"[[""geostat_trade_export-country-1995-2026"",""1995-2025-years"",""X151""],[""geostat_trade_domestic-export-country-2014-2026"",""2014-2025-years"",""E150""]]",derived
2016,goods,country,partner.1995-2025.584,reexports,0,numeric,unspecified,"[[""geostat_trade_export-country-1995-2026"",""1995-2025-years"",""X133""],[""geostat_trade_domestic-export-country-2014-2026"",""2014-2025-years"",""E133""]]",derived
2016,goods,country,partner.1995-2025.586,reexports,0E-15,numeric,unspecified,"[[""geostat_trade_export-country-1995-2026"",""1995-2025-years"",""X153""],[""geostat_trade_domestic-export-country-2014-2026"",""2014-2025-years"",""E152""]]",derived
2016,goods,country,partner.1995-2025.591,reexports,3476271.043051072000,numeric,unspecified,"[[""geostat_trade_export-country-1995-2026"",""1995-2025-years"",""X154""],[""geostat_trade_domestic-export-country-2014-2026"",""2014-2025-years"",""E154""]]",derived
2016,goods,country,partner.1995-2025.600,reexports,0,numeric,unspecified,"[[""geostat_trade_export-country-1995-2026"",""1995-2025-years"",""X155""],[""geostat_trade_domestic-export-country-2014-2026"",""2014-2025-years"",""E155""]]",derived
2016,goods,country,partner.1995-2025.604,reexports,0E-12,numeric,unspecified,"[[""geostat_trade_export-country-1995-2026"",""1995-2025-years"",""X156""],[""geostat_trade_domestic-export-country-2014-2026"",""2014-2025-years"",""E156""]]",derived
2016,goods,country,partner.1995-2025.608,reexports,0E-14,numeric,unspecified,"[[""geostat_trade_export-country-1995-2026"",""1995-2025-years"",""X157""],[""geostat_trade_domestic-export-country-2014-2026"",""2014-2025-years"",""E157""]]",derived
2016,goods,country,partner.1995-2025.616,reexports,389080.3506233896000,numeric,unspecified,"[[""geostat_trade_export-country-1995-2026"",""1995-2025-years"",""X28""],[""geostat_trade_domestic-export-country-2014-2026"",""2014-2025-years"",""E28""]]",derived
2016,goods,country,partner.1995-2025.620,reexports,26059.8346994972000,numeric,unspecified,"[[""geostat_trade_export-country-1995-2026"",""1995-2025-years"",""X29""],[""geostat_trade_domestic-export-country-2014-2026"",""2014-2025-years"",""E29""]]",derived
2016,goods,country,partner.1995-2025.624,reexports,0,numeric,unspecified,"[[""geostat_trade_export-country-1995-2026"",""1995-2025-years"",""X104""],[""geostat_trade_domestic-export-country-2014-2026"",""2014-2025-years"",""E103""]]",derived
2016,goods,country,partner.1995-2025.630,reexports,0,numeric,unspecified,"[[""geostat_trade_export-country-1995-2026"",""1995-2025-years"",""X158""],[""geostat_trade_domestic-export-country-2014-2026"",""2014-2025-years"",""E158""]]",derived
2016,goods,country,partner.1995-2025.634,reexports,0E-14,numeric,unspecified,"[[""geostat_trade_export-country-1995-2026"",""1995-2025-years"",""X159""],[""geostat_trade_domestic-export-country-2014-2026"",""2014-2025-years"",""E159""]]",derived
2016,goods,country,partner.1995-2025.642,reexports,63149.466639428000,numeric,unspecified,"[[""geostat_trade_export-country-1995-2026"",""1995-2025-years"",""X30""],[""geostat_trade_domestic-export-country-2014-2026"",""2014-2025-years"",""E30""]]",derived
2016,goods,country,partner.1995-2025.643,reexports,15188171.93090397000,numeric,unspecified,"[[""geostat_trade_export-country-1995-2026"",""1995-2025-years"",""X43""],[""geostat_trade_domestic-export-country-2014-2026"",""2014-2025-years"",""E43""]]",derived
2016,goods,country,partner.1995-2025.646,reexports,0,numeric,unspecified,"[[""geostat_trade_export-country-1995-2026"",""1995-2025-years"",""X160""],[""geostat_trade_domestic-export-country-2014-2026"",""2014-2025-years"",""E160""]]",derived
2016,goods,country,partner.1995-2025.660,reexports,0,numeric,unspecified,"[[""geostat_trade_export-country-1995-2026"",""1995-2025-years"",""X55""],[""geostat_trade_domestic-export-country-2014-2026"",""2014-2025-years"",""E55""]]",derived
2016,goods,country,partner.1995-2025.670,reexports,0,numeric,unspecified,"[[""geostat_trade_export-country-1995-2026"",""1995-2025-years"",""X161""],[""geostat_trade_domestic-export-country-2014-2026"",""2014-2025-years"",""E161""]]",derived
2016,goods,country,partner.1995-2025.674,reexports,0,numeric,unspecified,"[[""geostat_trade_export-country-1995-2026"",""1995-2025-years"",""X162""],[""geostat_trade_domestic-export-country-2014-2026"",""2014-2025-years"",""E162""]]",derived
2016,goods,country,partner.1995-2025.682,reexports,919.604454630000,numeric,unspecified,"[[""geostat_trade_export-country-1995-2026"",""1995-2025-years"",""X163""],[""geostat_trade_domestic-export-country-2014-2026"",""2014-2025-years"",""E163""]]",derived
2016,goods,country,partner.1995-2025.686,reexports,0,numeric,unspecified,"[[""geostat_trade_export-country-1995-2026"",""1995-2025-years"",""X164""],[""geostat_trade_domestic-export-country-2014-2026"",""2014-2025-years"",""E164""]]",derived
2016,goods,country,partner.1995-2025.688,reexports,0,numeric,unspecified,"[[""geostat_trade_export-country-1995-2026"",""1995-2025-years"",""X165""],[""geostat_trade_domestic-export-country-2014-2026"",""2014-2025-years"",""E165""]]",derived
2016,goods,country,partner.1995-2025.690,reexports,0,numeric,unspecified,"[[""geostat_trade_export-country-1995-2026"",""1995-2025-years"",""X167""],[""geostat_trade_domestic-export-country-2014-2026"",""2014-2025-years"",""E167""]]",derived
2016,goods,country,partner.1995-2025.694,reexports,0.0,numeric,unspecified,"[[""geostat_trade_export-country-1995-2026"",""1995-2025-years"",""X168""],[""geostat_trade_domestic-export-country-2014-2026"",""2014-2025-years"",""E168""]]",derived
2016,goods,country,partner.1995-2025.702,reexports,10142410.41562612741000,numeric,unspecified,"[[""geostat_trade_export-country-1995-2026"",""1995-2025-years"",""X169""],[""geostat_trade_domestic-export-country-2014-2026"",""2014-2025-years"",""E169""]]",derived
2016,goods,country,partner.1995-2025.703,reexports,127709.6999999994000,numeric,unspecified,"[[""geostat_trade_export-country-1995-2026"",""1995-2025-years"",""X31""],[""geostat_trade_domestic-export-country-2014-2026"",""2014-2025-years"",""E31""]]",derived
2016,goods,country,partner.1995-2025.704,reexports,481477.599999999898000,numeric,unspecified,"[[""geostat_trade_export-country-1995-2026"",""1995-2025-years"",""X193""],[""geostat_trade_domestic-export-country-2014-2026"",""2014-2025-years"",""E192""]]",derived
2016,goods,country,partner.1995-2025.705,reexports,0E-14,numeric,unspecified,"[[""geostat_trade_export-country-1995-2026"",""1995-2025-years"",""X32""],[""geostat_trade_domestic-export-country-2014-2026"",""2014-2025-years"",""E32""]]",derived
2016,goods,country,partner.1995-2025.706,reexports,0,numeric,unspecified,"[[""geostat_trade_export-country-1995-2026"",""1995-2025-years"",""X171""],[""geostat_trade_domestic-export-country-2014-2026"",""2014-2025-years"",""E171""]]",derived
2016,goods,country,partner.1995-2025.710,reexports,97114.925490520758000,numeric,unspecified,"[[""geostat_trade_export-country-1995-2026"",""1995-2025-years"",""X172""],[""geostat_trade_domestic-export-country-2014-2026"",""2014-2025-years"",""E172""]]",derived
2016,goods,country,partner.1995-2025.716,reexports,0E-14,numeric,unspecified,"[[""geostat_trade_export-country-1995-2026"",""1995-2025-years"",""X198""],[""geostat_trade_domestic-export-country-2014-2026"",""2014-2025-years"",""E197""]]",derived
2016,goods,country,partner.1995-2025.724,reexports,66113.734706546000,numeric,unspecified,"[[""geostat_trade_export-country-1995-2026"",""1995-2025-years"",""X33""],[""geostat_trade_domestic-export-country-2014-2026"",""2014-2025-years"",""E33""]]",derived
2016,goods,country,partner.1995-2025.729,reexports,23176.778389710137000,numeric,unspecified,"[[""geostat_trade_export-country-1995-2026"",""1995-2025-years"",""X175""],[""geostat_trade_domestic-export-country-2014-2026"",""2014-2025-years"",""E174""]]",derived
2016,goods,country,partner.1995-2025.740,reexports,0,numeric,unspecified,"[[""geostat_trade_export-country-1995-2026"",""1995-2025-years"",""X176""],[""geostat_trade_domestic-export-country-2014-2026"",""2014-2025-years"",""E175""]]",derived
2016,goods,country,partner.1995-2025.752,reexports,36107.309739736131000,numeric,unspecified,"[[""geostat_trade_export-country-1995-2026"",""1995-2025-years"",""X34""],[""geostat_trade_domestic-export-country-2014-2026"",""2014-2025-years"",""E34""]]",derived
2016,goods,country,partner.1995-2025.756,reexports,32137775.330816606000,numeric,unspecified,"[[""geostat_trade_export-country-1995-2026"",""1995-2025-years"",""X177""],[""geostat_trade_domestic-export-country-2014-2026"",""2014-2025-years"",""E176""]]",derived
2016,goods,country,partner.1995-2025.760,reexports,0E-14,numeric,unspecified,"[[""geostat_trade_export-country-1995-2026"",""1995-2025-years"",""X178""],[""geostat_trade_domestic-export-country-2014-2026"",""2014-2025-years"",""E177""]]",derived
2016,goods,country,partner.1995-2025.762,reexports,3098615.3597349535000,numeric,unspecified,"[[""geostat_trade_export-country-1995-2026"",""1995-2025-years"",""X44""],[""geostat_trade_domestic-export-country-2014-2026"",""2014-2025-years"",""E44""]]",derived
2016,goods,country,partner.1995-2025.764,reexports,0.00000,numeric,unspecified,"[[""geostat_trade_export-country-1995-2026"",""1995-2025-years"",""X181""],[""geostat_trade_domestic-export-country-2014-2026"",""2014-2025-years"",""E180""]]",derived
2016,goods,country,partner.1995-2025.768,reexports,0,numeric,unspecified,"[[""geostat_trade_export-country-1995-2026"",""1995-2025-years"",""X182""],[""geostat_trade_domestic-export-country-2014-2026"",""2014-2025-years"",""E181""]]",derived
2016,goods,country,partner.1995-2025.780,reexports,0,numeric,unspecified,"[[""geostat_trade_export-country-1995-2026"",""1995-2025-years"",""X183""],[""geostat_trade_domestic-export-country-2014-2026"",""2014-2025-years"",""E182""]]",derived
2016,goods,country,partner.1995-2025.784,reexports,22622802.8366746023000,numeric,unspecified,"[[""geostat_trade_export-country-1995-2026"",""1995-2025-years"",""X188""],[""geostat_trade_domestic-export-country-2014-2026"",""2014-2025-years"",""E187""]]",derived
2016,goods,country,partner.1995-2025.788,reexports,0E-13,numeric,unspecified,"[[""geostat_trade_export-country-1995-2026"",""1995-2025-years"",""X184""],[""geostat_trade_domestic-export-country-2014-2026"",""2014-2025-years"",""E183""]]",derived
2016,goods,country,partner.1995-2025.792,reexports,5894975.08516317000,numeric,unspecified,"[[""geostat_trade_export-country-1995-2026"",""1995-2025-years"",""X185""],[""geostat_trade_domestic-export-country-2014-2026"",""2014-2025-years"",""E184""]]",derived
2016,goods,country,partner.1995-2025.795,reexports,6887003.5391696577000,numeric,unspecified,"[[""geostat_trade_export-country-1995-2026"",""1995-2025-years"",""X45""],[""geostat_trade_domestic-export-country-2014-2026"",""2014-2025-years"",""E45""]]",derived
2016,goods,country,partner.1995-2025.796,reexports,0,numeric,unspecified,"[[""geostat_trade_export-country-1995-2026"",""1995-2025-years"",""X186""],[""geostat_trade_domestic-export-country-2014-2026"",""2014-2025-years"",""E185""]]",derived
2016,goods,country,partner.1995-2025.800,reexports,0.00,numeric,unspecified,"[[""geostat_trade_export-country-1995-2026"",""1995-2025-years"",""X187""],[""geostat_trade_domestic-export-country-2014-2026"",""2014-2025-years"",""E186""]]",derived
2016,goods,country,partner.1995-2025.804,reexports,13125138.498830689000,numeric,unspecified,"[[""geostat_trade_export-country-1995-2026"",""1995-2025-years"",""X46""],[""geostat_trade_domestic-export-country-2014-2026"",""2014-2025-years"",""E46""]]",derived
2016,goods,country,partner.1995-2025.818,reexports,10716409.1199999998000,numeric,unspecified,"[[""geostat_trade_export-country-1995-2026"",""1995-2025-years"",""X90""],[""geostat_trade_domestic-export-country-2014-2026"",""2014-2025-years"",""E90""]]",derived
2016,goods,country,partner.1995-2025.826,reexports,4690601.990245770000,numeric,unspecified,"[[""geostat_trade_export-country-1995-2026"",""1995-2025-years"",""X189""],[""geostat_trade_domestic-export-country-2014-2026"",""2014-2025-years"",""E188""]]",derived
2016,goods,country,partner.1995-2025.834,reexports,0E-13,numeric,unspecified,"[[""geostat_trade_export-country-1995-2026"",""1995-2025-years"",""X180""],[""geostat_trade_domestic-export-country-2014-2026"",""2014-2025-years"",""E179""]]",derived
2016,goods,country,partner.1995-2025.840,reexports,854752.782660871000,numeric,unspecified,"[[""geostat_trade_export-country-1995-2026"",""1995-2025-years"",""X190""],[""geostat_trade_domestic-export-country-2014-2026"",""2014-2025-years"",""E189""]]",derived
2016,goods,country,partner.1995-2025.850,reexports,0,numeric,unspecified,"[[""geostat_trade_export-country-1995-2026"",""1995-2025-years"",""X195""],[""geostat_trade_domestic-export-country-2014-2026"",""2014-2025-years"",""E194""]]",derived
2016,goods,country,partner.1995-2025.854,reexports,0,numeric,unspecified,"[[""geostat_trade_export-country-1995-2026"",""1995-2025-years"",""X70""],[""geostat_trade_domestic-export-country-2014-2026"",""2014-2025-years"",""E70""]]",derived
2016,goods,country,partner.1995-2025.858,reexports,0E-14,numeric,unspecified,"[[""geostat_trade_export-country-1995-2026"",""1995-2025-years"",""X191""],[""geostat_trade_domestic-export-country-2014-2026"",""2014-2025-years"",""E190""]]",derived
2016,goods,country,partner.1995-2025.860,reexports,61430425.3253864247000,numeric,unspecified,"[[""geostat_trade_export-country-1995-2026"",""1995-2025-years"",""X47""],[""geostat_trade_domestic-export-country-2014-2026"",""2014-2025-years"",""E47""]]",derived
2016,goods,country,partner.1995-2025.862,reexports,0,numeric,unspecified,"[[""geostat_trade_export-country-1995-2026"",""1995-2025-years"",""X192""],[""geostat_trade_domestic-export-country-2014-2026"",""2014-2025-years"",""E191""]]",derived
2016,goods,country,partner.1995-2025.887,reexports,0,numeric,unspecified,"[[""geostat_trade_export-country-1995-2026"",""1995-2025-years"",""X196""],[""geostat_trade_domestic-export-country-2014-2026"",""2014-2025-years"",""E195""]]",derived
2016,goods,country,partner.1995-2025.891,reexports,65791.00586723699000,numeric,unspecified,"[[""geostat_trade_export-country-1995-2026"",""1995-2025-years"",""X166""],[""geostat_trade_domestic-export-country-2014-2026"",""2014-2025-years"",""E166""]]",derived
2016,goods,country,partner.1995-2025.894,reexports,0,numeric,unspecified,"[[""geostat_trade_export-country-1995-2026"",""1995-2025-years"",""X197""],[""geostat_trade_domestic-export-country-2014-2026"",""2014-2025-years"",""E196""]]",derived
2016,goods,national,goods.total,reexports,497409485.8628460000000,numeric,unspecified,"[[""geostat_trade_ftrade-1995-2026"",""1995-2026"",""W5""],[""geostat_trade_domestic-export-country-2014-2026"",""2014-2025-years"",""E5""]]",derived
2016,goods,national,goods.total,trade_balance,-5224561674.4449185000000,numeric,unspecified,"[[""geostat_trade_ftrade-1995-2026"",""1995-2026"",""W5""],[""geostat_trade_ftrade-1995-2026"",""1995-2026"",""W20""]]",derived
2016,goods,national,goods.total,trade_turnover,9458834554.5338229000000,numeric,unspecified,"[[""geostat_trade_ftrade-1995-2026"",""1995-2026"",""W5""],[""geostat_trade_ftrade-1995-2026"",""1995-2026"",""W20""]]",derived
2016,goods,product,goods.hs4.2015-2019.0102,reexports,0E-12,numeric,unspecified,"[[""geostat_trade_export-product-by-4-digit-2015-2026"",""2015-2019-years"",""D8""],[""geostat_trade_domestic-exports-by-4-digit-2014-2026"",""2015-2019-years"",""D7""]]",derived
2016,goods,product,goods.hs4.2015-2019.0104,reexports,0E-12,numeric,unspecified,"[[""geostat_trade_export-product-by-4-digit-2015-2026"",""2015-2019-years"",""D9""],[""geostat_trade_domestic-exports-by-4-digit-2014-2026"",""2015-2019-years"",""D8""]]",derived
2016,goods,product,goods.hs4.2015-2019.0105,reexports,0E-14,numeric,unspecified,"[[""geostat_trade_export-product-by-4-digit-2015-2026"",""2015-2019-years"",""D10""],[""geostat_trade_domestic-exports-by-4-digit-2014-2026"",""2015-2019-years"",""D9""]]",derived
2016,goods,product,goods.hs4.2015-2019.0204,reexports,0E-13,numeric,unspecified,"[[""geostat_trade_export-product-by-4-digit-2015-2026"",""2015-2019-years"",""D15""],[""geostat_trade_domestic-exports-by-4-digit-2014-2026"",""2015-2019-years"",""D10""]]",derived
2016,goods,product,goods.hs4.2015-2019.0207,reexports,9645922.778450013002000,numeric,unspecified,"[[""geostat_trade_export-product-by-4-digit-2015-2026"",""2015-2019-years"",""D17""],[""geostat_trade_domestic-exports-by-4-digit-2014-2026"",""2015-2019-years"",""D11""]]",derived
2016,goods,product,goods.hs4.2015-2019.0302,reexports,0E-13,numeric,unspecified,"[[""geostat_trade_export-product-by-4-digit-2015-2026"",""2015-2019-years"",""D21""],[""geostat_trade_domestic-exports-by-4-digit-2014-2026"",""2015-2019-years"",""D12""]]",derived
2016,goods,product,goods.hs4.2015-2019.0303,reexports,291659.9099999994000,numeric,unspecified,"[[""geostat_trade_export-product-by-4-digit-2015-2026"",""2015-2019-years"",""D22""],[""geostat_trade_domestic-exports-by-4-digit-2014-2026"",""2015-2019-years"",""D13""]]",derived
2016,goods,product,goods.hs4.2015-2019.0504,reexports,63797.51999999998000,numeric,unspecified,"[[""geostat_trade_export-product-by-4-digit-2015-2026"",""2015-2019-years"",""D36""],[""geostat_trade_domestic-exports-by-4-digit-2014-2026"",""2015-2019-years"",""D14""]]",derived
2016,goods,product,goods.hs4.2015-2019.0701,reexports,0E-13,numeric,unspecified,"[[""geostat_trade_export-product-by-4-digit-2015-2026"",""2015-2019-years"",""D43""],[""geostat_trade_domestic-exports-by-4-digit-2014-2026"",""2015-2019-years"",""D15""]]",derived
2016,goods,product,goods.hs4.2015-2019.0702,reexports,126175.7702923265000,numeric,unspecified,"[[""geostat_trade_export-product-by-4-digit-2015-2026"",""2015-2019-years"",""D44""],[""geostat_trade_domestic-exports-by-4-digit-2014-2026"",""2015-2019-years"",""D16""]]",derived
2016,goods,product,goods.hs4.2015-2019.0707,reexports,21960.00000000004000,numeric,unspecified,"[[""geostat_trade_export-product-by-4-digit-2015-2026"",""2015-2019-years"",""D49""],[""geostat_trade_domestic-exports-by-4-digit-2014-2026"",""2015-2019-years"",""D17""]]",derived
2016,goods,product,goods.hs4.2015-2019.0709,reexports,41662.9229259415000,numeric,unspecified,"[[""geostat_trade_export-product-by-4-digit-2015-2026"",""2015-2019-years"",""D51""],[""geostat_trade_domestic-exports-by-4-digit-2014-2026"",""2015-2019-years"",""D18""]]",derived
2016,goods,product,goods.hs4.2015-2019.0802,reexports,1283819.69999999000,numeric,unspecified,"[[""geostat_trade_export-product-by-4-digit-2015-2026"",""2015-2019-years"",""D58""],[""geostat_trade_domestic-exports-by-4-digit-2014-2026"",""2015-2019-years"",""D19""]]",derived
2016,goods,product,goods.hs4.2015-2019.0805,reexports,1170785.580062890000,numeric,unspecified,"[[""geostat_trade_export-product-by-4-digit-2015-2026"",""2015-2019-years"",""D61""],[""geostat_trade_domestic-exports-by-4-digit-2014-2026"",""2015-2019-years"",""D20""]]",derived
2016,goods,product,goods.hs4.2015-2019.0808,reexports,373526.06802066112000,numeric,unspecified,"[[""geostat_trade_export-product-by-4-digit-2015-2026"",""2015-2019-years"",""D64""],[""geostat_trade_domestic-exports-by-4-digit-2014-2026"",""2015-2019-years"",""D21""]]",derived
2016,goods,product,goods.hs4.2015-2019.0809,reexports,12107.8013922806000,numeric,unspecified,"[[""geostat_trade_export-product-by-4-digit-2015-2026"",""2015-2019-years"",""D65""],[""geostat_trade_domestic-exports-by-4-digit-2014-2026"",""2015-2019-years"",""D22""]]",derived
2016,goods,product,goods.hs4.2015-2019.0810,reexports,133895.6439449466000,numeric,unspecified,"[[""geostat_trade_export-product-by-4-digit-2015-2026"",""2015-2019-years"",""D66""],[""geostat_trade_domestic-exports-by-4-digit-2014-2026"",""2015-2019-years"",""D23""]]",derived
2016,goods,product,goods.hs4.2015-2019.0813,reexports,27665.97999999999000,numeric,unspecified,"[[""geostat_trade_export-product-by-4-digit-2015-2026"",""2015-2019-years"",""D69""],[""geostat_trade_domestic-exports-by-4-digit-2014-2026"",""2015-2019-years"",""D24""]]",derived
2016,goods,product,goods.hs4.2015-2019.0902,reexports,297059.4200000001000,numeric,unspecified,"[[""geostat_trade_export-product-by-4-digit-2015-2026"",""2015-2019-years"",""D72""],[""geostat_trade_domestic-exports-by-4-digit-2014-2026"",""2015-2019-years"",""D25""]]",derived
2016,goods,product,goods.hs4.2015-2019.0910,reexports,44135.1413944139000,numeric,unspecified,"[[""geostat_trade_export-product-by-4-digit-2015-2026"",""2015-2019-years"",""D79""],[""geostat_trade_domestic-exports-by-4-digit-2014-2026"",""2015-2019-years"",""D26""]]",derived
2016,goods,product,goods.hs4.2015-2019.1003,reexports,0,numeric,unspecified,"[[""geostat_trade_export-product-by-4-digit-2015-2026"",""2015-2019-years"",""D81""],[""geostat_trade_domestic-exports-by-4-digit-2014-2026"",""2015-2019-years"",""D27""]]",derived
2016,goods,product,goods.hs4.2015-2019.1005,reexports,702948.5125547269000,numeric,unspecified,"[[""geostat_trade_export-product-by-4-digit-2015-2026"",""2015-2019-years"",""D82""],[""geostat_trade_domestic-exports-by-4-digit-2014-2026"",""2015-2019-years"",""D28""]]",derived
2016,goods,product,goods.hs4.2015-2019.1106,reexports,33401.2199999997000,numeric,unspecified,"[[""geostat_trade_export-product-by-4-digit-2015-2026"",""2015-2019-years"",""D89""],[""geostat_trade_domestic-exports-by-4-digit-2014-2026"",""2015-2019-years"",""D29""]]",derived
2016,goods,product,goods.hs4.2015-2019.1206,reexports,0E-13,numeric,unspecified,"[[""geostat_trade_export-product-by-4-digit-2015-2026"",""2015-2019-years"",""D95""],[""geostat_trade_domestic-exports-by-4-digit-2014-2026"",""2015-2019-years"",""D30""]]",derived
2016,goods,product,goods.hs4.2015-2019.1211,reexports,1490.2800000000000,numeric,unspecified,"[[""geostat_trade_export-product-by-4-digit-2015-2026"",""2015-2019-years"",""D100""],[""geostat_trade_domestic-exports-by-4-digit-2014-2026"",""2015-2019-years"",""D31""]]",derived
2016,goods,product,goods.hs4.2015-2019.1504,reexports,14545.1999999987000,numeric,unspecified,"[[""geostat_trade_export-product-by-4-digit-2015-2026"",""2015-2019-years"",""D109""],[""geostat_trade_domestic-exports-by-4-digit-2014-2026"",""2015-2019-years"",""D32""]]",derived
2016,goods,product,goods.hs4.2015-2019.1515,reexports,576.0000000000000,numeric,unspecified,"[[""geostat_trade_export-product-by-4-digit-2015-2026"",""2015-2019-years"",""D119""],[""geostat_trade_domestic-exports-by-4-digit-2014-2026"",""2015-2019-years"",""D33""]]",derived
2016,goods,product,goods.hs4.2015-2019.1516,reexports,32060.600000000009000,numeric,unspecified,"[[""geostat_trade_export-product-by-4-digit-2015-2026"",""2015-2019-years"",""D120""],[""geostat_trade_domestic-exports-by-4-digit-2014-2026"",""2015-2019-years"",""D34""]]",derived
2016,goods,product,goods.hs4.2015-2019.1806,reexports,280428.4095665254000,numeric,unspecified,"[[""geostat_trade_export-product-by-4-digit-2015-2026"",""2015-2019-years"",""D134""],[""geostat_trade_domestic-exports-by-4-digit-2014-2026"",""2015-2019-years"",""D35""]]",derived
2016,goods,product,goods.hs4.2015-2019.2007,reexports,0E-14,numeric,unspecified,"[[""geostat_trade_export-product-by-4-digit-2015-2026"",""2015-2019-years"",""D146""],[""geostat_trade_domestic-exports-by-4-digit-2014-2026"",""2015-2019-years"",""D36""]]",derived
2016,goods,product,goods.hs4.2015-2019.2008,reexports,55915.538580064000,numeric,unspecified,"[[""geostat_trade_export-product-by-4-digit-2015-2026"",""2015-2019-years"",""D147""],[""geostat_trade_domestic-exports-by-4-digit-2014-2026"",""2015-2019-years"",""D37""]]",derived
2016,goods,product,goods.hs4.2015-2019.2009,reexports,16188.7143090244000,numeric,unspecified,"[[""geostat_trade_export-product-by-4-digit-2015-2026"",""2015-2019-years"",""D148""],[""geostat_trade_domestic-exports-by-4-digit-2014-2026"",""2015-2019-years"",""D38""]]",derived
2016,goods,product,goods.hs4.2015-2019.2101,reexports,17094.497663713887000,numeric,unspecified,"[[""geostat_trade_export-product-by-4-digit-2015-2026"",""2015-2019-years"",""D149""],[""geostat_trade_domestic-exports-by-4-digit-2014-2026"",""2015-2019-years"",""D39""]]",derived
2016,goods,product,goods.hs4.2015-2019.2103,reexports,0E-14,numeric,unspecified,"[[""geostat_trade_export-product-by-4-digit-2015-2026"",""2015-2019-years"",""D151""],[""geostat_trade_domestic-exports-by-4-digit-2014-2026"",""2015-2019-years"",""D40""]]",derived
2016,goods,product,goods.hs4.2015-2019.2106,reexports,1337389.66516870462000,numeric,unspecified,"[[""geostat_trade_export-product-by-4-digit-2015-2026"",""2015-2019-years"",""D154""],[""geostat_trade_domestic-exports-by-4-digit-2014-2026"",""2015-2019-years"",""D41""]]",derived
2016,goods,product,goods.hs4.2015-2019.2201,reexports,11550.337970242000,numeric,unspecified,"[[""geostat_trade_export-product-by-4-digit-2015-2026"",""2015-2019-years"",""D155""],[""geostat_trade_domestic-exports-by-4-digit-2014-2026"",""2015-2019-years"",""D42""]]",derived
2016,goods,product,goods.hs4.2015-2019.2202,reexports,146287.970501331000,numeric,unspecified,"[[""geostat_trade_export-product-by-4-digit-2015-2026"",""2015-2019-years"",""D156""],[""geostat_trade_domestic-exports-by-4-digit-2014-2026"",""2015-2019-years"",""D43""]]",derived
2016,goods,product,goods.hs4.2015-2019.2203,reexports,565333.02144143547000,numeric,unspecified,"[[""geostat_trade_export-product-by-4-digit-2015-2026"",""2015-2019-years"",""D157""],[""geostat_trade_domestic-exports-by-4-digit-2014-2026"",""2015-2019-years"",""D44""]]",derived
2016,goods,product,goods.hs4.2015-2019.2204,reexports,1690822.74434458000,numeric,unspecified,"[[""geostat_trade_export-product-by-4-digit-2015-2026"",""2015-2019-years"",""D158""],[""geostat_trade_domestic-exports-by-4-digit-2014-2026"",""2015-2019-years"",""D45""]]",derived
2016,goods,product,goods.hs4.2015-2019.2208,reexports,51815381.322438516000,numeric,unspecified,"[[""geostat_trade_export-product-by-4-digit-2015-2026"",""2015-2019-years"",""D162""],[""geostat_trade_domestic-exports-by-4-digit-2014-2026"",""2015-2019-years"",""D46""]]",derived
2016,goods,product,goods.hs4.2015-2019.2301,reexports,0E-12,numeric,unspecified,"[[""geostat_trade_export-product-by-4-digit-2015-2026"",""2015-2019-years"",""D164""],[""geostat_trade_domestic-exports-by-4-digit-2014-2026"",""2015-2019-years"",""D47""]]",derived
2016,goods,product,goods.hs4.2015-2019.2309,reexports,0E-14,numeric,unspecified,"[[""geostat_trade_export-product-by-4-digit-2015-2026"",""2015-2019-years"",""D170""],[""geostat_trade_domestic-exports-by-4-digit-2014-2026"",""2015-2019-years"",""D48""]]",derived
2016,goods,product,goods.hs4.2015-2019.2508,reexports,0E-14,numeric,unspecified,"[[""geostat_trade_export-product-by-4-digit-2015-2026"",""2015-2019-years"",""D180""],[""geostat_trade_domestic-exports-by-4-digit-2014-2026"",""2015-2019-years"",""D49""]]",derived
2016,goods,product,goods.hs4.2015-2019.2522,reexports,0E-13,numeric,unspecified,"[[""geostat_trade_export-product-by-4-digit-2015-2026"",""2015-2019-years"",""D192""],[""geostat_trade_domestic-exports-by-4-digit-2014-2026"",""2015-2019-years"",""D50""]]",derived
2016,goods,product,goods.hs4.2015-2019.2602,reexports,0E-12,numeric,unspecified,"[[""geostat_trade_export-product-by-4-digit-2015-2026"",""2015-2019-years"",""D199""],[""geostat_trade_domestic-exports-by-4-digit-2014-2026"",""2015-2019-years"",""D51""]]",derived
2016,goods,product,goods.hs4.2015-2019.2603,reexports,0E-11,numeric,unspecified,"[[""geostat_trade_export-product-by-4-digit-2015-2026"",""2015-2019-years"",""D200""],[""geostat_trade_domestic-exports-by-4-digit-2014-2026"",""2015-2019-years"",""D52""]]",derived
2016,goods,product,goods.hs4.2015-2019.2616,reexports,0E-13,numeric,unspecified,"[[""geostat_trade_export-product-by-4-digit-2015-2026"",""2015-2019-years"",""D205""],[""geostat_trade_domestic-exports-by-4-digit-2014-2026"",""2015-2019-years"",""D53""]]",derived
2016,goods,product,goods.hs4.2015-2019.2710,reexports,6694726.5420569065000,numeric,unspecified,"[[""geostat_trade_export-product-by-4-digit-2015-2026"",""2015-2019-years"",""D215""],[""geostat_trade_domestic-exports-by-4-digit-2014-2026"",""2015-2019-years"",""D54""]]",derived
2016,goods,product,goods.hs4.2015-2019.2716,reexports,0E-12,numeric,unspecified,"[[""geostat_trade_export-product-by-4-digit-2015-2026"",""2015-2019-years"",""D220""],[""geostat_trade_domestic-exports-by-4-digit-2014-2026"",""2015-2019-years"",""D55""]]",derived
2016,goods,product,goods.hs4.2015-2019.2820,reexports,0E-13,numeric,unspecified,"[[""geostat_trade_export-product-by-4-digit-2015-2026"",""2015-2019-years"",""D233""],[""geostat_trade_domestic-exports-by-4-digit-2014-2026"",""2015-2019-years"",""D56""]]",derived
2016,goods,product,goods.hs4.2015-2019.2837,reexports,0.00,numeric,unspecified,"[[""geostat_trade_export-product-by-4-digit-2015-2026"",""2015-2019-years"",""D246""],[""geostat_trade_domestic-exports-by-4-digit-2014-2026"",""2015-2019-years"",""D57""]]",derived
2016,goods,product,goods.hs4.2015-2019.3004,reexports,99010573.0755622756000,numeric,unspecified,"[[""geostat_trade_export-product-by-4-digit-2015-2026"",""2015-2019-years"",""D293""],[""geostat_trade_domestic-exports-by-4-digit-2014-2026"",""2015-2019-years"",""D58""]]",derived
2016,goods,product,goods.hs4.2015-2019.3006,reexports,484371.65578286407000,numeric,unspecified,"[[""geostat_trade_export-product-by-4-digit-2015-2026"",""2015-2019-years"",""D295""],[""geostat_trade_domestic-exports-by-4-digit-2014-2026"",""2015-2019-years"",""D59""]]",derived
2016,goods,product,goods.hs4.2015-2019.3102,reexports,4934.004856972000,numeric,unspecified,"[[""geostat_trade_export-product-by-4-digit-2015-2026"",""2015-2019-years"",""D297""],[""geostat_trade_domestic-exports-by-4-digit-2014-2026"",""2015-2019-years"",""D60""]]",derived
2016,goods,product,goods.hs4.2015-2019.3923,reexports,128311.8320348204000,numeric,unspecified,"[[""geostat_trade_export-product-by-4-digit-2015-2026"",""2015-2019-years"",""D390""],[""geostat_trade_domestic-exports-by-4-digit-2014-2026"",""2015-2019-years"",""D61""]]",derived
2016,goods,product,goods.hs4.2015-2019.3926,reexports,2623082.53095778778000,numeric,unspecified,"[[""geostat_trade_export-product-by-4-digit-2015-2026"",""2015-2019-years"",""D393""],[""geostat_trade_domestic-exports-by-4-digit-2014-2026"",""2015-2019-years"",""D62""]]",derived
2016,goods,product,goods.hs4.2015-2019.4407,reexports,99232.300000002000,numeric,unspecified,"[[""geostat_trade_export-product-by-4-digit-2015-2026"",""2015-2019-years"",""D430""],[""geostat_trade_domestic-exports-by-4-digit-2014-2026"",""2015-2019-years"",""D63""]]",derived
2016,goods,product,goods.hs4.2015-2019.4410,reexports,34929.5699999993000,numeric,unspecified,"[[""geostat_trade_export-product-by-4-digit-2015-2026"",""2015-2019-years"",""D433""],[""geostat_trade_domestic-exports-by-4-digit-2014-2026"",""2015-2019-years"",""D64""]]",derived
2016,goods,product,goods.hs4.2015-2019.4418,reexports,0E-14,numeric,unspecified,"[[""geostat_trade_export-product-by-4-digit-2015-2026"",""2015-2019-years"",""D441""],[""geostat_trade_domestic-exports-by-4-digit-2014-2026"",""2015-2019-years"",""D65""]]",derived
2016,goods,product,goods.hs4.2015-2019.4421,reexports,50922.1970163171000,numeric,unspecified,"[[""geostat_trade_export-product-by-4-digit-2015-2026"",""2015-2019-years"",""D444""],[""geostat_trade_domestic-exports-by-4-digit-2014-2026"",""2015-2019-years"",""D66""]]",derived
2016,goods,product,goods.hs4.2015-2019.4707,reexports,0E-14,numeric,unspecified,"[[""geostat_trade_export-product-by-4-digit-2015-2026"",""2015-2019-years"",""D450""],[""geostat_trade_domestic-exports-by-4-digit-2014-2026"",""2015-2019-years"",""D67""]]",derived
2016,goods,product,goods.hs4.2015-2019.4805,reexports,0E-15,numeric,unspecified,"[[""geostat_trade_export-product-by-4-digit-2015-2026"",""2015-2019-years"",""D455""],[""geostat_trade_domestic-exports-by-4-digit-2014-2026"",""2015-2019-years"",""D68""]]",derived
2016,goods,product,goods.hs4.2015-2019.5605,reexports,0E-13,numeric,unspecified,"[[""geostat_trade_export-product-by-4-digit-2015-2026"",""2015-2019-years"",""D519""],[""geostat_trade_domestic-exports-by-4-digit-2014-2026"",""2015-2019-years"",""D69""]]",derived
2016,goods,product,goods.hs4.2015-2019.6102,reexports,16391.43770322451000,numeric,unspecified,"[[""geostat_trade_export-product-by-4-digit-2015-2026"",""2015-2019-years"",""D553""],[""geostat_trade_domestic-exports-by-4-digit-2014-2026"",""2015-2019-years"",""D70""]]",derived
2016,goods,product,goods.hs4.2015-2019.6103,reexports,171894.888424360000,numeric,unspecified,"[[""geostat_trade_export-product-by-4-digit-2015-2026"",""2015-2019-years"",""D554""],[""geostat_trade_domestic-exports-by-4-digit-2014-2026"",""2015-2019-years"",""D71""]]",derived
2016,goods,product,goods.hs4.2015-2019.6104,reexports,263703.91451600091000,numeric,unspecified,"[[""geostat_trade_export-product-by-4-digit-2015-2026"",""2015-2019-years"",""D555""],[""geostat_trade_domestic-exports-by-4-digit-2014-2026"",""2015-2019-years"",""D72""]]",derived
2016,goods,product,goods.hs4.2015-2019.6109,reexports,1082822.437570626000,numeric,unspecified,"[[""geostat_trade_export-product-by-4-digit-2015-2026"",""2015-2019-years"",""D560""],[""geostat_trade_domestic-exports-by-4-digit-2014-2026"",""2015-2019-years"",""D73""]]",derived
2016,goods,product,goods.hs4.2015-2019.6110,reexports,1069935.73673985937000,numeric,unspecified,"[[""geostat_trade_export-product-by-4-digit-2015-2026"",""2015-2019-years"",""D561""],[""geostat_trade_domestic-exports-by-4-digit-2014-2026"",""2015-2019-years"",""D74""]]",derived
2016,goods,product,goods.hs4.2015-2019.6201,reexports,131704.9891157413000,numeric,unspecified,"[[""geostat_trade_export-product-by-4-digit-2015-2026"",""2015-2019-years"",""D569""],[""geostat_trade_domestic-exports-by-4-digit-2014-2026"",""2015-2019-years"",""D75""]]",derived
2016,goods,product,goods.hs4.2015-2019.6202,reexports,357428.0341641607000,numeric,unspecified,"[[""geostat_trade_export-product-by-4-digit-2015-2026"",""2015-2019-years"",""D570""],[""geostat_trade_domestic-exports-by-4-digit-2014-2026"",""2015-2019-years"",""D76""]]",derived
2016,goods,product,goods.hs4.2015-2019.6203,reexports,905211.71958216352000,numeric,unspecified,"[[""geostat_trade_export-product-by-4-digit-2015-2026"",""2015-2019-years"",""D571""],[""geostat_trade_domestic-exports-by-4-digit-2014-2026"",""2015-2019-years"",""D77""]]",derived
2016,goods,product,goods.hs4.2015-2019.6204,reexports,1137069.3863435945000,numeric,unspecified,"[[""geostat_trade_export-product-by-4-digit-2015-2026"",""2015-2019-years"",""D572""],[""geostat_trade_domestic-exports-by-4-digit-2014-2026"",""2015-2019-years"",""D78""]]",derived
2016,goods,product,goods.hs4.2015-2019.6206,reexports,426944.1902134303000,numeric,unspecified,"[[""geostat_trade_export-product-by-4-digit-2015-2026"",""2015-2019-years"",""D574""],[""geostat_trade_domestic-exports-by-4-digit-2014-2026"",""2015-2019-years"",""D79""]]",derived
2016,goods,product,goods.hs4.2015-2019.6212,reexports,93576.48050271226000,numeric,unspecified,"[[""geostat_trade_export-product-by-4-digit-2015-2026"",""2015-2019-years"",""D580""],[""geostat_trade_domestic-exports-by-4-digit-2014-2026"",""2015-2019-years"",""D80""]]",derived
2016,goods,product,goods.hs4.2015-2019.6305,reexports,0E-14,numeric,unspecified,"[[""geostat_trade_export-product-by-4-digit-2015-2026"",""2015-2019-years"",""D590""],[""geostat_trade_domestic-exports-by-4-digit-2014-2026"",""2015-2019-years"",""D81""]]",derived
2016,goods,product,goods.hs4.2015-2019.6403,reexports,624392.8742562519000,numeric,unspecified,"[[""geostat_trade_export-product-by-4-digit-2015-2026"",""2015-2019-years"",""D597""],[""geostat_trade_domestic-exports-by-4-digit-2014-2026"",""2015-2019-years"",""D82""]]",derived
2016,goods,product,goods.hs4.2015-2019.6809,reexports,7167.4841518734000,numeric,unspecified,"[[""geostat_trade_export-product-by-4-digit-2015-2026"",""2015-2019-years"",""D620""],[""geostat_trade_domestic-exports-by-4-digit-2014-2026"",""2015-2019-years"",""D83""]]",derived
2016,goods,product,goods.hs4.2015-2019.7010,reexports,14329.4750069017000,numeric,unspecified,"[[""geostat_trade_export-product-by-4-digit-2015-2026"",""2015-2019-years"",""D644""],[""geostat_trade_domestic-exports-by-4-digit-2014-2026"",""2015-2019-years"",""D84""]]",derived
2016,goods,product,goods.hs4.2015-2019.7108,reexports,0E-12,numeric,unspecified,"[[""geostat_trade_export-product-by-4-digit-2015-2026"",""2015-2019-years"",""D658""],[""geostat_trade_domestic-exports-by-4-digit-2014-2026"",""2015-2019-years"",""D85""]]",derived
2016,goods,product,goods.hs4.2015-2019.7112,reexports,0E-13,numeric,unspecified,"[[""geostat_trade_export-product-by-4-digit-2015-2026"",""2015-2019-years"",""D660""],[""geostat_trade_domestic-exports-by-4-digit-2014-2026"",""2015-2019-years"",""D86""]]",derived
2016,goods,product,goods.hs4.2015-2019.7115,reexports,0E-13,numeric,unspecified,"[[""geostat_trade_export-product-by-4-digit-2015-2026"",""2015-2019-years"",""D663""],[""geostat_trade_domestic-exports-by-4-digit-2014-2026"",""2015-2019-years"",""D87""]]",derived
2016,goods,product,goods.hs4.2015-2019.7202,reexports,0E-11,numeric,unspecified,"[[""geostat_trade_export-product-by-4-digit-2015-2026"",""2015-2019-years"",""D668""],[""geostat_trade_domestic-exports-by-4-digit-2014-2026"",""2015-2019-years"",""D88""]]",derived
2016,goods,product,goods.hs4.2015-2019.7204,reexports,7638.43496124753000,numeric,unspecified,"[[""geostat_trade_export-product-by-4-digit-2015-2026"",""2015-2019-years"",""D670""],[""geostat_trade_domestic-exports-by-4-digit-2014-2026"",""2015-2019-years"",""D89""]]",derived
2016,goods,product,goods.hs4.2015-2019.7207,reexports,0E-12,numeric,unspecified,"[[""geostat_trade_export-product-by-4-digit-2015-2026"",""2015-2019-years"",""D673""],[""geostat_trade_domestic-exports-by-4-digit-2014-2026"",""2015-2019-years"",""D90""]]",derived
2016,goods,product,goods.hs4.2015-2019.7214,reexports,0E-11,numeric,unspecified,"[[""geostat_trade_export-product-by-4-digit-2015-2026"",""2015-2019-years"",""D680""],[""geostat_trade_domestic-exports-by-4-digit-2014-2026"",""2015-2019-years"",""D91""]]",derived
2016,goods,product,goods.hs4.2015-2019.7304,reexports,30227.0293103348000,numeric,unspecified,"[[""geostat_trade_export-product-by-4-digit-2015-2026"",""2015-2019-years"",""D695""],[""geostat_trade_domestic-exports-by-4-digit-2014-2026"",""2015-2019-years"",""D92""]]",derived
2016,goods,product,goods.hs4.2015-2019.7307,reexports,65041.53333963842000,numeric,unspecified,"[[""geostat_trade_export-product-by-4-digit-2015-2026"",""2015-2019-years"",""D698""],[""geostat_trade_domestic-exports-by-4-digit-2014-2026"",""2015-2019-years"",""D93""]]",derived
2016,goods,product,goods.hs4.2015-2019.7326,reexports,313529.70216664562000,numeric,unspecified,"[[""geostat_trade_export-product-by-4-digit-2015-2026"",""2015-2019-years"",""D717""],[""geostat_trade_domestic-exports-by-4-digit-2014-2026"",""2015-2019-years"",""D94""]]",derived
2016,goods,product,goods.hs4.2015-2019.7404,reexports,0E-12,numeric,unspecified,"[[""geostat_trade_export-product-by-4-digit-2015-2026"",""2015-2019-years"",""D719""],[""geostat_trade_domestic-exports-by-4-digit-2014-2026"",""2015-2019-years"",""D95""]]",derived
2016,goods,product,goods.hs4.2015-2019.7601,reexports,0E-13,numeric,unspecified,"[[""geostat_trade_export-product-by-4-digit-2015-2026"",""2015-2019-years"",""D730""],[""geostat_trade_domestic-exports-by-4-digit-2014-2026"",""2015-2019-years"",""D96""]]",derived
2016,goods,product,goods.hs4.2015-2019.7602,reexports,0E-13,numeric,unspecified,"[[""geostat_trade_export-product-by-4-digit-2015-2026"",""2015-2019-years"",""D731""],[""geostat_trade_domestic-exports-by-4-digit-2014-2026"",""2015-2019-years"",""D97""]]",derived
2016,goods,product,goods.hs4.2015-2019.7801,reexports,0E-13,numeric,unspecified,"[[""geostat_trade_export-product-by-4-digit-2015-2026"",""2015-2019-years"",""D747""],[""geostat_trade_domestic-exports-by-4-digit-2014-2026"",""2015-2019-years"",""D98""]]",derived
2016,goods,product,goods.hs4.2015-2019.8516,reexports,1589288.51167614592000,numeric,unspecified,"[[""geostat_trade_export-product-by-4-digit-2015-2026"",""2015-2019-years"",""D888""],[""geostat_trade_domestic-exports-by-4-digit-2014-2026"",""2015-2019-years"",""D99""]]",derived
2016,goods,product,goods.hs4.2015-2019.8544,reexports,70819.94578498688000,numeric,unspecified,"[[""geostat_trade_export-product-by-4-digit-2015-2026"",""2015-2019-years"",""D914""],[""geostat_trade_domestic-exports-by-4-digit-2014-2026"",""2015-2019-years"",""D100""]]",derived
2016,goods,product,goods.hs4.2015-2019.8606,reexports,0,numeric,unspecified,"[[""geostat_trade_export-product-by-4-digit-2015-2026"",""2015-2019-years"",""D924""],[""geostat_trade_domestic-exports-by-4-digit-2014-2026"",""2015-2019-years"",""D101""]]",derived
2016,goods,product,goods.hs4.2015-2019.8607,reexports,12272.000000000013000,numeric,unspecified,"[[""geostat_trade_export-product-by-4-digit-2015-2026"",""2015-2019-years"",""D925""],[""geostat_trade_domestic-exports-by-4-digit-2014-2026"",""2015-2019-years"",""D102""]]",derived
2016,goods,product,goods.hs4.2015-2019.8803,reexports,38500.0000000000000,numeric,unspecified,"[[""geostat_trade_export-product-by-4-digit-2015-2026"",""2015-2019-years"",""D945""],[""geostat_trade_domestic-exports-by-4-digit-2014-2026"",""2015-2019-years"",""D103""]]",derived
2016,goods,product,goods.hs4.2015-2019.9403,reexports,311373.44669047183000,numeric,unspecified,"[[""geostat_trade_export-product-by-4-digit-2015-2026"",""2015-2019-years"",""D1003""],[""geostat_trade_domestic-exports-by-4-digit-2014-2026"",""2015-2019-years"",""D104""]]",derived
2016,goods,product,goods.hs4.2015-2019.9404,reexports,4876.669226860255000,numeric,unspecified,"[[""geostat_trade_export-product-by-4-digit-2015-2026"",""2015-2019-years"",""D1004""],[""geostat_trade_domestic-exports-by-4-digit-2014-2026"",""2015-2019-years"",""D105""]]",derived
2017,goods,country,partner.1995-2025.004,reexports,118718.578423618988000,numeric,unspecified,"[[""geostat_trade_export-country-1995-2026"",""1995-2025-years"",""Y50""],[""geostat_trade_domestic-export-country-2014-2026"",""2014-2025-years"",""F50""]]",derived
2017,goods,country,partner.1995-2025.008,reexports,52908.17234399416000,numeric,unspecified,"[[""geostat_trade_export-country-1995-2026"",""1995-2025-years"",""Y51""],[""geostat_trade_domestic-export-country-2014-2026"",""2014-2025-years"",""F51""]]",derived
2017,goods,country,partner.1995-2025.012,reexports,20399.99999999997000,numeric,unspecified,"[[""geostat_trade_export-country-1995-2026"",""1995-2025-years"",""Y52""],[""geostat_trade_domestic-export-country-2014-2026"",""2014-2025-years"",""F52""]]",derived
2017,goods,country,partner.1995-2025.020,reexports,0,numeric,unspecified,"[[""geostat_trade_export-country-1995-2026"",""1995-2025-years"",""Y53""],[""geostat_trade_domestic-export-country-2014-2026"",""2014-2025-years"",""F53""]]",derived
2017,goods,country,partner.1995-2025.024,reexports,0E-13,numeric,unspecified,"[[""geostat_trade_export-country-1995-2026"",""1995-2025-years"",""Y54""],[""geostat_trade_domestic-export-country-2014-2026"",""2014-2025-years"",""F54""]]",derived
2017,goods,country,partner.1995-2025.028,reexports,0,numeric,unspecified,"[[""geostat_trade_export-country-1995-2026"",""1995-2025-years"",""Y56""],[""geostat_trade_domestic-export-country-2014-2026"",""2014-2025-years"",""F56""]]",derived
2017,goods,country,partner.1995-2025.031,reexports,188518112.386247787000,numeric,unspecified,"[[""geostat_trade_export-country-1995-2026"",""1995-2025-years"",""Y38""],[""geostat_trade_domestic-export-country-2014-2026"",""2014-2025-years"",""F38""]]",derived
2017,goods,country,partner.1995-2025.032,reexports,0,numeric,unspecified,"[[""geostat_trade_export-country-1995-2026"",""1995-2025-years"",""Y57""],[""geostat_trade_domestic-export-country-2014-2026"",""2014-2025-years"",""F57""]]",derived
2017,goods,country,partner.1995-2025.036,reexports,248029.98758913872000,numeric,unspecified,"[[""geostat_trade_export-country-1995-2026"",""1995-2025-years"",""Y58""],[""geostat_trade_domestic-export-country-2014-2026"",""2014-2025-years"",""F58""]]",derived
2017,goods,country,partner.1995-2025.040,reexports,42581.4384208170000,numeric,unspecified,"[[""geostat_trade_export-country-1995-2026"",""1995-2025-years"",""Y8""],[""geostat_trade_domestic-export-country-2014-2026"",""2014-2025-years"",""F8""]]",derived
2017,goods,country,partner.1995-2025.044,reexports,0,numeric,unspecified,"[[""geostat_trade_export-country-1995-2026"",""1995-2025-years"",""Y59""],[""geostat_trade_domestic-export-country-2014-2026"",""2014-2025-years"",""F59""]]",derived
2017,goods,country,partner.1995-2025.048,reexports,0.00000,numeric,unspecified,"[[""geostat_trade_export-country-1995-2026"",""1995-2025-years"",""Y60""],[""geostat_trade_domestic-export-country-2014-2026"",""2014-2025-years"",""F60""]]",derived
2017,goods,country,partner.1995-2025.050,reexports,0E-14,numeric,unspecified,"[[""geostat_trade_export-country-1995-2026"",""1995-2025-years"",""Y61""],[""geostat_trade_domestic-export-country-2014-2026"",""2014-2025-years"",""F61""]]",derived
2017,goods,country,partner.1995-2025.051,reexports,142941343.313658491000,numeric,unspecified,"[[""geostat_trade_export-country-1995-2026"",""1995-2025-years"",""Y37""],[""geostat_trade_domestic-export-country-2014-2026"",""2014-2025-years"",""F37""]]",derived
2017,goods,country,partner.1995-2025.052,reexports,0,numeric,unspecified,"[[""geostat_trade_export-country-1995-2026"",""1995-2025-years"",""Y62""],[""geostat_trade_domestic-export-country-2014-2026"",""2014-2025-years"",""F62""]]",derived
2017,goods,country,partner.1995-2025.056,reexports,11790708.5281634338000,numeric,unspecified,"[[""geostat_trade_export-country-1995-2026"",""1995-2025-years"",""Y9""],[""geostat_trade_domestic-export-country-2014-2026"",""2014-2025-years"",""F9""]]",derived
2017,goods,country,partner.1995-2025.064,reexports,0E-15,numeric,unspecified,"[[""geostat_trade_export-country-1995-2026"",""1995-2025-years"",""Y65""],[""geostat_trade_domestic-export-country-2014-2026"",""2014-2025-years"",""F65""]]",derived
2017,goods,country,partner.1995-2025.068,reexports,0,numeric,unspecified,"[[""geostat_trade_export-country-1995-2026"",""1995-2025-years"",""Y66""],[""geostat_trade_domestic-export-country-2014-2026"",""2014-2025-years"",""F66""]]",derived
2017,goods,country,partner.1995-2025.070,reexports,3585.0607452374299000,numeric,unspecified,"[[""geostat_trade_export-country-1995-2026"",""1995-2025-years"",""Y67""],[""geostat_trade_domestic-export-country-2014-2026"",""2014-2025-years"",""F67""]]",derived
2017,goods,country,partner.1995-2025.072,reexports,0,numeric,unspecified,"[[""geostat_trade_export-country-1995-2026"",""1995-2025-years"",""Y68""],[""geostat_trade_domestic-export-country-2014-2026"",""2014-2025-years"",""F68""]]",derived
2017,goods,country,partner.1995-2025.076,reexports,0E-16,numeric,unspecified,"[[""geostat_trade_export-country-1995-2026"",""1995-2025-years"",""Y69""],[""geostat_trade_domestic-export-country-2014-2026"",""2014-2025-years"",""F69""]]",derived
2017,goods,country,partner.1995-2025.084,reexports,0,numeric,unspecified,"[[""geostat_trade_export-country-1995-2026"",""1995-2025-years"",""Y63""],[""geostat_trade_domestic-export-country-2014-2026"",""2014-2025-years"",""F63""]]",derived
2017,goods,country,partner.1995-2025.092,reexports,0,numeric,unspecified,"[[""geostat_trade_export-country-1995-2026"",""1995-2025-years"",""Y194""],[""geostat_trade_domestic-export-country-2014-2026"",""2014-2025-years"",""F193""]]",derived
2017,goods,country,partner.1995-2025.100,reexports,737649.44382282000,numeric,unspecified,"[[""geostat_trade_export-country-1995-2026"",""1995-2025-years"",""Y10""],[""geostat_trade_domestic-export-country-2014-2026"",""2014-2025-years"",""F10""]]",derived
2017,goods,country,partner.1995-2025.104,reexports,0,numeric,unspecified,"[[""geostat_trade_export-country-1995-2026"",""1995-2025-years"",""Y143""],[""geostat_trade_domestic-export-country-2014-2026"",""2014-2025-years"",""F143""]]",derived
2017,goods,country,partner.1995-2025.108,reexports,0,numeric,unspecified,"[[""geostat_trade_export-country-1995-2026"",""1995-2025-years"",""Y71""],[""geostat_trade_domestic-export-country-2014-2026"",""2014-2025-years"",""F71""]]",derived
2017,goods,country,partner.1995-2025.112,reexports,8991548.923359394000,numeric,unspecified,"[[""geostat_trade_export-country-1995-2026"",""1995-2025-years"",""Y39""],[""geostat_trade_domestic-export-country-2014-2026"",""2014-2025-years"",""F39""]]",derived
2017,goods,country,partner.1995-2025.116,reexports,0,numeric,unspecified,"[[""geostat_trade_export-country-1995-2026"",""1995-2025-years"",""Y72""],[""geostat_trade_domestic-export-country-2014-2026"",""2014-2025-years"",""F72""]]",derived
2017,goods,country,partner.1995-2025.120,reexports,0,numeric,unspecified,"[[""geostat_trade_export-country-1995-2026"",""1995-2025-years"",""Y73""],[""geostat_trade_domestic-export-country-2014-2026"",""2014-2025-years"",""F73""]]",derived
2017,goods,country,partner.1995-2025.124,reexports,495174.8860809120000,numeric,unspecified,"[[""geostat_trade_export-country-1995-2026"",""1995-2025-years"",""Y74""],[""geostat_trade_domestic-export-country-2014-2026"",""2014-2025-years"",""F74""]]",derived
2017,goods,country,partner.1995-2025.136,reexports,0,numeric,unspecified,"[[""geostat_trade_export-country-1995-2026"",""1995-2025-years"",""Y75""],[""geostat_trade_domestic-export-country-2014-2026"",""2014-2025-years"",""F75""]]",derived
2017,goods,country,partner.1995-2025.140,reexports,0,numeric,unspecified,"[[""geostat_trade_export-country-1995-2026"",""1995-2025-years"",""Y76""],[""geostat_trade_domestic-export-country-2014-2026"",""2014-2025-years"",""F76""]]",derived
2017,goods,country,partner.1995-2025.144,reexports,0E-17,numeric,unspecified,"[[""geostat_trade_export-country-1995-2026"",""1995-2025-years"",""Y173""],[""geostat_trade_domestic-export-country-2014-2026"",""2014-2025-years"",""F173""]]",derived
2017,goods,country,partner.1995-2025.148,reexports,0,numeric,unspecified,"[[""geostat_trade_export-country-1995-2026"",""1995-2025-years"",""Y77""],[""geostat_trade_domestic-export-country-2014-2026"",""2014-2025-years"",""F77""]]",derived
2017,goods,country,partner.1995-2025.152,reexports,0E-14,numeric,unspecified,"[[""geostat_trade_export-country-1995-2026"",""1995-2025-years"",""Y78""],[""geostat_trade_domestic-export-country-2014-2026"",""2014-2025-years"",""F78""]]",derived
2017,goods,country,partner.1995-2025.156,reexports,11454827.49048973000,numeric,unspecified,"[[""geostat_trade_export-country-1995-2026"",""1995-2025-years"",""Y79""],[""geostat_trade_domestic-export-country-2014-2026"",""2014-2025-years"",""F79""]]",derived
2017,goods,country,partner.1995-2025.158,reexports,80658.38462997067000,numeric,unspecified,"[[""geostat_trade_export-country-1995-2026"",""1995-2025-years"",""Y179""],[""geostat_trade_domestic-export-country-2014-2026"",""2014-2025-years"",""F178""]]",derived
2017,goods,country,partner.1995-2025.170,reexports,50999.91725963923000,numeric,unspecified,"[[""geostat_trade_export-country-1995-2026"",""1995-2025-years"",""Y80""],[""geostat_trade_domestic-export-country-2014-2026"",""2014-2025-years"",""F80""]]",derived
2017,goods,country,partner.1995-2025.178,reexports,0,numeric,unspecified,"[[""geostat_trade_export-country-1995-2026"",""1995-2025-years"",""Y81""],[""geostat_trade_domestic-export-country-2014-2026"",""2014-2025-years"",""F81""]]",derived
2017,goods,country,partner.1995-2025.180,reexports,0,numeric,unspecified,"[[""geostat_trade_export-country-1995-2026"",""1995-2025-years"",""Y82""],[""geostat_trade_domestic-export-country-2014-2026"",""2014-2025-years"",""F82""]]",derived
2017,goods,country,partner.1995-2025.188,reexports,0.0,numeric,unspecified,"[[""geostat_trade_export-country-1995-2026"",""1995-2025-years"",""Y83""],[""geostat_trade_domestic-export-country-2014-2026"",""2014-2025-years"",""F83""]]",derived
2017,goods,country,partner.1995-2025.191,reexports,0E-14,numeric,unspecified,"[[""geostat_trade_export-country-1995-2026"",""1995-2025-years"",""Y11""],[""geostat_trade_domestic-export-country-2014-2026"",""2014-2025-years"",""F11""]]",derived
2017,goods,country,partner.1995-2025.192,reexports,0.00,numeric,unspecified,"[[""geostat_trade_export-country-1995-2026"",""1995-2025-years"",""Y85""],[""geostat_trade_domestic-export-country-2014-2026"",""2014-2025-years"",""F85""]]",derived
2017,goods,country,partner.1995-2025.196,reexports,114881.3078503622000,numeric,unspecified,"[[""geostat_trade_export-country-1995-2026"",""1995-2025-years"",""Y12""],[""geostat_trade_domestic-export-country-2014-2026"",""2014-2025-years"",""F12""]]",derived
2017,goods,country,partner.1995-2025.203,reexports,1073474.4907409931000,numeric,unspecified,"[[""geostat_trade_export-country-1995-2026"",""1995-2025-years"",""Y13""],[""geostat_trade_domestic-export-country-2014-2026"",""2014-2025-years"",""F13""]]",derived
2017,goods,country,partner.1995-2025.204,reexports,0,numeric,unspecified,"[[""geostat_trade_export-country-1995-2026"",""1995-2025-years"",""Y64""],[""geostat_trade_domestic-export-country-2014-2026"",""2014-2025-years"",""F64""]]",derived
2017,goods,country,partner.1995-2025.208,reexports,80842.3474454939000,numeric,unspecified,"[[""geostat_trade_export-country-1995-2026"",""1995-2025-years"",""Y14""],[""geostat_trade_domestic-export-country-2014-2026"",""2014-2025-years"",""F14""]]",derived
2017,goods,country,partner.1995-2025.212,reexports,0,numeric,unspecified,"[[""geostat_trade_export-country-1995-2026"",""1995-2025-years"",""Y87""],[""geostat_trade_domestic-export-country-2014-2026"",""2014-2025-years"",""F87""]]",derived
2017,goods,country,partner.1995-2025.214,reexports,0,numeric,unspecified,"[[""geostat_trade_export-country-1995-2026"",""1995-2025-years"",""Y88""],[""geostat_trade_domestic-export-country-2014-2026"",""2014-2025-years"",""F88""]]",derived
2017,goods,country,partner.1995-2025.218,reexports,0,numeric,unspecified,"[[""geostat_trade_export-country-1995-2026"",""1995-2025-years"",""Y89""],[""geostat_trade_domestic-export-country-2014-2026"",""2014-2025-years"",""F89""]]",derived
2017,goods,country,partner.1995-2025.222,reexports,0,numeric,unspecified,"[[""geostat_trade_export-country-1995-2026"",""1995-2025-years"",""Y91""],[""geostat_trade_domestic-export-country-2014-2026"",""2014-2025-years"",""F91""]]",derived
2017,goods,country,partner.1995-2025.226,reexports,0,numeric,unspecified,"[[""geostat_trade_export-country-1995-2026"",""1995-2025-years"",""Y92""],[""geostat_trade_domestic-export-country-2014-2026"",""2014-2025-years"",""F92""]]",derived
2017,goods,country,partner.1995-2025.231,reexports,0E-14,numeric,unspecified,"[[""geostat_trade_export-country-1995-2026"",""1995-2025-years"",""Y93""],[""geostat_trade_domestic-export-country-2014-2026"",""2014-2025-years"",""F93""]]",derived
2017,goods,country,partner.1995-2025.233,reexports,2328400.242103091000,numeric,unspecified,"[[""geostat_trade_export-country-1995-2026"",""1995-2025-years"",""Y15""],[""geostat_trade_domestic-export-country-2014-2026"",""2014-2025-years"",""F15""]]",derived
2017,goods,country,partner.1995-2025.242,reexports,0,numeric,unspecified,"[[""geostat_trade_export-country-1995-2026"",""1995-2025-years"",""Y94""],[""geostat_trade_domestic-export-country-2014-2026"",""2014-2025-years"",""F94""]]",derived
2017,goods,country,partner.1995-2025.246,reexports,231315.596575725504000,numeric,unspecified,"[[""geostat_trade_export-country-1995-2026"",""1995-2025-years"",""Y16""],[""geostat_trade_domestic-export-country-2014-2026"",""2014-2025-years"",""F16""]]",derived
2017,goods,country,partner.1995-2025.250,reexports,13346617.664722882000,numeric,unspecified,"[[""geostat_trade_export-country-1995-2026"",""1995-2025-years"",""Y17""],[""geostat_trade_domestic-export-country-2014-2026"",""2014-2025-years"",""F17""]]",derived
2017,goods,country,partner.1995-2025.258,reexports,0,numeric,unspecified,"[[""geostat_trade_export-country-1995-2026"",""1995-2025-years"",""Y95""],[""geostat_trade_domestic-export-country-2014-2026"",""2014-2025-years"",""F95""]]",derived
2017,goods,country,partner.1995-2025.262,reexports,0,numeric,unspecified,"[[""geostat_trade_export-country-1995-2026"",""1995-2025-years"",""Y86""],[""geostat_trade_domestic-export-country-2014-2026"",""2014-2025-years"",""F86""]]",derived
2017,goods,country,partner.1995-2025.266,reexports,0,numeric,unspecified,"[[""geostat_trade_export-country-1995-2026"",""1995-2025-years"",""Y96""],[""geostat_trade_domestic-export-country-2014-2026"",""2014-2025-years"",""F96""]]",derived
2017,goods,country,partner.1995-2025.270,reexports,0,numeric,unspecified,"[[""geostat_trade_export-country-1995-2026"",""1995-2025-years"",""Y97""],[""geostat_trade_domestic-export-country-2014-2026"",""2014-2025-years"",""F97""]]",derived
2017,goods,country,partner.1995-2025.275,reexports,0E-15,numeric,unspecified,"[[""geostat_trade_export-country-1995-2026"",""1995-2025-years"",""Y174""],[""geostat_trade_domestic-export-country-2014-2026"",""2014-2025-years"",""F153""]]",derived
2017,goods,country,partner.1995-2025.276,reexports,6649670.918510980000,numeric,unspecified,"[[""geostat_trade_export-country-1995-2026"",""1995-2025-years"",""Y18""],[""geostat_trade_domestic-export-country-2014-2026"",""2014-2025-years"",""F18""]]",derived
2017,goods,country,partner.1995-2025.288,reexports,11906.55453162924000,numeric,unspecified,"[[""geostat_trade_export-country-1995-2026"",""1995-2025-years"",""Y98""],[""geostat_trade_domestic-export-country-2014-2026"",""2014-2025-years"",""F98""]]",derived
2017,goods,country,partner.1995-2025.292,reexports,0E-13,numeric,unspecified,"[[""geostat_trade_export-country-1995-2026"",""1995-2025-years"",""Y99""],[""geostat_trade_domestic-export-country-2014-2026"",""2014-2025-years"",""F99""]]",derived
2017,goods,country,partner.1995-2025.300,reexports,314360.4625257180000,numeric,unspecified,"[[""geostat_trade_export-country-1995-2026"",""1995-2025-years"",""Y19""],[""geostat_trade_domestic-export-country-2014-2026"",""2014-2025-years"",""F19""]]",derived
2017,goods,country,partner.1995-2025.312,reexports,0,numeric,unspecified,"[[""geostat_trade_export-country-1995-2026"",""1995-2025-years"",""Y100""],[""geostat_trade_domestic-export-country-2014-2026"",""2014-2025-years"",""F100""]]",derived
2017,goods,country,partner.1995-2025.320,reexports,0E-15,numeric,unspecified,"[[""geostat_trade_export-country-1995-2026"",""1995-2025-years"",""Y101""],[""geostat_trade_domestic-export-country-2014-2026"",""2014-2025-years"",""F101""]]",derived
2017,goods,country,partner.1995-2025.324,reexports,0,numeric,unspecified,"[[""geostat_trade_export-country-1995-2026"",""1995-2025-years"",""Y103""],[""geostat_trade_domestic-export-country-2014-2026"",""2014-2025-years"",""F102""]]",derived
2017,goods,country,partner.1995-2025.332,reexports,0,numeric,unspecified,"[[""geostat_trade_export-country-1995-2026"",""1995-2025-years"",""Y105""],[""geostat_trade_domestic-export-country-2014-2026"",""2014-2025-years"",""F104""]]",derived
2017,goods,country,partner.1995-2025.336,reexports,0,numeric,unspecified,"[[""geostat_trade_export-country-1995-2026"",""1995-2025-years"",""Y106""],[""geostat_trade_domestic-export-country-2014-2026"",""2014-2025-years"",""F105""]]",derived
2017,goods,country,partner.1995-2025.340,reexports,0,numeric,unspecified,"[[""geostat_trade_export-country-1995-2026"",""1995-2025-years"",""Y107""],[""geostat_trade_domestic-export-country-2014-2026"",""2014-2025-years"",""F106""]]",derived
2017,goods,country,partner.1995-2025.344,reexports,5887700.40111769643000,numeric,unspecified,"[[""geostat_trade_export-country-1995-2026"",""1995-2025-years"",""Y108""],[""geostat_trade_domestic-export-country-2014-2026"",""2014-2025-years"",""F107""]]",derived
2017,goods,country,partner.1995-2025.348,reexports,68429.97958437027000,numeric,unspecified,"[[""geostat_trade_export-country-1995-2026"",""1995-2025-years"",""Y20""],[""geostat_trade_domestic-export-country-2014-2026"",""2014-2025-years"",""F20""]]",derived
2017,goods,country,partner.1995-2025.352,reexports,32109.769999999998000,numeric,unspecified,"[[""geostat_trade_export-country-1995-2026"",""1995-2025-years"",""Y109""],[""geostat_trade_domestic-export-country-2014-2026"",""2014-2025-years"",""F108""]]",derived
2017,goods,country,partner.1995-2025.356,reexports,177001.7399999997000,numeric,unspecified,"[[""geostat_trade_export-country-1995-2026"",""1995-2025-years"",""Y110""],[""geostat_trade_domestic-export-country-2014-2026"",""2014-2025-years"",""F109""]]",derived
2017,goods,country,partner.1995-2025.360,reexports,0E-17,numeric,unspecified,"[[""geostat_trade_export-country-1995-2026"",""1995-2025-years"",""Y111""],[""geostat_trade_domestic-export-country-2014-2026"",""2014-2025-years"",""F110""]]",derived
2017,goods,country,partner.1995-2025.364,reexports,28647132.066696358000,numeric,unspecified,"[[""geostat_trade_export-country-1995-2026"",""1995-2025-years"",""Y112""],[""geostat_trade_domestic-export-country-2014-2026"",""2014-2025-years"",""F111""]]",derived
2017,goods,country,partner.1995-2025.368,reexports,2512984.016870476000,numeric,unspecified,"[[""geostat_trade_export-country-1995-2026"",""1995-2025-years"",""Y113""],[""geostat_trade_domestic-export-country-2014-2026"",""2014-2025-years"",""F112""]]",derived
2017,goods,country,partner.1995-2025.372,reexports,69736.74677804297000,numeric,unspecified,"[[""geostat_trade_export-country-1995-2026"",""1995-2025-years"",""Y21""],[""geostat_trade_domestic-export-country-2014-2026"",""2014-2025-years"",""F21""]]",derived
2017,goods,country,partner.1995-2025.376,reexports,2084726.8826479858000,numeric,unspecified,"[[""geostat_trade_export-country-1995-2026"",""1995-2025-years"",""Y114""],[""geostat_trade_domestic-export-country-2014-2026"",""2014-2025-years"",""F113""]]",derived
2017,goods,country,partner.1995-2025.380,reexports,9866712.321165774000,numeric,unspecified,"[[""geostat_trade_export-country-1995-2026"",""1995-2025-years"",""Y22""],[""geostat_trade_domestic-export-country-2014-2026"",""2014-2025-years"",""F22""]]",derived
2017,goods,country,partner.1995-2025.384,reexports,0.0,numeric,unspecified,"[[""geostat_trade_export-country-1995-2026"",""1995-2025-years"",""Y84""],[""geostat_trade_domestic-export-country-2014-2026"",""2014-2025-years"",""F84""]]",derived
2017,goods,country,partner.1995-2025.388,reexports,0,numeric,unspecified,"[[""geostat_trade_export-country-1995-2026"",""1995-2025-years"",""Y115""],[""geostat_trade_domestic-export-country-2014-2026"",""2014-2025-years"",""F114""]]",derived
2017,goods,country,partner.1995-2025.392,reexports,4161.3365472913000,numeric,unspecified,"[[""geostat_trade_export-country-1995-2026"",""1995-2025-years"",""Y116""],[""geostat_trade_domestic-export-country-2014-2026"",""2014-2025-years"",""F115""]]",derived
2017,goods,country,partner.1995-2025.398,reexports,27439628.957697089000,numeric,unspecified,"[[""geostat_trade_export-country-1995-2026"",""1995-2025-years"",""Y40""],[""geostat_trade_domestic-export-country-2014-2026"",""2014-2025-years"",""F40""]]",derived
2017,goods,country,partner.1995-2025.400,reexports,0E-15,numeric,unspecified,"[[""geostat_trade_export-country-1995-2026"",""1995-2025-years"",""Y117""],[""geostat_trade_domestic-export-country-2014-2026"",""2014-2025-years"",""F116""]]",derived
2017,goods,country,partner.1995-2025.404,reexports,0E-13,numeric,unspecified,"[[""geostat_trade_export-country-1995-2026"",""1995-2025-years"",""Y118""],[""geostat_trade_domestic-export-country-2014-2026"",""2014-2025-years"",""F117""]]",derived
2017,goods,country,partner.1995-2025.408,reexports,0,numeric,unspecified,"[[""geostat_trade_export-country-1995-2026"",""1995-2025-years"",""Y119""],[""geostat_trade_domestic-export-country-2014-2026"",""2014-2025-years"",""F119""]]",derived
2017,goods,country,partner.1995-2025.410,reexports,305738.522639127000,numeric,unspecified,"[[""geostat_trade_export-country-1995-2026"",""1995-2025-years"",""Y120""],[""geostat_trade_domestic-export-country-2014-2026"",""2014-2025-years"",""F118""]]",derived
2017,goods,country,partner.1995-2025.414,reexports,0E-13,numeric,unspecified,"[[""geostat_trade_export-country-1995-2026"",""1995-2025-years"",""Y121""],[""geostat_trade_domestic-export-country-2014-2026"",""2014-2025-years"",""F120""]]",derived
2017,goods,country,partner.1995-2025.417,reexports,6614704.7658390479000,numeric,unspecified,"[[""geostat_trade_export-country-1995-2026"",""1995-2025-years"",""Y41""],[""geostat_trade_domestic-export-country-2014-2026"",""2014-2025-years"",""F41""]]",derived
2017,goods,country,partner.1995-2025.418,reexports,0,numeric,unspecified,"[[""geostat_trade_export-country-1995-2026"",""1995-2025-years"",""Y122""],[""geostat_trade_domestic-export-country-2014-2026"",""2014-2025-years"",""F125""]]",derived
2017,goods,country,partner.1995-2025.422,reexports,120610.69260686804000,numeric,unspecified,"[[""geostat_trade_export-country-1995-2026"",""1995-2025-years"",""Y123""],[""geostat_trade_domestic-export-country-2014-2026"",""2014-2025-years"",""F121""]]",derived
2017,goods,country,partner.1995-2025.428,reexports,1915096.8902893401000,numeric,unspecified,"[[""geostat_trade_export-country-1995-2026"",""1995-2025-years"",""Y23""],[""geostat_trade_domestic-export-country-2014-2026"",""2014-2025-years"",""F23""]]",derived
2017,goods,country,partner.1995-2025.430,reexports,0,numeric,unspecified,"[[""geostat_trade_export-country-1995-2026"",""1995-2025-years"",""Y124""],[""geostat_trade_domestic-export-country-2014-2026"",""2014-2025-years"",""F122""]]",derived
2017,goods,country,partner.1995-2025.434,reexports,101697.32775571513000,numeric,unspecified,"[[""geostat_trade_export-country-1995-2026"",""1995-2025-years"",""Y125""],[""geostat_trade_domestic-export-country-2014-2026"",""2014-2025-years"",""F123""]]",derived
2017,goods,country,partner.1995-2025.438,reexports,0E-15,numeric,unspecified,"[[""geostat_trade_export-country-1995-2026"",""1995-2025-years"",""Y126""],[""geostat_trade_domestic-export-country-2014-2026"",""2014-2025-years"",""F124""]]",derived
2017,goods,country,partner.1995-2025.440,reexports,4015437.336278312000,numeric,unspecified,"[[""geostat_trade_export-country-1995-2026"",""1995-2025-years"",""Y24""],[""geostat_trade_domestic-export-country-2014-2026"",""2014-2025-years"",""F24""]]",derived
2017,goods,country,partner.1995-2025.442,reexports,0E-13,numeric,unspecified,"[[""geostat_trade_export-country-1995-2026"",""1995-2025-years"",""Y25""],[""geostat_trade_domestic-export-country-2014-2026"",""2014-2025-years"",""F25""]]",derived
2017,goods,country,partner.1995-2025.446,reexports,0E-16,numeric,unspecified,"[[""geostat_trade_export-country-1995-2026"",""1995-2025-years"",""Y127""],[""geostat_trade_domestic-export-country-2014-2026"",""2014-2025-years"",""F128""]]",derived
2017,goods,country,partner.1995-2025.450,reexports,0,numeric,unspecified,"[[""geostat_trade_export-country-1995-2026"",""1995-2025-years"",""Y128""],[""geostat_trade_domestic-export-country-2014-2026"",""2014-2025-years"",""F127""]]",derived
2017,goods,country,partner.1995-2025.454,reexports,0.0,numeric,unspecified,"[[""geostat_trade_export-country-1995-2026"",""1995-2025-years"",""Y129""],[""geostat_trade_domestic-export-country-2014-2026"",""2014-2025-years"",""F129""]]",derived
2017,goods,country,partner.1995-2025.458,reexports,0E-15,numeric,unspecified,"[[""geostat_trade_export-country-1995-2026"",""1995-2025-years"",""Y130""],[""geostat_trade_domestic-export-country-2014-2026"",""2014-2025-years"",""F130""]]",derived
2017,goods,country,partner.1995-2025.462,reexports,0,numeric,unspecified,"[[""geostat_trade_export-country-1995-2026"",""1995-2025-years"",""Y131""],[""geostat_trade_domestic-export-country-2014-2026"",""2014-2025-years"",""F131""]]",derived
2017,goods,country,partner.1995-2025.466,reexports,0,numeric,unspecified,"[[""geostat_trade_export-country-1995-2026"",""1995-2025-years"",""Y132""],[""geostat_trade_domestic-export-country-2014-2026"",""2014-2025-years"",""F132""]]",derived
2017,goods,country,partner.1995-2025.470,reexports,1291743.621834045000,numeric,unspecified,"[[""geostat_trade_export-country-1995-2026"",""1995-2025-years"",""Y26""],[""geostat_trade_domestic-export-country-2014-2026"",""2014-2025-years"",""F26""]]",derived
2017,goods,country,partner.1995-2025.474,reexports,0E-15,numeric,unspecified,"[[""geostat_trade_export-country-1995-2026"",""1995-2025-years"",""Y134""],[""geostat_trade_domestic-export-country-2014-2026"",""2014-2025-years"",""F134""]]",derived
2017,goods,country,partner.1995-2025.478,reexports,0,numeric,unspecified,"[[""geostat_trade_export-country-1995-2026"",""1995-2025-years"",""Y135""],[""geostat_trade_domestic-export-country-2014-2026"",""2014-2025-years"",""F135""]]",derived
2017,goods,country,partner.1995-2025.480,reexports,0,numeric,unspecified,"[[""geostat_trade_export-country-1995-2026"",""1995-2025-years"",""Y136""],[""geostat_trade_domestic-export-country-2014-2026"",""2014-2025-years"",""F136""]]",derived
2017,goods,country,partner.1995-2025.484,reexports,0,numeric,unspecified,"[[""geostat_trade_export-country-1995-2026"",""1995-2025-years"",""Y137""],[""geostat_trade_domestic-export-country-2014-2026"",""2014-2025-years"",""F137""]]",derived
2017,goods,country,partner.1995-2025.492,reexports,0,numeric,unspecified,"[[""geostat_trade_export-country-1995-2026"",""1995-2025-years"",""Y138""],[""geostat_trade_domestic-export-country-2014-2026"",""2014-2025-years"",""F138""]]",derived
2017,goods,country,partner.1995-2025.496,reexports,23103.7856800678000,numeric,unspecified,"[[""geostat_trade_export-country-1995-2026"",""1995-2025-years"",""Y139""],[""geostat_trade_domestic-export-country-2014-2026"",""2014-2025-years"",""F139""]]",derived
2017,goods,country,partner.1995-2025.498,reexports,2219052.5508265518000,numeric,unspecified,"[[""geostat_trade_export-country-1995-2026"",""1995-2025-years"",""Y42""],[""geostat_trade_domestic-export-country-2014-2026"",""2014-2025-years"",""F42""]]",derived
2017,goods,country,partner.1995-2025.499,reexports,0.0,numeric,unspecified,"[[""geostat_trade_export-country-1995-2026"",""1995-2025-years"",""Y140""],[""geostat_trade_domestic-export-country-2014-2026"",""2014-2025-years"",""F140""]]",derived
2017,goods,country,partner.1995-2025.504,reexports,24352.1733673597000,numeric,unspecified,"[[""geostat_trade_export-country-1995-2026"",""1995-2025-years"",""Y141""],[""geostat_trade_domestic-export-country-2014-2026"",""2014-2025-years"",""F141""]]",derived
2017,goods,country,partner.1995-2025.508,reexports,0,numeric,unspecified,"[[""geostat_trade_export-country-1995-2026"",""1995-2025-years"",""Y142""],[""geostat_trade_domestic-export-country-2014-2026"",""2014-2025-years"",""F142""]]",derived
2017,goods,country,partner.1995-2025.512,reexports,0E-16,numeric,unspecified,"[[""geostat_trade_export-country-1995-2026"",""1995-2025-years"",""Y152""],[""geostat_trade_domestic-export-country-2014-2026"",""2014-2025-years"",""F151""]]",derived
2017,goods,country,partner.1995-2025.516,reexports,0,numeric,unspecified,"[[""geostat_trade_export-country-1995-2026"",""1995-2025-years"",""Y144""],[""geostat_trade_domestic-export-country-2014-2026"",""2014-2025-years"",""F144""]]",derived
2017,goods,country,partner.1995-2025.524,reexports,0E-17,numeric,unspecified,"[[""geostat_trade_export-country-1995-2026"",""1995-2025-years"",""Y145""],[""geostat_trade_domestic-export-country-2014-2026"",""2014-2025-years"",""F145""]]",derived
2017,goods,country,partner.1995-2025.528,reexports,27737009.421517924000,numeric,unspecified,"[[""geostat_trade_export-country-1995-2026"",""1995-2025-years"",""Y27""],[""geostat_trade_domestic-export-country-2014-2026"",""2014-2025-years"",""F27""]]",derived
2017,goods,country,partner.1995-2025.534,reexports,0,numeric,unspecified,"[[""geostat_trade_export-country-1995-2026"",""1995-2025-years"",""Y170""],[""geostat_trade_domestic-export-country-2014-2026"",""2014-2025-years"",""F170""]]",derived
2017,goods,country,partner.1995-2025.554,reexports,0E-14,numeric,unspecified,"[[""geostat_trade_export-country-1995-2026"",""1995-2025-years"",""Y146""],[""geostat_trade_domestic-export-country-2014-2026"",""2014-2025-years"",""F146""]]",derived
2017,goods,country,partner.1995-2025.558,reexports,0,numeric,unspecified,"[[""geostat_trade_export-country-1995-2026"",""1995-2025-years"",""Y147""],[""geostat_trade_domestic-export-country-2014-2026"",""2014-2025-years"",""F147""]]",derived
2017,goods,country,partner.1995-2025.562,reexports,0.0,numeric,unspecified,"[[""geostat_trade_export-country-1995-2026"",""1995-2025-years"",""Y148""],[""geostat_trade_domestic-export-country-2014-2026"",""2014-2025-years"",""F148""]]",derived
2017,goods,country,partner.1995-2025.566,reexports,12861.7448647009813000,numeric,unspecified,"[[""geostat_trade_export-country-1995-2026"",""1995-2025-years"",""Y149""],[""geostat_trade_domestic-export-country-2014-2026"",""2014-2025-years"",""F149""]]",derived
2017,goods,country,partner.1995-2025.578,reexports,67792.18000000003000,numeric,unspecified,"[[""geostat_trade_export-country-1995-2026"",""1995-2025-years"",""Y151""],[""geostat_trade_domestic-export-country-2014-2026"",""2014-2025-years"",""F150""]]",derived
2017,goods,country,partner.1995-2025.584,reexports,0,numeric,unspecified,"[[""geostat_trade_export-country-1995-2026"",""1995-2025-years"",""Y133""],[""geostat_trade_domestic-export-country-2014-2026"",""2014-2025-years"",""F133""]]",derived
2017,goods,country,partner.1995-2025.586,reexports,220000.00000000000000,numeric,unspecified,"[[""geostat_trade_export-country-1995-2026"",""1995-2025-years"",""Y153""],[""geostat_trade_domestic-export-country-2014-2026"",""2014-2025-years"",""F152""]]",derived
2017,goods,country,partner.1995-2025.591,reexports,1979832.1467662258000,numeric,unspecified,"[[""geostat_trade_export-country-1995-2026"",""1995-2025-years"",""Y154""],[""geostat_trade_domestic-export-country-2014-2026"",""2014-2025-years"",""F154""]]",derived
2017,goods,country,partner.1995-2025.600,reexports,0.00000,numeric,unspecified,"[[""geostat_trade_export-country-1995-2026"",""1995-2025-years"",""Y155""],[""geostat_trade_domestic-export-country-2014-2026"",""2014-2025-years"",""F155""]]",derived
2017,goods,country,partner.1995-2025.604,reexports,80804.0831694766000,numeric,unspecified,"[[""geostat_trade_export-country-1995-2026"",""1995-2025-years"",""Y156""],[""geostat_trade_domestic-export-country-2014-2026"",""2014-2025-years"",""F156""]]",derived
2017,goods,country,partner.1995-2025.608,reexports,0E-14,numeric,unspecified,"[[""geostat_trade_export-country-1995-2026"",""1995-2025-years"",""Y157""],[""geostat_trade_domestic-export-country-2014-2026"",""2014-2025-years"",""F157""]]",derived
2017,goods,country,partner.1995-2025.616,reexports,140589.983137914000,numeric,unspecified,"[[""geostat_trade_export-country-1995-2026"",""1995-2025-years"",""Y28""],[""geostat_trade_domestic-export-country-2014-2026"",""2014-2025-years"",""F28""]]",derived
2017,goods,country,partner.1995-2025.620,reexports,83692.50537253454000,numeric,unspecified,"[[""geostat_trade_export-country-1995-2026"",""1995-2025-years"",""Y29""],[""geostat_trade_domestic-export-country-2014-2026"",""2014-2025-years"",""F29""]]",derived
2017,goods,country,partner.1995-2025.624,reexports,0,numeric,unspecified,"[[""geostat_trade_export-country-1995-2026"",""1995-2025-years"",""Y104""],[""geostat_trade_domestic-export-country-2014-2026"",""2014-2025-years"",""F103""]]",derived
2017,goods,country,partner.1995-2025.630,reexports,0,numeric,unspecified,"[[""geostat_trade_export-country-1995-2026"",""1995-2025-years"",""Y158""],[""geostat_trade_domestic-export-country-2014-2026"",""2014-2025-years"",""F158""]]",derived
2017,goods,country,partner.1995-2025.634,reexports,133353.2367464909000,numeric,unspecified,"[[""geostat_trade_export-country-1995-2026"",""1995-2025-years"",""Y159""],[""geostat_trade_domestic-export-country-2014-2026"",""2014-2025-years"",""F159""]]",derived
2017,goods,country,partner.1995-2025.642,reexports,92997.134708130000,numeric,unspecified,"[[""geostat_trade_export-country-1995-2026"",""1995-2025-years"",""Y30""],[""geostat_trade_domestic-export-country-2014-2026"",""2014-2025-years"",""F30""]]",derived
2017,goods,country,partner.1995-2025.643,reexports,40837704.33846925000,numeric,unspecified,"[[""geostat_trade_export-country-1995-2026"",""1995-2025-years"",""Y43""],[""geostat_trade_domestic-export-country-2014-2026"",""2014-2025-years"",""F43""]]",derived
2017,goods,country,partner.1995-2025.646,reexports,0,numeric,unspecified,"[[""geostat_trade_export-country-1995-2026"",""1995-2025-years"",""Y160""],[""geostat_trade_domestic-export-country-2014-2026"",""2014-2025-years"",""F160""]]",derived
2017,goods,country,partner.1995-2025.660,reexports,0,numeric,unspecified,"[[""geostat_trade_export-country-1995-2026"",""1995-2025-years"",""Y55""],[""geostat_trade_domestic-export-country-2014-2026"",""2014-2025-years"",""F55""]]",derived
2017,goods,country,partner.1995-2025.670,reexports,0,numeric,unspecified,"[[""geostat_trade_export-country-1995-2026"",""1995-2025-years"",""Y161""],[""geostat_trade_domestic-export-country-2014-2026"",""2014-2025-years"",""F161""]]",derived
2017,goods,country,partner.1995-2025.674,reexports,0,numeric,unspecified,"[[""geostat_trade_export-country-1995-2026"",""1995-2025-years"",""Y162""],[""geostat_trade_domestic-export-country-2014-2026"",""2014-2025-years"",""F162""]]",derived
2017,goods,country,partner.1995-2025.682,reexports,0E-12,numeric,unspecified,"[[""geostat_trade_export-country-1995-2026"",""1995-2025-years"",""Y163""],[""geostat_trade_domestic-export-country-2014-2026"",""2014-2025-years"",""F163""]]",derived
2017,goods,country,partner.1995-2025.686,reexports,181096.64039817503000,numeric,unspecified,"[[""geostat_trade_export-country-1995-2026"",""1995-2025-years"",""Y164""],[""geostat_trade_domestic-export-country-2014-2026"",""2014-2025-years"",""F164""]]",derived
2017,goods,country,partner.1995-2025.688,reexports,212450.2524552958466000,numeric,unspecified,"[[""geostat_trade_export-country-1995-2026"",""1995-2025-years"",""Y165""],[""geostat_trade_domestic-export-country-2014-2026"",""2014-2025-years"",""F165""]]",derived
2017,goods,country,partner.1995-2025.690,reexports,0,numeric,unspecified,"[[""geostat_trade_export-country-1995-2026"",""1995-2025-years"",""Y167""],[""geostat_trade_domestic-export-country-2014-2026"",""2014-2025-years"",""F167""]]",derived
2017,goods,country,partner.1995-2025.694,reexports,0E-15,numeric,unspecified,"[[""geostat_trade_export-country-1995-2026"",""1995-2025-years"",""Y168""],[""geostat_trade_domestic-export-country-2014-2026"",""2014-2025-years"",""F168""]]",derived
2017,goods,country,partner.1995-2025.702,reexports,11957123.6714290485000,numeric,unspecified,"[[""geostat_trade_export-country-1995-2026"",""1995-2025-years"",""Y169""],[""geostat_trade_domestic-export-country-2014-2026"",""2014-2025-years"",""F169""]]",derived
2017,goods,country,partner.1995-2025.703,reexports,69180.3815041908000,numeric,unspecified,"[[""geostat_trade_export-country-1995-2026"",""1995-2025-years"",""Y31""],[""geostat_trade_domestic-export-country-2014-2026"",""2014-2025-years"",""F31""]]",derived
2017,goods,country,partner.1995-2025.704,reexports,1521422.8999999995000,numeric,unspecified,"[[""geostat_trade_export-country-1995-2026"",""1995-2025-years"",""Y193""],[""geostat_trade_domestic-export-country-2014-2026"",""2014-2025-years"",""F192""]]",derived
2017,goods,country,partner.1995-2025.705,reexports,69799.87825292949000,numeric,unspecified,"[[""geostat_trade_export-country-1995-2026"",""1995-2025-years"",""Y32""],[""geostat_trade_domestic-export-country-2014-2026"",""2014-2025-years"",""F32""]]",derived
2017,goods,country,partner.1995-2025.706,reexports,0,numeric,unspecified,"[[""geostat_trade_export-country-1995-2026"",""1995-2025-years"",""Y171""],[""geostat_trade_domestic-export-country-2014-2026"",""2014-2025-years"",""F171""]]",derived
2017,goods,country,partner.1995-2025.710,reexports,16556.400000000008000,numeric,unspecified,"[[""geostat_trade_export-country-1995-2026"",""1995-2025-years"",""Y172""],[""geostat_trade_domestic-export-country-2014-2026"",""2014-2025-years"",""F172""]]",derived
2017,goods,country,partner.1995-2025.716,reexports,0.00,numeric,unspecified,"[[""geostat_trade_export-country-1995-2026"",""1995-2025-years"",""Y198""],[""geostat_trade_domestic-export-country-2014-2026"",""2014-2025-years"",""F197""]]",derived
2017,goods,country,partner.1995-2025.724,reexports,1929846.678599409000,numeric,unspecified,"[[""geostat_trade_export-country-1995-2026"",""1995-2025-years"",""Y33""],[""geostat_trade_domestic-export-country-2014-2026"",""2014-2025-years"",""F33""]]",derived
2017,goods,country,partner.1995-2025.729,reexports,1730645.6754983712000,numeric,unspecified,"[[""geostat_trade_export-country-1995-2026"",""1995-2025-years"",""Y175""],[""geostat_trade_domestic-export-country-2014-2026"",""2014-2025-years"",""F174""]]",derived
2017,goods,country,partner.1995-2025.740,reexports,0,numeric,unspecified,"[[""geostat_trade_export-country-1995-2026"",""1995-2025-years"",""Y176""],[""geostat_trade_domestic-export-country-2014-2026"",""2014-2025-years"",""F175""]]",derived
2017,goods,country,partner.1995-2025.752,reexports,16816.33337347293000,numeric,unspecified,"[[""geostat_trade_export-country-1995-2026"",""1995-2025-years"",""Y34""],[""geostat_trade_domestic-export-country-2014-2026"",""2014-2025-years"",""F34""]]",derived
2017,goods,country,partner.1995-2025.756,reexports,6072424.007614223000,numeric,unspecified,"[[""geostat_trade_export-country-1995-2026"",""1995-2025-years"",""Y177""],[""geostat_trade_domestic-export-country-2014-2026"",""2014-2025-years"",""F176""]]",derived
2017,goods,country,partner.1995-2025.760,reexports,20706.50000000001000,numeric,unspecified,"[[""geostat_trade_export-country-1995-2026"",""1995-2025-years"",""Y178""],[""geostat_trade_domestic-export-country-2014-2026"",""2014-2025-years"",""F177""]]",derived
2017,goods,country,partner.1995-2025.762,reexports,1531732.3765978131000,numeric,unspecified,"[[""geostat_trade_export-country-1995-2026"",""1995-2025-years"",""Y44""],[""geostat_trade_domestic-export-country-2014-2026"",""2014-2025-years"",""F44""]]",derived
2017,goods,country,partner.1995-2025.764,reexports,621.66255893351000,numeric,unspecified,"[[""geostat_trade_export-country-1995-2026"",""1995-2025-years"",""Y181""],[""geostat_trade_domestic-export-country-2014-2026"",""2014-2025-years"",""F180""]]",derived
2017,goods,country,partner.1995-2025.768,reexports,0,numeric,unspecified,"[[""geostat_trade_export-country-1995-2026"",""1995-2025-years"",""Y182""],[""geostat_trade_domestic-export-country-2014-2026"",""2014-2025-years"",""F181""]]",derived
2017,goods,country,partner.1995-2025.780,reexports,0,numeric,unspecified,"[[""geostat_trade_export-country-1995-2026"",""1995-2025-years"",""Y183""],[""geostat_trade_domestic-export-country-2014-2026"",""2014-2025-years"",""F182""]]",derived
2017,goods,country,partner.1995-2025.784,reexports,24045332.299071655000,numeric,unspecified,"[[""geostat_trade_export-country-1995-2026"",""1995-2025-years"",""Y188""],[""geostat_trade_domestic-export-country-2014-2026"",""2014-2025-years"",""F187""]]",derived
2017,goods,country,partner.1995-2025.788,reexports,0.000,numeric,unspecified,"[[""geostat_trade_export-country-1995-2026"",""1995-2025-years"",""Y184""],[""geostat_trade_domestic-export-country-2014-2026"",""2014-2025-years"",""F183""]]",derived
2017,goods,country,partner.1995-2025.792,reexports,9536240.76418643000,numeric,unspecified,"[[""geostat_trade_export-country-1995-2026"",""1995-2025-years"",""Y185""],[""geostat_trade_domestic-export-country-2014-2026"",""2014-2025-years"",""F184""]]",derived
2017,goods,country,partner.1995-2025.795,reexports,13657474.4697608566000,numeric,unspecified,"[[""geostat_trade_export-country-1995-2026"",""1995-2025-years"",""Y45""],[""geostat_trade_domestic-export-country-2014-2026"",""2014-2025-years"",""F45""]]",derived
2017,goods,country,partner.1995-2025.796,reexports,0,numeric,unspecified,"[[""geostat_trade_export-country-1995-2026"",""1995-2025-years"",""Y186""],[""geostat_trade_domestic-export-country-2014-2026"",""2014-2025-years"",""F185""]]",derived
2017,goods,country,partner.1995-2025.800,reexports,0E-15,numeric,unspecified,"[[""geostat_trade_export-country-1995-2026"",""1995-2025-years"",""Y187""],[""geostat_trade_domestic-export-country-2014-2026"",""2014-2025-years"",""F186""]]",derived
2017,goods,country,partner.1995-2025.804,reexports,52206553.191738178000,numeric,unspecified,"[[""geostat_trade_export-country-1995-2026"",""1995-2025-years"",""Y46""],[""geostat_trade_domestic-export-country-2014-2026"",""2014-2025-years"",""F46""]]",derived
2017,goods,country,partner.1995-2025.818,reexports,3354390.1626274869000,numeric,unspecified,"[[""geostat_trade_export-country-1995-2026"",""1995-2025-years"",""Y90""],[""geostat_trade_domestic-export-country-2014-2026"",""2014-2025-years"",""F90""]]",derived
2017,goods,country,partner.1995-2025.826,reexports,2107191.458455359000,numeric,unspecified,"[[""geostat_trade_export-country-1995-2026"",""1995-2025-years"",""Y189""],[""geostat_trade_domestic-export-country-2014-2026"",""2014-2025-years"",""F188""]]",derived
2017,goods,country,partner.1995-2025.834,reexports,0E-14,numeric,unspecified,"[[""geostat_trade_export-country-1995-2026"",""1995-2025-years"",""Y180""],[""geostat_trade_domestic-export-country-2014-2026"",""2014-2025-years"",""F179""]]",derived
2017,goods,country,partner.1995-2025.840,reexports,1419091.92341765000,numeric,unspecified,"[[""geostat_trade_export-country-1995-2026"",""1995-2025-years"",""Y190""],[""geostat_trade_domestic-export-country-2014-2026"",""2014-2025-years"",""F189""]]",derived
2017,goods,country,partner.1995-2025.850,reexports,0,numeric,unspecified,"[[""geostat_trade_export-country-1995-2026"",""1995-2025-years"",""Y195""],[""geostat_trade_domestic-export-country-2014-2026"",""2014-2025-years"",""F194""]]",derived
2017,goods,country,partner.1995-2025.854,reexports,0,numeric,unspecified,"[[""geostat_trade_export-country-1995-2026"",""1995-2025-years"",""Y70""],[""geostat_trade_domestic-export-country-2014-2026"",""2014-2025-years"",""F70""]]",derived
2017,goods,country,partner.1995-2025.858,reexports,0E-15,numeric,unspecified,"[[""geostat_trade_export-country-1995-2026"",""1995-2025-years"",""Y191""],[""geostat_trade_domestic-export-country-2014-2026"",""2014-2025-years"",""F190""]]",derived
2017,goods,country,partner.1995-2025.860,reexports,53125683.395310242000,numeric,unspecified,"[[""geostat_trade_export-country-1995-2026"",""1995-2025-years"",""Y47""],[""geostat_trade_domestic-export-country-2014-2026"",""2014-2025-years"",""F47""]]",derived
2017,goods,country,partner.1995-2025.862,reexports,0E-17,numeric,unspecified,"[[""geostat_trade_export-country-1995-2026"",""1995-2025-years"",""Y192""],[""geostat_trade_domestic-export-country-2014-2026"",""2014-2025-years"",""F191""]]",derived
2017,goods,country,partner.1995-2025.887,reexports,0,numeric,unspecified,"[[""geostat_trade_export-country-1995-2026"",""1995-2025-years"",""Y196""],[""geostat_trade_domestic-export-country-2014-2026"",""2014-2025-years"",""F195""]]",derived
2017,goods,country,partner.1995-2025.891,reexports,0,numeric,unspecified,"[[""geostat_trade_export-country-1995-2026"",""1995-2025-years"",""Y166""],[""geostat_trade_domestic-export-country-2014-2026"",""2014-2025-years"",""F166""]]",derived
2017,goods,country,partner.1995-2025.894,reexports,0E-16,numeric,unspecified,"[[""geostat_trade_export-country-1995-2026"",""1995-2025-years"",""Y197""],[""geostat_trade_domestic-export-country-2014-2026"",""2014-2025-years"",""F196""]]",derived
2017,goods,national,goods.total,reexports,739308286.0981568000000,numeric,unspecified,"[[""geostat_trade_ftrade-1995-2026"",""1995-2026"",""X5""],[""geostat_trade_domestic-export-country-2014-2026"",""2014-2025-years"",""F5""]]",derived
2017,goods,national,goods.total,trade_balance,-5311415127.3180364000000,numeric,unspecified,"[[""geostat_trade_ftrade-1995-2026"",""1995-2026"",""X5""],[""geostat_trade_ftrade-1995-2026"",""1995-2026"",""X20""]]",derived
2017,goods,national,goods.total,trade_turnover,10802749293.8293522000000,numeric,unspecified,"[[""geostat_trade_ftrade-1995-2026"",""1995-2026"",""X5""],[""geostat_trade_ftrade-1995-2026"",""1995-2026"",""X20""]]",derived
2017,goods,product,goods.hs4.2015-2019.0102,reexports,0E-12,numeric,unspecified,"[[""geostat_trade_export-product-by-4-digit-2015-2026"",""2015-2019-years"",""E8""],[""geostat_trade_domestic-exports-by-4-digit-2014-2026"",""2015-2019-years"",""E7""]]",derived
2017,goods,product,goods.hs4.2015-2019.0104,reexports,0E-13,numeric,unspecified,"[[""geostat_trade_export-product-by-4-digit-2015-2026"",""2015-2019-years"",""E9""],[""geostat_trade_domestic-exports-by-4-digit-2014-2026"",""2015-2019-years"",""E8""]]",derived
2017,goods,product,goods.hs4.2015-2019.0105,reexports,88579.1780425391000,numeric,unspecified,"[[""geostat_trade_export-product-by-4-digit-2015-2026"",""2015-2019-years"",""E10""],[""geostat_trade_domestic-exports-by-4-digit-2014-2026"",""2015-2019-years"",""E9""]]",derived
2017,goods,product,goods.hs4.2015-2019.0204,reexports,0E-12,numeric,unspecified,"[[""geostat_trade_export-product-by-4-digit-2015-2026"",""2015-2019-years"",""E15""],[""geostat_trade_domestic-exports-by-4-digit-2014-2026"",""2015-2019-years"",""E10""]]",derived
2017,goods,product,goods.hs4.2015-2019.0207,reexports,4954580.96060055846000,numeric,unspecified,"[[""geostat_trade_export-product-by-4-digit-2015-2026"",""2015-2019-years"",""E17""],[""geostat_trade_domestic-exports-by-4-digit-2014-2026"",""2015-2019-years"",""E11""]]",derived
2017,goods,product,goods.hs4.2015-2019.0302,reexports,0E-14,numeric,unspecified,"[[""geostat_trade_export-product-by-4-digit-2015-2026"",""2015-2019-years"",""E21""],[""geostat_trade_domestic-exports-by-4-digit-2014-2026"",""2015-2019-years"",""E12""]]",derived
2017,goods,product,goods.hs4.2015-2019.0303,reexports,211092.2999999998000,numeric,unspecified,"[[""geostat_trade_export-product-by-4-digit-2015-2026"",""2015-2019-years"",""E22""],[""geostat_trade_domestic-exports-by-4-digit-2014-2026"",""2015-2019-years"",""E13""]]",derived
2017,goods,product,goods.hs4.2015-2019.0504,reexports,163182.49999999995000,numeric,unspecified,"[[""geostat_trade_export-product-by-4-digit-2015-2026"",""2015-2019-years"",""E36""],[""geostat_trade_domestic-exports-by-4-digit-2014-2026"",""2015-2019-years"",""E14""]]",derived
2017,goods,product,goods.hs4.2015-2019.0701,reexports,25267.4999999999000,numeric,unspecified,"[[""geostat_trade_export-product-by-4-digit-2015-2026"",""2015-2019-years"",""E43""],[""geostat_trade_domestic-exports-by-4-digit-2014-2026"",""2015-2019-years"",""E15""]]",derived
2017,goods,product,goods.hs4.2015-2019.0702,reexports,373030.2608787265000,numeric,unspecified,"[[""geostat_trade_export-product-by-4-digit-2015-2026"",""2015-2019-years"",""E44""],[""geostat_trade_domestic-exports-by-4-digit-2014-2026"",""2015-2019-years"",""E16""]]",derived
2017,goods,product,goods.hs4.2015-2019.0707,reexports,0E-14,numeric,unspecified,"[[""geostat_trade_export-product-by-4-digit-2015-2026"",""2015-2019-years"",""E49""],[""geostat_trade_domestic-exports-by-4-digit-2014-2026"",""2015-2019-years"",""E17""]]",derived
2017,goods,product,goods.hs4.2015-2019.0709,reexports,164339.5444090666000,numeric,unspecified,"[[""geostat_trade_export-product-by-4-digit-2015-2026"",""2015-2019-years"",""E51""],[""geostat_trade_domestic-exports-by-4-digit-2014-2026"",""2015-2019-years"",""E18""]]",derived
2017,goods,product,goods.hs4.2015-2019.0802,reexports,2922209.000000002000,numeric,unspecified,"[[""geostat_trade_export-product-by-4-digit-2015-2026"",""2015-2019-years"",""E58""],[""geostat_trade_domestic-exports-by-4-digit-2014-2026"",""2015-2019-years"",""E19""]]",derived
2017,goods,product,goods.hs4.2015-2019.0805,reexports,698700.886159368000,numeric,unspecified,"[[""geostat_trade_export-product-by-4-digit-2015-2026"",""2015-2019-years"",""E61""],[""geostat_trade_domestic-exports-by-4-digit-2014-2026"",""2015-2019-years"",""E20""]]",derived
2017,goods,product,goods.hs4.2015-2019.0808,reexports,401206.52377894482000,numeric,unspecified,"[[""geostat_trade_export-product-by-4-digit-2015-2026"",""2015-2019-years"",""E64""],[""geostat_trade_domestic-exports-by-4-digit-2014-2026"",""2015-2019-years"",""E21""]]",derived
2017,goods,product,goods.hs4.2015-2019.0809,reexports,58777.6175279251000,numeric,unspecified,"[[""geostat_trade_export-product-by-4-digit-2015-2026"",""2015-2019-years"",""E65""],[""geostat_trade_domestic-exports-by-4-digit-2014-2026"",""2015-2019-years"",""E22""]]",derived
2017,goods,product,goods.hs4.2015-2019.0810,reexports,238854.9849689648000,numeric,unspecified,"[[""geostat_trade_export-product-by-4-digit-2015-2026"",""2015-2019-years"",""E66""],[""geostat_trade_domestic-exports-by-4-digit-2014-2026"",""2015-2019-years"",""E23""]]",derived
2017,goods,product,goods.hs4.2015-2019.0813,reexports,64350.69999999996000,numeric,unspecified,"[[""geostat_trade_export-product-by-4-digit-2015-2026"",""2015-2019-years"",""E69""],[""geostat_trade_domestic-exports-by-4-digit-2014-2026"",""2015-2019-years"",""E24""]]",derived
2017,goods,product,goods.hs4.2015-2019.0902,reexports,364997.0585794726000,numeric,unspecified,"[[""geostat_trade_export-product-by-4-digit-2015-2026"",""2015-2019-years"",""E72""],[""geostat_trade_domestic-exports-by-4-digit-2014-2026"",""2015-2019-years"",""E25""]]",derived
2017,goods,product,goods.hs4.2015-2019.0910,reexports,66716.8292427932000,numeric,unspecified,"[[""geostat_trade_export-product-by-4-digit-2015-2026"",""2015-2019-years"",""E79""],[""geostat_trade_domestic-exports-by-4-digit-2014-2026"",""2015-2019-years"",""E26""]]",derived
2017,goods,product,goods.hs4.2015-2019.1003,reexports,12765.544524893631000,numeric,unspecified,"[[""geostat_trade_export-product-by-4-digit-2015-2026"",""2015-2019-years"",""E81""],[""geostat_trade_domestic-exports-by-4-digit-2014-2026"",""2015-2019-years"",""E27""]]",derived
2017,goods,product,goods.hs4.2015-2019.1005,reexports,0E-14,numeric,unspecified,"[[""geostat_trade_export-product-by-4-digit-2015-2026"",""2015-2019-years"",""E82""],[""geostat_trade_domestic-exports-by-4-digit-2014-2026"",""2015-2019-years"",""E28""]]",derived
2017,goods,product,goods.hs4.2015-2019.1106,reexports,122779.0584690029000,numeric,unspecified,"[[""geostat_trade_export-product-by-4-digit-2015-2026"",""2015-2019-years"",""E89""],[""geostat_trade_domestic-exports-by-4-digit-2014-2026"",""2015-2019-years"",""E29""]]",derived
2017,goods,product,goods.hs4.2015-2019.1206,reexports,0E-15,numeric,unspecified,"[[""geostat_trade_export-product-by-4-digit-2015-2026"",""2015-2019-years"",""E95""],[""geostat_trade_domestic-exports-by-4-digit-2014-2026"",""2015-2019-years"",""E30""]]",derived
2017,goods,product,goods.hs4.2015-2019.1211,reexports,30139.9999999999000,numeric,unspecified,"[[""geostat_trade_export-product-by-4-digit-2015-2026"",""2015-2019-years"",""E100""],[""geostat_trade_domestic-exports-by-4-digit-2014-2026"",""2015-2019-years"",""E31""]]",derived
2017,goods,product,goods.hs4.2015-2019.1504,reexports,29058.2200000008000,numeric,unspecified,"[[""geostat_trade_export-product-by-4-digit-2015-2026"",""2015-2019-years"",""E109""],[""geostat_trade_domestic-exports-by-4-digit-2014-2026"",""2015-2019-years"",""E32""]]",derived
2017,goods,product,goods.hs4.2015-2019.1515,reexports,3639.4502356712000,numeric,unspecified,"[[""geostat_trade_export-product-by-4-digit-2015-2026"",""2015-2019-years"",""E119""],[""geostat_trade_domestic-exports-by-4-digit-2014-2026"",""2015-2019-years"",""E33""]]",derived
2017,goods,product,goods.hs4.2015-2019.1516,reexports,0E-14,numeric,unspecified,"[[""geostat_trade_export-product-by-4-digit-2015-2026"",""2015-2019-years"",""E120""],[""geostat_trade_domestic-exports-by-4-digit-2014-2026"",""2015-2019-years"",""E34""]]",derived
2017,goods,product,goods.hs4.2015-2019.1806,reexports,404957.3911366829000,numeric,unspecified,"[[""geostat_trade_export-product-by-4-digit-2015-2026"",""2015-2019-years"",""E134""],[""geostat_trade_domestic-exports-by-4-digit-2014-2026"",""2015-2019-years"",""E35""]]",derived
2017,goods,product,goods.hs4.2015-2019.2007,reexports,0E-13,numeric,unspecified,"[[""geostat_trade_export-product-by-4-digit-2015-2026"",""2015-2019-years"",""E146""],[""geostat_trade_domestic-exports-by-4-digit-2014-2026"",""2015-2019-years"",""E36""]]",derived
2017,goods,product,goods.hs4.2015-2019.2008,reexports,31028.6626879678000,numeric,unspecified,"[[""geostat_trade_export-product-by-4-digit-2015-2026"",""2015-2019-years"",""E147""],[""geostat_trade_domestic-exports-by-4-digit-2014-2026"",""2015-2019-years"",""E37""]]",derived
2017,goods,product,goods.hs4.2015-2019.2009,reexports,21489.0799999994000,numeric,unspecified,"[[""geostat_trade_export-product-by-4-digit-2015-2026"",""2015-2019-years"",""E148""],[""geostat_trade_domestic-exports-by-4-digit-2014-2026"",""2015-2019-years"",""E38""]]",derived
2017,goods,product,goods.hs4.2015-2019.2101,reexports,244199.333547400319000,numeric,unspecified,"[[""geostat_trade_export-product-by-4-digit-2015-2026"",""2015-2019-years"",""E149""],[""geostat_trade_domestic-exports-by-4-digit-2014-2026"",""2015-2019-years"",""E39""]]",derived
2017,goods,product,goods.hs4.2015-2019.2103,reexports,24066.64565785059000,numeric,unspecified,"[[""geostat_trade_export-product-by-4-digit-2015-2026"",""2015-2019-years"",""E151""],[""geostat_trade_domestic-exports-by-4-digit-2014-2026"",""2015-2019-years"",""E40""]]",derived
2017,goods,product,goods.hs4.2015-2019.2106,reexports,5353396.32724156021000,numeric,unspecified,"[[""geostat_trade_export-product-by-4-digit-2015-2026"",""2015-2019-years"",""E154""],[""geostat_trade_domestic-exports-by-4-digit-2014-2026"",""2015-2019-years"",""E41""]]",derived
2017,goods,product,goods.hs4.2015-2019.2201,reexports,20256.566812241000,numeric,unspecified,"[[""geostat_trade_export-product-by-4-digit-2015-2026"",""2015-2019-years"",""E155""],[""geostat_trade_domestic-exports-by-4-digit-2014-2026"",""2015-2019-years"",""E42""]]",derived
2017,goods,product,goods.hs4.2015-2019.2202,reexports,922971.743517272000,numeric,unspecified,"[[""geostat_trade_export-product-by-4-digit-2015-2026"",""2015-2019-years"",""E156""],[""geostat_trade_domestic-exports-by-4-digit-2014-2026"",""2015-2019-years"",""E43""]]",derived
2017,goods,product,goods.hs4.2015-2019.2203,reexports,2600554.5170440434000,numeric,unspecified,"[[""geostat_trade_export-product-by-4-digit-2015-2026"",""2015-2019-years"",""E157""],[""geostat_trade_domestic-exports-by-4-digit-2014-2026"",""2015-2019-years"",""E44""]]",derived
2017,goods,product,goods.hs4.2015-2019.2204,reexports,1478242.43666642000,numeric,unspecified,"[[""geostat_trade_export-product-by-4-digit-2015-2026"",""2015-2019-years"",""E158""],[""geostat_trade_domestic-exports-by-4-digit-2014-2026"",""2015-2019-years"",""E45""]]",derived
2017,goods,product,goods.hs4.2015-2019.2208,reexports,66131859.026507433000,numeric,unspecified,"[[""geostat_trade_export-product-by-4-digit-2015-2026"",""2015-2019-years"",""E162""],[""geostat_trade_domestic-exports-by-4-digit-2014-2026"",""2015-2019-years"",""E46""]]",derived
2017,goods,product,goods.hs4.2015-2019.2301,reexports,0E-12,numeric,unspecified,"[[""geostat_trade_export-product-by-4-digit-2015-2026"",""2015-2019-years"",""E164""],[""geostat_trade_domestic-exports-by-4-digit-2014-2026"",""2015-2019-years"",""E47""]]",derived
2017,goods,product,goods.hs4.2015-2019.2309,reexports,0E-14,numeric,unspecified,"[[""geostat_trade_export-product-by-4-digit-2015-2026"",""2015-2019-years"",""E170""],[""geostat_trade_domestic-exports-by-4-digit-2014-2026"",""2015-2019-years"",""E48""]]",derived
2017,goods,product,goods.hs4.2015-2019.2508,reexports,0E-14,numeric,unspecified,"[[""geostat_trade_export-product-by-4-digit-2015-2026"",""2015-2019-years"",""E180""],[""geostat_trade_domestic-exports-by-4-digit-2014-2026"",""2015-2019-years"",""E49""]]",derived
2017,goods,product,goods.hs4.2015-2019.2522,reexports,0E-13,numeric,unspecified,"[[""geostat_trade_export-product-by-4-digit-2015-2026"",""2015-2019-years"",""E192""],[""geostat_trade_domestic-exports-by-4-digit-2014-2026"",""2015-2019-years"",""E50""]]",derived
2017,goods,product,goods.hs4.2015-2019.2602,reexports,0E-13,numeric,unspecified,"[[""geostat_trade_export-product-by-4-digit-2015-2026"",""2015-2019-years"",""E199""],[""geostat_trade_domestic-exports-by-4-digit-2014-2026"",""2015-2019-years"",""E51""]]",derived
2017,goods,product,goods.hs4.2015-2019.2603,reexports,0E-11,numeric,unspecified,"[[""geostat_trade_export-product-by-4-digit-2015-2026"",""2015-2019-years"",""E200""],[""geostat_trade_domestic-exports-by-4-digit-2014-2026"",""2015-2019-years"",""E52""]]",derived
2017,goods,product,goods.hs4.2015-2019.2616,reexports,0E-13,numeric,unspecified,"[[""geostat_trade_export-product-by-4-digit-2015-2026"",""2015-2019-years"",""E205""],[""geostat_trade_domestic-exports-by-4-digit-2014-2026"",""2015-2019-years"",""E53""]]",derived
2017,goods,product,goods.hs4.2015-2019.2710,reexports,26583248.742936699000,numeric,unspecified,"[[""geostat_trade_export-product-by-4-digit-2015-2026"",""2015-2019-years"",""E215""],[""geostat_trade_domestic-exports-by-4-digit-2014-2026"",""2015-2019-years"",""E54""]]",derived
2017,goods,product,goods.hs4.2015-2019.2716,reexports,0E-12,numeric,unspecified,"[[""geostat_trade_export-product-by-4-digit-2015-2026"",""2015-2019-years"",""E220""],[""geostat_trade_domestic-exports-by-4-digit-2014-2026"",""2015-2019-years"",""E55""]]",derived
2017,goods,product,goods.hs4.2015-2019.2820,reexports,32640.0000000003000,numeric,unspecified,"[[""geostat_trade_export-product-by-4-digit-2015-2026"",""2015-2019-years"",""E233""],[""geostat_trade_domestic-exports-by-4-digit-2014-2026"",""2015-2019-years"",""E56""]]",derived
2017,goods,product,goods.hs4.2015-2019.2837,reexports,0.00000,numeric,unspecified,"[[""geostat_trade_export-product-by-4-digit-2015-2026"",""2015-2019-years"",""E246""],[""geostat_trade_domestic-exports-by-4-digit-2014-2026"",""2015-2019-years"",""E57""]]",derived
2017,goods,product,goods.hs4.2015-2019.3004,reexports,125774254.387859368000,numeric,unspecified,"[[""geostat_trade_export-product-by-4-digit-2015-2026"",""2015-2019-years"",""E293""],[""geostat_trade_domestic-exports-by-4-digit-2014-2026"",""2015-2019-years"",""E58""]]",derived
2017,goods,product,goods.hs4.2015-2019.3006,reexports,253518.64639646533000,numeric,unspecified,"[[""geostat_trade_export-product-by-4-digit-2015-2026"",""2015-2019-years"",""E295""],[""geostat_trade_domestic-exports-by-4-digit-2014-2026"",""2015-2019-years"",""E59""]]",derived
2017,goods,product,goods.hs4.2015-2019.3102,reexports,33749.999999985000,numeric,unspecified,"[[""geostat_trade_export-product-by-4-digit-2015-2026"",""2015-2019-years"",""E297""],[""geostat_trade_domestic-exports-by-4-digit-2014-2026"",""2015-2019-years"",""E60""]]",derived
2017,goods,product,goods.hs4.2015-2019.3923,reexports,136133.1716469067000,numeric,unspecified,"[[""geostat_trade_export-product-by-4-digit-2015-2026"",""2015-2019-years"",""E390""],[""geostat_trade_domestic-exports-by-4-digit-2014-2026"",""2015-2019-years"",""E61""]]",derived
2017,goods,product,goods.hs4.2015-2019.3926,reexports,2591317.4958242889000,numeric,unspecified,"[[""geostat_trade_export-product-by-4-digit-2015-2026"",""2015-2019-years"",""E393""],[""geostat_trade_domestic-exports-by-4-digit-2014-2026"",""2015-2019-years"",""E62""]]",derived
2017,goods,product,goods.hs4.2015-2019.4407,reexports,2645488.134422816000,numeric,unspecified,"[[""geostat_trade_export-product-by-4-digit-2015-2026"",""2015-2019-years"",""E430""],[""geostat_trade_domestic-exports-by-4-digit-2014-2026"",""2015-2019-years"",""E63""]]",derived
2017,goods,product,goods.hs4.2015-2019.4410,reexports,36798.0200000002000,numeric,unspecified,"[[""geostat_trade_export-product-by-4-digit-2015-2026"",""2015-2019-years"",""E433""],[""geostat_trade_domestic-exports-by-4-digit-2014-2026"",""2015-2019-years"",""E64""]]",derived
2017,goods,product,goods.hs4.2015-2019.4418,reexports,78560.8100000000000,numeric,unspecified,"[[""geostat_trade_export-product-by-4-digit-2015-2026"",""2015-2019-years"",""E441""],[""geostat_trade_domestic-exports-by-4-digit-2014-2026"",""2015-2019-years"",""E65""]]",derived
2017,goods,product,goods.hs4.2015-2019.4421,reexports,112378.731433102000,numeric,unspecified,"[[""geostat_trade_export-product-by-4-digit-2015-2026"",""2015-2019-years"",""E444""],[""geostat_trade_domestic-exports-by-4-digit-2014-2026"",""2015-2019-years"",""E66""]]",derived
2017,goods,product,goods.hs4.2015-2019.4707,reexports,13875.0000000000000,numeric,unspecified,"[[""geostat_trade_export-product-by-4-digit-2015-2026"",""2015-2019-years"",""E450""],[""geostat_trade_domestic-exports-by-4-digit-2014-2026"",""2015-2019-years"",""E67""]]",derived
2017,goods,product,goods.hs4.2015-2019.4805,reexports,0E-14,numeric,unspecified,"[[""geostat_trade_export-product-by-4-digit-2015-2026"",""2015-2019-years"",""E455""],[""geostat_trade_domestic-exports-by-4-digit-2014-2026"",""2015-2019-years"",""E68""]]",derived
2017,goods,product,goods.hs4.2015-2019.5605,reexports,0E-13,numeric,unspecified,"[[""geostat_trade_export-product-by-4-digit-2015-2026"",""2015-2019-years"",""E519""],[""geostat_trade_domestic-exports-by-4-digit-2014-2026"",""2015-2019-years"",""E69""]]",derived
2017,goods,product,goods.hs4.2015-2019.6102,reexports,4546.774151895533000,numeric,unspecified,"[[""geostat_trade_export-product-by-4-digit-2015-2026"",""2015-2019-years"",""E553""],[""geostat_trade_domestic-exports-by-4-digit-2014-2026"",""2015-2019-years"",""E70""]]",derived
2017,goods,product,goods.hs4.2015-2019.6103,reexports,132261.7432867937000,numeric,unspecified,"[[""geostat_trade_export-product-by-4-digit-2015-2026"",""2015-2019-years"",""E554""],[""geostat_trade_domestic-exports-by-4-digit-2014-2026"",""2015-2019-years"",""E71""]]",derived
2017,goods,product,goods.hs4.2015-2019.6104,reexports,279932.5381639083000,numeric,unspecified,"[[""geostat_trade_export-product-by-4-digit-2015-2026"",""2015-2019-years"",""E555""],[""geostat_trade_domestic-exports-by-4-digit-2014-2026"",""2015-2019-years"",""E72""]]",derived
2017,goods,product,goods.hs4.2015-2019.6109,reexports,954851.595014413000,numeric,unspecified,"[[""geostat_trade_export-product-by-4-digit-2015-2026"",""2015-2019-years"",""E560""],[""geostat_trade_domestic-exports-by-4-digit-2014-2026"",""2015-2019-years"",""E73""]]",derived
2017,goods,product,goods.hs4.2015-2019.6110,reexports,338701.7087031458000,numeric,unspecified,"[[""geostat_trade_export-product-by-4-digit-2015-2026"",""2015-2019-years"",""E561""],[""geostat_trade_domestic-exports-by-4-digit-2014-2026"",""2015-2019-years"",""E74""]]",derived
2017,goods,product,goods.hs4.2015-2019.6201,reexports,274909.7494212073000,numeric,unspecified,"[[""geostat_trade_export-product-by-4-digit-2015-2026"",""2015-2019-years"",""E569""],[""geostat_trade_domestic-exports-by-4-digit-2014-2026"",""2015-2019-years"",""E75""]]",derived
2017,goods,product,goods.hs4.2015-2019.6202,reexports,123186.3558317827000,numeric,unspecified,"[[""geostat_trade_export-product-by-4-digit-2015-2026"",""2015-2019-years"",""E570""],[""geostat_trade_domestic-exports-by-4-digit-2014-2026"",""2015-2019-years"",""E76""]]",derived
2017,goods,product,goods.hs4.2015-2019.6203,reexports,684672.16809663101000,numeric,unspecified,"[[""geostat_trade_export-product-by-4-digit-2015-2026"",""2015-2019-years"",""E571""],[""geostat_trade_domestic-exports-by-4-digit-2014-2026"",""2015-2019-years"",""E77""]]",derived
2017,goods,product,goods.hs4.2015-2019.6204,reexports,858609.1067005272000,numeric,unspecified,"[[""geostat_trade_export-product-by-4-digit-2015-2026"",""2015-2019-years"",""E572""],[""geostat_trade_domestic-exports-by-4-digit-2014-2026"",""2015-2019-years"",""E78""]]",derived
2017,goods,product,goods.hs4.2015-2019.6206,reexports,352566.0436784338000,numeric,unspecified,"[[""geostat_trade_export-product-by-4-digit-2015-2026"",""2015-2019-years"",""E574""],[""geostat_trade_domestic-exports-by-4-digit-2014-2026"",""2015-2019-years"",""E79""]]",derived
2017,goods,product,goods.hs4.2015-2019.6212,reexports,67423.9596289035000,numeric,unspecified,"[[""geostat_trade_export-product-by-4-digit-2015-2026"",""2015-2019-years"",""E580""],[""geostat_trade_domestic-exports-by-4-digit-2014-2026"",""2015-2019-years"",""E80""]]",derived
2017,goods,product,goods.hs4.2015-2019.6305,reexports,13387.02000000000000,numeric,unspecified,"[[""geostat_trade_export-product-by-4-digit-2015-2026"",""2015-2019-years"",""E590""],[""geostat_trade_domestic-exports-by-4-digit-2014-2026"",""2015-2019-years"",""E81""]]",derived
2017,goods,product,goods.hs4.2015-2019.6403,reexports,372327.49877397119000,numeric,unspecified,"[[""geostat_trade_export-product-by-4-digit-2015-2026"",""2015-2019-years"",""E597""],[""geostat_trade_domestic-exports-by-4-digit-2014-2026"",""2015-2019-years"",""E82""]]",derived
2017,goods,product,goods.hs4.2015-2019.6809,reexports,570.2400000000000,numeric,unspecified,"[[""geostat_trade_export-product-by-4-digit-2015-2026"",""2015-2019-years"",""E620""],[""geostat_trade_domestic-exports-by-4-digit-2014-2026"",""2015-2019-years"",""E83""]]",derived
2017,goods,product,goods.hs4.2015-2019.7010,reexports,17196.5702887228000,numeric,unspecified,"[[""geostat_trade_export-product-by-4-digit-2015-2026"",""2015-2019-years"",""E644""],[""geostat_trade_domestic-exports-by-4-digit-2014-2026"",""2015-2019-years"",""E84""]]",derived
2017,goods,product,goods.hs4.2015-2019.7108,reexports,0E-12,numeric,unspecified,"[[""geostat_trade_export-product-by-4-digit-2015-2026"",""2015-2019-years"",""E658""],[""geostat_trade_domestic-exports-by-4-digit-2014-2026"",""2015-2019-years"",""E85""]]",derived
2017,goods,product,goods.hs4.2015-2019.7112,reexports,0E-13,numeric,unspecified,"[[""geostat_trade_export-product-by-4-digit-2015-2026"",""2015-2019-years"",""E660""],[""geostat_trade_domestic-exports-by-4-digit-2014-2026"",""2015-2019-years"",""E86""]]",derived
2017,goods,product,goods.hs4.2015-2019.7115,reexports,0E-13,numeric,unspecified,"[[""geostat_trade_export-product-by-4-digit-2015-2026"",""2015-2019-years"",""E663""],[""geostat_trade_domestic-exports-by-4-digit-2014-2026"",""2015-2019-years"",""E87""]]",derived
2017,goods,product,goods.hs4.2015-2019.7202,reexports,0E-11,numeric,unspecified,"[[""geostat_trade_export-product-by-4-digit-2015-2026"",""2015-2019-years"",""E668""],[""geostat_trade_domestic-exports-by-4-digit-2014-2026"",""2015-2019-years"",""E88""]]",derived
2017,goods,product,goods.hs4.2015-2019.7204,reexports,0E-13,numeric,unspecified,"[[""geostat_trade_export-product-by-4-digit-2015-2026"",""2015-2019-years"",""E670""],[""geostat_trade_domestic-exports-by-4-digit-2014-2026"",""2015-2019-years"",""E89""]]",derived
2017,goods,product,goods.hs4.2015-2019.7207,reexports,0E-12,numeric,unspecified,"[[""geostat_trade_export-product-by-4-digit-2015-2026"",""2015-2019-years"",""E673""],[""geostat_trade_domestic-exports-by-4-digit-2014-2026"",""2015-2019-years"",""E90""]]",derived
2017,goods,product,goods.hs4.2015-2019.7214,reexports,0E-12,numeric,unspecified,"[[""geostat_trade_export-product-by-4-digit-2015-2026"",""2015-2019-years"",""E680""],[""geostat_trade_domestic-exports-by-4-digit-2014-2026"",""2015-2019-years"",""E91""]]",derived
2017,goods,product,goods.hs4.2015-2019.7304,reexports,28813.8631903376000,numeric,unspecified,"[[""geostat_trade_export-product-by-4-digit-2015-2026"",""2015-2019-years"",""E695""],[""geostat_trade_domestic-exports-by-4-digit-2014-2026"",""2015-2019-years"",""E92""]]",derived
2017,goods,product,goods.hs4.2015-2019.7307,reexports,20131.16495745959000,numeric,unspecified,"[[""geostat_trade_export-product-by-4-digit-2015-2026"",""2015-2019-years"",""E698""],[""geostat_trade_domestic-exports-by-4-digit-2014-2026"",""2015-2019-years"",""E93""]]",derived
2017,goods,product,goods.hs4.2015-2019.7326,reexports,549428.0701142007000,numeric,unspecified,"[[""geostat_trade_export-product-by-4-digit-2015-2026"",""2015-2019-years"",""E717""],[""geostat_trade_domestic-exports-by-4-digit-2014-2026"",""2015-2019-years"",""E94""]]",derived
2017,goods,product,goods.hs4.2015-2019.7404,reexports,0E-12,numeric,unspecified,"[[""geostat_trade_export-product-by-4-digit-2015-2026"",""2015-2019-years"",""E719""],[""geostat_trade_domestic-exports-by-4-digit-2014-2026"",""2015-2019-years"",""E95""]]",derived
2017,goods,product,goods.hs4.2015-2019.7601,reexports,0E-12,numeric,unspecified,"[[""geostat_trade_export-product-by-4-digit-2015-2026"",""2015-2019-years"",""E730""],[""geostat_trade_domestic-exports-by-4-digit-2014-2026"",""2015-2019-years"",""E96""]]",derived
2017,goods,product,goods.hs4.2015-2019.7602,reexports,0E-13,numeric,unspecified,"[[""geostat_trade_export-product-by-4-digit-2015-2026"",""2015-2019-years"",""E731""],[""geostat_trade_domestic-exports-by-4-digit-2014-2026"",""2015-2019-years"",""E97""]]",derived
2017,goods,product,goods.hs4.2015-2019.7801,reexports,0E-13,numeric,unspecified,"[[""geostat_trade_export-product-by-4-digit-2015-2026"",""2015-2019-years"",""E747""],[""geostat_trade_domestic-exports-by-4-digit-2014-2026"",""2015-2019-years"",""E98""]]",derived
2017,goods,product,goods.hs4.2015-2019.8516,reexports,1241721.4550128296000,numeric,unspecified,"[[""geostat_trade_export-product-by-4-digit-2015-2026"",""2015-2019-years"",""E888""],[""geostat_trade_domestic-exports-by-4-digit-2014-2026"",""2015-2019-years"",""E99""]]",derived
2017,goods,product,goods.hs4.2015-2019.8544,reexports,136666.1406837727000,numeric,unspecified,"[[""geostat_trade_export-product-by-4-digit-2015-2026"",""2015-2019-years"",""E914""],[""geostat_trade_domestic-exports-by-4-digit-2014-2026"",""2015-2019-years"",""E100""]]",derived
2017,goods,product,goods.hs4.2015-2019.8606,reexports,0,numeric,unspecified,"[[""geostat_trade_export-product-by-4-digit-2015-2026"",""2015-2019-years"",""E924""],[""geostat_trade_domestic-exports-by-4-digit-2014-2026"",""2015-2019-years"",""E101""]]",derived
2017,goods,product,goods.hs4.2015-2019.8607,reexports,43800.0000000000033000,numeric,unspecified,"[[""geostat_trade_export-product-by-4-digit-2015-2026"",""2015-2019-years"",""E925""],[""geostat_trade_domestic-exports-by-4-digit-2014-2026"",""2015-2019-years"",""E102""]]",derived
2017,goods,product,goods.hs4.2015-2019.8803,reexports,642535.99999999994000,numeric,unspecified,"[[""geostat_trade_export-product-by-4-digit-2015-2026"",""2015-2019-years"",""E945""],[""geostat_trade_domestic-exports-by-4-digit-2014-2026"",""2015-2019-years"",""E103""]]",derived
2017,goods,product,goods.hs4.2015-2019.9403,reexports,509354.88498137901000,numeric,unspecified,"[[""geostat_trade_export-product-by-4-digit-2015-2026"",""2015-2019-years"",""E1003""],[""geostat_trade_domestic-exports-by-4-digit-2014-2026"",""2015-2019-years"",""E104""]]",derived
2017,goods,product,goods.hs4.2015-2019.9404,reexports,12306.34576459300000,numeric,unspecified,"[[""geostat_trade_export-product-by-4-digit-2015-2026"",""2015-2019-years"",""E1004""],[""geostat_trade_domestic-exports-by-4-digit-2014-2026"",""2015-2019-years"",""E105""]]",derived
2018,goods,country,partner.1995-2025.004,reexports,11569.919999999997000,numeric,unspecified,"[[""geostat_trade_export-country-1995-2026"",""1995-2025-years"",""Z50""],[""geostat_trade_domestic-export-country-2014-2026"",""2014-2025-years"",""G50""]]",derived
2018,goods,country,partner.1995-2025.008,reexports,290864.82815950944000,numeric,unspecified,"[[""geostat_trade_export-country-1995-2026"",""1995-2025-years"",""Z51""],[""geostat_trade_domestic-export-country-2014-2026"",""2014-2025-years"",""G51""]]",derived
2018,goods,country,partner.1995-2025.012,reexports,0E-15,numeric,unspecified,"[[""geostat_trade_export-country-1995-2026"",""1995-2025-years"",""Z52""],[""geostat_trade_domestic-export-country-2014-2026"",""2014-2025-years"",""G52""]]",derived
2018,goods,country,partner.1995-2025.020,reexports,0,numeric,unspecified,"[[""geostat_trade_export-country-1995-2026"",""1995-2025-years"",""Z53""],[""geostat_trade_domestic-export-country-2014-2026"",""2014-2025-years"",""G53""]]",derived
2018,goods,country,partner.1995-2025.024,reexports,0E-13,numeric,unspecified,"[[""geostat_trade_export-country-1995-2026"",""1995-2025-years"",""Z54""],[""geostat_trade_domestic-export-country-2014-2026"",""2014-2025-years"",""G54""]]",derived
2018,goods,country,partner.1995-2025.028,reexports,0,numeric,unspecified,"[[""geostat_trade_export-country-1995-2026"",""1995-2025-years"",""Z56""],[""geostat_trade_domestic-export-country-2014-2026"",""2014-2025-years"",""G56""]]",derived
2018,goods,country,partner.1995-2025.031,reexports,392091884.41429239000,numeric,unspecified,"[[""geostat_trade_export-country-1995-2026"",""1995-2025-years"",""Z38""],[""geostat_trade_domestic-export-country-2014-2026"",""2014-2025-years"",""G38""]]",derived
2018,goods,country,partner.1995-2025.032,reexports,209813.99999999998007000,numeric,unspecified,"[[""geostat_trade_export-country-1995-2026"",""1995-2025-years"",""Z57""],[""geostat_trade_domestic-export-country-2014-2026"",""2014-2025-years"",""G57""]]",derived
2018,goods,country,partner.1995-2025.036,reexports,411339.64328629672000,numeric,unspecified,"[[""geostat_trade_export-country-1995-2026"",""1995-2025-years"",""Z58""],[""geostat_trade_domestic-export-country-2014-2026"",""2014-2025-years"",""G58""]]",derived
2018,goods,country,partner.1995-2025.040,reexports,202222.9448947037000,numeric,unspecified,"[[""geostat_trade_export-country-1995-2026"",""1995-2025-years"",""Z8""],[""geostat_trade_domestic-export-country-2014-2026"",""2014-2025-years"",""G8""]]",derived
2018,goods,country,partner.1995-2025.044,reexports,0,numeric,unspecified,"[[""geostat_trade_export-country-1995-2026"",""1995-2025-years"",""Z59""],[""geostat_trade_domestic-export-country-2014-2026"",""2014-2025-years"",""G59""]]",derived
2018,goods,country,partner.1995-2025.048,reexports,0E-14,numeric,unspecified,"[[""geostat_trade_export-country-1995-2026"",""1995-2025-years"",""Z60""],[""geostat_trade_domestic-export-country-2014-2026"",""2014-2025-years"",""G60""]]",derived
2018,goods,country,partner.1995-2025.050,reexports,320000.000000000005000,numeric,unspecified,"[[""geostat_trade_export-country-1995-2026"",""1995-2025-years"",""Z61""],[""geostat_trade_domestic-export-country-2014-2026"",""2014-2025-years"",""G61""]]",derived
2018,goods,country,partner.1995-2025.051,reexports,210512543.927375348000,numeric,unspecified,"[[""geostat_trade_export-country-1995-2026"",""1995-2025-years"",""Z37""],[""geostat_trade_domestic-export-country-2014-2026"",""2014-2025-years"",""G37""]]",derived
2018,goods,country,partner.1995-2025.052,reexports,0,numeric,unspecified,"[[""geostat_trade_export-country-1995-2026"",""1995-2025-years"",""Z62""],[""geostat_trade_domestic-export-country-2014-2026"",""2014-2025-years"",""G62""]]",derived
2018,goods,country,partner.1995-2025.056,reexports,16067047.1785247487000,numeric,unspecified,"[[""geostat_trade_export-country-1995-2026"",""1995-2025-years"",""Z9""],[""geostat_trade_domestic-export-country-2014-2026"",""2014-2025-years"",""G9""]]",derived
2018,goods,country,partner.1995-2025.064,reexports,0,numeric,unspecified,"[[""geostat_trade_export-country-1995-2026"",""1995-2025-years"",""Z65""],[""geostat_trade_domestic-export-country-2014-2026"",""2014-2025-years"",""G65""]]",derived
2018,goods,country,partner.1995-2025.068,reexports,0,numeric,unspecified,"[[""geostat_trade_export-country-1995-2026"",""1995-2025-years"",""Z66""],[""geostat_trade_domestic-export-country-2014-2026"",""2014-2025-years"",""G66""]]",derived
2018,goods,country,partner.1995-2025.070,reexports,0,numeric,unspecified,"[[""geostat_trade_export-country-1995-2026"",""1995-2025-years"",""Z67""],[""geostat_trade_domestic-export-country-2014-2026"",""2014-2025-years"",""G67""]]",derived
2018,goods,country,partner.1995-2025.072,reexports,0,numeric,unspecified,"[[""geostat_trade_export-country-1995-2026"",""1995-2025-years"",""Z68""],[""geostat_trade_domestic-export-country-2014-2026"",""2014-2025-years"",""G68""]]",derived
2018,goods,country,partner.1995-2025.076,reexports,273870.00000000001000,numeric,unspecified,"[[""geostat_trade_export-country-1995-2026"",""1995-2025-years"",""Z69""],[""geostat_trade_domestic-export-country-2014-2026"",""2014-2025-years"",""G69""]]",derived
2018,goods,country,partner.1995-2025.084,reexports,22413.17910149749000,numeric,unspecified,"[[""geostat_trade_export-country-1995-2026"",""1995-2025-years"",""Z63""],[""geostat_trade_domestic-export-country-2014-2026"",""2014-2025-years"",""G63""]]",derived
2018,goods,country,partner.1995-2025.092,reexports,0,numeric,unspecified,"[[""geostat_trade_export-country-1995-2026"",""1995-2025-years"",""Z194""],[""geostat_trade_domestic-export-country-2014-2026"",""2014-2025-years"",""G193""]]",derived
2018,goods,country,partner.1995-2025.100,reexports,1142153.64065979000,numeric,unspecified,"[[""geostat_trade_export-country-1995-2026"",""1995-2025-years"",""Z10""],[""geostat_trade_domestic-export-country-2014-2026"",""2014-2025-years"",""G10""]]",derived
2018,goods,country,partner.1995-2025.104,reexports,0,numeric,unspecified,"[[""geostat_trade_export-country-1995-2026"",""1995-2025-years"",""Z143""],[""geostat_trade_domestic-export-country-2014-2026"",""2014-2025-years"",""G143""]]",derived
2018,goods,country,partner.1995-2025.108,reexports,0,numeric,unspecified,"[[""geostat_trade_export-country-1995-2026"",""1995-2025-years"",""Z71""],[""geostat_trade_domestic-export-country-2014-2026"",""2014-2025-years"",""G71""]]",derived
2018,goods,country,partner.1995-2025.112,reexports,8769766.584170185000,numeric,unspecified,"[[""geostat_trade_export-country-1995-2026"",""1995-2025-years"",""Z39""],[""geostat_trade_domestic-export-country-2014-2026"",""2014-2025-years"",""G39""]]",derived
2018,goods,country,partner.1995-2025.116,reexports,0,numeric,unspecified,"[[""geostat_trade_export-country-1995-2026"",""1995-2025-years"",""Z72""],[""geostat_trade_domestic-export-country-2014-2026"",""2014-2025-years"",""G72""]]",derived
2018,goods,country,partner.1995-2025.120,reexports,0,numeric,unspecified,"[[""geostat_trade_export-country-1995-2026"",""1995-2025-years"",""Z73""],[""geostat_trade_domestic-export-country-2014-2026"",""2014-2025-years"",""G73""]]",derived
2018,goods,country,partner.1995-2025.124,reexports,6842009.4397938142000,numeric,unspecified,"[[""geostat_trade_export-country-1995-2026"",""1995-2025-years"",""Z74""],[""geostat_trade_domestic-export-country-2014-2026"",""2014-2025-years"",""G74""]]",derived
2018,goods,country,partner.1995-2025.136,reexports,0,numeric,unspecified,"[[""geostat_trade_export-country-1995-2026"",""1995-2025-years"",""Z75""],[""geostat_trade_domestic-export-country-2014-2026"",""2014-2025-years"",""G75""]]",derived
2018,goods,country,partner.1995-2025.140,reexports,0E-16,numeric,unspecified,"[[""geostat_trade_export-country-1995-2026"",""1995-2025-years"",""Z76""],[""geostat_trade_domestic-export-country-2014-2026"",""2014-2025-years"",""G76""]]",derived
2018,goods,country,partner.1995-2025.144,reexports,0E-15,numeric,unspecified,"[[""geostat_trade_export-country-1995-2026"",""1995-2025-years"",""Z173""],[""geostat_trade_domestic-export-country-2014-2026"",""2014-2025-years"",""G173""]]",derived
2018,goods,country,partner.1995-2025.148,reexports,0E-17,numeric,unspecified,"[[""geostat_trade_export-country-1995-2026"",""1995-2025-years"",""Z77""],[""geostat_trade_domestic-export-country-2014-2026"",""2014-2025-years"",""G77""]]",derived
2018,goods,country,partner.1995-2025.152,reexports,297989.9999999998000,numeric,unspecified,"[[""geostat_trade_export-country-1995-2026"",""1995-2025-years"",""Z78""],[""geostat_trade_domestic-export-country-2014-2026"",""2014-2025-years"",""G78""]]",derived
2018,goods,country,partner.1995-2025.156,reexports,15573435.17597928000,numeric,unspecified,"[[""geostat_trade_export-country-1995-2026"",""1995-2025-years"",""Z79""],[""geostat_trade_domestic-export-country-2014-2026"",""2014-2025-years"",""G79""]]",derived
2018,goods,country,partner.1995-2025.158,reexports,85485.9999999999000,numeric,unspecified,"[[""geostat_trade_export-country-1995-2026"",""1995-2025-years"",""Z179""],[""geostat_trade_domestic-export-country-2014-2026"",""2014-2025-years"",""G178""]]",derived
2018,goods,country,partner.1995-2025.170,reexports,337825.1253591789000,numeric,unspecified,"[[""geostat_trade_export-country-1995-2026"",""1995-2025-years"",""Z80""],[""geostat_trade_domestic-export-country-2014-2026"",""2014-2025-years"",""G80""]]",derived
2018,goods,country,partner.1995-2025.178,reexports,7394.7225033081656000,numeric,unspecified,"[[""geostat_trade_export-country-1995-2026"",""1995-2025-years"",""Z81""],[""geostat_trade_domestic-export-country-2014-2026"",""2014-2025-years"",""G81""]]",derived
2018,goods,country,partner.1995-2025.180,reexports,0,numeric,unspecified,"[[""geostat_trade_export-country-1995-2026"",""1995-2025-years"",""Z82""],[""geostat_trade_domestic-export-country-2014-2026"",""2014-2025-years"",""G82""]]",derived
2018,goods,country,partner.1995-2025.188,reexports,0.00,numeric,unspecified,"[[""geostat_trade_export-country-1995-2026"",""1995-2025-years"",""Z83""],[""geostat_trade_domestic-export-country-2014-2026"",""2014-2025-years"",""G83""]]",derived
2018,goods,country,partner.1995-2025.191,reexports,4784.3456761484000,numeric,unspecified,"[[""geostat_trade_export-country-1995-2026"",""1995-2025-years"",""Z11""],[""geostat_trade_domestic-export-country-2014-2026"",""2014-2025-years"",""G11""]]",derived
2018,goods,country,partner.1995-2025.192,reexports,0E-14,numeric,unspecified,"[[""geostat_trade_export-country-1995-2026"",""1995-2025-years"",""Z85""],[""geostat_trade_domestic-export-country-2014-2026"",""2014-2025-years"",""G85""]]",derived
2018,goods,country,partner.1995-2025.196,reexports,395091.7823098643000,numeric,unspecified,"[[""geostat_trade_export-country-1995-2026"",""1995-2025-years"",""Z12""],[""geostat_trade_domestic-export-country-2014-2026"",""2014-2025-years"",""G12""]]",derived
2018,goods,country,partner.1995-2025.203,reexports,1980457.4941006476000,numeric,unspecified,"[[""geostat_trade_export-country-1995-2026"",""1995-2025-years"",""Z13""],[""geostat_trade_domestic-export-country-2014-2026"",""2014-2025-years"",""G13""]]",derived
2018,goods,country,partner.1995-2025.204,reexports,0,numeric,unspecified,"[[""geostat_trade_export-country-1995-2026"",""1995-2025-years"",""Z64""],[""geostat_trade_domestic-export-country-2014-2026"",""2014-2025-years"",""G64""]]",derived
2018,goods,country,partner.1995-2025.208,reexports,23055.7483701885000,numeric,unspecified,"[[""geostat_trade_export-country-1995-2026"",""1995-2025-years"",""Z14""],[""geostat_trade_domestic-export-country-2014-2026"",""2014-2025-years"",""G14""]]",derived
2018,goods,country,partner.1995-2025.212,reexports,0,numeric,unspecified,"[[""geostat_trade_export-country-1995-2026"",""1995-2025-years"",""Z87""],[""geostat_trade_domestic-export-country-2014-2026"",""2014-2025-years"",""G87""]]",derived
2018,goods,country,partner.1995-2025.214,reexports,0,numeric,unspecified,"[[""geostat_trade_export-country-1995-2026"",""1995-2025-years"",""Z88""],[""geostat_trade_domestic-export-country-2014-2026"",""2014-2025-years"",""G88""]]",derived
2018,goods,country,partner.1995-2025.218,reexports,0,numeric,unspecified,"[[""geostat_trade_export-country-1995-2026"",""1995-2025-years"",""Z89""],[""geostat_trade_domestic-export-country-2014-2026"",""2014-2025-years"",""G89""]]",derived
2018,goods,country,partner.1995-2025.222,reexports,0,numeric,unspecified,"[[""geostat_trade_export-country-1995-2026"",""1995-2025-years"",""Z91""],[""geostat_trade_domestic-export-country-2014-2026"",""2014-2025-years"",""G91""]]",derived
2018,goods,country,partner.1995-2025.226,reexports,0,numeric,unspecified,"[[""geostat_trade_export-country-1995-2026"",""1995-2025-years"",""Z92""],[""geostat_trade_domestic-export-country-2014-2026"",""2014-2025-years"",""G92""]]",derived
2018,goods,country,partner.1995-2025.231,reexports,0,numeric,unspecified,"[[""geostat_trade_export-country-1995-2026"",""1995-2025-years"",""Z93""],[""geostat_trade_domestic-export-country-2014-2026"",""2014-2025-years"",""G93""]]",derived
2018,goods,country,partner.1995-2025.233,reexports,2264421.6146969130000,numeric,unspecified,"[[""geostat_trade_export-country-1995-2026"",""1995-2025-years"",""Z15""],[""geostat_trade_domestic-export-country-2014-2026"",""2014-2025-years"",""G15""]]",derived
2018,goods,country,partner.1995-2025.242,reexports,0,numeric,unspecified,"[[""geostat_trade_export-country-1995-2026"",""1995-2025-years"",""Z94""],[""geostat_trade_domestic-export-country-2014-2026"",""2014-2025-years"",""G94""]]",derived
2018,goods,country,partner.1995-2025.246,reexports,70804.463203644089000,numeric,unspecified,"[[""geostat_trade_export-country-1995-2026"",""1995-2025-years"",""Z16""],[""geostat_trade_domestic-export-country-2014-2026"",""2014-2025-years"",""G16""]]",derived
2018,goods,country,partner.1995-2025.250,reexports,19618966.471907446000,numeric,unspecified,"[[""geostat_trade_export-country-1995-2026"",""1995-2025-years"",""Z17""],[""geostat_trade_domestic-export-country-2014-2026"",""2014-2025-years"",""G17""]]",derived
2018,goods,country,partner.1995-2025.258,reexports,0,numeric,unspecified,"[[""geostat_trade_export-country-1995-2026"",""1995-2025-years"",""Z95""],[""geostat_trade_domestic-export-country-2014-2026"",""2014-2025-years"",""G95""]]",derived
2018,goods,country,partner.1995-2025.262,reexports,0,numeric,unspecified,"[[""geostat_trade_export-country-1995-2026"",""1995-2025-years"",""Z86""],[""geostat_trade_domestic-export-country-2014-2026"",""2014-2025-years"",""G86""]]",derived
2018,goods,country,partner.1995-2025.266,reexports,0,numeric,unspecified,"[[""geostat_trade_export-country-1995-2026"",""1995-2025-years"",""Z96""],[""geostat_trade_domestic-export-country-2014-2026"",""2014-2025-years"",""G96""]]",derived
2018,goods,country,partner.1995-2025.270,reexports,6719.639083075922000,numeric,unspecified,"[[""geostat_trade_export-country-1995-2026"",""1995-2025-years"",""Z97""],[""geostat_trade_domestic-export-country-2014-2026"",""2014-2025-years"",""G97""]]",derived
2018,goods,country,partner.1995-2025.275,reexports,0,numeric,unspecified,"[[""geostat_trade_export-country-1995-2026"",""1995-2025-years"",""Z174""],[""geostat_trade_domestic-export-country-2014-2026"",""2014-2025-years"",""G153""]]",derived
2018,goods,country,partner.1995-2025.276,reexports,7270233.586133691000,numeric,unspecified,"[[""geostat_trade_export-country-1995-2026"",""1995-2025-years"",""Z18""],[""geostat_trade_domestic-export-country-2014-2026"",""2014-2025-years"",""G18""]]",derived
2018,goods,country,partner.1995-2025.288,reexports,20516.593391835464000,numeric,unspecified,"[[""geostat_trade_export-country-1995-2026"",""1995-2025-years"",""Z98""],[""geostat_trade_domestic-export-country-2014-2026"",""2014-2025-years"",""G98""]]",derived
2018,goods,country,partner.1995-2025.292,reexports,1248.5349413976559000,numeric,unspecified,"[[""geostat_trade_export-country-1995-2026"",""1995-2025-years"",""Z99""],[""geostat_trade_domestic-export-country-2014-2026"",""2014-2025-years"",""G99""]]",derived
2018,goods,country,partner.1995-2025.300,reexports,986230.0775408093000,numeric,unspecified,"[[""geostat_trade_export-country-1995-2026"",""1995-2025-years"",""Z19""],[""geostat_trade_domestic-export-country-2014-2026"",""2014-2025-years"",""G19""]]",derived
2018,goods,country,partner.1995-2025.312,reexports,0,numeric,unspecified,"[[""geostat_trade_export-country-1995-2026"",""1995-2025-years"",""Z100""],[""geostat_trade_domestic-export-country-2014-2026"",""2014-2025-years"",""G100""]]",derived
2018,goods,country,partner.1995-2025.320,reexports,0E-13,numeric,unspecified,"[[""geostat_trade_export-country-1995-2026"",""1995-2025-years"",""Z101""],[""geostat_trade_domestic-export-country-2014-2026"",""2014-2025-years"",""G101""]]",derived
2018,goods,country,partner.1995-2025.324,reexports,0,numeric,unspecified,"[[""geostat_trade_export-country-1995-2026"",""1995-2025-years"",""Z103""],[""geostat_trade_domestic-export-country-2014-2026"",""2014-2025-years"",""G102""]]",derived
2018,goods,country,partner.1995-2025.332,reexports,32663.95000,numeric,unspecified,"[[""geostat_trade_export-country-1995-2026"",""1995-2025-years"",""Z105""],[""geostat_trade_domestic-export-country-2014-2026"",""2014-2025-years"",""G104""]]",derived
2018,goods,country,partner.1995-2025.336,reexports,0,numeric,unspecified,"[[""geostat_trade_export-country-1995-2026"",""1995-2025-years"",""Z106""],[""geostat_trade_domestic-export-country-2014-2026"",""2014-2025-years"",""G105""]]",derived
2018,goods,country,partner.1995-2025.340,reexports,0E-13,numeric,unspecified,"[[""geostat_trade_export-country-1995-2026"",""1995-2025-years"",""Z107""],[""geostat_trade_domestic-export-country-2014-2026"",""2014-2025-years"",""G106""]]",derived
2018,goods,country,partner.1995-2025.344,reexports,4915304.00580293689000,numeric,unspecified,"[[""geostat_trade_export-country-1995-2026"",""1995-2025-years"",""Z108""],[""geostat_trade_domestic-export-country-2014-2026"",""2014-2025-years"",""G107""]]",derived
2018,goods,country,partner.1995-2025.348,reexports,250254.63805628767000,numeric,unspecified,"[[""geostat_trade_export-country-1995-2026"",""1995-2025-years"",""Z20""],[""geostat_trade_domestic-export-country-2014-2026"",""2014-2025-years"",""G20""]]",derived
2018,goods,country,partner.1995-2025.352,reexports,139730.29999999999991000,numeric,unspecified,"[[""geostat_trade_export-country-1995-2026"",""1995-2025-years"",""Z109""],[""geostat_trade_domestic-export-country-2014-2026"",""2014-2025-years"",""G108""]]",derived
2018,goods,country,partner.1995-2025.356,reexports,503186.6787679810000,numeric,unspecified,"[[""geostat_trade_export-country-1995-2026"",""1995-2025-years"",""Z110""],[""geostat_trade_domestic-export-country-2014-2026"",""2014-2025-years"",""G109""]]",derived
2018,goods,country,partner.1995-2025.360,reexports,0E-14,numeric,unspecified,"[[""geostat_trade_export-country-1995-2026"",""1995-2025-years"",""Z111""],[""geostat_trade_domestic-export-country-2014-2026"",""2014-2025-years"",""G110""]]",derived
2018,goods,country,partner.1995-2025.364,reexports,24135499.795342781000,numeric,unspecified,"[[""geostat_trade_export-country-1995-2026"",""1995-2025-years"",""Z112""],[""geostat_trade_domestic-export-country-2014-2026"",""2014-2025-years"",""G111""]]",derived
2018,goods,country,partner.1995-2025.368,reexports,3678601.629288470000,numeric,unspecified,"[[""geostat_trade_export-country-1995-2026"",""1995-2025-years"",""Z113""],[""geostat_trade_domestic-export-country-2014-2026"",""2014-2025-years"",""G112""]]",derived
2018,goods,country,partner.1995-2025.372,reexports,146814.62689672037000,numeric,unspecified,"[[""geostat_trade_export-country-1995-2026"",""1995-2025-years"",""Z21""],[""geostat_trade_domestic-export-country-2014-2026"",""2014-2025-years"",""G21""]]",derived
2018,goods,country,partner.1995-2025.376,reexports,4418793.4203216837000,numeric,unspecified,"[[""geostat_trade_export-country-1995-2026"",""1995-2025-years"",""Z114""],[""geostat_trade_domestic-export-country-2014-2026"",""2014-2025-years"",""G113""]]",derived
2018,goods,country,partner.1995-2025.380,reexports,1368700.209963936000,numeric,unspecified,"[[""geostat_trade_export-country-1995-2026"",""1995-2025-years"",""Z22""],[""geostat_trade_domestic-export-country-2014-2026"",""2014-2025-years"",""G22""]]",derived
2018,goods,country,partner.1995-2025.384,reexports,0E-17,numeric,unspecified,"[[""geostat_trade_export-country-1995-2026"",""1995-2025-years"",""Z84""],[""geostat_trade_domestic-export-country-2014-2026"",""2014-2025-years"",""G84""]]",derived
2018,goods,country,partner.1995-2025.388,reexports,0,numeric,unspecified,"[[""geostat_trade_export-country-1995-2026"",""1995-2025-years"",""Z115""],[""geostat_trade_domestic-export-country-2014-2026"",""2014-2025-years"",""G114""]]",derived
2018,goods,country,partner.1995-2025.392,reexports,72687.179791088000,numeric,unspecified,"[[""geostat_trade_export-country-1995-2026"",""1995-2025-years"",""Z116""],[""geostat_trade_domestic-export-country-2014-2026"",""2014-2025-years"",""G115""]]",derived
2018,goods,country,partner.1995-2025.398,reexports,53792561.336603598000,numeric,unspecified,"[[""geostat_trade_export-country-1995-2026"",""1995-2025-years"",""Z40""],[""geostat_trade_domestic-export-country-2014-2026"",""2014-2025-years"",""G40""]]",derived
2018,goods,country,partner.1995-2025.400,reexports,27002.85428917185000,numeric,unspecified,"[[""geostat_trade_export-country-1995-2026"",""1995-2025-years"",""Z117""],[""geostat_trade_domestic-export-country-2014-2026"",""2014-2025-years"",""G116""]]",derived
2018,goods,country,partner.1995-2025.404,reexports,29801.59999999995000,numeric,unspecified,"[[""geostat_trade_export-country-1995-2026"",""1995-2025-years"",""Z118""],[""geostat_trade_domestic-export-country-2014-2026"",""2014-2025-years"",""G117""]]",derived
2018,goods,country,partner.1995-2025.408,reexports,0,numeric,unspecified,"[[""geostat_trade_export-country-1995-2026"",""1995-2025-years"",""Z119""],[""geostat_trade_domestic-export-country-2014-2026"",""2014-2025-years"",""G119""]]",derived
2018,goods,country,partner.1995-2025.410,reexports,473629.015332136000,numeric,unspecified,"[[""geostat_trade_export-country-1995-2026"",""1995-2025-years"",""Z120""],[""geostat_trade_domestic-export-country-2014-2026"",""2014-2025-years"",""G118""]]",derived
2018,goods,country,partner.1995-2025.414,reexports,0E-13,numeric,unspecified,"[[""geostat_trade_export-country-1995-2026"",""1995-2025-years"",""Z121""],[""geostat_trade_domestic-export-country-2014-2026"",""2014-2025-years"",""G120""]]",derived
2018,goods,country,partner.1995-2025.417,reexports,26674372.4790931064000,numeric,unspecified,"[[""geostat_trade_export-country-1995-2026"",""1995-2025-years"",""Z41""],[""geostat_trade_domestic-export-country-2014-2026"",""2014-2025-years"",""G41""]]",derived
2018,goods,country,partner.1995-2025.418,reexports,0,numeric,unspecified,"[[""geostat_trade_export-country-1995-2026"",""1995-2025-years"",""Z122""],[""geostat_trade_domestic-export-country-2014-2026"",""2014-2025-years"",""G125""]]",derived
2018,goods,country,partner.1995-2025.422,reexports,269334.7254367550000,numeric,unspecified,"[[""geostat_trade_export-country-1995-2026"",""1995-2025-years"",""Z123""],[""geostat_trade_domestic-export-country-2014-2026"",""2014-2025-years"",""G121""]]",derived
2018,goods,country,partner.1995-2025.428,reexports,2751301.3364670653000,numeric,unspecified,"[[""geostat_trade_export-country-1995-2026"",""1995-2025-years"",""Z23""],[""geostat_trade_domestic-export-country-2014-2026"",""2014-2025-years"",""G23""]]",derived
2018,goods,country,partner.1995-2025.430,reexports,0E-15,numeric,unspecified,"[[""geostat_trade_export-country-1995-2026"",""1995-2025-years"",""Z124""],[""geostat_trade_domestic-export-country-2014-2026"",""2014-2025-years"",""G122""]]",derived
2018,goods,country,partner.1995-2025.434,reexports,62213.80999999996000,numeric,unspecified,"[[""geostat_trade_export-country-1995-2026"",""1995-2025-years"",""Z125""],[""geostat_trade_domestic-export-country-2014-2026"",""2014-2025-years"",""G123""]]",derived
2018,goods,country,partner.1995-2025.438,reexports,0,numeric,unspecified,"[[""geostat_trade_export-country-1995-2026"",""1995-2025-years"",""Z126""],[""geostat_trade_domestic-export-country-2014-2026"",""2014-2025-years"",""G124""]]",derived
2018,goods,country,partner.1995-2025.440,reexports,2966499.431309945000,numeric,unspecified,"[[""geostat_trade_export-country-1995-2026"",""1995-2025-years"",""Z24""],[""geostat_trade_domestic-export-country-2014-2026"",""2014-2025-years"",""G24""]]",derived
2018,goods,country,partner.1995-2025.442,reexports,0E-15,numeric,unspecified,"[[""geostat_trade_export-country-1995-2026"",""1995-2025-years"",""Z25""],[""geostat_trade_domestic-export-country-2014-2026"",""2014-2025-years"",""G25""]]",derived
2018,goods,country,partner.1995-2025.446,reexports,0E-16,numeric,unspecified,"[[""geostat_trade_export-country-1995-2026"",""1995-2025-years"",""Z127""],[""geostat_trade_domestic-export-country-2014-2026"",""2014-2025-years"",""G128""]]",derived
2018,goods,country,partner.1995-2025.450,reexports,0,numeric,unspecified,"[[""geostat_trade_export-country-1995-2026"",""1995-2025-years"",""Z128""],[""geostat_trade_domestic-export-country-2014-2026"",""2014-2025-years"",""G127""]]",derived
2018,goods,country,partner.1995-2025.454,reexports,0E-13,numeric,unspecified,"[[""geostat_trade_export-country-1995-2026"",""1995-2025-years"",""Z129""],[""geostat_trade_domestic-export-country-2014-2026"",""2014-2025-years"",""G129""]]",derived
2018,goods,country,partner.1995-2025.458,reexports,647487.30999999989000,numeric,unspecified,"[[""geostat_trade_export-country-1995-2026"",""1995-2025-years"",""Z130""],[""geostat_trade_domestic-export-country-2014-2026"",""2014-2025-years"",""G130""]]",derived
2018,goods,country,partner.1995-2025.462,reexports,134590.00,numeric,unspecified,"[[""geostat_trade_export-country-1995-2026"",""1995-2025-years"",""Z131""],[""geostat_trade_domestic-export-country-2014-2026"",""2014-2025-years"",""G131""]]",derived
2018,goods,country,partner.1995-2025.466,reexports,9918.270699663907000,numeric,unspecified,"[[""geostat_trade_export-country-1995-2026"",""1995-2025-years"",""Z132""],[""geostat_trade_domestic-export-country-2014-2026"",""2014-2025-years"",""G132""]]",derived
2018,goods,country,partner.1995-2025.470,reexports,2031745.901550446000,numeric,unspecified,"[[""geostat_trade_export-country-1995-2026"",""1995-2025-years"",""Z26""],[""geostat_trade_domestic-export-country-2014-2026"",""2014-2025-years"",""G26""]]",derived
2018,goods,country,partner.1995-2025.474,reexports,0E-15,numeric,unspecified,"[[""geostat_trade_export-country-1995-2026"",""1995-2025-years"",""Z134""],[""geostat_trade_domestic-export-country-2014-2026"",""2014-2025-years"",""G134""]]",derived
2018,goods,country,partner.1995-2025.478,reexports,0,numeric,unspecified,"[[""geostat_trade_export-country-1995-2026"",""1995-2025-years"",""Z135""],[""geostat_trade_domestic-export-country-2014-2026"",""2014-2025-years"",""G135""]]",derived
2018,goods,country,partner.1995-2025.480,reexports,0,numeric,unspecified,"[[""geostat_trade_export-country-1995-2026"",""1995-2025-years"",""Z136""],[""geostat_trade_domestic-export-country-2014-2026"",""2014-2025-years"",""G136""]]",derived
2018,goods,country,partner.1995-2025.484,reexports,88000.00000000000000,numeric,unspecified,"[[""geostat_trade_export-country-1995-2026"",""1995-2025-years"",""Z137""],[""geostat_trade_domestic-export-country-2014-2026"",""2014-2025-years"",""G137""]]",derived
2018,goods,country,partner.1995-2025.492,reexports,0.00,numeric,unspecified,"[[""geostat_trade_export-country-1995-2026"",""1995-2025-years"",""Z138""],[""geostat_trade_domestic-export-country-2014-2026"",""2014-2025-years"",""G138""]]",derived
2018,goods,country,partner.1995-2025.496,reexports,624969.4733290475000,numeric,unspecified,"[[""geostat_trade_export-country-1995-2026"",""1995-2025-years"",""Z139""],[""geostat_trade_domestic-export-country-2014-2026"",""2014-2025-years"",""G139""]]",derived
2018,goods,country,partner.1995-2025.498,reexports,1698781.3838456353000,numeric,unspecified,"[[""geostat_trade_export-country-1995-2026"",""1995-2025-years"",""Z42""],[""geostat_trade_domestic-export-country-2014-2026"",""2014-2025-years"",""G42""]]",derived
2018,goods,country,partner.1995-2025.499,reexports,0.0,numeric,unspecified,"[[""geostat_trade_export-country-1995-2026"",""1995-2025-years"",""Z140""],[""geostat_trade_domestic-export-country-2014-2026"",""2014-2025-years"",""G140""]]",derived
2018,goods,country,partner.1995-2025.504,reexports,39108.9999999999000,numeric,unspecified,"[[""geostat_trade_export-country-1995-2026"",""1995-2025-years"",""Z141""],[""geostat_trade_domestic-export-country-2014-2026"",""2014-2025-years"",""G141""]]",derived
2018,goods,country,partner.1995-2025.508,reexports,0,numeric,unspecified,"[[""geostat_trade_export-country-1995-2026"",""1995-2025-years"",""Z142""],[""geostat_trade_domestic-export-country-2014-2026"",""2014-2025-years"",""G142""]]",derived
2018,goods,country,partner.1995-2025.512,reexports,0E-15,numeric,unspecified,"[[""geostat_trade_export-country-1995-2026"",""1995-2025-years"",""Z152""],[""geostat_trade_domestic-export-country-2014-2026"",""2014-2025-years"",""G151""]]",derived
2018,goods,country,partner.1995-2025.516,reexports,0,numeric,unspecified,"[[""geostat_trade_export-country-1995-2026"",""1995-2025-years"",""Z144""],[""geostat_trade_domestic-export-country-2014-2026"",""2014-2025-years"",""G144""]]",derived
2018,goods,country,partner.1995-2025.524,reexports,0,numeric,unspecified,"[[""geostat_trade_export-country-1995-2026"",""1995-2025-years"",""Z145""],[""geostat_trade_domestic-export-country-2014-2026"",""2014-2025-years"",""G145""]]",derived
2018,goods,country,partner.1995-2025.528,reexports,27107136.128824969000,numeric,unspecified,"[[""geostat_trade_export-country-1995-2026"",""1995-2025-years"",""Z27""],[""geostat_trade_domestic-export-country-2014-2026"",""2014-2025-years"",""G27""]]",derived
2018,goods,country,partner.1995-2025.534,reexports,0,numeric,unspecified,"[[""geostat_trade_export-country-1995-2026"",""1995-2025-years"",""Z170""],[""geostat_trade_domestic-export-country-2014-2026"",""2014-2025-years"",""G170""]]",derived
2018,goods,country,partner.1995-2025.554,reexports,0,numeric,unspecified,"[[""geostat_trade_export-country-1995-2026"",""1995-2025-years"",""Z146""],[""geostat_trade_domestic-export-country-2014-2026"",""2014-2025-years"",""G146""]]",derived
2018,goods,country,partner.1995-2025.558,reexports,0,numeric,unspecified,"[[""geostat_trade_export-country-1995-2026"",""1995-2025-years"",""Z147""],[""geostat_trade_domestic-export-country-2014-2026"",""2014-2025-years"",""G147""]]",derived
2018,goods,country,partner.1995-2025.562,reexports,0E-15,numeric,unspecified,"[[""geostat_trade_export-country-1995-2026"",""1995-2025-years"",""Z148""],[""geostat_trade_domestic-export-country-2014-2026"",""2014-2025-years"",""G148""]]",derived
2018,goods,country,partner.1995-2025.566,reexports,110247.035310474101000,numeric,unspecified,"[[""geostat_trade_export-country-1995-2026"",""1995-2025-years"",""Z149""],[""geostat_trade_domestic-export-country-2014-2026"",""2014-2025-years"",""G149""]]",derived
2018,goods,country,partner.1995-2025.578,reexports,21321.90604845954000,numeric,unspecified,"[[""geostat_trade_export-country-1995-2026"",""1995-2025-years"",""Z151""],[""geostat_trade_domestic-export-country-2014-2026"",""2014-2025-years"",""G150""]]",derived
2018,goods,country,partner.1995-2025.584,reexports,0,numeric,unspecified,"[[""geostat_trade_export-country-1995-2026"",""1995-2025-years"",""Z133""],[""geostat_trade_domestic-export-country-2014-2026"",""2014-2025-years"",""G133""]]",derived
2018,goods,country,partner.1995-2025.586,reexports,108687.578446077722000,numeric,unspecified,"[[""geostat_trade_export-country-1995-2026"",""1995-2025-years"",""Z153""],[""geostat_trade_domestic-export-country-2014-2026"",""2014-2025-years"",""G152""]]",derived
2018,goods,country,partner.1995-2025.591,reexports,2500612.030913662301000,numeric,unspecified,"[[""geostat_trade_export-country-1995-2026"",""1995-2025-years"",""Z154""],[""geostat_trade_domestic-export-country-2014-2026"",""2014-2025-years"",""G154""]]",derived
2018,goods,country,partner.1995-2025.600,reexports,0E-17,numeric,unspecified,"[[""geostat_trade_export-country-1995-2026"",""1995-2025-years"",""Z155""],[""geostat_trade_domestic-export-country-2014-2026"",""2014-2025-years"",""G155""]]",derived
2018,goods,country,partner.1995-2025.604,reexports,88750.0000000000000,numeric,unspecified,"[[""geostat_trade_export-country-1995-2026"",""1995-2025-years"",""Z156""],[""geostat_trade_domestic-export-country-2014-2026"",""2014-2025-years"",""G156""]]",derived
2018,goods,country,partner.1995-2025.608,reexports,0E-14,numeric,unspecified,"[[""geostat_trade_export-country-1995-2026"",""1995-2025-years"",""Z157""],[""geostat_trade_domestic-export-country-2014-2026"",""2014-2025-years"",""G157""]]",derived
2018,goods,country,partner.1995-2025.616,reexports,229668.748388429000,numeric,unspecified,"[[""geostat_trade_export-country-1995-2026"",""1995-2025-years"",""Z28""],[""geostat_trade_domestic-export-country-2014-2026"",""2014-2025-years"",""G28""]]",derived
2018,goods,country,partner.1995-2025.620,reexports,0,numeric,unspecified,"[[""geostat_trade_export-country-1995-2026"",""1995-2025-years"",""Z29""],[""geostat_trade_domestic-export-country-2014-2026"",""2014-2025-years"",""G29""]]",derived
2018,goods,country,partner.1995-2025.624,reexports,0,numeric,unspecified,"[[""geostat_trade_export-country-1995-2026"",""1995-2025-years"",""Z104""],[""geostat_trade_domestic-export-country-2014-2026"",""2014-2025-years"",""G103""]]",derived
2018,goods,country,partner.1995-2025.630,reexports,0,numeric,unspecified,"[[""geostat_trade_export-country-1995-2026"",""1995-2025-years"",""Z158""],[""geostat_trade_domestic-export-country-2014-2026"",""2014-2025-years"",""G158""]]",derived
2018,goods,country,partner.1995-2025.634,reexports,102564.9999999996000,numeric,unspecified,"[[""geostat_trade_export-country-1995-2026"",""1995-2025-years"",""Z159""],[""geostat_trade_domestic-export-country-2014-2026"",""2014-2025-years"",""G159""]]",derived
2018,goods,country,partner.1995-2025.642,reexports,108976.537062328000,numeric,unspecified,"[[""geostat_trade_export-country-1995-2026"",""1995-2025-years"",""Z30""],[""geostat_trade_domestic-export-country-2014-2026"",""2014-2025-years"",""G30""]]",derived
2018,goods,country,partner.1995-2025.643,reexports,54481950.84328356000,numeric,unspecified,"[[""geostat_trade_export-country-1995-2026"",""1995-2025-years"",""Z43""],[""geostat_trade_domestic-export-country-2014-2026"",""2014-2025-years"",""G43""]]",derived
2018,goods,country,partner.1995-2025.646,reexports,0,numeric,unspecified,"[[""geostat_trade_export-country-1995-2026"",""1995-2025-years"",""Z160""],[""geostat_trade_domestic-export-country-2014-2026"",""2014-2025-years"",""G160""]]",derived
2018,goods,country,partner.1995-2025.660,reexports,0,numeric,unspecified,"[[""geostat_trade_export-country-1995-2026"",""1995-2025-years"",""Z55""],[""geostat_trade_domestic-export-country-2014-2026"",""2014-2025-years"",""G55""]]",derived
2018,goods,country,partner.1995-2025.670,reexports,0,numeric,unspecified,"[[""geostat_trade_export-country-1995-2026"",""1995-2025-years"",""Z161""],[""geostat_trade_domestic-export-country-2014-2026"",""2014-2025-years"",""G161""]]",derived
2018,goods,country,partner.1995-2025.674,reexports,0,numeric,unspecified,"[[""geostat_trade_export-country-1995-2026"",""1995-2025-years"",""Z162""],[""geostat_trade_domestic-export-country-2014-2026"",""2014-2025-years"",""G162""]]",derived
2018,goods,country,partner.1995-2025.682,reexports,0E-13,numeric,unspecified,"[[""geostat_trade_export-country-1995-2026"",""1995-2025-years"",""Z163""],[""geostat_trade_domestic-export-country-2014-2026"",""2014-2025-years"",""G163""]]",derived
2018,goods,country,partner.1995-2025.686,reexports,0E-16,numeric,unspecified,"[[""geostat_trade_export-country-1995-2026"",""1995-2025-years"",""Z164""],[""geostat_trade_domestic-export-country-2014-2026"",""2014-2025-years"",""G164""]]",derived
2018,goods,country,partner.1995-2025.688,reexports,6330.442953292092000,numeric,unspecified,"[[""geostat_trade_export-country-1995-2026"",""1995-2025-years"",""Z165""],[""geostat_trade_domestic-export-country-2014-2026"",""2014-2025-years"",""G165""]]",derived
2018,goods,country,partner.1995-2025.690,reexports,0,numeric,unspecified,"[[""geostat_trade_export-country-1995-2026"",""1995-2025-years"",""Z167""],[""geostat_trade_domestic-export-country-2014-2026"",""2014-2025-years"",""G167""]]",derived
2018,goods,country,partner.1995-2025.694,reexports,0,numeric,unspecified,"[[""geostat_trade_export-country-1995-2026"",""1995-2025-years"",""Z168""],[""geostat_trade_domestic-export-country-2014-2026"",""2014-2025-years"",""G168""]]",derived
2018,goods,country,partner.1995-2025.702,reexports,11970518.7936219309000,numeric,unspecified,"[[""geostat_trade_export-country-1995-2026"",""1995-2025-years"",""Z169""],[""geostat_trade_domestic-export-country-2014-2026"",""2014-2025-years"",""G169""]]",derived
2018,goods,country,partner.1995-2025.703,reexports,145045.1900000003000,numeric,unspecified,"[[""geostat_trade_export-country-1995-2026"",""1995-2025-years"",""Z31""],[""geostat_trade_domestic-export-country-2014-2026"",""2014-2025-years"",""G31""]]",derived
2018,goods,country,partner.1995-2025.704,reexports,2290321.8399999996000,numeric,unspecified,"[[""geostat_trade_export-country-1995-2026"",""1995-2025-years"",""Z193""],[""geostat_trade_domestic-export-country-2014-2026"",""2014-2025-years"",""G192""]]",derived
2018,goods,country,partner.1995-2025.705,reexports,962470.6215362071000,numeric,unspecified,"[[""geostat_trade_export-country-1995-2026"",""1995-2025-years"",""Z32""],[""geostat_trade_domestic-export-country-2014-2026"",""2014-2025-years"",""G32""]]",derived
2018,goods,country,partner.1995-2025.706,reexports,0,numeric,unspecified,"[[""geostat_trade_export-country-1995-2026"",""1995-2025-years"",""Z171""],[""geostat_trade_domestic-export-country-2014-2026"",""2014-2025-years"",""G171""]]",derived
2018,goods,country,partner.1995-2025.710,reexports,87463.79999999993000,numeric,unspecified,"[[""geostat_trade_export-country-1995-2026"",""1995-2025-years"",""Z172""],[""geostat_trade_domestic-export-country-2014-2026"",""2014-2025-years"",""G172""]]",derived
2018,goods,country,partner.1995-2025.716,reexports,28739.9999999997000,numeric,unspecified,"[[""geostat_trade_export-country-1995-2026"",""1995-2025-years"",""Z198""],[""geostat_trade_domestic-export-country-2014-2026"",""2014-2025-years"",""G197""]]",derived
2018,goods,country,partner.1995-2025.724,reexports,12814156.159966762000,numeric,unspecified,"[[""geostat_trade_export-country-1995-2026"",""1995-2025-years"",""Z33""],[""geostat_trade_domestic-export-country-2014-2026"",""2014-2025-years"",""G33""]]",derived
2018,goods,country,partner.1995-2025.729,reexports,305350.44089322435000,numeric,unspecified,"[[""geostat_trade_export-country-1995-2026"",""1995-2025-years"",""Z175""],[""geostat_trade_domestic-export-country-2014-2026"",""2014-2025-years"",""G174""]]",derived
2018,goods,country,partner.1995-2025.740,reexports,0,numeric,unspecified,"[[""geostat_trade_export-country-1995-2026"",""1995-2025-years"",""Z176""],[""geostat_trade_domestic-export-country-2014-2026"",""2014-2025-years"",""G175""]]",derived
2018,goods,country,partner.1995-2025.752,reexports,69034.25113284732000,numeric,unspecified,"[[""geostat_trade_export-country-1995-2026"",""1995-2025-years"",""Z34""],[""geostat_trade_domestic-export-country-2014-2026"",""2014-2025-years"",""G34""]]",derived
2018,goods,country,partner.1995-2025.756,reexports,10134468.321884299000,numeric,unspecified,"[[""geostat_trade_export-country-1995-2026"",""1995-2025-years"",""Z177""],[""geostat_trade_domestic-export-country-2014-2026"",""2014-2025-years"",""G176""]]",derived
2018,goods,country,partner.1995-2025.760,reexports,233591.01086589385000,numeric,unspecified,"[[""geostat_trade_export-country-1995-2026"",""1995-2025-years"",""Z178""],[""geostat_trade_domestic-export-country-2014-2026"",""2014-2025-years"",""G177""]]",derived
2018,goods,country,partner.1995-2025.762,reexports,4124692.9746779269000,numeric,unspecified,"[[""geostat_trade_export-country-1995-2026"",""1995-2025-years"",""Z44""],[""geostat_trade_domestic-export-country-2014-2026"",""2014-2025-years"",""G44""]]",derived
2018,goods,country,partner.1995-2025.764,reexports,434464.69284500608000,numeric,unspecified,"[[""geostat_trade_export-country-1995-2026"",""1995-2025-years"",""Z181""],[""geostat_trade_domestic-export-country-2014-2026"",""2014-2025-years"",""G180""]]",derived
2018,goods,country,partner.1995-2025.768,reexports,0,numeric,unspecified,"[[""geostat_trade_export-country-1995-2026"",""1995-2025-years"",""Z182""],[""geostat_trade_domestic-export-country-2014-2026"",""2014-2025-years"",""G181""]]",derived
2018,goods,country,partner.1995-2025.780,reexports,0E-15,numeric,unspecified,"[[""geostat_trade_export-country-1995-2026"",""1995-2025-years"",""Z183""],[""geostat_trade_domestic-export-country-2014-2026"",""2014-2025-years"",""G182""]]",derived
2018,goods,country,partner.1995-2025.784,reexports,32767060.638472171000,numeric,unspecified,"[[""geostat_trade_export-country-1995-2026"",""1995-2025-years"",""Z188""],[""geostat_trade_domestic-export-country-2014-2026"",""2014-2025-years"",""G187""]]",derived
2018,goods,country,partner.1995-2025.788,reexports,0.0,numeric,unspecified,"[[""geostat_trade_export-country-1995-2026"",""1995-2025-years"",""Z184""],[""geostat_trade_domestic-export-country-2014-2026"",""2014-2025-years"",""G183""]]",derived
2018,goods,country,partner.1995-2025.792,reexports,8964345.74524637000,numeric,unspecified,"[[""geostat_trade_export-country-1995-2026"",""1995-2025-years"",""Z185""],[""geostat_trade_domestic-export-country-2014-2026"",""2014-2025-years"",""G184""]]",derived
2018,goods,country,partner.1995-2025.795,reexports,34799645.5304511082000,numeric,unspecified,"[[""geostat_trade_export-country-1995-2026"",""1995-2025-years"",""Z45""],[""geostat_trade_domestic-export-country-2014-2026"",""2014-2025-years"",""G45""]]",derived
2018,goods,country,partner.1995-2025.796,reexports,0,numeric,unspecified,"[[""geostat_trade_export-country-1995-2026"",""1995-2025-years"",""Z186""],[""geostat_trade_domestic-export-country-2014-2026"",""2014-2025-years"",""G185""]]",derived
2018,goods,country,partner.1995-2025.800,reexports,0.00,numeric,unspecified,"[[""geostat_trade_export-country-1995-2026"",""1995-2025-years"",""Z187""],[""geostat_trade_domestic-export-country-2014-2026"",""2014-2025-years"",""G186""]]",derived
2018,goods,country,partner.1995-2025.804,reexports,65965335.94784064000,numeric,unspecified,"[[""geostat_trade_export-country-1995-2026"",""1995-2025-years"",""Z46""],[""geostat_trade_domestic-export-country-2014-2026"",""2014-2025-years"",""G46""]]",derived
2018,goods,country,partner.1995-2025.818,reexports,765682.2194987758000,numeric,unspecified,"[[""geostat_trade_export-country-1995-2026"",""1995-2025-years"",""Z90""],[""geostat_trade_domestic-export-country-2014-2026"",""2014-2025-years"",""G90""]]",derived
2018,goods,country,partner.1995-2025.826,reexports,2351382.357765533000,numeric,unspecified,"[[""geostat_trade_export-country-1995-2026"",""1995-2025-years"",""Z189""],[""geostat_trade_domestic-export-country-2014-2026"",""2014-2025-years"",""G188""]]",derived
2018,goods,country,partner.1995-2025.834,reexports,386715.7542326900000,numeric,unspecified,"[[""geostat_trade_export-country-1995-2026"",""1995-2025-years"",""Z180""],[""geostat_trade_domestic-export-country-2014-2026"",""2014-2025-years"",""G179""]]",derived
2018,goods,country,partner.1995-2025.840,reexports,781053.37617910000,numeric,unspecified,"[[""geostat_trade_export-country-1995-2026"",""1995-2025-years"",""Z190""],[""geostat_trade_domestic-export-country-2014-2026"",""2014-2025-years"",""G189""]]",derived
2018,goods,country,partner.1995-2025.850,reexports,0,numeric,unspecified,"[[""geostat_trade_export-country-1995-2026"",""1995-2025-years"",""Z195""],[""geostat_trade_domestic-export-country-2014-2026"",""2014-2025-years"",""G194""]]",derived
2018,goods,country,partner.1995-2025.854,reexports,0,numeric,unspecified,"[[""geostat_trade_export-country-1995-2026"",""1995-2025-years"",""Z70""],[""geostat_trade_domestic-export-country-2014-2026"",""2014-2025-years"",""G70""]]",derived
2018,goods,country,partner.1995-2025.858,reexports,0E-14,numeric,unspecified,"[[""geostat_trade_export-country-1995-2026"",""1995-2025-years"",""Z191""],[""geostat_trade_domestic-export-country-2014-2026"",""2014-2025-years"",""G190""]]",derived
2018,goods,country,partner.1995-2025.860,reexports,64589042.723465446000,numeric,unspecified,"[[""geostat_trade_export-country-1995-2026"",""1995-2025-years"",""Z47""],[""geostat_trade_domestic-export-country-2014-2026"",""2014-2025-years"",""G47""]]",derived
2018,goods,country,partner.1995-2025.862,reexports,0,numeric,unspecified,"[[""geostat_trade_export-country-1995-2026"",""1995-2025-years"",""Z192""],[""geostat_trade_domestic-export-country-2014-2026"",""2014-2025-years"",""G191""]]",derived
2018,goods,country,partner.1995-2025.887,reexports,0,numeric,unspecified,"[[""geostat_trade_export-country-1995-2026"",""1995-2025-years"",""Z196""],[""geostat_trade_domestic-export-country-2014-2026"",""2014-2025-years"",""G195""]]",derived
2018,goods,country,partner.1995-2025.891,reexports,0,numeric,unspecified,"[[""geostat_trade_export-country-1995-2026"",""1995-2025-years"",""Z166""],[""geostat_trade_domestic-export-country-2014-2026"",""2014-2025-years"",""G166""]]",derived
2018,goods,country,partner.1995-2025.894,reexports,0,numeric,unspecified,"[[""geostat_trade_export-country-1995-2026"",""1995-2025-years"",""Z197""],[""geostat_trade_domestic-export-country-2014-2026"",""2014-2025-years"",""G196""]]",derived
2018,goods,national,goods.total,reexports,1158092000.0794406000000,numeric,unspecified,"[[""geostat_trade_ftrade-1995-2026"",""1995-2026"",""Y5""],[""geostat_trade_domestic-export-country-2014-2026"",""2014-2025-years"",""G5""]]",derived
2018,goods,national,goods.total,trade_balance,-5981590118.2422459000000,numeric,unspecified,"[[""geostat_trade_ftrade-1995-2026"",""1995-2026"",""Y5""],[""geostat_trade_ftrade-1995-2026"",""1995-2026"",""Y20""]]",derived
2018,goods,national,goods.total,trade_turnover,12740903953.5302727000000,numeric,unspecified,"[[""geostat_trade_ftrade-1995-2026"",""1995-2026"",""Y5""],[""geostat_trade_ftrade-1995-2026"",""1995-2026"",""Y20""]]",derived
2018,goods,product,goods.hs4.2015-2019.0102,reexports,0E-11,numeric,unspecified,"[[""geostat_trade_export-product-by-4-digit-2015-2026"",""2015-2019-years"",""F8""],[""geostat_trade_domestic-exports-by-4-digit-2014-2026"",""2015-2019-years"",""F7""]]",derived
2018,goods,product,goods.hs4.2015-2019.0104,reexports,0E-12,numeric,unspecified,"[[""geostat_trade_export-product-by-4-digit-2015-2026"",""2015-2019-years"",""F9""],[""geostat_trade_domestic-exports-by-4-digit-2014-2026"",""2015-2019-years"",""F8""]]",derived
2018,goods,product,goods.hs4.2015-2019.0105,reexports,118388.7661065356000,numeric,unspecified,"[[""geostat_trade_export-product-by-4-digit-2015-2026"",""2015-2019-years"",""F10""],[""geostat_trade_domestic-exports-by-4-digit-2014-2026"",""2015-2019-years"",""F9""]]",derived
2018,goods,product,goods.hs4.2015-2019.0204,reexports,0E-12,numeric,unspecified,"[[""geostat_trade_export-product-by-4-digit-2015-2026"",""2015-2019-years"",""F15""],[""geostat_trade_domestic-exports-by-4-digit-2014-2026"",""2015-2019-years"",""F10""]]",derived
2018,goods,product,goods.hs4.2015-2019.0207,reexports,6685320.9630461870000,numeric,unspecified,"[[""geostat_trade_export-product-by-4-digit-2015-2026"",""2015-2019-years"",""F17""],[""geostat_trade_domestic-exports-by-4-digit-2014-2026"",""2015-2019-years"",""F11""]]",derived
2018,goods,product,goods.hs4.2015-2019.0302,reexports,0E-13,numeric,unspecified,"[[""geostat_trade_export-product-by-4-digit-2015-2026"",""2015-2019-years"",""F21""],[""geostat_trade_domestic-exports-by-4-digit-2014-2026"",""2015-2019-years"",""F12""]]",derived
2018,goods,product,goods.hs4.2015-2019.0303,reexports,118597.10953147715000,numeric,unspecified,"[[""geostat_trade_export-product-by-4-digit-2015-2026"",""2015-2019-years"",""F22""],[""geostat_trade_domestic-exports-by-4-digit-2014-2026"",""2015-2019-years"",""F13""]]",derived
2018,goods,product,goods.hs4.2015-2019.0504,reexports,76784.01736979379000,numeric,unspecified,"[[""geostat_trade_export-product-by-4-digit-2015-2026"",""2015-2019-years"",""F36""],[""geostat_trade_domestic-exports-by-4-digit-2014-2026"",""2015-2019-years"",""F14""]]",derived
2018,goods,product,goods.hs4.2015-2019.0701,reexports,146984.7200000003000,numeric,unspecified,"[[""geostat_trade_export-product-by-4-digit-2015-2026"",""2015-2019-years"",""F43""],[""geostat_trade_domestic-exports-by-4-digit-2014-2026"",""2015-2019-years"",""F15""]]",derived
2018,goods,product,goods.hs4.2015-2019.0702,reexports,355975.5849928906000,numeric,unspecified,"[[""geostat_trade_export-product-by-4-digit-2015-2026"",""2015-2019-years"",""F44""],[""geostat_trade_domestic-exports-by-4-digit-2014-2026"",""2015-2019-years"",""F16""]]",derived
2018,goods,product,goods.hs4.2015-2019.0707,reexports,85266.07999999988000,numeric,unspecified,"[[""geostat_trade_export-product-by-4-digit-2015-2026"",""2015-2019-years"",""F49""],[""geostat_trade_domestic-exports-by-4-digit-2014-2026"",""2015-2019-years"",""F17""]]",derived
2018,goods,product,goods.hs4.2015-2019.0709,reexports,180157.7078366335000,numeric,unspecified,"[[""geostat_trade_export-product-by-4-digit-2015-2026"",""2015-2019-years"",""F51""],[""geostat_trade_domestic-exports-by-4-digit-2014-2026"",""2015-2019-years"",""F18""]]",derived
2018,goods,product,goods.hs4.2015-2019.0802,reexports,15398817.878047965000,numeric,unspecified,"[[""geostat_trade_export-product-by-4-digit-2015-2026"",""2015-2019-years"",""F58""],[""geostat_trade_domestic-exports-by-4-digit-2014-2026"",""2015-2019-years"",""F19""]]",derived
2018,goods,product,goods.hs4.2015-2019.0805,reexports,1098287.692829590000,numeric,unspecified,"[[""geostat_trade_export-product-by-4-digit-2015-2026"",""2015-2019-years"",""F61""],[""geostat_trade_domestic-exports-by-4-digit-2014-2026"",""2015-2019-years"",""F20""]]",derived
2018,goods,product,goods.hs4.2015-2019.0808,reexports,509283.2268028967000,numeric,unspecified,"[[""geostat_trade_export-product-by-4-digit-2015-2026"",""2015-2019-years"",""F64""],[""geostat_trade_domestic-exports-by-4-digit-2014-2026"",""2015-2019-years"",""F21""]]",derived
2018,goods,product,goods.hs4.2015-2019.0809,reexports,586063.3831973719000,numeric,unspecified,"[[""geostat_trade_export-product-by-4-digit-2015-2026"",""2015-2019-years"",""F65""],[""geostat_trade_domestic-exports-by-4-digit-2014-2026"",""2015-2019-years"",""F22""]]",derived
2018,goods,product,goods.hs4.2015-2019.0810,reexports,212351.0808706291000,numeric,unspecified,"[[""geostat_trade_export-product-by-4-digit-2015-2026"",""2015-2019-years"",""F66""],[""geostat_trade_domestic-exports-by-4-digit-2014-2026"",""2015-2019-years"",""F23""]]",derived
2018,goods,product,goods.hs4.2015-2019.0813,reexports,108369.8763142833000,numeric,unspecified,"[[""geostat_trade_export-product-by-4-digit-2015-2026"",""2015-2019-years"",""F69""],[""geostat_trade_domestic-exports-by-4-digit-2014-2026"",""2015-2019-years"",""F24""]]",derived
2018,goods,product,goods.hs4.2015-2019.0902,reexports,165966.5144873288000,numeric,unspecified,"[[""geostat_trade_export-product-by-4-digit-2015-2026"",""2015-2019-years"",""F72""],[""geostat_trade_domestic-exports-by-4-digit-2014-2026"",""2015-2019-years"",""F25""]]",derived
2018,goods,product,goods.hs4.2015-2019.0910,reexports,100333.2811425207000,numeric,unspecified,"[[""geostat_trade_export-product-by-4-digit-2015-2026"",""2015-2019-years"",""F79""],[""geostat_trade_domestic-exports-by-4-digit-2014-2026"",""2015-2019-years"",""F26""]]",derived
2018,goods,product,goods.hs4.2015-2019.1003,reexports,0E-13,numeric,unspecified,"[[""geostat_trade_export-product-by-4-digit-2015-2026"",""2015-2019-years"",""F81""],[""geostat_trade_domestic-exports-by-4-digit-2014-2026"",""2015-2019-years"",""F27""]]",derived
2018,goods,product,goods.hs4.2015-2019.1005,reexports,53391.76719270028000,numeric,unspecified,"[[""geostat_trade_export-product-by-4-digit-2015-2026"",""2015-2019-years"",""F82""],[""geostat_trade_domestic-exports-by-4-digit-2014-2026"",""2015-2019-years"",""F28""]]",derived
2018,goods,product,goods.hs4.2015-2019.1106,reexports,381.4999999995000,numeric,unspecified,"[[""geostat_trade_export-product-by-4-digit-2015-2026"",""2015-2019-years"",""F89""],[""geostat_trade_domestic-exports-by-4-digit-2014-2026"",""2015-2019-years"",""F29""]]",derived
2018,goods,product,goods.hs4.2015-2019.1206,reexports,52799.9999999999000,numeric,unspecified,"[[""geostat_trade_export-product-by-4-digit-2015-2026"",""2015-2019-years"",""F95""],[""geostat_trade_domestic-exports-by-4-digit-2014-2026"",""2015-2019-years"",""F30""]]",derived
2018,goods,product,goods.hs4.2015-2019.1211,reexports,164469.3000000002000,numeric,unspecified,"[[""geostat_trade_export-product-by-4-digit-2015-2026"",""2015-2019-years"",""F100""],[""geostat_trade_domestic-exports-by-4-digit-2014-2026"",""2015-2019-years"",""F31""]]",derived
2018,goods,product,goods.hs4.2015-2019.1504,reexports,29845.060000000000,numeric,unspecified,"[[""geostat_trade_export-product-by-4-digit-2015-2026"",""2015-2019-years"",""F109""],[""geostat_trade_domestic-exports-by-4-digit-2014-2026"",""2015-2019-years"",""F32""]]",derived
2018,goods,product,goods.hs4.2015-2019.1515,reexports,4892.4900000002000,numeric,unspecified,"[[""geostat_trade_export-product-by-4-digit-2015-2026"",""2015-2019-years"",""F119""],[""geostat_trade_domestic-exports-by-4-digit-2014-2026"",""2015-2019-years"",""F33""]]",derived
2018,goods,product,goods.hs4.2015-2019.1516,reexports,1807.5243957833000,numeric,unspecified,"[[""geostat_trade_export-product-by-4-digit-2015-2026"",""2015-2019-years"",""F120""],[""geostat_trade_domestic-exports-by-4-digit-2014-2026"",""2015-2019-years"",""F34""]]",derived
2018,goods,product,goods.hs4.2015-2019.1806,reexports,205120.5038218255000,numeric,unspecified,"[[""geostat_trade_export-product-by-4-digit-2015-2026"",""2015-2019-years"",""F134""],[""geostat_trade_domestic-exports-by-4-digit-2014-2026"",""2015-2019-years"",""F35""]]",derived
2018,goods,product,goods.hs4.2015-2019.2007,reexports,0E-13,numeric,unspecified,"[[""geostat_trade_export-product-by-4-digit-2015-2026"",""2015-2019-years"",""F146""],[""geostat_trade_domestic-exports-by-4-digit-2014-2026"",""2015-2019-years"",""F36""]]",derived
2018,goods,product,goods.hs4.2015-2019.2008,reexports,5624356.481552963000,numeric,unspecified,"[[""geostat_trade_export-product-by-4-digit-2015-2026"",""2015-2019-years"",""F147""],[""geostat_trade_domestic-exports-by-4-digit-2014-2026"",""2015-2019-years"",""F37""]]",derived
2018,goods,product,goods.hs4.2015-2019.2009,reexports,1512.0000000007000,numeric,unspecified,"[[""geostat_trade_export-product-by-4-digit-2015-2026"",""2015-2019-years"",""F148""],[""geostat_trade_domestic-exports-by-4-digit-2014-2026"",""2015-2019-years"",""F38""]]",derived
2018,goods,product,goods.hs4.2015-2019.2101,reexports,111300.77751107083000,numeric,unspecified,"[[""geostat_trade_export-product-by-4-digit-2015-2026"",""2015-2019-years"",""F149""],[""geostat_trade_domestic-exports-by-4-digit-2014-2026"",""2015-2019-years"",""F39""]]",derived
2018,goods,product,goods.hs4.2015-2019.2103,reexports,112834.82559641416000,numeric,unspecified,"[[""geostat_trade_export-product-by-4-digit-2015-2026"",""2015-2019-years"",""F151""],[""geostat_trade_domestic-exports-by-4-digit-2014-2026"",""2015-2019-years"",""F40""]]",derived
2018,goods,product,goods.hs4.2015-2019.2106,reexports,5596625.54687899161000,numeric,unspecified,"[[""geostat_trade_export-product-by-4-digit-2015-2026"",""2015-2019-years"",""F154""],[""geostat_trade_domestic-exports-by-4-digit-2014-2026"",""2015-2019-years"",""F41""]]",derived
2018,goods,product,goods.hs4.2015-2019.2201,reexports,47829.79071779000,numeric,unspecified,"[[""geostat_trade_export-product-by-4-digit-2015-2026"",""2015-2019-years"",""F155""],[""geostat_trade_domestic-exports-by-4-digit-2014-2026"",""2015-2019-years"",""F42""]]",derived
2018,goods,product,goods.hs4.2015-2019.2202,reexports,669382.116795437000,numeric,unspecified,"[[""geostat_trade_export-product-by-4-digit-2015-2026"",""2015-2019-years"",""F156""],[""geostat_trade_domestic-exports-by-4-digit-2014-2026"",""2015-2019-years"",""F43""]]",derived
2018,goods,product,goods.hs4.2015-2019.2203,reexports,2980216.9620092771000,numeric,unspecified,"[[""geostat_trade_export-product-by-4-digit-2015-2026"",""2015-2019-years"",""F157""],[""geostat_trade_domestic-exports-by-4-digit-2014-2026"",""2015-2019-years"",""F44""]]",derived
2018,goods,product,goods.hs4.2015-2019.2204,reexports,2201946.01604180000,numeric,unspecified,"[[""geostat_trade_export-product-by-4-digit-2015-2026"",""2015-2019-years"",""F158""],[""geostat_trade_domestic-exports-by-4-digit-2014-2026"",""2015-2019-years"",""F45""]]",derived
2018,goods,product,goods.hs4.2015-2019.2208,reexports,47051697.760275825000,numeric,unspecified,"[[""geostat_trade_export-product-by-4-digit-2015-2026"",""2015-2019-years"",""F162""],[""geostat_trade_domestic-exports-by-4-digit-2014-2026"",""2015-2019-years"",""F46""]]",derived
2018,goods,product,goods.hs4.2015-2019.2301,reexports,0E-12,numeric,unspecified,"[[""geostat_trade_export-product-by-4-digit-2015-2026"",""2015-2019-years"",""F164""],[""geostat_trade_domestic-exports-by-4-digit-2014-2026"",""2015-2019-years"",""F47""]]",derived
2018,goods,product,goods.hs4.2015-2019.2309,reexports,33572.33179668174000,numeric,unspecified,"[[""geostat_trade_export-product-by-4-digit-2015-2026"",""2015-2019-years"",""F170""],[""geostat_trade_domestic-exports-by-4-digit-2014-2026"",""2015-2019-years"",""F48""]]",derived
2018,goods,product,goods.hs4.2015-2019.2508,reexports,0E-13,numeric,unspecified,"[[""geostat_trade_export-product-by-4-digit-2015-2026"",""2015-2019-years"",""F180""],[""geostat_trade_domestic-exports-by-4-digit-2014-2026"",""2015-2019-years"",""F49""]]",derived
2018,goods,product,goods.hs4.2015-2019.2522,reexports,0E-13,numeric,unspecified,"[[""geostat_trade_export-product-by-4-digit-2015-2026"",""2015-2019-years"",""F192""],[""geostat_trade_domestic-exports-by-4-digit-2014-2026"",""2015-2019-years"",""F50""]]",derived
2018,goods,product,goods.hs4.2015-2019.2602,reexports,0E-13,numeric,unspecified,"[[""geostat_trade_export-product-by-4-digit-2015-2026"",""2015-2019-years"",""F199""],[""geostat_trade_domestic-exports-by-4-digit-2014-2026"",""2015-2019-years"",""F51""]]",derived
2018,goods,product,goods.hs4.2015-2019.2603,reexports,0E-11,numeric,unspecified,"[[""geostat_trade_export-product-by-4-digit-2015-2026"",""2015-2019-years"",""F200""],[""geostat_trade_domestic-exports-by-4-digit-2014-2026"",""2015-2019-years"",""F52""]]",derived
2018,goods,product,goods.hs4.2015-2019.2616,reexports,0,numeric,unspecified,"[[""geostat_trade_export-product-by-4-digit-2015-2026"",""2015-2019-years"",""F205""],[""geostat_trade_domestic-exports-by-4-digit-2014-2026"",""2015-2019-years"",""F53""]]",derived
2018,goods,product,goods.hs4.2015-2019.2710,reexports,24103056.711182802000,numeric,unspecified,"[[""geostat_trade_export-product-by-4-digit-2015-2026"",""2015-2019-years"",""F215""],[""geostat_trade_domestic-exports-by-4-digit-2014-2026"",""2015-2019-years"",""F54""]]",derived
2018,goods,product,goods.hs4.2015-2019.2716,reexports,0E-12,numeric,unspecified,"[[""geostat_trade_export-product-by-4-digit-2015-2026"",""2015-2019-years"",""F220""],[""geostat_trade_domestic-exports-by-4-digit-2014-2026"",""2015-2019-years"",""F55""]]",derived
2018,goods,product,goods.hs4.2015-2019.2820,reexports,0E-13,numeric,unspecified,"[[""geostat_trade_export-product-by-4-digit-2015-2026"",""2015-2019-years"",""F233""],[""geostat_trade_domestic-exports-by-4-digit-2014-2026"",""2015-2019-years"",""F56""]]",derived
2018,goods,product,goods.hs4.2015-2019.2837,reexports,0E-12,numeric,unspecified,"[[""geostat_trade_export-product-by-4-digit-2015-2026"",""2015-2019-years"",""F246""],[""geostat_trade_domestic-exports-by-4-digit-2014-2026"",""2015-2019-years"",""F57""]]",derived
2018,goods,product,goods.hs4.2015-2019.3004,reexports,130256998.769969568000,numeric,unspecified,"[[""geostat_trade_export-product-by-4-digit-2015-2026"",""2015-2019-years"",""F293""],[""geostat_trade_domestic-exports-by-4-digit-2014-2026"",""2015-2019-years"",""F58""]]",derived
2018,goods,product,goods.hs4.2015-2019.3006,reexports,1510710.68566996275000,numeric,unspecified,"[[""geostat_trade_export-product-by-4-digit-2015-2026"",""2015-2019-years"",""F295""],[""geostat_trade_domestic-exports-by-4-digit-2014-2026"",""2015-2019-years"",""F59""]]",derived
2018,goods,product,goods.hs4.2015-2019.3102,reexports,87884.488375944000,numeric,unspecified,"[[""geostat_trade_export-product-by-4-digit-2015-2026"",""2015-2019-years"",""F297""],[""geostat_trade_domestic-exports-by-4-digit-2014-2026"",""2015-2019-years"",""F60""]]",derived
2018,goods,product,goods.hs4.2015-2019.3923,reexports,437441.9988474019000,numeric,unspecified,"[[""geostat_trade_export-product-by-4-digit-2015-2026"",""2015-2019-years"",""F390""],[""geostat_trade_domestic-exports-by-4-digit-2014-2026"",""2015-2019-years"",""F61""]]",derived
2018,goods,product,goods.hs4.2015-2019.3926,reexports,924271.5690452551000,numeric,unspecified,"[[""geostat_trade_export-product-by-4-digit-2015-2026"",""2015-2019-years"",""F393""],[""geostat_trade_domestic-exports-by-4-digit-2014-2026"",""2015-2019-years"",""F62""]]",derived
2018,goods,product,goods.hs4.2015-2019.4407,reexports,5683077.056147793000,numeric,unspecified,"[[""geostat_trade_export-product-by-4-digit-2015-2026"",""2015-2019-years"",""F430""],[""geostat_trade_domestic-exports-by-4-digit-2014-2026"",""2015-2019-years"",""F63""]]",derived
2018,goods,product,goods.hs4.2015-2019.4410,reexports,83975.1873105579000,numeric,unspecified,"[[""geostat_trade_export-product-by-4-digit-2015-2026"",""2015-2019-years"",""F433""],[""geostat_trade_domestic-exports-by-4-digit-2014-2026"",""2015-2019-years"",""F64""]]",derived
2018,goods,product,goods.hs4.2015-2019.4418,reexports,150434.82999999999000,numeric,unspecified,"[[""geostat_trade_export-product-by-4-digit-2015-2026"",""2015-2019-years"",""F441""],[""geostat_trade_domestic-exports-by-4-digit-2014-2026"",""2015-2019-years"",""F65""]]",derived
2018,goods,product,goods.hs4.2015-2019.4421,reexports,14998.173483504000,numeric,unspecified,"[[""geostat_trade_export-product-by-4-digit-2015-2026"",""2015-2019-years"",""F444""],[""geostat_trade_domestic-exports-by-4-digit-2014-2026"",""2015-2019-years"",""F66""]]",derived
2018,goods,product,goods.hs4.2015-2019.4707,reexports,0E-13,numeric,unspecified,"[[""geostat_trade_export-product-by-4-digit-2015-2026"",""2015-2019-years"",""F450""],[""geostat_trade_domestic-exports-by-4-digit-2014-2026"",""2015-2019-years"",""F67""]]",derived
2018,goods,product,goods.hs4.2015-2019.4805,reexports,3504.39066131742000,numeric,unspecified,"[[""geostat_trade_export-product-by-4-digit-2015-2026"",""2015-2019-years"",""F455""],[""geostat_trade_domestic-exports-by-4-digit-2014-2026"",""2015-2019-years"",""F68""]]",derived
2018,goods,product,goods.hs4.2015-2019.5605,reexports,0E-13,numeric,unspecified,"[[""geostat_trade_export-product-by-4-digit-2015-2026"",""2015-2019-years"",""F519""],[""geostat_trade_domestic-exports-by-4-digit-2014-2026"",""2015-2019-years"",""F69""]]",derived
2018,goods,product,goods.hs4.2015-2019.6102,reexports,3929.22537837086000,numeric,unspecified,"[[""geostat_trade_export-product-by-4-digit-2015-2026"",""2015-2019-years"",""F553""],[""geostat_trade_domestic-exports-by-4-digit-2014-2026"",""2015-2019-years"",""F70""]]",derived
2018,goods,product,goods.hs4.2015-2019.6103,reexports,23050.122786779000,numeric,unspecified,"[[""geostat_trade_export-product-by-4-digit-2015-2026"",""2015-2019-years"",""F554""],[""geostat_trade_domestic-exports-by-4-digit-2014-2026"",""2015-2019-years"",""F71""]]",derived
2018,goods,product,goods.hs4.2015-2019.6104,reexports,150100.2335789901000,numeric,unspecified,"[[""geostat_trade_export-product-by-4-digit-2015-2026"",""2015-2019-years"",""F555""],[""geostat_trade_domestic-exports-by-4-digit-2014-2026"",""2015-2019-years"",""F72""]]",derived
2018,goods,product,goods.hs4.2015-2019.6109,reexports,253407.908648427000,numeric,unspecified,"[[""geostat_trade_export-product-by-4-digit-2015-2026"",""2015-2019-years"",""F560""],[""geostat_trade_domestic-exports-by-4-digit-2014-2026"",""2015-2019-years"",""F73""]]",derived
2018,goods,product,goods.hs4.2015-2019.6110,reexports,270888.8410035702000,numeric,unspecified,"[[""geostat_trade_export-product-by-4-digit-2015-2026"",""2015-2019-years"",""F561""],[""geostat_trade_domestic-exports-by-4-digit-2014-2026"",""2015-2019-years"",""F74""]]",derived
2018,goods,product,goods.hs4.2015-2019.6201,reexports,104953.9614772389000,numeric,unspecified,"[[""geostat_trade_export-product-by-4-digit-2015-2026"",""2015-2019-years"",""F569""],[""geostat_trade_domestic-exports-by-4-digit-2014-2026"",""2015-2019-years"",""F75""]]",derived
2018,goods,product,goods.hs4.2015-2019.6202,reexports,190102.7056327389000,numeric,unspecified,"[[""geostat_trade_export-product-by-4-digit-2015-2026"",""2015-2019-years"",""F570""],[""geostat_trade_domestic-exports-by-4-digit-2014-2026"",""2015-2019-years"",""F76""]]",derived
2018,goods,product,goods.hs4.2015-2019.6203,reexports,252231.0381492498000,numeric,unspecified,"[[""geostat_trade_export-product-by-4-digit-2015-2026"",""2015-2019-years"",""F571""],[""geostat_trade_domestic-exports-by-4-digit-2014-2026"",""2015-2019-years"",""F77""]]",derived
2018,goods,product,goods.hs4.2015-2019.6204,reexports,389562.3582557101000,numeric,unspecified,"[[""geostat_trade_export-product-by-4-digit-2015-2026"",""2015-2019-years"",""F572""],[""geostat_trade_domestic-exports-by-4-digit-2014-2026"",""2015-2019-years"",""F78""]]",derived
2018,goods,product,goods.hs4.2015-2019.6206,reexports,223214.6017669548000,numeric,unspecified,"[[""geostat_trade_export-product-by-4-digit-2015-2026"",""2015-2019-years"",""F574""],[""geostat_trade_domestic-exports-by-4-digit-2014-2026"",""2015-2019-years"",""F79""]]",derived
2018,goods,product,goods.hs4.2015-2019.6212,reexports,59458.4535357135000,numeric,unspecified,"[[""geostat_trade_export-product-by-4-digit-2015-2026"",""2015-2019-years"",""F580""],[""geostat_trade_domestic-exports-by-4-digit-2014-2026"",""2015-2019-years"",""F80""]]",derived
2018,goods,product,goods.hs4.2015-2019.6305,reexports,32.36042184961000,numeric,unspecified,"[[""geostat_trade_export-product-by-4-digit-2015-2026"",""2015-2019-years"",""F590""],[""geostat_trade_domestic-exports-by-4-digit-2014-2026"",""2015-2019-years"",""F81""]]",derived
2018,goods,product,goods.hs4.2015-2019.6403,reexports,312140.46919990767000,numeric,unspecified,"[[""geostat_trade_export-product-by-4-digit-2015-2026"",""2015-2019-years"",""F597""],[""geostat_trade_domestic-exports-by-4-digit-2014-2026"",""2015-2019-years"",""F82""]]",derived
2018,goods,product,goods.hs4.2015-2019.6809,reexports,0E-13,numeric,unspecified,"[[""geostat_trade_export-product-by-4-digit-2015-2026"",""2015-2019-years"",""F620""],[""geostat_trade_domestic-exports-by-4-digit-2014-2026"",""2015-2019-years"",""F83""]]",derived
2018,goods,product,goods.hs4.2015-2019.7010,reexports,2221208.4969620701000,numeric,unspecified,"[[""geostat_trade_export-product-by-4-digit-2015-2026"",""2015-2019-years"",""F644""],[""geostat_trade_domestic-exports-by-4-digit-2014-2026"",""2015-2019-years"",""F84""]]",derived
2018,goods,product,goods.hs4.2015-2019.7108,reexports,0E-12,numeric,unspecified,"[[""geostat_trade_export-product-by-4-digit-2015-2026"",""2015-2019-years"",""F658""],[""geostat_trade_domestic-exports-by-4-digit-2014-2026"",""2015-2019-years"",""F85""]]",derived
2018,goods,product,goods.hs4.2015-2019.7112,reexports,0E-13,numeric,unspecified,"[[""geostat_trade_export-product-by-4-digit-2015-2026"",""2015-2019-years"",""F660""],[""geostat_trade_domestic-exports-by-4-digit-2014-2026"",""2015-2019-years"",""F86""]]",derived
2018,goods,product,goods.hs4.2015-2019.7115,reexports,0E-13,numeric,unspecified,"[[""geostat_trade_export-product-by-4-digit-2015-2026"",""2015-2019-years"",""F663""],[""geostat_trade_domestic-exports-by-4-digit-2014-2026"",""2015-2019-years"",""F87""]]",derived
2018,goods,product,goods.hs4.2015-2019.7202,reexports,740695.50000003000,numeric,unspecified,"[[""geostat_trade_export-product-by-4-digit-2015-2026"",""2015-2019-years"",""F668""],[""geostat_trade_domestic-exports-by-4-digit-2014-2026"",""2015-2019-years"",""F88""]]",derived
2018,goods,product,goods.hs4.2015-2019.7204,reexports,0E-13,numeric,unspecified,"[[""geostat_trade_export-product-by-4-digit-2015-2026"",""2015-2019-years"",""F670""],[""geostat_trade_domestic-exports-by-4-digit-2014-2026"",""2015-2019-years"",""F89""]]",derived
2018,goods,product,goods.hs4.2015-2019.7207,reexports,0E-12,numeric,unspecified,"[[""geostat_trade_export-product-by-4-digit-2015-2026"",""2015-2019-years"",""F673""],[""geostat_trade_domestic-exports-by-4-digit-2014-2026"",""2015-2019-years"",""F90""]]",derived
2018,goods,product,goods.hs4.2015-2019.7214,reexports,28.800000000000,numeric,unspecified,"[[""geostat_trade_export-product-by-4-digit-2015-2026"",""2015-2019-years"",""F680""],[""geostat_trade_domestic-exports-by-4-digit-2014-2026"",""2015-2019-years"",""F91""]]",derived
2018,goods,product,goods.hs4.2015-2019.7304,reexports,2087567.463495101000,numeric,unspecified,"[[""geostat_trade_export-product-by-4-digit-2015-2026"",""2015-2019-years"",""F695""],[""geostat_trade_domestic-exports-by-4-digit-2014-2026"",""2015-2019-years"",""F92""]]",derived
2018,goods,product,goods.hs4.2015-2019.7307,reexports,324545.50698129303000,numeric,unspecified,"[[""geostat_trade_export-product-by-4-digit-2015-2026"",""2015-2019-years"",""F698""],[""geostat_trade_domestic-exports-by-4-digit-2014-2026"",""2015-2019-years"",""F93""]]",derived
2018,goods,product,goods.hs4.2015-2019.7326,reexports,1428371.4736682185000,numeric,unspecified,"[[""geostat_trade_export-product-by-4-digit-2015-2026"",""2015-2019-years"",""F717""],[""geostat_trade_domestic-exports-by-4-digit-2014-2026"",""2015-2019-years"",""F94""]]",derived
2018,goods,product,goods.hs4.2015-2019.7404,reexports,19338.260000001000,numeric,unspecified,"[[""geostat_trade_export-product-by-4-digit-2015-2026"",""2015-2019-years"",""F719""],[""geostat_trade_domestic-exports-by-4-digit-2014-2026"",""2015-2019-years"",""F95""]]",derived
2018,goods,product,goods.hs4.2015-2019.7601,reexports,0E-12,numeric,unspecified,"[[""geostat_trade_export-product-by-4-digit-2015-2026"",""2015-2019-years"",""F730""],[""geostat_trade_domestic-exports-by-4-digit-2014-2026"",""2015-2019-years"",""F96""]]",derived
2018,goods,product,goods.hs4.2015-2019.7602,reexports,4446.7399999994000,numeric,unspecified,"[[""geostat_trade_export-product-by-4-digit-2015-2026"",""2015-2019-years"",""F731""],[""geostat_trade_domestic-exports-by-4-digit-2014-2026"",""2015-2019-years"",""F97""]]",derived
2018,goods,product,goods.hs4.2015-2019.7801,reexports,50115.3699999995000,numeric,unspecified,"[[""geostat_trade_export-product-by-4-digit-2015-2026"",""2015-2019-years"",""F747""],[""geostat_trade_domestic-exports-by-4-digit-2014-2026"",""2015-2019-years"",""F98""]]",derived
2018,goods,product,goods.hs4.2015-2019.8516,reexports,8157783.8466852841000,numeric,unspecified,"[[""geostat_trade_export-product-by-4-digit-2015-2026"",""2015-2019-years"",""F888""],[""geostat_trade_domestic-exports-by-4-digit-2014-2026"",""2015-2019-years"",""F99""]]",derived
2018,goods,product,goods.hs4.2015-2019.8544,reexports,2145582.5766374524000,numeric,unspecified,"[[""geostat_trade_export-product-by-4-digit-2015-2026"",""2015-2019-years"",""F914""],[""geostat_trade_domestic-exports-by-4-digit-2014-2026"",""2015-2019-years"",""F100""]]",derived
2018,goods,product,goods.hs4.2015-2019.8606,reexports,0,numeric,unspecified,"[[""geostat_trade_export-product-by-4-digit-2015-2026"",""2015-2019-years"",""F924""],[""geostat_trade_domestic-exports-by-4-digit-2014-2026"",""2015-2019-years"",""F101""]]",derived
2018,goods,product,goods.hs4.2015-2019.8607,reexports,0E-14,numeric,unspecified,"[[""geostat_trade_export-product-by-4-digit-2015-2026"",""2015-2019-years"",""F925""],[""geostat_trade_domestic-exports-by-4-digit-2014-2026"",""2015-2019-years"",""F102""]]",derived
2018,goods,product,goods.hs4.2015-2019.8803,reexports,236175.573125878008000,numeric,unspecified,"[[""geostat_trade_export-product-by-4-digit-2015-2026"",""2015-2019-years"",""F945""],[""geostat_trade_domestic-exports-by-4-digit-2014-2026"",""2015-2019-years"",""F103""]]",derived
2018,goods,product,goods.hs4.2015-2019.9403,reexports,293580.34134428181000,numeric,unspecified,"[[""geostat_trade_export-product-by-4-digit-2015-2026"",""2015-2019-years"",""F1003""],[""geostat_trade_domestic-exports-by-4-digit-2014-2026"",""2015-2019-years"",""F104""]]",derived
2018,goods,product,goods.hs4.2015-2019.9404,reexports,23629.9012643622000,numeric,unspecified,"[[""geostat_trade_export-product-by-4-digit-2015-2026"",""2015-2019-years"",""F1004""],[""geostat_trade_domestic-exports-by-4-digit-2014-2026"",""2015-2019-years"",""F105""]]",derived
2019,goods,country,partner.1995-2025.004,reexports,223139.89197899832000,numeric,unspecified,"[[""geostat_trade_export-country-1995-2026"",""1995-2025-years"",""AA50""],[""geostat_trade_domestic-export-country-2014-2026"",""2014-2025-years"",""H50""]]",derived
2019,goods,country,partner.1995-2025.008,reexports,145455.900416382406000,numeric,unspecified,"[[""geostat_trade_export-country-1995-2026"",""1995-2025-years"",""AA51""],[""geostat_trade_domestic-export-country-2014-2026"",""2014-2025-years"",""H51""]]",derived
2019,goods,country,partner.1995-2025.012,reexports,65696.83317746922000,numeric,unspecified,"[[""geostat_trade_export-country-1995-2026"",""1995-2025-years"",""AA52""],[""geostat_trade_domestic-export-country-2014-2026"",""2014-2025-years"",""H52""]]",derived
2019,goods,country,partner.1995-2025.020,reexports,0,numeric,unspecified,"[[""geostat_trade_export-country-1995-2026"",""1995-2025-years"",""AA53""],[""geostat_trade_domestic-export-country-2014-2026"",""2014-2025-years"",""H53""]]",derived
2019,goods,country,partner.1995-2025.024,reexports,0.00,numeric,unspecified,"[[""geostat_trade_export-country-1995-2026"",""1995-2025-years"",""AA54""],[""geostat_trade_domestic-export-country-2014-2026"",""2014-2025-years"",""H54""]]",derived
2019,goods,country,partner.1995-2025.028,reexports,0,numeric,unspecified,"[[""geostat_trade_export-country-1995-2026"",""1995-2025-years"",""AA56""],[""geostat_trade_domestic-export-country-2014-2026"",""2014-2025-years"",""H56""]]",derived
2019,goods,country,partner.1995-2025.031,reexports,420667294.715946218000,numeric,unspecified,"[[""geostat_trade_export-country-1995-2026"",""1995-2025-years"",""AA38""],[""geostat_trade_domestic-export-country-2014-2026"",""2014-2025-years"",""H38""]]",derived
2019,goods,country,partner.1995-2025.032,reexports,0E-14,numeric,unspecified,"[[""geostat_trade_export-country-1995-2026"",""1995-2025-years"",""AA57""],[""geostat_trade_domestic-export-country-2014-2026"",""2014-2025-years"",""H57""]]",derived
2019,goods,country,partner.1995-2025.036,reexports,0E-13,numeric,unspecified,"[[""geostat_trade_export-country-1995-2026"",""1995-2025-years"",""AA58""],[""geostat_trade_domestic-export-country-2014-2026"",""2014-2025-years"",""H58""]]",derived
2019,goods,country,partner.1995-2025.040,reexports,40039.4657236734000,numeric,unspecified,"[[""geostat_trade_export-country-1995-2026"",""1995-2025-years"",""AA8""],[""geostat_trade_domestic-export-country-2014-2026"",""2014-2025-years"",""H8""]]",derived
2019,goods,country,partner.1995-2025.044,reexports,0,numeric,unspecified,"[[""geostat_trade_export-country-1995-2026"",""1995-2025-years"",""AA59""],[""geostat_trade_domestic-export-country-2014-2026"",""2014-2025-years"",""H59""]]",derived
2019,goods,country,partner.1995-2025.048,reexports,0.0000,numeric,unspecified,"[[""geostat_trade_export-country-1995-2026"",""1995-2025-years"",""AA60""],[""geostat_trade_domestic-export-country-2014-2026"",""2014-2025-years"",""H60""]]",derived
2019,goods,country,partner.1995-2025.050,reexports,0E-14,numeric,unspecified,"[[""geostat_trade_export-country-1995-2026"",""1995-2025-years"",""AA61""],[""geostat_trade_domestic-export-country-2014-2026"",""2014-2025-years"",""H61""]]",derived
2019,goods,country,partner.1995-2025.051,reexports,345445850.629364573000,numeric,unspecified,"[[""geostat_trade_export-country-1995-2026"",""1995-2025-years"",""AA37""],[""geostat_trade_domestic-export-country-2014-2026"",""2014-2025-years"",""H37""]]",derived
2019,goods,country,partner.1995-2025.052,reexports,0,numeric,unspecified,"[[""geostat_trade_export-country-1995-2026"",""1995-2025-years"",""AA62""],[""geostat_trade_domestic-export-country-2014-2026"",""2014-2025-years"",""H62""]]",derived
2019,goods,country,partner.1995-2025.056,reexports,8858911.1461989534000,numeric,unspecified,"[[""geostat_trade_export-country-1995-2026"",""1995-2025-years"",""AA9""],[""geostat_trade_domestic-export-country-2014-2026"",""2014-2025-years"",""H9""]]",derived
2019,goods,country,partner.1995-2025.064,reexports,0.00,numeric,unspecified,"[[""geostat_trade_export-country-1995-2026"",""1995-2025-years"",""AA65""],[""geostat_trade_domestic-export-country-2014-2026"",""2014-2025-years"",""H65""]]",derived
2019,goods,country,partner.1995-2025.068,reexports,0,numeric,unspecified,"[[""geostat_trade_export-country-1995-2026"",""1995-2025-years"",""AA66""],[""geostat_trade_domestic-export-country-2014-2026"",""2014-2025-years"",""H66""]]",derived
2019,goods,country,partner.1995-2025.070,reexports,9921.869645671990000,numeric,unspecified,"[[""geostat_trade_export-country-1995-2026"",""1995-2025-years"",""AA67""],[""geostat_trade_domestic-export-country-2014-2026"",""2014-2025-years"",""H67""]]",derived
2019,goods,country,partner.1995-2025.072,reexports,0,numeric,unspecified,"[[""geostat_trade_export-country-1995-2026"",""1995-2025-years"",""AA68""],[""geostat_trade_domestic-export-country-2014-2026"",""2014-2025-years"",""H68""]]",derived
2019,goods,country,partner.1995-2025.076,reexports,0E-13,numeric,unspecified,"[[""geostat_trade_export-country-1995-2026"",""1995-2025-years"",""AA69""],[""geostat_trade_domestic-export-country-2014-2026"",""2014-2025-years"",""H69""]]",derived
2019,goods,country,partner.1995-2025.084,reexports,0,numeric,unspecified,"[[""geostat_trade_export-country-1995-2026"",""1995-2025-years"",""AA63""],[""geostat_trade_domestic-export-country-2014-2026"",""2014-2025-years"",""H63""]]",derived
2019,goods,country,partner.1995-2025.092,reexports,0,numeric,unspecified,"[[""geostat_trade_export-country-1995-2026"",""1995-2025-years"",""AA194""],[""geostat_trade_domestic-export-country-2014-2026"",""2014-2025-years"",""H193""]]",derived
2019,goods,country,partner.1995-2025.100,reexports,2478881.13388780000,numeric,unspecified,"[[""geostat_trade_export-country-1995-2026"",""1995-2025-years"",""AA10""],[""geostat_trade_domestic-export-country-2014-2026"",""2014-2025-years"",""H10""]]",derived
2019,goods,country,partner.1995-2025.104,reexports,0,numeric,unspecified,"[[""geostat_trade_export-country-1995-2026"",""1995-2025-years"",""AA143""],[""geostat_trade_domestic-export-country-2014-2026"",""2014-2025-years"",""H143""]]",derived
2019,goods,country,partner.1995-2025.108,reexports,0E-15,numeric,unspecified,"[[""geostat_trade_export-country-1995-2026"",""1995-2025-years"",""AA71""],[""geostat_trade_domestic-export-country-2014-2026"",""2014-2025-years"",""H71""]]",derived
2019,goods,country,partner.1995-2025.112,reexports,11458153.434548785000,numeric,unspecified,"[[""geostat_trade_export-country-1995-2026"",""1995-2025-years"",""AA39""],[""geostat_trade_domestic-export-country-2014-2026"",""2014-2025-years"",""H39""]]",derived
2019,goods,country,partner.1995-2025.116,reexports,4832.52744149931000,numeric,unspecified,"[[""geostat_trade_export-country-1995-2026"",""1995-2025-years"",""AA72""],[""geostat_trade_domestic-export-country-2014-2026"",""2014-2025-years"",""H72""]]",derived
2019,goods,country,partner.1995-2025.120,reexports,0E-14,numeric,unspecified,"[[""geostat_trade_export-country-1995-2026"",""1995-2025-years"",""AA73""],[""geostat_trade_domestic-export-country-2014-2026"",""2014-2025-years"",""H73""]]",derived
2019,goods,country,partner.1995-2025.124,reexports,128564.8675388525000,numeric,unspecified,"[[""geostat_trade_export-country-1995-2026"",""1995-2025-years"",""AA74""],[""geostat_trade_domestic-export-country-2014-2026"",""2014-2025-years"",""H74""]]",derived
2019,goods,country,partner.1995-2025.136,reexports,0,numeric,unspecified,"[[""geostat_trade_export-country-1995-2026"",""1995-2025-years"",""AA75""],[""geostat_trade_domestic-export-country-2014-2026"",""2014-2025-years"",""H75""]]",derived
2019,goods,country,partner.1995-2025.140,reexports,0,numeric,unspecified,"[[""geostat_trade_export-country-1995-2026"",""1995-2025-years"",""AA76""],[""geostat_trade_domestic-export-country-2014-2026"",""2014-2025-years"",""H76""]]",derived
2019,goods,country,partner.1995-2025.144,reexports,0.00000,numeric,unspecified,"[[""geostat_trade_export-country-1995-2026"",""1995-2025-years"",""AA173""],[""geostat_trade_domestic-export-country-2014-2026"",""2014-2025-years"",""H173""]]",derived
2019,goods,country,partner.1995-2025.148,reexports,2054690.404040403935000,numeric,unspecified,"[[""geostat_trade_export-country-1995-2026"",""1995-2025-years"",""AA77""],[""geostat_trade_domestic-export-country-2014-2026"",""2014-2025-years"",""H77""]]",derived
2019,goods,country,partner.1995-2025.152,reexports,17574.5841800253000,numeric,unspecified,"[[""geostat_trade_export-country-1995-2026"",""1995-2025-years"",""AA78""],[""geostat_trade_domestic-export-country-2014-2026"",""2014-2025-years"",""H78""]]",derived
2019,goods,country,partner.1995-2025.156,reexports,20802630.13042422000,numeric,unspecified,"[[""geostat_trade_export-country-1995-2026"",""1995-2025-years"",""AA79""],[""geostat_trade_domestic-export-country-2014-2026"",""2014-2025-years"",""H79""]]",derived
2019,goods,country,partner.1995-2025.158,reexports,158199.4201241496000,numeric,unspecified,"[[""geostat_trade_export-country-1995-2026"",""1995-2025-years"",""AA179""],[""geostat_trade_domestic-export-country-2014-2026"",""2014-2025-years"",""H178""]]",derived
2019,goods,country,partner.1995-2025.170,reexports,127893.1415815564000,numeric,unspecified,"[[""geostat_trade_export-country-1995-2026"",""1995-2025-years"",""AA80""],[""geostat_trade_domestic-export-country-2014-2026"",""2014-2025-years"",""H80""]]",derived
2019,goods,country,partner.1995-2025.178,reexports,0.00,numeric,unspecified,"[[""geostat_trade_export-country-1995-2026"",""1995-2025-years"",""AA81""],[""geostat_trade_domestic-export-country-2014-2026"",""2014-2025-years"",""H81""]]",derived
2019,goods,country,partner.1995-2025.180,reexports,0,numeric,unspecified,"[[""geostat_trade_export-country-1995-2026"",""1995-2025-years"",""AA82""],[""geostat_trade_domestic-export-country-2014-2026"",""2014-2025-years"",""H82""]]",derived
2019,goods,country,partner.1995-2025.188,reexports,0,numeric,unspecified,"[[""geostat_trade_export-country-1995-2026"",""1995-2025-years"",""AA83""],[""geostat_trade_domestic-export-country-2014-2026"",""2014-2025-years"",""H83""]]",derived
2019,goods,country,partner.1995-2025.191,reexports,102530.54373201300000,numeric,unspecified,"[[""geostat_trade_export-country-1995-2026"",""1995-2025-years"",""AA11""],[""geostat_trade_domestic-export-country-2014-2026"",""2014-2025-years"",""H11""]]",derived
2019,goods,country,partner.1995-2025.192,reexports,23.99999999989000,numeric,unspecified,"[[""geostat_trade_export-country-1995-2026"",""1995-2025-years"",""AA85""],[""geostat_trade_domestic-export-country-2014-2026"",""2014-2025-years"",""H85""]]",derived
2019,goods,country,partner.1995-2025.196,reexports,1959471.16556166743000,numeric,unspecified,"[[""geostat_trade_export-country-1995-2026"",""1995-2025-years"",""AA12""],[""geostat_trade_domestic-export-country-2014-2026"",""2014-2025-years"",""H12""]]",derived
2019,goods,country,partner.1995-2025.203,reexports,3019520.1184567575000,numeric,unspecified,"[[""geostat_trade_export-country-1995-2026"",""1995-2025-years"",""AA13""],[""geostat_trade_domestic-export-country-2014-2026"",""2014-2025-years"",""H13""]]",derived
2019,goods,country,partner.1995-2025.204,reexports,0,numeric,unspecified,"[[""geostat_trade_export-country-1995-2026"",""1995-2025-years"",""AA64""],[""geostat_trade_domestic-export-country-2014-2026"",""2014-2025-years"",""H64""]]",derived
2019,goods,country,partner.1995-2025.208,reexports,30272.36300226332000,numeric,unspecified,"[[""geostat_trade_export-country-1995-2026"",""1995-2025-years"",""AA14""],[""geostat_trade_domestic-export-country-2014-2026"",""2014-2025-years"",""H14""]]",derived
2019,goods,country,partner.1995-2025.212,reexports,0,numeric,unspecified,"[[""geostat_trade_export-country-1995-2026"",""1995-2025-years"",""AA87""],[""geostat_trade_domestic-export-country-2014-2026"",""2014-2025-years"",""H87""]]",derived
2019,goods,country,partner.1995-2025.214,reexports,0,numeric,unspecified,"[[""geostat_trade_export-country-1995-2026"",""1995-2025-years"",""AA88""],[""geostat_trade_domestic-export-country-2014-2026"",""2014-2025-years"",""H88""]]",derived
2019,goods,country,partner.1995-2025.218,reexports,68930.760000000021000,numeric,unspecified,"[[""geostat_trade_export-country-1995-2026"",""1995-2025-years"",""AA89""],[""geostat_trade_domestic-export-country-2014-2026"",""2014-2025-years"",""H89""]]",derived
2019,goods,country,partner.1995-2025.222,reexports,0,numeric,unspecified,"[[""geostat_trade_export-country-1995-2026"",""1995-2025-years"",""AA91""],[""geostat_trade_domestic-export-country-2014-2026"",""2014-2025-years"",""H91""]]",derived
2019,goods,country,partner.1995-2025.226,reexports,0,numeric,unspecified,"[[""geostat_trade_export-country-1995-2026"",""1995-2025-years"",""AA92""],[""geostat_trade_domestic-export-country-2014-2026"",""2014-2025-years"",""H92""]]",derived
2019,goods,country,partner.1995-2025.231,reexports,0,numeric,unspecified,"[[""geostat_trade_export-country-1995-2026"",""1995-2025-years"",""AA93""],[""geostat_trade_domestic-export-country-2014-2026"",""2014-2025-years"",""H93""]]",derived
2019,goods,country,partner.1995-2025.233,reexports,3435351.6075302400000,numeric,unspecified,"[[""geostat_trade_export-country-1995-2026"",""1995-2025-years"",""AA15""],[""geostat_trade_domestic-export-country-2014-2026"",""2014-2025-years"",""H15""]]",derived
2019,goods,country,partner.1995-2025.242,reexports,0,numeric,unspecified,"[[""geostat_trade_export-country-1995-2026"",""1995-2025-years"",""AA94""],[""geostat_trade_domestic-export-country-2014-2026"",""2014-2025-years"",""H94""]]",derived
2019,goods,country,partner.1995-2025.246,reexports,12051.20056497173000,numeric,unspecified,"[[""geostat_trade_export-country-1995-2026"",""1995-2025-years"",""AA16""],[""geostat_trade_domestic-export-country-2014-2026"",""2014-2025-years"",""H16""]]",derived
2019,goods,country,partner.1995-2025.250,reexports,848596.855085532000,numeric,unspecified,"[[""geostat_trade_export-country-1995-2026"",""1995-2025-years"",""AA17""],[""geostat_trade_domestic-export-country-2014-2026"",""2014-2025-years"",""H17""]]",derived
2019,goods,country,partner.1995-2025.258,reexports,0E-14,numeric,unspecified,"[[""geostat_trade_export-country-1995-2026"",""1995-2025-years"",""AA95""],[""geostat_trade_domestic-export-country-2014-2026"",""2014-2025-years"",""H95""]]",derived
2019,goods,country,partner.1995-2025.262,reexports,7288.8847444983211000,numeric,unspecified,"[[""geostat_trade_export-country-1995-2026"",""1995-2025-years"",""AA86""],[""geostat_trade_domestic-export-country-2014-2026"",""2014-2025-years"",""H86""]]",derived
2019,goods,country,partner.1995-2025.266,reexports,0,numeric,unspecified,"[[""geostat_trade_export-country-1995-2026"",""1995-2025-years"",""AA96""],[""geostat_trade_domestic-export-country-2014-2026"",""2014-2025-years"",""H96""]]",derived
2019,goods,country,partner.1995-2025.270,reexports,0,numeric,unspecified,"[[""geostat_trade_export-country-1995-2026"",""1995-2025-years"",""AA97""],[""geostat_trade_domestic-export-country-2014-2026"",""2014-2025-years"",""H97""]]",derived
2019,goods,country,partner.1995-2025.275,reexports,65700.0,numeric,unspecified,"[[""geostat_trade_export-country-1995-2026"",""1995-2025-years"",""AA174""],[""geostat_trade_domestic-export-country-2014-2026"",""2014-2025-years"",""H153""]]",derived
2019,goods,country,partner.1995-2025.276,reexports,12025716.624554669000,numeric,unspecified,"[[""geostat_trade_export-country-1995-2026"",""1995-2025-years"",""AA18""],[""geostat_trade_domestic-export-country-2014-2026"",""2014-2025-years"",""H18""]]",derived
2019,goods,country,partner.1995-2025.288,reexports,18704.493337364425000,numeric,unspecified,"[[""geostat_trade_export-country-1995-2026"",""1995-2025-years"",""AA98""],[""geostat_trade_domestic-export-country-2014-2026"",""2014-2025-years"",""H98""]]",derived
2019,goods,country,partner.1995-2025.292,reexports,0,numeric,unspecified,"[[""geostat_trade_export-country-1995-2026"",""1995-2025-years"",""AA99""],[""geostat_trade_domestic-export-country-2014-2026"",""2014-2025-years"",""H99""]]",derived
2019,goods,country,partner.1995-2025.300,reexports,620607.4356293074000,numeric,unspecified,"[[""geostat_trade_export-country-1995-2026"",""1995-2025-years"",""AA19""],[""geostat_trade_domestic-export-country-2014-2026"",""2014-2025-years"",""H19""]]",derived
2019,goods,country,partner.1995-2025.312,reexports,0,numeric,unspecified,"[[""geostat_trade_export-country-1995-2026"",""1995-2025-years"",""AA100""],[""geostat_trade_domestic-export-country-2014-2026"",""2014-2025-years"",""H100""]]",derived
2019,goods,country,partner.1995-2025.320,reexports,0,numeric,unspecified,"[[""geostat_trade_export-country-1995-2026"",""1995-2025-years"",""AA101""],[""geostat_trade_domestic-export-country-2014-2026"",""2014-2025-years"",""H101""]]",derived
2019,goods,country,partner.1995-2025.324,reexports,0E-15,numeric,unspecified,"[[""geostat_trade_export-country-1995-2026"",""1995-2025-years"",""AA103""],[""geostat_trade_domestic-export-country-2014-2026"",""2014-2025-years"",""H102""]]",derived
2019,goods,country,partner.1995-2025.332,reexports,0,numeric,unspecified,"[[""geostat_trade_export-country-1995-2026"",""1995-2025-years"",""AA105""],[""geostat_trade_domestic-export-country-2014-2026"",""2014-2025-years"",""H104""]]",derived
2019,goods,country,partner.1995-2025.336,reexports,0,numeric,unspecified,"[[""geostat_trade_export-country-1995-2026"",""1995-2025-years"",""AA106""],[""geostat_trade_domestic-export-country-2014-2026"",""2014-2025-years"",""H105""]]",derived
2019,goods,country,partner.1995-2025.340,reexports,0,numeric,unspecified,"[[""geostat_trade_export-country-1995-2026"",""1995-2025-years"",""AA107""],[""geostat_trade_domestic-export-country-2014-2026"",""2014-2025-years"",""H106""]]",derived
2019,goods,country,partner.1995-2025.344,reexports,6697484.1556026884000,numeric,unspecified,"[[""geostat_trade_export-country-1995-2026"",""1995-2025-years"",""AA108""],[""geostat_trade_domestic-export-country-2014-2026"",""2014-2025-years"",""H107""]]",derived
2019,goods,country,partner.1995-2025.348,reexports,112808.5012458173000,numeric,unspecified,"[[""geostat_trade_export-country-1995-2026"",""1995-2025-years"",""AA20""],[""geostat_trade_domestic-export-country-2014-2026"",""2014-2025-years"",""H20""]]",derived
2019,goods,country,partner.1995-2025.352,reexports,0E-16,numeric,unspecified,"[[""geostat_trade_export-country-1995-2026"",""1995-2025-years"",""AA109""],[""geostat_trade_domestic-export-country-2014-2026"",""2014-2025-years"",""H108""]]",derived
2019,goods,country,partner.1995-2025.356,reexports,1035900.5959281553000,numeric,unspecified,"[[""geostat_trade_export-country-1995-2026"",""1995-2025-years"",""AA110""],[""geostat_trade_domestic-export-country-2014-2026"",""2014-2025-years"",""H109""]]",derived
2019,goods,country,partner.1995-2025.360,reexports,0E-14,numeric,unspecified,"[[""geostat_trade_export-country-1995-2026"",""1995-2025-years"",""AA111""],[""geostat_trade_domestic-export-country-2014-2026"",""2014-2025-years"",""H110""]]",derived
2019,goods,country,partner.1995-2025.364,reexports,30278515.803071147000,numeric,unspecified,"[[""geostat_trade_export-country-1995-2026"",""1995-2025-years"",""AA112""],[""geostat_trade_domestic-export-country-2014-2026"",""2014-2025-years"",""H111""]]",derived
2019,goods,country,partner.1995-2025.368,reexports,3577054.921817129000,numeric,unspecified,"[[""geostat_trade_export-country-1995-2026"",""1995-2025-years"",""AA113""],[""geostat_trade_domestic-export-country-2014-2026"",""2014-2025-years"",""H112""]]",derived
2019,goods,country,partner.1995-2025.372,reexports,754370.00000000008000,numeric,unspecified,"[[""geostat_trade_export-country-1995-2026"",""1995-2025-years"",""AA21""],[""geostat_trade_domestic-export-country-2014-2026"",""2014-2025-years"",""H21""]]",derived
2019,goods,country,partner.1995-2025.376,reexports,8888786.1859976117000,numeric,unspecified,"[[""geostat_trade_export-country-1995-2026"",""1995-2025-years"",""AA114""],[""geostat_trade_domestic-export-country-2014-2026"",""2014-2025-years"",""H113""]]",derived
2019,goods,country,partner.1995-2025.380,reexports,774821.879441348000,numeric,unspecified,"[[""geostat_trade_export-country-1995-2026"",""1995-2025-years"",""AA22""],[""geostat_trade_domestic-export-country-2014-2026"",""2014-2025-years"",""H22""]]",derived
2019,goods,country,partner.1995-2025.384,reexports,0,numeric,unspecified,"[[""geostat_trade_export-country-1995-2026"",""1995-2025-years"",""AA84""],[""geostat_trade_domestic-export-country-2014-2026"",""2014-2025-years"",""H84""]]",derived
2019,goods,country,partner.1995-2025.388,reexports,0,numeric,unspecified,"[[""geostat_trade_export-country-1995-2026"",""1995-2025-years"",""AA115""],[""geostat_trade_domestic-export-country-2014-2026"",""2014-2025-years"",""H114""]]",derived
2019,goods,country,partner.1995-2025.392,reexports,2648984.4501670668000,numeric,unspecified,"[[""geostat_trade_export-country-1995-2026"",""1995-2025-years"",""AA116""],[""geostat_trade_domestic-export-country-2014-2026"",""2014-2025-years"",""H115""]]",derived
2019,goods,country,partner.1995-2025.398,reexports,21699640.369737746000,numeric,unspecified,"[[""geostat_trade_export-country-1995-2026"",""1995-2025-years"",""AA40""],[""geostat_trade_domestic-export-country-2014-2026"",""2014-2025-years"",""H40""]]",derived
2019,goods,country,partner.1995-2025.400,reexports,18154.87054688026000,numeric,unspecified,"[[""geostat_trade_export-country-1995-2026"",""1995-2025-years"",""AA117""],[""geostat_trade_domestic-export-country-2014-2026"",""2014-2025-years"",""H116""]]",derived
2019,goods,country,partner.1995-2025.404,reexports,101938.0000000006000,numeric,unspecified,"[[""geostat_trade_export-country-1995-2026"",""1995-2025-years"",""AA118""],[""geostat_trade_domestic-export-country-2014-2026"",""2014-2025-years"",""H117""]]",derived
2019,goods,country,partner.1995-2025.408,reexports,0,numeric,unspecified,"[[""geostat_trade_export-country-1995-2026"",""1995-2025-years"",""AA119""],[""geostat_trade_domestic-export-country-2014-2026"",""2014-2025-years"",""H119""]]",derived
2019,goods,country,partner.1995-2025.410,reexports,4022491.9088562446000,numeric,unspecified,"[[""geostat_trade_export-country-1995-2026"",""1995-2025-years"",""AA120""],[""geostat_trade_domestic-export-country-2014-2026"",""2014-2025-years"",""H118""]]",derived
2019,goods,country,partner.1995-2025.414,reexports,0E-12,numeric,unspecified,"[[""geostat_trade_export-country-1995-2026"",""1995-2025-years"",""AA121""],[""geostat_trade_domestic-export-country-2014-2026"",""2014-2025-years"",""H120""]]",derived
2019,goods,country,partner.1995-2025.417,reexports,73687329.8198630106000,numeric,unspecified,"[[""geostat_trade_export-country-1995-2026"",""1995-2025-years"",""AA41""],[""geostat_trade_domestic-export-country-2014-2026"",""2014-2025-years"",""H41""]]",derived
2019,goods,country,partner.1995-2025.418,reexports,0,numeric,unspecified,"[[""geostat_trade_export-country-1995-2026"",""1995-2025-years"",""AA122""],[""geostat_trade_domestic-export-country-2014-2026"",""2014-2025-years"",""H125""]]",derived
2019,goods,country,partner.1995-2025.422,reexports,377571.921763343548000,numeric,unspecified,"[[""geostat_trade_export-country-1995-2026"",""1995-2025-years"",""AA123""],[""geostat_trade_domestic-export-country-2014-2026"",""2014-2025-years"",""H121""]]",derived
2019,goods,country,partner.1995-2025.428,reexports,2773658.6059669704000,numeric,unspecified,"[[""geostat_trade_export-country-1995-2026"",""1995-2025-years"",""AA23""],[""geostat_trade_domestic-export-country-2014-2026"",""2014-2025-years"",""H23""]]",derived
2019,goods,country,partner.1995-2025.430,reexports,0,numeric,unspecified,"[[""geostat_trade_export-country-1995-2026"",""1995-2025-years"",""AA124""],[""geostat_trade_domestic-export-country-2014-2026"",""2014-2025-years"",""H122""]]",derived
2019,goods,country,partner.1995-2025.434,reexports,22750.00000000000000,numeric,unspecified,"[[""geostat_trade_export-country-1995-2026"",""1995-2025-years"",""AA125""],[""geostat_trade_domestic-export-country-2014-2026"",""2014-2025-years"",""H123""]]",derived
2019,goods,country,partner.1995-2025.438,reexports,0,numeric,unspecified,"[[""geostat_trade_export-country-1995-2026"",""1995-2025-years"",""AA126""],[""geostat_trade_domestic-export-country-2014-2026"",""2014-2025-years"",""H124""]]",derived
2019,goods,country,partner.1995-2025.440,reexports,3643280.252194367000,numeric,unspecified,"[[""geostat_trade_export-country-1995-2026"",""1995-2025-years"",""AA24""],[""geostat_trade_domestic-export-country-2014-2026"",""2014-2025-years"",""H24""]]",derived
2019,goods,country,partner.1995-2025.442,reexports,0E-15,numeric,unspecified,"[[""geostat_trade_export-country-1995-2026"",""1995-2025-years"",""AA25""],[""geostat_trade_domestic-export-country-2014-2026"",""2014-2025-years"",""H25""]]",derived
2019,goods,country,partner.1995-2025.446,reexports,0,numeric,unspecified,"[[""geostat_trade_export-country-1995-2026"",""1995-2025-years"",""AA127""],[""geostat_trade_domestic-export-country-2014-2026"",""2014-2025-years"",""H128""]]",derived
2019,goods,country,partner.1995-2025.450,reexports,0,numeric,unspecified,"[[""geostat_trade_export-country-1995-2026"",""1995-2025-years"",""AA128""],[""geostat_trade_domestic-export-country-2014-2026"",""2014-2025-years"",""H127""]]",derived
2019,goods,country,partner.1995-2025.454,reexports,0,numeric,unspecified,"[[""geostat_trade_export-country-1995-2026"",""1995-2025-years"",""AA129""],[""geostat_trade_domestic-export-country-2014-2026"",""2014-2025-years"",""H129""]]",derived
2019,goods,country,partner.1995-2025.458,reexports,0E-14,numeric,unspecified,"[[""geostat_trade_export-country-1995-2026"",""1995-2025-years"",""AA130""],[""geostat_trade_domestic-export-country-2014-2026"",""2014-2025-years"",""H130""]]",derived
2019,goods,country,partner.1995-2025.462,reexports,0,numeric,unspecified,"[[""geostat_trade_export-country-1995-2026"",""1995-2025-years"",""AA131""],[""geostat_trade_domestic-export-country-2014-2026"",""2014-2025-years"",""H131""]]",derived
2019,goods,country,partner.1995-2025.466,reexports,41771.45933928512000,numeric,unspecified,"[[""geostat_trade_export-country-1995-2026"",""1995-2025-years"",""AA132""],[""geostat_trade_domestic-export-country-2014-2026"",""2014-2025-years"",""H132""]]",derived
2019,goods,country,partner.1995-2025.470,reexports,587281.55358152042737000,numeric,unspecified,"[[""geostat_trade_export-country-1995-2026"",""1995-2025-years"",""AA26""],[""geostat_trade_domestic-export-country-2014-2026"",""2014-2025-years"",""H26""]]",derived
2019,goods,country,partner.1995-2025.474,reexports,0,numeric,unspecified,"[[""geostat_trade_export-country-1995-2026"",""1995-2025-years"",""AA134""],[""geostat_trade_domestic-export-country-2014-2026"",""2014-2025-years"",""H134""]]",derived
2019,goods,country,partner.1995-2025.478,reexports,0,numeric,unspecified,"[[""geostat_trade_export-country-1995-2026"",""1995-2025-years"",""AA135""],[""geostat_trade_domestic-export-country-2014-2026"",""2014-2025-years"",""H135""]]",derived
2019,goods,country,partner.1995-2025.480,reexports,0,numeric,unspecified,"[[""geostat_trade_export-country-1995-2026"",""1995-2025-years"",""AA136""],[""geostat_trade_domestic-export-country-2014-2026"",""2014-2025-years"",""H136""]]",derived
2019,goods,country,partner.1995-2025.484,reexports,68502.71999999994000,numeric,unspecified,"[[""geostat_trade_export-country-1995-2026"",""1995-2025-years"",""AA137""],[""geostat_trade_domestic-export-country-2014-2026"",""2014-2025-years"",""H137""]]",derived
2019,goods,country,partner.1995-2025.492,reexports,0E-15,numeric,unspecified,"[[""geostat_trade_export-country-1995-2026"",""1995-2025-years"",""AA138""],[""geostat_trade_domestic-export-country-2014-2026"",""2014-2025-years"",""H138""]]",derived
2019,goods,country,partner.1995-2025.496,reexports,123713.4489756383000,numeric,unspecified,"[[""geostat_trade_export-country-1995-2026"",""1995-2025-years"",""AA139""],[""geostat_trade_domestic-export-country-2014-2026"",""2014-2025-years"",""H139""]]",derived
2019,goods,country,partner.1995-2025.498,reexports,3300782.2310025349000,numeric,unspecified,"[[""geostat_trade_export-country-1995-2026"",""1995-2025-years"",""AA42""],[""geostat_trade_domestic-export-country-2014-2026"",""2014-2025-years"",""H42""]]",derived
2019,goods,country,partner.1995-2025.499,reexports,6429.99999999999000,numeric,unspecified,"[[""geostat_trade_export-country-1995-2026"",""1995-2025-years"",""AA140""],[""geostat_trade_domestic-export-country-2014-2026"",""2014-2025-years"",""H140""]]",derived
2019,goods,country,partner.1995-2025.504,reexports,35383.13665657637000,numeric,unspecified,"[[""geostat_trade_export-country-1995-2026"",""1995-2025-years"",""AA141""],[""geostat_trade_domestic-export-country-2014-2026"",""2014-2025-years"",""H141""]]",derived
2019,goods,country,partner.1995-2025.508,reexports,0,numeric,unspecified,"[[""geostat_trade_export-country-1995-2026"",""1995-2025-years"",""AA142""],[""geostat_trade_domestic-export-country-2014-2026"",""2014-2025-years"",""H142""]]",derived
2019,goods,country,partner.1995-2025.512,reexports,84637.9017390082746000,numeric,unspecified,"[[""geostat_trade_export-country-1995-2026"",""1995-2025-years"",""AA152""],[""geostat_trade_domestic-export-country-2014-2026"",""2014-2025-years"",""H151""]]",derived
2019,goods,country,partner.1995-2025.516,reexports,0,numeric,unspecified,"[[""geostat_trade_export-country-1995-2026"",""1995-2025-years"",""AA144""],[""geostat_trade_domestic-export-country-2014-2026"",""2014-2025-years"",""H144""]]",derived
2019,goods,country,partner.1995-2025.524,reexports,0E-15,numeric,unspecified,"[[""geostat_trade_export-country-1995-2026"",""1995-2025-years"",""AA145""],[""geostat_trade_domestic-export-country-2014-2026"",""2014-2025-years"",""H145""]]",derived
2019,goods,country,partner.1995-2025.528,reexports,18756770.4292553222000,numeric,unspecified,"[[""geostat_trade_export-country-1995-2026"",""1995-2025-years"",""AA27""],[""geostat_trade_domestic-export-country-2014-2026"",""2014-2025-years"",""H27""]]",derived
2019,goods,country,partner.1995-2025.534,reexports,0,numeric,unspecified,"[[""geostat_trade_export-country-1995-2026"",""1995-2025-years"",""AA170""],[""geostat_trade_domestic-export-country-2014-2026"",""2014-2025-years"",""H170""]]",derived
2019,goods,country,partner.1995-2025.554,reexports,3983.89344262296000,numeric,unspecified,"[[""geostat_trade_export-country-1995-2026"",""1995-2025-years"",""AA146""],[""geostat_trade_domestic-export-country-2014-2026"",""2014-2025-years"",""H146""]]",derived
2019,goods,country,partner.1995-2025.558,reexports,0,numeric,unspecified,"[[""geostat_trade_export-country-1995-2026"",""1995-2025-years"",""AA147""],[""geostat_trade_domestic-export-country-2014-2026"",""2014-2025-years"",""H147""]]",derived
2019,goods,country,partner.1995-2025.562,reexports,0E-15,numeric,unspecified,"[[""geostat_trade_export-country-1995-2026"",""1995-2025-years"",""AA148""],[""geostat_trade_domestic-export-country-2014-2026"",""2014-2025-years"",""H148""]]",derived
2019,goods,country,partner.1995-2025.566,reexports,16063.558089253917000,numeric,unspecified,"[[""geostat_trade_export-country-1995-2026"",""1995-2025-years"",""AA149""],[""geostat_trade_domestic-export-country-2014-2026"",""2014-2025-years"",""H149""]]",derived
2019,goods,country,partner.1995-2025.578,reexports,2728.690000000000000,numeric,unspecified,"[[""geostat_trade_export-country-1995-2026"",""1995-2025-years"",""AA151""],[""geostat_trade_domestic-export-country-2014-2026"",""2014-2025-years"",""H150""]]",derived
2019,goods,country,partner.1995-2025.584,reexports,0,numeric,unspecified,"[[""geostat_trade_export-country-1995-2026"",""1995-2025-years"",""AA133""],[""geostat_trade_domestic-export-country-2014-2026"",""2014-2025-years"",""H133""]]",derived
2019,goods,country,partner.1995-2025.586,reexports,324068.625715978571000,numeric,unspecified,"[[""geostat_trade_export-country-1995-2026"",""1995-2025-years"",""AA153""],[""geostat_trade_domestic-export-country-2014-2026"",""2014-2025-years"",""H152""]]",derived
2019,goods,country,partner.1995-2025.591,reexports,2314400.977284957911000,numeric,unspecified,"[[""geostat_trade_export-country-1995-2026"",""1995-2025-years"",""AA154""],[""geostat_trade_domestic-export-country-2014-2026"",""2014-2025-years"",""H154""]]",derived
2019,goods,country,partner.1995-2025.600,reexports,54598.12869427181199000,numeric,unspecified,"[[""geostat_trade_export-country-1995-2026"",""1995-2025-years"",""AA155""],[""geostat_trade_domestic-export-country-2014-2026"",""2014-2025-years"",""H155""]]",derived
2019,goods,country,partner.1995-2025.604,reexports,0E-12,numeric,unspecified,"[[""geostat_trade_export-country-1995-2026"",""1995-2025-years"",""AA156""],[""geostat_trade_domestic-export-country-2014-2026"",""2014-2025-years"",""H156""]]",derived
2019,goods,country,partner.1995-2025.608,reexports,16303.31920903950000,numeric,unspecified,"[[""geostat_trade_export-country-1995-2026"",""1995-2025-years"",""AA157""],[""geostat_trade_domestic-export-country-2014-2026"",""2014-2025-years"",""H157""]]",derived
2019,goods,country,partner.1995-2025.616,reexports,4805700.682380732000,numeric,unspecified,"[[""geostat_trade_export-country-1995-2026"",""1995-2025-years"",""AA28""],[""geostat_trade_domestic-export-country-2014-2026"",""2014-2025-years"",""H28""]]",derived
2019,goods,country,partner.1995-2025.620,reexports,64177.39240697563000,numeric,unspecified,"[[""geostat_trade_export-country-1995-2026"",""1995-2025-years"",""AA29""],[""geostat_trade_domestic-export-country-2014-2026"",""2014-2025-years"",""H29""]]",derived
2019,goods,country,partner.1995-2025.624,reexports,0,numeric,unspecified,"[[""geostat_trade_export-country-1995-2026"",""1995-2025-years"",""AA104""],[""geostat_trade_domestic-export-country-2014-2026"",""2014-2025-years"",""H103""]]",derived
2019,goods,country,partner.1995-2025.630,reexports,0,numeric,unspecified,"[[""geostat_trade_export-country-1995-2026"",""1995-2025-years"",""AA158""],[""geostat_trade_domestic-export-country-2014-2026"",""2014-2025-years"",""H158""]]",derived
2019,goods,country,partner.1995-2025.634,reexports,390118.37971724107000,numeric,unspecified,"[[""geostat_trade_export-country-1995-2026"",""1995-2025-years"",""AA159""],[""geostat_trade_domestic-export-country-2014-2026"",""2014-2025-years"",""H159""]]",derived
2019,goods,country,partner.1995-2025.642,reexports,408635.36364250000,numeric,unspecified,"[[""geostat_trade_export-country-1995-2026"",""1995-2025-years"",""AA30""],[""geostat_trade_domestic-export-country-2014-2026"",""2014-2025-years"",""H30""]]",derived
2019,goods,country,partner.1995-2025.643,reexports,58113946.33374957000,numeric,unspecified,"[[""geostat_trade_export-country-1995-2026"",""1995-2025-years"",""AA43""],[""geostat_trade_domestic-export-country-2014-2026"",""2014-2025-years"",""H43""]]",derived
2019,goods,country,partner.1995-2025.646,reexports,0E-15,numeric,unspecified,"[[""geostat_trade_export-country-1995-2026"",""1995-2025-years"",""AA160""],[""geostat_trade_domestic-export-country-2014-2026"",""2014-2025-years"",""H160""]]",derived
2019,goods,country,partner.1995-2025.660,reexports,0,numeric,unspecified,"[[""geostat_trade_export-country-1995-2026"",""1995-2025-years"",""AA55""],[""geostat_trade_domestic-export-country-2014-2026"",""2014-2025-years"",""H55""]]",derived
2019,goods,country,partner.1995-2025.670,reexports,0,numeric,unspecified,"[[""geostat_trade_export-country-1995-2026"",""1995-2025-years"",""AA161""],[""geostat_trade_domestic-export-country-2014-2026"",""2014-2025-years"",""H161""]]",derived
2019,goods,country,partner.1995-2025.674,reexports,0,numeric,unspecified,"[[""geostat_trade_export-country-1995-2026"",""1995-2025-years"",""AA162""],[""geostat_trade_domestic-export-country-2014-2026"",""2014-2025-years"",""H162""]]",derived
2019,goods,country,partner.1995-2025.682,reexports,2463.5093999605000,numeric,unspecified,"[[""geostat_trade_export-country-1995-2026"",""1995-2025-years"",""AA163""],[""geostat_trade_domestic-export-country-2014-2026"",""2014-2025-years"",""H163""]]",derived
2019,goods,country,partner.1995-2025.686,reexports,72600.0139149794725000,numeric,unspecified,"[[""geostat_trade_export-country-1995-2026"",""1995-2025-years"",""AA164""],[""geostat_trade_domestic-export-country-2014-2026"",""2014-2025-years"",""H164""]]",derived
2019,goods,country,partner.1995-2025.688,reexports,9019.34999999997000,numeric,unspecified,"[[""geostat_trade_export-country-1995-2026"",""1995-2025-years"",""AA165""],[""geostat_trade_domestic-export-country-2014-2026"",""2014-2025-years"",""H165""]]",derived
2019,goods,country,partner.1995-2025.690,reexports,0E-15,numeric,unspecified,"[[""geostat_trade_export-country-1995-2026"",""1995-2025-years"",""AA167""],[""geostat_trade_domestic-export-country-2014-2026"",""2014-2025-years"",""H167""]]",derived
2019,goods,country,partner.1995-2025.694,reexports,0,numeric,unspecified,"[[""geostat_trade_export-country-1995-2026"",""1995-2025-years"",""AA168""],[""geostat_trade_domestic-export-country-2014-2026"",""2014-2025-years"",""H168""]]",derived
2019,goods,country,partner.1995-2025.702,reexports,12346876.3887611406000,numeric,unspecified,"[[""geostat_trade_export-country-1995-2026"",""1995-2025-years"",""AA169""],[""geostat_trade_domestic-export-country-2014-2026"",""2014-2025-years"",""H169""]]",derived
2019,goods,country,partner.1995-2025.703,reexports,87059.67789480133000,numeric,unspecified,"[[""geostat_trade_export-country-1995-2026"",""1995-2025-years"",""AA31""],[""geostat_trade_domestic-export-country-2014-2026"",""2014-2025-years"",""H31""]]",derived
2019,goods,country,partner.1995-2025.704,reexports,4676384.0500000002000,numeric,unspecified,"[[""geostat_trade_export-country-1995-2026"",""1995-2025-years"",""AA193""],[""geostat_trade_domestic-export-country-2014-2026"",""2014-2025-years"",""H192""]]",derived
2019,goods,country,partner.1995-2025.705,reexports,1780805.08507948608000,numeric,unspecified,"[[""geostat_trade_export-country-1995-2026"",""1995-2025-years"",""AA32""],[""geostat_trade_domestic-export-country-2014-2026"",""2014-2025-years"",""H32""]]",derived
2019,goods,country,partner.1995-2025.706,reexports,17905.000000000001000,numeric,unspecified,"[[""geostat_trade_export-country-1995-2026"",""1995-2025-years"",""AA171""],[""geostat_trade_domestic-export-country-2014-2026"",""2014-2025-years"",""H171""]]",derived
2019,goods,country,partner.1995-2025.710,reexports,129349.77359382566000,numeric,unspecified,"[[""geostat_trade_export-country-1995-2026"",""1995-2025-years"",""AA172""],[""geostat_trade_domestic-export-country-2014-2026"",""2014-2025-years"",""H172""]]",derived
2019,goods,country,partner.1995-2025.716,reexports,0,numeric,unspecified,"[[""geostat_trade_export-country-1995-2026"",""1995-2025-years"",""AA198""],[""geostat_trade_domestic-export-country-2014-2026"",""2014-2025-years"",""H197""]]",derived
2019,goods,country,partner.1995-2025.724,reexports,2278627.782881696000,numeric,unspecified,"[[""geostat_trade_export-country-1995-2026"",""1995-2025-years"",""AA33""],[""geostat_trade_domestic-export-country-2014-2026"",""2014-2025-years"",""H33""]]",derived
2019,goods,country,partner.1995-2025.729,reexports,202004.486201689297000,numeric,unspecified,"[[""geostat_trade_export-country-1995-2026"",""1995-2025-years"",""AA175""],[""geostat_trade_domestic-export-country-2014-2026"",""2014-2025-years"",""H174""]]",derived
2019,goods,country,partner.1995-2025.740,reexports,0,numeric,unspecified,"[[""geostat_trade_export-country-1995-2026"",""1995-2025-years"",""AA176""],[""geostat_trade_domestic-export-country-2014-2026"",""2014-2025-years"",""H175""]]",derived
2019,goods,country,partner.1995-2025.752,reexports,163290.49616155385000,numeric,unspecified,"[[""geostat_trade_export-country-1995-2026"",""1995-2025-years"",""AA34""],[""geostat_trade_domestic-export-country-2014-2026"",""2014-2025-years"",""H34""]]",derived
2019,goods,country,partner.1995-2025.756,reexports,11657456.746234704000,numeric,unspecified,"[[""geostat_trade_export-country-1995-2026"",""1995-2025-years"",""AA177""],[""geostat_trade_domestic-export-country-2014-2026"",""2014-2025-years"",""H176""]]",derived
2019,goods,country,partner.1995-2025.760,reexports,70499.999999999997000,numeric,unspecified,"[[""geostat_trade_export-country-1995-2026"",""1995-2025-years"",""AA178""],[""geostat_trade_domestic-export-country-2014-2026"",""2014-2025-years"",""H177""]]",derived
2019,goods,country,partner.1995-2025.762,reexports,6204313.2939629123000,numeric,unspecified,"[[""geostat_trade_export-country-1995-2026"",""1995-2025-years"",""AA44""],[""geostat_trade_domestic-export-country-2014-2026"",""2014-2025-years"",""H44""]]",derived
2019,goods,country,partner.1995-2025.764,reexports,56246.40000000000000,numeric,unspecified,"[[""geostat_trade_export-country-1995-2026"",""1995-2025-years"",""AA181""],[""geostat_trade_domestic-export-country-2014-2026"",""2014-2025-years"",""H180""]]",derived
2019,goods,country,partner.1995-2025.768,reexports,0,numeric,unspecified,"[[""geostat_trade_export-country-1995-2026"",""1995-2025-years"",""AA182""],[""geostat_trade_domestic-export-country-2014-2026"",""2014-2025-years"",""H181""]]",derived
2019,goods,country,partner.1995-2025.780,reexports,0,numeric,unspecified,"[[""geostat_trade_export-country-1995-2026"",""1995-2025-years"",""AA183""],[""geostat_trade_domestic-export-country-2014-2026"",""2014-2025-years"",""H182""]]",derived
2019,goods,country,partner.1995-2025.784,reexports,53549614.334837425000,numeric,unspecified,"[[""geostat_trade_export-country-1995-2026"",""1995-2025-years"",""AA188""],[""geostat_trade_domestic-export-country-2014-2026"",""2014-2025-years"",""H187""]]",derived
2019,goods,country,partner.1995-2025.788,reexports,21358.9563815938000,numeric,unspecified,"[[""geostat_trade_export-country-1995-2026"",""1995-2025-years"",""AA184""],[""geostat_trade_domestic-export-country-2014-2026"",""2014-2025-years"",""H183""]]",derived
2019,goods,country,partner.1995-2025.792,reexports,14567353.93744556000,numeric,unspecified,"[[""geostat_trade_export-country-1995-2026"",""1995-2025-years"",""AA185""],[""geostat_trade_domestic-export-country-2014-2026"",""2014-2025-years"",""H184""]]",derived
2019,goods,country,partner.1995-2025.795,reexports,46248432.529926946000,numeric,unspecified,"[[""geostat_trade_export-country-1995-2026"",""1995-2025-years"",""AA45""],[""geostat_trade_domestic-export-country-2014-2026"",""2014-2025-years"",""H45""]]",derived
2019,goods,country,partner.1995-2025.796,reexports,0,numeric,unspecified,"[[""geostat_trade_export-country-1995-2026"",""1995-2025-years"",""AA186""],[""geostat_trade_domestic-export-country-2014-2026"",""2014-2025-years"",""H185""]]",derived
2019,goods,country,partner.1995-2025.800,reexports,0E-16,numeric,unspecified,"[[""geostat_trade_export-country-1995-2026"",""1995-2025-years"",""AA187""],[""geostat_trade_domestic-export-country-2014-2026"",""2014-2025-years"",""H186""]]",derived
2019,goods,country,partner.1995-2025.804,reexports,119195032.39603352000,numeric,unspecified,"[[""geostat_trade_export-country-1995-2026"",""1995-2025-years"",""AA46""],[""geostat_trade_domestic-export-country-2014-2026"",""2014-2025-years"",""H46""]]",derived
2019,goods,country,partner.1995-2025.818,reexports,439823.05855993971000,numeric,unspecified,"[[""geostat_trade_export-country-1995-2026"",""1995-2025-years"",""AA90""],[""geostat_trade_domestic-export-country-2014-2026"",""2014-2025-years"",""H90""]]",derived
2019,goods,country,partner.1995-2025.826,reexports,7912403.566618894000,numeric,unspecified,"[[""geostat_trade_export-country-1995-2026"",""1995-2025-years"",""AA189""],[""geostat_trade_domestic-export-country-2014-2026"",""2014-2025-years"",""H188""]]",derived
2019,goods,country,partner.1995-2025.834,reexports,474000.0000000000000,numeric,unspecified,"[[""geostat_trade_export-country-1995-2026"",""1995-2025-years"",""AA180""],[""geostat_trade_domestic-export-country-2014-2026"",""2014-2025-years"",""H179""]]",derived
2019,goods,country,partner.1995-2025.840,reexports,3583836.25009979000,numeric,unspecified,"[[""geostat_trade_export-country-1995-2026"",""1995-2025-years"",""AA190""],[""geostat_trade_domestic-export-country-2014-2026"",""2014-2025-years"",""H189""]]",derived
2019,goods,country,partner.1995-2025.850,reexports,0,numeric,unspecified,"[[""geostat_trade_export-country-1995-2026"",""1995-2025-years"",""AA195""],[""geostat_trade_domestic-export-country-2014-2026"",""2014-2025-years"",""H194""]]",derived
2019,goods,country,partner.1995-2025.854,reexports,0,numeric,unspecified,"[[""geostat_trade_export-country-1995-2026"",""1995-2025-years"",""AA70""],[""geostat_trade_domestic-export-country-2014-2026"",""2014-2025-years"",""H70""]]",derived
2019,goods,country,partner.1995-2025.858,reexports,0E-14,numeric,unspecified,"[[""geostat_trade_export-country-1995-2026"",""1995-2025-years"",""AA191""],[""geostat_trade_domestic-export-country-2014-2026"",""2014-2025-years"",""H190""]]",derived
2019,goods,country,partner.1995-2025.860,reexports,72743989.799694763000,numeric,unspecified,"[[""geostat_trade_export-country-1995-2026"",""1995-2025-years"",""AA47""],[""geostat_trade_domestic-export-country-2014-2026"",""2014-2025-years"",""H47""]]",derived
2019,goods,country,partner.1995-2025.862,reexports,0E-15,numeric,unspecified,"[[""geostat_trade_export-country-1995-2026"",""1995-2025-years"",""AA192""],[""geostat_trade_domestic-export-country-2014-2026"",""2014-2025-years"",""H191""]]",derived
2019,goods,country,partner.1995-2025.887,reexports,0,numeric,unspecified,"[[""geostat_trade_export-country-1995-2026"",""1995-2025-years"",""AA196""],[""geostat_trade_domestic-export-country-2014-2026"",""2014-2025-years"",""H195""]]",derived
2019,goods,country,partner.1995-2025.891,reexports,0,numeric,unspecified,"[[""geostat_trade_export-country-1995-2026"",""1995-2025-years"",""AA166""],[""geostat_trade_domestic-export-country-2014-2026"",""2014-2025-years"",""H166""]]",derived
2019,goods,country,partner.1995-2025.894,reexports,0,numeric,unspecified,"[[""geostat_trade_export-country-1995-2026"",""1995-2025-years"",""AA197""],[""geostat_trade_domestic-export-country-2014-2026"",""2014-2025-years"",""H196""]]",derived
2019,goods,national,goods.total,reexports,1444028783.4991902000000,numeric,unspecified,"[[""geostat_trade_ftrade-1995-2026"",""1995-2026"",""Z5""],[""geostat_trade_domestic-export-country-2014-2026"",""2014-2025-years"",""H5""]]",derived
2019,goods,national,goods.total,trade_balance,-5720926311.8792409000000,numeric,unspecified,"[[""geostat_trade_ftrade-1995-2026"",""1995-2026"",""Z5""],[""geostat_trade_ftrade-1995-2026"",""1995-2026"",""Z20""]]",derived
2019,goods,national,goods.total,trade_turnover,13315008728.8861173000000,numeric,unspecified,"[[""geostat_trade_ftrade-1995-2026"",""1995-2026"",""Z5""],[""geostat_trade_ftrade-1995-2026"",""1995-2026"",""Z20""]]",derived
2019,goods,product,goods.hs4.2015-2019.0102,reexports,0E-12,numeric,unspecified,"[[""geostat_trade_export-product-by-4-digit-2015-2026"",""2015-2019-years"",""G8""],[""geostat_trade_domestic-exports-by-4-digit-2014-2026"",""2015-2019-years"",""G7""]]",derived
2019,goods,product,goods.hs4.2015-2019.0104,reexports,0E-12,numeric,unspecified,"[[""geostat_trade_export-product-by-4-digit-2015-2026"",""2015-2019-years"",""G9""],[""geostat_trade_domestic-exports-by-4-digit-2014-2026"",""2015-2019-years"",""G8""]]",derived
2019,goods,product,goods.hs4.2015-2019.0105,reexports,140202.5061381732000,numeric,unspecified,"[[""geostat_trade_export-product-by-4-digit-2015-2026"",""2015-2019-years"",""G10""],[""geostat_trade_domestic-exports-by-4-digit-2014-2026"",""2015-2019-years"",""G9""]]",derived
2019,goods,product,goods.hs4.2015-2019.0204,reexports,0E-12,numeric,unspecified,"[[""geostat_trade_export-product-by-4-digit-2015-2026"",""2015-2019-years"",""G15""],[""geostat_trade_domestic-exports-by-4-digit-2014-2026"",""2015-2019-years"",""G10""]]",derived
2019,goods,product,goods.hs4.2015-2019.0207,reexports,4038406.5206165570000,numeric,unspecified,"[[""geostat_trade_export-product-by-4-digit-2015-2026"",""2015-2019-years"",""G17""],[""geostat_trade_domestic-exports-by-4-digit-2014-2026"",""2015-2019-years"",""G11""]]",derived
2019,goods,product,goods.hs4.2015-2019.0302,reexports,3123.26999999994000,numeric,unspecified,"[[""geostat_trade_export-product-by-4-digit-2015-2026"",""2015-2019-years"",""G21""],[""geostat_trade_domestic-exports-by-4-digit-2014-2026"",""2015-2019-years"",""G12""]]",derived
2019,goods,product,goods.hs4.2015-2019.0303,reexports,824726.7856460944000,numeric,unspecified,"[[""geostat_trade_export-product-by-4-digit-2015-2026"",""2015-2019-years"",""G22""],[""geostat_trade_domestic-exports-by-4-digit-2014-2026"",""2015-2019-years"",""G13""]]",derived
2019,goods,product,goods.hs4.2015-2019.0504,reexports,43040.5000000000000,numeric,unspecified,"[[""geostat_trade_export-product-by-4-digit-2015-2026"",""2015-2019-years"",""G36""],[""geostat_trade_domestic-exports-by-4-digit-2014-2026"",""2015-2019-years"",""G14""]]",derived
2019,goods,product,goods.hs4.2015-2019.0701,reexports,130.34655260799000,numeric,unspecified,"[[""geostat_trade_export-product-by-4-digit-2015-2026"",""2015-2019-years"",""G43""],[""geostat_trade_domestic-exports-by-4-digit-2014-2026"",""2015-2019-years"",""G15""]]",derived
2019,goods,product,goods.hs4.2015-2019.0702,reexports,170085.4307463633000,numeric,unspecified,"[[""geostat_trade_export-product-by-4-digit-2015-2026"",""2015-2019-years"",""G44""],[""geostat_trade_domestic-exports-by-4-digit-2014-2026"",""2015-2019-years"",""G16""]]",derived
2019,goods,product,goods.hs4.2015-2019.0707,reexports,8362.6700000002000,numeric,unspecified,"[[""geostat_trade_export-product-by-4-digit-2015-2026"",""2015-2019-years"",""G49""],[""geostat_trade_domestic-exports-by-4-digit-2014-2026"",""2015-2019-years"",""G17""]]",derived
2019,goods,product,goods.hs4.2015-2019.0709,reexports,341897.2685439367000,numeric,unspecified,"[[""geostat_trade_export-product-by-4-digit-2015-2026"",""2015-2019-years"",""G51""],[""geostat_trade_domestic-exports-by-4-digit-2014-2026"",""2015-2019-years"",""G18""]]",derived
2019,goods,product,goods.hs4.2015-2019.0802,reexports,1872804.080984162000,numeric,unspecified,"[[""geostat_trade_export-product-by-4-digit-2015-2026"",""2015-2019-years"",""G58""],[""geostat_trade_domestic-exports-by-4-digit-2014-2026"",""2015-2019-years"",""G19""]]",derived
2019,goods,product,goods.hs4.2015-2019.0805,reexports,5252210.653731723000,numeric,unspecified,"[[""geostat_trade_export-product-by-4-digit-2015-2026"",""2015-2019-years"",""G61""],[""geostat_trade_domestic-exports-by-4-digit-2014-2026"",""2015-2019-years"",""G20""]]",derived
2019,goods,product,goods.hs4.2015-2019.0808,reexports,276825.8169689643000,numeric,unspecified,"[[""geostat_trade_export-product-by-4-digit-2015-2026"",""2015-2019-years"",""G64""],[""geostat_trade_domestic-exports-by-4-digit-2014-2026"",""2015-2019-years"",""G21""]]",derived
2019,goods,product,goods.hs4.2015-2019.0809,reexports,21011.717814637000,numeric,unspecified,"[[""geostat_trade_export-product-by-4-digit-2015-2026"",""2015-2019-years"",""G65""],[""geostat_trade_domestic-exports-by-4-digit-2014-2026"",""2015-2019-years"",""G22""]]",derived
2019,goods,product,goods.hs4.2015-2019.0810,reexports,412680.2066354767000,numeric,unspecified,"[[""geostat_trade_export-product-by-4-digit-2015-2026"",""2015-2019-years"",""G66""],[""geostat_trade_domestic-exports-by-4-digit-2014-2026"",""2015-2019-years"",""G23""]]",derived
2019,goods,product,goods.hs4.2015-2019.0813,reexports,6397.1624485480000,numeric,unspecified,"[[""geostat_trade_export-product-by-4-digit-2015-2026"",""2015-2019-years"",""G69""],[""geostat_trade_domestic-exports-by-4-digit-2014-2026"",""2015-2019-years"",""G24""]]",derived
2019,goods,product,goods.hs4.2015-2019.0902,reexports,542789.7804758650000,numeric,unspecified,"[[""geostat_trade_export-product-by-4-digit-2015-2026"",""2015-2019-years"",""G72""],[""geostat_trade_domestic-exports-by-4-digit-2014-2026"",""2015-2019-years"",""G25""]]",derived
2019,goods,product,goods.hs4.2015-2019.0910,reexports,225588.071382883000,numeric,unspecified,"[[""geostat_trade_export-product-by-4-digit-2015-2026"",""2015-2019-years"",""G79""],[""geostat_trade_domestic-exports-by-4-digit-2014-2026"",""2015-2019-years"",""G26""]]",derived
2019,goods,product,goods.hs4.2015-2019.1003,reexports,0E-12,numeric,unspecified,"[[""geostat_trade_export-product-by-4-digit-2015-2026"",""2015-2019-years"",""G81""],[""geostat_trade_domestic-exports-by-4-digit-2014-2026"",""2015-2019-years"",""G27""]]",derived
2019,goods,product,goods.hs4.2015-2019.1005,reexports,77826.95015702606000,numeric,unspecified,"[[""geostat_trade_export-product-by-4-digit-2015-2026"",""2015-2019-years"",""G82""],[""geostat_trade_domestic-exports-by-4-digit-2014-2026"",""2015-2019-years"",""G28""]]",derived
2019,goods,product,goods.hs4.2015-2019.1106,reexports,1204.5756527595000,numeric,unspecified,"[[""geostat_trade_export-product-by-4-digit-2015-2026"",""2015-2019-years"",""G89""],[""geostat_trade_domestic-exports-by-4-digit-2014-2026"",""2015-2019-years"",""G29""]]",derived
2019,goods,product,goods.hs4.2015-2019.1206,reexports,0E-13,numeric,unspecified,"[[""geostat_trade_export-product-by-4-digit-2015-2026"",""2015-2019-years"",""G95""],[""geostat_trade_domestic-exports-by-4-digit-2014-2026"",""2015-2019-years"",""G30""]]",derived
2019,goods,product,goods.hs4.2015-2019.1211,reexports,231389.4508046578000,numeric,unspecified,"[[""geostat_trade_export-product-by-4-digit-2015-2026"",""2015-2019-years"",""G100""],[""geostat_trade_domestic-exports-by-4-digit-2014-2026"",""2015-2019-years"",""G31""]]",derived
2019,goods,product,goods.hs4.2015-2019.1504,reexports,13497.9999999996000,numeric,unspecified,"[[""geostat_trade_export-product-by-4-digit-2015-2026"",""2015-2019-years"",""G109""],[""geostat_trade_domestic-exports-by-4-digit-2014-2026"",""2015-2019-years"",""G32""]]",derived
2019,goods,product,goods.hs4.2015-2019.1515,reexports,109217.8447918743000,numeric,unspecified,"[[""geostat_trade_export-product-by-4-digit-2015-2026"",""2015-2019-years"",""G119""],[""geostat_trade_domestic-exports-by-4-digit-2014-2026"",""2015-2019-years"",""G33""]]",derived
2019,goods,product,goods.hs4.2015-2019.1516,reexports,597610.8336843822000,numeric,unspecified,"[[""geostat_trade_export-product-by-4-digit-2015-2026"",""2015-2019-years"",""G120""],[""geostat_trade_domestic-exports-by-4-digit-2014-2026"",""2015-2019-years"",""G34""]]",derived
2019,goods,product,goods.hs4.2015-2019.1806,reexports,341017.9090766200000,numeric,unspecified,"[[""geostat_trade_export-product-by-4-digit-2015-2026"",""2015-2019-years"",""G134""],[""geostat_trade_domestic-exports-by-4-digit-2014-2026"",""2015-2019-years"",""G35""]]",derived
2019,goods,product,goods.hs4.2015-2019.2007,reexports,3.1228981457000,numeric,unspecified,"[[""geostat_trade_export-product-by-4-digit-2015-2026"",""2015-2019-years"",""G146""],[""geostat_trade_domestic-exports-by-4-digit-2014-2026"",""2015-2019-years"",""G36""]]",derived
2019,goods,product,goods.hs4.2015-2019.2008,reexports,42982.987205097000,numeric,unspecified,"[[""geostat_trade_export-product-by-4-digit-2015-2026"",""2015-2019-years"",""G147""],[""geostat_trade_domestic-exports-by-4-digit-2014-2026"",""2015-2019-years"",""G37""]]",derived
2019,goods,product,goods.hs4.2015-2019.2009,reexports,1936.9506371849000,numeric,unspecified,"[[""geostat_trade_export-product-by-4-digit-2015-2026"",""2015-2019-years"",""G148""],[""geostat_trade_domestic-exports-by-4-digit-2014-2026"",""2015-2019-years"",""G38""]]",derived
2019,goods,product,goods.hs4.2015-2019.2101,reexports,351140.5108504934000,numeric,unspecified,"[[""geostat_trade_export-product-by-4-digit-2015-2026"",""2015-2019-years"",""G149""],[""geostat_trade_domestic-exports-by-4-digit-2014-2026"",""2015-2019-years"",""G39""]]",derived
2019,goods,product,goods.hs4.2015-2019.2103,reexports,63832.9164079511000,numeric,unspecified,"[[""geostat_trade_export-product-by-4-digit-2015-2026"",""2015-2019-years"",""G151""],[""geostat_trade_domestic-exports-by-4-digit-2014-2026"",""2015-2019-years"",""G40""]]",derived
2019,goods,product,goods.hs4.2015-2019.2106,reexports,5704098.1611624889000,numeric,unspecified,"[[""geostat_trade_export-product-by-4-digit-2015-2026"",""2015-2019-years"",""G154""],[""geostat_trade_domestic-exports-by-4-digit-2014-2026"",""2015-2019-years"",""G41""]]",derived
2019,goods,product,goods.hs4.2015-2019.2201,reexports,23700.59498132000,numeric,unspecified,"[[""geostat_trade_export-product-by-4-digit-2015-2026"",""2015-2019-years"",""G155""],[""geostat_trade_domestic-exports-by-4-digit-2014-2026"",""2015-2019-years"",""G42""]]",derived
2019,goods,product,goods.hs4.2015-2019.2202,reexports,386954.756925581000,numeric,unspecified,"[[""geostat_trade_export-product-by-4-digit-2015-2026"",""2015-2019-years"",""G156""],[""geostat_trade_domestic-exports-by-4-digit-2014-2026"",""2015-2019-years"",""G43""]]",derived
2019,goods,product,goods.hs4.2015-2019.2203,reexports,1648453.7948557970000,numeric,unspecified,"[[""geostat_trade_export-product-by-4-digit-2015-2026"",""2015-2019-years"",""G157""],[""geostat_trade_domestic-exports-by-4-digit-2014-2026"",""2015-2019-years"",""G44""]]",derived
2019,goods,product,goods.hs4.2015-2019.2204,reexports,1388970.10678236000,numeric,unspecified,"[[""geostat_trade_export-product-by-4-digit-2015-2026"",""2015-2019-years"",""G158""],[""geostat_trade_domestic-exports-by-4-digit-2014-2026"",""2015-2019-years"",""G45""]]",derived
2019,goods,product,goods.hs4.2015-2019.2208,reexports,28246667.632280546000,numeric,unspecified,"[[""geostat_trade_export-product-by-4-digit-2015-2026"",""2015-2019-years"",""G162""],[""geostat_trade_domestic-exports-by-4-digit-2014-2026"",""2015-2019-years"",""G46""]]",derived
2019,goods,product,goods.hs4.2015-2019.2301,reexports,0E-13,numeric,unspecified,"[[""geostat_trade_export-product-by-4-digit-2015-2026"",""2015-2019-years"",""G164""],[""geostat_trade_domestic-exports-by-4-digit-2014-2026"",""2015-2019-years"",""G47""]]",derived
2019,goods,product,goods.hs4.2015-2019.2309,reexports,158836.1539504586000,numeric,unspecified,"[[""geostat_trade_export-product-by-4-digit-2015-2026"",""2015-2019-years"",""G170""],[""geostat_trade_domestic-exports-by-4-digit-2014-2026"",""2015-2019-years"",""G48""]]",derived
2019,goods,product,goods.hs4.2015-2019.2508,reexports,0E-13,numeric,unspecified,"[[""geostat_trade_export-product-by-4-digit-2015-2026"",""2015-2019-years"",""G180""],[""geostat_trade_domestic-exports-by-4-digit-2014-2026"",""2015-2019-years"",""G49""]]",derived
2019,goods,product,goods.hs4.2015-2019.2522,reexports,0E-13,numeric,unspecified,"[[""geostat_trade_export-product-by-4-digit-2015-2026"",""2015-2019-years"",""G192""],[""geostat_trade_domestic-exports-by-4-digit-2014-2026"",""2015-2019-years"",""G50""]]",derived
2019,goods,product,goods.hs4.2015-2019.2602,reexports,365696.8800000004000,numeric,unspecified,"[[""geostat_trade_export-product-by-4-digit-2015-2026"",""2015-2019-years"",""G199""],[""geostat_trade_domestic-exports-by-4-digit-2014-2026"",""2015-2019-years"",""G51""]]",derived
2019,goods,product,goods.hs4.2015-2019.2603,reexports,0E-11,numeric,unspecified,"[[""geostat_trade_export-product-by-4-digit-2015-2026"",""2015-2019-years"",""G200""],[""geostat_trade_domestic-exports-by-4-digit-2014-2026"",""2015-2019-years"",""G52""]]",derived
2019,goods,product,goods.hs4.2015-2019.2616,reexports,0E-12,numeric,unspecified,"[[""geostat_trade_export-product-by-4-digit-2015-2026"",""2015-2019-years"",""G205""],[""geostat_trade_domestic-exports-by-4-digit-2014-2026"",""2015-2019-years"",""G53""]]",derived
2019,goods,product,goods.hs4.2015-2019.2710,reexports,8165843.232844341000,numeric,unspecified,"[[""geostat_trade_export-product-by-4-digit-2015-2026"",""2015-2019-years"",""G215""],[""geostat_trade_domestic-exports-by-4-digit-2014-2026"",""2015-2019-years"",""G54""]]",derived
2019,goods,product,goods.hs4.2015-2019.2716,reexports,0E-13,numeric,unspecified,"[[""geostat_trade_export-product-by-4-digit-2015-2026"",""2015-2019-years"",""G220""],[""geostat_trade_domestic-exports-by-4-digit-2014-2026"",""2015-2019-years"",""G55""]]",derived
2019,goods,product,goods.hs4.2015-2019.2820,reexports,0E-12,numeric,unspecified,"[[""geostat_trade_export-product-by-4-digit-2015-2026"",""2015-2019-years"",""G233""],[""geostat_trade_domestic-exports-by-4-digit-2014-2026"",""2015-2019-years"",""G56""]]",derived
2019,goods,product,goods.hs4.2015-2019.2837,reexports,0.0000,numeric,unspecified,"[[""geostat_trade_export-product-by-4-digit-2015-2026"",""2015-2019-years"",""G246""],[""geostat_trade_domestic-exports-by-4-digit-2014-2026"",""2015-2019-years"",""G57""]]",derived
2019,goods,product,goods.hs4.2015-2019.3004,reexports,158764010.189367884000,numeric,unspecified,"[[""geostat_trade_export-product-by-4-digit-2015-2026"",""2015-2019-years"",""G293""],[""geostat_trade_domestic-exports-by-4-digit-2014-2026"",""2015-2019-years"",""G58""]]",derived
2019,goods,product,goods.hs4.2015-2019.3006,reexports,1512130.3580971887000,numeric,unspecified,"[[""geostat_trade_export-product-by-4-digit-2015-2026"",""2015-2019-years"",""G295""],[""geostat_trade_domestic-exports-by-4-digit-2014-2026"",""2015-2019-years"",""G59""]]",derived
2019,goods,product,goods.hs4.2015-2019.3102,reexports,62361.473689001000,numeric,unspecified,"[[""geostat_trade_export-product-by-4-digit-2015-2026"",""2015-2019-years"",""G297""],[""geostat_trade_domestic-exports-by-4-digit-2014-2026"",""2015-2019-years"",""G60""]]",derived
2019,goods,product,goods.hs4.2015-2019.3923,reexports,393876.6953241511000,numeric,unspecified,"[[""geostat_trade_export-product-by-4-digit-2015-2026"",""2015-2019-years"",""G390""],[""geostat_trade_domestic-exports-by-4-digit-2014-2026"",""2015-2019-years"",""G61""]]",derived
2019,goods,product,goods.hs4.2015-2019.3926,reexports,2170579.3928855201000,numeric,unspecified,"[[""geostat_trade_export-product-by-4-digit-2015-2026"",""2015-2019-years"",""G393""],[""geostat_trade_domestic-exports-by-4-digit-2014-2026"",""2015-2019-years"",""G62""]]",derived
2019,goods,product,goods.hs4.2015-2019.4407,reexports,2945502.136474337000,numeric,unspecified,"[[""geostat_trade_export-product-by-4-digit-2015-2026"",""2015-2019-years"",""G430""],[""geostat_trade_domestic-exports-by-4-digit-2014-2026"",""2015-2019-years"",""G63""]]",derived
2019,goods,product,goods.hs4.2015-2019.4410,reexports,54082.0980604348000,numeric,unspecified,"[[""geostat_trade_export-product-by-4-digit-2015-2026"",""2015-2019-years"",""G433""],[""geostat_trade_domestic-exports-by-4-digit-2014-2026"",""2015-2019-years"",""G64""]]",derived
2019,goods,product,goods.hs4.2015-2019.4418,reexports,153925.8499999996000,numeric,unspecified,"[[""geostat_trade_export-product-by-4-digit-2015-2026"",""2015-2019-years"",""G441""],[""geostat_trade_domestic-exports-by-4-digit-2014-2026"",""2015-2019-years"",""G65""]]",derived
2019,goods,product,goods.hs4.2015-2019.4421,reexports,15217.68672299000,numeric,unspecified,"[[""geostat_trade_export-product-by-4-digit-2015-2026"",""2015-2019-years"",""G444""],[""geostat_trade_domestic-exports-by-4-digit-2014-2026"",""2015-2019-years"",""G66""]]",derived
2019,goods,product,goods.hs4.2015-2019.4707,reexports,0E-13,numeric,unspecified,"[[""geostat_trade_export-product-by-4-digit-2015-2026"",""2015-2019-years"",""G450""],[""geostat_trade_domestic-exports-by-4-digit-2014-2026"",""2015-2019-years"",""G67""]]",derived
2019,goods,product,goods.hs4.2015-2019.4805,reexports,120.6814589707000,numeric,unspecified,"[[""geostat_trade_export-product-by-4-digit-2015-2026"",""2015-2019-years"",""G455""],[""geostat_trade_domestic-exports-by-4-digit-2014-2026"",""2015-2019-years"",""G68""]]",derived
2019,goods,product,goods.hs4.2015-2019.5605,reexports,0E-13,numeric,unspecified,"[[""geostat_trade_export-product-by-4-digit-2015-2026"",""2015-2019-years"",""G519""],[""geostat_trade_domestic-exports-by-4-digit-2014-2026"",""2015-2019-years"",""G69""]]",derived
2019,goods,product,goods.hs4.2015-2019.6102,reexports,12711.4065207281000,numeric,unspecified,"[[""geostat_trade_export-product-by-4-digit-2015-2026"",""2015-2019-years"",""G553""],[""geostat_trade_domestic-exports-by-4-digit-2014-2026"",""2015-2019-years"",""G70""]]",derived
2019,goods,product,goods.hs4.2015-2019.6103,reexports,705782.852185195000,numeric,unspecified,"[[""geostat_trade_export-product-by-4-digit-2015-2026"",""2015-2019-years"",""G554""],[""geostat_trade_domestic-exports-by-4-digit-2014-2026"",""2015-2019-years"",""G71""]]",derived
2019,goods,product,goods.hs4.2015-2019.6104,reexports,577049.3182978371000,numeric,unspecified,"[[""geostat_trade_export-product-by-4-digit-2015-2026"",""2015-2019-years"",""G555""],[""geostat_trade_domestic-exports-by-4-digit-2014-2026"",""2015-2019-years"",""G72""]]",derived
2019,goods,product,goods.hs4.2015-2019.6109,reexports,877579.438274021000,numeric,unspecified,"[[""geostat_trade_export-product-by-4-digit-2015-2026"",""2015-2019-years"",""G560""],[""geostat_trade_domestic-exports-by-4-digit-2014-2026"",""2015-2019-years"",""G73""]]",derived
2019,goods,product,goods.hs4.2015-2019.6110,reexports,828988.4411099401000,numeric,unspecified,"[[""geostat_trade_export-product-by-4-digit-2015-2026"",""2015-2019-years"",""G561""],[""geostat_trade_domestic-exports-by-4-digit-2014-2026"",""2015-2019-years"",""G74""]]",derived
2019,goods,product,goods.hs4.2015-2019.6201,reexports,152222.6483093020000,numeric,unspecified,"[[""geostat_trade_export-product-by-4-digit-2015-2026"",""2015-2019-years"",""G569""],[""geostat_trade_domestic-exports-by-4-digit-2014-2026"",""2015-2019-years"",""G75""]]",derived
2019,goods,product,goods.hs4.2015-2019.6202,reexports,139227.0590900689000,numeric,unspecified,"[[""geostat_trade_export-product-by-4-digit-2015-2026"",""2015-2019-years"",""G570""],[""geostat_trade_domestic-exports-by-4-digit-2014-2026"",""2015-2019-years"",""G76""]]",derived
2019,goods,product,goods.hs4.2015-2019.6203,reexports,1157606.0818425608000,numeric,unspecified,"[[""geostat_trade_export-product-by-4-digit-2015-2026"",""2015-2019-years"",""G571""],[""geostat_trade_domestic-exports-by-4-digit-2014-2026"",""2015-2019-years"",""G77""]]",derived
2019,goods,product,goods.hs4.2015-2019.6204,reexports,1439811.424501140000,numeric,unspecified,"[[""geostat_trade_export-product-by-4-digit-2015-2026"",""2015-2019-years"",""G572""],[""geostat_trade_domestic-exports-by-4-digit-2014-2026"",""2015-2019-years"",""G78""]]",derived
2019,goods,product,goods.hs4.2015-2019.6206,reexports,484412.2176912287000,numeric,unspecified,"[[""geostat_trade_export-product-by-4-digit-2015-2026"",""2015-2019-years"",""G574""],[""geostat_trade_domestic-exports-by-4-digit-2014-2026"",""2015-2019-years"",""G79""]]",derived
2019,goods,product,goods.hs4.2015-2019.6212,reexports,295018.3767291264000,numeric,unspecified,"[[""geostat_trade_export-product-by-4-digit-2015-2026"",""2015-2019-years"",""G580""],[""geostat_trade_domestic-exports-by-4-digit-2014-2026"",""2015-2019-years"",""G80""]]",derived
2019,goods,product,goods.hs4.2015-2019.6305,reexports,5580.9999999999000,numeric,unspecified,"[[""geostat_trade_export-product-by-4-digit-2015-2026"",""2015-2019-years"",""G590""],[""geostat_trade_domestic-exports-by-4-digit-2014-2026"",""2015-2019-years"",""G81""]]",derived
2019,goods,product,goods.hs4.2015-2019.6403,reexports,577508.9642257487000,numeric,unspecified,"[[""geostat_trade_export-product-by-4-digit-2015-2026"",""2015-2019-years"",""G597""],[""geostat_trade_domestic-exports-by-4-digit-2014-2026"",""2015-2019-years"",""G82""]]",derived
2019,goods,product,goods.hs4.2015-2019.6809,reexports,0E-13,numeric,unspecified,"[[""geostat_trade_export-product-by-4-digit-2015-2026"",""2015-2019-years"",""G620""],[""geostat_trade_domestic-exports-by-4-digit-2014-2026"",""2015-2019-years"",""G83""]]",derived
2019,goods,product,goods.hs4.2015-2019.7010,reexports,365219.9960454054000,numeric,unspecified,"[[""geostat_trade_export-product-by-4-digit-2015-2026"",""2015-2019-years"",""G644""],[""geostat_trade_domestic-exports-by-4-digit-2014-2026"",""2015-2019-years"",""G84""]]",derived
2019,goods,product,goods.hs4.2015-2019.7108,reexports,0E-12,numeric,unspecified,"[[""geostat_trade_export-product-by-4-digit-2015-2026"",""2015-2019-years"",""G658""],[""geostat_trade_domestic-exports-by-4-digit-2014-2026"",""2015-2019-years"",""G85""]]",derived
2019,goods,product,goods.hs4.2015-2019.7112,reexports,0E-12,numeric,unspecified,"[[""geostat_trade_export-product-by-4-digit-2015-2026"",""2015-2019-years"",""G660""],[""geostat_trade_domestic-exports-by-4-digit-2014-2026"",""2015-2019-years"",""G86""]]",derived
2019,goods,product,goods.hs4.2015-2019.7115,reexports,0E-13,numeric,unspecified,"[[""geostat_trade_export-product-by-4-digit-2015-2026"",""2015-2019-years"",""G663""],[""geostat_trade_domestic-exports-by-4-digit-2014-2026"",""2015-2019-years"",""G87""]]",derived
2019,goods,product,goods.hs4.2015-2019.7202,reexports,851085.75278655000,numeric,unspecified,"[[""geostat_trade_export-product-by-4-digit-2015-2026"",""2015-2019-years"",""G668""],[""geostat_trade_domestic-exports-by-4-digit-2014-2026"",""2015-2019-years"",""G88""]]",derived
2019,goods,product,goods.hs4.2015-2019.7204,reexports,197.5192248437000,numeric,unspecified,"[[""geostat_trade_export-product-by-4-digit-2015-2026"",""2015-2019-years"",""G670""],[""geostat_trade_domestic-exports-by-4-digit-2014-2026"",""2015-2019-years"",""G89""]]",derived
2019,goods,product,goods.hs4.2015-2019.7207,reexports,0E-12,numeric,unspecified,"[[""geostat_trade_export-product-by-4-digit-2015-2026"",""2015-2019-years"",""G673""],[""geostat_trade_domestic-exports-by-4-digit-2014-2026"",""2015-2019-years"",""G90""]]",derived
2019,goods,product,goods.hs4.2015-2019.7214,reexports,212456.2200000018000,numeric,unspecified,"[[""geostat_trade_export-product-by-4-digit-2015-2026"",""2015-2019-years"",""G680""],[""geostat_trade_domestic-exports-by-4-digit-2014-2026"",""2015-2019-years"",""G91""]]",derived
2019,goods,product,goods.hs4.2015-2019.7304,reexports,2903788.431695704000,numeric,unspecified,"[[""geostat_trade_export-product-by-4-digit-2015-2026"",""2015-2019-years"",""G695""],[""geostat_trade_domestic-exports-by-4-digit-2014-2026"",""2015-2019-years"",""G92""]]",derived
2019,goods,product,goods.hs4.2015-2019.7307,reexports,465064.07586817775000,numeric,unspecified,"[[""geostat_trade_export-product-by-4-digit-2015-2026"",""2015-2019-years"",""G698""],[""geostat_trade_domestic-exports-by-4-digit-2014-2026"",""2015-2019-years"",""G93""]]",derived
2019,goods,product,goods.hs4.2015-2019.7326,reexports,2528101.1410591850000,numeric,unspecified,"[[""geostat_trade_export-product-by-4-digit-2015-2026"",""2015-2019-years"",""G717""],[""geostat_trade_domestic-exports-by-4-digit-2014-2026"",""2015-2019-years"",""G94""]]",derived
2019,goods,product,goods.hs4.2015-2019.7404,reexports,349891.169649640000,numeric,unspecified,"[[""geostat_trade_export-product-by-4-digit-2015-2026"",""2015-2019-years"",""G719""],[""geostat_trade_domestic-exports-by-4-digit-2014-2026"",""2015-2019-years"",""G95""]]",derived
2019,goods,product,goods.hs4.2015-2019.7601,reexports,0E-12,numeric,unspecified,"[[""geostat_trade_export-product-by-4-digit-2015-2026"",""2015-2019-years"",""G730""],[""geostat_trade_domestic-exports-by-4-digit-2014-2026"",""2015-2019-years"",""G96""]]",derived
2019,goods,product,goods.hs4.2015-2019.7602,reexports,0E-13,numeric,unspecified,"[[""geostat_trade_export-product-by-4-digit-2015-2026"",""2015-2019-years"",""G731""],[""geostat_trade_domestic-exports-by-4-digit-2014-2026"",""2015-2019-years"",""G97""]]",derived
2019,goods,product,goods.hs4.2015-2019.7801,reexports,923608.4499999997000,numeric,unspecified,"[[""geostat_trade_export-product-by-4-digit-2015-2026"",""2015-2019-years"",""G747""],[""geostat_trade_domestic-exports-by-4-digit-2014-2026"",""2015-2019-years"",""G98""]]",derived
2019,goods,product,goods.hs4.2015-2019.8516,reexports,407101.546884018000,numeric,unspecified,"[[""geostat_trade_export-product-by-4-digit-2015-2026"",""2015-2019-years"",""G888""],[""geostat_trade_domestic-exports-by-4-digit-2014-2026"",""2015-2019-years"",""G99""]]",derived
2019,goods,product,goods.hs4.2015-2019.8544,reexports,1049443.3470410673000,numeric,unspecified,"[[""geostat_trade_export-product-by-4-digit-2015-2026"",""2015-2019-years"",""G914""],[""geostat_trade_domestic-exports-by-4-digit-2014-2026"",""2015-2019-years"",""G100""]]",derived
2019,goods,product,goods.hs4.2015-2019.8606,reexports,0.00,numeric,unspecified,"[[""geostat_trade_export-product-by-4-digit-2015-2026"",""2015-2019-years"",""G924""],[""geostat_trade_domestic-exports-by-4-digit-2014-2026"",""2015-2019-years"",""G101""]]",derived
2019,goods,product,goods.hs4.2015-2019.8607,reexports,869918.0529187187000,numeric,unspecified,"[[""geostat_trade_export-product-by-4-digit-2015-2026"",""2015-2019-years"",""G925""],[""geostat_trade_domestic-exports-by-4-digit-2014-2026"",""2015-2019-years"",""G102""]]",derived
2019,goods,product,goods.hs4.2015-2019.8803,reexports,4435320.48647352401000,numeric,unspecified,"[[""geostat_trade_export-product-by-4-digit-2015-2026"",""2015-2019-years"",""G945""],[""geostat_trade_domestic-exports-by-4-digit-2014-2026"",""2015-2019-years"",""G103""]]",derived
2019,goods,product,goods.hs4.2015-2019.9403,reexports,518076.2405204225000,numeric,unspecified,"[[""geostat_trade_export-product-by-4-digit-2015-2026"",""2015-2019-years"",""G1003""],[""geostat_trade_domestic-exports-by-4-digit-2014-2026"",""2015-2019-years"",""G104""]]",derived
2019,goods,product,goods.hs4.2015-2019.9404,reexports,12052.4249646133000,numeric,unspecified,"[[""geostat_trade_export-product-by-4-digit-2015-2026"",""2015-2019-years"",""G1004""],[""geostat_trade_domestic-exports-by-4-digit-2014-2026"",""2015-2019-years"",""G105""]]",derived
2020,goods,country,partner.1995-2025.004,reexports,120537.439441759883000,numeric,unspecified,"[[""geostat_trade_export-country-1995-2026"",""1995-2025-years"",""AB50""],[""geostat_trade_domestic-export-country-2014-2026"",""2014-2025-years"",""I50""]]",derived
2020,goods,country,partner.1995-2025.008,reexports,78149.4939009711556000,numeric,unspecified,"[[""geostat_trade_export-country-1995-2026"",""1995-2025-years"",""AB51""],[""geostat_trade_domestic-export-country-2014-2026"",""2014-2025-years"",""I51""]]",derived
2020,goods,country,partner.1995-2025.012,reexports,0E-14,numeric,unspecified,"[[""geostat_trade_export-country-1995-2026"",""1995-2025-years"",""AB52""],[""geostat_trade_domestic-export-country-2014-2026"",""2014-2025-years"",""I52""]]",derived
2020,goods,country,partner.1995-2025.020,reexports,0,numeric,unspecified,"[[""geostat_trade_export-country-1995-2026"",""1995-2025-years"",""AB53""],[""geostat_trade_domestic-export-country-2014-2026"",""2014-2025-years"",""I53""]]",derived
2020,goods,country,partner.1995-2025.024,reexports,0,numeric,unspecified,"[[""geostat_trade_export-country-1995-2026"",""1995-2025-years"",""AB54""],[""geostat_trade_domestic-export-country-2014-2026"",""2014-2025-years"",""I54""]]",derived
2020,goods,country,partner.1995-2025.028,reexports,0,numeric,unspecified,"[[""geostat_trade_export-country-1995-2026"",""1995-2025-years"",""AB56""],[""geostat_trade_domestic-export-country-2014-2026"",""2014-2025-years"",""I56""]]",derived
2020,goods,country,partner.1995-2025.031,reexports,358814062.722873454000,numeric,unspecified,"[[""geostat_trade_export-country-1995-2026"",""1995-2025-years"",""AB38""],[""geostat_trade_domestic-export-country-2014-2026"",""2014-2025-years"",""I38""]]",derived
2020,goods,country,partner.1995-2025.032,reexports,0,numeric,unspecified,"[[""geostat_trade_export-country-1995-2026"",""1995-2025-years"",""AB57""],[""geostat_trade_domestic-export-country-2014-2026"",""2014-2025-years"",""I57""]]",derived
2020,goods,country,partner.1995-2025.036,reexports,72472.7500000000000,numeric,unspecified,"[[""geostat_trade_export-country-1995-2026"",""1995-2025-years"",""AB58""],[""geostat_trade_domestic-export-country-2014-2026"",""2014-2025-years"",""I58""]]",derived
2020,goods,country,partner.1995-2025.040,reexports,501318.86630784474000,numeric,unspecified,"[[""geostat_trade_export-country-1995-2026"",""1995-2025-years"",""AB8""],[""geostat_trade_domestic-export-country-2014-2026"",""2014-2025-years"",""I8""]]",derived
2020,goods,country,partner.1995-2025.044,reexports,0,numeric,unspecified,"[[""geostat_trade_export-country-1995-2026"",""1995-2025-years"",""AB59""],[""geostat_trade_domestic-export-country-2014-2026"",""2014-2025-years"",""I59""]]",derived
2020,goods,country,partner.1995-2025.048,reexports,0E-15,numeric,unspecified,"[[""geostat_trade_export-country-1995-2026"",""1995-2025-years"",""AB60""],[""geostat_trade_domestic-export-country-2014-2026"",""2014-2025-years"",""I60""]]",derived
2020,goods,country,partner.1995-2025.050,reexports,0.00,numeric,unspecified,"[[""geostat_trade_export-country-1995-2026"",""1995-2025-years"",""AB61""],[""geostat_trade_domestic-export-country-2014-2026"",""2014-2025-years"",""I61""]]",derived
2020,goods,country,partner.1995-2025.051,reexports,102608492.366759691000,numeric,unspecified,"[[""geostat_trade_export-country-1995-2026"",""1995-2025-years"",""AB37""],[""geostat_trade_domestic-export-country-2014-2026"",""2014-2025-years"",""I37""]]",derived
2020,goods,country,partner.1995-2025.052,reexports,0,numeric,unspecified,"[[""geostat_trade_export-country-1995-2026"",""1995-2025-years"",""AB62""],[""geostat_trade_domestic-export-country-2014-2026"",""2014-2025-years"",""I62""]]",derived
2020,goods,country,partner.1995-2025.056,reexports,14767364.1872303765000,numeric,unspecified,"[[""geostat_trade_export-country-1995-2026"",""1995-2025-years"",""AB9""],[""geostat_trade_domestic-export-country-2014-2026"",""2014-2025-years"",""I9""]]",derived
2020,goods,country,partner.1995-2025.064,reexports,0,numeric,unspecified,"[[""geostat_trade_export-country-1995-2026"",""1995-2025-years"",""AB65""],[""geostat_trade_domestic-export-country-2014-2026"",""2014-2025-years"",""I65""]]",derived
2020,goods,country,partner.1995-2025.068,reexports,0,numeric,unspecified,"[[""geostat_trade_export-country-1995-2026"",""1995-2025-years"",""AB66""],[""geostat_trade_domestic-export-country-2014-2026"",""2014-2025-years"",""I66""]]",derived
2020,goods,country,partner.1995-2025.070,reexports,137262.16917644925000,numeric,unspecified,"[[""geostat_trade_export-country-1995-2026"",""1995-2025-years"",""AB67""],[""geostat_trade_domestic-export-country-2014-2026"",""2014-2025-years"",""I67""]]",derived
2020,goods,country,partner.1995-2025.072,reexports,0,numeric,unspecified,"[[""geostat_trade_export-country-1995-2026"",""1995-2025-years"",""AB68""],[""geostat_trade_domestic-export-country-2014-2026"",""2014-2025-years"",""I68""]]",derived
2020,goods,country,partner.1995-2025.076,reexports,0.00000,numeric,unspecified,"[[""geostat_trade_export-country-1995-2026"",""1995-2025-years"",""AB69""],[""geostat_trade_domestic-export-country-2014-2026"",""2014-2025-years"",""I69""]]",derived
2020,goods,country,partner.1995-2025.084,reexports,101300.97999999998000,numeric,unspecified,"[[""geostat_trade_export-country-1995-2026"",""1995-2025-years"",""AB63""],[""geostat_trade_domestic-export-country-2014-2026"",""2014-2025-years"",""I63""]]",derived
2020,goods,country,partner.1995-2025.092,reexports,0,numeric,unspecified,"[[""geostat_trade_export-country-1995-2026"",""1995-2025-years"",""AB194""],[""geostat_trade_domestic-export-country-2014-2026"",""2014-2025-years"",""I193""]]",derived
2020,goods,country,partner.1995-2025.100,reexports,1940903.06264209000,numeric,unspecified,"[[""geostat_trade_export-country-1995-2026"",""1995-2025-years"",""AB10""],[""geostat_trade_domestic-export-country-2014-2026"",""2014-2025-years"",""I10""]]",derived
2020,goods,country,partner.1995-2025.104,reexports,116573.77712737802000,numeric,unspecified,"[[""geostat_trade_export-country-1995-2026"",""1995-2025-years"",""AB143""],[""geostat_trade_domestic-export-country-2014-2026"",""2014-2025-years"",""I143""]]",derived
2020,goods,country,partner.1995-2025.108,reexports,0.00,numeric,unspecified,"[[""geostat_trade_export-country-1995-2026"",""1995-2025-years"",""AB71""],[""geostat_trade_domestic-export-country-2014-2026"",""2014-2025-years"",""I71""]]",derived
2020,goods,country,partner.1995-2025.112,reexports,12518190.116547936000,numeric,unspecified,"[[""geostat_trade_export-country-1995-2026"",""1995-2025-years"",""AB39""],[""geostat_trade_domestic-export-country-2014-2026"",""2014-2025-years"",""I39""]]",derived
2020,goods,country,partner.1995-2025.116,reexports,0.0000,numeric,unspecified,"[[""geostat_trade_export-country-1995-2026"",""1995-2025-years"",""AB72""],[""geostat_trade_domestic-export-country-2014-2026"",""2014-2025-years"",""I72""]]",derived
2020,goods,country,partner.1995-2025.120,reexports,0E-13,numeric,unspecified,"[[""geostat_trade_export-country-1995-2026"",""1995-2025-years"",""AB73""],[""geostat_trade_domestic-export-country-2014-2026"",""2014-2025-years"",""I73""]]",derived
2020,goods,country,partner.1995-2025.124,reexports,16143.2512064675000,numeric,unspecified,"[[""geostat_trade_export-country-1995-2026"",""1995-2025-years"",""AB74""],[""geostat_trade_domestic-export-country-2014-2026"",""2014-2025-years"",""I74""]]",derived
2020,goods,country,partner.1995-2025.136,reexports,0,numeric,unspecified,"[[""geostat_trade_export-country-1995-2026"",""1995-2025-years"",""AB75""],[""geostat_trade_domestic-export-country-2014-2026"",""2014-2025-years"",""I75""]]",derived
2020,goods,country,partner.1995-2025.140,reexports,0,numeric,unspecified,"[[""geostat_trade_export-country-1995-2026"",""1995-2025-years"",""AB76""],[""geostat_trade_domestic-export-country-2014-2026"",""2014-2025-years"",""I76""]]",derived
2020,goods,country,partner.1995-2025.144,reexports,0E-15,numeric,unspecified,"[[""geostat_trade_export-country-1995-2026"",""1995-2025-years"",""AB173""],[""geostat_trade_domestic-export-country-2014-2026"",""2014-2025-years"",""I173""]]",derived
2020,goods,country,partner.1995-2025.148,reexports,11736050.879999999000,numeric,unspecified,"[[""geostat_trade_export-country-1995-2026"",""1995-2025-years"",""AB77""],[""geostat_trade_domestic-export-country-2014-2026"",""2014-2025-years"",""I77""]]",derived
2020,goods,country,partner.1995-2025.152,reexports,0E-13,numeric,unspecified,"[[""geostat_trade_export-country-1995-2026"",""1995-2025-years"",""AB78""],[""geostat_trade_domestic-export-country-2014-2026"",""2014-2025-years"",""I78""]]",derived
2020,goods,country,partner.1995-2025.156,reexports,17090071.50109013000,numeric,unspecified,"[[""geostat_trade_export-country-1995-2026"",""1995-2025-years"",""AB79""],[""geostat_trade_domestic-export-country-2014-2026"",""2014-2025-years"",""I79""]]",derived
2020,goods,country,partner.1995-2025.158,reexports,522378.5631913879000,numeric,unspecified,"[[""geostat_trade_export-country-1995-2026"",""1995-2025-years"",""AB179""],[""geostat_trade_domestic-export-country-2014-2026"",""2014-2025-years"",""I178""]]",derived
2020,goods,country,partner.1995-2025.170,reexports,0E-13,numeric,unspecified,"[[""geostat_trade_export-country-1995-2026"",""1995-2025-years"",""AB80""],[""geostat_trade_domestic-export-country-2014-2026"",""2014-2025-years"",""I80""]]",derived
2020,goods,country,partner.1995-2025.178,reexports,0,numeric,unspecified,"[[""geostat_trade_export-country-1995-2026"",""1995-2025-years"",""AB81""],[""geostat_trade_domestic-export-country-2014-2026"",""2014-2025-years"",""I81""]]",derived
2020,goods,country,partner.1995-2025.180,reexports,0,numeric,unspecified,"[[""geostat_trade_export-country-1995-2026"",""1995-2025-years"",""AB82""],[""geostat_trade_domestic-export-country-2014-2026"",""2014-2025-years"",""I82""]]",derived
2020,goods,country,partner.1995-2025.188,reexports,0.0000,numeric,unspecified,"[[""geostat_trade_export-country-1995-2026"",""1995-2025-years"",""AB83""],[""geostat_trade_domestic-export-country-2014-2026"",""2014-2025-years"",""I83""]]",derived
2020,goods,country,partner.1995-2025.191,reexports,0E-14,numeric,unspecified,"[[""geostat_trade_export-country-1995-2026"",""1995-2025-years"",""AB11""],[""geostat_trade_domestic-export-country-2014-2026"",""2014-2025-years"",""I11""]]",derived
2020,goods,country,partner.1995-2025.192,reexports,1039.99999999996000,numeric,unspecified,"[[""geostat_trade_export-country-1995-2026"",""1995-2025-years"",""AB85""],[""geostat_trade_domestic-export-country-2014-2026"",""2014-2025-years"",""I85""]]",derived
2020,goods,country,partner.1995-2025.196,reexports,7518.84309216348000,numeric,unspecified,"[[""geostat_trade_export-country-1995-2026"",""1995-2025-years"",""AB12""],[""geostat_trade_domestic-export-country-2014-2026"",""2014-2025-years"",""I12""]]",derived
2020,goods,country,partner.1995-2025.203,reexports,1263034.8131891742000,numeric,unspecified,"[[""geostat_trade_export-country-1995-2026"",""1995-2025-years"",""AB13""],[""geostat_trade_domestic-export-country-2014-2026"",""2014-2025-years"",""I13""]]",derived
2020,goods,country,partner.1995-2025.204,reexports,57702.39187094672000,numeric,unspecified,"[[""geostat_trade_export-country-1995-2026"",""1995-2025-years"",""AB64""],[""geostat_trade_domestic-export-country-2014-2026"",""2014-2025-years"",""I64""]]",derived
2020,goods,country,partner.1995-2025.208,reexports,23509.00543506623000,numeric,unspecified,"[[""geostat_trade_export-country-1995-2026"",""1995-2025-years"",""AB14""],[""geostat_trade_domestic-export-country-2014-2026"",""2014-2025-years"",""I14""]]",derived
2020,goods,country,partner.1995-2025.212,reexports,0,numeric,unspecified,"[[""geostat_trade_export-country-1995-2026"",""1995-2025-years"",""AB87""],[""geostat_trade_domestic-export-country-2014-2026"",""2014-2025-years"",""I87""]]",derived
2020,goods,country,partner.1995-2025.214,reexports,18709.199999999999000,numeric,unspecified,"[[""geostat_trade_export-country-1995-2026"",""1995-2025-years"",""AB88""],[""geostat_trade_domestic-export-country-2014-2026"",""2014-2025-years"",""I88""]]",derived
2020,goods,country,partner.1995-2025.218,reexports,24805.65000,numeric,unspecified,"[[""geostat_trade_export-country-1995-2026"",""1995-2025-years"",""AB89""],[""geostat_trade_domestic-export-country-2014-2026"",""2014-2025-years"",""I89""]]",derived
2020,goods,country,partner.1995-2025.222,reexports,16564.268655739848000,numeric,unspecified,"[[""geostat_trade_export-country-1995-2026"",""1995-2025-years"",""AB91""],[""geostat_trade_domestic-export-country-2014-2026"",""2014-2025-years"",""I91""]]",derived
2020,goods,country,partner.1995-2025.226,reexports,0,numeric,unspecified,"[[""geostat_trade_export-country-1995-2026"",""1995-2025-years"",""AB92""],[""geostat_trade_domestic-export-country-2014-2026"",""2014-2025-years"",""I92""]]",derived
2020,goods,country,partner.1995-2025.231,reexports,0,numeric,unspecified,"[[""geostat_trade_export-country-1995-2026"",""1995-2025-years"",""AB93""],[""geostat_trade_domestic-export-country-2014-2026"",""2014-2025-years"",""I93""]]",derived
2020,goods,country,partner.1995-2025.233,reexports,2080445.1819826123000,numeric,unspecified,"[[""geostat_trade_export-country-1995-2026"",""1995-2025-years"",""AB15""],[""geostat_trade_domestic-export-country-2014-2026"",""2014-2025-years"",""I15""]]",derived
2020,goods,country,partner.1995-2025.242,reexports,0,numeric,unspecified,"[[""geostat_trade_export-country-1995-2026"",""1995-2025-years"",""AB94""],[""geostat_trade_domestic-export-country-2014-2026"",""2014-2025-years"",""I94""]]",derived
2020,goods,country,partner.1995-2025.246,reexports,0E-14,numeric,unspecified,"[[""geostat_trade_export-country-1995-2026"",""1995-2025-years"",""AB16""],[""geostat_trade_domestic-export-country-2014-2026"",""2014-2025-years"",""I16""]]",derived
2020,goods,country,partner.1995-2025.250,reexports,1327623.188253605000,numeric,unspecified,"[[""geostat_trade_export-country-1995-2026"",""1995-2025-years"",""AB17""],[""geostat_trade_domestic-export-country-2014-2026"",""2014-2025-years"",""I17""]]",derived
2020,goods,country,partner.1995-2025.258,reexports,0,numeric,unspecified,"[[""geostat_trade_export-country-1995-2026"",""1995-2025-years"",""AB95""],[""geostat_trade_domestic-export-country-2014-2026"",""2014-2025-years"",""I95""]]",derived
2020,goods,country,partner.1995-2025.262,reexports,0,numeric,unspecified,"[[""geostat_trade_export-country-1995-2026"",""1995-2025-years"",""AB86""],[""geostat_trade_domestic-export-country-2014-2026"",""2014-2025-years"",""I86""]]",derived
2020,goods,country,partner.1995-2025.266,reexports,0E-14,numeric,unspecified,"[[""geostat_trade_export-country-1995-2026"",""1995-2025-years"",""AB96""],[""geostat_trade_domestic-export-country-2014-2026"",""2014-2025-years"",""I96""]]",derived
2020,goods,country,partner.1995-2025.270,reexports,0,numeric,unspecified,"[[""geostat_trade_export-country-1995-2026"",""1995-2025-years"",""AB97""],[""geostat_trade_domestic-export-country-2014-2026"",""2014-2025-years"",""I97""]]",derived
2020,goods,country,partner.1995-2025.275,reexports,190920.00000000002000,numeric,unspecified,"[[""geostat_trade_export-country-1995-2026"",""1995-2025-years"",""AB174""],[""geostat_trade_domestic-export-country-2014-2026"",""2014-2025-years"",""I153""]]",derived
2020,goods,country,partner.1995-2025.276,reexports,3589868.528486404000,numeric,unspecified,"[[""geostat_trade_export-country-1995-2026"",""1995-2025-years"",""AB18""],[""geostat_trade_domestic-export-country-2014-2026"",""2014-2025-years"",""I18""]]",derived
2020,goods,country,partner.1995-2025.288,reexports,42747.00000000007000,numeric,unspecified,"[[""geostat_trade_export-country-1995-2026"",""1995-2025-years"",""AB98""],[""geostat_trade_domestic-export-country-2014-2026"",""2014-2025-years"",""I98""]]",derived
2020,goods,country,partner.1995-2025.292,reexports,0,numeric,unspecified,"[[""geostat_trade_export-country-1995-2026"",""1995-2025-years"",""AB99""],[""geostat_trade_domestic-export-country-2014-2026"",""2014-2025-years"",""I99""]]",derived
2020,goods,country,partner.1995-2025.300,reexports,1612292.9949500048000,numeric,unspecified,"[[""geostat_trade_export-country-1995-2026"",""1995-2025-years"",""AB19""],[""geostat_trade_domestic-export-country-2014-2026"",""2014-2025-years"",""I19""]]",derived
2020,goods,country,partner.1995-2025.312,reexports,0,numeric,unspecified,"[[""geostat_trade_export-country-1995-2026"",""1995-2025-years"",""AB100""],[""geostat_trade_domestic-export-country-2014-2026"",""2014-2025-years"",""I100""]]",derived
2020,goods,country,partner.1995-2025.320,reexports,0,numeric,unspecified,"[[""geostat_trade_export-country-1995-2026"",""1995-2025-years"",""AB101""],[""geostat_trade_domestic-export-country-2014-2026"",""2014-2025-years"",""I101""]]",derived
2020,goods,country,partner.1995-2025.324,reexports,0,numeric,unspecified,"[[""geostat_trade_export-country-1995-2026"",""1995-2025-years"",""AB103""],[""geostat_trade_domestic-export-country-2014-2026"",""2014-2025-years"",""I102""]]",derived
2020,goods,country,partner.1995-2025.332,reexports,0,numeric,unspecified,"[[""geostat_trade_export-country-1995-2026"",""1995-2025-years"",""AB105""],[""geostat_trade_domestic-export-country-2014-2026"",""2014-2025-years"",""I104""]]",derived
2020,goods,country,partner.1995-2025.336,reexports,0,numeric,unspecified,"[[""geostat_trade_export-country-1995-2026"",""1995-2025-years"",""AB106""],[""geostat_trade_domestic-export-country-2014-2026"",""2014-2025-years"",""I105""]]",derived
2020,goods,country,partner.1995-2025.340,reexports,0,numeric,unspecified,"[[""geostat_trade_export-country-1995-2026"",""1995-2025-years"",""AB107""],[""geostat_trade_domestic-export-country-2014-2026"",""2014-2025-years"",""I106""]]",derived
2020,goods,country,partner.1995-2025.344,reexports,3300025.9845289447000,numeric,unspecified,"[[""geostat_trade_export-country-1995-2026"",""1995-2025-years"",""AB108""],[""geostat_trade_domestic-export-country-2014-2026"",""2014-2025-years"",""I107""]]",derived
2020,goods,country,partner.1995-2025.348,reexports,524957.17838551257000,numeric,unspecified,"[[""geostat_trade_export-country-1995-2026"",""1995-2025-years"",""AB20""],[""geostat_trade_domestic-export-country-2014-2026"",""2014-2025-years"",""I20""]]",derived
2020,goods,country,partner.1995-2025.352,reexports,0,numeric,unspecified,"[[""geostat_trade_export-country-1995-2026"",""1995-2025-years"",""AB109""],[""geostat_trade_domestic-export-country-2014-2026"",""2014-2025-years"",""I108""]]",derived
2020,goods,country,partner.1995-2025.356,reexports,967076.7168296993000,numeric,unspecified,"[[""geostat_trade_export-country-1995-2026"",""1995-2025-years"",""AB110""],[""geostat_trade_domestic-export-country-2014-2026"",""2014-2025-years"",""I109""]]",derived
2020,goods,country,partner.1995-2025.360,reexports,0E-14,numeric,unspecified,"[[""geostat_trade_export-country-1995-2026"",""1995-2025-years"",""AB111""],[""geostat_trade_domestic-export-country-2014-2026"",""2014-2025-years"",""I110""]]",derived
2020,goods,country,partner.1995-2025.364,reexports,12045204.727263499000,numeric,unspecified,"[[""geostat_trade_export-country-1995-2026"",""1995-2025-years"",""AB112""],[""geostat_trade_domestic-export-country-2014-2026"",""2014-2025-years"",""I111""]]",derived
2020,goods,country,partner.1995-2025.368,reexports,2634717.978098382000,numeric,unspecified,"[[""geostat_trade_export-country-1995-2026"",""1995-2025-years"",""AB113""],[""geostat_trade_domestic-export-country-2014-2026"",""2014-2025-years"",""I112""]]",derived
2020,goods,country,partner.1995-2025.372,reexports,1549798.20000000041000,numeric,unspecified,"[[""geostat_trade_export-country-1995-2026"",""1995-2025-years"",""AB21""],[""geostat_trade_domestic-export-country-2014-2026"",""2014-2025-years"",""I21""]]",derived
2020,goods,country,partner.1995-2025.376,reexports,13909715.8865410659000,numeric,unspecified,"[[""geostat_trade_export-country-1995-2026"",""1995-2025-years"",""AB114""],[""geostat_trade_domestic-export-country-2014-2026"",""2014-2025-years"",""I113""]]",derived
2020,goods,country,partner.1995-2025.380,reexports,661660.97927960000,numeric,unspecified,"[[""geostat_trade_export-country-1995-2026"",""1995-2025-years"",""AB22""],[""geostat_trade_domestic-export-country-2014-2026"",""2014-2025-years"",""I22""]]",derived
2020,goods,country,partner.1995-2025.384,reexports,0.0,numeric,unspecified,"[[""geostat_trade_export-country-1995-2026"",""1995-2025-years"",""AB84""],[""geostat_trade_domestic-export-country-2014-2026"",""2014-2025-years"",""I84""]]",derived
2020,goods,country,partner.1995-2025.388,reexports,0,numeric,unspecified,"[[""geostat_trade_export-country-1995-2026"",""1995-2025-years"",""AB115""],[""geostat_trade_domestic-export-country-2014-2026"",""2014-2025-years"",""I114""]]",derived
2020,goods,country,partner.1995-2025.392,reexports,1234483.964228053000,numeric,unspecified,"[[""geostat_trade_export-country-1995-2026"",""1995-2025-years"",""AB116""],[""geostat_trade_domestic-export-country-2014-2026"",""2014-2025-years"",""I115""]]",derived
2020,goods,country,partner.1995-2025.398,reexports,12689957.104447661000,numeric,unspecified,"[[""geostat_trade_export-country-1995-2026"",""1995-2025-years"",""AB40""],[""geostat_trade_domestic-export-country-2014-2026"",""2014-2025-years"",""I40""]]",derived
2020,goods,country,partner.1995-2025.400,reexports,17503.3404640449000,numeric,unspecified,"[[""geostat_trade_export-country-1995-2026"",""1995-2025-years"",""AB117""],[""geostat_trade_domestic-export-country-2014-2026"",""2014-2025-years"",""I116""]]",derived
2020,goods,country,partner.1995-2025.404,reexports,250907.00000000004000,numeric,unspecified,"[[""geostat_trade_export-country-1995-2026"",""1995-2025-years"",""AB118""],[""geostat_trade_domestic-export-country-2014-2026"",""2014-2025-years"",""I117""]]",derived
2020,goods,country,partner.1995-2025.408,reexports,0,numeric,unspecified,"[[""geostat_trade_export-country-1995-2026"",""1995-2025-years"",""AB119""],[""geostat_trade_domestic-export-country-2014-2026"",""2014-2025-years"",""I119""]]",derived
2020,goods,country,partner.1995-2025.410,reexports,2716275.3924123067000,numeric,unspecified,"[[""geostat_trade_export-country-1995-2026"",""1995-2025-years"",""AB120""],[""geostat_trade_domestic-export-country-2014-2026"",""2014-2025-years"",""I118""]]",derived
2020,goods,country,partner.1995-2025.414,reexports,0E-13,numeric,unspecified,"[[""geostat_trade_export-country-1995-2026"",""1995-2025-years"",""AB121""],[""geostat_trade_domestic-export-country-2014-2026"",""2014-2025-years"",""I120""]]",derived
2020,goods,country,partner.1995-2025.417,reexports,16176944.9258707627000,numeric,unspecified,"[[""geostat_trade_export-country-1995-2026"",""1995-2025-years"",""AB41""],[""geostat_trade_domestic-export-country-2014-2026"",""2014-2025-years"",""I41""]]",derived
2020,goods,country,partner.1995-2025.418,reexports,0,numeric,unspecified,"[[""geostat_trade_export-country-1995-2026"",""1995-2025-years"",""AB122""],[""geostat_trade_domestic-export-country-2014-2026"",""2014-2025-years"",""I125""]]",derived
2020,goods,country,partner.1995-2025.422,reexports,31250.96853278075000,numeric,unspecified,"[[""geostat_trade_export-country-1995-2026"",""1995-2025-years"",""AB123""],[""geostat_trade_domestic-export-country-2014-2026"",""2014-2025-years"",""I121""]]",derived
2020,goods,country,partner.1995-2025.428,reexports,1320393.7532412674000,numeric,unspecified,"[[""geostat_trade_export-country-1995-2026"",""1995-2025-years"",""AB23""],[""geostat_trade_domestic-export-country-2014-2026"",""2014-2025-years"",""I23""]]",derived
2020,goods,country,partner.1995-2025.430,reexports,0,numeric,unspecified,"[[""geostat_trade_export-country-1995-2026"",""1995-2025-years"",""AB124""],[""geostat_trade_domestic-export-country-2014-2026"",""2014-2025-years"",""I122""]]",derived
2020,goods,country,partner.1995-2025.434,reexports,122177.29000000002000,numeric,unspecified,"[[""geostat_trade_export-country-1995-2026"",""1995-2025-years"",""AB125""],[""geostat_trade_domestic-export-country-2014-2026"",""2014-2025-years"",""I123""]]",derived
2020,goods,country,partner.1995-2025.438,reexports,0,numeric,unspecified,"[[""geostat_trade_export-country-1995-2026"",""1995-2025-years"",""AB126""],[""geostat_trade_domestic-export-country-2014-2026"",""2014-2025-years"",""I124""]]",derived
2020,goods,country,partner.1995-2025.440,reexports,1661786.677244017000,numeric,unspecified,"[[""geostat_trade_export-country-1995-2026"",""1995-2025-years"",""AB24""],[""geostat_trade_domestic-export-country-2014-2026"",""2014-2025-years"",""I24""]]",derived
2020,goods,country,partner.1995-2025.442,reexports,0E-14,numeric,unspecified,"[[""geostat_trade_export-country-1995-2026"",""1995-2025-years"",""AB25""],[""geostat_trade_domestic-export-country-2014-2026"",""2014-2025-years"",""I25""]]",derived
2020,goods,country,partner.1995-2025.446,reexports,0E-16,numeric,unspecified,"[[""geostat_trade_export-country-1995-2026"",""1995-2025-years"",""AB127""],[""geostat_trade_domestic-export-country-2014-2026"",""2014-2025-years"",""I128""]]",derived
2020,goods,country,partner.1995-2025.450,reexports,0,numeric,unspecified,"[[""geostat_trade_export-country-1995-2026"",""1995-2025-years"",""AB128""],[""geostat_trade_domestic-export-country-2014-2026"",""2014-2025-years"",""I127""]]",derived
2020,goods,country,partner.1995-2025.454,reexports,0.0000,numeric,unspecified,"[[""geostat_trade_export-country-1995-2026"",""1995-2025-years"",""AB129""],[""geostat_trade_domestic-export-country-2014-2026"",""2014-2025-years"",""I129""]]",derived
2020,goods,country,partner.1995-2025.458,reexports,0E-14,numeric,unspecified,"[[""geostat_trade_export-country-1995-2026"",""1995-2025-years"",""AB130""],[""geostat_trade_domestic-export-country-2014-2026"",""2014-2025-years"",""I130""]]",derived
2020,goods,country,partner.1995-2025.462,reexports,1000.000000000000000,numeric,unspecified,"[[""geostat_trade_export-country-1995-2026"",""1995-2025-years"",""AB131""],[""geostat_trade_domestic-export-country-2014-2026"",""2014-2025-years"",""I131""]]",derived
2020,goods,country,partner.1995-2025.466,reexports,0,numeric,unspecified,"[[""geostat_trade_export-country-1995-2026"",""1995-2025-years"",""AB132""],[""geostat_trade_domestic-export-country-2014-2026"",""2014-2025-years"",""I132""]]",derived
2020,goods,country,partner.1995-2025.470,reexports,20697.09815310011000,numeric,unspecified,"[[""geostat_trade_export-country-1995-2026"",""1995-2025-years"",""AB26""],[""geostat_trade_domestic-export-country-2014-2026"",""2014-2025-years"",""I26""]]",derived
2020,goods,country,partner.1995-2025.474,reexports,0,numeric,unspecified,"[[""geostat_trade_export-country-1995-2026"",""1995-2025-years"",""AB134""],[""geostat_trade_domestic-export-country-2014-2026"",""2014-2025-years"",""I134""]]",derived
2020,goods,country,partner.1995-2025.478,reexports,0,numeric,unspecified,"[[""geostat_trade_export-country-1995-2026"",""1995-2025-years"",""AB135""],[""geostat_trade_domestic-export-country-2014-2026"",""2014-2025-years"",""I135""]]",derived
2020,goods,country,partner.1995-2025.480,reexports,0E-16,numeric,unspecified,"[[""geostat_trade_export-country-1995-2026"",""1995-2025-years"",""AB136""],[""geostat_trade_domestic-export-country-2014-2026"",""2014-2025-years"",""I136""]]",derived
2020,goods,country,partner.1995-2025.484,reexports,82690.20999999998000,numeric,unspecified,"[[""geostat_trade_export-country-1995-2026"",""1995-2025-years"",""AB137""],[""geostat_trade_domestic-export-country-2014-2026"",""2014-2025-years"",""I137""]]",derived
2020,goods,country,partner.1995-2025.492,reexports,0,numeric,unspecified,"[[""geostat_trade_export-country-1995-2026"",""1995-2025-years"",""AB138""],[""geostat_trade_domestic-export-country-2014-2026"",""2014-2025-years"",""I138""]]",derived
2020,goods,country,partner.1995-2025.496,reexports,14090.9921432488000,numeric,unspecified,"[[""geostat_trade_export-country-1995-2026"",""1995-2025-years"",""AB139""],[""geostat_trade_domestic-export-country-2014-2026"",""2014-2025-years"",""I139""]]",derived
2020,goods,country,partner.1995-2025.498,reexports,4275109.0250211436000,numeric,unspecified,"[[""geostat_trade_export-country-1995-2026"",""1995-2025-years"",""AB42""],[""geostat_trade_domestic-export-country-2014-2026"",""2014-2025-years"",""I42""]]",derived
2020,goods,country,partner.1995-2025.499,reexports,0E-13,numeric,unspecified,"[[""geostat_trade_export-country-1995-2026"",""1995-2025-years"",""AB140""],[""geostat_trade_domestic-export-country-2014-2026"",""2014-2025-years"",""I140""]]",derived
2020,goods,country,partner.1995-2025.504,reexports,76826.7193629322000,numeric,unspecified,"[[""geostat_trade_export-country-1995-2026"",""1995-2025-years"",""AB141""],[""geostat_trade_domestic-export-country-2014-2026"",""2014-2025-years"",""I141""]]",derived
2020,goods,country,partner.1995-2025.508,reexports,0,numeric,unspecified,"[[""geostat_trade_export-country-1995-2026"",""1995-2025-years"",""AB142""],[""geostat_trade_domestic-export-country-2014-2026"",""2014-2025-years"",""I142""]]",derived
2020,goods,country,partner.1995-2025.512,reexports,487780.67410750532000,numeric,unspecified,"[[""geostat_trade_export-country-1995-2026"",""1995-2025-years"",""AB152""],[""geostat_trade_domestic-export-country-2014-2026"",""2014-2025-years"",""I151""]]",derived
2020,goods,country,partner.1995-2025.516,reexports,0,numeric,unspecified,"[[""geostat_trade_export-country-1995-2026"",""1995-2025-years"",""AB144""],[""geostat_trade_domestic-export-country-2014-2026"",""2014-2025-years"",""I144""]]",derived
2020,goods,country,partner.1995-2025.524,reexports,0,numeric,unspecified,"[[""geostat_trade_export-country-1995-2026"",""1995-2025-years"",""AB145""],[""geostat_trade_domestic-export-country-2014-2026"",""2014-2025-years"",""I145""]]",derived
2020,goods,country,partner.1995-2025.528,reexports,13468888.034258984000,numeric,unspecified,"[[""geostat_trade_export-country-1995-2026"",""1995-2025-years"",""AB27""],[""geostat_trade_domestic-export-country-2014-2026"",""2014-2025-years"",""I27""]]",derived
2020,goods,country,partner.1995-2025.534,reexports,0,numeric,unspecified,"[[""geostat_trade_export-country-1995-2026"",""1995-2025-years"",""AB170""],[""geostat_trade_domestic-export-country-2014-2026"",""2014-2025-years"",""I170""]]",derived
2020,goods,country,partner.1995-2025.554,reexports,0E-15,numeric,unspecified,"[[""geostat_trade_export-country-1995-2026"",""1995-2025-years"",""AB146""],[""geostat_trade_domestic-export-country-2014-2026"",""2014-2025-years"",""I146""]]",derived
2020,goods,country,partner.1995-2025.558,reexports,0,numeric,unspecified,"[[""geostat_trade_export-country-1995-2026"",""1995-2025-years"",""AB147""],[""geostat_trade_domestic-export-country-2014-2026"",""2014-2025-years"",""I147""]]",derived
2020,goods,country,partner.1995-2025.562,reexports,0.0,numeric,unspecified,"[[""geostat_trade_export-country-1995-2026"",""1995-2025-years"",""AB148""],[""geostat_trade_domestic-export-country-2014-2026"",""2014-2025-years"",""I148""]]",derived
2020,goods,country,partner.1995-2025.566,reexports,84745.38564839539000,numeric,unspecified,"[[""geostat_trade_export-country-1995-2026"",""1995-2025-years"",""AB149""],[""geostat_trade_domestic-export-country-2014-2026"",""2014-2025-years"",""I149""]]",derived
2020,goods,country,partner.1995-2025.578,reexports,0E-14,numeric,unspecified,"[[""geostat_trade_export-country-1995-2026"",""1995-2025-years"",""AB151""],[""geostat_trade_domestic-export-country-2014-2026"",""2014-2025-years"",""I150""]]",derived
2020,goods,country,partner.1995-2025.584,reexports,0,numeric,unspecified,"[[""geostat_trade_export-country-1995-2026"",""1995-2025-years"",""AB133""],[""geostat_trade_domestic-export-country-2014-2026"",""2014-2025-years"",""I133""]]",derived
2020,goods,country,partner.1995-2025.586,reexports,0E-13,numeric,unspecified,"[[""geostat_trade_export-country-1995-2026"",""1995-2025-years"",""AB153""],[""geostat_trade_domestic-export-country-2014-2026"",""2014-2025-years"",""I152""]]",derived
2020,goods,country,partner.1995-2025.591,reexports,673600.47377146861000,numeric,unspecified,"[[""geostat_trade_export-country-1995-2026"",""1995-2025-years"",""AB154""],[""geostat_trade_domestic-export-country-2014-2026"",""2014-2025-years"",""I154""]]",derived
2020,goods,country,partner.1995-2025.600,reexports,0,numeric,unspecified,"[[""geostat_trade_export-country-1995-2026"",""1995-2025-years"",""AB155""],[""geostat_trade_domestic-export-country-2014-2026"",""2014-2025-years"",""I155""]]",derived
2020,goods,country,partner.1995-2025.604,reexports,716564.760000001000,numeric,unspecified,"[[""geostat_trade_export-country-1995-2026"",""1995-2025-years"",""AB156""],[""geostat_trade_domestic-export-country-2014-2026"",""2014-2025-years"",""I156""]]",derived
2020,goods,country,partner.1995-2025.608,reexports,4836.92647871752000,numeric,unspecified,"[[""geostat_trade_export-country-1995-2026"",""1995-2025-years"",""AB157""],[""geostat_trade_domestic-export-country-2014-2026"",""2014-2025-years"",""I157""]]",derived
2020,goods,country,partner.1995-2025.616,reexports,3046914.573606526000,numeric,unspecified,"[[""geostat_trade_export-country-1995-2026"",""1995-2025-years"",""AB28""],[""geostat_trade_domestic-export-country-2014-2026"",""2014-2025-years"",""I28""]]",derived
2020,goods,country,partner.1995-2025.620,reexports,152833.425387789857000,numeric,unspecified,"[[""geostat_trade_export-country-1995-2026"",""1995-2025-years"",""AB29""],[""geostat_trade_domestic-export-country-2014-2026"",""2014-2025-years"",""I29""]]",derived
2020,goods,country,partner.1995-2025.624,reexports,0,numeric,unspecified,"[[""geostat_trade_export-country-1995-2026"",""1995-2025-years"",""AB104""],[""geostat_trade_domestic-export-country-2014-2026"",""2014-2025-years"",""I103""]]",derived
2020,goods,country,partner.1995-2025.630,reexports,29229.200000000002000,numeric,unspecified,"[[""geostat_trade_export-country-1995-2026"",""1995-2025-years"",""AB158""],[""geostat_trade_domestic-export-country-2014-2026"",""2014-2025-years"",""I158""]]",derived
2020,goods,country,partner.1995-2025.634,reexports,144469.39105141735000,numeric,unspecified,"[[""geostat_trade_export-country-1995-2026"",""1995-2025-years"",""AB159""],[""geostat_trade_domestic-export-country-2014-2026"",""2014-2025-years"",""I159""]]",derived
2020,goods,country,partner.1995-2025.642,reexports,239706.946475064000,numeric,unspecified,"[[""geostat_trade_export-country-1995-2026"",""1995-2025-years"",""AB30""],[""geostat_trade_domestic-export-country-2014-2026"",""2014-2025-years"",""I30""]]",derived
2020,goods,country,partner.1995-2025.643,reexports,31653230.76554329000,numeric,unspecified,"[[""geostat_trade_export-country-1995-2026"",""1995-2025-years"",""AB43""],[""geostat_trade_domestic-export-country-2014-2026"",""2014-2025-years"",""I43""]]",derived
2020,goods,country,partner.1995-2025.646,reexports,57711.70486661179000,numeric,unspecified,"[[""geostat_trade_export-country-1995-2026"",""1995-2025-years"",""AB160""],[""geostat_trade_domestic-export-country-2014-2026"",""2014-2025-years"",""I160""]]",derived
2020,goods,country,partner.1995-2025.660,reexports,0,numeric,unspecified,"[[""geostat_trade_export-country-1995-2026"",""1995-2025-years"",""AB55""],[""geostat_trade_domestic-export-country-2014-2026"",""2014-2025-years"",""I55""]]",derived
2020,goods,country,partner.1995-2025.670,reexports,0,numeric,unspecified,"[[""geostat_trade_export-country-1995-2026"",""1995-2025-years"",""AB161""],[""geostat_trade_domestic-export-country-2014-2026"",""2014-2025-years"",""I161""]]",derived
2020,goods,country,partner.1995-2025.674,reexports,0,numeric,unspecified,"[[""geostat_trade_export-country-1995-2026"",""1995-2025-years"",""AB162""],[""geostat_trade_domestic-export-country-2014-2026"",""2014-2025-years"",""I162""]]",derived
2020,goods,country,partner.1995-2025.682,reexports,734435.803971326000,numeric,unspecified,"[[""geostat_trade_export-country-1995-2026"",""1995-2025-years"",""AB163""],[""geostat_trade_domestic-export-country-2014-2026"",""2014-2025-years"",""I163""]]",derived
2020,goods,country,partner.1995-2025.686,reexports,90400.574300071796000,numeric,unspecified,"[[""geostat_trade_export-country-1995-2026"",""1995-2025-years"",""AB164""],[""geostat_trade_domestic-export-country-2014-2026"",""2014-2025-years"",""I164""]]",derived
2020,goods,country,partner.1995-2025.688,reexports,14929.329377714459000,numeric,unspecified,"[[""geostat_trade_export-country-1995-2026"",""1995-2025-years"",""AB165""],[""geostat_trade_domestic-export-country-2014-2026"",""2014-2025-years"",""I165""]]",derived
2020,goods,country,partner.1995-2025.690,reexports,0,numeric,unspecified,"[[""geostat_trade_export-country-1995-2026"",""1995-2025-years"",""AB167""],[""geostat_trade_domestic-export-country-2014-2026"",""2014-2025-years"",""I167""]]",derived
2020,goods,country,partner.1995-2025.694,reexports,0,numeric,unspecified,"[[""geostat_trade_export-country-1995-2026"",""1995-2025-years"",""AB168""],[""geostat_trade_domestic-export-country-2014-2026"",""2014-2025-years"",""I168""]]",derived
2020,goods,country,partner.1995-2025.702,reexports,14306251.6203404742000,numeric,unspecified,"[[""geostat_trade_export-country-1995-2026"",""1995-2025-years"",""AB169""],[""geostat_trade_domestic-export-country-2014-2026"",""2014-2025-years"",""I169""]]",derived
2020,goods,country,partner.1995-2025.703,reexports,21522.9999999999000,numeric,unspecified,"[[""geostat_trade_export-country-1995-2026"",""1995-2025-years"",""AB31""],[""geostat_trade_domestic-export-country-2014-2026"",""2014-2025-years"",""I31""]]",derived
2020,goods,country,partner.1995-2025.704,reexports,608163.2057044644000,numeric,unspecified,"[[""geostat_trade_export-country-1995-2026"",""1995-2025-years"",""AB193""],[""geostat_trade_domestic-export-country-2014-2026"",""2014-2025-years"",""I192""]]",derived
2020,goods,country,partner.1995-2025.705,reexports,3729509.53360507829000,numeric,unspecified,"[[""geostat_trade_export-country-1995-2026"",""1995-2025-years"",""AB32""],[""geostat_trade_domestic-export-country-2014-2026"",""2014-2025-years"",""I32""]]",derived
2020,goods,country,partner.1995-2025.706,reexports,14524.000000000008000,numeric,unspecified,"[[""geostat_trade_export-country-1995-2026"",""1995-2025-years"",""AB171""],[""geostat_trade_domestic-export-country-2014-2026"",""2014-2025-years"",""I171""]]",derived
2020,goods,country,partner.1995-2025.710,reexports,267407.82095593783000,numeric,unspecified,"[[""geostat_trade_export-country-1995-2026"",""1995-2025-years"",""AB172""],[""geostat_trade_domestic-export-country-2014-2026"",""2014-2025-years"",""I172""]]",derived
2020,goods,country,partner.1995-2025.716,reexports,0,numeric,unspecified,"[[""geostat_trade_export-country-1995-2026"",""1995-2025-years"",""AB198""],[""geostat_trade_domestic-export-country-2014-2026"",""2014-2025-years"",""I197""]]",derived
2020,goods,country,partner.1995-2025.724,reexports,2228920.131866020000,numeric,unspecified,"[[""geostat_trade_export-country-1995-2026"",""1995-2025-years"",""AB33""],[""geostat_trade_domestic-export-country-2014-2026"",""2014-2025-years"",""I33""]]",derived
2020,goods,country,partner.1995-2025.729,reexports,72440.00,numeric,unspecified,"[[""geostat_trade_export-country-1995-2026"",""1995-2025-years"",""AB175""],[""geostat_trade_domestic-export-country-2014-2026"",""2014-2025-years"",""I174""]]",derived
2020,goods,country,partner.1995-2025.740,reexports,0E-14,numeric,unspecified,"[[""geostat_trade_export-country-1995-2026"",""1995-2025-years"",""AB176""],[""geostat_trade_domestic-export-country-2014-2026"",""2014-2025-years"",""I175""]]",derived
2020,goods,country,partner.1995-2025.752,reexports,230880.87247660053000,numeric,unspecified,"[[""geostat_trade_export-country-1995-2026"",""1995-2025-years"",""AB34""],[""geostat_trade_domestic-export-country-2014-2026"",""2014-2025-years"",""I34""]]",derived
2020,goods,country,partner.1995-2025.756,reexports,10168893.759102782000,numeric,unspecified,"[[""geostat_trade_export-country-1995-2026"",""1995-2025-years"",""AB177""],[""geostat_trade_domestic-export-country-2014-2026"",""2014-2025-years"",""I176""]]",derived
2020,goods,country,partner.1995-2025.760,reexports,258663.99999999998000,numeric,unspecified,"[[""geostat_trade_export-country-1995-2026"",""1995-2025-years"",""AB178""],[""geostat_trade_domestic-export-country-2014-2026"",""2014-2025-years"",""I177""]]",derived
2020,goods,country,partner.1995-2025.762,reexports,8799710.9965259347000,numeric,unspecified,"[[""geostat_trade_export-country-1995-2026"",""1995-2025-years"",""AB44""],[""geostat_trade_domestic-export-country-2014-2026"",""2014-2025-years"",""I44""]]",derived
2020,goods,country,partner.1995-2025.764,reexports,708.05116188246000,numeric,unspecified,"[[""geostat_trade_export-country-1995-2026"",""1995-2025-years"",""AB181""],[""geostat_trade_domestic-export-country-2014-2026"",""2014-2025-years"",""I180""]]",derived
2020,goods,country,partner.1995-2025.768,reexports,0,numeric,unspecified,"[[""geostat_trade_export-country-1995-2026"",""1995-2025-years"",""AB182""],[""geostat_trade_domestic-export-country-2014-2026"",""2014-2025-years"",""I181""]]",derived
2020,goods,country,partner.1995-2025.780,reexports,0,numeric,unspecified,"[[""geostat_trade_export-country-1995-2026"",""1995-2025-years"",""AB183""],[""geostat_trade_domestic-export-country-2014-2026"",""2014-2025-years"",""I182""]]",derived
2020,goods,country,partner.1995-2025.784,reexports,26122389.6635138266000,numeric,unspecified,"[[""geostat_trade_export-country-1995-2026"",""1995-2025-years"",""AB188""],[""geostat_trade_domestic-export-country-2014-2026"",""2014-2025-years"",""I187""]]",derived
2020,goods,country,partner.1995-2025.788,reexports,0E-13,numeric,unspecified,"[[""geostat_trade_export-country-1995-2026"",""1995-2025-years"",""AB184""],[""geostat_trade_domestic-export-country-2014-2026"",""2014-2025-years"",""I183""]]",derived
2020,goods,country,partner.1995-2025.792,reexports,16651054.10798805000,numeric,unspecified,"[[""geostat_trade_export-country-1995-2026"",""1995-2025-years"",""AB185""],[""geostat_trade_domestic-export-country-2014-2026"",""2014-2025-years"",""I184""]]",derived
2020,goods,country,partner.1995-2025.795,reexports,7757763.5207589194000,numeric,unspecified,"[[""geostat_trade_export-country-1995-2026"",""1995-2025-years"",""AB45""],[""geostat_trade_domestic-export-country-2014-2026"",""2014-2025-years"",""I45""]]",derived
2020,goods,country,partner.1995-2025.796,reexports,0,numeric,unspecified,"[[""geostat_trade_export-country-1995-2026"",""1995-2025-years"",""AB186""],[""geostat_trade_domestic-export-country-2014-2026"",""2014-2025-years"",""I185""]]",derived
2020,goods,country,partner.1995-2025.800,reexports,0E-16,numeric,unspecified,"[[""geostat_trade_export-country-1995-2026"",""1995-2025-years"",""AB187""],[""geostat_trade_domestic-export-country-2014-2026"",""2014-2025-years"",""I186""]]",derived
2020,goods,country,partner.1995-2025.804,reexports,91668246.87695410000,numeric,unspecified,"[[""geostat_trade_export-country-1995-2026"",""1995-2025-years"",""AB46""],[""geostat_trade_domestic-export-country-2014-2026"",""2014-2025-years"",""I46""]]",derived
2020,goods,country,partner.1995-2025.818,reexports,81852.200052854498000,numeric,unspecified,"[[""geostat_trade_export-country-1995-2026"",""1995-2025-years"",""AB90""],[""geostat_trade_domestic-export-country-2014-2026"",""2014-2025-years"",""I90""]]",derived
2020,goods,country,partner.1995-2025.826,reexports,5657476.609117289000,numeric,unspecified,"[[""geostat_trade_export-country-1995-2026"",""1995-2025-years"",""AB189""],[""geostat_trade_domestic-export-country-2014-2026"",""2014-2025-years"",""I188""]]",derived
2020,goods,country,partner.1995-2025.834,reexports,2585000.0000000000000,numeric,unspecified,"[[""geostat_trade_export-country-1995-2026"",""1995-2025-years"",""AB180""],[""geostat_trade_domestic-export-country-2014-2026"",""2014-2025-years"",""I179""]]",derived
2020,goods,country,partner.1995-2025.840,reexports,2003273.102809238000,numeric,unspecified,"[[""geostat_trade_export-country-1995-2026"",""1995-2025-years"",""AB190""],[""geostat_trade_domestic-export-country-2014-2026"",""2014-2025-years"",""I189""]]",derived
2020,goods,country,partner.1995-2025.850,reexports,0,numeric,unspecified,"[[""geostat_trade_export-country-1995-2026"",""1995-2025-years"",""AB195""],[""geostat_trade_domestic-export-country-2014-2026"",""2014-2025-years"",""I194""]]",derived
2020,goods,country,partner.1995-2025.854,reexports,0E-14,numeric,unspecified,"[[""geostat_trade_export-country-1995-2026"",""1995-2025-years"",""AB70""],[""geostat_trade_domestic-export-country-2014-2026"",""2014-2025-years"",""I70""]]",derived
2020,goods,country,partner.1995-2025.858,reexports,54500.0000000000000,numeric,unspecified,"[[""geostat_trade_export-country-1995-2026"",""1995-2025-years"",""AB191""],[""geostat_trade_domestic-export-country-2014-2026"",""2014-2025-years"",""I190""]]",derived
2020,goods,country,partner.1995-2025.860,reexports,51172532.756821376000,numeric,unspecified,"[[""geostat_trade_export-country-1995-2026"",""1995-2025-years"",""AB47""],[""geostat_trade_domestic-export-country-2014-2026"",""2014-2025-years"",""I47""]]",derived
2020,goods,country,partner.1995-2025.862,reexports,0,numeric,unspecified,"[[""geostat_trade_export-country-1995-2026"",""1995-2025-years"",""AB192""],[""geostat_trade_domestic-export-country-2014-2026"",""2014-2025-years"",""I191""]]",derived
2020,goods,country,partner.1995-2025.887,reexports,0.00,numeric,unspecified,"[[""geostat_trade_export-country-1995-2026"",""1995-2025-years"",""AB196""],[""geostat_trade_domestic-export-country-2014-2026"",""2014-2025-years"",""I195""]]",derived
2020,goods,country,partner.1995-2025.891,reexports,0,numeric,unspecified,"[[""geostat_trade_export-country-1995-2026"",""1995-2025-years"",""AB166""],[""geostat_trade_domestic-export-country-2014-2026"",""2014-2025-years"",""I166""]]",derived
2020,goods,country,partner.1995-2025.894,reexports,0,numeric,unspecified,"[[""geostat_trade_export-country-1995-2026"",""1995-2025-years"",""AB197""],[""geostat_trade_domestic-export-country-2014-2026"",""2014-2025-years"",""I196""]]",derived
2020,goods,national,goods.total,reexports,903912452.6010186000000,numeric,unspecified,"[[""geostat_trade_ftrade-1995-2026"",""1995-2026"",""AA5""],[""geostat_trade_domestic-export-country-2014-2026"",""2014-2025-years"",""I5""]]",derived
2020,goods,national,goods.total,trade_balance,-4708122775.6242010000000,numeric,unspecified,"[[""geostat_trade_ftrade-1995-2026"",""1995-2026"",""AA5""],[""geostat_trade_ftrade-1995-2026"",""1995-2026"",""AA20""]]",derived
2020,goods,national,goods.total,trade_turnover,11389394190.4561612000000,numeric,unspecified,"[[""geostat_trade_ftrade-1995-2026"",""1995-2026"",""AA5""],[""geostat_trade_ftrade-1995-2026"",""1995-2026"",""AA20""]]",derived
2020,goods,product,goods.hs4.2020-2025.0102,reexports,0E-12,numeric,unspecified,"[[""geostat_trade_export-product-by-4-digit-2015-2026"",""2020-2025-years"",""C8""],[""geostat_trade_domestic-exports-by-4-digit-2014-2026"",""2020-2025-years"",""C7""]]",derived
2020,goods,product,goods.hs4.2020-2025.0104,reexports,0E-12,numeric,unspecified,"[[""geostat_trade_export-product-by-4-digit-2015-2026"",""2020-2025-years"",""C10""],[""geostat_trade_domestic-exports-by-4-digit-2014-2026"",""2020-2025-years"",""C8""]]",derived
2020,goods,product,goods.hs4.2020-2025.0105,reexports,0.0000,numeric,unspecified,"[[""geostat_trade_export-product-by-4-digit-2015-2026"",""2020-2025-years"",""C11""],[""geostat_trade_domestic-exports-by-4-digit-2014-2026"",""2020-2025-years"",""C9""]]",derived
2020,goods,product,goods.hs4.2020-2025.0204,reexports,0E-13,numeric,unspecified,"[[""geostat_trade_export-product-by-4-digit-2015-2026"",""2020-2025-years"",""C16""],[""geostat_trade_domestic-exports-by-4-digit-2014-2026"",""2020-2025-years"",""C10""]]",derived
2020,goods,product,goods.hs4.2020-2025.0207,reexports,8236948.14948217238000,numeric,unspecified,"[[""geostat_trade_export-product-by-4-digit-2015-2026"",""2020-2025-years"",""C18""],[""geostat_trade_domestic-exports-by-4-digit-2014-2026"",""2020-2025-years"",""C11""]]",derived
2020,goods,product,goods.hs4.2020-2025.0302,reexports,0E-13,numeric,unspecified,"[[""geostat_trade_export-product-by-4-digit-2015-2026"",""2020-2025-years"",""C22""],[""geostat_trade_domestic-exports-by-4-digit-2014-2026"",""2020-2025-years"",""C12""]]",derived
2020,goods,product,goods.hs4.2020-2025.0303,reexports,3495671.2153158615000,numeric,unspecified,"[[""geostat_trade_export-product-by-4-digit-2015-2026"",""2020-2025-years"",""C23""],[""geostat_trade_domestic-exports-by-4-digit-2014-2026"",""2020-2025-years"",""C13""]]",derived
2020,goods,product,goods.hs4.2020-2025.0504,reexports,0E-14,numeric,unspecified,"[[""geostat_trade_export-product-by-4-digit-2015-2026"",""2020-2025-years"",""C37""],[""geostat_trade_domestic-exports-by-4-digit-2014-2026"",""2020-2025-years"",""C14""]]",derived
2020,goods,product,goods.hs4.2020-2025.0701,reexports,0E-13,numeric,unspecified,"[[""geostat_trade_export-product-by-4-digit-2015-2026"",""2020-2025-years"",""C45""],[""geostat_trade_domestic-exports-by-4-digit-2014-2026"",""2020-2025-years"",""C15""]]",derived
2020,goods,product,goods.hs4.2020-2025.0702,reexports,468581.5577296312000,numeric,unspecified,"[[""geostat_trade_export-product-by-4-digit-2015-2026"",""2020-2025-years"",""C46""],[""geostat_trade_domestic-exports-by-4-digit-2014-2026"",""2020-2025-years"",""C16""]]",derived
2020,goods,product,goods.hs4.2020-2025.0707,reexports,58640.47000000006000,numeric,unspecified,"[[""geostat_trade_export-product-by-4-digit-2015-2026"",""2020-2025-years"",""C51""],[""geostat_trade_domestic-exports-by-4-digit-2014-2026"",""2020-2025-years"",""C17""]]",derived
2020,goods,product,goods.hs4.2020-2025.0709,reexports,865356.7196939376000,numeric,unspecified,"[[""geostat_trade_export-product-by-4-digit-2015-2026"",""2020-2025-years"",""C53""],[""geostat_trade_domestic-exports-by-4-digit-2014-2026"",""2020-2025-years"",""C18""]]",derived
2020,goods,product,goods.hs4.2020-2025.0802,reexports,947307.310000033000,numeric,unspecified,"[[""geostat_trade_export-product-by-4-digit-2015-2026"",""2020-2025-years"",""C60""],[""geostat_trade_domestic-exports-by-4-digit-2014-2026"",""2020-2025-years"",""C19""]]",derived
2020,goods,product,goods.hs4.2020-2025.0805,reexports,9143344.887128086000,numeric,unspecified,"[[""geostat_trade_export-product-by-4-digit-2015-2026"",""2020-2025-years"",""C63""],[""geostat_trade_domestic-exports-by-4-digit-2014-2026"",""2020-2025-years"",""C20""]]",derived
2020,goods,product,goods.hs4.2020-2025.0808,reexports,879994.1360957600000,numeric,unspecified,"[[""geostat_trade_export-product-by-4-digit-2015-2026"",""2020-2025-years"",""C66""],[""geostat_trade_domestic-exports-by-4-digit-2014-2026"",""2020-2025-years"",""C21""]]",derived
2020,goods,product,goods.hs4.2020-2025.0809,reexports,276275.650636428000,numeric,unspecified,"[[""geostat_trade_export-product-by-4-digit-2015-2026"",""2020-2025-years"",""C67""],[""geostat_trade_domestic-exports-by-4-digit-2014-2026"",""2020-2025-years"",""C22""]]",derived
2020,goods,product,goods.hs4.2020-2025.0810,reexports,1007005.265215963000,numeric,unspecified,"[[""geostat_trade_export-product-by-4-digit-2015-2026"",""2020-2025-years"",""C68""],[""geostat_trade_domestic-exports-by-4-digit-2014-2026"",""2020-2025-years"",""C23""]]",derived
2020,goods,product,goods.hs4.2020-2025.0813,reexports,4.7656037159000,numeric,unspecified,"[[""geostat_trade_export-product-by-4-digit-2015-2026"",""2020-2025-years"",""C71""],[""geostat_trade_domestic-exports-by-4-digit-2014-2026"",""2020-2025-years"",""C24""]]",derived
2020,goods,product,goods.hs4.2020-2025.0902,reexports,3914601.7520533102000,numeric,unspecified,"[[""geostat_trade_export-product-by-4-digit-2015-2026"",""2020-2025-years"",""C74""],[""geostat_trade_domestic-exports-by-4-digit-2014-2026"",""2020-2025-years"",""C25""]]",derived
2020,goods,product,goods.hs4.2020-2025.0910,reexports,244519.673272538000,numeric,unspecified,"[[""geostat_trade_export-product-by-4-digit-2015-2026"",""2020-2025-years"",""C81""],[""geostat_trade_domestic-exports-by-4-digit-2014-2026"",""2020-2025-years"",""C26""]]",derived
2020,goods,product,goods.hs4.2020-2025.1003,reexports,0E-15,numeric,unspecified,"[[""geostat_trade_export-product-by-4-digit-2015-2026"",""2020-2025-years"",""C83""],[""geostat_trade_domestic-exports-by-4-digit-2014-2026"",""2020-2025-years"",""C27""]]",derived
2020,goods,product,goods.hs4.2020-2025.1005,reexports,88459.12633307796000,numeric,unspecified,"[[""geostat_trade_export-product-by-4-digit-2015-2026"",""2020-2025-years"",""C85""],[""geostat_trade_domestic-exports-by-4-digit-2014-2026"",""2020-2025-years"",""C28""]]",derived
2020,goods,product,goods.hs4.2020-2025.1106,reexports,601.8942191895000,numeric,unspecified,"[[""geostat_trade_export-product-by-4-digit-2015-2026"",""2020-2025-years"",""C92""],[""geostat_trade_domestic-exports-by-4-digit-2014-2026"",""2020-2025-years"",""C29""]]",derived
2020,goods,product,goods.hs4.2020-2025.1206,reexports,0E-14,numeric,unspecified,"[[""geostat_trade_export-product-by-4-digit-2015-2026"",""2020-2025-years"",""C99""],[""geostat_trade_domestic-exports-by-4-digit-2014-2026"",""2020-2025-years"",""C30""]]",derived
2020,goods,product,goods.hs4.2020-2025.1211,reexports,108933.1499999999000,numeric,unspecified,"[[""geostat_trade_export-product-by-4-digit-2015-2026"",""2020-2025-years"",""C103""],[""geostat_trade_domestic-exports-by-4-digit-2014-2026"",""2020-2025-years"",""C31""]]",derived
2020,goods,product,goods.hs4.2020-2025.1504,reexports,0E-12,numeric,unspecified,"[[""geostat_trade_export-product-by-4-digit-2015-2026"",""2020-2025-years"",""C113""],[""geostat_trade_domestic-exports-by-4-digit-2014-2026"",""2020-2025-years"",""C32""]]",derived
2020,goods,product,goods.hs4.2020-2025.1515,reexports,557899.18730743565000,numeric,unspecified,"[[""geostat_trade_export-product-by-4-digit-2015-2026"",""2020-2025-years"",""C121""],[""geostat_trade_domestic-exports-by-4-digit-2014-2026"",""2020-2025-years"",""C33""]]",derived
2020,goods,product,goods.hs4.2020-2025.1516,reexports,1907540.89600158550002000,numeric,unspecified,"[[""geostat_trade_export-product-by-4-digit-2015-2026"",""2020-2025-years"",""C122""],[""geostat_trade_domestic-exports-by-4-digit-2014-2026"",""2020-2025-years"",""C34""]]",derived
2020,goods,product,goods.hs4.2020-2025.1806,reexports,459466.7584291804000,numeric,unspecified,"[[""geostat_trade_export-product-by-4-digit-2015-2026"",""2020-2025-years"",""C138""],[""geostat_trade_domestic-exports-by-4-digit-2014-2026"",""2020-2025-years"",""C35""]]",derived
2020,goods,product,goods.hs4.2020-2025.2007,reexports,49167.1599999999000,numeric,unspecified,"[[""geostat_trade_export-product-by-4-digit-2015-2026"",""2020-2025-years"",""C150""],[""geostat_trade_domestic-exports-by-4-digit-2014-2026"",""2020-2025-years"",""C36""]]",derived
2020,goods,product,goods.hs4.2020-2025.2008,reexports,127510.109032487000,numeric,unspecified,"[[""geostat_trade_export-product-by-4-digit-2015-2026"",""2020-2025-years"",""C151""],[""geostat_trade_domestic-exports-by-4-digit-2014-2026"",""2020-2025-years"",""C37""]]",derived
2020,goods,product,goods.hs4.2020-2025.2009,reexports,0E-12,numeric,unspecified,"[[""geostat_trade_export-product-by-4-digit-2015-2026"",""2020-2025-years"",""C152""],[""geostat_trade_domestic-exports-by-4-digit-2014-2026"",""2020-2025-years"",""C38""]]",derived
2020,goods,product,goods.hs4.2020-2025.2101,reexports,12.9008749004000,numeric,unspecified,"[[""geostat_trade_export-product-by-4-digit-2015-2026"",""2020-2025-years"",""C153""],[""geostat_trade_domestic-exports-by-4-digit-2014-2026"",""2020-2025-years"",""C39""]]",derived
2020,goods,product,goods.hs4.2020-2025.2103,reexports,169796.1682581931000,numeric,unspecified,"[[""geostat_trade_export-product-by-4-digit-2015-2026"",""2020-2025-years"",""C155""],[""geostat_trade_domestic-exports-by-4-digit-2014-2026"",""2020-2025-years"",""C40""]]",derived
2020,goods,product,goods.hs4.2020-2025.2106,reexports,3729791.6770316940000,numeric,unspecified,"[[""geostat_trade_export-product-by-4-digit-2015-2026"",""2020-2025-years"",""C158""],[""geostat_trade_domestic-exports-by-4-digit-2014-2026"",""2020-2025-years"",""C41""]]",derived
2020,goods,product,goods.hs4.2020-2025.2201,reexports,0E-11,numeric,unspecified,"[[""geostat_trade_export-product-by-4-digit-2015-2026"",""2020-2025-years"",""C159""],[""geostat_trade_domestic-exports-by-4-digit-2014-2026"",""2020-2025-years"",""C42""]]",derived
2020,goods,product,goods.hs4.2020-2025.2202,reexports,455286.177113004000,numeric,unspecified,"[[""geostat_trade_export-product-by-4-digit-2015-2026"",""2020-2025-years"",""C160""],[""geostat_trade_domestic-exports-by-4-digit-2014-2026"",""2020-2025-years"",""C43""]]",derived
2020,goods,product,goods.hs4.2020-2025.2203,reexports,1302017.5356052778000,numeric,unspecified,"[[""geostat_trade_export-product-by-4-digit-2015-2026"",""2020-2025-years"",""C161""],[""geostat_trade_domestic-exports-by-4-digit-2014-2026"",""2020-2025-years"",""C44""]]",derived
2020,goods,product,goods.hs4.2020-2025.2204,reexports,1251981.72448805000,numeric,unspecified,"[[""geostat_trade_export-product-by-4-digit-2015-2026"",""2020-2025-years"",""C162""],[""geostat_trade_domestic-exports-by-4-digit-2014-2026"",""2020-2025-years"",""C45""]]",derived
2020,goods,product,goods.hs4.2020-2025.2208,reexports,27525182.86297321000,numeric,unspecified,"[[""geostat_trade_export-product-by-4-digit-2015-2026"",""2020-2025-years"",""C166""],[""geostat_trade_domestic-exports-by-4-digit-2014-2026"",""2020-2025-years"",""C46""]]",derived
2020,goods,product,goods.hs4.2020-2025.2301,reexports,0E-12,numeric,unspecified,"[[""geostat_trade_export-product-by-4-digit-2015-2026"",""2020-2025-years"",""C168""],[""geostat_trade_domestic-exports-by-4-digit-2014-2026"",""2020-2025-years"",""C47""]]",derived
2020,goods,product,goods.hs4.2020-2025.2309,reexports,197469.8351010138000,numeric,unspecified,"[[""geostat_trade_export-product-by-4-digit-2015-2026"",""2020-2025-years"",""C174""],[""geostat_trade_domestic-exports-by-4-digit-2014-2026"",""2020-2025-years"",""C48""]]",derived
2020,goods,product,goods.hs4.2020-2025.2508,reexports,3204.0612608112000,numeric,unspecified,"[[""geostat_trade_export-product-by-4-digit-2015-2026"",""2020-2025-years"",""C185""],[""geostat_trade_domestic-exports-by-4-digit-2014-2026"",""2020-2025-years"",""C49""]]",derived
2020,goods,product,goods.hs4.2020-2025.2522,reexports,0E-13,numeric,unspecified,"[[""geostat_trade_export-product-by-4-digit-2015-2026"",""2020-2025-years"",""C198""],[""geostat_trade_domestic-exports-by-4-digit-2014-2026"",""2020-2025-years"",""C50""]]",derived
2020,goods,product,goods.hs4.2020-2025.2602,reexports,0E-13,numeric,unspecified,"[[""geostat_trade_export-product-by-4-digit-2015-2026"",""2020-2025-years"",""C205""],[""geostat_trade_domestic-exports-by-4-digit-2014-2026"",""2020-2025-years"",""C51""]]",derived
2020,goods,product,goods.hs4.2020-2025.2603,reexports,0E-11,numeric,unspecified,"[[""geostat_trade_export-product-by-4-digit-2015-2026"",""2020-2025-years"",""C206""],[""geostat_trade_domestic-exports-by-4-digit-2014-2026"",""2020-2025-years"",""C52""]]",derived
2020,goods,product,goods.hs4.2020-2025.2616,reexports,0E-12,numeric,unspecified,"[[""geostat_trade_export-product-by-4-digit-2015-2026"",""2020-2025-years"",""C211""],[""geostat_trade_domestic-exports-by-4-digit-2014-2026"",""2020-2025-years"",""C53""]]",derived
2020,goods,product,goods.hs4.2020-2025.2710,reexports,7176868.8163244009000,numeric,unspecified,"[[""geostat_trade_export-product-by-4-digit-2015-2026"",""2020-2025-years"",""C222""],[""geostat_trade_domestic-exports-by-4-digit-2014-2026"",""2020-2025-years"",""C54""]]",derived
2020,goods,product,goods.hs4.2020-2025.2716,reexports,0E-13,numeric,unspecified,"[[""geostat_trade_export-product-by-4-digit-2015-2026"",""2020-2025-years"",""C227""],[""geostat_trade_domestic-exports-by-4-digit-2014-2026"",""2020-2025-years"",""C55""]]",derived
2020,goods,product,goods.hs4.2020-2025.2820,reexports,0E-12,numeric,unspecified,"[[""geostat_trade_export-product-by-4-digit-2015-2026"",""2020-2025-years"",""C241""],[""geostat_trade_domestic-exports-by-4-digit-2014-2026"",""2020-2025-years"",""C56""]]",derived
2020,goods,product,goods.hs4.2020-2025.2837,reexports,0E-12,numeric,unspecified,"[[""geostat_trade_export-product-by-4-digit-2015-2026"",""2020-2025-years"",""C257""],[""geostat_trade_domestic-exports-by-4-digit-2014-2026"",""2020-2025-years"",""C57""]]",derived
2020,goods,product,goods.hs4.2020-2025.3004,reexports,80895145.183987344000,numeric,unspecified,"[[""geostat_trade_export-product-by-4-digit-2015-2026"",""2020-2025-years"",""C307""],[""geostat_trade_domestic-exports-by-4-digit-2014-2026"",""2020-2025-years"",""C58""]]",derived
2020,goods,product,goods.hs4.2020-2025.3006,reexports,1731867.74711160185000,numeric,unspecified,"[[""geostat_trade_export-product-by-4-digit-2015-2026"",""2020-2025-years"",""C309""],[""geostat_trade_domestic-exports-by-4-digit-2014-2026"",""2020-2025-years"",""C59""]]",derived
2020,goods,product,goods.hs4.2020-2025.3102,reexports,5492.117853966000,numeric,unspecified,"[[""geostat_trade_export-product-by-4-digit-2015-2026"",""2020-2025-years"",""C311""],[""geostat_trade_domestic-exports-by-4-digit-2014-2026"",""2020-2025-years"",""C60""]]",derived
2020,goods,product,goods.hs4.2020-2025.3923,reexports,425735.5981768206000,numeric,unspecified,"[[""geostat_trade_export-product-by-4-digit-2015-2026"",""2020-2025-years"",""C406""],[""geostat_trade_domestic-exports-by-4-digit-2014-2026"",""2020-2025-years"",""C61""]]",derived
2020,goods,product,goods.hs4.2020-2025.3926,reexports,1951528.25438650858000,numeric,unspecified,"[[""geostat_trade_export-product-by-4-digit-2015-2026"",""2020-2025-years"",""C409""],[""geostat_trade_domestic-exports-by-4-digit-2014-2026"",""2020-2025-years"",""C62""]]",derived
2020,goods,product,goods.hs4.2020-2025.4407,reexports,810946.7895490234000,numeric,unspecified,"[[""geostat_trade_export-product-by-4-digit-2015-2026"",""2020-2025-years"",""C448""],[""geostat_trade_domestic-exports-by-4-digit-2014-2026"",""2020-2025-years"",""C63""]]",derived
2020,goods,product,goods.hs4.2020-2025.4410,reexports,64952.3069324651000,numeric,unspecified,"[[""geostat_trade_export-product-by-4-digit-2015-2026"",""2020-2025-years"",""C451""],[""geostat_trade_domestic-exports-by-4-digit-2014-2026"",""2020-2025-years"",""C64""]]",derived
2020,goods,product,goods.hs4.2020-2025.4418,reexports,184556.86465155816000,numeric,unspecified,"[[""geostat_trade_export-product-by-4-digit-2015-2026"",""2020-2025-years"",""C459""],[""geostat_trade_domestic-exports-by-4-digit-2014-2026"",""2020-2025-years"",""C65""]]",derived
2020,goods,product,goods.hs4.2020-2025.4421,reexports,17766.684981251000,numeric,unspecified,"[[""geostat_trade_export-product-by-4-digit-2015-2026"",""2020-2025-years"",""C462""],[""geostat_trade_domestic-exports-by-4-digit-2014-2026"",""2020-2025-years"",""C66""]]",derived
2020,goods,product,goods.hs4.2020-2025.4707,reexports,0E-14,numeric,unspecified,"[[""geostat_trade_export-product-by-4-digit-2015-2026"",""2020-2025-years"",""C472""],[""geostat_trade_domestic-exports-by-4-digit-2014-2026"",""2020-2025-years"",""C67""]]",derived
2020,goods,product,goods.hs4.2020-2025.4805,reexports,16244.82000000000000,numeric,unspecified,"[[""geostat_trade_export-product-by-4-digit-2015-2026"",""2020-2025-years"",""C477""],[""geostat_trade_domestic-exports-by-4-digit-2014-2026"",""2020-2025-years"",""C68""]]",derived
2020,goods,product,goods.hs4.2020-2025.5605,reexports,0E-13,numeric,unspecified,"[[""geostat_trade_export-product-by-4-digit-2015-2026"",""2020-2025-years"",""C553""],[""geostat_trade_domestic-exports-by-4-digit-2014-2026"",""2020-2025-years"",""C69""]]",derived
2020,goods,product,goods.hs4.2020-2025.6102,reexports,13010.82295615771000,numeric,unspecified,"[[""geostat_trade_export-product-by-4-digit-2015-2026"",""2020-2025-years"",""C590""],[""geostat_trade_domestic-exports-by-4-digit-2014-2026"",""2020-2025-years"",""C70""]]",derived
2020,goods,product,goods.hs4.2020-2025.6103,reexports,69788.443360594000,numeric,unspecified,"[[""geostat_trade_export-product-by-4-digit-2015-2026"",""2020-2025-years"",""C591""],[""geostat_trade_domestic-exports-by-4-digit-2014-2026"",""2020-2025-years"",""C71""]]",derived
2020,goods,product,goods.hs4.2020-2025.6104,reexports,151514.43659663449000,numeric,unspecified,"[[""geostat_trade_export-product-by-4-digit-2015-2026"",""2020-2025-years"",""C592""],[""geostat_trade_domestic-exports-by-4-digit-2014-2026"",""2020-2025-years"",""C72""]]",derived
2020,goods,product,goods.hs4.2020-2025.6109,reexports,453729.781804170000,numeric,unspecified,"[[""geostat_trade_export-product-by-4-digit-2015-2026"",""2020-2025-years"",""C597""],[""geostat_trade_domestic-exports-by-4-digit-2014-2026"",""2020-2025-years"",""C73""]]",derived
2020,goods,product,goods.hs4.2020-2025.6110,reexports,477175.4269063954000,numeric,unspecified,"[[""geostat_trade_export-product-by-4-digit-2015-2026"",""2020-2025-years"",""C598""],[""geostat_trade_domestic-exports-by-4-digit-2014-2026"",""2020-2025-years"",""C74""]]",derived
2020,goods,product,goods.hs4.2020-2025.6201,reexports,63755.54215945795000,numeric,unspecified,"[[""geostat_trade_export-product-by-4-digit-2015-2026"",""2020-2025-years"",""C606""],[""geostat_trade_domestic-exports-by-4-digit-2014-2026"",""2020-2025-years"",""C75""]]",derived
2020,goods,product,goods.hs4.2020-2025.6202,reexports,275623.3021805950000,numeric,unspecified,"[[""geostat_trade_export-product-by-4-digit-2015-2026"",""2020-2025-years"",""C607""],[""geostat_trade_domestic-exports-by-4-digit-2014-2026"",""2020-2025-years"",""C76""]]",derived
2020,goods,product,goods.hs4.2020-2025.6203,reexports,423805.61936718754000,numeric,unspecified,"[[""geostat_trade_export-product-by-4-digit-2015-2026"",""2020-2025-years"",""C608""],[""geostat_trade_domestic-exports-by-4-digit-2014-2026"",""2020-2025-years"",""C77""]]",derived
2020,goods,product,goods.hs4.2020-2025.6204,reexports,478153.8158576332000,numeric,unspecified,"[[""geostat_trade_export-product-by-4-digit-2015-2026"",""2020-2025-years"",""C609""],[""geostat_trade_domestic-exports-by-4-digit-2014-2026"",""2020-2025-years"",""C78""]]",derived
2020,goods,product,goods.hs4.2020-2025.6206,reexports,128107.5574056149000,numeric,unspecified,"[[""geostat_trade_export-product-by-4-digit-2015-2026"",""2020-2025-years"",""C611""],[""geostat_trade_domestic-exports-by-4-digit-2014-2026"",""2020-2025-years"",""C79""]]",derived
2020,goods,product,goods.hs4.2020-2025.6212,reexports,123115.2730218301000,numeric,unspecified,"[[""geostat_trade_export-product-by-4-digit-2015-2026"",""2020-2025-years"",""C617""],[""geostat_trade_domestic-exports-by-4-digit-2014-2026"",""2020-2025-years"",""C80""]]",derived
2020,goods,product,goods.hs4.2020-2025.6305,reexports,810.9999999997000,numeric,unspecified,"[[""geostat_trade_export-product-by-4-digit-2015-2026"",""2020-2025-years"",""C627""],[""geostat_trade_domestic-exports-by-4-digit-2014-2026"",""2020-2025-years"",""C81""]]",derived
2020,goods,product,goods.hs4.2020-2025.6403,reexports,1077411.2539519384000,numeric,unspecified,"[[""geostat_trade_export-product-by-4-digit-2015-2026"",""2020-2025-years"",""C635""],[""geostat_trade_domestic-exports-by-4-digit-2014-2026"",""2020-2025-years"",""C82""]]",derived
2020,goods,product,goods.hs4.2020-2025.6809,reexports,9321.8331430807000,numeric,unspecified,"[[""geostat_trade_export-product-by-4-digit-2015-2026"",""2020-2025-years"",""C658""],[""geostat_trade_domestic-exports-by-4-digit-2014-2026"",""2020-2025-years"",""C83""]]",derived
2020,goods,product,goods.hs4.2020-2025.7010,reexports,2528.4170019754000,numeric,unspecified,"[[""geostat_trade_export-product-by-4-digit-2015-2026"",""2020-2025-years"",""C687""],[""geostat_trade_domestic-exports-by-4-digit-2014-2026"",""2020-2025-years"",""C84""]]",derived
2020,goods,product,goods.hs4.2020-2025.7108,reexports,0E-11,numeric,unspecified,"[[""geostat_trade_export-product-by-4-digit-2015-2026"",""2020-2025-years"",""C699""],[""geostat_trade_domestic-exports-by-4-digit-2014-2026"",""2020-2025-years"",""C85""]]",derived
2020,goods,product,goods.hs4.2020-2025.7112,reexports,0E-12,numeric,unspecified,"[[""geostat_trade_export-product-by-4-digit-2015-2026"",""2020-2025-years"",""C702""],[""geostat_trade_domestic-exports-by-4-digit-2014-2026"",""2020-2025-years"",""C86""]]",derived
2020,goods,product,goods.hs4.2020-2025.7115,reexports,0E-12,numeric,unspecified,"[[""geostat_trade_export-product-by-4-digit-2015-2026"",""2020-2025-years"",""C705""],[""geostat_trade_domestic-exports-by-4-digit-2014-2026"",""2020-2025-years"",""C87""]]",derived
2020,goods,product,goods.hs4.2020-2025.7202,reexports,531905.00000003000,numeric,unspecified,"[[""geostat_trade_export-product-by-4-digit-2015-2026"",""2020-2025-years"",""C709""],[""geostat_trade_domestic-exports-by-4-digit-2014-2026"",""2020-2025-years"",""C88""]]",derived
2020,goods,product,goods.hs4.2020-2025.7204,reexports,1136.4500000000000,numeric,unspecified,"[[""geostat_trade_export-product-by-4-digit-2015-2026"",""2020-2025-years"",""C711""],[""geostat_trade_domestic-exports-by-4-digit-2014-2026"",""2020-2025-years"",""C89""]]",derived
2020,goods,product,goods.hs4.2020-2025.7207,reexports,0.00000,numeric,unspecified,"[[""geostat_trade_export-product-by-4-digit-2015-2026"",""2020-2025-years"",""C714""],[""geostat_trade_domestic-exports-by-4-digit-2014-2026"",""2020-2025-years"",""C90""]]",derived
2020,goods,product,goods.hs4.2020-2025.7214,reexports,78372.5000000004000,numeric,unspecified,"[[""geostat_trade_export-product-by-4-digit-2015-2026"",""2020-2025-years"",""C721""],[""geostat_trade_domestic-exports-by-4-digit-2014-2026"",""2020-2025-years"",""C91""]]",derived
2020,goods,product,goods.hs4.2020-2025.7304,reexports,26317.2302929907000,numeric,unspecified,"[[""geostat_trade_export-product-by-4-digit-2015-2026"",""2020-2025-years"",""C737""],[""geostat_trade_domestic-exports-by-4-digit-2014-2026"",""2020-2025-years"",""C92""]]",derived
2020,goods,product,goods.hs4.2020-2025.7307,reexports,55261.52647933577000,numeric,unspecified,"[[""geostat_trade_export-product-by-4-digit-2015-2026"",""2020-2025-years"",""C740""],[""geostat_trade_domestic-exports-by-4-digit-2014-2026"",""2020-2025-years"",""C93""]]",derived
2020,goods,product,goods.hs4.2020-2025.7326,reexports,393534.38297253826000,numeric,unspecified,"[[""geostat_trade_export-product-by-4-digit-2015-2026"",""2020-2025-years"",""C759""],[""geostat_trade_domestic-exports-by-4-digit-2014-2026"",""2020-2025-years"",""C94""]]",derived
2020,goods,product,goods.hs4.2020-2025.7404,reexports,0E-12,numeric,unspecified,"[[""geostat_trade_export-product-by-4-digit-2015-2026"",""2020-2025-years"",""C761""],[""geostat_trade_domestic-exports-by-4-digit-2014-2026"",""2020-2025-years"",""C95""]]",derived
2020,goods,product,goods.hs4.2020-2025.7601,reexports,0E-13,numeric,unspecified,"[[""geostat_trade_export-product-by-4-digit-2015-2026"",""2020-2025-years"",""C777""],[""geostat_trade_domestic-exports-by-4-digit-2014-2026"",""2020-2025-years"",""C96""]]",derived
2020,goods,product,goods.hs4.2020-2025.7602,reexports,32076.5999999994000,numeric,unspecified,"[[""geostat_trade_export-product-by-4-digit-2015-2026"",""2020-2025-years"",""C778""],[""geostat_trade_domestic-exports-by-4-digit-2014-2026"",""2020-2025-years"",""C97""]]",derived
2020,goods,product,goods.hs4.2020-2025.7801,reexports,180095.9999999995000,numeric,unspecified,"[[""geostat_trade_export-product-by-4-digit-2015-2026"",""2020-2025-years"",""C794""],[""geostat_trade_domestic-exports-by-4-digit-2014-2026"",""2020-2025-years"",""C98""]]",derived
2020,goods,product,goods.hs4.2020-2025.8516,reexports,2053706.447714732000,numeric,unspecified,"[[""geostat_trade_export-product-by-4-digit-2015-2026"",""2020-2025-years"",""C931""],[""geostat_trade_domestic-exports-by-4-digit-2014-2026"",""2020-2025-years"",""C99""]]",derived
2020,goods,product,goods.hs4.2020-2025.8544,reexports,515868.0768360646000,numeric,unspecified,"[[""geostat_trade_export-product-by-4-digit-2015-2026"",""2020-2025-years"",""C957""],[""geostat_trade_domestic-exports-by-4-digit-2014-2026"",""2020-2025-years"",""C100""]]",derived
2020,goods,product,goods.hs4.2020-2025.8606,reexports,0E-13,numeric,unspecified,"[[""geostat_trade_export-product-by-4-digit-2015-2026"",""2020-2025-years"",""C966""],[""geostat_trade_domestic-exports-by-4-digit-2014-2026"",""2020-2025-years"",""C101""]]",derived
2020,goods,product,goods.hs4.2020-2025.8607,reexports,118943.71041532605000,numeric,unspecified,"[[""geostat_trade_export-product-by-4-digit-2015-2026"",""2020-2025-years"",""C967""],[""geostat_trade_domestic-exports-by-4-digit-2014-2026"",""2020-2025-years"",""C102""]]",derived
2020,goods,product,goods.hs4.2020-2025.9403,reexports,622849.51261694235000,numeric,unspecified,"[[""geostat_trade_export-product-by-4-digit-2015-2026"",""2020-2025-years"",""C1048""],[""geostat_trade_domestic-exports-by-4-digit-2014-2026"",""2020-2025-years"",""C104""]]",derived
2020,goods,product,goods.hs4.2020-2025.9404,reexports,12310.3725038749000,numeric,unspecified,"[[""geostat_trade_export-product-by-4-digit-2015-2026"",""2020-2025-years"",""C1049""],[""geostat_trade_domestic-exports-by-4-digit-2014-2026"",""2020-2025-years"",""C105""]]",derived
2021,goods,country,partner.1995-2025.004,reexports,436336.8846469457149000,numeric,unspecified,"[[""geostat_trade_export-country-1995-2026"",""1995-2025-years"",""AC50""],[""geostat_trade_domestic-export-country-2014-2026"",""2014-2025-years"",""J50""]]",derived
2021,goods,country,partner.1995-2025.008,reexports,748148.13653917963000,numeric,unspecified,"[[""geostat_trade_export-country-1995-2026"",""1995-2025-years"",""AC51""],[""geostat_trade_domestic-export-country-2014-2026"",""2014-2025-years"",""J51""]]",derived
2021,goods,country,partner.1995-2025.012,reexports,0E-13,numeric,unspecified,"[[""geostat_trade_export-country-1995-2026"",""1995-2025-years"",""AC52""],[""geostat_trade_domestic-export-country-2014-2026"",""2014-2025-years"",""J52""]]",derived
2021,goods,country,partner.1995-2025.020,reexports,0,numeric,unspecified,"[[""geostat_trade_export-country-1995-2026"",""1995-2025-years"",""AC53""],[""geostat_trade_domestic-export-country-2014-2026"",""2014-2025-years"",""J53""]]",derived
2021,goods,country,partner.1995-2025.024,reexports,0E-18,numeric,unspecified,"[[""geostat_trade_export-country-1995-2026"",""1995-2025-years"",""AC54""],[""geostat_trade_domestic-export-country-2014-2026"",""2014-2025-years"",""J54""]]",derived
2021,goods,country,partner.1995-2025.028,reexports,0,numeric,unspecified,"[[""geostat_trade_export-country-1995-2026"",""1995-2025-years"",""AC56""],[""geostat_trade_domestic-export-country-2014-2026"",""2014-2025-years"",""J56""]]",derived
2021,goods,country,partner.1995-2025.031,reexports,422134957.09592036000,numeric,unspecified,"[[""geostat_trade_export-country-1995-2026"",""1995-2025-years"",""AC38""],[""geostat_trade_domestic-export-country-2014-2026"",""2014-2025-years"",""J38""]]",derived
2021,goods,country,partner.1995-2025.032,reexports,1277013.99999999988000,numeric,unspecified,"[[""geostat_trade_export-country-1995-2026"",""1995-2025-years"",""AC57""],[""geostat_trade_domestic-export-country-2014-2026"",""2014-2025-years"",""J57""]]",derived
2021,goods,country,partner.1995-2025.036,reexports,106532.1778140819000,numeric,unspecified,"[[""geostat_trade_export-country-1995-2026"",""1995-2025-years"",""AC58""],[""geostat_trade_domestic-export-country-2014-2026"",""2014-2025-years"",""J58""]]",derived
2021,goods,country,partner.1995-2025.040,reexports,153271.9614715652000,numeric,unspecified,"[[""geostat_trade_export-country-1995-2026"",""1995-2025-years"",""AC8""],[""geostat_trade_domestic-export-country-2014-2026"",""2014-2025-years"",""J8""]]",derived
2021,goods,country,partner.1995-2025.044,reexports,0,numeric,unspecified,"[[""geostat_trade_export-country-1995-2026"",""1995-2025-years"",""AC59""],[""geostat_trade_domestic-export-country-2014-2026"",""2014-2025-years"",""J59""]]",derived
2021,goods,country,partner.1995-2025.048,reexports,0E-15,numeric,unspecified,"[[""geostat_trade_export-country-1995-2026"",""1995-2025-years"",""AC60""],[""geostat_trade_domestic-export-country-2014-2026"",""2014-2025-years"",""J60""]]",derived
2021,goods,country,partner.1995-2025.050,reexports,121549.99999999998000,numeric,unspecified,"[[""geostat_trade_export-country-1995-2026"",""1995-2025-years"",""AC61""],[""geostat_trade_domestic-export-country-2014-2026"",""2014-2025-years"",""J61""]]",derived
2021,goods,country,partner.1995-2025.051,reexports,122830744.17989533000,numeric,unspecified,"[[""geostat_trade_export-country-1995-2026"",""1995-2025-years"",""AC37""],[""geostat_trade_domestic-export-country-2014-2026"",""2014-2025-years"",""J37""]]",derived
2021,goods,country,partner.1995-2025.052,reexports,0,numeric,unspecified,"[[""geostat_trade_export-country-1995-2026"",""1995-2025-years"",""AC62""],[""geostat_trade_domestic-export-country-2014-2026"",""2014-2025-years"",""J62""]]",derived
2021,goods,country,partner.1995-2025.056,reexports,18026049.7192231753000,numeric,unspecified,"[[""geostat_trade_export-country-1995-2026"",""1995-2025-years"",""AC9""],[""geostat_trade_domestic-export-country-2014-2026"",""2014-2025-years"",""J9""]]",derived
2021,goods,country,partner.1995-2025.064,reexports,0.0,numeric,unspecified,"[[""geostat_trade_export-country-1995-2026"",""1995-2025-years"",""AC65""],[""geostat_trade_domestic-export-country-2014-2026"",""2014-2025-years"",""J65""]]",derived
2021,goods,country,partner.1995-2025.068,reexports,69796.92000,numeric,unspecified,"[[""geostat_trade_export-country-1995-2026"",""1995-2025-years"",""AC66""],[""geostat_trade_domestic-export-country-2014-2026"",""2014-2025-years"",""J66""]]",derived
2021,goods,country,partner.1995-2025.070,reexports,0,numeric,unspecified,"[[""geostat_trade_export-country-1995-2026"",""1995-2025-years"",""AC67""],[""geostat_trade_domestic-export-country-2014-2026"",""2014-2025-years"",""J67""]]",derived
2021,goods,country,partner.1995-2025.072,reexports,0,numeric,unspecified,"[[""geostat_trade_export-country-1995-2026"",""1995-2025-years"",""AC68""],[""geostat_trade_domestic-export-country-2014-2026"",""2014-2025-years"",""J68""]]",derived
2021,goods,country,partner.1995-2025.076,reexports,75851.1271935440000,numeric,unspecified,"[[""geostat_trade_export-country-1995-2026"",""1995-2025-years"",""AC69""],[""geostat_trade_domestic-export-country-2014-2026"",""2014-2025-years"",""J69""]]",derived
2021,goods,country,partner.1995-2025.084,reexports,0,numeric,unspecified,"[[""geostat_trade_export-country-1995-2026"",""1995-2025-years"",""AC63""],[""geostat_trade_domestic-export-country-2014-2026"",""2014-2025-years"",""J63""]]",derived
2021,goods,country,partner.1995-2025.092,reexports,0,numeric,unspecified,"[[""geostat_trade_export-country-1995-2026"",""1995-2025-years"",""AC194""],[""geostat_trade_domestic-export-country-2014-2026"",""2014-2025-years"",""J193""]]",derived
2021,goods,country,partner.1995-2025.100,reexports,1727670.97921251000,numeric,unspecified,"[[""geostat_trade_export-country-1995-2026"",""1995-2025-years"",""AC10""],[""geostat_trade_domestic-export-country-2014-2026"",""2014-2025-years"",""J10""]]",derived
2021,goods,country,partner.1995-2025.104,reexports,0,numeric,unspecified,"[[""geostat_trade_export-country-1995-2026"",""1995-2025-years"",""AC143""],[""geostat_trade_domestic-export-country-2014-2026"",""2014-2025-years"",""J143""]]",derived
2021,goods,country,partner.1995-2025.108,reexports,0,numeric,unspecified,"[[""geostat_trade_export-country-1995-2026"",""1995-2025-years"",""AC71""],[""geostat_trade_domestic-export-country-2014-2026"",""2014-2025-years"",""J71""]]",derived
2021,goods,country,partner.1995-2025.112,reexports,21127970.092224656000,numeric,unspecified,"[[""geostat_trade_export-country-1995-2026"",""1995-2025-years"",""AC39""],[""geostat_trade_domestic-export-country-2014-2026"",""2014-2025-years"",""J39""]]",derived
2021,goods,country,partner.1995-2025.116,reexports,27700.0,numeric,unspecified,"[[""geostat_trade_export-country-1995-2026"",""1995-2025-years"",""AC72""],[""geostat_trade_domestic-export-country-2014-2026"",""2014-2025-years"",""J72""]]",derived
2021,goods,country,partner.1995-2025.120,reexports,0,numeric,unspecified,"[[""geostat_trade_export-country-1995-2026"",""1995-2025-years"",""AC73""],[""geostat_trade_domestic-export-country-2014-2026"",""2014-2025-years"",""J73""]]",derived
2021,goods,country,partner.1995-2025.124,reexports,147440.057663901000,numeric,unspecified,"[[""geostat_trade_export-country-1995-2026"",""1995-2025-years"",""AC74""],[""geostat_trade_domestic-export-country-2014-2026"",""2014-2025-years"",""J74""]]",derived
2021,goods,country,partner.1995-2025.136,reexports,0,numeric,unspecified,"[[""geostat_trade_export-country-1995-2026"",""1995-2025-years"",""AC75""],[""geostat_trade_domestic-export-country-2014-2026"",""2014-2025-years"",""J75""]]",derived
2021,goods,country,partner.1995-2025.140,reexports,0,numeric,unspecified,"[[""geostat_trade_export-country-1995-2026"",""1995-2025-years"",""AC76""],[""geostat_trade_domestic-export-country-2014-2026"",""2014-2025-years"",""J76""]]",derived
2021,goods,country,partner.1995-2025.144,reexports,0E-17,numeric,unspecified,"[[""geostat_trade_export-country-1995-2026"",""1995-2025-years"",""AC173""],[""geostat_trade_domestic-export-country-2014-2026"",""2014-2025-years"",""J173""]]",derived
2021,goods,country,partner.1995-2025.148,reexports,0E-16,numeric,unspecified,"[[""geostat_trade_export-country-1995-2026"",""1995-2025-years"",""AC77""],[""geostat_trade_domestic-export-country-2014-2026"",""2014-2025-years"",""J77""]]",derived
2021,goods,country,partner.1995-2025.152,reexports,437159.7259591027000,numeric,unspecified,"[[""geostat_trade_export-country-1995-2026"",""1995-2025-years"",""AC78""],[""geostat_trade_domestic-export-country-2014-2026"",""2014-2025-years"",""J78""]]",derived
2021,goods,country,partner.1995-2025.156,reexports,34087169.90360909000,numeric,unspecified,"[[""geostat_trade_export-country-1995-2026"",""1995-2025-years"",""AC79""],[""geostat_trade_domestic-export-country-2014-2026"",""2014-2025-years"",""J79""]]",derived
2021,goods,country,partner.1995-2025.158,reexports,586307.3197978997000,numeric,unspecified,"[[""geostat_trade_export-country-1995-2026"",""1995-2025-years"",""AC179""],[""geostat_trade_domestic-export-country-2014-2026"",""2014-2025-years"",""J178""]]",derived
2021,goods,country,partner.1995-2025.170,reexports,0E-13,numeric,unspecified,"[[""geostat_trade_export-country-1995-2026"",""1995-2025-years"",""AC80""],[""geostat_trade_domestic-export-country-2014-2026"",""2014-2025-years"",""J80""]]",derived
2021,goods,country,partner.1995-2025.178,reexports,0,numeric,unspecified,"[[""geostat_trade_export-country-1995-2026"",""1995-2025-years"",""AC81""],[""geostat_trade_domestic-export-country-2014-2026"",""2014-2025-years"",""J81""]]",derived
2021,goods,country,partner.1995-2025.180,reexports,0,numeric,unspecified,"[[""geostat_trade_export-country-1995-2026"",""1995-2025-years"",""AC82""],[""geostat_trade_domestic-export-country-2014-2026"",""2014-2025-years"",""J82""]]",derived
2021,goods,country,partner.1995-2025.188,reexports,0.000,numeric,unspecified,"[[""geostat_trade_export-country-1995-2026"",""1995-2025-years"",""AC83""],[""geostat_trade_domestic-export-country-2014-2026"",""2014-2025-years"",""J83""]]",derived
2021,goods,country,partner.1995-2025.191,reexports,8368.23629100593000,numeric,unspecified,"[[""geostat_trade_export-country-1995-2026"",""1995-2025-years"",""AC11""],[""geostat_trade_domestic-export-country-2014-2026"",""2014-2025-years"",""J11""]]",derived
2021,goods,country,partner.1995-2025.192,reexports,479.999999999997000,numeric,unspecified,"[[""geostat_trade_export-country-1995-2026"",""1995-2025-years"",""AC85""],[""geostat_trade_domestic-export-country-2014-2026"",""2014-2025-years"",""J85""]]",derived
2021,goods,country,partner.1995-2025.196,reexports,2435.00000000000000,numeric,unspecified,"[[""geostat_trade_export-country-1995-2026"",""1995-2025-years"",""AC12""],[""geostat_trade_domestic-export-country-2014-2026"",""2014-2025-years"",""J12""]]",derived
2021,goods,country,partner.1995-2025.203,reexports,3329774.8043412211000,numeric,unspecified,"[[""geostat_trade_export-country-1995-2026"",""1995-2025-years"",""AC13""],[""geostat_trade_domestic-export-country-2014-2026"",""2014-2025-years"",""J13""]]",derived
2021,goods,country,partner.1995-2025.204,reexports,0E-17,numeric,unspecified,"[[""geostat_trade_export-country-1995-2026"",""1995-2025-years"",""AC64""],[""geostat_trade_domestic-export-country-2014-2026"",""2014-2025-years"",""J64""]]",derived
2021,goods,country,partner.1995-2025.208,reexports,570157.2578875407000,numeric,unspecified,"[[""geostat_trade_export-country-1995-2026"",""1995-2025-years"",""AC14""],[""geostat_trade_domestic-export-country-2014-2026"",""2014-2025-years"",""J14""]]",derived
2021,goods,country,partner.1995-2025.212,reexports,0,numeric,unspecified,"[[""geostat_trade_export-country-1995-2026"",""1995-2025-years"",""AC87""],[""geostat_trade_domestic-export-country-2014-2026"",""2014-2025-years"",""J87""]]",derived
2021,goods,country,partner.1995-2025.214,reexports,0,numeric,unspecified,"[[""geostat_trade_export-country-1995-2026"",""1995-2025-years"",""AC88""],[""geostat_trade_domestic-export-country-2014-2026"",""2014-2025-years"",""J88""]]",derived
2021,goods,country,partner.1995-2025.218,reexports,769944.96000000004000,numeric,unspecified,"[[""geostat_trade_export-country-1995-2026"",""1995-2025-years"",""AC89""],[""geostat_trade_domestic-export-country-2014-2026"",""2014-2025-years"",""J89""]]",derived
2021,goods,country,partner.1995-2025.222,reexports,0,numeric,unspecified,"[[""geostat_trade_export-country-1995-2026"",""1995-2025-years"",""AC91""],[""geostat_trade_domestic-export-country-2014-2026"",""2014-2025-years"",""J91""]]",derived
2021,goods,country,partner.1995-2025.226,reexports,0,numeric,unspecified,"[[""geostat_trade_export-country-1995-2026"",""1995-2025-years"",""AC92""],[""geostat_trade_domestic-export-country-2014-2026"",""2014-2025-years"",""J92""]]",derived
2021,goods,country,partner.1995-2025.231,reexports,19114.3204027587811000,numeric,unspecified,"[[""geostat_trade_export-country-1995-2026"",""1995-2025-years"",""AC93""],[""geostat_trade_domestic-export-country-2014-2026"",""2014-2025-years"",""J93""]]",derived
2021,goods,country,partner.1995-2025.233,reexports,301487.6733397878000,numeric,unspecified,"[[""geostat_trade_export-country-1995-2026"",""1995-2025-years"",""AC15""],[""geostat_trade_domestic-export-country-2014-2026"",""2014-2025-years"",""J15""]]",derived
2021,goods,country,partner.1995-2025.242,reexports,0,numeric,unspecified,"[[""geostat_trade_export-country-1995-2026"",""1995-2025-years"",""AC94""],[""geostat_trade_domestic-export-country-2014-2026"",""2014-2025-years"",""J94""]]",derived
2021,goods,country,partner.1995-2025.246,reexports,0E-13,numeric,unspecified,"[[""geostat_trade_export-country-1995-2026"",""1995-2025-years"",""AC16""],[""geostat_trade_domestic-export-country-2014-2026"",""2014-2025-years"",""J16""]]",derived
2021,goods,country,partner.1995-2025.250,reexports,3011988.340574629000,numeric,unspecified,"[[""geostat_trade_export-country-1995-2026"",""1995-2025-years"",""AC17""],[""geostat_trade_domestic-export-country-2014-2026"",""2014-2025-years"",""J17""]]",derived
2021,goods,country,partner.1995-2025.258,reexports,0,numeric,unspecified,"[[""geostat_trade_export-country-1995-2026"",""1995-2025-years"",""AC95""],[""geostat_trade_domestic-export-country-2014-2026"",""2014-2025-years"",""J95""]]",derived
2021,goods,country,partner.1995-2025.262,reexports,0,numeric,unspecified,"[[""geostat_trade_export-country-1995-2026"",""1995-2025-years"",""AC86""],[""geostat_trade_domestic-export-country-2014-2026"",""2014-2025-years"",""J86""]]",derived
2021,goods,country,partner.1995-2025.266,reexports,0,numeric,unspecified,"[[""geostat_trade_export-country-1995-2026"",""1995-2025-years"",""AC96""],[""geostat_trade_domestic-export-country-2014-2026"",""2014-2025-years"",""J96""]]",derived
2021,goods,country,partner.1995-2025.270,reexports,0,numeric,unspecified,"[[""geostat_trade_export-country-1995-2026"",""1995-2025-years"",""AC97""],[""geostat_trade_domestic-export-country-2014-2026"",""2014-2025-years"",""J97""]]",derived
2021,goods,country,partner.1995-2025.275,reexports,7605.2464710193428000,numeric,unspecified,"[[""geostat_trade_export-country-1995-2026"",""1995-2025-years"",""AC174""],[""geostat_trade_domestic-export-country-2014-2026"",""2014-2025-years"",""J153""]]",derived
2021,goods,country,partner.1995-2025.276,reexports,3108173.704562651000,numeric,unspecified,"[[""geostat_trade_export-country-1995-2026"",""1995-2025-years"",""AC18""],[""geostat_trade_domestic-export-country-2014-2026"",""2014-2025-years"",""J18""]]",derived
2021,goods,country,partner.1995-2025.288,reexports,118887.24999999996000,numeric,unspecified,"[[""geostat_trade_export-country-1995-2026"",""1995-2025-years"",""AC98""],[""geostat_trade_domestic-export-country-2014-2026"",""2014-2025-years"",""J98""]]",derived
2021,goods,country,partner.1995-2025.292,reexports,0,numeric,unspecified,"[[""geostat_trade_export-country-1995-2026"",""1995-2025-years"",""AC99""],[""geostat_trade_domestic-export-country-2014-2026"",""2014-2025-years"",""J99""]]",derived
2021,goods,country,partner.1995-2025.300,reexports,3688541.1811428730000,numeric,unspecified,"[[""geostat_trade_export-country-1995-2026"",""1995-2025-years"",""AC19""],[""geostat_trade_domestic-export-country-2014-2026"",""2014-2025-years"",""J19""]]",derived
2021,goods,country,partner.1995-2025.312,reexports,0,numeric,unspecified,"[[""geostat_trade_export-country-1995-2026"",""1995-2025-years"",""AC100""],[""geostat_trade_domestic-export-country-2014-2026"",""2014-2025-years"",""J100""]]",derived
2021,goods,country,partner.1995-2025.320,reexports,0,numeric,unspecified,"[[""geostat_trade_export-country-1995-2026"",""1995-2025-years"",""AC101""],[""geostat_trade_domestic-export-country-2014-2026"",""2014-2025-years"",""J101""]]",derived
2021,goods,country,partner.1995-2025.324,reexports,0,numeric,unspecified,"[[""geostat_trade_export-country-1995-2026"",""1995-2025-years"",""AC103""],[""geostat_trade_domestic-export-country-2014-2026"",""2014-2025-years"",""J102""]]",derived
2021,goods,country,partner.1995-2025.332,reexports,0,numeric,unspecified,"[[""geostat_trade_export-country-1995-2026"",""1995-2025-years"",""AC105""],[""geostat_trade_domestic-export-country-2014-2026"",""2014-2025-years"",""J104""]]",derived
2021,goods,country,partner.1995-2025.336,reexports,0,numeric,unspecified,"[[""geostat_trade_export-country-1995-2026"",""1995-2025-years"",""AC106""],[""geostat_trade_domestic-export-country-2014-2026"",""2014-2025-years"",""J105""]]",derived
2021,goods,country,partner.1995-2025.340,reexports,0.00,numeric,unspecified,"[[""geostat_trade_export-country-1995-2026"",""1995-2025-years"",""AC107""],[""geostat_trade_domestic-export-country-2014-2026"",""2014-2025-years"",""J106""]]",derived
2021,goods,country,partner.1995-2025.344,reexports,2997851.6988069314000,numeric,unspecified,"[[""geostat_trade_export-country-1995-2026"",""1995-2025-years"",""AC108""],[""geostat_trade_domestic-export-country-2014-2026"",""2014-2025-years"",""J107""]]",derived
2021,goods,country,partner.1995-2025.348,reexports,150170.9284212057000,numeric,unspecified,"[[""geostat_trade_export-country-1995-2026"",""1995-2025-years"",""AC20""],[""geostat_trade_domestic-export-country-2014-2026"",""2014-2025-years"",""J20""]]",derived
2021,goods,country,partner.1995-2025.352,reexports,0E-16,numeric,unspecified,"[[""geostat_trade_export-country-1995-2026"",""1995-2025-years"",""AC109""],[""geostat_trade_domestic-export-country-2014-2026"",""2014-2025-years"",""J108""]]",derived
2021,goods,country,partner.1995-2025.356,reexports,1212374.5716917645000,numeric,unspecified,"[[""geostat_trade_export-country-1995-2026"",""1995-2025-years"",""AC110""],[""geostat_trade_domestic-export-country-2014-2026"",""2014-2025-years"",""J109""]]",derived
2021,goods,country,partner.1995-2025.360,reexports,2599.999999999998000,numeric,unspecified,"[[""geostat_trade_export-country-1995-2026"",""1995-2025-years"",""AC111""],[""geostat_trade_domestic-export-country-2014-2026"",""2014-2025-years"",""J110""]]",derived
2021,goods,country,partner.1995-2025.364,reexports,10985883.975945695000,numeric,unspecified,"[[""geostat_trade_export-country-1995-2026"",""1995-2025-years"",""AC112""],[""geostat_trade_domestic-export-country-2014-2026"",""2014-2025-years"",""J111""]]",derived
2021,goods,country,partner.1995-2025.368,reexports,975658.472466262000,numeric,unspecified,"[[""geostat_trade_export-country-1995-2026"",""1995-2025-years"",""AC113""],[""geostat_trade_domestic-export-country-2014-2026"",""2014-2025-years"",""J112""]]",derived
2021,goods,country,partner.1995-2025.372,reexports,1292089.00000000015000,numeric,unspecified,"[[""geostat_trade_export-country-1995-2026"",""1995-2025-years"",""AC21""],[""geostat_trade_domestic-export-country-2014-2026"",""2014-2025-years"",""J21""]]",derived
2021,goods,country,partner.1995-2025.376,reexports,9066968.545600814000,numeric,unspecified,"[[""geostat_trade_export-country-1995-2026"",""1995-2025-years"",""AC114""],[""geostat_trade_domestic-export-country-2014-2026"",""2014-2025-years"",""J113""]]",derived
2021,goods,country,partner.1995-2025.380,reexports,331017.995710267000,numeric,unspecified,"[[""geostat_trade_export-country-1995-2026"",""1995-2025-years"",""AC22""],[""geostat_trade_domestic-export-country-2014-2026"",""2014-2025-years"",""J22""]]",derived
2021,goods,country,partner.1995-2025.384,reexports,0.0,numeric,unspecified,"[[""geostat_trade_export-country-1995-2026"",""1995-2025-years"",""AC84""],[""geostat_trade_domestic-export-country-2014-2026"",""2014-2025-years"",""J84""]]",derived
2021,goods,country,partner.1995-2025.388,reexports,0,numeric,unspecified,"[[""geostat_trade_export-country-1995-2026"",""1995-2025-years"",""AC115""],[""geostat_trade_domestic-export-country-2014-2026"",""2014-2025-years"",""J114""]]",derived
2021,goods,country,partner.1995-2025.392,reexports,2315082.200991361000,numeric,unspecified,"[[""geostat_trade_export-country-1995-2026"",""1995-2025-years"",""AC116""],[""geostat_trade_domestic-export-country-2014-2026"",""2014-2025-years"",""J115""]]",derived
2021,goods,country,partner.1995-2025.398,reexports,27960260.689594769000,numeric,unspecified,"[[""geostat_trade_export-country-1995-2026"",""1995-2025-years"",""AC40""],[""geostat_trade_domestic-export-country-2014-2026"",""2014-2025-years"",""J40""]]",derived
2021,goods,country,partner.1995-2025.400,reexports,17517.2142800349000,numeric,unspecified,"[[""geostat_trade_export-country-1995-2026"",""1995-2025-years"",""AC117""],[""geostat_trade_domestic-export-country-2014-2026"",""2014-2025-years"",""J116""]]",derived
2021,goods,country,partner.1995-2025.404,reexports,248549.28000000008000,numeric,unspecified,"[[""geostat_trade_export-country-1995-2026"",""1995-2025-years"",""AC118""],[""geostat_trade_domestic-export-country-2014-2026"",""2014-2025-years"",""J117""]]",derived
2021,goods,country,partner.1995-2025.408,reexports,0,numeric,unspecified,"[[""geostat_trade_export-country-1995-2026"",""1995-2025-years"",""AC119""],[""geostat_trade_domestic-export-country-2014-2026"",""2014-2025-years"",""J119""]]",derived
2021,goods,country,partner.1995-2025.410,reexports,3494539.5286235088000,numeric,unspecified,"[[""geostat_trade_export-country-1995-2026"",""1995-2025-years"",""AC120""],[""geostat_trade_domestic-export-country-2014-2026"",""2014-2025-years"",""J118""]]",derived
2021,goods,country,partner.1995-2025.414,reexports,0E-13,numeric,unspecified,"[[""geostat_trade_export-country-1995-2026"",""1995-2025-years"",""AC121""],[""geostat_trade_domestic-export-country-2014-2026"",""2014-2025-years"",""J120""]]",derived
2021,goods,country,partner.1995-2025.417,reexports,27313206.6445102305000,numeric,unspecified,"[[""geostat_trade_export-country-1995-2026"",""1995-2025-years"",""AC41""],[""geostat_trade_domestic-export-country-2014-2026"",""2014-2025-years"",""J41""]]",derived
2021,goods,country,partner.1995-2025.418,reexports,0,numeric,unspecified,"[[""geostat_trade_export-country-1995-2026"",""1995-2025-years"",""AC122""],[""geostat_trade_domestic-export-country-2014-2026"",""2014-2025-years"",""J125""]]",derived
2021,goods,country,partner.1995-2025.422,reexports,82099.5401444431000,numeric,unspecified,"[[""geostat_trade_export-country-1995-2026"",""1995-2025-years"",""AC123""],[""geostat_trade_domestic-export-country-2014-2026"",""2014-2025-years"",""J121""]]",derived
2021,goods,country,partner.1995-2025.428,reexports,1818368.263432578000,numeric,unspecified,"[[""geostat_trade_export-country-1995-2026"",""1995-2025-years"",""AC23""],[""geostat_trade_domestic-export-country-2014-2026"",""2014-2025-years"",""J23""]]",derived
2021,goods,country,partner.1995-2025.430,reexports,76000,numeric,unspecified,"[[""geostat_trade_export-country-1995-2026"",""1995-2025-years"",""AC124""],[""geostat_trade_domestic-export-country-2014-2026"",""2014-2025-years"",""J122""]]",derived
2021,goods,country,partner.1995-2025.434,reexports,372140.5216968978000,numeric,unspecified,"[[""geostat_trade_export-country-1995-2026"",""1995-2025-years"",""AC125""],[""geostat_trade_domestic-export-country-2014-2026"",""2014-2025-years"",""J123""]]",derived
2021,goods,country,partner.1995-2025.438,reexports,0,numeric,unspecified,"[[""geostat_trade_export-country-1995-2026"",""1995-2025-years"",""AC126""],[""geostat_trade_domestic-export-country-2014-2026"",""2014-2025-years"",""J124""]]",derived
2021,goods,country,partner.1995-2025.440,reexports,1277398.712012473000,numeric,unspecified,"[[""geostat_trade_export-country-1995-2026"",""1995-2025-years"",""AC24""],[""geostat_trade_domestic-export-country-2014-2026"",""2014-2025-years"",""J24""]]",derived
2021,goods,country,partner.1995-2025.442,reexports,0E-15,numeric,unspecified,"[[""geostat_trade_export-country-1995-2026"",""1995-2025-years"",""AC25""],[""geostat_trade_domestic-export-country-2014-2026"",""2014-2025-years"",""J25""]]",derived
2021,goods,country,partner.1995-2025.446,reexports,0.000,numeric,unspecified,"[[""geostat_trade_export-country-1995-2026"",""1995-2025-years"",""AC127""],[""geostat_trade_domestic-export-country-2014-2026"",""2014-2025-years"",""J128""]]",derived
2021,goods,country,partner.1995-2025.450,reexports,0,numeric,unspecified,"[[""geostat_trade_export-country-1995-2026"",""1995-2025-years"",""AC128""],[""geostat_trade_domestic-export-country-2014-2026"",""2014-2025-years"",""J127""]]",derived
2021,goods,country,partner.1995-2025.454,reexports,0,numeric,unspecified,"[[""geostat_trade_export-country-1995-2026"",""1995-2025-years"",""AC129""],[""geostat_trade_domestic-export-country-2014-2026"",""2014-2025-years"",""J129""]]",derived
2021,goods,country,partner.1995-2025.458,reexports,64520.36735423848000,numeric,unspecified,"[[""geostat_trade_export-country-1995-2026"",""1995-2025-years"",""AC130""],[""geostat_trade_domestic-export-country-2014-2026"",""2014-2025-years"",""J130""]]",derived
2021,goods,country,partner.1995-2025.462,reexports,0,numeric,unspecified,"[[""geostat_trade_export-country-1995-2026"",""1995-2025-years"",""AC131""],[""geostat_trade_domestic-export-country-2014-2026"",""2014-2025-years"",""J131""]]",derived
2021,goods,country,partner.1995-2025.466,reexports,24658.19999999997000,numeric,unspecified,"[[""geostat_trade_export-country-1995-2026"",""1995-2025-years"",""AC132""],[""geostat_trade_domestic-export-country-2014-2026"",""2014-2025-years"",""J132""]]",derived
2021,goods,country,partner.1995-2025.470,reexports,123642.7949625674556000,numeric,unspecified,"[[""geostat_trade_export-country-1995-2026"",""1995-2025-years"",""AC26""],[""geostat_trade_domestic-export-country-2014-2026"",""2014-2025-years"",""J26""]]",derived
2021,goods,country,partner.1995-2025.474,reexports,0,numeric,unspecified,"[[""geostat_trade_export-country-1995-2026"",""1995-2025-years"",""AC134""],[""geostat_trade_domestic-export-country-2014-2026"",""2014-2025-years"",""J134""]]",derived
2021,goods,country,partner.1995-2025.478,reexports,16438.799999999993000,numeric,unspecified,"[[""geostat_trade_export-country-1995-2026"",""1995-2025-years"",""AC135""],[""geostat_trade_domestic-export-country-2014-2026"",""2014-2025-years"",""J135""]]",derived
2021,goods,country,partner.1995-2025.480,reexports,0,numeric,unspecified,"[[""geostat_trade_export-country-1995-2026"",""1995-2025-years"",""AC136""],[""geostat_trade_domestic-export-country-2014-2026"",""2014-2025-years"",""J136""]]",derived
2021,goods,country,partner.1995-2025.484,reexports,0E-12,numeric,unspecified,"[[""geostat_trade_export-country-1995-2026"",""1995-2025-years"",""AC137""],[""geostat_trade_domestic-export-country-2014-2026"",""2014-2025-years"",""J137""]]",derived
2021,goods,country,partner.1995-2025.492,reexports,0E-16,numeric,unspecified,"[[""geostat_trade_export-country-1995-2026"",""1995-2025-years"",""AC138""],[""geostat_trade_domestic-export-country-2014-2026"",""2014-2025-years"",""J138""]]",derived
2021,goods,country,partner.1995-2025.496,reexports,7279.5038290192000,numeric,unspecified,"[[""geostat_trade_export-country-1995-2026"",""1995-2025-years"",""AC139""],[""geostat_trade_domestic-export-country-2014-2026"",""2014-2025-years"",""J139""]]",derived
2021,goods,country,partner.1995-2025.498,reexports,11058300.9229317688000,numeric,unspecified,"[[""geostat_trade_export-country-1995-2026"",""1995-2025-years"",""AC42""],[""geostat_trade_domestic-export-country-2014-2026"",""2014-2025-years"",""J42""]]",derived
2021,goods,country,partner.1995-2025.499,reexports,0E-14,numeric,unspecified,"[[""geostat_trade_export-country-1995-2026"",""1995-2025-years"",""AC140""],[""geostat_trade_domestic-export-country-2014-2026"",""2014-2025-years"",""J140""]]",derived
2021,goods,country,partner.1995-2025.504,reexports,1814.3582775242000,numeric,unspecified,"[[""geostat_trade_export-country-1995-2026"",""1995-2025-years"",""AC141""],[""geostat_trade_domestic-export-country-2014-2026"",""2014-2025-years"",""J141""]]",derived
2021,goods,country,partner.1995-2025.508,reexports,0E-15,numeric,unspecified,"[[""geostat_trade_export-country-1995-2026"",""1995-2025-years"",""AC142""],[""geostat_trade_domestic-export-country-2014-2026"",""2014-2025-years"",""J142""]]",derived
2021,goods,country,partner.1995-2025.512,reexports,165911.221018006229000,numeric,unspecified,"[[""geostat_trade_export-country-1995-2026"",""1995-2025-years"",""AC152""],[""geostat_trade_domestic-export-country-2014-2026"",""2014-2025-years"",""J151""]]",derived
2021,goods,country,partner.1995-2025.516,reexports,0,numeric,unspecified,"[[""geostat_trade_export-country-1995-2026"",""1995-2025-years"",""AC144""],[""geostat_trade_domestic-export-country-2014-2026"",""2014-2025-years"",""J144""]]",derived
2021,goods,country,partner.1995-2025.524,reexports,0.00,numeric,unspecified,"[[""geostat_trade_export-country-1995-2026"",""1995-2025-years"",""AC145""],[""geostat_trade_domestic-export-country-2014-2026"",""2014-2025-years"",""J145""]]",derived
2021,goods,country,partner.1995-2025.528,reexports,13026038.749501486000,numeric,unspecified,"[[""geostat_trade_export-country-1995-2026"",""1995-2025-years"",""AC27""],[""geostat_trade_domestic-export-country-2014-2026"",""2014-2025-years"",""J27""]]",derived
2021,goods,country,partner.1995-2025.534,reexports,0,numeric,unspecified,"[[""geostat_trade_export-country-1995-2026"",""1995-2025-years"",""AC170""],[""geostat_trade_domestic-export-country-2014-2026"",""2014-2025-years"",""J170""]]",derived
2021,goods,country,partner.1995-2025.554,reexports,0E-15,numeric,unspecified,"[[""geostat_trade_export-country-1995-2026"",""1995-2025-years"",""AC146""],[""geostat_trade_domestic-export-country-2014-2026"",""2014-2025-years"",""J146""]]",derived
2021,goods,country,partner.1995-2025.558,reexports,0,numeric,unspecified,"[[""geostat_trade_export-country-1995-2026"",""1995-2025-years"",""AC147""],[""geostat_trade_domestic-export-country-2014-2026"",""2014-2025-years"",""J147""]]",derived
2021,goods,country,partner.1995-2025.562,reexports,3066.99999999999972000,numeric,unspecified,"[[""geostat_trade_export-country-1995-2026"",""1995-2025-years"",""AC148""],[""geostat_trade_domestic-export-country-2014-2026"",""2014-2025-years"",""J148""]]",derived
2021,goods,country,partner.1995-2025.566,reexports,164127.199488534102000,numeric,unspecified,"[[""geostat_trade_export-country-1995-2026"",""1995-2025-years"",""AC149""],[""geostat_trade_domestic-export-country-2014-2026"",""2014-2025-years"",""J149""]]",derived
2021,goods,country,partner.1995-2025.578,reexports,2362.18707983869000,numeric,unspecified,"[[""geostat_trade_export-country-1995-2026"",""1995-2025-years"",""AC151""],[""geostat_trade_domestic-export-country-2014-2026"",""2014-2025-years"",""J150""]]",derived
2021,goods,country,partner.1995-2025.584,reexports,0,numeric,unspecified,"[[""geostat_trade_export-country-1995-2026"",""1995-2025-years"",""AC133""],[""geostat_trade_domestic-export-country-2014-2026"",""2014-2025-years"",""J133""]]",derived
2021,goods,country,partner.1995-2025.586,reexports,0.00000,numeric,unspecified,"[[""geostat_trade_export-country-1995-2026"",""1995-2025-years"",""AC153""],[""geostat_trade_domestic-export-country-2014-2026"",""2014-2025-years"",""J152""]]",derived
2021,goods,country,partner.1995-2025.591,reexports,0E-15,numeric,unspecified,"[[""geostat_trade_export-country-1995-2026"",""1995-2025-years"",""AC154""],[""geostat_trade_domestic-export-country-2014-2026"",""2014-2025-years"",""J154""]]",derived
2021,goods,country,partner.1995-2025.600,reexports,216042.50000000002000,numeric,unspecified,"[[""geostat_trade_export-country-1995-2026"",""1995-2025-years"",""AC155""],[""geostat_trade_domestic-export-country-2014-2026"",""2014-2025-years"",""J155""]]",derived
2021,goods,country,partner.1995-2025.604,reexports,1149603.750000002000,numeric,unspecified,"[[""geostat_trade_export-country-1995-2026"",""1995-2025-years"",""AC156""],[""geostat_trade_domestic-export-country-2014-2026"",""2014-2025-years"",""J156""]]",derived
2021,goods,country,partner.1995-2025.608,reexports,20865.3965495844000,numeric,unspecified,"[[""geostat_trade_export-country-1995-2026"",""1995-2025-years"",""AC157""],[""geostat_trade_domestic-export-country-2014-2026"",""2014-2025-years"",""J157""]]",derived
2021,goods,country,partner.1995-2025.616,reexports,3938323.349056671000,numeric,unspecified,"[[""geostat_trade_export-country-1995-2026"",""1995-2025-years"",""AC28""],[""geostat_trade_domestic-export-country-2014-2026"",""2014-2025-years"",""J28""]]",derived
2021,goods,country,partner.1995-2025.620,reexports,68586.51375676630000,numeric,unspecified,"[[""geostat_trade_export-country-1995-2026"",""1995-2025-years"",""AC29""],[""geostat_trade_domestic-export-country-2014-2026"",""2014-2025-years"",""J29""]]",derived
2021,goods,country,partner.1995-2025.624,reexports,0,numeric,unspecified,"[[""geostat_trade_export-country-1995-2026"",""1995-2025-years"",""AC104""],[""geostat_trade_domestic-export-country-2014-2026"",""2014-2025-years"",""J103""]]",derived
2021,goods,country,partner.1995-2025.630,reexports,50299.599999999998000,numeric,unspecified,"[[""geostat_trade_export-country-1995-2026"",""1995-2025-years"",""AC158""],[""geostat_trade_domestic-export-country-2014-2026"",""2014-2025-years"",""J158""]]",derived
2021,goods,country,partner.1995-2025.634,reexports,57482.3482402583000,numeric,unspecified,"[[""geostat_trade_export-country-1995-2026"",""1995-2025-years"",""AC159""],[""geostat_trade_domestic-export-country-2014-2026"",""2014-2025-years"",""J159""]]",derived
2021,goods,country,partner.1995-2025.642,reexports,1549498.088515488000,numeric,unspecified,"[[""geostat_trade_export-country-1995-2026"",""1995-2025-years"",""AC30""],[""geostat_trade_domestic-export-country-2014-2026"",""2014-2025-years"",""J30""]]",derived
2021,goods,country,partner.1995-2025.643,reexports,47515922.87453892000,numeric,unspecified,"[[""geostat_trade_export-country-1995-2026"",""1995-2025-years"",""AC43""],[""geostat_trade_domestic-export-country-2014-2026"",""2014-2025-years"",""J43""]]",derived
2021,goods,country,partner.1995-2025.646,reexports,0.00,numeric,unspecified,"[[""geostat_trade_export-country-1995-2026"",""1995-2025-years"",""AC160""],[""geostat_trade_domestic-export-country-2014-2026"",""2014-2025-years"",""J160""]]",derived
2021,goods,country,partner.1995-2025.660,reexports,0,numeric,unspecified,"[[""geostat_trade_export-country-1995-2026"",""1995-2025-years"",""AC55""],[""geostat_trade_domestic-export-country-2014-2026"",""2014-2025-years"",""J55""]]",derived
2021,goods,country,partner.1995-2025.670,reexports,0,numeric,unspecified,"[[""geostat_trade_export-country-1995-2026"",""1995-2025-years"",""AC161""],[""geostat_trade_domestic-export-country-2014-2026"",""2014-2025-years"",""J161""]]",derived
2021,goods,country,partner.1995-2025.674,reexports,0,numeric,unspecified,"[[""geostat_trade_export-country-1995-2026"",""1995-2025-years"",""AC162""],[""geostat_trade_domestic-export-country-2014-2026"",""2014-2025-years"",""J162""]]",derived
2021,goods,country,partner.1995-2025.682,reexports,1699942.521878358000,numeric,unspecified,"[[""geostat_trade_export-country-1995-2026"",""1995-2025-years"",""AC163""],[""geostat_trade_domestic-export-country-2014-2026"",""2014-2025-years"",""J163""]]",derived
2021,goods,country,partner.1995-2025.686,reexports,33196.800000000001000,numeric,unspecified,"[[""geostat_trade_export-country-1995-2026"",""1995-2025-years"",""AC164""],[""geostat_trade_domestic-export-country-2014-2026"",""2014-2025-years"",""J164""]]",derived
2021,goods,country,partner.1995-2025.688,reexports,55621.72555115604000,numeric,unspecified,"[[""geostat_trade_export-country-1995-2026"",""1995-2025-years"",""AC165""],[""geostat_trade_domestic-export-country-2014-2026"",""2014-2025-years"",""J165""]]",derived
2021,goods,country,partner.1995-2025.690,reexports,0,numeric,unspecified,"[[""geostat_trade_export-country-1995-2026"",""1995-2025-years"",""AC167""],[""geostat_trade_domestic-export-country-2014-2026"",""2014-2025-years"",""J167""]]",derived
2021,goods,country,partner.1995-2025.694,reexports,0,numeric,unspecified,"[[""geostat_trade_export-country-1995-2026"",""1995-2025-years"",""AC168""],[""geostat_trade_domestic-export-country-2014-2026"",""2014-2025-years"",""J168""]]",derived
2021,goods,country,partner.1995-2025.702,reexports,10834379.4672600284000,numeric,unspecified,"[[""geostat_trade_export-country-1995-2026"",""1995-2025-years"",""AC169""],[""geostat_trade_domestic-export-country-2014-2026"",""2014-2025-years"",""J169""]]",derived
2021,goods,country,partner.1995-2025.703,reexports,45506.40996502449000,numeric,unspecified,"[[""geostat_trade_export-country-1995-2026"",""1995-2025-years"",""AC31""],[""geostat_trade_domestic-export-country-2014-2026"",""2014-2025-years"",""J31""]]",derived
2021,goods,country,partner.1995-2025.704,reexports,82853.36626122000000,numeric,unspecified,"[[""geostat_trade_export-country-1995-2026"",""1995-2025-years"",""AC193""],[""geostat_trade_domestic-export-country-2014-2026"",""2014-2025-years"",""J192""]]",derived
2021,goods,country,partner.1995-2025.705,reexports,104487.81117533724000,numeric,unspecified,"[[""geostat_trade_export-country-1995-2026"",""1995-2025-years"",""AC32""],[""geostat_trade_domestic-export-country-2014-2026"",""2014-2025-years"",""J32""]]",derived
2021,goods,country,partner.1995-2025.706,reexports,0E-15,numeric,unspecified,"[[""geostat_trade_export-country-1995-2026"",""1995-2025-years"",""AC171""],[""geostat_trade_domestic-export-country-2014-2026"",""2014-2025-years"",""J171""]]",derived
2021,goods,country,partner.1995-2025.710,reexports,119987.00412849951000,numeric,unspecified,"[[""geostat_trade_export-country-1995-2026"",""1995-2025-years"",""AC172""],[""geostat_trade_domestic-export-country-2014-2026"",""2014-2025-years"",""J172""]]",derived
2021,goods,country,partner.1995-2025.716,reexports,1418.00000000001000,numeric,unspecified,"[[""geostat_trade_export-country-1995-2026"",""1995-2025-years"",""AC198""],[""geostat_trade_domestic-export-country-2014-2026"",""2014-2025-years"",""J197""]]",derived
2021,goods,country,partner.1995-2025.724,reexports,180373.502640330000,numeric,unspecified,"[[""geostat_trade_export-country-1995-2026"",""1995-2025-years"",""AC33""],[""geostat_trade_domestic-export-country-2014-2026"",""2014-2025-years"",""J33""]]",derived
2021,goods,country,partner.1995-2025.729,reexports,39567.80241002570000,numeric,unspecified,"[[""geostat_trade_export-country-1995-2026"",""1995-2025-years"",""AC175""],[""geostat_trade_domestic-export-country-2014-2026"",""2014-2025-years"",""J174""]]",derived
2021,goods,country,partner.1995-2025.740,reexports,0,numeric,unspecified,"[[""geostat_trade_export-country-1995-2026"",""1995-2025-years"",""AC176""],[""geostat_trade_domestic-export-country-2014-2026"",""2014-2025-years"",""J175""]]",derived
2021,goods,country,partner.1995-2025.752,reexports,362825.92382727129000,numeric,unspecified,"[[""geostat_trade_export-country-1995-2026"",""1995-2025-years"",""AC34""],[""geostat_trade_domestic-export-country-2014-2026"",""2014-2025-years"",""J34""]]",derived
2021,goods,country,partner.1995-2025.756,reexports,7910897.979819827000,numeric,unspecified,"[[""geostat_trade_export-country-1995-2026"",""1995-2025-years"",""AC177""],[""geostat_trade_domestic-export-country-2014-2026"",""2014-2025-years"",""J176""]]",derived
2021,goods,country,partner.1995-2025.760,reexports,860393.662949742432000,numeric,unspecified,"[[""geostat_trade_export-country-1995-2026"",""1995-2025-years"",""AC178""],[""geostat_trade_domestic-export-country-2014-2026"",""2014-2025-years"",""J177""]]",derived
2021,goods,country,partner.1995-2025.762,reexports,9829454.1701387069000,numeric,unspecified,"[[""geostat_trade_export-country-1995-2026"",""1995-2025-years"",""AC44""],[""geostat_trade_domestic-export-country-2014-2026"",""2014-2025-years"",""J44""]]",derived
2021,goods,country,partner.1995-2025.764,reexports,1738.49021502781000,numeric,unspecified,"[[""geostat_trade_export-country-1995-2026"",""1995-2025-years"",""AC181""],[""geostat_trade_domestic-export-country-2014-2026"",""2014-2025-years"",""J180""]]",derived
2021,goods,country,partner.1995-2025.768,reexports,0,numeric,unspecified,"[[""geostat_trade_export-country-1995-2026"",""1995-2025-years"",""AC182""],[""geostat_trade_domestic-export-country-2014-2026"",""2014-2025-years"",""J181""]]",derived
2021,goods,country,partner.1995-2025.780,reexports,0,numeric,unspecified,"[[""geostat_trade_export-country-1995-2026"",""1995-2025-years"",""AC183""],[""geostat_trade_domestic-export-country-2014-2026"",""2014-2025-years"",""J182""]]",derived
2021,goods,country,partner.1995-2025.784,reexports,13772402.2005179521000,numeric,unspecified,"[[""geostat_trade_export-country-1995-2026"",""1995-2025-years"",""AC188""],[""geostat_trade_domestic-export-country-2014-2026"",""2014-2025-years"",""J187""]]",derived
2021,goods,country,partner.1995-2025.788,reexports,40881.8695777072000,numeric,unspecified,"[[""geostat_trade_export-country-1995-2026"",""1995-2025-years"",""AC184""],[""geostat_trade_domestic-export-country-2014-2026"",""2014-2025-years"",""J183""]]",derived
2021,goods,country,partner.1995-2025.792,reexports,15793188.65309591000,numeric,unspecified,"[[""geostat_trade_export-country-1995-2026"",""1995-2025-years"",""AC185""],[""geostat_trade_domestic-export-country-2014-2026"",""2014-2025-years"",""J184""]]",derived
2021,goods,country,partner.1995-2025.795,reexports,6678219.1698958998000,numeric,unspecified,"[[""geostat_trade_export-country-1995-2026"",""1995-2025-years"",""AC45""],[""geostat_trade_domestic-export-country-2014-2026"",""2014-2025-years"",""J45""]]",derived
2021,goods,country,partner.1995-2025.796,reexports,0,numeric,unspecified,"[[""geostat_trade_export-country-1995-2026"",""1995-2025-years"",""AC186""],[""geostat_trade_domestic-export-country-2014-2026"",""2014-2025-years"",""J185""]]",derived
2021,goods,country,partner.1995-2025.800,reexports,222000.0000000000004000,numeric,unspecified,"[[""geostat_trade_export-country-1995-2026"",""1995-2025-years"",""AC187""],[""geostat_trade_domestic-export-country-2014-2026"",""2014-2025-years"",""J186""]]",derived
2021,goods,country,partner.1995-2025.804,reexports,123450703.77862147000,numeric,unspecified,"[[""geostat_trade_export-country-1995-2026"",""1995-2025-years"",""AC46""],[""geostat_trade_domestic-export-country-2014-2026"",""2014-2025-years"",""J46""]]",derived
2021,goods,country,partner.1995-2025.818,reexports,17745.2510280600000,numeric,unspecified,"[[""geostat_trade_export-country-1995-2026"",""1995-2025-years"",""AC90""],[""geostat_trade_domestic-export-country-2014-2026"",""2014-2025-years"",""J90""]]",derived
2021,goods,country,partner.1995-2025.826,reexports,3264635.970717332000,numeric,unspecified,"[[""geostat_trade_export-country-1995-2026"",""1995-2025-years"",""AC189""],[""geostat_trade_domestic-export-country-2014-2026"",""2014-2025-years"",""J188""]]",derived
2021,goods,country,partner.1995-2025.834,reexports,0E-13,numeric,unspecified,"[[""geostat_trade_export-country-1995-2026"",""1995-2025-years"",""AC180""],[""geostat_trade_domestic-export-country-2014-2026"",""2014-2025-years"",""J179""]]",derived
2021,goods,country,partner.1995-2025.840,reexports,4916255.17214294000,numeric,unspecified,"[[""geostat_trade_export-country-1995-2026"",""1995-2025-years"",""AC190""],[""geostat_trade_domestic-export-country-2014-2026"",""2014-2025-years"",""J189""]]",derived
2021,goods,country,partner.1995-2025.850,reexports,0,numeric,unspecified,"[[""geostat_trade_export-country-1995-2026"",""1995-2025-years"",""AC195""],[""geostat_trade_domestic-export-country-2014-2026"",""2014-2025-years"",""J194""]]",derived
2021,goods,country,partner.1995-2025.854,reexports,0E-13,numeric,unspecified,"[[""geostat_trade_export-country-1995-2026"",""1995-2025-years"",""AC70""],[""geostat_trade_domestic-export-country-2014-2026"",""2014-2025-years"",""J70""]]",derived
2021,goods,country,partner.1995-2025.858,reexports,0E-13,numeric,unspecified,"[[""geostat_trade_export-country-1995-2026"",""1995-2025-years"",""AC191""],[""geostat_trade_domestic-export-country-2014-2026"",""2014-2025-years"",""J190""]]",derived
2021,goods,country,partner.1995-2025.860,reexports,64882515.760737483000,numeric,unspecified,"[[""geostat_trade_export-country-1995-2026"",""1995-2025-years"",""AC47""],[""geostat_trade_domestic-export-country-2014-2026"",""2014-2025-years"",""J47""]]",derived
2021,goods,country,partner.1995-2025.862,reexports,0E-14,numeric,unspecified,"[[""geostat_trade_export-country-1995-2026"",""1995-2025-years"",""AC192""],[""geostat_trade_domestic-export-country-2014-2026"",""2014-2025-years"",""J191""]]",derived
2021,goods,country,partner.1995-2025.887,reexports,2486.0000000000002000,numeric,unspecified,"[[""geostat_trade_export-country-1995-2026"",""1995-2025-years"",""AC196""],[""geostat_trade_domestic-export-country-2014-2026"",""2014-2025-years"",""J195""]]",derived
2021,goods,country,partner.1995-2025.891,reexports,0,numeric,unspecified,"[[""geostat_trade_export-country-1995-2026"",""1995-2025-years"",""AC166""],[""geostat_trade_domestic-export-country-2014-2026"",""2014-2025-years"",""J166""]]",derived
2021,goods,country,partner.1995-2025.894,reexports,0,numeric,unspecified,"[[""geostat_trade_export-country-1995-2026"",""1995-2025-years"",""AC197""],[""geostat_trade_domestic-export-country-2014-2026"",""2014-2025-years"",""J196""]]",derived
2021,goods,national,goods.total,reexports,1075478870.1013776000000,numeric,unspecified,"[[""geostat_trade_ftrade-1995-2026"",""1995-2026"",""AB5""],[""geostat_trade_domestic-export-country-2014-2026"",""2014-2025-years"",""J5""]]",derived
2021,goods,national,goods.total,trade_balance,-5856584902.9061992000000,numeric,unspecified,"[[""geostat_trade_ftrade-1995-2026"",""1995-2026"",""AB5""],[""geostat_trade_ftrade-1995-2026"",""1995-2026"",""AB20""]]",derived
2021,goods,national,goods.total,trade_turnover,14341497736.9713288000000,numeric,unspecified,"[[""geostat_trade_ftrade-1995-2026"",""1995-2026"",""AB5""],[""geostat_trade_ftrade-1995-2026"",""1995-2026"",""AB20""]]",derived
2021,goods,product,goods.hs4.2020-2025.0102,reexports,0E-12,numeric,unspecified,"[[""geostat_trade_export-product-by-4-digit-2015-2026"",""2020-2025-years"",""D8""],[""geostat_trade_domestic-exports-by-4-digit-2014-2026"",""2020-2025-years"",""D7""]]",derived
2021,goods,product,goods.hs4.2020-2025.0104,reexports,0E-12,numeric,unspecified,"[[""geostat_trade_export-product-by-4-digit-2015-2026"",""2020-2025-years"",""D10""],[""geostat_trade_domestic-exports-by-4-digit-2014-2026"",""2020-2025-years"",""D8""]]",derived
2021,goods,product,goods.hs4.2020-2025.0105,reexports,0E-13,numeric,unspecified,"[[""geostat_trade_export-product-by-4-digit-2015-2026"",""2020-2025-years"",""D11""],[""geostat_trade_domestic-exports-by-4-digit-2014-2026"",""2020-2025-years"",""D9""]]",derived
2021,goods,product,goods.hs4.2020-2025.0204,reexports,0E-13,numeric,unspecified,"[[""geostat_trade_export-product-by-4-digit-2015-2026"",""2020-2025-years"",""D16""],[""geostat_trade_domestic-exports-by-4-digit-2014-2026"",""2020-2025-years"",""D10""]]",derived
2021,goods,product,goods.hs4.2020-2025.0207,reexports,8888701.4010461829000,numeric,unspecified,"[[""geostat_trade_export-product-by-4-digit-2015-2026"",""2020-2025-years"",""D18""],[""geostat_trade_domestic-exports-by-4-digit-2014-2026"",""2020-2025-years"",""D11""]]",derived
2021,goods,product,goods.hs4.2020-2025.0302,reexports,4598.00000000007000,numeric,unspecified,"[[""geostat_trade_export-product-by-4-digit-2015-2026"",""2020-2025-years"",""D22""],[""geostat_trade_domestic-exports-by-4-digit-2014-2026"",""2020-2025-years"",""D12""]]",derived
2021,goods,product,goods.hs4.2020-2025.0303,reexports,405377.4103073661000,numeric,unspecified,"[[""geostat_trade_export-product-by-4-digit-2015-2026"",""2020-2025-years"",""D23""],[""geostat_trade_domestic-exports-by-4-digit-2014-2026"",""2020-2025-years"",""D13""]]",derived
2021,goods,product,goods.hs4.2020-2025.0504,reexports,0E-14,numeric,unspecified,"[[""geostat_trade_export-product-by-4-digit-2015-2026"",""2020-2025-years"",""D37""],[""geostat_trade_domestic-exports-by-4-digit-2014-2026"",""2020-2025-years"",""D14""]]",derived
2021,goods,product,goods.hs4.2020-2025.0701,reexports,9067.499999998000,numeric,unspecified,"[[""geostat_trade_export-product-by-4-digit-2015-2026"",""2020-2025-years"",""D45""],[""geostat_trade_domestic-exports-by-4-digit-2014-2026"",""2020-2025-years"",""D15""]]",derived
2021,goods,product,goods.hs4.2020-2025.0702,reexports,179812.7196418272000,numeric,unspecified,"[[""geostat_trade_export-product-by-4-digit-2015-2026"",""2020-2025-years"",""D46""],[""geostat_trade_domestic-exports-by-4-digit-2014-2026"",""2020-2025-years"",""D16""]]",derived
2021,goods,product,goods.hs4.2020-2025.0707,reexports,77693.21999999999000,numeric,unspecified,"[[""geostat_trade_export-product-by-4-digit-2015-2026"",""2020-2025-years"",""D51""],[""geostat_trade_domestic-exports-by-4-digit-2014-2026"",""2020-2025-years"",""D17""]]",derived
2021,goods,product,goods.hs4.2020-2025.0709,reexports,668714.0008794558000,numeric,unspecified,"[[""geostat_trade_export-product-by-4-digit-2015-2026"",""2020-2025-years"",""D53""],[""geostat_trade_domestic-exports-by-4-digit-2014-2026"",""2020-2025-years"",""D18""]]",derived
2021,goods,product,goods.hs4.2020-2025.0802,reexports,2170598.54000002000,numeric,unspecified,"[[""geostat_trade_export-product-by-4-digit-2015-2026"",""2020-2025-years"",""D60""],[""geostat_trade_domestic-exports-by-4-digit-2014-2026"",""2020-2025-years"",""D19""]]",derived
2021,goods,product,goods.hs4.2020-2025.0805,reexports,8263434.544282762000,numeric,unspecified,"[[""geostat_trade_export-product-by-4-digit-2015-2026"",""2020-2025-years"",""D63""],[""geostat_trade_domestic-exports-by-4-digit-2014-2026"",""2020-2025-years"",""D20""]]",derived
2021,goods,product,goods.hs4.2020-2025.0808,reexports,367351.1770497498000,numeric,unspecified,"[[""geostat_trade_export-product-by-4-digit-2015-2026"",""2020-2025-years"",""D66""],[""geostat_trade_domestic-exports-by-4-digit-2014-2026"",""2020-2025-years"",""D21""]]",derived
2021,goods,product,goods.hs4.2020-2025.0809,reexports,15295.531146246000,numeric,unspecified,"[[""geostat_trade_export-product-by-4-digit-2015-2026"",""2020-2025-years"",""D67""],[""geostat_trade_domestic-exports-by-4-digit-2014-2026"",""2020-2025-years"",""D22""]]",derived
2021,goods,product,goods.hs4.2020-2025.0810,reexports,1755282.817995169000,numeric,unspecified,"[[""geostat_trade_export-product-by-4-digit-2015-2026"",""2020-2025-years"",""D68""],[""geostat_trade_domestic-exports-by-4-digit-2014-2026"",""2020-2025-years"",""D23""]]",derived
2021,goods,product,goods.hs4.2020-2025.0813,reexports,41092.4999999997000,numeric,unspecified,"[[""geostat_trade_export-product-by-4-digit-2015-2026"",""2020-2025-years"",""D71""],[""geostat_trade_domestic-exports-by-4-digit-2014-2026"",""2020-2025-years"",""D24""]]",derived
2021,goods,product,goods.hs4.2020-2025.0902,reexports,2927973.4999999986000,numeric,unspecified,"[[""geostat_trade_export-product-by-4-digit-2015-2026"",""2020-2025-years"",""D74""],[""geostat_trade_domestic-exports-by-4-digit-2014-2026"",""2020-2025-years"",""D25""]]",derived
2021,goods,product,goods.hs4.2020-2025.0910,reexports,231110.164313419000,numeric,unspecified,"[[""geostat_trade_export-product-by-4-digit-2015-2026"",""2020-2025-years"",""D81""],[""geostat_trade_domestic-exports-by-4-digit-2014-2026"",""2020-2025-years"",""D26""]]",derived
2021,goods,product,goods.hs4.2020-2025.1003,reexports,0E-14,numeric,unspecified,"[[""geostat_trade_export-product-by-4-digit-2015-2026"",""2020-2025-years"",""D83""],[""geostat_trade_domestic-exports-by-4-digit-2014-2026"",""2020-2025-years"",""D27""]]",derived
2021,goods,product,goods.hs4.2020-2025.1005,reexports,396778.05093657586000,numeric,unspecified,"[[""geostat_trade_export-product-by-4-digit-2015-2026"",""2020-2025-years"",""D85""],[""geostat_trade_domestic-exports-by-4-digit-2014-2026"",""2020-2025-years"",""D28""]]",derived
2021,goods,product,goods.hs4.2020-2025.1106,reexports,27800.0000000002000,numeric,unspecified,"[[""geostat_trade_export-product-by-4-digit-2015-2026"",""2020-2025-years"",""D92""],[""geostat_trade_domestic-exports-by-4-digit-2014-2026"",""2020-2025-years"",""D29""]]",derived
2021,goods,product,goods.hs4.2020-2025.1206,reexports,0E-14,numeric,unspecified,"[[""geostat_trade_export-product-by-4-digit-2015-2026"",""2020-2025-years"",""D99""],[""geostat_trade_domestic-exports-by-4-digit-2014-2026"",""2020-2025-years"",""D30""]]",derived
2021,goods,product,goods.hs4.2020-2025.1211,reexports,77819.7999999997000,numeric,unspecified,"[[""geostat_trade_export-product-by-4-digit-2015-2026"",""2020-2025-years"",""D103""],[""geostat_trade_domestic-exports-by-4-digit-2014-2026"",""2020-2025-years"",""D31""]]",derived
2021,goods,product,goods.hs4.2020-2025.1504,reexports,0E-13,numeric,unspecified,"[[""geostat_trade_export-product-by-4-digit-2015-2026"",""2020-2025-years"",""D113""],[""geostat_trade_domestic-exports-by-4-digit-2014-2026"",""2020-2025-years"",""D32""]]",derived
2021,goods,product,goods.hs4.2020-2025.1515,reexports,521060.3599999998000,numeric,unspecified,"[[""geostat_trade_export-product-by-4-digit-2015-2026"",""2020-2025-years"",""D121""],[""geostat_trade_domestic-exports-by-4-digit-2014-2026"",""2020-2025-years"",""D33""]]",derived
2021,goods,product,goods.hs4.2020-2025.1516,reexports,2687973.077920659401000,numeric,unspecified,"[[""geostat_trade_export-product-by-4-digit-2015-2026"",""2020-2025-years"",""D122""],[""geostat_trade_domestic-exports-by-4-digit-2014-2026"",""2020-2025-years"",""D34""]]",derived
2021,goods,product,goods.hs4.2020-2025.1806,reexports,960472.7011323032000,numeric,unspecified,"[[""geostat_trade_export-product-by-4-digit-2015-2026"",""2020-2025-years"",""D138""],[""geostat_trade_domestic-exports-by-4-digit-2014-2026"",""2020-2025-years"",""D35""]]",derived
2021,goods,product,goods.hs4.2020-2025.2007,reexports,25266.73999999991000,numeric,unspecified,"[[""geostat_trade_export-product-by-4-digit-2015-2026"",""2020-2025-years"",""D150""],[""geostat_trade_domestic-exports-by-4-digit-2014-2026"",""2020-2025-years"",""D36""]]",derived
2021,goods,product,goods.hs4.2020-2025.2008,reexports,348368.400000002000,numeric,unspecified,"[[""geostat_trade_export-product-by-4-digit-2015-2026"",""2020-2025-years"",""D151""],[""geostat_trade_domestic-exports-by-4-digit-2014-2026"",""2020-2025-years"",""D37""]]",derived
2021,goods,product,goods.hs4.2020-2025.2009,reexports,19200.000000001000,numeric,unspecified,"[[""geostat_trade_export-product-by-4-digit-2015-2026"",""2020-2025-years"",""D152""],[""geostat_trade_domestic-exports-by-4-digit-2014-2026"",""2020-2025-years"",""D38""]]",derived
2021,goods,product,goods.hs4.2020-2025.2101,reexports,2687286.2800000002000,numeric,unspecified,"[[""geostat_trade_export-product-by-4-digit-2015-2026"",""2020-2025-years"",""D153""],[""geostat_trade_domestic-exports-by-4-digit-2014-2026"",""2020-2025-years"",""D39""]]",derived
2021,goods,product,goods.hs4.2020-2025.2103,reexports,799.5999999999000,numeric,unspecified,"[[""geostat_trade_export-product-by-4-digit-2015-2026"",""2020-2025-years"",""D155""],[""geostat_trade_domestic-exports-by-4-digit-2014-2026"",""2020-2025-years"",""D40""]]",derived
2021,goods,product,goods.hs4.2020-2025.2106,reexports,2696011.4188935091000,numeric,unspecified,"[[""geostat_trade_export-product-by-4-digit-2015-2026"",""2020-2025-years"",""D158""],[""geostat_trade_domestic-exports-by-4-digit-2014-2026"",""2020-2025-years"",""D41""]]",derived
2021,goods,product,goods.hs4.2020-2025.2201,reexports,0E-11,numeric,unspecified,"[[""geostat_trade_export-product-by-4-digit-2015-2026"",""2020-2025-years"",""D159""],[""geostat_trade_domestic-exports-by-4-digit-2014-2026"",""2020-2025-years"",""D42""]]",derived
2021,goods,product,goods.hs4.2020-2025.2202,reexports,811711.587038990000,numeric,unspecified,"[[""geostat_trade_export-product-by-4-digit-2015-2026"",""2020-2025-years"",""D160""],[""geostat_trade_domestic-exports-by-4-digit-2014-2026"",""2020-2025-years"",""D43""]]",derived
2021,goods,product,goods.hs4.2020-2025.2203,reexports,1184157.8438186538000,numeric,unspecified,"[[""geostat_trade_export-product-by-4-digit-2015-2026"",""2020-2025-years"",""D161""],[""geostat_trade_domestic-exports-by-4-digit-2014-2026"",""2020-2025-years"",""D44""]]",derived
2021,goods,product,goods.hs4.2020-2025.2204,reexports,1569819.56841506000,numeric,unspecified,"[[""geostat_trade_export-product-by-4-digit-2015-2026"",""2020-2025-years"",""D162""],[""geostat_trade_domestic-exports-by-4-digit-2014-2026"",""2020-2025-years"",""D45""]]",derived
2021,goods,product,goods.hs4.2020-2025.2208,reexports,30304693.49706282000,numeric,unspecified,"[[""geostat_trade_export-product-by-4-digit-2015-2026"",""2020-2025-years"",""D166""],[""geostat_trade_domestic-exports-by-4-digit-2014-2026"",""2020-2025-years"",""D46""]]",derived
2021,goods,product,goods.hs4.2020-2025.2301,reexports,0E-12,numeric,unspecified,"[[""geostat_trade_export-product-by-4-digit-2015-2026"",""2020-2025-years"",""D168""],[""geostat_trade_domestic-exports-by-4-digit-2014-2026"",""2020-2025-years"",""D47""]]",derived
2021,goods,product,goods.hs4.2020-2025.2309,reexports,174156.1759451124000,numeric,unspecified,"[[""geostat_trade_export-product-by-4-digit-2015-2026"",""2020-2025-years"",""D174""],[""geostat_trade_domestic-exports-by-4-digit-2014-2026"",""2020-2025-years"",""D48""]]",derived
2021,goods,product,goods.hs4.2020-2025.2508,reexports,1351.9999999998000,numeric,unspecified,"[[""geostat_trade_export-product-by-4-digit-2015-2026"",""2020-2025-years"",""D185""],[""geostat_trade_domestic-exports-by-4-digit-2014-2026"",""2020-2025-years"",""D49""]]",derived
2021,goods,product,goods.hs4.2020-2025.2522,reexports,0E-13,numeric,unspecified,"[[""geostat_trade_export-product-by-4-digit-2015-2026"",""2020-2025-years"",""D198""],[""geostat_trade_domestic-exports-by-4-digit-2014-2026"",""2020-2025-years"",""D50""]]",derived
2021,goods,product,goods.hs4.2020-2025.2602,reexports,0E-13,numeric,unspecified,"[[""geostat_trade_export-product-by-4-digit-2015-2026"",""2020-2025-years"",""D205""],[""geostat_trade_domestic-exports-by-4-digit-2014-2026"",""2020-2025-years"",""D51""]]",derived
2021,goods,product,goods.hs4.2020-2025.2603,reexports,0E-11,numeric,unspecified,"[[""geostat_trade_export-product-by-4-digit-2015-2026"",""2020-2025-years"",""D206""],[""geostat_trade_domestic-exports-by-4-digit-2014-2026"",""2020-2025-years"",""D52""]]",derived
2021,goods,product,goods.hs4.2020-2025.2616,reexports,0E-12,numeric,unspecified,"[[""geostat_trade_export-product-by-4-digit-2015-2026"",""2020-2025-years"",""D211""],[""geostat_trade_domestic-exports-by-4-digit-2014-2026"",""2020-2025-years"",""D53""]]",derived
2021,goods,product,goods.hs4.2020-2025.2710,reexports,11151076.993309180000,numeric,unspecified,"[[""geostat_trade_export-product-by-4-digit-2015-2026"",""2020-2025-years"",""D222""],[""geostat_trade_domestic-exports-by-4-digit-2014-2026"",""2020-2025-years"",""D54""]]",derived
2021,goods,product,goods.hs4.2020-2025.2716,reexports,0E-12,numeric,unspecified,"[[""geostat_trade_export-product-by-4-digit-2015-2026"",""2020-2025-years"",""D227""],[""geostat_trade_domestic-exports-by-4-digit-2014-2026"",""2020-2025-years"",""D55""]]",derived
2021,goods,product,goods.hs4.2020-2025.2820,reexports,0E-11,numeric,unspecified,"[[""geostat_trade_export-product-by-4-digit-2015-2026"",""2020-2025-years"",""D241""],[""geostat_trade_domestic-exports-by-4-digit-2014-2026"",""2020-2025-years"",""D56""]]",derived
2021,goods,product,goods.hs4.2020-2025.2837,reexports,0E-12,numeric,unspecified,"[[""geostat_trade_export-product-by-4-digit-2015-2026"",""2020-2025-years"",""D257""],[""geostat_trade_domestic-exports-by-4-digit-2014-2026"",""2020-2025-years"",""D57""]]",derived
2021,goods,product,goods.hs4.2020-2025.3004,reexports,80592519.325990936000,numeric,unspecified,"[[""geostat_trade_export-product-by-4-digit-2015-2026"",""2020-2025-years"",""D307""],[""geostat_trade_domestic-exports-by-4-digit-2014-2026"",""2020-2025-years"",""D58""]]",derived
2021,goods,product,goods.hs4.2020-2025.3006,reexports,1337523.67320715258000,numeric,unspecified,"[[""geostat_trade_export-product-by-4-digit-2015-2026"",""2020-2025-years"",""D309""],[""geostat_trade_domestic-exports-by-4-digit-2014-2026"",""2020-2025-years"",""D59""]]",derived
2021,goods,product,goods.hs4.2020-2025.3102,reexports,5153.81722020000,numeric,unspecified,"[[""geostat_trade_export-product-by-4-digit-2015-2026"",""2020-2025-years"",""D311""],[""geostat_trade_domestic-exports-by-4-digit-2014-2026"",""2020-2025-years"",""D60""]]",derived
2021,goods,product,goods.hs4.2020-2025.3923,reexports,811290.257357412000,numeric,unspecified,"[[""geostat_trade_export-product-by-4-digit-2015-2026"",""2020-2025-years"",""D406""],[""geostat_trade_domestic-exports-by-4-digit-2014-2026"",""2020-2025-years"",""D61""]]",derived
2021,goods,product,goods.hs4.2020-2025.3926,reexports,2901240.36178358278000,numeric,unspecified,"[[""geostat_trade_export-product-by-4-digit-2015-2026"",""2020-2025-years"",""D409""],[""geostat_trade_domestic-exports-by-4-digit-2014-2026"",""2020-2025-years"",""D62""]]",derived
2021,goods,product,goods.hs4.2020-2025.4407,reexports,176295.455021278000,numeric,unspecified,"[[""geostat_trade_export-product-by-4-digit-2015-2026"",""2020-2025-years"",""D448""],[""geostat_trade_domestic-exports-by-4-digit-2014-2026"",""2020-2025-years"",""D63""]]",derived
2021,goods,product,goods.hs4.2020-2025.4410,reexports,297137.7728506341000,numeric,unspecified,"[[""geostat_trade_export-product-by-4-digit-2015-2026"",""2020-2025-years"",""D451""],[""geostat_trade_domestic-exports-by-4-digit-2014-2026"",""2020-2025-years"",""D64""]]",derived
2021,goods,product,goods.hs4.2020-2025.4418,reexports,146688.28804908253000,numeric,unspecified,"[[""geostat_trade_export-product-by-4-digit-2015-2026"",""2020-2025-years"",""D459""],[""geostat_trade_domestic-exports-by-4-digit-2014-2026"",""2020-2025-years"",""D65""]]",derived
2021,goods,product,goods.hs4.2020-2025.4421,reexports,6313.639999996000,numeric,unspecified,"[[""geostat_trade_export-product-by-4-digit-2015-2026"",""2020-2025-years"",""D462""],[""geostat_trade_domestic-exports-by-4-digit-2014-2026"",""2020-2025-years"",""D66""]]",derived
2021,goods,product,goods.hs4.2020-2025.4707,reexports,0E-13,numeric,unspecified,"[[""geostat_trade_export-product-by-4-digit-2015-2026"",""2020-2025-years"",""D472""],[""geostat_trade_domestic-exports-by-4-digit-2014-2026"",""2020-2025-years"",""D67""]]",derived
2021,goods,product,goods.hs4.2020-2025.4805,reexports,16343.00997395542000,numeric,unspecified,"[[""geostat_trade_export-product-by-4-digit-2015-2026"",""2020-2025-years"",""D477""],[""geostat_trade_domestic-exports-by-4-digit-2014-2026"",""2020-2025-years"",""D68""]]",derived
2021,goods,product,goods.hs4.2020-2025.5605,reexports,0E-13,numeric,unspecified,"[[""geostat_trade_export-product-by-4-digit-2015-2026"",""2020-2025-years"",""D553""],[""geostat_trade_domestic-exports-by-4-digit-2014-2026"",""2020-2025-years"",""D69""]]",derived
2021,goods,product,goods.hs4.2020-2025.6102,reexports,9783.38397827429000,numeric,unspecified,"[[""geostat_trade_export-product-by-4-digit-2015-2026"",""2020-2025-years"",""D590""],[""geostat_trade_domestic-exports-by-4-digit-2014-2026"",""2020-2025-years"",""D70""]]",derived
2021,goods,product,goods.hs4.2020-2025.6103,reexports,156361.200074760000,numeric,unspecified,"[[""geostat_trade_export-product-by-4-digit-2015-2026"",""2020-2025-years"",""D591""],[""geostat_trade_domestic-exports-by-4-digit-2014-2026"",""2020-2025-years"",""D71""]]",derived
2021,goods,product,goods.hs4.2020-2025.6104,reexports,189245.9995897905000,numeric,unspecified,"[[""geostat_trade_export-product-by-4-digit-2015-2026"",""2020-2025-years"",""D592""],[""geostat_trade_domestic-exports-by-4-digit-2014-2026"",""2020-2025-years"",""D72""]]",derived
2021,goods,product,goods.hs4.2020-2025.6109,reexports,674114.380611849000,numeric,unspecified,"[[""geostat_trade_export-product-by-4-digit-2015-2026"",""2020-2025-years"",""D597""],[""geostat_trade_domestic-exports-by-4-digit-2014-2026"",""2020-2025-years"",""D73""]]",derived
2021,goods,product,goods.hs4.2020-2025.6110,reexports,582470.0851884231000,numeric,unspecified,"[[""geostat_trade_export-product-by-4-digit-2015-2026"",""2020-2025-years"",""D598""],[""geostat_trade_domestic-exports-by-4-digit-2014-2026"",""2020-2025-years"",""D74""]]",derived
2021,goods,product,goods.hs4.2020-2025.6201,reexports,361401.92378171543000,numeric,unspecified,"[[""geostat_trade_export-product-by-4-digit-2015-2026"",""2020-2025-years"",""D606""],[""geostat_trade_domestic-exports-by-4-digit-2014-2026"",""2020-2025-years"",""D75""]]",derived
2021,goods,product,goods.hs4.2020-2025.6202,reexports,377764.75531512164000,numeric,unspecified,"[[""geostat_trade_export-product-by-4-digit-2015-2026"",""2020-2025-years"",""D607""],[""geostat_trade_domestic-exports-by-4-digit-2014-2026"",""2020-2025-years"",""D76""]]",derived
2021,goods,product,goods.hs4.2020-2025.6203,reexports,475139.59001390537000,numeric,unspecified,"[[""geostat_trade_export-product-by-4-digit-2015-2026"",""2020-2025-years"",""D608""],[""geostat_trade_domestic-exports-by-4-digit-2014-2026"",""2020-2025-years"",""D77""]]",derived
2021,goods,product,goods.hs4.2020-2025.6204,reexports,624453.8386854256000,numeric,unspecified,"[[""geostat_trade_export-product-by-4-digit-2015-2026"",""2020-2025-years"",""D609""],[""geostat_trade_domestic-exports-by-4-digit-2014-2026"",""2020-2025-years"",""D78""]]",derived
2021,goods,product,goods.hs4.2020-2025.6206,reexports,209436.7160117790000,numeric,unspecified,"[[""geostat_trade_export-product-by-4-digit-2015-2026"",""2020-2025-years"",""D611""],[""geostat_trade_domestic-exports-by-4-digit-2014-2026"",""2020-2025-years"",""D79""]]",derived
2021,goods,product,goods.hs4.2020-2025.6212,reexports,86430.8233511538000,numeric,unspecified,"[[""geostat_trade_export-product-by-4-digit-2015-2026"",""2020-2025-years"",""D617""],[""geostat_trade_domestic-exports-by-4-digit-2014-2026"",""2020-2025-years"",""D80""]]",derived
2021,goods,product,goods.hs4.2020-2025.6305,reexports,888170.4161453836000,numeric,unspecified,"[[""geostat_trade_export-product-by-4-digit-2015-2026"",""2020-2025-years"",""D627""],[""geostat_trade_domestic-exports-by-4-digit-2014-2026"",""2020-2025-years"",""D81""]]",derived
2021,goods,product,goods.hs4.2020-2025.6403,reexports,464265.1149126741000,numeric,unspecified,"[[""geostat_trade_export-product-by-4-digit-2015-2026"",""2020-2025-years"",""D635""],[""geostat_trade_domestic-exports-by-4-digit-2014-2026"",""2020-2025-years"",""D82""]]",derived
2021,goods,product,goods.hs4.2020-2025.6809,reexports,148564.9600000006000,numeric,unspecified,"[[""geostat_trade_export-product-by-4-digit-2015-2026"",""2020-2025-years"",""D658""],[""geostat_trade_domestic-exports-by-4-digit-2014-2026"",""2020-2025-years"",""D83""]]",derived
2021,goods,product,goods.hs4.2020-2025.7010,reexports,26217.7657166708000,numeric,unspecified,"[[""geostat_trade_export-product-by-4-digit-2015-2026"",""2020-2025-years"",""D687""],[""geostat_trade_domestic-exports-by-4-digit-2014-2026"",""2020-2025-years"",""D84""]]",derived
2021,goods,product,goods.hs4.2020-2025.7108,reexports,0E-12,numeric,unspecified,"[[""geostat_trade_export-product-by-4-digit-2015-2026"",""2020-2025-years"",""D699""],[""geostat_trade_domestic-exports-by-4-digit-2014-2026"",""2020-2025-years"",""D85""]]",derived
2021,goods,product,goods.hs4.2020-2025.7112,reexports,0E-11,numeric,unspecified,"[[""geostat_trade_export-product-by-4-digit-2015-2026"",""2020-2025-years"",""D702""],[""geostat_trade_domestic-exports-by-4-digit-2014-2026"",""2020-2025-years"",""D86""]]",derived
2021,goods,product,goods.hs4.2020-2025.7115,reexports,0E-13,numeric,unspecified,"[[""geostat_trade_export-product-by-4-digit-2015-2026"",""2020-2025-years"",""D705""],[""geostat_trade_domestic-exports-by-4-digit-2014-2026"",""2020-2025-years"",""D87""]]",derived
2021,goods,product,goods.hs4.2020-2025.7202,reexports,0E-11,numeric,unspecified,"[[""geostat_trade_export-product-by-4-digit-2015-2026"",""2020-2025-years"",""D709""],[""geostat_trade_domestic-exports-by-4-digit-2014-2026"",""2020-2025-years"",""D88""]]",derived
2021,goods,product,goods.hs4.2020-2025.7204,reexports,91201.320000000000,numeric,unspecified,"[[""geostat_trade_export-product-by-4-digit-2015-2026"",""2020-2025-years"",""D711""],[""geostat_trade_domestic-exports-by-4-digit-2014-2026"",""2020-2025-years"",""D89""]]",derived
2021,goods,product,goods.hs4.2020-2025.7207,reexports,3373.764412562000,numeric,unspecified,"[[""geostat_trade_export-product-by-4-digit-2015-2026"",""2020-2025-years"",""D714""],[""geostat_trade_domestic-exports-by-4-digit-2014-2026"",""2020-2025-years"",""D90""]]",derived
2021,goods,product,goods.hs4.2020-2025.7214,reexports,280746.7199999992000,numeric,unspecified,"[[""geostat_trade_export-product-by-4-digit-2015-2026"",""2020-2025-years"",""D721""],[""geostat_trade_domestic-exports-by-4-digit-2014-2026"",""2020-2025-years"",""D91""]]",derived
2021,goods,product,goods.hs4.2020-2025.7304,reexports,42209.8914314338000,numeric,unspecified,"[[""geostat_trade_export-product-by-4-digit-2015-2026"",""2020-2025-years"",""D737""],[""geostat_trade_domestic-exports-by-4-digit-2014-2026"",""2020-2025-years"",""D92""]]",derived
2021,goods,product,goods.hs4.2020-2025.7307,reexports,67365.337324747302000,numeric,unspecified,"[[""geostat_trade_export-product-by-4-digit-2015-2026"",""2020-2025-years"",""D740""],[""geostat_trade_domestic-exports-by-4-digit-2014-2026"",""2020-2025-years"",""D93""]]",derived
2021,goods,product,goods.hs4.2020-2025.7326,reexports,434612.14465556242000,numeric,unspecified,"[[""geostat_trade_export-product-by-4-digit-2015-2026"",""2020-2025-years"",""D759""],[""geostat_trade_domestic-exports-by-4-digit-2014-2026"",""2020-2025-years"",""D94""]]",derived
2021,goods,product,goods.hs4.2020-2025.7404,reexports,0E-12,numeric,unspecified,"[[""geostat_trade_export-product-by-4-digit-2015-2026"",""2020-2025-years"",""D761""],[""geostat_trade_domestic-exports-by-4-digit-2014-2026"",""2020-2025-years"",""D95""]]",derived
2021,goods,product,goods.hs4.2020-2025.7601,reexports,210779.800000001000,numeric,unspecified,"[[""geostat_trade_export-product-by-4-digit-2015-2026"",""2020-2025-years"",""D777""],[""geostat_trade_domestic-exports-by-4-digit-2014-2026"",""2020-2025-years"",""D96""]]",derived
2021,goods,product,goods.hs4.2020-2025.7602,reexports,0.00000,numeric,unspecified,"[[""geostat_trade_export-product-by-4-digit-2015-2026"",""2020-2025-years"",""D778""],[""geostat_trade_domestic-exports-by-4-digit-2014-2026"",""2020-2025-years"",""D97""]]",derived
2021,goods,product,goods.hs4.2020-2025.7801,reexports,107519.999999999000,numeric,unspecified,"[[""geostat_trade_export-product-by-4-digit-2015-2026"",""2020-2025-years"",""D794""],[""geostat_trade_domestic-exports-by-4-digit-2014-2026"",""2020-2025-years"",""D98""]]",derived
2021,goods,product,goods.hs4.2020-2025.8516,reexports,2977036.938066263000,numeric,unspecified,"[[""geostat_trade_export-product-by-4-digit-2015-2026"",""2020-2025-years"",""D931""],[""geostat_trade_domestic-exports-by-4-digit-2014-2026"",""2020-2025-years"",""D99""]]",derived
2021,goods,product,goods.hs4.2020-2025.8544,reexports,762799.6161689453000,numeric,unspecified,"[[""geostat_trade_export-product-by-4-digit-2015-2026"",""2020-2025-years"",""D957""],[""geostat_trade_domestic-exports-by-4-digit-2014-2026"",""2020-2025-years"",""D100""]]",derived
2021,goods,product,goods.hs4.2020-2025.8606,reexports,0,numeric,unspecified,"[[""geostat_trade_export-product-by-4-digit-2015-2026"",""2020-2025-years"",""D966""],[""geostat_trade_domestic-exports-by-4-digit-2014-2026"",""2020-2025-years"",""D101""]]",derived
2021,goods,product,goods.hs4.2020-2025.8607,reexports,0E-14,numeric,unspecified,"[[""geostat_trade_export-product-by-4-digit-2015-2026"",""2020-2025-years"",""D967""],[""geostat_trade_domestic-exports-by-4-digit-2014-2026"",""2020-2025-years"",""D102""]]",derived
2021,goods,product,goods.hs4.2020-2025.9403,reexports,1330205.98045732224000,numeric,unspecified,"[[""geostat_trade_export-product-by-4-digit-2015-2026"",""2020-2025-years"",""D1048""],[""geostat_trade_domestic-exports-by-4-digit-2014-2026"",""2020-2025-years"",""D104""]]",derived
2021,goods,product,goods.hs4.2020-2025.9404,reexports,22069.7779023739000,numeric,unspecified,"[[""geostat_trade_export-product-by-4-digit-2015-2026"",""2020-2025-years"",""D1049""],[""geostat_trade_domestic-exports-by-4-digit-2014-2026"",""2020-2025-years"",""D105""]]",derived
2022,goods,country,partner.1995-2025.004,reexports,21600.000000000023000,numeric,unspecified,"[[""geostat_trade_export-country-1995-2026"",""1995-2025-years"",""AD50""],[""geostat_trade_domestic-export-country-2014-2026"",""2014-2025-years"",""K50""]]",derived
2022,goods,country,partner.1995-2025.008,reexports,595649.51360183235000,numeric,unspecified,"[[""geostat_trade_export-country-1995-2026"",""1995-2025-years"",""AD51""],[""geostat_trade_domestic-export-country-2014-2026"",""2014-2025-years"",""K51""]]",derived
2022,goods,country,partner.1995-2025.012,reexports,0,numeric,unspecified,"[[""geostat_trade_export-country-1995-2026"",""1995-2025-years"",""AD52""],[""geostat_trade_domestic-export-country-2014-2026"",""2014-2025-years"",""K52""]]",derived
2022,goods,country,partner.1995-2025.020,reexports,0,numeric,unspecified,"[[""geostat_trade_export-country-1995-2026"",""1995-2025-years"",""AD53""],[""geostat_trade_domestic-export-country-2014-2026"",""2014-2025-years"",""K53""]]",derived
2022,goods,country,partner.1995-2025.024,reexports,0,numeric,unspecified,"[[""geostat_trade_export-country-1995-2026"",""1995-2025-years"",""AD54""],[""geostat_trade_domestic-export-country-2014-2026"",""2014-2025-years"",""K54""]]",derived
2022,goods,country,partner.1995-2025.028,reexports,0,numeric,unspecified,"[[""geostat_trade_export-country-1995-2026"",""1995-2025-years"",""AD56""],[""geostat_trade_domestic-export-country-2014-2026"",""2014-2025-years"",""K56""]]",derived
2022,goods,country,partner.1995-2025.031,reexports,520493076.67847799000,numeric,unspecified,"[[""geostat_trade_export-country-1995-2026"",""1995-2025-years"",""AD38""],[""geostat_trade_domestic-export-country-2014-2026"",""2014-2025-years"",""K38""]]",derived
2022,goods,country,partner.1995-2025.032,reexports,0E-13,numeric,unspecified,"[[""geostat_trade_export-country-1995-2026"",""1995-2025-years"",""AD57""],[""geostat_trade_domestic-export-country-2014-2026"",""2014-2025-years"",""K57""]]",derived
2022,goods,country,partner.1995-2025.036,reexports,18500.1576568687000,numeric,unspecified,"[[""geostat_trade_export-country-1995-2026"",""1995-2025-years"",""AD58""],[""geostat_trade_domestic-export-country-2014-2026"",""2014-2025-years"",""K58""]]",derived
2022,goods,country,partner.1995-2025.040,reexports,470137.1288867258000,numeric,unspecified,"[[""geostat_trade_export-country-1995-2026"",""1995-2025-years"",""AD8""],[""geostat_trade_domestic-export-country-2014-2026"",""2014-2025-years"",""K8""]]",derived
2022,goods,country,partner.1995-2025.044,reexports,0,numeric,unspecified,"[[""geostat_trade_export-country-1995-2026"",""1995-2025-years"",""AD59""],[""geostat_trade_domestic-export-country-2014-2026"",""2014-2025-years"",""K59""]]",derived
2022,goods,country,partner.1995-2025.048,reexports,0E-14,numeric,unspecified,"[[""geostat_trade_export-country-1995-2026"",""1995-2025-years"",""AD60""],[""geostat_trade_domestic-export-country-2014-2026"",""2014-2025-years"",""K60""]]",derived
2022,goods,country,partner.1995-2025.050,reexports,0,numeric,unspecified,"[[""geostat_trade_export-country-1995-2026"",""1995-2025-years"",""AD61""],[""geostat_trade_domestic-export-country-2014-2026"",""2014-2025-years"",""K61""]]",derived
2022,goods,country,partner.1995-2025.051,reexports,408171183.07923933000,numeric,unspecified,"[[""geostat_trade_export-country-1995-2026"",""1995-2025-years"",""AD37""],[""geostat_trade_domestic-export-country-2014-2026"",""2014-2025-years"",""K37""]]",derived
2022,goods,country,partner.1995-2025.052,reexports,0,numeric,unspecified,"[[""geostat_trade_export-country-1995-2026"",""1995-2025-years"",""AD62""],[""geostat_trade_domestic-export-country-2014-2026"",""2014-2025-years"",""K62""]]",derived
2022,goods,country,partner.1995-2025.056,reexports,25439576.3875835735000,numeric,unspecified,"[[""geostat_trade_export-country-1995-2026"",""1995-2025-years"",""AD9""],[""geostat_trade_domestic-export-country-2014-2026"",""2014-2025-years"",""K9""]]",derived
2022,goods,country,partner.1995-2025.064,reexports,0E-15,numeric,unspecified,"[[""geostat_trade_export-country-1995-2026"",""1995-2025-years"",""AD65""],[""geostat_trade_domestic-export-country-2014-2026"",""2014-2025-years"",""K65""]]",derived
2022,goods,country,partner.1995-2025.068,reexports,0,numeric,unspecified,"[[""geostat_trade_export-country-1995-2026"",""1995-2025-years"",""AD66""],[""geostat_trade_domestic-export-country-2014-2026"",""2014-2025-years"",""K66""]]",derived
2022,goods,country,partner.1995-2025.070,reexports,0E-15,numeric,unspecified,"[[""geostat_trade_export-country-1995-2026"",""1995-2025-years"",""AD67""],[""geostat_trade_domestic-export-country-2014-2026"",""2014-2025-years"",""K67""]]",derived
2022,goods,country,partner.1995-2025.072,reexports,0,numeric,unspecified,"[[""geostat_trade_export-country-1995-2026"",""1995-2025-years"",""AD68""],[""geostat_trade_domestic-export-country-2014-2026"",""2014-2025-years"",""K68""]]",derived
2022,goods,country,partner.1995-2025.076,reexports,80000.00000000000000,numeric,unspecified,"[[""geostat_trade_export-country-1995-2026"",""1995-2025-years"",""AD69""],[""geostat_trade_domestic-export-country-2014-2026"",""2014-2025-years"",""K69""]]",derived
2022,goods,country,partner.1995-2025.084,reexports,0,numeric,unspecified,"[[""geostat_trade_export-country-1995-2026"",""1995-2025-years"",""AD63""],[""geostat_trade_domestic-export-country-2014-2026"",""2014-2025-years"",""K63""]]",derived
2022,goods,country,partner.1995-2025.092,reexports,0,numeric,unspecified,"[[""geostat_trade_export-country-1995-2026"",""1995-2025-years"",""AD194""],[""geostat_trade_domestic-export-country-2014-2026"",""2014-2025-years"",""K193""]]",derived
2022,goods,country,partner.1995-2025.100,reexports,3715180.80066494000,numeric,unspecified,"[[""geostat_trade_export-country-1995-2026"",""1995-2025-years"",""AD10""],[""geostat_trade_domestic-export-country-2014-2026"",""2014-2025-years"",""K10""]]",derived
2022,goods,country,partner.1995-2025.104,reexports,0,numeric,unspecified,"[[""geostat_trade_export-country-1995-2026"",""1995-2025-years"",""AD143""],[""geostat_trade_domestic-export-country-2014-2026"",""2014-2025-years"",""K143""]]",derived
2022,goods,country,partner.1995-2025.108,reexports,5486.6246590670693000,numeric,unspecified,"[[""geostat_trade_export-country-1995-2026"",""1995-2025-years"",""AD71""],[""geostat_trade_domestic-export-country-2014-2026"",""2014-2025-years"",""K71""]]",derived
2022,goods,country,partner.1995-2025.112,reexports,22845476.314156869000,numeric,unspecified,"[[""geostat_trade_export-country-1995-2026"",""1995-2025-years"",""AD39""],[""geostat_trade_domestic-export-country-2014-2026"",""2014-2025-years"",""K39""]]",derived
2022,goods,country,partner.1995-2025.116,reexports,3350.00,numeric,unspecified,"[[""geostat_trade_export-country-1995-2026"",""1995-2025-years"",""AD72""],[""geostat_trade_domestic-export-country-2014-2026"",""2014-2025-years"",""K72""]]",derived
2022,goods,country,partner.1995-2025.120,reexports,0,numeric,unspecified,"[[""geostat_trade_export-country-1995-2026"",""1995-2025-years"",""AD73""],[""geostat_trade_domestic-export-country-2014-2026"",""2014-2025-years"",""K73""]]",derived
2022,goods,country,partner.1995-2025.124,reexports,1983924.2797212482000,numeric,unspecified,"[[""geostat_trade_export-country-1995-2026"",""1995-2025-years"",""AD74""],[""geostat_trade_domestic-export-country-2014-2026"",""2014-2025-years"",""K74""]]",derived
2022,goods,country,partner.1995-2025.136,reexports,0,numeric,unspecified,"[[""geostat_trade_export-country-1995-2026"",""1995-2025-years"",""AD75""],[""geostat_trade_domestic-export-country-2014-2026"",""2014-2025-years"",""K75""]]",derived
2022,goods,country,partner.1995-2025.140,reexports,0,numeric,unspecified,"[[""geostat_trade_export-country-1995-2026"",""1995-2025-years"",""AD76""],[""geostat_trade_domestic-export-country-2014-2026"",""2014-2025-years"",""K76""]]",derived
2022,goods,country,partner.1995-2025.144,reexports,0E-16,numeric,unspecified,"[[""geostat_trade_export-country-1995-2026"",""1995-2025-years"",""AD173""],[""geostat_trade_domestic-export-country-2014-2026"",""2014-2025-years"",""K173""]]",derived
2022,goods,country,partner.1995-2025.148,reexports,0,numeric,unspecified,"[[""geostat_trade_export-country-1995-2026"",""1995-2025-years"",""AD77""],[""geostat_trade_domestic-export-country-2014-2026"",""2014-2025-years"",""K77""]]",derived
2022,goods,country,partner.1995-2025.152,reexports,0E-13,numeric,unspecified,"[[""geostat_trade_export-country-1995-2026"",""1995-2025-years"",""AD78""],[""geostat_trade_domestic-export-country-2014-2026"",""2014-2025-years"",""K78""]]",derived
2022,goods,country,partner.1995-2025.156,reexports,41134559.87885990000,numeric,unspecified,"[[""geostat_trade_export-country-1995-2026"",""1995-2025-years"",""AD79""],[""geostat_trade_domestic-export-country-2014-2026"",""2014-2025-years"",""K79""]]",derived
2022,goods,country,partner.1995-2025.158,reexports,978794.5170789371000,numeric,unspecified,"[[""geostat_trade_export-country-1995-2026"",""1995-2025-years"",""AD179""],[""geostat_trade_domestic-export-country-2014-2026"",""2014-2025-years"",""K178""]]",derived
2022,goods,country,partner.1995-2025.170,reexports,0E-15,numeric,unspecified,"[[""geostat_trade_export-country-1995-2026"",""1995-2025-years"",""AD80""],[""geostat_trade_domestic-export-country-2014-2026"",""2014-2025-years"",""K80""]]",derived
2022,goods,country,partner.1995-2025.178,reexports,0.0,numeric,unspecified,"[[""geostat_trade_export-country-1995-2026"",""1995-2025-years"",""AD81""],[""geostat_trade_domestic-export-country-2014-2026"",""2014-2025-years"",""K81""]]",derived
2022,goods,country,partner.1995-2025.180,reexports,0,numeric,unspecified,"[[""geostat_trade_export-country-1995-2026"",""1995-2025-years"",""AD82""],[""geostat_trade_domestic-export-country-2014-2026"",""2014-2025-years"",""K82""]]",derived
2022,goods,country,partner.1995-2025.188,reexports,0E-13,numeric,unspecified,"[[""geostat_trade_export-country-1995-2026"",""1995-2025-years"",""AD83""],[""geostat_trade_domestic-export-country-2014-2026"",""2014-2025-years"",""K83""]]",derived
2022,goods,country,partner.1995-2025.191,reexports,0E-12,numeric,unspecified,"[[""geostat_trade_export-country-1995-2026"",""1995-2025-years"",""AD11""],[""geostat_trade_domestic-export-country-2014-2026"",""2014-2025-years"",""K11""]]",derived
2022,goods,country,partner.1995-2025.192,reexports,0,numeric,unspecified,"[[""geostat_trade_export-country-1995-2026"",""1995-2025-years"",""AD85""],[""geostat_trade_domestic-export-country-2014-2026"",""2014-2025-years"",""K85""]]",derived
2022,goods,country,partner.1995-2025.196,reexports,663529.1057280246000,numeric,unspecified,"[[""geostat_trade_export-country-1995-2026"",""1995-2025-years"",""AD12""],[""geostat_trade_domestic-export-country-2014-2026"",""2014-2025-years"",""K12""]]",derived
2022,goods,country,partner.1995-2025.203,reexports,5884067.0975367924000,numeric,unspecified,"[[""geostat_trade_export-country-1995-2026"",""1995-2025-years"",""AD13""],[""geostat_trade_domestic-export-country-2014-2026"",""2014-2025-years"",""K13""]]",derived
2022,goods,country,partner.1995-2025.204,reexports,8999.5404899084512000,numeric,unspecified,"[[""geostat_trade_export-country-1995-2026"",""1995-2025-years"",""AD64""],[""geostat_trade_domestic-export-country-2014-2026"",""2014-2025-years"",""K64""]]",derived
2022,goods,country,partner.1995-2025.208,reexports,2527071.7814783417000,numeric,unspecified,"[[""geostat_trade_export-country-1995-2026"",""1995-2025-years"",""AD14""],[""geostat_trade_domestic-export-country-2014-2026"",""2014-2025-years"",""K14""]]",derived
2022,goods,country,partner.1995-2025.212,reexports,0,numeric,unspecified,"[[""geostat_trade_export-country-1995-2026"",""1995-2025-years"",""AD87""],[""geostat_trade_domestic-export-country-2014-2026"",""2014-2025-years"",""K87""]]",derived
2022,goods,country,partner.1995-2025.214,reexports,0,numeric,unspecified,"[[""geostat_trade_export-country-1995-2026"",""1995-2025-years"",""AD88""],[""geostat_trade_domestic-export-country-2014-2026"",""2014-2025-years"",""K88""]]",derived
2022,goods,country,partner.1995-2025.218,reexports,61246.45000000001000,numeric,unspecified,"[[""geostat_trade_export-country-1995-2026"",""1995-2025-years"",""AD89""],[""geostat_trade_domestic-export-country-2014-2026"",""2014-2025-years"",""K89""]]",derived
2022,goods,country,partner.1995-2025.222,reexports,0,numeric,unspecified,"[[""geostat_trade_export-country-1995-2026"",""1995-2025-years"",""AD91""],[""geostat_trade_domestic-export-country-2014-2026"",""2014-2025-years"",""K91""]]",derived
2022,goods,country,partner.1995-2025.226,reexports,0,numeric,unspecified,"[[""geostat_trade_export-country-1995-2026"",""1995-2025-years"",""AD92""],[""geostat_trade_domestic-export-country-2014-2026"",""2014-2025-years"",""K92""]]",derived
2022,goods,country,partner.1995-2025.231,reexports,0.0,numeric,unspecified,"[[""geostat_trade_export-country-1995-2026"",""1995-2025-years"",""AD93""],[""geostat_trade_domestic-export-country-2014-2026"",""2014-2025-years"",""K93""]]",derived
2022,goods,country,partner.1995-2025.233,reexports,607822.4770835759000,numeric,unspecified,"[[""geostat_trade_export-country-1995-2026"",""1995-2025-years"",""AD15""],[""geostat_trade_domestic-export-country-2014-2026"",""2014-2025-years"",""K15""]]",derived
2022,goods,country,partner.1995-2025.242,reexports,0,numeric,unspecified,"[[""geostat_trade_export-country-1995-2026"",""1995-2025-years"",""AD94""],[""geostat_trade_domestic-export-country-2014-2026"",""2014-2025-years"",""K94""]]",derived
2022,goods,country,partner.1995-2025.246,reexports,17364.9386501745000,numeric,unspecified,"[[""geostat_trade_export-country-1995-2026"",""1995-2025-years"",""AD16""],[""geostat_trade_domestic-export-country-2014-2026"",""2014-2025-years"",""K16""]]",derived
2022,goods,country,partner.1995-2025.250,reexports,2068438.348415708000,numeric,unspecified,"[[""geostat_trade_export-country-1995-2026"",""1995-2025-years"",""AD17""],[""geostat_trade_domestic-export-country-2014-2026"",""2014-2025-years"",""K17""]]",derived
2022,goods,country,partner.1995-2025.258,reexports,0,numeric,unspecified,"[[""geostat_trade_export-country-1995-2026"",""1995-2025-years"",""AD95""],[""geostat_trade_domestic-export-country-2014-2026"",""2014-2025-years"",""K95""]]",derived
2022,goods,country,partner.1995-2025.262,reexports,18.6500000000001000,numeric,unspecified,"[[""geostat_trade_export-country-1995-2026"",""1995-2025-years"",""AD86""],[""geostat_trade_domestic-export-country-2014-2026"",""2014-2025-years"",""K86""]]",derived
2022,goods,country,partner.1995-2025.266,reexports,0,numeric,unspecified,"[[""geostat_trade_export-country-1995-2026"",""1995-2025-years"",""AD96""],[""geostat_trade_domestic-export-country-2014-2026"",""2014-2025-years"",""K96""]]",derived
2022,goods,country,partner.1995-2025.270,reexports,0.00,numeric,unspecified,"[[""geostat_trade_export-country-1995-2026"",""1995-2025-years"",""AD97""],[""geostat_trade_domestic-export-country-2014-2026"",""2014-2025-years"",""K97""]]",derived
2022,goods,country,partner.1995-2025.275,reexports,24559.047241631035000,numeric,unspecified,"[[""geostat_trade_export-country-1995-2026"",""1995-2025-years"",""AD174""],[""geostat_trade_domestic-export-country-2014-2026"",""2014-2025-years"",""K153""]]",derived
2022,goods,country,partner.1995-2025.276,reexports,5267174.904281346000,numeric,unspecified,"[[""geostat_trade_export-country-1995-2026"",""1995-2025-years"",""AD18""],[""geostat_trade_domestic-export-country-2014-2026"",""2014-2025-years"",""K18""]]",derived
2022,goods,country,partner.1995-2025.288,reexports,223830.890000001000,numeric,unspecified,"[[""geostat_trade_export-country-1995-2026"",""1995-2025-years"",""AD98""],[""geostat_trade_domestic-export-country-2014-2026"",""2014-2025-years"",""K98""]]",derived
2022,goods,country,partner.1995-2025.292,reexports,0,numeric,unspecified,"[[""geostat_trade_export-country-1995-2026"",""1995-2025-years"",""AD99""],[""geostat_trade_domestic-export-country-2014-2026"",""2014-2025-years"",""K99""]]",derived
2022,goods,country,partner.1995-2025.300,reexports,1927282.3677276893000,numeric,unspecified,"[[""geostat_trade_export-country-1995-2026"",""1995-2025-years"",""AD19""],[""geostat_trade_domestic-export-country-2014-2026"",""2014-2025-years"",""K19""]]",derived
2022,goods,country,partner.1995-2025.312,reexports,0,numeric,unspecified,"[[""geostat_trade_export-country-1995-2026"",""1995-2025-years"",""AD100""],[""geostat_trade_domestic-export-country-2014-2026"",""2014-2025-years"",""K100""]]",derived
2022,goods,country,partner.1995-2025.320,reexports,0,numeric,unspecified,"[[""geostat_trade_export-country-1995-2026"",""1995-2025-years"",""AD101""],[""geostat_trade_domestic-export-country-2014-2026"",""2014-2025-years"",""K101""]]",derived
2022,goods,country,partner.1995-2025.324,reexports,0,numeric,unspecified,"[[""geostat_trade_export-country-1995-2026"",""1995-2025-years"",""AD103""],[""geostat_trade_domestic-export-country-2014-2026"",""2014-2025-years"",""K102""]]",derived
2022,goods,country,partner.1995-2025.332,reexports,0,numeric,unspecified,"[[""geostat_trade_export-country-1995-2026"",""1995-2025-years"",""AD105""],[""geostat_trade_domestic-export-country-2014-2026"",""2014-2025-years"",""K104""]]",derived
2022,goods,country,partner.1995-2025.336,reexports,0,numeric,unspecified,"[[""geostat_trade_export-country-1995-2026"",""1995-2025-years"",""AD106""],[""geostat_trade_domestic-export-country-2014-2026"",""2014-2025-years"",""K105""]]",derived
2022,goods,country,partner.1995-2025.340,reexports,0.0,numeric,unspecified,"[[""geostat_trade_export-country-1995-2026"",""1995-2025-years"",""AD107""],[""geostat_trade_domestic-export-country-2014-2026"",""2014-2025-years"",""K106""]]",derived
2022,goods,country,partner.1995-2025.344,reexports,4731219.1055275975000,numeric,unspecified,"[[""geostat_trade_export-country-1995-2026"",""1995-2025-years"",""AD108""],[""geostat_trade_domestic-export-country-2014-2026"",""2014-2025-years"",""K107""]]",derived
2022,goods,country,partner.1995-2025.348,reexports,1643074.0374685890000,numeric,unspecified,"[[""geostat_trade_export-country-1995-2026"",""1995-2025-years"",""AD20""],[""geostat_trade_domestic-export-country-2014-2026"",""2014-2025-years"",""K20""]]",derived
2022,goods,country,partner.1995-2025.352,reexports,0E-14,numeric,unspecified,"[[""geostat_trade_export-country-1995-2026"",""1995-2025-years"",""AD109""],[""geostat_trade_domestic-export-country-2014-2026"",""2014-2025-years"",""K108""]]",derived
2022,goods,country,partner.1995-2025.356,reexports,1713068.527378030000,numeric,unspecified,"[[""geostat_trade_export-country-1995-2026"",""1995-2025-years"",""AD110""],[""geostat_trade_domestic-export-country-2014-2026"",""2014-2025-years"",""K109""]]",derived
2022,goods,country,partner.1995-2025.360,reexports,600.0000000000014000,numeric,unspecified,"[[""geostat_trade_export-country-1995-2026"",""1995-2025-years"",""AD111""],[""geostat_trade_domestic-export-country-2014-2026"",""2014-2025-years"",""K110""]]",derived
2022,goods,country,partner.1995-2025.364,reexports,14809883.690653072000,numeric,unspecified,"[[""geostat_trade_export-country-1995-2026"",""1995-2025-years"",""AD112""],[""geostat_trade_domestic-export-country-2014-2026"",""2014-2025-years"",""K111""]]",derived
2022,goods,country,partner.1995-2025.368,reexports,363687.481720103000,numeric,unspecified,"[[""geostat_trade_export-country-1995-2026"",""1995-2025-years"",""AD113""],[""geostat_trade_domestic-export-country-2014-2026"",""2014-2025-years"",""K112""]]",derived
2022,goods,country,partner.1995-2025.372,reexports,2642974.50300939062000,numeric,unspecified,"[[""geostat_trade_export-country-1995-2026"",""1995-2025-years"",""AD21""],[""geostat_trade_domestic-export-country-2014-2026"",""2014-2025-years"",""K21""]]",derived
2022,goods,country,partner.1995-2025.376,reexports,7233626.574752609000,numeric,unspecified,"[[""geostat_trade_export-country-1995-2026"",""1995-2025-years"",""AD114""],[""geostat_trade_domestic-export-country-2014-2026"",""2014-2025-years"",""K113""]]",derived
2022,goods,country,partner.1995-2025.380,reexports,1403083.715207831000,numeric,unspecified,"[[""geostat_trade_export-country-1995-2026"",""1995-2025-years"",""AD22""],[""geostat_trade_domestic-export-country-2014-2026"",""2014-2025-years"",""K22""]]",derived
2022,goods,country,partner.1995-2025.384,reexports,0,numeric,unspecified,"[[""geostat_trade_export-country-1995-2026"",""1995-2025-years"",""AD84""],[""geostat_trade_domestic-export-country-2014-2026"",""2014-2025-years"",""K84""]]",derived
2022,goods,country,partner.1995-2025.388,reexports,0,numeric,unspecified,"[[""geostat_trade_export-country-1995-2026"",""1995-2025-years"",""AD115""],[""geostat_trade_domestic-export-country-2014-2026"",""2014-2025-years"",""K114""]]",derived
2022,goods,country,partner.1995-2025.392,reexports,958591.979495916000,numeric,unspecified,"[[""geostat_trade_export-country-1995-2026"",""1995-2025-years"",""AD116""],[""geostat_trade_domestic-export-country-2014-2026"",""2014-2025-years"",""K115""]]",derived
2022,goods,country,partner.1995-2025.398,reexports,165671387.078848584000,numeric,unspecified,"[[""geostat_trade_export-country-1995-2026"",""1995-2025-years"",""AD40""],[""geostat_trade_domestic-export-country-2014-2026"",""2014-2025-years"",""K40""]]",derived
2022,goods,country,partner.1995-2025.400,reexports,150592.9752287875000,numeric,unspecified,"[[""geostat_trade_export-country-1995-2026"",""1995-2025-years"",""AD117""],[""geostat_trade_domestic-export-country-2014-2026"",""2014-2025-years"",""K116""]]",derived
2022,goods,country,partner.1995-2025.404,reexports,201784.20000000012000,numeric,unspecified,"[[""geostat_trade_export-country-1995-2026"",""1995-2025-years"",""AD118""],[""geostat_trade_domestic-export-country-2014-2026"",""2014-2025-years"",""K117""]]",derived
2022,goods,country,partner.1995-2025.408,reexports,0,numeric,unspecified,"[[""geostat_trade_export-country-1995-2026"",""1995-2025-years"",""AD119""],[""geostat_trade_domestic-export-country-2014-2026"",""2014-2025-years"",""K119""]]",derived
2022,goods,country,partner.1995-2025.410,reexports,2954243.2772454568000,numeric,unspecified,"[[""geostat_trade_export-country-1995-2026"",""1995-2025-years"",""AD120""],[""geostat_trade_domestic-export-country-2014-2026"",""2014-2025-years"",""K118""]]",derived
2022,goods,country,partner.1995-2025.414,reexports,0E-13,numeric,unspecified,"[[""geostat_trade_export-country-1995-2026"",""1995-2025-years"",""AD121""],[""geostat_trade_domestic-export-country-2014-2026"",""2014-2025-years"",""K120""]]",derived
2022,goods,country,partner.1995-2025.417,reexports,88050166.5274425087000,numeric,unspecified,"[[""geostat_trade_export-country-1995-2026"",""1995-2025-years"",""AD41""],[""geostat_trade_domestic-export-country-2014-2026"",""2014-2025-years"",""K41""]]",derived
2022,goods,country,partner.1995-2025.418,reexports,0,numeric,unspecified,"[[""geostat_trade_export-country-1995-2026"",""1995-2025-years"",""AD122""],[""geostat_trade_domestic-export-country-2014-2026"",""2014-2025-years"",""K125""]]",derived
2022,goods,country,partner.1995-2025.422,reexports,193677.66978425984000,numeric,unspecified,"[[""geostat_trade_export-country-1995-2026"",""1995-2025-years"",""AD123""],[""geostat_trade_domestic-export-country-2014-2026"",""2014-2025-years"",""K121""]]",derived
2022,goods,country,partner.1995-2025.428,reexports,4689382.7115796159000,numeric,unspecified,"[[""geostat_trade_export-country-1995-2026"",""1995-2025-years"",""AD23""],[""geostat_trade_domestic-export-country-2014-2026"",""2014-2025-years"",""K23""]]",derived
2022,goods,country,partner.1995-2025.430,reexports,0,numeric,unspecified,"[[""geostat_trade_export-country-1995-2026"",""1995-2025-years"",""AD124""],[""geostat_trade_domestic-export-country-2014-2026"",""2014-2025-years"",""K122""]]",derived
2022,goods,country,partner.1995-2025.434,reexports,606514.2937418859000,numeric,unspecified,"[[""geostat_trade_export-country-1995-2026"",""1995-2025-years"",""AD125""],[""geostat_trade_domestic-export-country-2014-2026"",""2014-2025-years"",""K123""]]",derived
2022,goods,country,partner.1995-2025.438,reexports,0,numeric,unspecified,"[[""geostat_trade_export-country-1995-2026"",""1995-2025-years"",""AD126""],[""geostat_trade_domestic-export-country-2014-2026"",""2014-2025-years"",""K124""]]",derived
2022,goods,country,partner.1995-2025.440,reexports,11831717.498128473000,numeric,unspecified,"[[""geostat_trade_export-country-1995-2026"",""1995-2025-years"",""AD24""],[""geostat_trade_domestic-export-country-2014-2026"",""2014-2025-years"",""K24""]]",derived
2022,goods,country,partner.1995-2025.442,reexports,25.584948647477000,numeric,unspecified,"[[""geostat_trade_export-country-1995-2026"",""1995-2025-years"",""AD25""],[""geostat_trade_domestic-export-country-2014-2026"",""2014-2025-years"",""K25""]]",derived
2022,goods,country,partner.1995-2025.446,reexports,0,numeric,unspecified,"[[""geostat_trade_export-country-1995-2026"",""1995-2025-years"",""AD127""],[""geostat_trade_domestic-export-country-2014-2026"",""2014-2025-years"",""K128""]]",derived
2022,goods,country,partner.1995-2025.450,reexports,0,numeric,unspecified,"[[""geostat_trade_export-country-1995-2026"",""1995-2025-years"",""AD128""],[""geostat_trade_domestic-export-country-2014-2026"",""2014-2025-years"",""K127""]]",derived
2022,goods,country,partner.1995-2025.454,reexports,0E-17,numeric,unspecified,"[[""geostat_trade_export-country-1995-2026"",""1995-2025-years"",""AD129""],[""geostat_trade_domestic-export-country-2014-2026"",""2014-2025-years"",""K129""]]",derived
2022,goods,country,partner.1995-2025.458,reexports,0E-13,numeric,unspecified,"[[""geostat_trade_export-country-1995-2026"",""1995-2025-years"",""AD130""],[""geostat_trade_domestic-export-country-2014-2026"",""2014-2025-years"",""K130""]]",derived
2022,goods,country,partner.1995-2025.462,reexports,0,numeric,unspecified,"[[""geostat_trade_export-country-1995-2026"",""1995-2025-years"",""AD131""],[""geostat_trade_domestic-export-country-2014-2026"",""2014-2025-years"",""K131""]]",derived
2022,goods,country,partner.1995-2025.466,reexports,0E-13,numeric,unspecified,"[[""geostat_trade_export-country-1995-2026"",""1995-2025-years"",""AD132""],[""geostat_trade_domestic-export-country-2014-2026"",""2014-2025-years"",""K132""]]",derived
2022,goods,country,partner.1995-2025.470,reexports,2025.21366860731000,numeric,unspecified,"[[""geostat_trade_export-country-1995-2026"",""1995-2025-years"",""AD26""],[""geostat_trade_domestic-export-country-2014-2026"",""2014-2025-years"",""K26""]]",derived
2022,goods,country,partner.1995-2025.474,reexports,0,numeric,unspecified,"[[""geostat_trade_export-country-1995-2026"",""1995-2025-years"",""AD134""],[""geostat_trade_domestic-export-country-2014-2026"",""2014-2025-years"",""K134""]]",derived
2022,goods,country,partner.1995-2025.478,reexports,0E-13,numeric,unspecified,"[[""geostat_trade_export-country-1995-2026"",""1995-2025-years"",""AD135""],[""geostat_trade_domestic-export-country-2014-2026"",""2014-2025-years"",""K135""]]",derived
2022,goods,country,partner.1995-2025.480,reexports,0,numeric,unspecified,"[[""geostat_trade_export-country-1995-2026"",""1995-2025-years"",""AD136""],[""geostat_trade_domestic-export-country-2014-2026"",""2014-2025-years"",""K136""]]",derived
2022,goods,country,partner.1995-2025.484,reexports,2629999.9999999997000,numeric,unspecified,"[[""geostat_trade_export-country-1995-2026"",""1995-2025-years"",""AD137""],[""geostat_trade_domestic-export-country-2014-2026"",""2014-2025-years"",""K137""]]",derived
2022,goods,country,partner.1995-2025.492,reexports,0,numeric,unspecified,"[[""geostat_trade_export-country-1995-2026"",""1995-2025-years"",""AD138""],[""geostat_trade_domestic-export-country-2014-2026"",""2014-2025-years"",""K138""]]",derived
2022,goods,country,partner.1995-2025.496,reexports,112109.4699999999000,numeric,unspecified,"[[""geostat_trade_export-country-1995-2026"",""1995-2025-years"",""AD139""],[""geostat_trade_domestic-export-country-2014-2026"",""2014-2025-years"",""K139""]]",derived
2022,goods,country,partner.1995-2025.498,reexports,6653322.2395589964000,numeric,unspecified,"[[""geostat_trade_export-country-1995-2026"",""1995-2025-years"",""AD42""],[""geostat_trade_domestic-export-country-2014-2026"",""2014-2025-years"",""K42""]]",derived
2022,goods,country,partner.1995-2025.499,reexports,0E-14,numeric,unspecified,"[[""geostat_trade_export-country-1995-2026"",""1995-2025-years"",""AD140""],[""geostat_trade_domestic-export-country-2014-2026"",""2014-2025-years"",""K140""]]",derived
2022,goods,country,partner.1995-2025.504,reexports,652347.05375408412000,numeric,unspecified,"[[""geostat_trade_export-country-1995-2026"",""1995-2025-years"",""AD141""],[""geostat_trade_domestic-export-country-2014-2026"",""2014-2025-years"",""K141""]]",derived
2022,goods,country,partner.1995-2025.508,reexports,0E-13,numeric,unspecified,"[[""geostat_trade_export-country-1995-2026"",""1995-2025-years"",""AD142""],[""geostat_trade_domestic-export-country-2014-2026"",""2014-2025-years"",""K142""]]",derived
2022,goods,country,partner.1995-2025.512,reexports,105467.063001124569000,numeric,unspecified,"[[""geostat_trade_export-country-1995-2026"",""1995-2025-years"",""AD152""],[""geostat_trade_domestic-export-country-2014-2026"",""2014-2025-years"",""K151""]]",derived
2022,goods,country,partner.1995-2025.516,reexports,0,numeric,unspecified,"[[""geostat_trade_export-country-1995-2026"",""1995-2025-years"",""AD144""],[""geostat_trade_domestic-export-country-2014-2026"",""2014-2025-years"",""K144""]]",derived
2022,goods,country,partner.1995-2025.524,reexports,0E-14,numeric,unspecified,"[[""geostat_trade_export-country-1995-2026"",""1995-2025-years"",""AD145""],[""geostat_trade_domestic-export-country-2014-2026"",""2014-2025-years"",""K145""]]",derived
2022,goods,country,partner.1995-2025.528,reexports,13888160.9938532091000,numeric,unspecified,"[[""geostat_trade_export-country-1995-2026"",""1995-2025-years"",""AD27""],[""geostat_trade_domestic-export-country-2014-2026"",""2014-2025-years"",""K27""]]",derived
2022,goods,country,partner.1995-2025.534,reexports,0E-14,numeric,unspecified,"[[""geostat_trade_export-country-1995-2026"",""1995-2025-years"",""AD170""],[""geostat_trade_domestic-export-country-2014-2026"",""2014-2025-years"",""K170""]]",derived
2022,goods,country,partner.1995-2025.554,reexports,0E-14,numeric,unspecified,"[[""geostat_trade_export-country-1995-2026"",""1995-2025-years"",""AD146""],[""geostat_trade_domestic-export-country-2014-2026"",""2014-2025-years"",""K146""]]",derived
2022,goods,country,partner.1995-2025.558,reexports,0,numeric,unspecified,"[[""geostat_trade_export-country-1995-2026"",""1995-2025-years"",""AD147""],[""geostat_trade_domestic-export-country-2014-2026"",""2014-2025-years"",""K147""]]",derived
2022,goods,country,partner.1995-2025.562,reexports,54.230093676808000,numeric,unspecified,"[[""geostat_trade_export-country-1995-2026"",""1995-2025-years"",""AD148""],[""geostat_trade_domestic-export-country-2014-2026"",""2014-2025-years"",""K148""]]",derived
2022,goods,country,partner.1995-2025.566,reexports,51240.4688800111000,numeric,unspecified,"[[""geostat_trade_export-country-1995-2026"",""1995-2025-years"",""AD149""],[""geostat_trade_domestic-export-country-2014-2026"",""2014-2025-years"",""K149""]]",derived
2022,goods,country,partner.1995-2025.578,reexports,1980.0566655629000,numeric,unspecified,"[[""geostat_trade_export-country-1995-2026"",""1995-2025-years"",""AD151""],[""geostat_trade_domestic-export-country-2014-2026"",""2014-2025-years"",""K150""]]",derived
2022,goods,country,partner.1995-2025.584,reexports,0,numeric,unspecified,"[[""geostat_trade_export-country-1995-2026"",""1995-2025-years"",""AD133""],[""geostat_trade_domestic-export-country-2014-2026"",""2014-2025-years"",""K133""]]",derived
2022,goods,country,partner.1995-2025.586,reexports,0E-14,numeric,unspecified,"[[""geostat_trade_export-country-1995-2026"",""1995-2025-years"",""AD153""],[""geostat_trade_domestic-export-country-2014-2026"",""2014-2025-years"",""K152""]]",derived
2022,goods,country,partner.1995-2025.591,reexports,645.036443037000,numeric,unspecified,"[[""geostat_trade_export-country-1995-2026"",""1995-2025-years"",""AD154""],[""geostat_trade_domestic-export-country-2014-2026"",""2014-2025-years"",""K154""]]",derived
2022,goods,country,partner.1995-2025.600,reexports,0E-16,numeric,unspecified,"[[""geostat_trade_export-country-1995-2026"",""1995-2025-years"",""AD155""],[""geostat_trade_domestic-export-country-2014-2026"",""2014-2025-years"",""K155""]]",derived
2022,goods,country,partner.1995-2025.604,reexports,69256.19000002000,numeric,unspecified,"[[""geostat_trade_export-country-1995-2026"",""1995-2025-years"",""AD156""],[""geostat_trade_domestic-export-country-2014-2026"",""2014-2025-years"",""K156""]]",derived
2022,goods,country,partner.1995-2025.608,reexports,0E-13,numeric,unspecified,"[[""geostat_trade_export-country-1995-2026"",""1995-2025-years"",""AD157""],[""geostat_trade_domestic-export-country-2014-2026"",""2014-2025-years"",""K157""]]",derived
2022,goods,country,partner.1995-2025.616,reexports,9271628.108196782000,numeric,unspecified,"[[""geostat_trade_export-country-1995-2026"",""1995-2025-years"",""AD28""],[""geostat_trade_domestic-export-country-2014-2026"",""2014-2025-years"",""K28""]]",derived
2022,goods,country,partner.1995-2025.620,reexports,541192.5997196590000,numeric,unspecified,"[[""geostat_trade_export-country-1995-2026"",""1995-2025-years"",""AD29""],[""geostat_trade_domestic-export-country-2014-2026"",""2014-2025-years"",""K29""]]",derived
2022,goods,country,partner.1995-2025.624,reexports,0,numeric,unspecified,"[[""geostat_trade_export-country-1995-2026"",""1995-2025-years"",""AD104""],[""geostat_trade_domestic-export-country-2014-2026"",""2014-2025-years"",""K103""]]",derived
2022,goods,country,partner.1995-2025.630,reexports,0,numeric,unspecified,"[[""geostat_trade_export-country-1995-2026"",""1995-2025-years"",""AD158""],[""geostat_trade_domestic-export-country-2014-2026"",""2014-2025-years"",""K158""]]",derived
2022,goods,country,partner.1995-2025.634,reexports,276567.5624542989000,numeric,unspecified,"[[""geostat_trade_export-country-1995-2026"",""1995-2025-years"",""AD159""],[""geostat_trade_domestic-export-country-2014-2026"",""2014-2025-years"",""K159""]]",derived
2022,goods,country,partner.1995-2025.642,reexports,5004582.411700958000,numeric,unspecified,"[[""geostat_trade_export-country-1995-2026"",""1995-2025-years"",""AD30""],[""geostat_trade_domestic-export-country-2014-2026"",""2014-2025-years"",""K30""]]",derived
2022,goods,country,partner.1995-2025.643,reexports,104546268.46389671000,numeric,unspecified,"[[""geostat_trade_export-country-1995-2026"",""1995-2025-years"",""AD43""],[""geostat_trade_domestic-export-country-2014-2026"",""2014-2025-years"",""K43""]]",derived
2022,goods,country,partner.1995-2025.646,reexports,0,numeric,unspecified,"[[""geostat_trade_export-country-1995-2026"",""1995-2025-years"",""AD160""],[""geostat_trade_domestic-export-country-2014-2026"",""2014-2025-years"",""K160""]]",derived
2022,goods,country,partner.1995-2025.660,reexports,0,numeric,unspecified,"[[""geostat_trade_export-country-1995-2026"",""1995-2025-years"",""AD55""],[""geostat_trade_domestic-export-country-2014-2026"",""2014-2025-years"",""K55""]]",derived
2022,goods,country,partner.1995-2025.670,reexports,0,numeric,unspecified,"[[""geostat_trade_export-country-1995-2026"",""1995-2025-years"",""AD161""],[""geostat_trade_domestic-export-country-2014-2026"",""2014-2025-years"",""K161""]]",derived
2022,goods,country,partner.1995-2025.674,reexports,0,numeric,unspecified,"[[""geostat_trade_export-country-1995-2026"",""1995-2025-years"",""AD162""],[""geostat_trade_domestic-export-country-2014-2026"",""2014-2025-years"",""K162""]]",derived
2022,goods,country,partner.1995-2025.682,reexports,1133799.645842530000,numeric,unspecified,"[[""geostat_trade_export-country-1995-2026"",""1995-2025-years"",""AD163""],[""geostat_trade_domestic-export-country-2014-2026"",""2014-2025-years"",""K163""]]",derived
2022,goods,country,partner.1995-2025.686,reexports,0E-13,numeric,unspecified,"[[""geostat_trade_export-country-1995-2026"",""1995-2025-years"",""AD164""],[""geostat_trade_domestic-export-country-2014-2026"",""2014-2025-years"",""K164""]]",derived
2022,goods,country,partner.1995-2025.688,reexports,1095510.9765185680000,numeric,unspecified,"[[""geostat_trade_export-country-1995-2026"",""1995-2025-years"",""AD165""],[""geostat_trade_domestic-export-country-2014-2026"",""2014-2025-years"",""K165""]]",derived
2022,goods,country,partner.1995-2025.690,reexports,122486.4249938920002000,numeric,unspecified,"[[""geostat_trade_export-country-1995-2026"",""1995-2025-years"",""AD167""],[""geostat_trade_domestic-export-country-2014-2026"",""2014-2025-years"",""K167""]]",derived
2022,goods,country,partner.1995-2025.694,reexports,0,numeric,unspecified,"[[""geostat_trade_export-country-1995-2026"",""1995-2025-years"",""AD168""],[""geostat_trade_domestic-export-country-2014-2026"",""2014-2025-years"",""K168""]]",derived
2022,goods,country,partner.1995-2025.702,reexports,9274436.0794370319000,numeric,unspecified,"[[""geostat_trade_export-country-1995-2026"",""1995-2025-years"",""AD169""],[""geostat_trade_domestic-export-country-2014-2026"",""2014-2025-years"",""K169""]]",derived
2022,goods,country,partner.1995-2025.703,reexports,137370.3748434310000,numeric,unspecified,"[[""geostat_trade_export-country-1995-2026"",""1995-2025-years"",""AD31""],[""geostat_trade_domestic-export-country-2014-2026"",""2014-2025-years"",""K31""]]",derived
2022,goods,country,partner.1995-2025.704,reexports,42153.9201208834000,numeric,unspecified,"[[""geostat_trade_export-country-1995-2026"",""1995-2025-years"",""AD193""],[""geostat_trade_domestic-export-country-2014-2026"",""2014-2025-years"",""K192""]]",derived
2022,goods,country,partner.1995-2025.705,reexports,3648.41247483128000,numeric,unspecified,"[[""geostat_trade_export-country-1995-2026"",""1995-2025-years"",""AD32""],[""geostat_trade_domestic-export-country-2014-2026"",""2014-2025-years"",""K32""]]",derived
2022,goods,country,partner.1995-2025.706,reexports,39492.000000000023000,numeric,unspecified,"[[""geostat_trade_export-country-1995-2026"",""1995-2025-years"",""AD171""],[""geostat_trade_domestic-export-country-2014-2026"",""2014-2025-years"",""K171""]]",derived
2022,goods,country,partner.1995-2025.710,reexports,171432.56950326543000,numeric,unspecified,"[[""geostat_trade_export-country-1995-2026"",""1995-2025-years"",""AD172""],[""geostat_trade_domestic-export-country-2014-2026"",""2014-2025-years"",""K172""]]",derived
2022,goods,country,partner.1995-2025.716,reexports,22719.362149886458000,numeric,unspecified,"[[""geostat_trade_export-country-1995-2026"",""1995-2025-years"",""AD198""],[""geostat_trade_domestic-export-country-2014-2026"",""2014-2025-years"",""K197""]]",derived
2022,goods,country,partner.1995-2025.724,reexports,1186032.442674281000,numeric,unspecified,"[[""geostat_trade_export-country-1995-2026"",""1995-2025-years"",""AD33""],[""geostat_trade_domestic-export-country-2014-2026"",""2014-2025-years"",""K33""]]",derived
2022,goods,country,partner.1995-2025.729,reexports,43350.00000000002000,numeric,unspecified,"[[""geostat_trade_export-country-1995-2026"",""1995-2025-years"",""AD175""],[""geostat_trade_domestic-export-country-2014-2026"",""2014-2025-years"",""K174""]]",derived
2022,goods,country,partner.1995-2025.740,reexports,0,numeric,unspecified,"[[""geostat_trade_export-country-1995-2026"",""1995-2025-years"",""AD176""],[""geostat_trade_domestic-export-country-2014-2026"",""2014-2025-years"",""K175""]]",derived
2022,goods,country,partner.1995-2025.752,reexports,122961.3139638911000,numeric,unspecified,"[[""geostat_trade_export-country-1995-2026"",""1995-2025-years"",""AD34""],[""geostat_trade_domestic-export-country-2014-2026"",""2014-2025-years"",""K34""]]",derived
2022,goods,country,partner.1995-2025.756,reexports,7712170.035739982000,numeric,unspecified,"[[""geostat_trade_export-country-1995-2026"",""1995-2025-years"",""AD177""],[""geostat_trade_domestic-export-country-2014-2026"",""2014-2025-years"",""K176""]]",derived
2022,goods,country,partner.1995-2025.760,reexports,123880.0000000000105000,numeric,unspecified,"[[""geostat_trade_export-country-1995-2026"",""1995-2025-years"",""AD178""],[""geostat_trade_domestic-export-country-2014-2026"",""2014-2025-years"",""K177""]]",derived
2022,goods,country,partner.1995-2025.762,reexports,19218324.3326685108000,numeric,unspecified,"[[""geostat_trade_export-country-1995-2026"",""1995-2025-years"",""AD44""],[""geostat_trade_domestic-export-country-2014-2026"",""2014-2025-years"",""K44""]]",derived
2022,goods,country,partner.1995-2025.764,reexports,143301.98055742949000,numeric,unspecified,"[[""geostat_trade_export-country-1995-2026"",""1995-2025-years"",""AD181""],[""geostat_trade_domestic-export-country-2014-2026"",""2014-2025-years"",""K180""]]",derived
2022,goods,country,partner.1995-2025.768,reexports,0,numeric,unspecified,"[[""geostat_trade_export-country-1995-2026"",""1995-2025-years"",""AD182""],[""geostat_trade_domestic-export-country-2014-2026"",""2014-2025-years"",""K181""]]",derived
2022,goods,country,partner.1995-2025.780,reexports,0,numeric,unspecified,"[[""geostat_trade_export-country-1995-2026"",""1995-2025-years"",""AD183""],[""geostat_trade_domestic-export-country-2014-2026"",""2014-2025-years"",""K182""]]",derived
2022,goods,country,partner.1995-2025.784,reexports,20311952.930696831000,numeric,unspecified,"[[""geostat_trade_export-country-1995-2026"",""1995-2025-years"",""AD188""],[""geostat_trade_domestic-export-country-2014-2026"",""2014-2025-years"",""K187""]]",derived
2022,goods,country,partner.1995-2025.788,reexports,0E-12,numeric,unspecified,"[[""geostat_trade_export-country-1995-2026"",""1995-2025-years"",""AD184""],[""geostat_trade_domestic-export-country-2014-2026"",""2014-2025-years"",""K183""]]",derived
2022,goods,country,partner.1995-2025.792,reexports,41291369.69260452000,numeric,unspecified,"[[""geostat_trade_export-country-1995-2026"",""1995-2025-years"",""AD185""],[""geostat_trade_domestic-export-country-2014-2026"",""2014-2025-years"",""K184""]]",derived
2022,goods,country,partner.1995-2025.795,reexports,13494081.5758903738000,numeric,unspecified,"[[""geostat_trade_export-country-1995-2026"",""1995-2025-years"",""AD45""],[""geostat_trade_domestic-export-country-2014-2026"",""2014-2025-years"",""K45""]]",derived
2022,goods,country,partner.1995-2025.796,reexports,0,numeric,unspecified,"[[""geostat_trade_export-country-1995-2026"",""1995-2025-years"",""AD186""],[""geostat_trade_domestic-export-country-2014-2026"",""2014-2025-years"",""K185""]]",derived
2022,goods,country,partner.1995-2025.800,reexports,596500.00,numeric,unspecified,"[[""geostat_trade_export-country-1995-2026"",""1995-2025-years"",""AD187""],[""geostat_trade_domestic-export-country-2014-2026"",""2014-2025-years"",""K186""]]",derived
2022,goods,country,partner.1995-2025.804,reexports,143302422.252134815000,numeric,unspecified,"[[""geostat_trade_export-country-1995-2026"",""1995-2025-years"",""AD46""],[""geostat_trade_domestic-export-country-2014-2026"",""2014-2025-years"",""K46""]]",derived
2022,goods,country,partner.1995-2025.818,reexports,92510.6227133575000,numeric,unspecified,"[[""geostat_trade_export-country-1995-2026"",""1995-2025-years"",""AD90""],[""geostat_trade_domestic-export-country-2014-2026"",""2014-2025-years"",""K90""]]",derived
2022,goods,country,partner.1995-2025.826,reexports,2482982.549329156000,numeric,unspecified,"[[""geostat_trade_export-country-1995-2026"",""1995-2025-years"",""AD189""],[""geostat_trade_domestic-export-country-2014-2026"",""2014-2025-years"",""K188""]]",derived
2022,goods,country,partner.1995-2025.834,reexports,3000.00,numeric,unspecified,"[[""geostat_trade_export-country-1995-2026"",""1995-2025-years"",""AD180""],[""geostat_trade_domestic-export-country-2014-2026"",""2014-2025-years"",""K179""]]",derived
2022,goods,country,partner.1995-2025.840,reexports,3393901.56490027000,numeric,unspecified,"[[""geostat_trade_export-country-1995-2026"",""1995-2025-years"",""AD190""],[""geostat_trade_domestic-export-country-2014-2026"",""2014-2025-years"",""K189""]]",derived
2022,goods,country,partner.1995-2025.850,reexports,0,numeric,unspecified,"[[""geostat_trade_export-country-1995-2026"",""1995-2025-years"",""AD195""],[""geostat_trade_domestic-export-country-2014-2026"",""2014-2025-years"",""K194""]]",derived
2022,goods,country,partner.1995-2025.854,reexports,0E-13,numeric,unspecified,"[[""geostat_trade_export-country-1995-2026"",""1995-2025-years"",""AD70""],[""geostat_trade_domestic-export-country-2014-2026"",""2014-2025-years"",""K70""]]",derived
2022,goods,country,partner.1995-2025.858,reexports,0,numeric,unspecified,"[[""geostat_trade_export-country-1995-2026"",""1995-2025-years"",""AD191""],[""geostat_trade_domestic-export-country-2014-2026"",""2014-2025-years"",""K190""]]",derived
2022,goods,country,partner.1995-2025.860,reexports,89459642.289452328000,numeric,unspecified,"[[""geostat_trade_export-country-1995-2026"",""1995-2025-years"",""AD47""],[""geostat_trade_domestic-export-country-2014-2026"",""2014-2025-years"",""K47""]]",derived
2022,goods,country,partner.1995-2025.862,reexports,0E-14,numeric,unspecified,"[[""geostat_trade_export-country-1995-2026"",""1995-2025-years"",""AD192""],[""geostat_trade_domestic-export-country-2014-2026"",""2014-2025-years"",""K191""]]",derived
2022,goods,country,partner.1995-2025.887,reexports,0,numeric,unspecified,"[[""geostat_trade_export-country-1995-2026"",""1995-2025-years"",""AD196""],[""geostat_trade_domestic-export-country-2014-2026"",""2014-2025-years"",""K195""]]",derived
2022,goods,country,partner.1995-2025.891,reexports,0,numeric,unspecified,"[[""geostat_trade_export-country-1995-2026"",""1995-2025-years"",""AD166""],[""geostat_trade_domestic-export-country-2014-2026"",""2014-2025-years"",""K166""]]",derived
2022,goods,country,partner.1995-2025.894,reexports,0,numeric,unspecified,"[[""geostat_trade_export-country-1995-2026"",""1995-2025-years"",""AD197""],[""geostat_trade_domestic-export-country-2014-2026"",""2014-2025-years"",""K196""]]",derived
2022,goods,national,goods.total,reexports,1853934644.6053531000000,numeric,unspecified,"[[""geostat_trade_ftrade-1995-2026"",""1995-2026"",""AC5""],[""geostat_trade_domestic-export-country-2014-2026"",""2014-2025-years"",""K5""]]",derived
2022,goods,national,goods.total,trade_balance,-7957211656.1470673000000,numeric,unspecified,"[[""geostat_trade_ftrade-1995-2026"",""1995-2026"",""AC5""],[""geostat_trade_ftrade-1995-2026"",""1995-2026"",""AC20""]]",derived
2022,goods,national,goods.total,trade_turnover,19122216089.5411187000000,numeric,unspecified,"[[""geostat_trade_ftrade-1995-2026"",""1995-2026"",""AC5""],[""geostat_trade_ftrade-1995-2026"",""1995-2026"",""AC20""]]",derived
2022,goods,product,goods.hs4.2020-2025.0102,reexports,0E-12,numeric,unspecified,"[[""geostat_trade_export-product-by-4-digit-2015-2026"",""2020-2025-years"",""E8""],[""geostat_trade_domestic-exports-by-4-digit-2014-2026"",""2020-2025-years"",""E7""]]",derived
2022,goods,product,goods.hs4.2020-2025.0104,reexports,0E-12,numeric,unspecified,"[[""geostat_trade_export-product-by-4-digit-2015-2026"",""2020-2025-years"",""E10""],[""geostat_trade_domestic-exports-by-4-digit-2014-2026"",""2020-2025-years"",""E8""]]",derived
2022,goods,product,goods.hs4.2020-2025.0105,reexports,0E-13,numeric,unspecified,"[[""geostat_trade_export-product-by-4-digit-2015-2026"",""2020-2025-years"",""E11""],[""geostat_trade_domestic-exports-by-4-digit-2014-2026"",""2020-2025-years"",""E9""]]",derived
2022,goods,product,goods.hs4.2020-2025.0204,reexports,0E-13,numeric,unspecified,"[[""geostat_trade_export-product-by-4-digit-2015-2026"",""2020-2025-years"",""E16""],[""geostat_trade_domestic-exports-by-4-digit-2014-2026"",""2020-2025-years"",""E10""]]",derived
2022,goods,product,goods.hs4.2020-2025.0207,reexports,21122670.3783058132000,numeric,unspecified,"[[""geostat_trade_export-product-by-4-digit-2015-2026"",""2020-2025-years"",""E18""],[""geostat_trade_domestic-exports-by-4-digit-2014-2026"",""2020-2025-years"",""E11""]]",derived
2022,goods,product,goods.hs4.2020-2025.0302,reexports,86160.5800000000000,numeric,unspecified,"[[""geostat_trade_export-product-by-4-digit-2015-2026"",""2020-2025-years"",""E22""],[""geostat_trade_domestic-exports-by-4-digit-2014-2026"",""2020-2025-years"",""E12""]]",derived
2022,goods,product,goods.hs4.2020-2025.0303,reexports,1847939.1912980477000,numeric,unspecified,"[[""geostat_trade_export-product-by-4-digit-2015-2026"",""2020-2025-years"",""E23""],[""geostat_trade_domestic-exports-by-4-digit-2014-2026"",""2020-2025-years"",""E13""]]",derived
2022,goods,product,goods.hs4.2020-2025.0504,reexports,33404.99999999997000,numeric,unspecified,"[[""geostat_trade_export-product-by-4-digit-2015-2026"",""2020-2025-years"",""E37""],[""geostat_trade_domestic-exports-by-4-digit-2014-2026"",""2020-2025-years"",""E14""]]",derived
2022,goods,product,goods.hs4.2020-2025.0701,reexports,48287.4999999994000,numeric,unspecified,"[[""geostat_trade_export-product-by-4-digit-2015-2026"",""2020-2025-years"",""E45""],[""geostat_trade_domestic-exports-by-4-digit-2014-2026"",""2020-2025-years"",""E15""]]",derived
2022,goods,product,goods.hs4.2020-2025.0702,reexports,528133.4007631645000,numeric,unspecified,"[[""geostat_trade_export-product-by-4-digit-2015-2026"",""2020-2025-years"",""E46""],[""geostat_trade_domestic-exports-by-4-digit-2014-2026"",""2020-2025-years"",""E16""]]",derived
2022,goods,product,goods.hs4.2020-2025.0707,reexports,59059.18999999994000,numeric,unspecified,"[[""geostat_trade_export-product-by-4-digit-2015-2026"",""2020-2025-years"",""E51""],[""geostat_trade_domestic-exports-by-4-digit-2014-2026"",""2020-2025-years"",""E17""]]",derived
2022,goods,product,goods.hs4.2020-2025.0709,reexports,682969.3540830767000,numeric,unspecified,"[[""geostat_trade_export-product-by-4-digit-2015-2026"",""2020-2025-years"",""E53""],[""geostat_trade_domestic-exports-by-4-digit-2014-2026"",""2020-2025-years"",""E18""]]",derived
2022,goods,product,goods.hs4.2020-2025.0802,reexports,3573070.307237226000,numeric,unspecified,"[[""geostat_trade_export-product-by-4-digit-2015-2026"",""2020-2025-years"",""E60""],[""geostat_trade_domestic-exports-by-4-digit-2014-2026"",""2020-2025-years"",""E19""]]",derived
2022,goods,product,goods.hs4.2020-2025.0805,reexports,11614857.9979873978000,numeric,unspecified,"[[""geostat_trade_export-product-by-4-digit-2015-2026"",""2020-2025-years"",""E63""],[""geostat_trade_domestic-exports-by-4-digit-2014-2026"",""2020-2025-years"",""E20""]]",derived
2022,goods,product,goods.hs4.2020-2025.0808,reexports,1567011.9320319491000,numeric,unspecified,"[[""geostat_trade_export-product-by-4-digit-2015-2026"",""2020-2025-years"",""E66""],[""geostat_trade_domestic-exports-by-4-digit-2014-2026"",""2020-2025-years"",""E21""]]",derived
2022,goods,product,goods.hs4.2020-2025.0809,reexports,20534.889654569000,numeric,unspecified,"[[""geostat_trade_export-product-by-4-digit-2015-2026"",""2020-2025-years"",""E67""],[""geostat_trade_domestic-exports-by-4-digit-2014-2026"",""2020-2025-years"",""E22""]]",derived
2022,goods,product,goods.hs4.2020-2025.0810,reexports,2931088.895747401000,numeric,unspecified,"[[""geostat_trade_export-product-by-4-digit-2015-2026"",""2020-2025-years"",""E68""],[""geostat_trade_domestic-exports-by-4-digit-2014-2026"",""2020-2025-years"",""E23""]]",derived
2022,goods,product,goods.hs4.2020-2025.0813,reexports,2172.6795626110000,numeric,unspecified,"[[""geostat_trade_export-product-by-4-digit-2015-2026"",""2020-2025-years"",""E71""],[""geostat_trade_domestic-exports-by-4-digit-2014-2026"",""2020-2025-years"",""E24""]]",derived
2022,goods,product,goods.hs4.2020-2025.0902,reexports,2348191.0299999991000,numeric,unspecified,"[[""geostat_trade_export-product-by-4-digit-2015-2026"",""2020-2025-years"",""E74""],[""geostat_trade_domestic-exports-by-4-digit-2014-2026"",""2020-2025-years"",""E25""]]",derived
2022,goods,product,goods.hs4.2020-2025.0910,reexports,186736.305189686000,numeric,unspecified,"[[""geostat_trade_export-product-by-4-digit-2015-2026"",""2020-2025-years"",""E81""],[""geostat_trade_domestic-exports-by-4-digit-2014-2026"",""2020-2025-years"",""E26""]]",derived
2022,goods,product,goods.hs4.2020-2025.1003,reexports,0E-14,numeric,unspecified,"[[""geostat_trade_export-product-by-4-digit-2015-2026"",""2020-2025-years"",""E83""],[""geostat_trade_domestic-exports-by-4-digit-2014-2026"",""2020-2025-years"",""E27""]]",derived
2022,goods,product,goods.hs4.2020-2025.1005,reexports,88213.01632598126000,numeric,unspecified,"[[""geostat_trade_export-product-by-4-digit-2015-2026"",""2020-2025-years"",""E85""],[""geostat_trade_domestic-exports-by-4-digit-2014-2026"",""2020-2025-years"",""E28""]]",derived
2022,goods,product,goods.hs4.2020-2025.1106,reexports,11182.9999999991000,numeric,unspecified,"[[""geostat_trade_export-product-by-4-digit-2015-2026"",""2020-2025-years"",""E92""],[""geostat_trade_domestic-exports-by-4-digit-2014-2026"",""2020-2025-years"",""E29""]]",derived
2022,goods,product,goods.hs4.2020-2025.1206,reexports,382897.99999999996000,numeric,unspecified,"[[""geostat_trade_export-product-by-4-digit-2015-2026"",""2020-2025-years"",""E99""],[""geostat_trade_domestic-exports-by-4-digit-2014-2026"",""2020-2025-years"",""E30""]]",derived
2022,goods,product,goods.hs4.2020-2025.1211,reexports,172786.4000000000000,numeric,unspecified,"[[""geostat_trade_export-product-by-4-digit-2015-2026"",""2020-2025-years"",""E103""],[""geostat_trade_domestic-exports-by-4-digit-2014-2026"",""2020-2025-years"",""E31""]]",derived
2022,goods,product,goods.hs4.2020-2025.1504,reexports,0E-12,numeric,unspecified,"[[""geostat_trade_export-product-by-4-digit-2015-2026"",""2020-2025-years"",""E113""],[""geostat_trade_domestic-exports-by-4-digit-2014-2026"",""2020-2025-years"",""E32""]]",derived
2022,goods,product,goods.hs4.2020-2025.1515,reexports,374972.6500000002000,numeric,unspecified,"[[""geostat_trade_export-product-by-4-digit-2015-2026"",""2020-2025-years"",""E121""],[""geostat_trade_domestic-exports-by-4-digit-2014-2026"",""2020-2025-years"",""E33""]]",derived
2022,goods,product,goods.hs4.2020-2025.1516,reexports,1063665.759999999907000,numeric,unspecified,"[[""geostat_trade_export-product-by-4-digit-2015-2026"",""2020-2025-years"",""E122""],[""geostat_trade_domestic-exports-by-4-digit-2014-2026"",""2020-2025-years"",""E34""]]",derived
2022,goods,product,goods.hs4.2020-2025.1806,reexports,2916503.9173924174000,numeric,unspecified,"[[""geostat_trade_export-product-by-4-digit-2015-2026"",""2020-2025-years"",""E138""],[""geostat_trade_domestic-exports-by-4-digit-2014-2026"",""2020-2025-years"",""E35""]]",derived
2022,goods,product,goods.hs4.2020-2025.2007,reexports,45255.480000000000,numeric,unspecified,"[[""geostat_trade_export-product-by-4-digit-2015-2026"",""2020-2025-years"",""E150""],[""geostat_trade_domestic-exports-by-4-digit-2014-2026"",""2020-2025-years"",""E36""]]",derived
2022,goods,product,goods.hs4.2020-2025.2008,reexports,1896823.634197000000,numeric,unspecified,"[[""geostat_trade_export-product-by-4-digit-2015-2026"",""2020-2025-years"",""E151""],[""geostat_trade_domestic-exports-by-4-digit-2014-2026"",""2020-2025-years"",""E37""]]",derived
2022,goods,product,goods.hs4.2020-2025.2009,reexports,136618.120859657000,numeric,unspecified,"[[""geostat_trade_export-product-by-4-digit-2015-2026"",""2020-2025-years"",""E152""],[""geostat_trade_domestic-exports-by-4-digit-2014-2026"",""2020-2025-years"",""E38""]]",derived
2022,goods,product,goods.hs4.2020-2025.2101,reexports,3016833.9589208217000,numeric,unspecified,"[[""geostat_trade_export-product-by-4-digit-2015-2026"",""2020-2025-years"",""E153""],[""geostat_trade_domestic-exports-by-4-digit-2014-2026"",""2020-2025-years"",""E39""]]",derived
2022,goods,product,goods.hs4.2020-2025.2103,reexports,11582.5049399978000,numeric,unspecified,"[[""geostat_trade_export-product-by-4-digit-2015-2026"",""2020-2025-years"",""E155""],[""geostat_trade_domestic-exports-by-4-digit-2014-2026"",""2020-2025-years"",""E40""]]",derived
2022,goods,product,goods.hs4.2020-2025.2106,reexports,1760891.2582187322000,numeric,unspecified,"[[""geostat_trade_export-product-by-4-digit-2015-2026"",""2020-2025-years"",""E158""],[""geostat_trade_domestic-exports-by-4-digit-2014-2026"",""2020-2025-years"",""E41""]]",derived
2022,goods,product,goods.hs4.2020-2025.2201,reexports,1161175.11027419000,numeric,unspecified,"[[""geostat_trade_export-product-by-4-digit-2015-2026"",""2020-2025-years"",""E159""],[""geostat_trade_domestic-exports-by-4-digit-2014-2026"",""2020-2025-years"",""E42""]]",derived
2022,goods,product,goods.hs4.2020-2025.2202,reexports,424899.228561161000,numeric,unspecified,"[[""geostat_trade_export-product-by-4-digit-2015-2026"",""2020-2025-years"",""E160""],[""geostat_trade_domestic-exports-by-4-digit-2014-2026"",""2020-2025-years"",""E43""]]",derived
2022,goods,product,goods.hs4.2020-2025.2203,reexports,1364834.8089170877000,numeric,unspecified,"[[""geostat_trade_export-product-by-4-digit-2015-2026"",""2020-2025-years"",""E161""],[""geostat_trade_domestic-exports-by-4-digit-2014-2026"",""2020-2025-years"",""E44""]]",derived
2022,goods,product,goods.hs4.2020-2025.2204,reexports,938621.40538873000,numeric,unspecified,"[[""geostat_trade_export-product-by-4-digit-2015-2026"",""2020-2025-years"",""E162""],[""geostat_trade_domestic-exports-by-4-digit-2014-2026"",""2020-2025-years"",""E45""]]",derived
2022,goods,product,goods.hs4.2020-2025.2208,reexports,28486054.80939694000,numeric,unspecified,"[[""geostat_trade_export-product-by-4-digit-2015-2026"",""2020-2025-years"",""E166""],[""geostat_trade_domestic-exports-by-4-digit-2014-2026"",""2020-2025-years"",""E46""]]",derived
2022,goods,product,goods.hs4.2020-2025.2301,reexports,0E-12,numeric,unspecified,"[[""geostat_trade_export-product-by-4-digit-2015-2026"",""2020-2025-years"",""E168""],[""geostat_trade_domestic-exports-by-4-digit-2014-2026"",""2020-2025-years"",""E47""]]",derived
2022,goods,product,goods.hs4.2020-2025.2309,reexports,608778.817402295000,numeric,unspecified,"[[""geostat_trade_export-product-by-4-digit-2015-2026"",""2020-2025-years"",""E174""],[""geostat_trade_domestic-exports-by-4-digit-2014-2026"",""2020-2025-years"",""E48""]]",derived
2022,goods,product,goods.hs4.2020-2025.2508,reexports,52215.6160227182000,numeric,unspecified,"[[""geostat_trade_export-product-by-4-digit-2015-2026"",""2020-2025-years"",""E185""],[""geostat_trade_domestic-exports-by-4-digit-2014-2026"",""2020-2025-years"",""E49""]]",derived
2022,goods,product,goods.hs4.2020-2025.2522,reexports,0.000,numeric,unspecified,"[[""geostat_trade_export-product-by-4-digit-2015-2026"",""2020-2025-years"",""E198""],[""geostat_trade_domestic-exports-by-4-digit-2014-2026"",""2020-2025-years"",""E50""]]",derived
2022,goods,product,goods.hs4.2020-2025.2602,reexports,0E-13,numeric,unspecified,"[[""geostat_trade_export-product-by-4-digit-2015-2026"",""2020-2025-years"",""E205""],[""geostat_trade_domestic-exports-by-4-digit-2014-2026"",""2020-2025-years"",""E51""]]",derived
2022,goods,product,goods.hs4.2020-2025.2603,reexports,35937.270000000,numeric,unspecified,"[[""geostat_trade_export-product-by-4-digit-2015-2026"",""2020-2025-years"",""E206""],[""geostat_trade_domestic-exports-by-4-digit-2014-2026"",""2020-2025-years"",""E52""]]",derived
2022,goods,product,goods.hs4.2020-2025.2616,reexports,0E-12,numeric,unspecified,"[[""geostat_trade_export-product-by-4-digit-2015-2026"",""2020-2025-years"",""E211""],[""geostat_trade_domestic-exports-by-4-digit-2014-2026"",""2020-2025-years"",""E53""]]",derived
2022,goods,product,goods.hs4.2020-2025.2710,reexports,51449094.397329064000,numeric,unspecified,"[[""geostat_trade_export-product-by-4-digit-2015-2026"",""2020-2025-years"",""E222""],[""geostat_trade_domestic-exports-by-4-digit-2014-2026"",""2020-2025-years"",""E54""]]",derived
2022,goods,product,goods.hs4.2020-2025.2716,reexports,0.0,numeric,unspecified,"[[""geostat_trade_export-product-by-4-digit-2015-2026"",""2020-2025-years"",""E227""],[""geostat_trade_domestic-exports-by-4-digit-2014-2026"",""2020-2025-years"",""E55""]]",derived
2022,goods,product,goods.hs4.2020-2025.2820,reexports,0E-12,numeric,unspecified,"[[""geostat_trade_export-product-by-4-digit-2015-2026"",""2020-2025-years"",""E241""],[""geostat_trade_domestic-exports-by-4-digit-2014-2026"",""2020-2025-years"",""E56""]]",derived
2022,goods,product,goods.hs4.2020-2025.2837,reexports,0E-12,numeric,unspecified,"[[""geostat_trade_export-product-by-4-digit-2015-2026"",""2020-2025-years"",""E257""],[""geostat_trade_domestic-exports-by-4-digit-2014-2026"",""2020-2025-years"",""E57""]]",derived
2022,goods,product,goods.hs4.2020-2025.3004,reexports,87938122.388484964000,numeric,unspecified,"[[""geostat_trade_export-product-by-4-digit-2015-2026"",""2020-2025-years"",""E307""],[""geostat_trade_domestic-exports-by-4-digit-2014-2026"",""2020-2025-years"",""E58""]]",derived
2022,goods,product,goods.hs4.2020-2025.3006,reexports,2014392.03912090393000,numeric,unspecified,"[[""geostat_trade_export-product-by-4-digit-2015-2026"",""2020-2025-years"",""E309""],[""geostat_trade_domestic-exports-by-4-digit-2014-2026"",""2020-2025-years"",""E59""]]",derived
2022,goods,product,goods.hs4.2020-2025.3102,reexports,292.7735651000,numeric,unspecified,"[[""geostat_trade_export-product-by-4-digit-2015-2026"",""2020-2025-years"",""E311""],[""geostat_trade_domestic-exports-by-4-digit-2014-2026"",""2020-2025-years"",""E60""]]",derived
2022,goods,product,goods.hs4.2020-2025.3923,reexports,2599352.581552328000,numeric,unspecified,"[[""geostat_trade_export-product-by-4-digit-2015-2026"",""2020-2025-years"",""E406""],[""geostat_trade_domestic-exports-by-4-digit-2014-2026"",""2020-2025-years"",""E61""]]",derived
2022,goods,product,goods.hs4.2020-2025.3926,reexports,3990401.0233434560000,numeric,unspecified,"[[""geostat_trade_export-product-by-4-digit-2015-2026"",""2020-2025-years"",""E409""],[""geostat_trade_domestic-exports-by-4-digit-2014-2026"",""2020-2025-years"",""E62""]]",derived
2022,goods,product,goods.hs4.2020-2025.4407,reexports,550656.893809532000,numeric,unspecified,"[[""geostat_trade_export-product-by-4-digit-2015-2026"",""2020-2025-years"",""E448""],[""geostat_trade_domestic-exports-by-4-digit-2014-2026"",""2020-2025-years"",""E63""]]",derived
2022,goods,product,goods.hs4.2020-2025.4410,reexports,26544.6263825988000,numeric,unspecified,"[[""geostat_trade_export-product-by-4-digit-2015-2026"",""2020-2025-years"",""E451""],[""geostat_trade_domestic-exports-by-4-digit-2014-2026"",""2020-2025-years"",""E64""]]",derived
2022,goods,product,goods.hs4.2020-2025.4418,reexports,855408.4616080047000,numeric,unspecified,"[[""geostat_trade_export-product-by-4-digit-2015-2026"",""2020-2025-years"",""E459""],[""geostat_trade_domestic-exports-by-4-digit-2014-2026"",""2020-2025-years"",""E65""]]",derived
2022,goods,product,goods.hs4.2020-2025.4421,reexports,126946.1712654030000,numeric,unspecified,"[[""geostat_trade_export-product-by-4-digit-2015-2026"",""2020-2025-years"",""E462""],[""geostat_trade_domestic-exports-by-4-digit-2014-2026"",""2020-2025-years"",""E66""]]",derived
2022,goods,product,goods.hs4.2020-2025.4707,reexports,0E-13,numeric,unspecified,"[[""geostat_trade_export-product-by-4-digit-2015-2026"",""2020-2025-years"",""E472""],[""geostat_trade_domestic-exports-by-4-digit-2014-2026"",""2020-2025-years"",""E67""]]",derived
2022,goods,product,goods.hs4.2020-2025.4805,reexports,23577.5017155001000,numeric,unspecified,"[[""geostat_trade_export-product-by-4-digit-2015-2026"",""2020-2025-years"",""E477""],[""geostat_trade_domestic-exports-by-4-digit-2014-2026"",""2020-2025-years"",""E68""]]",derived
2022,goods,product,goods.hs4.2020-2025.5605,reexports,0.00000,numeric,unspecified,"[[""geostat_trade_export-product-by-4-digit-2015-2026"",""2020-2025-years"",""E553""],[""geostat_trade_domestic-exports-by-4-digit-2014-2026"",""2020-2025-years"",""E69""]]",derived
2022,goods,product,goods.hs4.2020-2025.6102,reexports,62503.0458549354000,numeric,unspecified,"[[""geostat_trade_export-product-by-4-digit-2015-2026"",""2020-2025-years"",""E590""],[""geostat_trade_domestic-exports-by-4-digit-2014-2026"",""2020-2025-years"",""E70""]]",derived
2022,goods,product,goods.hs4.2020-2025.6103,reexports,507603.148347946000,numeric,unspecified,"[[""geostat_trade_export-product-by-4-digit-2015-2026"",""2020-2025-years"",""E591""],[""geostat_trade_domestic-exports-by-4-digit-2014-2026"",""2020-2025-years"",""E71""]]",derived
2022,goods,product,goods.hs4.2020-2025.6104,reexports,1037798.6417232969000,numeric,unspecified,"[[""geostat_trade_export-product-by-4-digit-2015-2026"",""2020-2025-years"",""E592""],[""geostat_trade_domestic-exports-by-4-digit-2014-2026"",""2020-2025-years"",""E72""]]",derived
2022,goods,product,goods.hs4.2020-2025.6109,reexports,1111621.869758048000,numeric,unspecified,"[[""geostat_trade_export-product-by-4-digit-2015-2026"",""2020-2025-years"",""E597""],[""geostat_trade_domestic-exports-by-4-digit-2014-2026"",""2020-2025-years"",""E73""]]",derived
2022,goods,product,goods.hs4.2020-2025.6110,reexports,2159211.8271176955000,numeric,unspecified,"[[""geostat_trade_export-product-by-4-digit-2015-2026"",""2020-2025-years"",""E598""],[""geostat_trade_domestic-exports-by-4-digit-2014-2026"",""2020-2025-years"",""E74""]]",derived
2022,goods,product,goods.hs4.2020-2025.6201,reexports,522902.13517747856000,numeric,unspecified,"[[""geostat_trade_export-product-by-4-digit-2015-2026"",""2020-2025-years"",""E606""],[""geostat_trade_domestic-exports-by-4-digit-2014-2026"",""2020-2025-years"",""E75""]]",derived
2022,goods,product,goods.hs4.2020-2025.6202,reexports,388965.56030674225000,numeric,unspecified,"[[""geostat_trade_export-product-by-4-digit-2015-2026"",""2020-2025-years"",""E607""],[""geostat_trade_domestic-exports-by-4-digit-2014-2026"",""2020-2025-years"",""E76""]]",derived
2022,goods,product,goods.hs4.2020-2025.6203,reexports,1219883.64876484891000,numeric,unspecified,"[[""geostat_trade_export-product-by-4-digit-2015-2026"",""2020-2025-years"",""E608""],[""geostat_trade_domestic-exports-by-4-digit-2014-2026"",""2020-2025-years"",""E77""]]",derived
2022,goods,product,goods.hs4.2020-2025.6204,reexports,2105987.9773520428000,numeric,unspecified,"[[""geostat_trade_export-product-by-4-digit-2015-2026"",""2020-2025-years"",""E609""],[""geostat_trade_domestic-exports-by-4-digit-2014-2026"",""2020-2025-years"",""E78""]]",derived
2022,goods,product,goods.hs4.2020-2025.6206,reexports,496539.6966706094000,numeric,unspecified,"[[""geostat_trade_export-product-by-4-digit-2015-2026"",""2020-2025-years"",""E611""],[""geostat_trade_domestic-exports-by-4-digit-2014-2026"",""2020-2025-years"",""E79""]]",derived
2022,goods,product,goods.hs4.2020-2025.6212,reexports,269541.3419379974000,numeric,unspecified,"[[""geostat_trade_export-product-by-4-digit-2015-2026"",""2020-2025-years"",""E617""],[""geostat_trade_domestic-exports-by-4-digit-2014-2026"",""2020-2025-years"",""E80""]]",derived
2022,goods,product,goods.hs4.2020-2025.6305,reexports,2669332.2026662918000,numeric,unspecified,"[[""geostat_trade_export-product-by-4-digit-2015-2026"",""2020-2025-years"",""E627""],[""geostat_trade_domestic-exports-by-4-digit-2014-2026"",""2020-2025-years"",""E81""]]",derived
2022,goods,product,goods.hs4.2020-2025.6403,reexports,459508.4875494803000,numeric,unspecified,"[[""geostat_trade_export-product-by-4-digit-2015-2026"",""2020-2025-years"",""E635""],[""geostat_trade_domestic-exports-by-4-digit-2014-2026"",""2020-2025-years"",""E82""]]",derived
2022,goods,product,goods.hs4.2020-2025.6809,reexports,0E-13,numeric,unspecified,"[[""geostat_trade_export-product-by-4-digit-2015-2026"",""2020-2025-years"",""E658""],[""geostat_trade_domestic-exports-by-4-digit-2014-2026"",""2020-2025-years"",""E83""]]",derived
2022,goods,product,goods.hs4.2020-2025.7010,reexports,18575.3191795729000,numeric,unspecified,"[[""geostat_trade_export-product-by-4-digit-2015-2026"",""2020-2025-years"",""E687""],[""geostat_trade_domestic-exports-by-4-digit-2014-2026"",""2020-2025-years"",""E84""]]",derived
2022,goods,product,goods.hs4.2020-2025.7108,reexports,0E-11,numeric,unspecified,"[[""geostat_trade_export-product-by-4-digit-2015-2026"",""2020-2025-years"",""E699""],[""geostat_trade_domestic-exports-by-4-digit-2014-2026"",""2020-2025-years"",""E85""]]",derived
2022,goods,product,goods.hs4.2020-2025.7112,reexports,0E-12,numeric,unspecified,"[[""geostat_trade_export-product-by-4-digit-2015-2026"",""2020-2025-years"",""E702""],[""geostat_trade_domestic-exports-by-4-digit-2014-2026"",""2020-2025-years"",""E86""]]",derived
2022,goods,product,goods.hs4.2020-2025.7115,reexports,138124.3907925318000,numeric,unspecified,"[[""geostat_trade_export-product-by-4-digit-2015-2026"",""2020-2025-years"",""E705""],[""geostat_trade_domestic-exports-by-4-digit-2014-2026"",""2020-2025-years"",""E87""]]",derived
2022,goods,product,goods.hs4.2020-2025.7202,reexports,6543398.85000006000,numeric,unspecified,"[[""geostat_trade_export-product-by-4-digit-2015-2026"",""2020-2025-years"",""E709""],[""geostat_trade_domestic-exports-by-4-digit-2014-2026"",""2020-2025-years"",""E88""]]",derived
2022,goods,product,goods.hs4.2020-2025.7204,reexports,25300.299999999000,numeric,unspecified,"[[""geostat_trade_export-product-by-4-digit-2015-2026"",""2020-2025-years"",""E711""],[""geostat_trade_domestic-exports-by-4-digit-2014-2026"",""2020-2025-years"",""E89""]]",derived
2022,goods,product,goods.hs4.2020-2025.7207,reexports,0E-12,numeric,unspecified,"[[""geostat_trade_export-product-by-4-digit-2015-2026"",""2020-2025-years"",""E714""],[""geostat_trade_domestic-exports-by-4-digit-2014-2026"",""2020-2025-years"",""E90""]]",derived
2022,goods,product,goods.hs4.2020-2025.7214,reexports,584870.401359454000,numeric,unspecified,"[[""geostat_trade_export-product-by-4-digit-2015-2026"",""2020-2025-years"",""E721""],[""geostat_trade_domestic-exports-by-4-digit-2014-2026"",""2020-2025-years"",""E91""]]",derived
2022,goods,product,goods.hs4.2020-2025.7304,reexports,15526.468903792000,numeric,unspecified,"[[""geostat_trade_export-product-by-4-digit-2015-2026"",""2020-2025-years"",""E737""],[""geostat_trade_domestic-exports-by-4-digit-2014-2026"",""2020-2025-years"",""E92""]]",derived
2022,goods,product,goods.hs4.2020-2025.7307,reexports,93352.58841363316000,numeric,unspecified,"[[""geostat_trade_export-product-by-4-digit-2015-2026"",""2020-2025-years"",""E740""],[""geostat_trade_domestic-exports-by-4-digit-2014-2026"",""2020-2025-years"",""E93""]]",derived
2022,goods,product,goods.hs4.2020-2025.7326,reexports,878534.00418783044000,numeric,unspecified,"[[""geostat_trade_export-product-by-4-digit-2015-2026"",""2020-2025-years"",""E759""],[""geostat_trade_domestic-exports-by-4-digit-2014-2026"",""2020-2025-years"",""E94""]]",derived
2022,goods,product,goods.hs4.2020-2025.7404,reexports,0E-12,numeric,unspecified,"[[""geostat_trade_export-product-by-4-digit-2015-2026"",""2020-2025-years"",""E761""],[""geostat_trade_domestic-exports-by-4-digit-2014-2026"",""2020-2025-years"",""E95""]]",derived
2022,goods,product,goods.hs4.2020-2025.7601,reexports,0E-12,numeric,unspecified,"[[""geostat_trade_export-product-by-4-digit-2015-2026"",""2020-2025-years"",""E777""],[""geostat_trade_domestic-exports-by-4-digit-2014-2026"",""2020-2025-years"",""E96""]]",derived
2022,goods,product,goods.hs4.2020-2025.7602,reexports,0E-12,numeric,unspecified,"[[""geostat_trade_export-product-by-4-digit-2015-2026"",""2020-2025-years"",""E778""],[""geostat_trade_domestic-exports-by-4-digit-2014-2026"",""2020-2025-years"",""E97""]]",derived
2022,goods,product,goods.hs4.2020-2025.7801,reexports,756719.9899999996000,numeric,unspecified,"[[""geostat_trade_export-product-by-4-digit-2015-2026"",""2020-2025-years"",""E794""],[""geostat_trade_domestic-exports-by-4-digit-2014-2026"",""2020-2025-years"",""E98""]]",derived
2022,goods,product,goods.hs4.2020-2025.8516,reexports,12265146.130017889000,numeric,unspecified,"[[""geostat_trade_export-product-by-4-digit-2015-2026"",""2020-2025-years"",""E931""],[""geostat_trade_domestic-exports-by-4-digit-2014-2026"",""2020-2025-years"",""E99""]]",derived
2022,goods,product,goods.hs4.2020-2025.8544,reexports,1589862.5537978028000,numeric,unspecified,"[[""geostat_trade_export-product-by-4-digit-2015-2026"",""2020-2025-years"",""E957""],[""geostat_trade_domestic-exports-by-4-digit-2014-2026"",""2020-2025-years"",""E100""]]",derived
2022,goods,product,goods.hs4.2020-2025.8606,reexports,0,numeric,unspecified,"[[""geostat_trade_export-product-by-4-digit-2015-2026"",""2020-2025-years"",""E966""],[""geostat_trade_domestic-exports-by-4-digit-2014-2026"",""2020-2025-years"",""E101""]]",derived
2022,goods,product,goods.hs4.2020-2025.8607,reexports,74177.74081379514000,numeric,unspecified,"[[""geostat_trade_export-product-by-4-digit-2015-2026"",""2020-2025-years"",""E967""],[""geostat_trade_domestic-exports-by-4-digit-2014-2026"",""2020-2025-years"",""E102""]]",derived
2022,goods,product,goods.hs4.2020-2025.9403,reexports,2679112.9961291581000,numeric,unspecified,"[[""geostat_trade_export-product-by-4-digit-2015-2026"",""2020-2025-years"",""E1048""],[""geostat_trade_domestic-exports-by-4-digit-2014-2026"",""2020-2025-years"",""E104""]]",derived
2022,goods,product,goods.hs4.2020-2025.9404,reexports,61632.211187867048000,numeric,unspecified,"[[""geostat_trade_export-product-by-4-digit-2015-2026"",""2020-2025-years"",""E1049""],[""geostat_trade_domestic-exports-by-4-digit-2014-2026"",""2020-2025-years"",""E105""]]",derived
2023,goods,country,partner.1995-2025.004,reexports,51003.207089072383000,numeric,unspecified,"[[""geostat_trade_export-country-1995-2026"",""1995-2025-years"",""AE50""],[""geostat_trade_domestic-export-country-2014-2026"",""2014-2025-years"",""L50""]]",derived
2023,goods,country,partner.1995-2025.008,reexports,23099.675522181628000,numeric,unspecified,"[[""geostat_trade_export-country-1995-2026"",""1995-2025-years"",""AE51""],[""geostat_trade_domestic-export-country-2014-2026"",""2014-2025-years"",""L51""]]",derived
2023,goods,country,partner.1995-2025.012,reexports,0E-13,numeric,unspecified,"[[""geostat_trade_export-country-1995-2026"",""1995-2025-years"",""AE52""],[""geostat_trade_domestic-export-country-2014-2026"",""2014-2025-years"",""L52""]]",derived
2023,goods,country,partner.1995-2025.020,reexports,0,numeric,unspecified,"[[""geostat_trade_export-country-1995-2026"",""1995-2025-years"",""AE53""],[""geostat_trade_domestic-export-country-2014-2026"",""2014-2025-years"",""L53""]]",derived
2023,goods,country,partner.1995-2025.024,reexports,0,numeric,unspecified,"[[""geostat_trade_export-country-1995-2026"",""1995-2025-years"",""AE54""],[""geostat_trade_domestic-export-country-2014-2026"",""2014-2025-years"",""L54""]]",derived
2023,goods,country,partner.1995-2025.028,reexports,0,numeric,unspecified,"[[""geostat_trade_export-country-1995-2026"",""1995-2025-years"",""AE56""],[""geostat_trade_domestic-export-country-2014-2026"",""2014-2025-years"",""L56""]]",derived
2023,goods,country,partner.1995-2025.031,reexports,716624461.07280749000,numeric,unspecified,"[[""geostat_trade_export-country-1995-2026"",""1995-2025-years"",""AE38""],[""geostat_trade_domestic-export-country-2014-2026"",""2014-2025-years"",""L38""]]",derived
2023,goods,country,partner.1995-2025.032,reexports,0E-14,numeric,unspecified,"[[""geostat_trade_export-country-1995-2026"",""1995-2025-years"",""AE57""],[""geostat_trade_domestic-export-country-2014-2026"",""2014-2025-years"",""L57""]]",derived
2023,goods,country,partner.1995-2025.036,reexports,16900.1038089914000,numeric,unspecified,"[[""geostat_trade_export-country-1995-2026"",""1995-2025-years"",""AE58""],[""geostat_trade_domestic-export-country-2014-2026"",""2014-2025-years"",""L58""]]",derived
2023,goods,country,partner.1995-2025.040,reexports,277117.6874671879000,numeric,unspecified,"[[""geostat_trade_export-country-1995-2026"",""1995-2025-years"",""AE8""],[""geostat_trade_domestic-export-country-2014-2026"",""2014-2025-years"",""L8""]]",derived
2023,goods,country,partner.1995-2025.044,reexports,0,numeric,unspecified,"[[""geostat_trade_export-country-1995-2026"",""1995-2025-years"",""AE59""],[""geostat_trade_domestic-export-country-2014-2026"",""2014-2025-years"",""L59""]]",derived
2023,goods,country,partner.1995-2025.048,reexports,34733.43999999998000,numeric,unspecified,"[[""geostat_trade_export-country-1995-2026"",""1995-2025-years"",""AE60""],[""geostat_trade_domestic-export-country-2014-2026"",""2014-2025-years"",""L60""]]",derived
2023,goods,country,partner.1995-2025.050,reexports,0,numeric,unspecified,"[[""geostat_trade_export-country-1995-2026"",""1995-2025-years"",""AE61""],[""geostat_trade_domestic-export-country-2014-2026"",""2014-2025-years"",""L61""]]",derived
2023,goods,country,partner.1995-2025.051,reexports,620978021.11212251000,numeric,unspecified,"[[""geostat_trade_export-country-1995-2026"",""1995-2025-years"",""AE37""],[""geostat_trade_domestic-export-country-2014-2026"",""2014-2025-years"",""L37""]]",derived
2023,goods,country,partner.1995-2025.052,reexports,0,numeric,unspecified,"[[""geostat_trade_export-country-1995-2026"",""1995-2025-years"",""AE62""],[""geostat_trade_domestic-export-country-2014-2026"",""2014-2025-years"",""L62""]]",derived
2023,goods,country,partner.1995-2025.056,reexports,20872263.1329032158000,numeric,unspecified,"[[""geostat_trade_export-country-1995-2026"",""1995-2025-years"",""AE9""],[""geostat_trade_domestic-export-country-2014-2026"",""2014-2025-years"",""L9""]]",derived
2023,goods,country,partner.1995-2025.064,reexports,0.0,numeric,unspecified,"[[""geostat_trade_export-country-1995-2026"",""1995-2025-years"",""AE65""],[""geostat_trade_domestic-export-country-2014-2026"",""2014-2025-years"",""L65""]]",derived
2023,goods,country,partner.1995-2025.068,reexports,0,numeric,unspecified,"[[""geostat_trade_export-country-1995-2026"",""1995-2025-years"",""AE66""],[""geostat_trade_domestic-export-country-2014-2026"",""2014-2025-years"",""L66""]]",derived
2023,goods,country,partner.1995-2025.070,reexports,6353.50441029840000,numeric,unspecified,"[[""geostat_trade_export-country-1995-2026"",""1995-2025-years"",""AE67""],[""geostat_trade_domestic-export-country-2014-2026"",""2014-2025-years"",""L67""]]",derived
2023,goods,country,partner.1995-2025.072,reexports,0,numeric,unspecified,"[[""geostat_trade_export-country-1995-2026"",""1995-2025-years"",""AE68""],[""geostat_trade_domestic-export-country-2014-2026"",""2014-2025-years"",""L68""]]",derived
2023,goods,country,partner.1995-2025.076,reexports,289178.01592107084000,numeric,unspecified,"[[""geostat_trade_export-country-1995-2026"",""1995-2025-years"",""AE69""],[""geostat_trade_domestic-export-country-2014-2026"",""2014-2025-years"",""L69""]]",derived
2023,goods,country,partner.1995-2025.084,reexports,0E-17,numeric,unspecified,"[[""geostat_trade_export-country-1995-2026"",""1995-2025-years"",""AE63""],[""geostat_trade_domestic-export-country-2014-2026"",""2014-2025-years"",""L63""]]",derived
2023,goods,country,partner.1995-2025.092,reexports,0,numeric,unspecified,"[[""geostat_trade_export-country-1995-2026"",""1995-2025-years"",""AE194""],[""geostat_trade_domestic-export-country-2014-2026"",""2014-2025-years"",""L193""]]",derived
2023,goods,country,partner.1995-2025.100,reexports,1377843.03333109000,numeric,unspecified,"[[""geostat_trade_export-country-1995-2026"",""1995-2025-years"",""AE10""],[""geostat_trade_domestic-export-country-2014-2026"",""2014-2025-years"",""L10""]]",derived
2023,goods,country,partner.1995-2025.104,reexports,0,numeric,unspecified,"[[""geostat_trade_export-country-1995-2026"",""1995-2025-years"",""AE143""],[""geostat_trade_domestic-export-country-2014-2026"",""2014-2025-years"",""L143""]]",derived
2023,goods,country,partner.1995-2025.108,reexports,0,numeric,unspecified,"[[""geostat_trade_export-country-1995-2026"",""1995-2025-years"",""AE71""],[""geostat_trade_domestic-export-country-2014-2026"",""2014-2025-years"",""L71""]]",derived
2023,goods,country,partner.1995-2025.112,reexports,7598549.166147233000,numeric,unspecified,"[[""geostat_trade_export-country-1995-2026"",""1995-2025-years"",""AE39""],[""geostat_trade_domestic-export-country-2014-2026"",""2014-2025-years"",""L39""]]",derived
2023,goods,country,partner.1995-2025.116,reexports,142045.99999999999000,numeric,unspecified,"[[""geostat_trade_export-country-1995-2026"",""1995-2025-years"",""AE72""],[""geostat_trade_domestic-export-country-2014-2026"",""2014-2025-years"",""L72""]]",derived
2023,goods,country,partner.1995-2025.120,reexports,0.0,numeric,unspecified,"[[""geostat_trade_export-country-1995-2026"",""1995-2025-years"",""AE73""],[""geostat_trade_domestic-export-country-2014-2026"",""2014-2025-years"",""L73""]]",derived
2023,goods,country,partner.1995-2025.124,reexports,510868.7712415740000,numeric,unspecified,"[[""geostat_trade_export-country-1995-2026"",""1995-2025-years"",""AE74""],[""geostat_trade_domestic-export-country-2014-2026"",""2014-2025-years"",""L74""]]",derived
2023,goods,country,partner.1995-2025.136,reexports,0,numeric,unspecified,"[[""geostat_trade_export-country-1995-2026"",""1995-2025-years"",""AE75""],[""geostat_trade_domestic-export-country-2014-2026"",""2014-2025-years"",""L75""]]",derived
2023,goods,country,partner.1995-2025.140,reexports,0,numeric,unspecified,"[[""geostat_trade_export-country-1995-2026"",""1995-2025-years"",""AE76""],[""geostat_trade_domestic-export-country-2014-2026"",""2014-2025-years"",""L76""]]",derived
2023,goods,country,partner.1995-2025.144,reexports,100538.14265049483004000,numeric,unspecified,"[[""geostat_trade_export-country-1995-2026"",""1995-2025-years"",""AE173""],[""geostat_trade_domestic-export-country-2014-2026"",""2014-2025-years"",""L173""]]",derived
2023,goods,country,partner.1995-2025.148,reexports,0E-16,numeric,unspecified,"[[""geostat_trade_export-country-1995-2026"",""1995-2025-years"",""AE77""],[""geostat_trade_domestic-export-country-2014-2026"",""2014-2025-years"",""L77""]]",derived
2023,goods,country,partner.1995-2025.152,reexports,0E-19,numeric,unspecified,"[[""geostat_trade_export-country-1995-2026"",""1995-2025-years"",""AE78""],[""geostat_trade_domestic-export-country-2014-2026"",""2014-2025-years"",""L78""]]",derived
2023,goods,country,partner.1995-2025.156,reexports,40874683.31620429000,numeric,unspecified,"[[""geostat_trade_export-country-1995-2026"",""1995-2025-years"",""AE79""],[""geostat_trade_domestic-export-country-2014-2026"",""2014-2025-years"",""L79""]]",derived
2023,goods,country,partner.1995-2025.158,reexports,2030143.5161490111000,numeric,unspecified,"[[""geostat_trade_export-country-1995-2026"",""1995-2025-years"",""AE179""],[""geostat_trade_domestic-export-country-2014-2026"",""2014-2025-years"",""L178""]]",derived
2023,goods,country,partner.1995-2025.170,reexports,0.000,numeric,unspecified,"[[""geostat_trade_export-country-1995-2026"",""1995-2025-years"",""AE80""],[""geostat_trade_domestic-export-country-2014-2026"",""2014-2025-years"",""L80""]]",derived
2023,goods,country,partner.1995-2025.178,reexports,66158.08974886789000,numeric,unspecified,"[[""geostat_trade_export-country-1995-2026"",""1995-2025-years"",""AE81""],[""geostat_trade_domestic-export-country-2014-2026"",""2014-2025-years"",""L81""]]",derived
2023,goods,country,partner.1995-2025.180,reexports,0,numeric,unspecified,"[[""geostat_trade_export-country-1995-2026"",""1995-2025-years"",""AE82""],[""geostat_trade_domestic-export-country-2014-2026"",""2014-2025-years"",""L82""]]",derived
2023,goods,country,partner.1995-2025.188,reexports,0E-14,numeric,unspecified,"[[""geostat_trade_export-country-1995-2026"",""1995-2025-years"",""AE83""],[""geostat_trade_domestic-export-country-2014-2026"",""2014-2025-years"",""L83""]]",derived
2023,goods,country,partner.1995-2025.191,reexports,33943.43570598028000,numeric,unspecified,"[[""geostat_trade_export-country-1995-2026"",""1995-2025-years"",""AE11""],[""geostat_trade_domestic-export-country-2014-2026"",""2014-2025-years"",""L11""]]",derived
2023,goods,country,partner.1995-2025.192,reexports,0.0000,numeric,unspecified,"[[""geostat_trade_export-country-1995-2026"",""1995-2025-years"",""AE85""],[""geostat_trade_domestic-export-country-2014-2026"",""2014-2025-years"",""L85""]]",derived
2023,goods,country,partner.1995-2025.196,reexports,37762.89184833513000,numeric,unspecified,"[[""geostat_trade_export-country-1995-2026"",""1995-2025-years"",""AE12""],[""geostat_trade_domestic-export-country-2014-2026"",""2014-2025-years"",""L12""]]",derived
2023,goods,country,partner.1995-2025.203,reexports,8363522.211863634000,numeric,unspecified,"[[""geostat_trade_export-country-1995-2026"",""1995-2025-years"",""AE13""],[""geostat_trade_domestic-export-country-2014-2026"",""2014-2025-years"",""L13""]]",derived
2023,goods,country,partner.1995-2025.204,reexports,99373.210831050201000,numeric,unspecified,"[[""geostat_trade_export-country-1995-2026"",""1995-2025-years"",""AE64""],[""geostat_trade_domestic-export-country-2014-2026"",""2014-2025-years"",""L64""]]",derived
2023,goods,country,partner.1995-2025.208,reexports,1269195.79407795321000,numeric,unspecified,"[[""geostat_trade_export-country-1995-2026"",""1995-2025-years"",""AE14""],[""geostat_trade_domestic-export-country-2014-2026"",""2014-2025-years"",""L14""]]",derived
2023,goods,country,partner.1995-2025.212,reexports,0,numeric,unspecified,"[[""geostat_trade_export-country-1995-2026"",""1995-2025-years"",""AE87""],[""geostat_trade_domestic-export-country-2014-2026"",""2014-2025-years"",""L87""]]",derived
2023,goods,country,partner.1995-2025.214,reexports,0,numeric,unspecified,"[[""geostat_trade_export-country-1995-2026"",""1995-2025-years"",""AE88""],[""geostat_trade_domestic-export-country-2014-2026"",""2014-2025-years"",""L88""]]",derived
2023,goods,country,partner.1995-2025.218,reexports,0,numeric,unspecified,"[[""geostat_trade_export-country-1995-2026"",""1995-2025-years"",""AE89""],[""geostat_trade_domestic-export-country-2014-2026"",""2014-2025-years"",""L89""]]",derived
2023,goods,country,partner.1995-2025.222,reexports,0,numeric,unspecified,"[[""geostat_trade_export-country-1995-2026"",""1995-2025-years"",""AE91""],[""geostat_trade_domestic-export-country-2014-2026"",""2014-2025-years"",""L91""]]",derived
2023,goods,country,partner.1995-2025.226,reexports,0E-16,numeric,unspecified,"[[""geostat_trade_export-country-1995-2026"",""1995-2025-years"",""AE92""],[""geostat_trade_domestic-export-country-2014-2026"",""2014-2025-years"",""L92""]]",derived
2023,goods,country,partner.1995-2025.231,reexports,0.000,numeric,unspecified,"[[""geostat_trade_export-country-1995-2026"",""1995-2025-years"",""AE93""],[""geostat_trade_domestic-export-country-2014-2026"",""2014-2025-years"",""L93""]]",derived
2023,goods,country,partner.1995-2025.233,reexports,3180193.5878057048000,numeric,unspecified,"[[""geostat_trade_export-country-1995-2026"",""1995-2025-years"",""AE15""],[""geostat_trade_domestic-export-country-2014-2026"",""2014-2025-years"",""L15""]]",derived
2023,goods,country,partner.1995-2025.242,reexports,0,numeric,unspecified,"[[""geostat_trade_export-country-1995-2026"",""1995-2025-years"",""AE94""],[""geostat_trade_domestic-export-country-2014-2026"",""2014-2025-years"",""L94""]]",derived
2023,goods,country,partner.1995-2025.246,reexports,62551.21113866107000,numeric,unspecified,"[[""geostat_trade_export-country-1995-2026"",""1995-2025-years"",""AE16""],[""geostat_trade_domestic-export-country-2014-2026"",""2014-2025-years"",""L16""]]",derived
2023,goods,country,partner.1995-2025.250,reexports,689749.421897868000,numeric,unspecified,"[[""geostat_trade_export-country-1995-2026"",""1995-2025-years"",""AE17""],[""geostat_trade_domestic-export-country-2014-2026"",""2014-2025-years"",""L17""]]",derived
2023,goods,country,partner.1995-2025.258,reexports,0,numeric,unspecified,"[[""geostat_trade_export-country-1995-2026"",""1995-2025-years"",""AE95""],[""geostat_trade_domestic-export-country-2014-2026"",""2014-2025-years"",""L95""]]",derived
2023,goods,country,partner.1995-2025.262,reexports,300849.39651384559000,numeric,unspecified,"[[""geostat_trade_export-country-1995-2026"",""1995-2025-years"",""AE86""],[""geostat_trade_domestic-export-country-2014-2026"",""2014-2025-years"",""L86""]]",derived
2023,goods,country,partner.1995-2025.266,reexports,0,numeric,unspecified,"[[""geostat_trade_export-country-1995-2026"",""1995-2025-years"",""AE96""],[""geostat_trade_domestic-export-country-2014-2026"",""2014-2025-years"",""L96""]]",derived
2023,goods,country,partner.1995-2025.270,reexports,0,numeric,unspecified,"[[""geostat_trade_export-country-1995-2026"",""1995-2025-years"",""AE97""],[""geostat_trade_domestic-export-country-2014-2026"",""2014-2025-years"",""L97""]]",derived
2023,goods,country,partner.1995-2025.275,reexports,16240.0000000000001000,numeric,unspecified,"[[""geostat_trade_export-country-1995-2026"",""1995-2025-years"",""AE174""],[""geostat_trade_domestic-export-country-2014-2026"",""2014-2025-years"",""L153""]]",derived
2023,goods,country,partner.1995-2025.276,reexports,8181199.913526711000,numeric,unspecified,"[[""geostat_trade_export-country-1995-2026"",""1995-2025-years"",""AE18""],[""geostat_trade_domestic-export-country-2014-2026"",""2014-2025-years"",""L18""]]",derived
2023,goods,country,partner.1995-2025.288,reexports,170208.8500000018000,numeric,unspecified,"[[""geostat_trade_export-country-1995-2026"",""1995-2025-years"",""AE98""],[""geostat_trade_domestic-export-country-2014-2026"",""2014-2025-years"",""L98""]]",derived
2023,goods,country,partner.1995-2025.292,reexports,0,numeric,unspecified,"[[""geostat_trade_export-country-1995-2026"",""1995-2025-years"",""AE99""],[""geostat_trade_domestic-export-country-2014-2026"",""2014-2025-years"",""L99""]]",derived
2023,goods,country,partner.1995-2025.300,reexports,458744.455337134000,numeric,unspecified,"[[""geostat_trade_export-country-1995-2026"",""1995-2025-years"",""AE19""],[""geostat_trade_domestic-export-country-2014-2026"",""2014-2025-years"",""L19""]]",derived
2023,goods,country,partner.1995-2025.312,reexports,0,numeric,unspecified,"[[""geostat_trade_export-country-1995-2026"",""1995-2025-years"",""AE100""],[""geostat_trade_domestic-export-country-2014-2026"",""2014-2025-years"",""L100""]]",derived
2023,goods,country,partner.1995-2025.320,reexports,0E-14,numeric,unspecified,"[[""geostat_trade_export-country-1995-2026"",""1995-2025-years"",""AE101""],[""geostat_trade_domestic-export-country-2014-2026"",""2014-2025-years"",""L101""]]",derived
2023,goods,country,partner.1995-2025.324,reexports,0E-15,numeric,unspecified,"[[""geostat_trade_export-country-1995-2026"",""1995-2025-years"",""AE103""],[""geostat_trade_domestic-export-country-2014-2026"",""2014-2025-years"",""L102""]]",derived
2023,goods,country,partner.1995-2025.332,reexports,0,numeric,unspecified,"[[""geostat_trade_export-country-1995-2026"",""1995-2025-years"",""AE105""],[""geostat_trade_domestic-export-country-2014-2026"",""2014-2025-years"",""L104""]]",derived
2023,goods,country,partner.1995-2025.336,reexports,0,numeric,unspecified,"[[""geostat_trade_export-country-1995-2026"",""1995-2025-years"",""AE106""],[""geostat_trade_domestic-export-country-2014-2026"",""2014-2025-years"",""L105""]]",derived
2023,goods,country,partner.1995-2025.340,reexports,0.0,numeric,unspecified,"[[""geostat_trade_export-country-1995-2026"",""1995-2025-years"",""AE107""],[""geostat_trade_domestic-export-country-2014-2026"",""2014-2025-years"",""L106""]]",derived
2023,goods,country,partner.1995-2025.344,reexports,5247865.5086220016000,numeric,unspecified,"[[""geostat_trade_export-country-1995-2026"",""1995-2025-years"",""AE108""],[""geostat_trade_domestic-export-country-2014-2026"",""2014-2025-years"",""L107""]]",derived
2023,goods,country,partner.1995-2025.348,reexports,60657.7582259434000,numeric,unspecified,"[[""geostat_trade_export-country-1995-2026"",""1995-2025-years"",""AE20""],[""geostat_trade_domestic-export-country-2014-2026"",""2014-2025-years"",""L20""]]",derived
2023,goods,country,partner.1995-2025.352,reexports,0E-16,numeric,unspecified,"[[""geostat_trade_export-country-1995-2026"",""1995-2025-years"",""AE109""],[""geostat_trade_domestic-export-country-2014-2026"",""2014-2025-years"",""L108""]]",derived
2023,goods,country,partner.1995-2025.356,reexports,4087689.8622198331000,numeric,unspecified,"[[""geostat_trade_export-country-1995-2026"",""1995-2025-years"",""AE110""],[""geostat_trade_domestic-export-country-2014-2026"",""2014-2025-years"",""L109""]]",derived
2023,goods,country,partner.1995-2025.360,reexports,0E-14,numeric,unspecified,"[[""geostat_trade_export-country-1995-2026"",""1995-2025-years"",""AE111""],[""geostat_trade_domestic-export-country-2014-2026"",""2014-2025-years"",""L110""]]",derived
2023,goods,country,partner.1995-2025.364,reexports,12634790.937562902000,numeric,unspecified,"[[""geostat_trade_export-country-1995-2026"",""1995-2025-years"",""AE112""],[""geostat_trade_domestic-export-country-2014-2026"",""2014-2025-years"",""L111""]]",derived
2023,goods,country,partner.1995-2025.368,reexports,692004.810233207000,numeric,unspecified,"[[""geostat_trade_export-country-1995-2026"",""1995-2025-years"",""AE113""],[""geostat_trade_domestic-export-country-2014-2026"",""2014-2025-years"",""L112""]]",derived
2023,goods,country,partner.1995-2025.372,reexports,912080.3166276255000,numeric,unspecified,"[[""geostat_trade_export-country-1995-2026"",""1995-2025-years"",""AE21""],[""geostat_trade_domestic-export-country-2014-2026"",""2014-2025-years"",""L21""]]",derived
2023,goods,country,partner.1995-2025.376,reexports,6945537.142968102000,numeric,unspecified,"[[""geostat_trade_export-country-1995-2026"",""1995-2025-years"",""AE114""],[""geostat_trade_domestic-export-country-2014-2026"",""2014-2025-years"",""L113""]]",derived
2023,goods,country,partner.1995-2025.380,reexports,1022701.983319362000,numeric,unspecified,"[[""geostat_trade_export-country-1995-2026"",""1995-2025-years"",""AE22""],[""geostat_trade_domestic-export-country-2014-2026"",""2014-2025-years"",""L22""]]",derived
2023,goods,country,partner.1995-2025.384,reexports,0E-15,numeric,unspecified,"[[""geostat_trade_export-country-1995-2026"",""1995-2025-years"",""AE84""],[""geostat_trade_domestic-export-country-2014-2026"",""2014-2025-years"",""L84""]]",derived
2023,goods,country,partner.1995-2025.388,reexports,0,numeric,unspecified,"[[""geostat_trade_export-country-1995-2026"",""1995-2025-years"",""AE115""],[""geostat_trade_domestic-export-country-2014-2026"",""2014-2025-years"",""L114""]]",derived
2023,goods,country,partner.1995-2025.392,reexports,856971.2797455386000,numeric,unspecified,"[[""geostat_trade_export-country-1995-2026"",""1995-2025-years"",""AE116""],[""geostat_trade_domestic-export-country-2014-2026"",""2014-2025-years"",""L115""]]",derived
2023,goods,country,partner.1995-2025.398,reexports,634562460.512290489000,numeric,unspecified,"[[""geostat_trade_export-country-1995-2026"",""1995-2025-years"",""AE40""],[""geostat_trade_domestic-export-country-2014-2026"",""2014-2025-years"",""L40""]]",derived
2023,goods,country,partner.1995-2025.400,reexports,139313.1058365361000,numeric,unspecified,"[[""geostat_trade_export-country-1995-2026"",""1995-2025-years"",""AE117""],[""geostat_trade_domestic-export-country-2014-2026"",""2014-2025-years"",""L116""]]",derived
2023,goods,country,partner.1995-2025.404,reexports,60387.54154042931000,numeric,unspecified,"[[""geostat_trade_export-country-1995-2026"",""1995-2025-years"",""AE118""],[""geostat_trade_domestic-export-country-2014-2026"",""2014-2025-years"",""L117""]]",derived
2023,goods,country,partner.1995-2025.408,reexports,0,numeric,unspecified,"[[""geostat_trade_export-country-1995-2026"",""1995-2025-years"",""AE119""],[""geostat_trade_domestic-export-country-2014-2026"",""2014-2025-years"",""L119""]]",derived
2023,goods,country,partner.1995-2025.410,reexports,2740046.4233051066000,numeric,unspecified,"[[""geostat_trade_export-country-1995-2026"",""1995-2025-years"",""AE120""],[""geostat_trade_domestic-export-country-2014-2026"",""2014-2025-years"",""L118""]]",derived
2023,goods,country,partner.1995-2025.414,reexports,0E-13,numeric,unspecified,"[[""geostat_trade_export-country-1995-2026"",""1995-2025-years"",""AE121""],[""geostat_trade_domestic-export-country-2014-2026"",""2014-2025-years"",""L120""]]",derived
2023,goods,country,partner.1995-2025.417,reexports,687051575.4201771373000,numeric,unspecified,"[[""geostat_trade_export-country-1995-2026"",""1995-2025-years"",""AE41""],[""geostat_trade_domestic-export-country-2014-2026"",""2014-2025-years"",""L41""]]",derived
2023,goods,country,partner.1995-2025.418,reexports,0.00000,numeric,unspecified,"[[""geostat_trade_export-country-1995-2026"",""1995-2025-years"",""AE122""],[""geostat_trade_domestic-export-country-2014-2026"",""2014-2025-years"",""L125""]]",derived
2023,goods,country,partner.1995-2025.422,reexports,40297.9810629313000,numeric,unspecified,"[[""geostat_trade_export-country-1995-2026"",""1995-2025-years"",""AE123""],[""geostat_trade_domestic-export-country-2014-2026"",""2014-2025-years"",""L121""]]",derived
2023,goods,country,partner.1995-2025.428,reexports,1488240.6329445117000,numeric,unspecified,"[[""geostat_trade_export-country-1995-2026"",""1995-2025-years"",""AE23""],[""geostat_trade_domestic-export-country-2014-2026"",""2014-2025-years"",""L23""]]",derived
2023,goods,country,partner.1995-2025.430,reexports,0.00000,numeric,unspecified,"[[""geostat_trade_export-country-1995-2026"",""1995-2025-years"",""AE124""],[""geostat_trade_domestic-export-country-2014-2026"",""2014-2025-years"",""L122""]]",derived
2023,goods,country,partner.1995-2025.434,reexports,390153.7499999995000,numeric,unspecified,"[[""geostat_trade_export-country-1995-2026"",""1995-2025-years"",""AE125""],[""geostat_trade_domestic-export-country-2014-2026"",""2014-2025-years"",""L123""]]",derived
2023,goods,country,partner.1995-2025.438,reexports,0,numeric,unspecified,"[[""geostat_trade_export-country-1995-2026"",""1995-2025-years"",""AE126""],[""geostat_trade_domestic-export-country-2014-2026"",""2014-2025-years"",""L124""]]",derived
2023,goods,country,partner.1995-2025.440,reexports,14125798.980381639000,numeric,unspecified,"[[""geostat_trade_export-country-1995-2026"",""1995-2025-years"",""AE24""],[""geostat_trade_domestic-export-country-2014-2026"",""2014-2025-years"",""L24""]]",derived
2023,goods,country,partner.1995-2025.442,reexports,9824.168364543994000,numeric,unspecified,"[[""geostat_trade_export-country-1995-2026"",""1995-2025-years"",""AE25""],[""geostat_trade_domestic-export-country-2014-2026"",""2014-2025-years"",""L25""]]",derived
2023,goods,country,partner.1995-2025.446,reexports,0,numeric,unspecified,"[[""geostat_trade_export-country-1995-2026"",""1995-2025-years"",""AE127""],[""geostat_trade_domestic-export-country-2014-2026"",""2014-2025-years"",""L128""]]",derived
2023,goods,country,partner.1995-2025.450,reexports,0,numeric,unspecified,"[[""geostat_trade_export-country-1995-2026"",""1995-2025-years"",""AE128""],[""geostat_trade_domestic-export-country-2014-2026"",""2014-2025-years"",""L127""]]",derived
2023,goods,country,partner.1995-2025.454,reexports,0,numeric,unspecified,"[[""geostat_trade_export-country-1995-2026"",""1995-2025-years"",""AE129""],[""geostat_trade_domestic-export-country-2014-2026"",""2014-2025-years"",""L129""]]",derived
2023,goods,country,partner.1995-2025.458,reexports,240462.9999999998000,numeric,unspecified,"[[""geostat_trade_export-country-1995-2026"",""1995-2025-years"",""AE130""],[""geostat_trade_domestic-export-country-2014-2026"",""2014-2025-years"",""L130""]]",derived
2023,goods,country,partner.1995-2025.462,reexports,0,numeric,unspecified,"[[""geostat_trade_export-country-1995-2026"",""1995-2025-years"",""AE131""],[""geostat_trade_domestic-export-country-2014-2026"",""2014-2025-years"",""L131""]]",derived
2023,goods,country,partner.1995-2025.466,reexports,0.0,numeric,unspecified,"[[""geostat_trade_export-country-1995-2026"",""1995-2025-years"",""AE132""],[""geostat_trade_domestic-export-country-2014-2026"",""2014-2025-years"",""L132""]]",derived
2023,goods,country,partner.1995-2025.470,reexports,303.544755261200000,numeric,unspecified,"[[""geostat_trade_export-country-1995-2026"",""1995-2025-years"",""AE26""],[""geostat_trade_domestic-export-country-2014-2026"",""2014-2025-years"",""L26""]]",derived
2023,goods,country,partner.1995-2025.474,reexports,0,numeric,unspecified,"[[""geostat_trade_export-country-1995-2026"",""1995-2025-years"",""AE134""],[""geostat_trade_domestic-export-country-2014-2026"",""2014-2025-years"",""L134""]]",derived
2023,goods,country,partner.1995-2025.478,reexports,0E-13,numeric,unspecified,"[[""geostat_trade_export-country-1995-2026"",""1995-2025-years"",""AE135""],[""geostat_trade_domestic-export-country-2014-2026"",""2014-2025-years"",""L135""]]",derived
2023,goods,country,partner.1995-2025.480,reexports,0,numeric,unspecified,"[[""geostat_trade_export-country-1995-2026"",""1995-2025-years"",""AE136""],[""geostat_trade_domestic-export-country-2014-2026"",""2014-2025-years"",""L136""]]",derived
2023,goods,country,partner.1995-2025.484,reexports,118090.07999999994000,numeric,unspecified,"[[""geostat_trade_export-country-1995-2026"",""1995-2025-years"",""AE137""],[""geostat_trade_domestic-export-country-2014-2026"",""2014-2025-years"",""L137""]]",derived
2023,goods,country,partner.1995-2025.492,reexports,0E-16,numeric,unspecified,"[[""geostat_trade_export-country-1995-2026"",""1995-2025-years"",""AE138""],[""geostat_trade_domestic-export-country-2014-2026"",""2014-2025-years"",""L138""]]",derived
2023,goods,country,partner.1995-2025.496,reexports,140706.1008510473000,numeric,unspecified,"[[""geostat_trade_export-country-1995-2026"",""1995-2025-years"",""AE139""],[""geostat_trade_domestic-export-country-2014-2026"",""2014-2025-years"",""L139""]]",derived
2023,goods,country,partner.1995-2025.498,reexports,6070003.5723617441000,numeric,unspecified,"[[""geostat_trade_export-country-1995-2026"",""1995-2025-years"",""AE42""],[""geostat_trade_domestic-export-country-2014-2026"",""2014-2025-years"",""L42""]]",derived
2023,goods,country,partner.1995-2025.499,reexports,0E-14,numeric,unspecified,"[[""geostat_trade_export-country-1995-2026"",""1995-2025-years"",""AE140""],[""geostat_trade_domestic-export-country-2014-2026"",""2014-2025-years"",""L140""]]",derived
2023,goods,country,partner.1995-2025.504,reexports,1464975.097405731000,numeric,unspecified,"[[""geostat_trade_export-country-1995-2026"",""1995-2025-years"",""AE141""],[""geostat_trade_domestic-export-country-2014-2026"",""2014-2025-years"",""L141""]]",derived
2023,goods,country,partner.1995-2025.508,reexports,0.00,numeric,unspecified,"[[""geostat_trade_export-country-1995-2026"",""1995-2025-years"",""AE142""],[""geostat_trade_domestic-export-country-2014-2026"",""2014-2025-years"",""L142""]]",derived
2023,goods,country,partner.1995-2025.512,reexports,49803.28076750118000,numeric,unspecified,"[[""geostat_trade_export-country-1995-2026"",""1995-2025-years"",""AE152""],[""geostat_trade_domestic-export-country-2014-2026"",""2014-2025-years"",""L151""]]",derived
2023,goods,country,partner.1995-2025.516,reexports,0E-13,numeric,unspecified,"[[""geostat_trade_export-country-1995-2026"",""1995-2025-years"",""AE144""],[""geostat_trade_domestic-export-country-2014-2026"",""2014-2025-years"",""L144""]]",derived
2023,goods,country,partner.1995-2025.524,reexports,0,numeric,unspecified,"[[""geostat_trade_export-country-1995-2026"",""1995-2025-years"",""AE145""],[""geostat_trade_domestic-export-country-2014-2026"",""2014-2025-years"",""L145""]]",derived
2023,goods,country,partner.1995-2025.528,reexports,12494818.8865206104000,numeric,unspecified,"[[""geostat_trade_export-country-1995-2026"",""1995-2025-years"",""AE27""],[""geostat_trade_domestic-export-country-2014-2026"",""2014-2025-years"",""L27""]]",derived
2023,goods,country,partner.1995-2025.534,reexports,0,numeric,unspecified,"[[""geostat_trade_export-country-1995-2026"",""1995-2025-years"",""AE170""],[""geostat_trade_domestic-export-country-2014-2026"",""2014-2025-years"",""L170""]]",derived
2023,goods,country,partner.1995-2025.554,reexports,0,numeric,unspecified,"[[""geostat_trade_export-country-1995-2026"",""1995-2025-years"",""AE146""],[""geostat_trade_domestic-export-country-2014-2026"",""2014-2025-years"",""L146""]]",derived
2023,goods,country,partner.1995-2025.558,reexports,0,numeric,unspecified,"[[""geostat_trade_export-country-1995-2026"",""1995-2025-years"",""AE147""],[""geostat_trade_domestic-export-country-2014-2026"",""2014-2025-years"",""L147""]]",derived
2023,goods,country,partner.1995-2025.562,reexports,0E-14,numeric,unspecified,"[[""geostat_trade_export-country-1995-2026"",""1995-2025-years"",""AE148""],[""geostat_trade_domestic-export-country-2014-2026"",""2014-2025-years"",""L148""]]",derived
2023,goods,country,partner.1995-2025.566,reexports,38377.11682783857000,numeric,unspecified,"[[""geostat_trade_export-country-1995-2026"",""1995-2025-years"",""AE149""],[""geostat_trade_domestic-export-country-2014-2026"",""2014-2025-years"",""L149""]]",derived
2023,goods,country,partner.1995-2025.578,reexports,6616.2000000000000,numeric,unspecified,"[[""geostat_trade_export-country-1995-2026"",""1995-2025-years"",""AE151""],[""geostat_trade_domestic-export-country-2014-2026"",""2014-2025-years"",""L150""]]",derived
2023,goods,country,partner.1995-2025.584,reexports,0,numeric,unspecified,"[[""geostat_trade_export-country-1995-2026"",""1995-2025-years"",""AE133""],[""geostat_trade_domestic-export-country-2014-2026"",""2014-2025-years"",""L133""]]",derived
2023,goods,country,partner.1995-2025.586,reexports,0E-14,numeric,unspecified,"[[""geostat_trade_export-country-1995-2026"",""1995-2025-years"",""AE153""],[""geostat_trade_domestic-export-country-2014-2026"",""2014-2025-years"",""L152""]]",derived
2023,goods,country,partner.1995-2025.591,reexports,0E-13,numeric,unspecified,"[[""geostat_trade_export-country-1995-2026"",""1995-2025-years"",""AE154""],[""geostat_trade_domestic-export-country-2014-2026"",""2014-2025-years"",""L154""]]",derived
2023,goods,country,partner.1995-2025.600,reexports,42405.380000000001000,numeric,unspecified,"[[""geostat_trade_export-country-1995-2026"",""1995-2025-years"",""AE155""],[""geostat_trade_domestic-export-country-2014-2026"",""2014-2025-years"",""L155""]]",derived
2023,goods,country,partner.1995-2025.604,reexports,0E-12,numeric,unspecified,"[[""geostat_trade_export-country-1995-2026"",""1995-2025-years"",""AE156""],[""geostat_trade_domestic-export-country-2014-2026"",""2014-2025-years"",""L156""]]",derived
2023,goods,country,partner.1995-2025.608,reexports,826.2812636249000,numeric,unspecified,"[[""geostat_trade_export-country-1995-2026"",""1995-2025-years"",""AE157""],[""geostat_trade_domestic-export-country-2014-2026"",""2014-2025-years"",""L157""]]",derived
2023,goods,country,partner.1995-2025.616,reexports,15283610.188127903000,numeric,unspecified,"[[""geostat_trade_export-country-1995-2026"",""1995-2025-years"",""AE28""],[""geostat_trade_domestic-export-country-2014-2026"",""2014-2025-years"",""L28""]]",derived
2023,goods,country,partner.1995-2025.620,reexports,230192.1473373954000,numeric,unspecified,"[[""geostat_trade_export-country-1995-2026"",""1995-2025-years"",""AE29""],[""geostat_trade_domestic-export-country-2014-2026"",""2014-2025-years"",""L29""]]",derived
2023,goods,country,partner.1995-2025.624,reexports,0,numeric,unspecified,"[[""geostat_trade_export-country-1995-2026"",""1995-2025-years"",""AE104""],[""geostat_trade_domestic-export-country-2014-2026"",""2014-2025-years"",""L103""]]",derived
2023,goods,country,partner.1995-2025.630,reexports,0,numeric,unspecified,"[[""geostat_trade_export-country-1995-2026"",""1995-2025-years"",""AE158""],[""geostat_trade_domestic-export-country-2014-2026"",""2014-2025-years"",""L158""]]",derived
2023,goods,country,partner.1995-2025.634,reexports,150462.0619495636000,numeric,unspecified,"[[""geostat_trade_export-country-1995-2026"",""1995-2025-years"",""AE159""],[""geostat_trade_domestic-export-country-2014-2026"",""2014-2025-years"",""L159""]]",derived
2023,goods,country,partner.1995-2025.642,reexports,2468003.405330717000,numeric,unspecified,"[[""geostat_trade_export-country-1995-2026"",""1995-2025-years"",""AE30""],[""geostat_trade_domestic-export-country-2014-2026"",""2014-2025-years"",""L30""]]",derived
2023,goods,country,partner.1995-2025.643,reexports,97657250.63458749000,numeric,unspecified,"[[""geostat_trade_export-country-1995-2026"",""1995-2025-years"",""AE43""],[""geostat_trade_domestic-export-country-2014-2026"",""2014-2025-years"",""L43""]]",derived
2023,goods,country,partner.1995-2025.646,reexports,0,numeric,unspecified,"[[""geostat_trade_export-country-1995-2026"",""1995-2025-years"",""AE160""],[""geostat_trade_domestic-export-country-2014-2026"",""2014-2025-years"",""L160""]]",derived
2023,goods,country,partner.1995-2025.660,reexports,0,numeric,unspecified,"[[""geostat_trade_export-country-1995-2026"",""1995-2025-years"",""AE55""],[""geostat_trade_domestic-export-country-2014-2026"",""2014-2025-years"",""L55""]]",derived
2023,goods,country,partner.1995-2025.670,reexports,0,numeric,unspecified,"[[""geostat_trade_export-country-1995-2026"",""1995-2025-years"",""AE161""],[""geostat_trade_domestic-export-country-2014-2026"",""2014-2025-years"",""L161""]]",derived
2023,goods,country,partner.1995-2025.674,reexports,0,numeric,unspecified,"[[""geostat_trade_export-country-1995-2026"",""1995-2025-years"",""AE162""],[""geostat_trade_domestic-export-country-2014-2026"",""2014-2025-years"",""L162""]]",derived
2023,goods,country,partner.1995-2025.682,reexports,37144.638875241000,numeric,unspecified,"[[""geostat_trade_export-country-1995-2026"",""1995-2025-years"",""AE163""],[""geostat_trade_domestic-export-country-2014-2026"",""2014-2025-years"",""L163""]]",derived
2023,goods,country,partner.1995-2025.686,reexports,51678.48000,numeric,unspecified,"[[""geostat_trade_export-country-1995-2026"",""1995-2025-years"",""AE164""],[""geostat_trade_domestic-export-country-2014-2026"",""2014-2025-years"",""L164""]]",derived
2023,goods,country,partner.1995-2025.688,reexports,1914003.95811533254000,numeric,unspecified,"[[""geostat_trade_export-country-1995-2026"",""1995-2025-years"",""AE165""],[""geostat_trade_domestic-export-country-2014-2026"",""2014-2025-years"",""L165""]]",derived
2023,goods,country,partner.1995-2025.690,reexports,60960.04531236543000,numeric,unspecified,"[[""geostat_trade_export-country-1995-2026"",""1995-2025-years"",""AE167""],[""geostat_trade_domestic-export-country-2014-2026"",""2014-2025-years"",""L167""]]",derived
2023,goods,country,partner.1995-2025.694,reexports,0,numeric,unspecified,"[[""geostat_trade_export-country-1995-2026"",""1995-2025-years"",""AE168""],[""geostat_trade_domestic-export-country-2014-2026"",""2014-2025-years"",""L168""]]",derived
2023,goods,country,partner.1995-2025.702,reexports,11131114.2028655305000,numeric,unspecified,"[[""geostat_trade_export-country-1995-2026"",""1995-2025-years"",""AE169""],[""geostat_trade_domestic-export-country-2014-2026"",""2014-2025-years"",""L169""]]",derived
2023,goods,country,partner.1995-2025.703,reexports,390926.3211656044000,numeric,unspecified,"[[""geostat_trade_export-country-1995-2026"",""1995-2025-years"",""AE31""],[""geostat_trade_domestic-export-country-2014-2026"",""2014-2025-years"",""L31""]]",derived
2023,goods,country,partner.1995-2025.704,reexports,0E-13,numeric,unspecified,"[[""geostat_trade_export-country-1995-2026"",""1995-2025-years"",""AE193""],[""geostat_trade_domestic-export-country-2014-2026"",""2014-2025-years"",""L192""]]",derived
2023,goods,country,partner.1995-2025.705,reexports,32930.08616461907000,numeric,unspecified,"[[""geostat_trade_export-country-1995-2026"",""1995-2025-years"",""AE32""],[""geostat_trade_domestic-export-country-2014-2026"",""2014-2025-years"",""L32""]]",derived
2023,goods,country,partner.1995-2025.706,reexports,0E-15,numeric,unspecified,"[[""geostat_trade_export-country-1995-2026"",""1995-2025-years"",""AE171""],[""geostat_trade_domestic-export-country-2014-2026"",""2014-2025-years"",""L171""]]",derived
2023,goods,country,partner.1995-2025.710,reexports,82567.00999999998000,numeric,unspecified,"[[""geostat_trade_export-country-1995-2026"",""1995-2025-years"",""AE172""],[""geostat_trade_domestic-export-country-2014-2026"",""2014-2025-years"",""L172""]]",derived
2023,goods,country,partner.1995-2025.716,reexports,0,numeric,unspecified,"[[""geostat_trade_export-country-1995-2026"",""1995-2025-years"",""AE198""],[""geostat_trade_domestic-export-country-2014-2026"",""2014-2025-years"",""L197""]]",derived
2023,goods,country,partner.1995-2025.724,reexports,1429627.566138922000,numeric,unspecified,"[[""geostat_trade_export-country-1995-2026"",""1995-2025-years"",""AE33""],[""geostat_trade_domestic-export-country-2014-2026"",""2014-2025-years"",""L33""]]",derived
2023,goods,country,partner.1995-2025.729,reexports,58097.2500000001000,numeric,unspecified,"[[""geostat_trade_export-country-1995-2026"",""1995-2025-years"",""AE175""],[""geostat_trade_domestic-export-country-2014-2026"",""2014-2025-years"",""L174""]]",derived
2023,goods,country,partner.1995-2025.740,reexports,370808.94867087602000,numeric,unspecified,"[[""geostat_trade_export-country-1995-2026"",""1995-2025-years"",""AE176""],[""geostat_trade_domestic-export-country-2014-2026"",""2014-2025-years"",""L175""]]",derived
2023,goods,country,partner.1995-2025.752,reexports,443517.6260656233000,numeric,unspecified,"[[""geostat_trade_export-country-1995-2026"",""1995-2025-years"",""AE34""],[""geostat_trade_domestic-export-country-2014-2026"",""2014-2025-years"",""L34""]]",derived
2023,goods,country,partner.1995-2025.756,reexports,5040953.756081916000,numeric,unspecified,"[[""geostat_trade_export-country-1995-2026"",""1995-2025-years"",""AE177""],[""geostat_trade_domestic-export-country-2014-2026"",""2014-2025-years"",""L176""]]",derived
2023,goods,country,partner.1995-2025.760,reexports,209459.5999999999000,numeric,unspecified,"[[""geostat_trade_export-country-1995-2026"",""1995-2025-years"",""AE178""],[""geostat_trade_domestic-export-country-2014-2026"",""2014-2025-years"",""L177""]]",derived
2023,goods,country,partner.1995-2025.762,reexports,31899372.9737113608000,numeric,unspecified,"[[""geostat_trade_export-country-1995-2026"",""1995-2025-years"",""AE44""],[""geostat_trade_domestic-export-country-2014-2026"",""2014-2025-years"",""L44""]]",derived
2023,goods,country,partner.1995-2025.764,reexports,17493.18880965643000,numeric,unspecified,"[[""geostat_trade_export-country-1995-2026"",""1995-2025-years"",""AE181""],[""geostat_trade_domestic-export-country-2014-2026"",""2014-2025-years"",""L180""]]",derived
2023,goods,country,partner.1995-2025.768,reexports,47299.999999999997000,numeric,unspecified,"[[""geostat_trade_export-country-1995-2026"",""1995-2025-years"",""AE182""],[""geostat_trade_domestic-export-country-2014-2026"",""2014-2025-years"",""L181""]]",derived
2023,goods,country,partner.1995-2025.780,reexports,0,numeric,unspecified,"[[""geostat_trade_export-country-1995-2026"",""1995-2025-years"",""AE183""],[""geostat_trade_domestic-export-country-2014-2026"",""2014-2025-years"",""L182""]]",derived
2023,goods,country,partner.1995-2025.784,reexports,35335733.284705536000,numeric,unspecified,"[[""geostat_trade_export-country-1995-2026"",""1995-2025-years"",""AE188""],[""geostat_trade_domestic-export-country-2014-2026"",""2014-2025-years"",""L187""]]",derived
2023,goods,country,partner.1995-2025.788,reexports,0E-14,numeric,unspecified,"[[""geostat_trade_export-country-1995-2026"",""1995-2025-years"",""AE184""],[""geostat_trade_domestic-export-country-2014-2026"",""2014-2025-years"",""L183""]]",derived
2023,goods,country,partner.1995-2025.792,reexports,66029384.88324045000,numeric,unspecified,"[[""geostat_trade_export-country-1995-2026"",""1995-2025-years"",""AE185""],[""geostat_trade_domestic-export-country-2014-2026"",""2014-2025-years"",""L184""]]",derived
2023,goods,country,partner.1995-2025.795,reexports,5322539.4384658521000,numeric,unspecified,"[[""geostat_trade_export-country-1995-2026"",""1995-2025-years"",""AE45""],[""geostat_trade_domestic-export-country-2014-2026"",""2014-2025-years"",""L45""]]",derived
2023,goods,country,partner.1995-2025.796,reexports,0,numeric,unspecified,"[[""geostat_trade_export-country-1995-2026"",""1995-2025-years"",""AE186""],[""geostat_trade_domestic-export-country-2014-2026"",""2014-2025-years"",""L185""]]",derived
2023,goods,country,partner.1995-2025.800,reexports,0E-13,numeric,unspecified,"[[""geostat_trade_export-country-1995-2026"",""1995-2025-years"",""AE187""],[""geostat_trade_domestic-export-country-2014-2026"",""2014-2025-years"",""L186""]]",derived
2023,goods,country,partner.1995-2025.804,reexports,27000301.299109328000,numeric,unspecified,"[[""geostat_trade_export-country-1995-2026"",""1995-2025-years"",""AE46""],[""geostat_trade_domestic-export-country-2014-2026"",""2014-2025-years"",""L46""]]",derived
2023,goods,country,partner.1995-2025.818,reexports,696724.618596203000,numeric,unspecified,"[[""geostat_trade_export-country-1995-2026"",""1995-2025-years"",""AE90""],[""geostat_trade_domestic-export-country-2014-2026"",""2014-2025-years"",""L90""]]",derived
2023,goods,country,partner.1995-2025.826,reexports,1873695.460967352000,numeric,unspecified,"[[""geostat_trade_export-country-1995-2026"",""1995-2025-years"",""AE189""],[""geostat_trade_domestic-export-country-2014-2026"",""2014-2025-years"",""L188""]]",derived
2023,goods,country,partner.1995-2025.834,reexports,180813.420000000000,numeric,unspecified,"[[""geostat_trade_export-country-1995-2026"",""1995-2025-years"",""AE180""],[""geostat_trade_domestic-export-country-2014-2026"",""2014-2025-years"",""L179""]]",derived
2023,goods,country,partner.1995-2025.840,reexports,4319843.718171571000,numeric,unspecified,"[[""geostat_trade_export-country-1995-2026"",""1995-2025-years"",""AE190""],[""geostat_trade_domestic-export-country-2014-2026"",""2014-2025-years"",""L189""]]",derived
2023,goods,country,partner.1995-2025.850,reexports,0,numeric,unspecified,"[[""geostat_trade_export-country-1995-2026"",""1995-2025-years"",""AE195""],[""geostat_trade_domestic-export-country-2014-2026"",""2014-2025-years"",""L194""]]",derived
2023,goods,country,partner.1995-2025.854,reexports,0E-14,numeric,unspecified,"[[""geostat_trade_export-country-1995-2026"",""1995-2025-years"",""AE70""],[""geostat_trade_domestic-export-country-2014-2026"",""2014-2025-years"",""L70""]]",derived
2023,goods,country,partner.1995-2025.858,reexports,28812.800000000003000,numeric,unspecified,"[[""geostat_trade_export-country-1995-2026"",""1995-2025-years"",""AE191""],[""geostat_trade_domestic-export-country-2014-2026"",""2014-2025-years"",""L190""]]",derived
2023,goods,country,partner.1995-2025.860,reexports,86204909.805214357000,numeric,unspecified,"[[""geostat_trade_export-country-1995-2026"",""1995-2025-years"",""AE47""],[""geostat_trade_domestic-export-country-2014-2026"",""2014-2025-years"",""L47""]]",derived
2023,goods,country,partner.1995-2025.862,reexports,0,numeric,unspecified,"[[""geostat_trade_export-country-1995-2026"",""1995-2025-years"",""AE192""],[""geostat_trade_domestic-export-country-2014-2026"",""2014-2025-years"",""L191""]]",derived
2023,goods,country,partner.1995-2025.887,reexports,45081.080000000000000,numeric,unspecified,"[[""geostat_trade_export-country-1995-2026"",""1995-2025-years"",""AE196""],[""geostat_trade_domestic-export-country-2014-2026"",""2014-2025-years"",""L195""]]",derived
2023,goods,country,partner.1995-2025.891,reexports,0,numeric,unspecified,"[[""geostat_trade_export-country-1995-2026"",""1995-2025-years"",""AE166""],[""geostat_trade_domestic-export-country-2014-2026"",""2014-2025-years"",""L166""]]",derived
2023,goods,country,partner.1995-2025.894,reexports,0E-13,numeric,unspecified,"[[""geostat_trade_export-country-1995-2026"",""1995-2025-years"",""AE197""],[""geostat_trade_domestic-export-country-2014-2026"",""2014-2025-years"",""L196""]]",derived
2023,goods,national,goods.total,reexports,3224824158.8445628000000,numeric,unspecified,"[[""geostat_trade_ftrade-1995-2026"",""1995-2026"",""AD5""],[""geostat_trade_domestic-export-country-2014-2026"",""2014-2025-years"",""L5""]]",derived
2023,goods,national,goods.total,trade_balance,-9529390505.9652684000000,numeric,unspecified,"[[""geostat_trade_ftrade-1995-2026"",""1995-2026"",""AD5""],[""geostat_trade_ftrade-1995-2026"",""1995-2026"",""AD20""]]",derived
2023,goods,national,goods.total,trade_turnover,21701149747.0629516000000,numeric,unspecified,"[[""geostat_trade_ftrade-1995-2026"",""1995-2026"",""AD5""],[""geostat_trade_ftrade-1995-2026"",""1995-2026"",""AD20""]]",derived
2023,goods,product,goods.hs4.2020-2025.0102,reexports,0E-12,numeric,unspecified,"[[""geostat_trade_export-product-by-4-digit-2015-2026"",""2020-2025-years"",""F8""],[""geostat_trade_domestic-exports-by-4-digit-2014-2026"",""2020-2025-years"",""F7""]]",derived
2023,goods,product,goods.hs4.2020-2025.0104,reexports,0E-12,numeric,unspecified,"[[""geostat_trade_export-product-by-4-digit-2015-2026"",""2020-2025-years"",""F10""],[""geostat_trade_domestic-exports-by-4-digit-2014-2026"",""2020-2025-years"",""F8""]]",derived
2023,goods,product,goods.hs4.2020-2025.0105,reexports,0E-13,numeric,unspecified,"[[""geostat_trade_export-product-by-4-digit-2015-2026"",""2020-2025-years"",""F11""],[""geostat_trade_domestic-exports-by-4-digit-2014-2026"",""2020-2025-years"",""F9""]]",derived
2023,goods,product,goods.hs4.2020-2025.0204,reexports,0E-13,numeric,unspecified,"[[""geostat_trade_export-product-by-4-digit-2015-2026"",""2020-2025-years"",""F16""],[""geostat_trade_domestic-exports-by-4-digit-2014-2026"",""2020-2025-years"",""F10""]]",derived
2023,goods,product,goods.hs4.2020-2025.0207,reexports,9407033.909701707000,numeric,unspecified,"[[""geostat_trade_export-product-by-4-digit-2015-2026"",""2020-2025-years"",""F18""],[""geostat_trade_domestic-exports-by-4-digit-2014-2026"",""2020-2025-years"",""F11""]]",derived
2023,goods,product,goods.hs4.2020-2025.0302,reexports,351997.3100000006000,numeric,unspecified,"[[""geostat_trade_export-product-by-4-digit-2015-2026"",""2020-2025-years"",""F22""],[""geostat_trade_domestic-exports-by-4-digit-2014-2026"",""2020-2025-years"",""F12""]]",derived
2023,goods,product,goods.hs4.2020-2025.0303,reexports,888526.6016516894000,numeric,unspecified,"[[""geostat_trade_export-product-by-4-digit-2015-2026"",""2020-2025-years"",""F23""],[""geostat_trade_domestic-exports-by-4-digit-2014-2026"",""2020-2025-years"",""F13""]]",derived
2023,goods,product,goods.hs4.2020-2025.0504,reexports,0E-14,numeric,unspecified,"[[""geostat_trade_export-product-by-4-digit-2015-2026"",""2020-2025-years"",""F37""],[""geostat_trade_domestic-exports-by-4-digit-2014-2026"",""2020-2025-years"",""F14""]]",derived
2023,goods,product,goods.hs4.2020-2025.0701,reexports,44684.9999999999000,numeric,unspecified,"[[""geostat_trade_export-product-by-4-digit-2015-2026"",""2020-2025-years"",""F45""],[""geostat_trade_domestic-exports-by-4-digit-2014-2026"",""2020-2025-years"",""F15""]]",derived
2023,goods,product,goods.hs4.2020-2025.0702,reexports,2405104.0644740663000,numeric,unspecified,"[[""geostat_trade_export-product-by-4-digit-2015-2026"",""2020-2025-years"",""F46""],[""geostat_trade_domestic-exports-by-4-digit-2014-2026"",""2020-2025-years"",""F16""]]",derived
2023,goods,product,goods.hs4.2020-2025.0707,reexports,307627.27999999993000,numeric,unspecified,"[[""geostat_trade_export-product-by-4-digit-2015-2026"",""2020-2025-years"",""F51""],[""geostat_trade_domestic-exports-by-4-digit-2014-2026"",""2020-2025-years"",""F17""]]",derived
2023,goods,product,goods.hs4.2020-2025.0709,reexports,801873.5110757607000,numeric,unspecified,"[[""geostat_trade_export-product-by-4-digit-2015-2026"",""2020-2025-years"",""F53""],[""geostat_trade_domestic-exports-by-4-digit-2014-2026"",""2020-2025-years"",""F18""]]",derived
2023,goods,product,goods.hs4.2020-2025.0802,reexports,3761039.521064595000,numeric,unspecified,"[[""geostat_trade_export-product-by-4-digit-2015-2026"",""2020-2025-years"",""F60""],[""geostat_trade_domestic-exports-by-4-digit-2014-2026"",""2020-2025-years"",""F19""]]",derived
2023,goods,product,goods.hs4.2020-2025.0805,reexports,12325782.487594443000,numeric,unspecified,"[[""geostat_trade_export-product-by-4-digit-2015-2026"",""2020-2025-years"",""F63""],[""geostat_trade_domestic-exports-by-4-digit-2014-2026"",""2020-2025-years"",""F20""]]",derived
2023,goods,product,goods.hs4.2020-2025.0808,reexports,1012600.7529752769000,numeric,unspecified,"[[""geostat_trade_export-product-by-4-digit-2015-2026"",""2020-2025-years"",""F66""],[""geostat_trade_domestic-exports-by-4-digit-2014-2026"",""2020-2025-years"",""F21""]]",derived
2023,goods,product,goods.hs4.2020-2025.0809,reexports,145111.887304808000,numeric,unspecified,"[[""geostat_trade_export-product-by-4-digit-2015-2026"",""2020-2025-years"",""F67""],[""geostat_trade_domestic-exports-by-4-digit-2014-2026"",""2020-2025-years"",""F22""]]",derived
2023,goods,product,goods.hs4.2020-2025.0810,reexports,2131406.121264510000,numeric,unspecified,"[[""geostat_trade_export-product-by-4-digit-2015-2026"",""2020-2025-years"",""F68""],[""geostat_trade_domestic-exports-by-4-digit-2014-2026"",""2020-2025-years"",""F23""]]",derived
2023,goods,product,goods.hs4.2020-2025.0813,reexports,5796.9731687487000,numeric,unspecified,"[[""geostat_trade_export-product-by-4-digit-2015-2026"",""2020-2025-years"",""F71""],[""geostat_trade_domestic-exports-by-4-digit-2014-2026"",""2020-2025-years"",""F24""]]",derived
2023,goods,product,goods.hs4.2020-2025.0902,reexports,557074.2000000000000,numeric,unspecified,"[[""geostat_trade_export-product-by-4-digit-2015-2026"",""2020-2025-years"",""F74""],[""geostat_trade_domestic-exports-by-4-digit-2014-2026"",""2020-2025-years"",""F25""]]",derived
2023,goods,product,goods.hs4.2020-2025.0910,reexports,387168.185525228000,numeric,unspecified,"[[""geostat_trade_export-product-by-4-digit-2015-2026"",""2020-2025-years"",""F81""],[""geostat_trade_domestic-exports-by-4-digit-2014-2026"",""2020-2025-years"",""F26""]]",derived
2023,goods,product,goods.hs4.2020-2025.1003,reexports,0E-15,numeric,unspecified,"[[""geostat_trade_export-product-by-4-digit-2015-2026"",""2020-2025-years"",""F83""],[""geostat_trade_domestic-exports-by-4-digit-2014-2026"",""2020-2025-years"",""F27""]]",derived
2023,goods,product,goods.hs4.2020-2025.1005,reexports,99142.8354452678000,numeric,unspecified,"[[""geostat_trade_export-product-by-4-digit-2015-2026"",""2020-2025-years"",""F85""],[""geostat_trade_domestic-exports-by-4-digit-2014-2026"",""2020-2025-years"",""F28""]]",derived
2023,goods,product,goods.hs4.2020-2025.1106,reexports,0E-13,numeric,unspecified,"[[""geostat_trade_export-product-by-4-digit-2015-2026"",""2020-2025-years"",""F92""],[""geostat_trade_domestic-exports-by-4-digit-2014-2026"",""2020-2025-years"",""F29""]]",derived
2023,goods,product,goods.hs4.2020-2025.1206,reexports,380901.00000000003000,numeric,unspecified,"[[""geostat_trade_export-product-by-4-digit-2015-2026"",""2020-2025-years"",""F99""],[""geostat_trade_domestic-exports-by-4-digit-2014-2026"",""2020-2025-years"",""F30""]]",derived
2023,goods,product,goods.hs4.2020-2025.1211,reexports,42165.0000000000000,numeric,unspecified,"[[""geostat_trade_export-product-by-4-digit-2015-2026"",""2020-2025-years"",""F103""],[""geostat_trade_domestic-exports-by-4-digit-2014-2026"",""2020-2025-years"",""F31""]]",derived
2023,goods,product,goods.hs4.2020-2025.1504,reexports,0E-12,numeric,unspecified,"[[""geostat_trade_export-product-by-4-digit-2015-2026"",""2020-2025-years"",""F113""],[""geostat_trade_domestic-exports-by-4-digit-2014-2026"",""2020-2025-years"",""F32""]]",derived
2023,goods,product,goods.hs4.2020-2025.1515,reexports,9200.00000000004000,numeric,unspecified,"[[""geostat_trade_export-product-by-4-digit-2015-2026"",""2020-2025-years"",""F121""],[""geostat_trade_domestic-exports-by-4-digit-2014-2026"",""2020-2025-years"",""F33""]]",derived
2023,goods,product,goods.hs4.2020-2025.1516,reexports,0.00,numeric,unspecified,"[[""geostat_trade_export-product-by-4-digit-2015-2026"",""2020-2025-years"",""F122""],[""geostat_trade_domestic-exports-by-4-digit-2014-2026"",""2020-2025-years"",""F34""]]",derived
2023,goods,product,goods.hs4.2020-2025.1806,reexports,6986846.5255628998000,numeric,unspecified,"[[""geostat_trade_export-product-by-4-digit-2015-2026"",""2020-2025-years"",""F138""],[""geostat_trade_domestic-exports-by-4-digit-2014-2026"",""2020-2025-years"",""F35""]]",derived
2023,goods,product,goods.hs4.2020-2025.2007,reexports,9556.91999999999000,numeric,unspecified,"[[""geostat_trade_export-product-by-4-digit-2015-2026"",""2020-2025-years"",""F150""],[""geostat_trade_domestic-exports-by-4-digit-2014-2026"",""2020-2025-years"",""F36""]]",derived
2023,goods,product,goods.hs4.2020-2025.2008,reexports,345738.090130526000,numeric,unspecified,"[[""geostat_trade_export-product-by-4-digit-2015-2026"",""2020-2025-years"",""F151""],[""geostat_trade_domestic-exports-by-4-digit-2014-2026"",""2020-2025-years"",""F37""]]",derived
2023,goods,product,goods.hs4.2020-2025.2009,reexports,41216.633078660000,numeric,unspecified,"[[""geostat_trade_export-product-by-4-digit-2015-2026"",""2020-2025-years"",""F152""],[""geostat_trade_domestic-exports-by-4-digit-2014-2026"",""2020-2025-years"",""F38""]]",derived
2023,goods,product,goods.hs4.2020-2025.2101,reexports,950200.1721858933000,numeric,unspecified,"[[""geostat_trade_export-product-by-4-digit-2015-2026"",""2020-2025-years"",""F153""],[""geostat_trade_domestic-exports-by-4-digit-2014-2026"",""2020-2025-years"",""F39""]]",derived
2023,goods,product,goods.hs4.2020-2025.2103,reexports,44197.4722986069000,numeric,unspecified,"[[""geostat_trade_export-product-by-4-digit-2015-2026"",""2020-2025-years"",""F155""],[""geostat_trade_domestic-exports-by-4-digit-2014-2026"",""2020-2025-years"",""F40""]]",derived
2023,goods,product,goods.hs4.2020-2025.2106,reexports,1545131.0891187322000,numeric,unspecified,"[[""geostat_trade_export-product-by-4-digit-2015-2026"",""2020-2025-years"",""F158""],[""geostat_trade_domestic-exports-by-4-digit-2014-2026"",""2020-2025-years"",""F41""]]",derived
2023,goods,product,goods.hs4.2020-2025.2201,reexports,60115.90075600000,numeric,unspecified,"[[""geostat_trade_export-product-by-4-digit-2015-2026"",""2020-2025-years"",""F159""],[""geostat_trade_domestic-exports-by-4-digit-2014-2026"",""2020-2025-years"",""F42""]]",derived
2023,goods,product,goods.hs4.2020-2025.2202,reexports,897376.22449772000,numeric,unspecified,"[[""geostat_trade_export-product-by-4-digit-2015-2026"",""2020-2025-years"",""F160""],[""geostat_trade_domestic-exports-by-4-digit-2014-2026"",""2020-2025-years"",""F43""]]",derived
2023,goods,product,goods.hs4.2020-2025.2203,reexports,1394780.3349513114000,numeric,unspecified,"[[""geostat_trade_export-product-by-4-digit-2015-2026"",""2020-2025-years"",""F161""],[""geostat_trade_domestic-exports-by-4-digit-2014-2026"",""2020-2025-years"",""F44""]]",derived
2023,goods,product,goods.hs4.2020-2025.2204,reexports,1328144.19404434000,numeric,unspecified,"[[""geostat_trade_export-product-by-4-digit-2015-2026"",""2020-2025-years"",""F162""],[""geostat_trade_domestic-exports-by-4-digit-2014-2026"",""2020-2025-years"",""F45""]]",derived
2023,goods,product,goods.hs4.2020-2025.2208,reexports,34146083.59197824000,numeric,unspecified,"[[""geostat_trade_export-product-by-4-digit-2015-2026"",""2020-2025-years"",""F166""],[""geostat_trade_domestic-exports-by-4-digit-2014-2026"",""2020-2025-years"",""F46""]]",derived
2023,goods,product,goods.hs4.2020-2025.2301,reexports,0.00000,numeric,unspecified,"[[""geostat_trade_export-product-by-4-digit-2015-2026"",""2020-2025-years"",""F168""],[""geostat_trade_domestic-exports-by-4-digit-2014-2026"",""2020-2025-years"",""F47""]]",derived
2023,goods,product,goods.hs4.2020-2025.2309,reexports,2109896.532523784000,numeric,unspecified,"[[""geostat_trade_export-product-by-4-digit-2015-2026"",""2020-2025-years"",""F174""],[""geostat_trade_domestic-exports-by-4-digit-2014-2026"",""2020-2025-years"",""F48""]]",derived
2023,goods,product,goods.hs4.2020-2025.2508,reexports,87704.5810368086000,numeric,unspecified,"[[""geostat_trade_export-product-by-4-digit-2015-2026"",""2020-2025-years"",""F185""],[""geostat_trade_domestic-exports-by-4-digit-2014-2026"",""2020-2025-years"",""F49""]]",derived
2023,goods,product,goods.hs4.2020-2025.2522,reexports,0E-13,numeric,unspecified,"[[""geostat_trade_export-product-by-4-digit-2015-2026"",""2020-2025-years"",""F198""],[""geostat_trade_domestic-exports-by-4-digit-2014-2026"",""2020-2025-years"",""F50""]]",derived
2023,goods,product,goods.hs4.2020-2025.2602,reexports,2180855.62296559961000,numeric,unspecified,"[[""geostat_trade_export-product-by-4-digit-2015-2026"",""2020-2025-years"",""F205""],[""geostat_trade_domestic-exports-by-4-digit-2014-2026"",""2020-2025-years"",""F51""]]",derived
2023,goods,product,goods.hs4.2020-2025.2603,reexports,5085118.20507556000,numeric,unspecified,"[[""geostat_trade_export-product-by-4-digit-2015-2026"",""2020-2025-years"",""F206""],[""geostat_trade_domestic-exports-by-4-digit-2014-2026"",""2020-2025-years"",""F52""]]",derived
2023,goods,product,goods.hs4.2020-2025.2616,reexports,0E-12,numeric,unspecified,"[[""geostat_trade_export-product-by-4-digit-2015-2026"",""2020-2025-years"",""F211""],[""geostat_trade_domestic-exports-by-4-digit-2014-2026"",""2020-2025-years"",""F53""]]",derived
2023,goods,product,goods.hs4.2020-2025.2710,reexports,46228496.699941883000,numeric,unspecified,"[[""geostat_trade_export-product-by-4-digit-2015-2026"",""2020-2025-years"",""F222""],[""geostat_trade_domestic-exports-by-4-digit-2014-2026"",""2020-2025-years"",""F54""]]",derived
2023,goods,product,goods.hs4.2020-2025.2716,reexports,0E-12,numeric,unspecified,"[[""geostat_trade_export-product-by-4-digit-2015-2026"",""2020-2025-years"",""F227""],[""geostat_trade_domestic-exports-by-4-digit-2014-2026"",""2020-2025-years"",""F55""]]",derived
2023,goods,product,goods.hs4.2020-2025.2820,reexports,0E-12,numeric,unspecified,"[[""geostat_trade_export-product-by-4-digit-2015-2026"",""2020-2025-years"",""F241""],[""geostat_trade_domestic-exports-by-4-digit-2014-2026"",""2020-2025-years"",""F56""]]",derived
2023,goods,product,goods.hs4.2020-2025.2837,reexports,0E-12,numeric,unspecified,"[[""geostat_trade_export-product-by-4-digit-2015-2026"",""2020-2025-years"",""F257""],[""geostat_trade_domestic-exports-by-4-digit-2014-2026"",""2020-2025-years"",""F57""]]",derived
2023,goods,product,goods.hs4.2020-2025.3004,reexports,99795209.029920722000,numeric,unspecified,"[[""geostat_trade_export-product-by-4-digit-2015-2026"",""2020-2025-years"",""F307""],[""geostat_trade_domestic-exports-by-4-digit-2014-2026"",""2020-2025-years"",""F58""]]",derived
2023,goods,product,goods.hs4.2020-2025.3006,reexports,1430940.744843606962000,numeric,unspecified,"[[""geostat_trade_export-product-by-4-digit-2015-2026"",""2020-2025-years"",""F309""],[""geostat_trade_domestic-exports-by-4-digit-2014-2026"",""2020-2025-years"",""F59""]]",derived
2023,goods,product,goods.hs4.2020-2025.3102,reexports,63431.61747692000,numeric,unspecified,"[[""geostat_trade_export-product-by-4-digit-2015-2026"",""2020-2025-years"",""F311""],[""geostat_trade_domestic-exports-by-4-digit-2014-2026"",""2020-2025-years"",""F60""]]",derived
2023,goods,product,goods.hs4.2020-2025.3923,reexports,2190865.105384111000,numeric,unspecified,"[[""geostat_trade_export-product-by-4-digit-2015-2026"",""2020-2025-years"",""F406""],[""geostat_trade_domestic-exports-by-4-digit-2014-2026"",""2020-2025-years"",""F61""]]",derived
2023,goods,product,goods.hs4.2020-2025.3926,reexports,2674808.3932685342000,numeric,unspecified,"[[""geostat_trade_export-product-by-4-digit-2015-2026"",""2020-2025-years"",""F409""],[""geostat_trade_domestic-exports-by-4-digit-2014-2026"",""2020-2025-years"",""F62""]]",derived
2023,goods,product,goods.hs4.2020-2025.4407,reexports,233934.585515956000,numeric,unspecified,"[[""geostat_trade_export-product-by-4-digit-2015-2026"",""2020-2025-years"",""F448""],[""geostat_trade_domestic-exports-by-4-digit-2014-2026"",""2020-2025-years"",""F63""]]",derived
2023,goods,product,goods.hs4.2020-2025.4410,reexports,17300.9327136978000,numeric,unspecified,"[[""geostat_trade_export-product-by-4-digit-2015-2026"",""2020-2025-years"",""F451""],[""geostat_trade_domestic-exports-by-4-digit-2014-2026"",""2020-2025-years"",""F64""]]",derived
2023,goods,product,goods.hs4.2020-2025.4418,reexports,1526895.6170937775000,numeric,unspecified,"[[""geostat_trade_export-product-by-4-digit-2015-2026"",""2020-2025-years"",""F459""],[""geostat_trade_domestic-exports-by-4-digit-2014-2026"",""2020-2025-years"",""F65""]]",derived
2023,goods,product,goods.hs4.2020-2025.4421,reexports,207379.44536786108000,numeric,unspecified,"[[""geostat_trade_export-product-by-4-digit-2015-2026"",""2020-2025-years"",""F462""],[""geostat_trade_domestic-exports-by-4-digit-2014-2026"",""2020-2025-years"",""F66""]]",derived
2023,goods,product,goods.hs4.2020-2025.4707,reexports,0E-13,numeric,unspecified,"[[""geostat_trade_export-product-by-4-digit-2015-2026"",""2020-2025-years"",""F472""],[""geostat_trade_domestic-exports-by-4-digit-2014-2026"",""2020-2025-years"",""F67""]]",derived
2023,goods,product,goods.hs4.2020-2025.4805,reexports,25323.50887057336000,numeric,unspecified,"[[""geostat_trade_export-product-by-4-digit-2015-2026"",""2020-2025-years"",""F477""],[""geostat_trade_domestic-exports-by-4-digit-2014-2026"",""2020-2025-years"",""F68""]]",derived
2023,goods,product,goods.hs4.2020-2025.5605,reexports,2584.4000000000000,numeric,unspecified,"[[""geostat_trade_export-product-by-4-digit-2015-2026"",""2020-2025-years"",""F553""],[""geostat_trade_domestic-exports-by-4-digit-2014-2026"",""2020-2025-years"",""F69""]]",derived
2023,goods,product,goods.hs4.2020-2025.6102,reexports,77328.8193278058000,numeric,unspecified,"[[""geostat_trade_export-product-by-4-digit-2015-2026"",""2020-2025-years"",""F590""],[""geostat_trade_domestic-exports-by-4-digit-2014-2026"",""2020-2025-years"",""F70""]]",derived
2023,goods,product,goods.hs4.2020-2025.6103,reexports,706922.376856622000,numeric,unspecified,"[[""geostat_trade_export-product-by-4-digit-2015-2026"",""2020-2025-years"",""F591""],[""geostat_trade_domestic-exports-by-4-digit-2014-2026"",""2020-2025-years"",""F71""]]",derived
2023,goods,product,goods.hs4.2020-2025.6104,reexports,853910.1806887611000,numeric,unspecified,"[[""geostat_trade_export-product-by-4-digit-2015-2026"",""2020-2025-years"",""F592""],[""geostat_trade_domestic-exports-by-4-digit-2014-2026"",""2020-2025-years"",""F72""]]",derived
2023,goods,product,goods.hs4.2020-2025.6109,reexports,1555861.934761109000,numeric,unspecified,"[[""geostat_trade_export-product-by-4-digit-2015-2026"",""2020-2025-years"",""F597""],[""geostat_trade_domestic-exports-by-4-digit-2014-2026"",""2020-2025-years"",""F73""]]",derived
2023,goods,product,goods.hs4.2020-2025.6110,reexports,2693809.5455993448000,numeric,unspecified,"[[""geostat_trade_export-product-by-4-digit-2015-2026"",""2020-2025-years"",""F598""],[""geostat_trade_domestic-exports-by-4-digit-2014-2026"",""2020-2025-years"",""F74""]]",derived
2023,goods,product,goods.hs4.2020-2025.6201,reexports,1572936.9500207603000,numeric,unspecified,"[[""geostat_trade_export-product-by-4-digit-2015-2026"",""2020-2025-years"",""F606""],[""geostat_trade_domestic-exports-by-4-digit-2014-2026"",""2020-2025-years"",""F75""]]",derived
2023,goods,product,goods.hs4.2020-2025.6202,reexports,673461.32873463258000,numeric,unspecified,"[[""geostat_trade_export-product-by-4-digit-2015-2026"",""2020-2025-years"",""F607""],[""geostat_trade_domestic-exports-by-4-digit-2014-2026"",""2020-2025-years"",""F76""]]",derived
2023,goods,product,goods.hs4.2020-2025.6203,reexports,3352881.6882535066000,numeric,unspecified,"[[""geostat_trade_export-product-by-4-digit-2015-2026"",""2020-2025-years"",""F608""],[""geostat_trade_domestic-exports-by-4-digit-2014-2026"",""2020-2025-years"",""F77""]]",derived
2023,goods,product,goods.hs4.2020-2025.6204,reexports,2240102.1115789217000,numeric,unspecified,"[[""geostat_trade_export-product-by-4-digit-2015-2026"",""2020-2025-years"",""F609""],[""geostat_trade_domestic-exports-by-4-digit-2014-2026"",""2020-2025-years"",""F78""]]",derived
2023,goods,product,goods.hs4.2020-2025.6206,reexports,783951.4358919164000,numeric,unspecified,"[[""geostat_trade_export-product-by-4-digit-2015-2026"",""2020-2025-years"",""F611""],[""geostat_trade_domestic-exports-by-4-digit-2014-2026"",""2020-2025-years"",""F79""]]",derived
2023,goods,product,goods.hs4.2020-2025.6212,reexports,115403.6331115576000,numeric,unspecified,"[[""geostat_trade_export-product-by-4-digit-2015-2026"",""2020-2025-years"",""F617""],[""geostat_trade_domestic-exports-by-4-digit-2014-2026"",""2020-2025-years"",""F80""]]",derived
2023,goods,product,goods.hs4.2020-2025.6305,reexports,2019014.8390037699000,numeric,unspecified,"[[""geostat_trade_export-product-by-4-digit-2015-2026"",""2020-2025-years"",""F627""],[""geostat_trade_domestic-exports-by-4-digit-2014-2026"",""2020-2025-years"",""F81""]]",derived
2023,goods,product,goods.hs4.2020-2025.6403,reexports,825882.4125860288000,numeric,unspecified,"[[""geostat_trade_export-product-by-4-digit-2015-2026"",""2020-2025-years"",""F635""],[""geostat_trade_domestic-exports-by-4-digit-2014-2026"",""2020-2025-years"",""F82""]]",derived
2023,goods,product,goods.hs4.2020-2025.6809,reexports,0E-13,numeric,unspecified,"[[""geostat_trade_export-product-by-4-digit-2015-2026"",""2020-2025-years"",""F658""],[""geostat_trade_domestic-exports-by-4-digit-2014-2026"",""2020-2025-years"",""F83""]]",derived
2023,goods,product,goods.hs4.2020-2025.7010,reexports,88629.1112224576000,numeric,unspecified,"[[""geostat_trade_export-product-by-4-digit-2015-2026"",""2020-2025-years"",""F687""],[""geostat_trade_domestic-exports-by-4-digit-2014-2026"",""2020-2025-years"",""F84""]]",derived
2023,goods,product,goods.hs4.2020-2025.7108,reexports,6856.000000000000,numeric,unspecified,"[[""geostat_trade_export-product-by-4-digit-2015-2026"",""2020-2025-years"",""F699""],[""geostat_trade_domestic-exports-by-4-digit-2014-2026"",""2020-2025-years"",""F85""]]",derived
2023,goods,product,goods.hs4.2020-2025.7112,reexports,0E-12,numeric,unspecified,"[[""geostat_trade_export-product-by-4-digit-2015-2026"",""2020-2025-years"",""F702""],[""geostat_trade_domestic-exports-by-4-digit-2014-2026"",""2020-2025-years"",""F86""]]",derived
2023,goods,product,goods.hs4.2020-2025.7115,reexports,0E-13,numeric,unspecified,"[[""geostat_trade_export-product-by-4-digit-2015-2026"",""2020-2025-years"",""F705""],[""geostat_trade_domestic-exports-by-4-digit-2014-2026"",""2020-2025-years"",""F87""]]",derived
2023,goods,product,goods.hs4.2020-2025.7202,reexports,0E-11,numeric,unspecified,"[[""geostat_trade_export-product-by-4-digit-2015-2026"",""2020-2025-years"",""F709""],[""geostat_trade_domestic-exports-by-4-digit-2014-2026"",""2020-2025-years"",""F88""]]",derived
2023,goods,product,goods.hs4.2020-2025.7204,reexports,0E-13,numeric,unspecified,"[[""geostat_trade_export-product-by-4-digit-2015-2026"",""2020-2025-years"",""F711""],[""geostat_trade_domestic-exports-by-4-digit-2014-2026"",""2020-2025-years"",""F89""]]",derived
2023,goods,product,goods.hs4.2020-2025.7207,reexports,0E-14,numeric,unspecified,"[[""geostat_trade_export-product-by-4-digit-2015-2026"",""2020-2025-years"",""F714""],[""geostat_trade_domestic-exports-by-4-digit-2014-2026"",""2020-2025-years"",""F90""]]",derived
2023,goods,product,goods.hs4.2020-2025.7214,reexports,84061.3877147677000,numeric,unspecified,"[[""geostat_trade_export-product-by-4-digit-2015-2026"",""2020-2025-years"",""F721""],[""geostat_trade_domestic-exports-by-4-digit-2014-2026"",""2020-2025-years"",""F91""]]",derived
2023,goods,product,goods.hs4.2020-2025.7304,reexports,93064.455716803000,numeric,unspecified,"[[""geostat_trade_export-product-by-4-digit-2015-2026"",""2020-2025-years"",""F737""],[""geostat_trade_domestic-exports-by-4-digit-2014-2026"",""2020-2025-years"",""F92""]]",derived
2023,goods,product,goods.hs4.2020-2025.7307,reexports,87146.704855187719000,numeric,unspecified,"[[""geostat_trade_export-product-by-4-digit-2015-2026"",""2020-2025-years"",""F740""],[""geostat_trade_domestic-exports-by-4-digit-2014-2026"",""2020-2025-years"",""F93""]]",derived
2023,goods,product,goods.hs4.2020-2025.7326,reexports,1109590.07116421979000,numeric,unspecified,"[[""geostat_trade_export-product-by-4-digit-2015-2026"",""2020-2025-years"",""F759""],[""geostat_trade_domestic-exports-by-4-digit-2014-2026"",""2020-2025-years"",""F94""]]",derived
2023,goods,product,goods.hs4.2020-2025.7404,reexports,0E-11,numeric,unspecified,"[[""geostat_trade_export-product-by-4-digit-2015-2026"",""2020-2025-years"",""F761""],[""geostat_trade_domestic-exports-by-4-digit-2014-2026"",""2020-2025-years"",""F95""]]",derived
2023,goods,product,goods.hs4.2020-2025.7601,reexports,105974.4000000000000,numeric,unspecified,"[[""geostat_trade_export-product-by-4-digit-2015-2026"",""2020-2025-years"",""F777""],[""geostat_trade_domestic-exports-by-4-digit-2014-2026"",""2020-2025-years"",""F96""]]",derived
2023,goods,product,goods.hs4.2020-2025.7602,reexports,0E-12,numeric,unspecified,"[[""geostat_trade_export-product-by-4-digit-2015-2026"",""2020-2025-years"",""F778""],[""geostat_trade_domestic-exports-by-4-digit-2014-2026"",""2020-2025-years"",""F97""]]",derived
2023,goods,product,goods.hs4.2020-2025.7801,reexports,1720585.0999999998000,numeric,unspecified,"[[""geostat_trade_export-product-by-4-digit-2015-2026"",""2020-2025-years"",""F794""],[""geostat_trade_domestic-exports-by-4-digit-2014-2026"",""2020-2025-years"",""F98""]]",derived
2023,goods,product,goods.hs4.2020-2025.8516,reexports,11396402.644750400000,numeric,unspecified,"[[""geostat_trade_export-product-by-4-digit-2015-2026"",""2020-2025-years"",""F931""],[""geostat_trade_domestic-exports-by-4-digit-2014-2026"",""2020-2025-years"",""F99""]]",derived
2023,goods,product,goods.hs4.2020-2025.8544,reexports,1077289.1576327518000,numeric,unspecified,"[[""geostat_trade_export-product-by-4-digit-2015-2026"",""2020-2025-years"",""F957""],[""geostat_trade_domestic-exports-by-4-digit-2014-2026"",""2020-2025-years"",""F100""]]",derived
2023,goods,product,goods.hs4.2020-2025.8606,reexports,0,numeric,unspecified,"[[""geostat_trade_export-product-by-4-digit-2015-2026"",""2020-2025-years"",""F966""],[""geostat_trade_domestic-exports-by-4-digit-2014-2026"",""2020-2025-years"",""F101""]]",derived
2023,goods,product,goods.hs4.2020-2025.8607,reexports,81965.3693288340000,numeric,unspecified,"[[""geostat_trade_export-product-by-4-digit-2015-2026"",""2020-2025-years"",""F967""],[""geostat_trade_domestic-exports-by-4-digit-2014-2026"",""2020-2025-years"",""F102""]]",derived
2023,goods,product,goods.hs4.2020-2025.9403,reexports,2542839.2737179802000,numeric,unspecified,"[[""geostat_trade_export-product-by-4-digit-2015-2026"",""2020-2025-years"",""F1048""],[""geostat_trade_domestic-exports-by-4-digit-2014-2026"",""2020-2025-years"",""F104""]]",derived
2023,goods,product,goods.hs4.2020-2025.9404,reexports,689483.964137322766000,numeric,unspecified,"[[""geostat_trade_export-product-by-4-digit-2015-2026"",""2020-2025-years"",""F1049""],[""geostat_trade_domestic-exports-by-4-digit-2014-2026"",""2020-2025-years"",""F105""]]",derived
2024,goods,country,partner.1995-2025.004,reexports,730607.9113827181283000,numeric,unspecified,"[[""geostat_trade_export-country-1995-2026"",""1995-2025-years"",""AF50""],[""geostat_trade_domestic-export-country-2014-2026"",""2014-2025-years"",""M50""]]",derived
2024,goods,country,partner.1995-2025.008,reexports,168011.84207717421000,numeric,unspecified,"[[""geostat_trade_export-country-1995-2026"",""1995-2025-years"",""AF51""],[""geostat_trade_domestic-export-country-2014-2026"",""2014-2025-years"",""M51""]]",derived
2024,goods,country,partner.1995-2025.012,reexports,0E-13,numeric,unspecified,"[[""geostat_trade_export-country-1995-2026"",""1995-2025-years"",""AF52""],[""geostat_trade_domestic-export-country-2014-2026"",""2014-2025-years"",""M52""]]",derived
2024,goods,country,partner.1995-2025.020,reexports,0,numeric,unspecified,"[[""geostat_trade_export-country-1995-2026"",""1995-2025-years"",""AF53""],[""geostat_trade_domestic-export-country-2014-2026"",""2014-2025-years"",""M53""]]",derived
2024,goods,country,partner.1995-2025.024,reexports,30832.19999999994000,numeric,unspecified,"[[""geostat_trade_export-country-1995-2026"",""1995-2025-years"",""AF54""],[""geostat_trade_domestic-export-country-2014-2026"",""2014-2025-years"",""M54""]]",derived
2024,goods,country,partner.1995-2025.028,reexports,0,numeric,unspecified,"[[""geostat_trade_export-country-1995-2026"",""1995-2025-years"",""AF56""],[""geostat_trade_domestic-export-country-2014-2026"",""2014-2025-years"",""M56""]]",derived
2024,goods,country,partner.1995-2025.031,reexports,584567859.43295955000,numeric,unspecified,"[[""geostat_trade_export-country-1995-2026"",""1995-2025-years"",""AF38""],[""geostat_trade_domestic-export-country-2014-2026"",""2014-2025-years"",""M38""]]",derived
2024,goods,country,partner.1995-2025.032,reexports,0.0000,numeric,unspecified,"[[""geostat_trade_export-country-1995-2026"",""1995-2025-years"",""AF57""],[""geostat_trade_domestic-export-country-2014-2026"",""2014-2025-years"",""M57""]]",derived
2024,goods,country,partner.1995-2025.036,reexports,29811.0558034259000,numeric,unspecified,"[[""geostat_trade_export-country-1995-2026"",""1995-2025-years"",""AF58""],[""geostat_trade_domestic-export-country-2014-2026"",""2014-2025-years"",""M58""]]",derived
2024,goods,country,partner.1995-2025.040,reexports,276507.3325557305000,numeric,unspecified,"[[""geostat_trade_export-country-1995-2026"",""1995-2025-years"",""AF8""],[""geostat_trade_domestic-export-country-2014-2026"",""2014-2025-years"",""M8""]]",derived
2024,goods,country,partner.1995-2025.044,reexports,0,numeric,unspecified,"[[""geostat_trade_export-country-1995-2026"",""1995-2025-years"",""AF59""],[""geostat_trade_domestic-export-country-2014-2026"",""2014-2025-years"",""M59""]]",derived
2024,goods,country,partner.1995-2025.048,reexports,0E-14,numeric,unspecified,"[[""geostat_trade_export-country-1995-2026"",""1995-2025-years"",""AF60""],[""geostat_trade_domestic-export-country-2014-2026"",""2014-2025-years"",""M60""]]",derived
2024,goods,country,partner.1995-2025.050,reexports,7480.00,numeric,unspecified,"[[""geostat_trade_export-country-1995-2026"",""1995-2025-years"",""AF61""],[""geostat_trade_domestic-export-country-2014-2026"",""2014-2025-years"",""M61""]]",derived
2024,goods,country,partner.1995-2025.051,reexports,424822266.31424122000,numeric,unspecified,"[[""geostat_trade_export-country-1995-2026"",""1995-2025-years"",""AF37""],[""geostat_trade_domestic-export-country-2014-2026"",""2014-2025-years"",""M37""]]",derived
2024,goods,country,partner.1995-2025.052,reexports,0,numeric,unspecified,"[[""geostat_trade_export-country-1995-2026"",""1995-2025-years"",""AF62""],[""geostat_trade_domestic-export-country-2014-2026"",""2014-2025-years"",""M62""]]",derived
2024,goods,country,partner.1995-2025.056,reexports,8804404.3790046076000,numeric,unspecified,"[[""geostat_trade_export-country-1995-2026"",""1995-2025-years"",""AF9""],[""geostat_trade_domestic-export-country-2014-2026"",""2014-2025-years"",""M9""]]",derived
2024,goods,country,partner.1995-2025.064,reexports,0.0,numeric,unspecified,"[[""geostat_trade_export-country-1995-2026"",""1995-2025-years"",""AF65""],[""geostat_trade_domestic-export-country-2014-2026"",""2014-2025-years"",""M65""]]",derived
2024,goods,country,partner.1995-2025.068,reexports,0,numeric,unspecified,"[[""geostat_trade_export-country-1995-2026"",""1995-2025-years"",""AF66""],[""geostat_trade_domestic-export-country-2014-2026"",""2014-2025-years"",""M66""]]",derived
2024,goods,country,partner.1995-2025.070,reexports,37230.42386793293000,numeric,unspecified,"[[""geostat_trade_export-country-1995-2026"",""1995-2025-years"",""AF67""],[""geostat_trade_domestic-export-country-2014-2026"",""2014-2025-years"",""M67""]]",derived
2024,goods,country,partner.1995-2025.072,reexports,0,numeric,unspecified,"[[""geostat_trade_export-country-1995-2026"",""1995-2025-years"",""AF68""],[""geostat_trade_domestic-export-country-2014-2026"",""2014-2025-years"",""M68""]]",derived
2024,goods,country,partner.1995-2025.076,reexports,134748.5274746109000,numeric,unspecified,"[[""geostat_trade_export-country-1995-2026"",""1995-2025-years"",""AF69""],[""geostat_trade_domestic-export-country-2014-2026"",""2014-2025-years"",""M69""]]",derived
2024,goods,country,partner.1995-2025.084,reexports,0,numeric,unspecified,"[[""geostat_trade_export-country-1995-2026"",""1995-2025-years"",""AF63""],[""geostat_trade_domestic-export-country-2014-2026"",""2014-2025-years"",""M63""]]",derived
2024,goods,country,partner.1995-2025.092,reexports,0,numeric,unspecified,"[[""geostat_trade_export-country-1995-2026"",""1995-2025-years"",""AF194""],[""geostat_trade_domestic-export-country-2014-2026"",""2014-2025-years"",""M193""]]",derived
2024,goods,country,partner.1995-2025.100,reexports,2116746.8514512000,numeric,unspecified,"[[""geostat_trade_export-country-1995-2026"",""1995-2025-years"",""AF10""],[""geostat_trade_domestic-export-country-2014-2026"",""2014-2025-years"",""M10""]]",derived
2024,goods,country,partner.1995-2025.104,reexports,0,numeric,unspecified,"[[""geostat_trade_export-country-1995-2026"",""1995-2025-years"",""AF143""],[""geostat_trade_domestic-export-country-2014-2026"",""2014-2025-years"",""M143""]]",derived
2024,goods,country,partner.1995-2025.108,reexports,0.0,numeric,unspecified,"[[""geostat_trade_export-country-1995-2026"",""1995-2025-years"",""AF71""],[""geostat_trade_domestic-export-country-2014-2026"",""2014-2025-years"",""M71""]]",derived
2024,goods,country,partner.1995-2025.112,reexports,7127510.141576855000,numeric,unspecified,"[[""geostat_trade_export-country-1995-2026"",""1995-2025-years"",""AF39""],[""geostat_trade_domestic-export-country-2014-2026"",""2014-2025-years"",""M39""]]",derived
2024,goods,country,partner.1995-2025.116,reexports,380586.09802073520994000,numeric,unspecified,"[[""geostat_trade_export-country-1995-2026"",""1995-2025-years"",""AF72""],[""geostat_trade_domestic-export-country-2014-2026"",""2014-2025-years"",""M72""]]",derived
2024,goods,country,partner.1995-2025.120,reexports,0,numeric,unspecified,"[[""geostat_trade_export-country-1995-2026"",""1995-2025-years"",""AF73""],[""geostat_trade_domestic-export-country-2014-2026"",""2014-2025-years"",""M73""]]",derived
2024,goods,country,partner.1995-2025.124,reexports,1556803.2689430338000,numeric,unspecified,"[[""geostat_trade_export-country-1995-2026"",""1995-2025-years"",""AF74""],[""geostat_trade_domestic-export-country-2014-2026"",""2014-2025-years"",""M74""]]",derived
2024,goods,country,partner.1995-2025.136,reexports,0E-16,numeric,unspecified,"[[""geostat_trade_export-country-1995-2026"",""1995-2025-years"",""AF75""],[""geostat_trade_domestic-export-country-2014-2026"",""2014-2025-years"",""M75""]]",derived
2024,goods,country,partner.1995-2025.140,reexports,0,numeric,unspecified,"[[""geostat_trade_export-country-1995-2026"",""1995-2025-years"",""AF76""],[""geostat_trade_domestic-export-country-2014-2026"",""2014-2025-years"",""M76""]]",derived
2024,goods,country,partner.1995-2025.144,reexports,18190.4204002389401000,numeric,unspecified,"[[""geostat_trade_export-country-1995-2026"",""1995-2025-years"",""AF173""],[""geostat_trade_domestic-export-country-2014-2026"",""2014-2025-years"",""M173""]]",derived
2024,goods,country,partner.1995-2025.148,reexports,1951.967653107463000,numeric,unspecified,"[[""geostat_trade_export-country-1995-2026"",""1995-2025-years"",""AF77""],[""geostat_trade_domestic-export-country-2014-2026"",""2014-2025-years"",""M77""]]",derived
2024,goods,country,partner.1995-2025.152,reexports,0E-14,numeric,unspecified,"[[""geostat_trade_export-country-1995-2026"",""1995-2025-years"",""AF78""],[""geostat_trade_domestic-export-country-2014-2026"",""2014-2025-years"",""M78""]]",derived
2024,goods,country,partner.1995-2025.156,reexports,29686055.90343743000,numeric,unspecified,"[[""geostat_trade_export-country-1995-2026"",""1995-2025-years"",""AF79""],[""geostat_trade_domestic-export-country-2014-2026"",""2014-2025-years"",""M79""]]",derived
2024,goods,country,partner.1995-2025.158,reexports,517518.5999999998000,numeric,unspecified,"[[""geostat_trade_export-country-1995-2026"",""1995-2025-years"",""AF179""],[""geostat_trade_domestic-export-country-2014-2026"",""2014-2025-years"",""M178""]]",derived
2024,goods,country,partner.1995-2025.170,reexports,0E-13,numeric,unspecified,"[[""geostat_trade_export-country-1995-2026"",""1995-2025-years"",""AF80""],[""geostat_trade_domestic-export-country-2014-2026"",""2014-2025-years"",""M80""]]",derived
2024,goods,country,partner.1995-2025.178,reexports,0E-14,numeric,unspecified,"[[""geostat_trade_export-country-1995-2026"",""1995-2025-years"",""AF81""],[""geostat_trade_domestic-export-country-2014-2026"",""2014-2025-years"",""M81""]]",derived
2024,goods,country,partner.1995-2025.180,reexports,0,numeric,unspecified,"[[""geostat_trade_export-country-1995-2026"",""1995-2025-years"",""AF82""],[""geostat_trade_domestic-export-country-2014-2026"",""2014-2025-years"",""M82""]]",derived
2024,goods,country,partner.1995-2025.188,reexports,0E-14,numeric,unspecified,"[[""geostat_trade_export-country-1995-2026"",""1995-2025-years"",""AF83""],[""geostat_trade_domestic-export-country-2014-2026"",""2014-2025-years"",""M83""]]",derived
2024,goods,country,partner.1995-2025.191,reexports,48439.23145013002000,numeric,unspecified,"[[""geostat_trade_export-country-1995-2026"",""1995-2025-years"",""AF11""],[""geostat_trade_domestic-export-country-2014-2026"",""2014-2025-years"",""M11""]]",derived
2024,goods,country,partner.1995-2025.192,reexports,0,numeric,unspecified,"[[""geostat_trade_export-country-1995-2026"",""1995-2025-years"",""AF85""],[""geostat_trade_domestic-export-country-2014-2026"",""2014-2025-years"",""M85""]]",derived
2024,goods,country,partner.1995-2025.196,reexports,311520.7640133531000,numeric,unspecified,"[[""geostat_trade_export-country-1995-2026"",""1995-2025-years"",""AF12""],[""geostat_trade_domestic-export-country-2014-2026"",""2014-2025-years"",""M12""]]",derived
2024,goods,country,partner.1995-2025.203,reexports,6608352.722189299000,numeric,unspecified,"[[""geostat_trade_export-country-1995-2026"",""1995-2025-years"",""AF13""],[""geostat_trade_domestic-export-country-2014-2026"",""2014-2025-years"",""M13""]]",derived
2024,goods,country,partner.1995-2025.204,reexports,0E-15,numeric,unspecified,"[[""geostat_trade_export-country-1995-2026"",""1995-2025-years"",""AF64""],[""geostat_trade_domestic-export-country-2014-2026"",""2014-2025-years"",""M64""]]",derived
2024,goods,country,partner.1995-2025.208,reexports,1316956.8617590485000,numeric,unspecified,"[[""geostat_trade_export-country-1995-2026"",""1995-2025-years"",""AF14""],[""geostat_trade_domestic-export-country-2014-2026"",""2014-2025-years"",""M14""]]",derived
2024,goods,country,partner.1995-2025.212,reexports,0,numeric,unspecified,"[[""geostat_trade_export-country-1995-2026"",""1995-2025-years"",""AF87""],[""geostat_trade_domestic-export-country-2014-2026"",""2014-2025-years"",""M87""]]",derived
2024,goods,country,partner.1995-2025.214,reexports,0,numeric,unspecified,"[[""geostat_trade_export-country-1995-2026"",""1995-2025-years"",""AF88""],[""geostat_trade_domestic-export-country-2014-2026"",""2014-2025-years"",""M88""]]",derived
2024,goods,country,partner.1995-2025.218,reexports,0,numeric,unspecified,"[[""geostat_trade_export-country-1995-2026"",""1995-2025-years"",""AF89""],[""geostat_trade_domestic-export-country-2014-2026"",""2014-2025-years"",""M89""]]",derived
2024,goods,country,partner.1995-2025.222,reexports,0,numeric,unspecified,"[[""geostat_trade_export-country-1995-2026"",""1995-2025-years"",""AF91""],[""geostat_trade_domestic-export-country-2014-2026"",""2014-2025-years"",""M91""]]",derived
2024,goods,country,partner.1995-2025.226,reexports,0,numeric,unspecified,"[[""geostat_trade_export-country-1995-2026"",""1995-2025-years"",""AF92""],[""geostat_trade_domestic-export-country-2014-2026"",""2014-2025-years"",""M92""]]",derived
2024,goods,country,partner.1995-2025.231,reexports,0,numeric,unspecified,"[[""geostat_trade_export-country-1995-2026"",""1995-2025-years"",""AF93""],[""geostat_trade_domestic-export-country-2014-2026"",""2014-2025-years"",""M93""]]",derived
2024,goods,country,partner.1995-2025.233,reexports,1716750.7199449065000,numeric,unspecified,"[[""geostat_trade_export-country-1995-2026"",""1995-2025-years"",""AF15""],[""geostat_trade_domestic-export-country-2014-2026"",""2014-2025-years"",""M15""]]",derived
2024,goods,country,partner.1995-2025.242,reexports,0.0,numeric,unspecified,"[[""geostat_trade_export-country-1995-2026"",""1995-2025-years"",""AF94""],[""geostat_trade_domestic-export-country-2014-2026"",""2014-2025-years"",""M94""]]",derived
2024,goods,country,partner.1995-2025.246,reexports,83891.8866644020000,numeric,unspecified,"[[""geostat_trade_export-country-1995-2026"",""1995-2025-years"",""AF16""],[""geostat_trade_domestic-export-country-2014-2026"",""2014-2025-years"",""M16""]]",derived
2024,goods,country,partner.1995-2025.250,reexports,1038126.131183417000,numeric,unspecified,"[[""geostat_trade_export-country-1995-2026"",""1995-2025-years"",""AF17""],[""geostat_trade_domestic-export-country-2014-2026"",""2014-2025-years"",""M17""]]",derived
2024,goods,country,partner.1995-2025.258,reexports,0,numeric,unspecified,"[[""geostat_trade_export-country-1995-2026"",""1995-2025-years"",""AF95""],[""geostat_trade_domestic-export-country-2014-2026"",""2014-2025-years"",""M95""]]",derived
2024,goods,country,partner.1995-2025.262,reexports,40990.991721988024000,numeric,unspecified,"[[""geostat_trade_export-country-1995-2026"",""1995-2025-years"",""AF86""],[""geostat_trade_domestic-export-country-2014-2026"",""2014-2025-years"",""M86""]]",derived
2024,goods,country,partner.1995-2025.266,reexports,0,numeric,unspecified,"[[""geostat_trade_export-country-1995-2026"",""1995-2025-years"",""AF96""],[""geostat_trade_domestic-export-country-2014-2026"",""2014-2025-years"",""M96""]]",derived
2024,goods,country,partner.1995-2025.270,reexports,0,numeric,unspecified,"[[""geostat_trade_export-country-1995-2026"",""1995-2025-years"",""AF97""],[""geostat_trade_domestic-export-country-2014-2026"",""2014-2025-years"",""M97""]]",derived
2024,goods,country,partner.1995-2025.275,reexports,0E-15,numeric,unspecified,"[[""geostat_trade_export-country-1995-2026"",""1995-2025-years"",""AF174""],[""geostat_trade_domestic-export-country-2014-2026"",""2014-2025-years"",""M153""]]",derived
2024,goods,country,partner.1995-2025.276,reexports,3005904.506325932000,numeric,unspecified,"[[""geostat_trade_export-country-1995-2026"",""1995-2025-years"",""AF18""],[""geostat_trade_domestic-export-country-2014-2026"",""2014-2025-years"",""M18""]]",derived
2024,goods,country,partner.1995-2025.288,reexports,17808.0000000000000,numeric,unspecified,"[[""geostat_trade_export-country-1995-2026"",""1995-2025-years"",""AF98""],[""geostat_trade_domestic-export-country-2014-2026"",""2014-2025-years"",""M98""]]",derived
2024,goods,country,partner.1995-2025.292,reexports,0,numeric,unspecified,"[[""geostat_trade_export-country-1995-2026"",""1995-2025-years"",""AF99""],[""geostat_trade_domestic-export-country-2014-2026"",""2014-2025-years"",""M99""]]",derived
2024,goods,country,partner.1995-2025.300,reexports,261652.310752162000,numeric,unspecified,"[[""geostat_trade_export-country-1995-2026"",""1995-2025-years"",""AF19""],[""geostat_trade_domestic-export-country-2014-2026"",""2014-2025-years"",""M19""]]",derived
2024,goods,country,partner.1995-2025.312,reexports,0,numeric,unspecified,"[[""geostat_trade_export-country-1995-2026"",""1995-2025-years"",""AF100""],[""geostat_trade_domestic-export-country-2014-2026"",""2014-2025-years"",""M100""]]",derived
2024,goods,country,partner.1995-2025.320,reexports,0,numeric,unspecified,"[[""geostat_trade_export-country-1995-2026"",""1995-2025-years"",""AF101""],[""geostat_trade_domestic-export-country-2014-2026"",""2014-2025-years"",""M101""]]",derived
2024,goods,country,partner.1995-2025.324,reexports,0,numeric,unspecified,"[[""geostat_trade_export-country-1995-2026"",""1995-2025-years"",""AF103""],[""geostat_trade_domestic-export-country-2014-2026"",""2014-2025-years"",""M102""]]",derived
2024,goods,country,partner.1995-2025.332,reexports,0,numeric,unspecified,"[[""geostat_trade_export-country-1995-2026"",""1995-2025-years"",""AF105""],[""geostat_trade_domestic-export-country-2014-2026"",""2014-2025-years"",""M104""]]",derived
2024,goods,country,partner.1995-2025.336,reexports,0,numeric,unspecified,"[[""geostat_trade_export-country-1995-2026"",""1995-2025-years"",""AF106""],[""geostat_trade_domestic-export-country-2014-2026"",""2014-2025-years"",""M105""]]",derived
2024,goods,country,partner.1995-2025.340,reexports,0.0,numeric,unspecified,"[[""geostat_trade_export-country-1995-2026"",""1995-2025-years"",""AF107""],[""geostat_trade_domestic-export-country-2014-2026"",""2014-2025-years"",""M106""]]",derived
2024,goods,country,partner.1995-2025.344,reexports,2048947.1159621253000,numeric,unspecified,"[[""geostat_trade_export-country-1995-2026"",""1995-2025-years"",""AF108""],[""geostat_trade_domestic-export-country-2014-2026"",""2014-2025-years"",""M107""]]",derived
2024,goods,country,partner.1995-2025.348,reexports,866484.9756347630000,numeric,unspecified,"[[""geostat_trade_export-country-1995-2026"",""1995-2025-years"",""AF20""],[""geostat_trade_domestic-export-country-2014-2026"",""2014-2025-years"",""M20""]]",derived
2024,goods,country,partner.1995-2025.352,reexports,0E-16,numeric,unspecified,"[[""geostat_trade_export-country-1995-2026"",""1995-2025-years"",""AF109""],[""geostat_trade_domestic-export-country-2014-2026"",""2014-2025-years"",""M108""]]",derived
2024,goods,country,partner.1995-2025.356,reexports,3648472.170000005000,numeric,unspecified,"[[""geostat_trade_export-country-1995-2026"",""1995-2025-years"",""AF110""],[""geostat_trade_domestic-export-country-2014-2026"",""2014-2025-years"",""M109""]]",derived
2024,goods,country,partner.1995-2025.360,reexports,0E-13,numeric,unspecified,"[[""geostat_trade_export-country-1995-2026"",""1995-2025-years"",""AF111""],[""geostat_trade_domestic-export-country-2014-2026"",""2014-2025-years"",""M110""]]",derived
2024,goods,country,partner.1995-2025.364,reexports,13332729.455557081000,numeric,unspecified,"[[""geostat_trade_export-country-1995-2026"",""1995-2025-years"",""AF112""],[""geostat_trade_domestic-export-country-2014-2026"",""2014-2025-years"",""M111""]]",derived
2024,goods,country,partner.1995-2025.368,reexports,581133.759207093000,numeric,unspecified,"[[""geostat_trade_export-country-1995-2026"",""1995-2025-years"",""AF113""],[""geostat_trade_domestic-export-country-2014-2026"",""2014-2025-years"",""M112""]]",derived
2024,goods,country,partner.1995-2025.372,reexports,193195.79987400965000,numeric,unspecified,"[[""geostat_trade_export-country-1995-2026"",""1995-2025-years"",""AF21""],[""geostat_trade_domestic-export-country-2014-2026"",""2014-2025-years"",""M21""]]",derived
2024,goods,country,partner.1995-2025.376,reexports,10746032.178456262000,numeric,unspecified,"[[""geostat_trade_export-country-1995-2026"",""1995-2025-years"",""AF114""],[""geostat_trade_domestic-export-country-2014-2026"",""2014-2025-years"",""M113""]]",derived
2024,goods,country,partner.1995-2025.380,reexports,1088620.060925722000,numeric,unspecified,"[[""geostat_trade_export-country-1995-2026"",""1995-2025-years"",""AF22""],[""geostat_trade_domestic-export-country-2014-2026"",""2014-2025-years"",""M22""]]",derived
2024,goods,country,partner.1995-2025.384,reexports,0.0000,numeric,unspecified,"[[""geostat_trade_export-country-1995-2026"",""1995-2025-years"",""AF84""],[""geostat_trade_domestic-export-country-2014-2026"",""2014-2025-years"",""M84""]]",derived
2024,goods,country,partner.1995-2025.388,reexports,0,numeric,unspecified,"[[""geostat_trade_export-country-1995-2026"",""1995-2025-years"",""AF115""],[""geostat_trade_domestic-export-country-2014-2026"",""2014-2025-years"",""M114""]]",derived
2024,goods,country,partner.1995-2025.392,reexports,309235.9265988834000,numeric,unspecified,"[[""geostat_trade_export-country-1995-2026"",""1995-2025-years"",""AF116""],[""geostat_trade_domestic-export-country-2014-2026"",""2014-2025-years"",""M115""]]",derived
2024,goods,country,partner.1995-2025.398,reexports,783189460.463163834000,numeric,unspecified,"[[""geostat_trade_export-country-1995-2026"",""1995-2025-years"",""AF40""],[""geostat_trade_domestic-export-country-2014-2026"",""2014-2025-years"",""M40""]]",derived
2024,goods,country,partner.1995-2025.400,reexports,0E-13,numeric,unspecified,"[[""geostat_trade_export-country-1995-2026"",""1995-2025-years"",""AF117""],[""geostat_trade_domestic-export-country-2014-2026"",""2014-2025-years"",""M116""]]",derived
2024,goods,country,partner.1995-2025.404,reexports,28887.10000000003000,numeric,unspecified,"[[""geostat_trade_export-country-1995-2026"",""1995-2025-years"",""AF118""],[""geostat_trade_domestic-export-country-2014-2026"",""2014-2025-years"",""M117""]]",derived
2024,goods,country,partner.1995-2025.408,reexports,0,numeric,unspecified,"[[""geostat_trade_export-country-1995-2026"",""1995-2025-years"",""AF119""],[""geostat_trade_domestic-export-country-2014-2026"",""2014-2025-years"",""M119""]]",derived
2024,goods,country,partner.1995-2025.410,reexports,3773129.5838113656000,numeric,unspecified,"[[""geostat_trade_export-country-1995-2026"",""1995-2025-years"",""AF120""],[""geostat_trade_domestic-export-country-2014-2026"",""2014-2025-years"",""M118""]]",derived
2024,goods,country,partner.1995-2025.414,reexports,0E-13,numeric,unspecified,"[[""geostat_trade_export-country-1995-2026"",""1995-2025-years"",""AF121""],[""geostat_trade_domestic-export-country-2014-2026"",""2014-2025-years"",""M120""]]",derived
2024,goods,country,partner.1995-2025.417,reexports,1273956066.542934609000,numeric,unspecified,"[[""geostat_trade_export-country-1995-2026"",""1995-2025-years"",""AF41""],[""geostat_trade_domestic-export-country-2014-2026"",""2014-2025-years"",""M41""]]",derived
2024,goods,country,partner.1995-2025.418,reexports,0E-15,numeric,unspecified,"[[""geostat_trade_export-country-1995-2026"",""1995-2025-years"",""AF122""],[""geostat_trade_domestic-export-country-2014-2026"",""2014-2025-years"",""M125""]]",derived
2024,goods,country,partner.1995-2025.422,reexports,105.0000000000000,numeric,unspecified,"[[""geostat_trade_export-country-1995-2026"",""1995-2025-years"",""AF123""],[""geostat_trade_domestic-export-country-2014-2026"",""2014-2025-years"",""M121""]]",derived
2024,goods,country,partner.1995-2025.428,reexports,1419333.821739292000,numeric,unspecified,"[[""geostat_trade_export-country-1995-2026"",""1995-2025-years"",""AF23""],[""geostat_trade_domestic-export-country-2014-2026"",""2014-2025-years"",""M23""]]",derived
2024,goods,country,partner.1995-2025.430,reexports,0E-14,numeric,unspecified,"[[""geostat_trade_export-country-1995-2026"",""1995-2025-years"",""AF124""],[""geostat_trade_domestic-export-country-2014-2026"",""2014-2025-years"",""M122""]]",derived
2024,goods,country,partner.1995-2025.434,reexports,205602.5182923218000,numeric,unspecified,"[[""geostat_trade_export-country-1995-2026"",""1995-2025-years"",""AF125""],[""geostat_trade_domestic-export-country-2014-2026"",""2014-2025-years"",""M123""]]",derived
2024,goods,country,partner.1995-2025.438,reexports,0E-14,numeric,unspecified,"[[""geostat_trade_export-country-1995-2026"",""1995-2025-years"",""AF126""],[""geostat_trade_domestic-export-country-2014-2026"",""2014-2025-years"",""M124""]]",derived
2024,goods,country,partner.1995-2025.440,reexports,3215574.90985743000,numeric,unspecified,"[[""geostat_trade_export-country-1995-2026"",""1995-2025-years"",""AF24""],[""geostat_trade_domestic-export-country-2014-2026"",""2014-2025-years"",""M24""]]",derived
2024,goods,country,partner.1995-2025.442,reexports,0E-14,numeric,unspecified,"[[""geostat_trade_export-country-1995-2026"",""1995-2025-years"",""AF25""],[""geostat_trade_domestic-export-country-2014-2026"",""2014-2025-years"",""M25""]]",derived
2024,goods,country,partner.1995-2025.446,reexports,0,numeric,unspecified,"[[""geostat_trade_export-country-1995-2026"",""1995-2025-years"",""AF127""],[""geostat_trade_domestic-export-country-2014-2026"",""2014-2025-years"",""M128""]]",derived
2024,goods,country,partner.1995-2025.450,reexports,66780.00,numeric,unspecified,"[[""geostat_trade_export-country-1995-2026"",""1995-2025-years"",""AF128""],[""geostat_trade_domestic-export-country-2014-2026"",""2014-2025-years"",""M127""]]",derived
2024,goods,country,partner.1995-2025.454,reexports,0,numeric,unspecified,"[[""geostat_trade_export-country-1995-2026"",""1995-2025-years"",""AF129""],[""geostat_trade_domestic-export-country-2014-2026"",""2014-2025-years"",""M129""]]",derived
2024,goods,country,partner.1995-2025.458,reexports,19999.99999999998000,numeric,unspecified,"[[""geostat_trade_export-country-1995-2026"",""1995-2025-years"",""AF130""],[""geostat_trade_domestic-export-country-2014-2026"",""2014-2025-years"",""M130""]]",derived
2024,goods,country,partner.1995-2025.462,reexports,194707.18287967995776000,numeric,unspecified,"[[""geostat_trade_export-country-1995-2026"",""1995-2025-years"",""AF131""],[""geostat_trade_domestic-export-country-2014-2026"",""2014-2025-years"",""M131""]]",derived
2024,goods,country,partner.1995-2025.466,reexports,46204.199999999998000,numeric,unspecified,"[[""geostat_trade_export-country-1995-2026"",""1995-2025-years"",""AF132""],[""geostat_trade_domestic-export-country-2014-2026"",""2014-2025-years"",""M132""]]",derived
2024,goods,country,partner.1995-2025.470,reexports,0E-15,numeric,unspecified,"[[""geostat_trade_export-country-1995-2026"",""1995-2025-years"",""AF26""],[""geostat_trade_domestic-export-country-2014-2026"",""2014-2025-years"",""M26""]]",derived
2024,goods,country,partner.1995-2025.474,reexports,0,numeric,unspecified,"[[""geostat_trade_export-country-1995-2026"",""1995-2025-years"",""AF134""],[""geostat_trade_domestic-export-country-2014-2026"",""2014-2025-years"",""M134""]]",derived
2024,goods,country,partner.1995-2025.478,reexports,32313.6000000004000,numeric,unspecified,"[[""geostat_trade_export-country-1995-2026"",""1995-2025-years"",""AF135""],[""geostat_trade_domestic-export-country-2014-2026"",""2014-2025-years"",""M135""]]",derived
2024,goods,country,partner.1995-2025.480,reexports,0,numeric,unspecified,"[[""geostat_trade_export-country-1995-2026"",""1995-2025-years"",""AF136""],[""geostat_trade_domestic-export-country-2014-2026"",""2014-2025-years"",""M136""]]",derived
2024,goods,country,partner.1995-2025.484,reexports,96695.83000000001000,numeric,unspecified,"[[""geostat_trade_export-country-1995-2026"",""1995-2025-years"",""AF137""],[""geostat_trade_domestic-export-country-2014-2026"",""2014-2025-years"",""M137""]]",derived
2024,goods,country,partner.1995-2025.492,reexports,0E-15,numeric,unspecified,"[[""geostat_trade_export-country-1995-2026"",""1995-2025-years"",""AF138""],[""geostat_trade_domestic-export-country-2014-2026"",""2014-2025-years"",""M138""]]",derived
2024,goods,country,partner.1995-2025.496,reexports,2099228.3976541021000,numeric,unspecified,"[[""geostat_trade_export-country-1995-2026"",""1995-2025-years"",""AF139""],[""geostat_trade_domestic-export-country-2014-2026"",""2014-2025-years"",""M139""]]",derived
2024,goods,country,partner.1995-2025.498,reexports,7549179.2042912296000,numeric,unspecified,"[[""geostat_trade_export-country-1995-2026"",""1995-2025-years"",""AF42""],[""geostat_trade_domestic-export-country-2014-2026"",""2014-2025-years"",""M42""]]",derived
2024,goods,country,partner.1995-2025.499,reexports,0E-13,numeric,unspecified,"[[""geostat_trade_export-country-1995-2026"",""1995-2025-years"",""AF140""],[""geostat_trade_domestic-export-country-2014-2026"",""2014-2025-years"",""M140""]]",derived
2024,goods,country,partner.1995-2025.504,reexports,2086309.4889615186000,numeric,unspecified,"[[""geostat_trade_export-country-1995-2026"",""1995-2025-years"",""AF141""],[""geostat_trade_domestic-export-country-2014-2026"",""2014-2025-years"",""M141""]]",derived
2024,goods,country,partner.1995-2025.508,reexports,0,numeric,unspecified,"[[""geostat_trade_export-country-1995-2026"",""1995-2025-years"",""AF142""],[""geostat_trade_domestic-export-country-2014-2026"",""2014-2025-years"",""M142""]]",derived
2024,goods,country,partner.1995-2025.512,reexports,389110.923879774329000,numeric,unspecified,"[[""geostat_trade_export-country-1995-2026"",""1995-2025-years"",""AF152""],[""geostat_trade_domestic-export-country-2014-2026"",""2014-2025-years"",""M151""]]",derived
2024,goods,country,partner.1995-2025.516,reexports,0E-13,numeric,unspecified,"[[""geostat_trade_export-country-1995-2026"",""1995-2025-years"",""AF144""],[""geostat_trade_domestic-export-country-2014-2026"",""2014-2025-years"",""M144""]]",derived
2024,goods,country,partner.1995-2025.524,reexports,0.0,numeric,unspecified,"[[""geostat_trade_export-country-1995-2026"",""1995-2025-years"",""AF145""],[""geostat_trade_domestic-export-country-2014-2026"",""2014-2025-years"",""M145""]]",derived
2024,goods,country,partner.1995-2025.528,reexports,42570871.804348990000,numeric,unspecified,"[[""geostat_trade_export-country-1995-2026"",""1995-2025-years"",""AF27""],[""geostat_trade_domestic-export-country-2014-2026"",""2014-2025-years"",""M27""]]",derived
2024,goods,country,partner.1995-2025.534,reexports,0,numeric,unspecified,"[[""geostat_trade_export-country-1995-2026"",""1995-2025-years"",""AF170""],[""geostat_trade_domestic-export-country-2014-2026"",""2014-2025-years"",""M170""]]",derived
2024,goods,country,partner.1995-2025.554,reexports,0E-13,numeric,unspecified,"[[""geostat_trade_export-country-1995-2026"",""1995-2025-years"",""AF146""],[""geostat_trade_domestic-export-country-2014-2026"",""2014-2025-years"",""M146""]]",derived
2024,goods,country,partner.1995-2025.558,reexports,0,numeric,unspecified,"[[""geostat_trade_export-country-1995-2026"",""1995-2025-years"",""AF147""],[""geostat_trade_domestic-export-country-2014-2026"",""2014-2025-years"",""M147""]]",derived
2024,goods,country,partner.1995-2025.562,reexports,0E-18,numeric,unspecified,"[[""geostat_trade_export-country-1995-2026"",""1995-2025-years"",""AF148""],[""geostat_trade_domestic-export-country-2014-2026"",""2014-2025-years"",""M148""]]",derived
2024,goods,country,partner.1995-2025.566,reexports,0E-15,numeric,unspecified,"[[""geostat_trade_export-country-1995-2026"",""1995-2025-years"",""AF149""],[""geostat_trade_domestic-export-country-2014-2026"",""2014-2025-years"",""M149""]]",derived
2024,goods,country,partner.1995-2025.578,reexports,0E-13,numeric,unspecified,"[[""geostat_trade_export-country-1995-2026"",""1995-2025-years"",""AF151""],[""geostat_trade_domestic-export-country-2014-2026"",""2014-2025-years"",""M150""]]",derived
2024,goods,country,partner.1995-2025.584,reexports,0,numeric,unspecified,"[[""geostat_trade_export-country-1995-2026"",""1995-2025-years"",""AF133""],[""geostat_trade_domestic-export-country-2014-2026"",""2014-2025-years"",""M133""]]",derived
2024,goods,country,partner.1995-2025.586,reexports,203107.32472124289000,numeric,unspecified,"[[""geostat_trade_export-country-1995-2026"",""1995-2025-years"",""AF153""],[""geostat_trade_domestic-export-country-2014-2026"",""2014-2025-years"",""M152""]]",derived
2024,goods,country,partner.1995-2025.591,reexports,0E-15,numeric,unspecified,"[[""geostat_trade_export-country-1995-2026"",""1995-2025-years"",""AF154""],[""geostat_trade_domestic-export-country-2014-2026"",""2014-2025-years"",""M154""]]",derived
2024,goods,country,partner.1995-2025.600,reexports,0,numeric,unspecified,"[[""geostat_trade_export-country-1995-2026"",""1995-2025-years"",""AF155""],[""geostat_trade_domestic-export-country-2014-2026"",""2014-2025-years"",""M155""]]",derived
2024,goods,country,partner.1995-2025.604,reexports,299000.000000000000,numeric,unspecified,"[[""geostat_trade_export-country-1995-2026"",""1995-2025-years"",""AF156""],[""geostat_trade_domestic-export-country-2014-2026"",""2014-2025-years"",""M156""]]",derived
2024,goods,country,partner.1995-2025.608,reexports,0E-13,numeric,unspecified,"[[""geostat_trade_export-country-1995-2026"",""1995-2025-years"",""AF157""],[""geostat_trade_domestic-export-country-2014-2026"",""2014-2025-years"",""M157""]]",derived
2024,goods,country,partner.1995-2025.616,reexports,11476483.724891477000,numeric,unspecified,"[[""geostat_trade_export-country-1995-2026"",""1995-2025-years"",""AF28""],[""geostat_trade_domestic-export-country-2014-2026"",""2014-2025-years"",""M28""]]",derived
2024,goods,country,partner.1995-2025.620,reexports,465712.3844407165000,numeric,unspecified,"[[""geostat_trade_export-country-1995-2026"",""1995-2025-years"",""AF29""],[""geostat_trade_domestic-export-country-2014-2026"",""2014-2025-years"",""M29""]]",derived
2024,goods,country,partner.1995-2025.624,reexports,0,numeric,unspecified,"[[""geostat_trade_export-country-1995-2026"",""1995-2025-years"",""AF104""],[""geostat_trade_domestic-export-country-2014-2026"",""2014-2025-years"",""M103""]]",derived
2024,goods,country,partner.1995-2025.630,reexports,0E-16,numeric,unspecified,"[[""geostat_trade_export-country-1995-2026"",""1995-2025-years"",""AF158""],[""geostat_trade_domestic-export-country-2014-2026"",""2014-2025-years"",""M158""]]",derived
2024,goods,country,partner.1995-2025.634,reexports,135679.6429959306000,numeric,unspecified,"[[""geostat_trade_export-country-1995-2026"",""1995-2025-years"",""AF159""],[""geostat_trade_domestic-export-country-2014-2026"",""2014-2025-years"",""M159""]]",derived
2024,goods,country,partner.1995-2025.642,reexports,8412146.727535277000,numeric,unspecified,"[[""geostat_trade_export-country-1995-2026"",""1995-2025-years"",""AF30""],[""geostat_trade_domestic-export-country-2014-2026"",""2014-2025-years"",""M30""]]",derived
2024,goods,country,partner.1995-2025.643,reexports,28099418.37205913000,numeric,unspecified,"[[""geostat_trade_export-country-1995-2026"",""1995-2025-years"",""AF43""],[""geostat_trade_domestic-export-country-2014-2026"",""2014-2025-years"",""M43""]]",derived
2024,goods,country,partner.1995-2025.646,reexports,0,numeric,unspecified,"[[""geostat_trade_export-country-1995-2026"",""1995-2025-years"",""AF160""],[""geostat_trade_domestic-export-country-2014-2026"",""2014-2025-years"",""M160""]]",derived
2024,goods,country,partner.1995-2025.660,reexports,0,numeric,unspecified,"[[""geostat_trade_export-country-1995-2026"",""1995-2025-years"",""AF55""],[""geostat_trade_domestic-export-country-2014-2026"",""2014-2025-years"",""M55""]]",derived
2024,goods,country,partner.1995-2025.670,reexports,0,numeric,unspecified,"[[""geostat_trade_export-country-1995-2026"",""1995-2025-years"",""AF161""],[""geostat_trade_domestic-export-country-2014-2026"",""2014-2025-years"",""M161""]]",derived
2024,goods,country,partner.1995-2025.674,reexports,0,numeric,unspecified,"[[""geostat_trade_export-country-1995-2026"",""1995-2025-years"",""AF162""],[""geostat_trade_domestic-export-country-2014-2026"",""2014-2025-years"",""M162""]]",derived
2024,goods,country,partner.1995-2025.682,reexports,4017168.558855756000,numeric,unspecified,"[[""geostat_trade_export-country-1995-2026"",""1995-2025-years"",""AF163""],[""geostat_trade_domestic-export-country-2014-2026"",""2014-2025-years"",""M163""]]",derived
2024,goods,country,partner.1995-2025.686,reexports,117548.48000000000000,numeric,unspecified,"[[""geostat_trade_export-country-1995-2026"",""1995-2025-years"",""AF164""],[""geostat_trade_domestic-export-country-2014-2026"",""2014-2025-years"",""M164""]]",derived
2024,goods,country,partner.1995-2025.688,reexports,1105471.6659247177000,numeric,unspecified,"[[""geostat_trade_export-country-1995-2026"",""1995-2025-years"",""AF165""],[""geostat_trade_domestic-export-country-2014-2026"",""2014-2025-years"",""M165""]]",derived
2024,goods,country,partner.1995-2025.690,reexports,179238.50000000001000,numeric,unspecified,"[[""geostat_trade_export-country-1995-2026"",""1995-2025-years"",""AF167""],[""geostat_trade_domestic-export-country-2014-2026"",""2014-2025-years"",""M167""]]",derived
2024,goods,country,partner.1995-2025.694,reexports,0,numeric,unspecified,"[[""geostat_trade_export-country-1995-2026"",""1995-2025-years"",""AF168""],[""geostat_trade_domestic-export-country-2014-2026"",""2014-2025-years"",""M168""]]",derived
2024,goods,country,partner.1995-2025.702,reexports,6702213.1213027119000,numeric,unspecified,"[[""geostat_trade_export-country-1995-2026"",""1995-2025-years"",""AF169""],[""geostat_trade_domestic-export-country-2014-2026"",""2014-2025-years"",""M169""]]",derived
2024,goods,country,partner.1995-2025.703,reexports,132544.7176936113000,numeric,unspecified,"[[""geostat_trade_export-country-1995-2026"",""1995-2025-years"",""AF31""],[""geostat_trade_domestic-export-country-2014-2026"",""2014-2025-years"",""M31""]]",derived
2024,goods,country,partner.1995-2025.704,reexports,15073.2232591531000,numeric,unspecified,"[[""geostat_trade_export-country-1995-2026"",""1995-2025-years"",""AF193""],[""geostat_trade_domestic-export-country-2014-2026"",""2014-2025-years"",""M192""]]",derived
2024,goods,country,partner.1995-2025.705,reexports,0E-14,numeric,unspecified,"[[""geostat_trade_export-country-1995-2026"",""1995-2025-years"",""AF32""],[""geostat_trade_domestic-export-country-2014-2026"",""2014-2025-years"",""M32""]]",derived
2024,goods,country,partner.1995-2025.706,reexports,0,numeric,unspecified,"[[""geostat_trade_export-country-1995-2026"",""1995-2025-years"",""AF171""],[""geostat_trade_domestic-export-country-2014-2026"",""2014-2025-years"",""M171""]]",derived
2024,goods,country,partner.1995-2025.710,reexports,522070.55316403230000,numeric,unspecified,"[[""geostat_trade_export-country-1995-2026"",""1995-2025-years"",""AF172""],[""geostat_trade_domestic-export-country-2014-2026"",""2014-2025-years"",""M172""]]",derived
2024,goods,country,partner.1995-2025.716,reexports,0,numeric,unspecified,"[[""geostat_trade_export-country-1995-2026"",""1995-2025-years"",""AF198""],[""geostat_trade_domestic-export-country-2014-2026"",""2014-2025-years"",""M197""]]",derived
2024,goods,country,partner.1995-2025.724,reexports,1301921.482067774000,numeric,unspecified,"[[""geostat_trade_export-country-1995-2026"",""1995-2025-years"",""AF33""],[""geostat_trade_domestic-export-country-2014-2026"",""2014-2025-years"",""M33""]]",derived
2024,goods,country,partner.1995-2025.729,reexports,0E-14,numeric,unspecified,"[[""geostat_trade_export-country-1995-2026"",""1995-2025-years"",""AF175""],[""geostat_trade_domestic-export-country-2014-2026"",""2014-2025-years"",""M174""]]",derived
2024,goods,country,partner.1995-2025.740,reexports,0,numeric,unspecified,"[[""geostat_trade_export-country-1995-2026"",""1995-2025-years"",""AF176""],[""geostat_trade_domestic-export-country-2014-2026"",""2014-2025-years"",""M175""]]",derived
2024,goods,country,partner.1995-2025.752,reexports,98097.10000000018000,numeric,unspecified,"[[""geostat_trade_export-country-1995-2026"",""1995-2025-years"",""AF34""],[""geostat_trade_domestic-export-country-2014-2026"",""2014-2025-years"",""M34""]]",derived
2024,goods,country,partner.1995-2025.756,reexports,5395531.87211911000,numeric,unspecified,"[[""geostat_trade_export-country-1995-2026"",""1995-2025-years"",""AF177""],[""geostat_trade_domestic-export-country-2014-2026"",""2014-2025-years"",""M176""]]",derived
2024,goods,country,partner.1995-2025.760,reexports,0.00,numeric,unspecified,"[[""geostat_trade_export-country-1995-2026"",""1995-2025-years"",""AF178""],[""geostat_trade_domestic-export-country-2014-2026"",""2014-2025-years"",""M177""]]",derived
2024,goods,country,partner.1995-2025.762,reexports,28798459.882745326000,numeric,unspecified,"[[""geostat_trade_export-country-1995-2026"",""1995-2025-years"",""AF44""],[""geostat_trade_domestic-export-country-2014-2026"",""2014-2025-years"",""M44""]]",derived
2024,goods,country,partner.1995-2025.764,reexports,130640.4065934066000,numeric,unspecified,"[[""geostat_trade_export-country-1995-2026"",""1995-2025-years"",""AF181""],[""geostat_trade_domestic-export-country-2014-2026"",""2014-2025-years"",""M180""]]",derived
2024,goods,country,partner.1995-2025.768,reexports,239334.000,numeric,unspecified,"[[""geostat_trade_export-country-1995-2026"",""1995-2025-years"",""AF182""],[""geostat_trade_domestic-export-country-2014-2026"",""2014-2025-years"",""M181""]]",derived
2024,goods,country,partner.1995-2025.780,reexports,0,numeric,unspecified,"[[""geostat_trade_export-country-1995-2026"",""1995-2025-years"",""AF183""],[""geostat_trade_domestic-export-country-2014-2026"",""2014-2025-years"",""M182""]]",derived
2024,goods,country,partner.1995-2025.784,reexports,25945773.348408958000,numeric,unspecified,"[[""geostat_trade_export-country-1995-2026"",""1995-2025-years"",""AF188""],[""geostat_trade_domestic-export-country-2014-2026"",""2014-2025-years"",""M187""]]",derived
2024,goods,country,partner.1995-2025.788,reexports,0E-15,numeric,unspecified,"[[""geostat_trade_export-country-1995-2026"",""1995-2025-years"",""AF184""],[""geostat_trade_domestic-export-country-2014-2026"",""2014-2025-years"",""M183""]]",derived
2024,goods,country,partner.1995-2025.792,reexports,55938442.09624937000,numeric,unspecified,"[[""geostat_trade_export-country-1995-2026"",""1995-2025-years"",""AF185""],[""geostat_trade_domestic-export-country-2014-2026"",""2014-2025-years"",""M184""]]",derived
2024,goods,country,partner.1995-2025.795,reexports,19385142.2607987667000,numeric,unspecified,"[[""geostat_trade_export-country-1995-2026"",""1995-2025-years"",""AF45""],[""geostat_trade_domestic-export-country-2014-2026"",""2014-2025-years"",""M45""]]",derived
2024,goods,country,partner.1995-2025.796,reexports,0,numeric,unspecified,"[[""geostat_trade_export-country-1995-2026"",""1995-2025-years"",""AF186""],[""geostat_trade_domestic-export-country-2014-2026"",""2014-2025-years"",""M185""]]",derived
2024,goods,country,partner.1995-2025.800,reexports,141709.16999999997000,numeric,unspecified,"[[""geostat_trade_export-country-1995-2026"",""1995-2025-years"",""AF187""],[""geostat_trade_domestic-export-country-2014-2026"",""2014-2025-years"",""M186""]]",derived
2024,goods,country,partner.1995-2025.804,reexports,18300791.896494642000,numeric,unspecified,"[[""geostat_trade_export-country-1995-2026"",""1995-2025-years"",""AF46""],[""geostat_trade_domestic-export-country-2014-2026"",""2014-2025-years"",""M46""]]",derived
2024,goods,country,partner.1995-2025.818,reexports,1840589.614261975000,numeric,unspecified,"[[""geostat_trade_export-country-1995-2026"",""1995-2025-years"",""AF90""],[""geostat_trade_domestic-export-country-2014-2026"",""2014-2025-years"",""M90""]]",derived
2024,goods,country,partner.1995-2025.826,reexports,1868295.895258044000,numeric,unspecified,"[[""geostat_trade_export-country-1995-2026"",""1995-2025-years"",""AF189""],[""geostat_trade_domestic-export-country-2014-2026"",""2014-2025-years"",""M188""]]",derived
2024,goods,country,partner.1995-2025.834,reexports,0.00,numeric,unspecified,"[[""geostat_trade_export-country-1995-2026"",""1995-2025-years"",""AF180""],[""geostat_trade_domestic-export-country-2014-2026"",""2014-2025-years"",""M179""]]",derived
2024,goods,country,partner.1995-2025.840,reexports,8420988.74655343000,numeric,unspecified,"[[""geostat_trade_export-country-1995-2026"",""1995-2025-years"",""AF190""],[""geostat_trade_domestic-export-country-2014-2026"",""2014-2025-years"",""M189""]]",derived
2024,goods,country,partner.1995-2025.850,reexports,0,numeric,unspecified,"[[""geostat_trade_export-country-1995-2026"",""1995-2025-years"",""AF195""],[""geostat_trade_domestic-export-country-2014-2026"",""2014-2025-years"",""M194""]]",derived
2024,goods,country,partner.1995-2025.854,reexports,0E-15,numeric,unspecified,"[[""geostat_trade_export-country-1995-2026"",""1995-2025-years"",""AF70""],[""geostat_trade_domestic-export-country-2014-2026"",""2014-2025-years"",""M70""]]",derived
2024,goods,country,partner.1995-2025.858,reexports,0E-15,numeric,unspecified,"[[""geostat_trade_export-country-1995-2026"",""1995-2025-years"",""AF191""],[""geostat_trade_domestic-export-country-2014-2026"",""2014-2025-years"",""M190""]]",derived
2024,goods,country,partner.1995-2025.860,reexports,112397265.417669384000,numeric,unspecified,"[[""geostat_trade_export-country-1995-2026"",""1995-2025-years"",""AF47""],[""geostat_trade_domestic-export-country-2014-2026"",""2014-2025-years"",""M47""]]",derived
2024,goods,country,partner.1995-2025.862,reexports,0.000,numeric,unspecified,"[[""geostat_trade_export-country-1995-2026"",""1995-2025-years"",""AF192""],[""geostat_trade_domestic-export-country-2014-2026"",""2014-2025-years"",""M191""]]",derived
2024,goods,country,partner.1995-2025.887,reexports,0,numeric,unspecified,"[[""geostat_trade_export-country-1995-2026"",""1995-2025-years"",""AF196""],[""geostat_trade_domestic-export-country-2014-2026"",""2014-2025-years"",""M195""]]",derived
2024,goods,country,partner.1995-2025.891,reexports,0,numeric,unspecified,"[[""geostat_trade_export-country-1995-2026"",""1995-2025-years"",""AF166""],[""geostat_trade_domestic-export-country-2014-2026"",""2014-2025-years"",""M166""]]",derived
2024,goods,country,partner.1995-2025.894,reexports,0,numeric,unspecified,"[[""geostat_trade_export-country-1995-2026"",""1995-2025-years"",""AF197""],[""geostat_trade_domestic-export-country-2014-2026"",""2014-2025-years"",""M196""]]",derived
2024,goods,national,goods.total,reexports,3571679886.8114848000000,numeric,unspecified,"[[""geostat_trade_ftrade-1995-2026"",""1995-2026"",""AE5""],[""geostat_trade_domestic-export-country-2014-2026"",""2014-2025-years"",""M5""]]",derived
2024,goods,national,goods.total,trade_balance,-10354952594.5027801000000,numeric,unspecified,"[[""geostat_trade_ftrade-1995-2026"",""1995-2026"",""AE5""],[""geostat_trade_ftrade-1995-2026"",""1995-2026"",""AE20""]]",derived
2024,goods,national,goods.total,trade_turnover,23478717096.9178899000000,numeric,unspecified,"[[""geostat_trade_ftrade-1995-2026"",""1995-2026"",""AE5""],[""geostat_trade_ftrade-1995-2026"",""1995-2026"",""AE20""]]",derived
2024,goods,product,goods.hs4.2020-2025.0102,reexports,0E-12,numeric,unspecified,"[[""geostat_trade_export-product-by-4-digit-2015-2026"",""2020-2025-years"",""G8""],[""geostat_trade_domestic-exports-by-4-digit-2014-2026"",""2020-2025-years"",""G7""]]",derived
2024,goods,product,goods.hs4.2020-2025.0104,reexports,3598000.000000000000,numeric,unspecified,"[[""geostat_trade_export-product-by-4-digit-2015-2026"",""2020-2025-years"",""G10""],[""geostat_trade_domestic-exports-by-4-digit-2014-2026"",""2020-2025-years"",""G8""]]",derived
2024,goods,product,goods.hs4.2020-2025.0105,reexports,290725.9999999996000,numeric,unspecified,"[[""geostat_trade_export-product-by-4-digit-2015-2026"",""2020-2025-years"",""G11""],[""geostat_trade_domestic-exports-by-4-digit-2014-2026"",""2020-2025-years"",""G9""]]",derived
2024,goods,product,goods.hs4.2020-2025.0204,reexports,0E-13,numeric,unspecified,"[[""geostat_trade_export-product-by-4-digit-2015-2026"",""2020-2025-years"",""G16""],[""geostat_trade_domestic-exports-by-4-digit-2014-2026"",""2020-2025-years"",""G10""]]",derived
2024,goods,product,goods.hs4.2020-2025.0207,reexports,17026899.980000000000,numeric,unspecified,"[[""geostat_trade_export-product-by-4-digit-2015-2026"",""2020-2025-years"",""G18""],[""geostat_trade_domestic-exports-by-4-digit-2014-2026"",""2020-2025-years"",""G11""]]",derived
2024,goods,product,goods.hs4.2020-2025.0302,reexports,62601.08000000002000,numeric,unspecified,"[[""geostat_trade_export-product-by-4-digit-2015-2026"",""2020-2025-years"",""G22""],[""geostat_trade_domestic-exports-by-4-digit-2014-2026"",""2020-2025-years"",""G12""]]",derived
2024,goods,product,goods.hs4.2020-2025.0303,reexports,921548.2200000004000,numeric,unspecified,"[[""geostat_trade_export-product-by-4-digit-2015-2026"",""2020-2025-years"",""G23""],[""geostat_trade_domestic-exports-by-4-digit-2014-2026"",""2020-2025-years"",""G13""]]",derived
2024,goods,product,goods.hs4.2020-2025.0504,reexports,0E-14,numeric,unspecified,"[[""geostat_trade_export-product-by-4-digit-2015-2026"",""2020-2025-years"",""G37""],[""geostat_trade_domestic-exports-by-4-digit-2014-2026"",""2020-2025-years"",""G14""]]",derived
2024,goods,product,goods.hs4.2020-2025.0701,reexports,0E-13,numeric,unspecified,"[[""geostat_trade_export-product-by-4-digit-2015-2026"",""2020-2025-years"",""G45""],[""geostat_trade_domestic-exports-by-4-digit-2014-2026"",""2020-2025-years"",""G15""]]",derived
2024,goods,product,goods.hs4.2020-2025.0702,reexports,3377375.0254912388000,numeric,unspecified,"[[""geostat_trade_export-product-by-4-digit-2015-2026"",""2020-2025-years"",""G46""],[""geostat_trade_domestic-exports-by-4-digit-2014-2026"",""2020-2025-years"",""G16""]]",derived
2024,goods,product,goods.hs4.2020-2025.0707,reexports,367491.10999999999000,numeric,unspecified,"[[""geostat_trade_export-product-by-4-digit-2015-2026"",""2020-2025-years"",""G51""],[""geostat_trade_domestic-exports-by-4-digit-2014-2026"",""2020-2025-years"",""G17""]]",derived
2024,goods,product,goods.hs4.2020-2025.0709,reexports,1104142.7070548543000,numeric,unspecified,"[[""geostat_trade_export-product-by-4-digit-2015-2026"",""2020-2025-years"",""G53""],[""geostat_trade_domestic-exports-by-4-digit-2014-2026"",""2020-2025-years"",""G18""]]",derived
2024,goods,product,goods.hs4.2020-2025.0802,reexports,2444677.13473699000,numeric,unspecified,"[[""geostat_trade_export-product-by-4-digit-2015-2026"",""2020-2025-years"",""G60""],[""geostat_trade_domestic-exports-by-4-digit-2014-2026"",""2020-2025-years"",""G19""]]",derived
2024,goods,product,goods.hs4.2020-2025.0805,reexports,10986310.259304573000,numeric,unspecified,"[[""geostat_trade_export-product-by-4-digit-2015-2026"",""2020-2025-years"",""G63""],[""geostat_trade_domestic-exports-by-4-digit-2014-2026"",""2020-2025-years"",""G20""]]",derived
2024,goods,product,goods.hs4.2020-2025.0808,reexports,1252910.0943868461000,numeric,unspecified,"[[""geostat_trade_export-product-by-4-digit-2015-2026"",""2020-2025-years"",""G66""],[""geostat_trade_domestic-exports-by-4-digit-2014-2026"",""2020-2025-years"",""G21""]]",derived
2024,goods,product,goods.hs4.2020-2025.0809,reexports,241575.709768294000,numeric,unspecified,"[[""geostat_trade_export-product-by-4-digit-2015-2026"",""2020-2025-years"",""G67""],[""geostat_trade_domestic-exports-by-4-digit-2014-2026"",""2020-2025-years"",""G22""]]",derived
2024,goods,product,goods.hs4.2020-2025.0810,reexports,2181001.111016521000,numeric,unspecified,"[[""geostat_trade_export-product-by-4-digit-2015-2026"",""2020-2025-years"",""G68""],[""geostat_trade_domestic-exports-by-4-digit-2014-2026"",""2020-2025-years"",""G23""]]",derived
2024,goods,product,goods.hs4.2020-2025.0813,reexports,74787.0000000000000,numeric,unspecified,"[[""geostat_trade_export-product-by-4-digit-2015-2026"",""2020-2025-years"",""G71""],[""geostat_trade_domestic-exports-by-4-digit-2014-2026"",""2020-2025-years"",""G24""]]",derived
2024,goods,product,goods.hs4.2020-2025.0902,reexports,933786.0320298507000,numeric,unspecified,"[[""geostat_trade_export-product-by-4-digit-2015-2026"",""2020-2025-years"",""G74""],[""geostat_trade_domestic-exports-by-4-digit-2014-2026"",""2020-2025-years"",""G25""]]",derived
2024,goods,product,goods.hs4.2020-2025.0910,reexports,287808.700733978000,numeric,unspecified,"[[""geostat_trade_export-product-by-4-digit-2015-2026"",""2020-2025-years"",""G81""],[""geostat_trade_domestic-exports-by-4-digit-2014-2026"",""2020-2025-years"",""G26""]]",derived
2024,goods,product,goods.hs4.2020-2025.1003,reexports,0E-15,numeric,unspecified,"[[""geostat_trade_export-product-by-4-digit-2015-2026"",""2020-2025-years"",""G83""],[""geostat_trade_domestic-exports-by-4-digit-2014-2026"",""2020-2025-years"",""G27""]]",derived
2024,goods,product,goods.hs4.2020-2025.1005,reexports,14461.6298939873000,numeric,unspecified,"[[""geostat_trade_export-product-by-4-digit-2015-2026"",""2020-2025-years"",""G85""],[""geostat_trade_domestic-exports-by-4-digit-2014-2026"",""2020-2025-years"",""G28""]]",derived
2024,goods,product,goods.hs4.2020-2025.1106,reexports,612.0000000010000,numeric,unspecified,"[[""geostat_trade_export-product-by-4-digit-2015-2026"",""2020-2025-years"",""G92""],[""geostat_trade_domestic-exports-by-4-digit-2014-2026"",""2020-2025-years"",""G29""]]",derived
2024,goods,product,goods.hs4.2020-2025.1206,reexports,394315.15999999993000,numeric,unspecified,"[[""geostat_trade_export-product-by-4-digit-2015-2026"",""2020-2025-years"",""G99""],[""geostat_trade_domestic-exports-by-4-digit-2014-2026"",""2020-2025-years"",""G30""]]",derived
2024,goods,product,goods.hs4.2020-2025.1211,reexports,444012.9999999999000,numeric,unspecified,"[[""geostat_trade_export-product-by-4-digit-2015-2026"",""2020-2025-years"",""G103""],[""geostat_trade_domestic-exports-by-4-digit-2014-2026"",""2020-2025-years"",""G31""]]",derived
2024,goods,product,goods.hs4.2020-2025.1504,reexports,0E-12,numeric,unspecified,"[[""geostat_trade_export-product-by-4-digit-2015-2026"",""2020-2025-years"",""G113""],[""geostat_trade_domestic-exports-by-4-digit-2014-2026"",""2020-2025-years"",""G32""]]",derived
2024,goods,product,goods.hs4.2020-2025.1515,reexports,438.87999999998000,numeric,unspecified,"[[""geostat_trade_export-product-by-4-digit-2015-2026"",""2020-2025-years"",""G121""],[""geostat_trade_domestic-exports-by-4-digit-2014-2026"",""2020-2025-years"",""G33""]]",derived
2024,goods,product,goods.hs4.2020-2025.1516,reexports,1960.20000000010000,numeric,unspecified,"[[""geostat_trade_export-product-by-4-digit-2015-2026"",""2020-2025-years"",""G122""],[""geostat_trade_domestic-exports-by-4-digit-2014-2026"",""2020-2025-years"",""G34""]]",derived
2024,goods,product,goods.hs4.2020-2025.1806,reexports,9490174.3663878949000,numeric,unspecified,"[[""geostat_trade_export-product-by-4-digit-2015-2026"",""2020-2025-years"",""G138""],[""geostat_trade_domestic-exports-by-4-digit-2014-2026"",""2020-2025-years"",""G35""]]",derived
2024,goods,product,goods.hs4.2020-2025.2007,reexports,1490.15771947154000,numeric,unspecified,"[[""geostat_trade_export-product-by-4-digit-2015-2026"",""2020-2025-years"",""G150""],[""geostat_trade_domestic-exports-by-4-digit-2014-2026"",""2020-2025-years"",""G36""]]",derived
2024,goods,product,goods.hs4.2020-2025.2008,reexports,160740.198412364000,numeric,unspecified,"[[""geostat_trade_export-product-by-4-digit-2015-2026"",""2020-2025-years"",""G151""],[""geostat_trade_domestic-exports-by-4-digit-2014-2026"",""2020-2025-years"",""G37""]]",derived
2024,goods,product,goods.hs4.2020-2025.2009,reexports,12771.544228279000,numeric,unspecified,"[[""geostat_trade_export-product-by-4-digit-2015-2026"",""2020-2025-years"",""G152""],[""geostat_trade_domestic-exports-by-4-digit-2014-2026"",""2020-2025-years"",""G38""]]",derived
2024,goods,product,goods.hs4.2020-2025.2101,reexports,1220757.9699999997000,numeric,unspecified,"[[""geostat_trade_export-product-by-4-digit-2015-2026"",""2020-2025-years"",""G153""],[""geostat_trade_domestic-exports-by-4-digit-2014-2026"",""2020-2025-years"",""G39""]]",derived
2024,goods,product,goods.hs4.2020-2025.2103,reexports,141667.5468963676000,numeric,unspecified,"[[""geostat_trade_export-product-by-4-digit-2015-2026"",""2020-2025-years"",""G155""],[""geostat_trade_domestic-exports-by-4-digit-2014-2026"",""2020-2025-years"",""G40""]]",derived
2024,goods,product,goods.hs4.2020-2025.2106,reexports,2600974.5175679487000,numeric,unspecified,"[[""geostat_trade_export-product-by-4-digit-2015-2026"",""2020-2025-years"",""G158""],[""geostat_trade_domestic-exports-by-4-digit-2014-2026"",""2020-2025-years"",""G41""]]",derived
2024,goods,product,goods.hs4.2020-2025.2201,reexports,40481.49284039000,numeric,unspecified,"[[""geostat_trade_export-product-by-4-digit-2015-2026"",""2020-2025-years"",""G159""],[""geostat_trade_domestic-exports-by-4-digit-2014-2026"",""2020-2025-years"",""G42""]]",derived
2024,goods,product,goods.hs4.2020-2025.2202,reexports,864566.41678974000,numeric,unspecified,"[[""geostat_trade_export-product-by-4-digit-2015-2026"",""2020-2025-years"",""G160""],[""geostat_trade_domestic-exports-by-4-digit-2014-2026"",""2020-2025-years"",""G43""]]",derived
2024,goods,product,goods.hs4.2020-2025.2203,reexports,990658.1444082349000,numeric,unspecified,"[[""geostat_trade_export-product-by-4-digit-2015-2026"",""2020-2025-years"",""G161""],[""geostat_trade_domestic-exports-by-4-digit-2014-2026"",""2020-2025-years"",""G44""]]",derived
2024,goods,product,goods.hs4.2020-2025.2204,reexports,1303231.93307227000,numeric,unspecified,"[[""geostat_trade_export-product-by-4-digit-2015-2026"",""2020-2025-years"",""G162""],[""geostat_trade_domestic-exports-by-4-digit-2014-2026"",""2020-2025-years"",""G45""]]",derived
2024,goods,product,goods.hs4.2020-2025.2208,reexports,38627184.62311581000,numeric,unspecified,"[[""geostat_trade_export-product-by-4-digit-2015-2026"",""2020-2025-years"",""G166""],[""geostat_trade_domestic-exports-by-4-digit-2014-2026"",""2020-2025-years"",""G46""]]",derived
2024,goods,product,goods.hs4.2020-2025.2301,reexports,0E-12,numeric,unspecified,"[[""geostat_trade_export-product-by-4-digit-2015-2026"",""2020-2025-years"",""G168""],[""geostat_trade_domestic-exports-by-4-digit-2014-2026"",""2020-2025-years"",""G47""]]",derived
2024,goods,product,goods.hs4.2020-2025.2309,reexports,398598.5008408224000,numeric,unspecified,"[[""geostat_trade_export-product-by-4-digit-2015-2026"",""2020-2025-years"",""G174""],[""geostat_trade_domestic-exports-by-4-digit-2014-2026"",""2020-2025-years"",""G48""]]",derived
2024,goods,product,goods.hs4.2020-2025.2508,reexports,72220.2527192876000,numeric,unspecified,"[[""geostat_trade_export-product-by-4-digit-2015-2026"",""2020-2025-years"",""G185""],[""geostat_trade_domestic-exports-by-4-digit-2014-2026"",""2020-2025-years"",""G49""]]",derived
2024,goods,product,goods.hs4.2020-2025.2522,reexports,0E-12,numeric,unspecified,"[[""geostat_trade_export-product-by-4-digit-2015-2026"",""2020-2025-years"",""G198""],[""geostat_trade_domestic-exports-by-4-digit-2014-2026"",""2020-2025-years"",""G50""]]",derived
2024,goods,product,goods.hs4.2020-2025.2602,reexports,50831.9228494625000,numeric,unspecified,"[[""geostat_trade_export-product-by-4-digit-2015-2026"",""2020-2025-years"",""G205""],[""geostat_trade_domestic-exports-by-4-digit-2014-2026"",""2020-2025-years"",""G51""]]",derived
2024,goods,product,goods.hs4.2020-2025.2603,reexports,0E-12,numeric,unspecified,"[[""geostat_trade_export-product-by-4-digit-2015-2026"",""2020-2025-years"",""G206""],[""geostat_trade_domestic-exports-by-4-digit-2014-2026"",""2020-2025-years"",""G52""]]",derived
2024,goods,product,goods.hs4.2020-2025.2616,reexports,0.00000,numeric,unspecified,"[[""geostat_trade_export-product-by-4-digit-2015-2026"",""2020-2025-years"",""G211""],[""geostat_trade_domestic-exports-by-4-digit-2014-2026"",""2020-2025-years"",""G53""]]",derived
2024,goods,product,goods.hs4.2020-2025.2710,reexports,74750196.388476998000,numeric,unspecified,"[[""geostat_trade_export-product-by-4-digit-2015-2026"",""2020-2025-years"",""G222""],[""geostat_trade_domestic-exports-by-4-digit-2014-2026"",""2020-2025-years"",""G54""]]",derived
2024,goods,product,goods.hs4.2020-2025.2716,reexports,0E-12,numeric,unspecified,"[[""geostat_trade_export-product-by-4-digit-2015-2026"",""2020-2025-years"",""G227""],[""geostat_trade_domestic-exports-by-4-digit-2014-2026"",""2020-2025-years"",""G55""]]",derived
2024,goods,product,goods.hs4.2020-2025.2820,reexports,0E-12,numeric,unspecified,"[[""geostat_trade_export-product-by-4-digit-2015-2026"",""2020-2025-years"",""G241""],[""geostat_trade_domestic-exports-by-4-digit-2014-2026"",""2020-2025-years"",""G56""]]",derived
2024,goods,product,goods.hs4.2020-2025.2837,reexports,0E-12,numeric,unspecified,"[[""geostat_trade_export-product-by-4-digit-2015-2026"",""2020-2025-years"",""G257""],[""geostat_trade_domestic-exports-by-4-digit-2014-2026"",""2020-2025-years"",""G57""]]",derived
2024,goods,product,goods.hs4.2020-2025.3004,reexports,108909920.477334681000,numeric,unspecified,"[[""geostat_trade_export-product-by-4-digit-2015-2026"",""2020-2025-years"",""G307""],[""geostat_trade_domestic-exports-by-4-digit-2014-2026"",""2020-2025-years"",""G58""]]",derived
2024,goods,product,goods.hs4.2020-2025.3006,reexports,347030.58641501107000,numeric,unspecified,"[[""geostat_trade_export-product-by-4-digit-2015-2026"",""2020-2025-years"",""G309""],[""geostat_trade_domestic-exports-by-4-digit-2014-2026"",""2020-2025-years"",""G59""]]",derived
2024,goods,product,goods.hs4.2020-2025.3102,reexports,414236.43353944000,numeric,unspecified,"[[""geostat_trade_export-product-by-4-digit-2015-2026"",""2020-2025-years"",""G311""],[""geostat_trade_domestic-exports-by-4-digit-2014-2026"",""2020-2025-years"",""G60""]]",derived
2024,goods,product,goods.hs4.2020-2025.3923,reexports,2050867.697567309000,numeric,unspecified,"[[""geostat_trade_export-product-by-4-digit-2015-2026"",""2020-2025-years"",""G406""],[""geostat_trade_domestic-exports-by-4-digit-2014-2026"",""2020-2025-years"",""G61""]]",derived
2024,goods,product,goods.hs4.2020-2025.3926,reexports,2898763.2946027092000,numeric,unspecified,"[[""geostat_trade_export-product-by-4-digit-2015-2026"",""2020-2025-years"",""G409""],[""geostat_trade_domestic-exports-by-4-digit-2014-2026"",""2020-2025-years"",""G62""]]",derived
2024,goods,product,goods.hs4.2020-2025.4407,reexports,176892.2489191336000,numeric,unspecified,"[[""geostat_trade_export-product-by-4-digit-2015-2026"",""2020-2025-years"",""G448""],[""geostat_trade_domestic-exports-by-4-digit-2014-2026"",""2020-2025-years"",""G63""]]",derived
2024,goods,product,goods.hs4.2020-2025.4410,reexports,18704.8300000006000,numeric,unspecified,"[[""geostat_trade_export-product-by-4-digit-2015-2026"",""2020-2025-years"",""G451""],[""geostat_trade_domestic-exports-by-4-digit-2014-2026"",""2020-2025-years"",""G64""]]",derived
2024,goods,product,goods.hs4.2020-2025.4418,reexports,1335177.7219012942000,numeric,unspecified,"[[""geostat_trade_export-product-by-4-digit-2015-2026"",""2020-2025-years"",""G459""],[""geostat_trade_domestic-exports-by-4-digit-2014-2026"",""2020-2025-years"",""G65""]]",derived
2024,goods,product,goods.hs4.2020-2025.4421,reexports,88261.62624186350000,numeric,unspecified,"[[""geostat_trade_export-product-by-4-digit-2015-2026"",""2020-2025-years"",""G462""],[""geostat_trade_domestic-exports-by-4-digit-2014-2026"",""2020-2025-years"",""G66""]]",derived
2024,goods,product,goods.hs4.2020-2025.4707,reexports,0E-13,numeric,unspecified,"[[""geostat_trade_export-product-by-4-digit-2015-2026"",""2020-2025-years"",""G472""],[""geostat_trade_domestic-exports-by-4-digit-2014-2026"",""2020-2025-years"",""G67""]]",derived
2024,goods,product,goods.hs4.2020-2025.4805,reexports,13334.09775064291000,numeric,unspecified,"[[""geostat_trade_export-product-by-4-digit-2015-2026"",""2020-2025-years"",""G477""],[""geostat_trade_domestic-exports-by-4-digit-2014-2026"",""2020-2025-years"",""G68""]]",derived
2024,goods,product,goods.hs4.2020-2025.5605,reexports,942.47999999993000,numeric,unspecified,"[[""geostat_trade_export-product-by-4-digit-2015-2026"",""2020-2025-years"",""G553""],[""geostat_trade_domestic-exports-by-4-digit-2014-2026"",""2020-2025-years"",""G69""]]",derived
2024,goods,product,goods.hs4.2020-2025.6102,reexports,111641.22816098304000,numeric,unspecified,"[[""geostat_trade_export-product-by-4-digit-2015-2026"",""2020-2025-years"",""G590""],[""geostat_trade_domestic-exports-by-4-digit-2014-2026"",""2020-2025-years"",""G70""]]",derived
2024,goods,product,goods.hs4.2020-2025.6103,reexports,959108.379926802000,numeric,unspecified,"[[""geostat_trade_export-product-by-4-digit-2015-2026"",""2020-2025-years"",""G591""],[""geostat_trade_domestic-exports-by-4-digit-2014-2026"",""2020-2025-years"",""G71""]]",derived
2024,goods,product,goods.hs4.2020-2025.6104,reexports,957549.1345373953000,numeric,unspecified,"[[""geostat_trade_export-product-by-4-digit-2015-2026"",""2020-2025-years"",""G592""],[""geostat_trade_domestic-exports-by-4-digit-2014-2026"",""2020-2025-years"",""G72""]]",derived
2024,goods,product,goods.hs4.2020-2025.6109,reexports,2093691.011671355000,numeric,unspecified,"[[""geostat_trade_export-product-by-4-digit-2015-2026"",""2020-2025-years"",""G597""],[""geostat_trade_domestic-exports-by-4-digit-2014-2026"",""2020-2025-years"",""G73""]]",derived
2024,goods,product,goods.hs4.2020-2025.6110,reexports,2712011.7150393867000,numeric,unspecified,"[[""geostat_trade_export-product-by-4-digit-2015-2026"",""2020-2025-years"",""G598""],[""geostat_trade_domestic-exports-by-4-digit-2014-2026"",""2020-2025-years"",""G74""]]",derived
2024,goods,product,goods.hs4.2020-2025.6201,reexports,928704.7442752557000,numeric,unspecified,"[[""geostat_trade_export-product-by-4-digit-2015-2026"",""2020-2025-years"",""G606""],[""geostat_trade_domestic-exports-by-4-digit-2014-2026"",""2020-2025-years"",""G75""]]",derived
2024,goods,product,goods.hs4.2020-2025.6202,reexports,686162.7633474713000,numeric,unspecified,"[[""geostat_trade_export-product-by-4-digit-2015-2026"",""2020-2025-years"",""G607""],[""geostat_trade_domestic-exports-by-4-digit-2014-2026"",""2020-2025-years"",""G76""]]",derived
2024,goods,product,goods.hs4.2020-2025.6203,reexports,2329831.944705390000,numeric,unspecified,"[[""geostat_trade_export-product-by-4-digit-2015-2026"",""2020-2025-years"",""G608""],[""geostat_trade_domestic-exports-by-4-digit-2014-2026"",""2020-2025-years"",""G77""]]",derived
2024,goods,product,goods.hs4.2020-2025.6204,reexports,3143546.9667385378000,numeric,unspecified,"[[""geostat_trade_export-product-by-4-digit-2015-2026"",""2020-2025-years"",""G609""],[""geostat_trade_domestic-exports-by-4-digit-2014-2026"",""2020-2025-years"",""G78""]]",derived
2024,goods,product,goods.hs4.2020-2025.6206,reexports,841652.20889712784000,numeric,unspecified,"[[""geostat_trade_export-product-by-4-digit-2015-2026"",""2020-2025-years"",""G611""],[""geostat_trade_domestic-exports-by-4-digit-2014-2026"",""2020-2025-years"",""G79""]]",derived
2024,goods,product,goods.hs4.2020-2025.6212,reexports,81461.7648469793000,numeric,unspecified,"[[""geostat_trade_export-product-by-4-digit-2015-2026"",""2020-2025-years"",""G617""],[""geostat_trade_domestic-exports-by-4-digit-2014-2026"",""2020-2025-years"",""G80""]]",derived
2024,goods,product,goods.hs4.2020-2025.6305,reexports,2121420.571131598000,numeric,unspecified,"[[""geostat_trade_export-product-by-4-digit-2015-2026"",""2020-2025-years"",""G627""],[""geostat_trade_domestic-exports-by-4-digit-2014-2026"",""2020-2025-years"",""G81""]]",derived
2024,goods,product,goods.hs4.2020-2025.6403,reexports,361318.9502019381000,numeric,unspecified,"[[""geostat_trade_export-product-by-4-digit-2015-2026"",""2020-2025-years"",""G635""],[""geostat_trade_domestic-exports-by-4-digit-2014-2026"",""2020-2025-years"",""G82""]]",derived
2024,goods,product,goods.hs4.2020-2025.6809,reexports,13281.1306918229000,numeric,unspecified,"[[""geostat_trade_export-product-by-4-digit-2015-2026"",""2020-2025-years"",""G658""],[""geostat_trade_domestic-exports-by-4-digit-2014-2026"",""2020-2025-years"",""G83""]]",derived
2024,goods,product,goods.hs4.2020-2025.7010,reexports,149119.2764748730000,numeric,unspecified,"[[""geostat_trade_export-product-by-4-digit-2015-2026"",""2020-2025-years"",""G687""],[""geostat_trade_domestic-exports-by-4-digit-2014-2026"",""2020-2025-years"",""G84""]]",derived
2024,goods,product,goods.hs4.2020-2025.7108,reexports,0E-11,numeric,unspecified,"[[""geostat_trade_export-product-by-4-digit-2015-2026"",""2020-2025-years"",""G699""],[""geostat_trade_domestic-exports-by-4-digit-2014-2026"",""2020-2025-years"",""G85""]]",derived
2024,goods,product,goods.hs4.2020-2025.7112,reexports,0E-14,numeric,unspecified,"[[""geostat_trade_export-product-by-4-digit-2015-2026"",""2020-2025-years"",""G702""],[""geostat_trade_domestic-exports-by-4-digit-2014-2026"",""2020-2025-years"",""G86""]]",derived
2024,goods,product,goods.hs4.2020-2025.7115,reexports,0E-13,numeric,unspecified,"[[""geostat_trade_export-product-by-4-digit-2015-2026"",""2020-2025-years"",""G705""],[""geostat_trade_domestic-exports-by-4-digit-2014-2026"",""2020-2025-years"",""G87""]]",derived
2024,goods,product,goods.hs4.2020-2025.7202,reexports,281755.50000003000,numeric,unspecified,"[[""geostat_trade_export-product-by-4-digit-2015-2026"",""2020-2025-years"",""G709""],[""geostat_trade_domestic-exports-by-4-digit-2014-2026"",""2020-2025-years"",""G88""]]",derived
2024,goods,product,goods.hs4.2020-2025.7204,reexports,0E-13,numeric,unspecified,"[[""geostat_trade_export-product-by-4-digit-2015-2026"",""2020-2025-years"",""G711""],[""geostat_trade_domestic-exports-by-4-digit-2014-2026"",""2020-2025-years"",""G89""]]",derived
2024,goods,product,goods.hs4.2020-2025.7207,reexports,265371.69214365053000,numeric,unspecified,"[[""geostat_trade_export-product-by-4-digit-2015-2026"",""2020-2025-years"",""G714""],[""geostat_trade_domestic-exports-by-4-digit-2014-2026"",""2020-2025-years"",""G90""]]",derived
2024,goods,product,goods.hs4.2020-2025.7214,reexports,151793.2051187099000,numeric,unspecified,"[[""geostat_trade_export-product-by-4-digit-2015-2026"",""2020-2025-years"",""G721""],[""geostat_trade_domestic-exports-by-4-digit-2014-2026"",""2020-2025-years"",""G91""]]",derived
2024,goods,product,goods.hs4.2020-2025.7304,reexports,93413.736725150000,numeric,unspecified,"[[""geostat_trade_export-product-by-4-digit-2015-2026"",""2020-2025-years"",""G737""],[""geostat_trade_domestic-exports-by-4-digit-2014-2026"",""2020-2025-years"",""G92""]]",derived
2024,goods,product,goods.hs4.2020-2025.7307,reexports,122422.84284412085000,numeric,unspecified,"[[""geostat_trade_export-product-by-4-digit-2015-2026"",""2020-2025-years"",""G740""],[""geostat_trade_domestic-exports-by-4-digit-2014-2026"",""2020-2025-years"",""G93""]]",derived
2024,goods,product,goods.hs4.2020-2025.7326,reexports,969414.86616749698000,numeric,unspecified,"[[""geostat_trade_export-product-by-4-digit-2015-2026"",""2020-2025-years"",""G759""],[""geostat_trade_domestic-exports-by-4-digit-2014-2026"",""2020-2025-years"",""G94""]]",derived
2024,goods,product,goods.hs4.2020-2025.7404,reexports,0E-12,numeric,unspecified,"[[""geostat_trade_export-product-by-4-digit-2015-2026"",""2020-2025-years"",""G761""],[""geostat_trade_domestic-exports-by-4-digit-2014-2026"",""2020-2025-years"",""G95""]]",derived
2024,goods,product,goods.hs4.2020-2025.7601,reexports,488900.5999999972000,numeric,unspecified,"[[""geostat_trade_export-product-by-4-digit-2015-2026"",""2020-2025-years"",""G777""],[""geostat_trade_domestic-exports-by-4-digit-2014-2026"",""2020-2025-years"",""G96""]]",derived
2024,goods,product,goods.hs4.2020-2025.7602,reexports,33628.270000002000,numeric,unspecified,"[[""geostat_trade_export-product-by-4-digit-2015-2026"",""2020-2025-years"",""G778""],[""geostat_trade_domestic-exports-by-4-digit-2014-2026"",""2020-2025-years"",""G97""]]",derived
2024,goods,product,goods.hs4.2020-2025.7801,reexports,1819924.2699999982000,numeric,unspecified,"[[""geostat_trade_export-product-by-4-digit-2015-2026"",""2020-2025-years"",""G794""],[""geostat_trade_domestic-exports-by-4-digit-2014-2026"",""2020-2025-years"",""G98""]]",derived
2024,goods,product,goods.hs4.2020-2025.8516,reexports,11554441.940786236000,numeric,unspecified,"[[""geostat_trade_export-product-by-4-digit-2015-2026"",""2020-2025-years"",""G931""],[""geostat_trade_domestic-exports-by-4-digit-2014-2026"",""2020-2025-years"",""G99""]]",derived
2024,goods,product,goods.hs4.2020-2025.8544,reexports,776740.4794104611000,numeric,unspecified,"[[""geostat_trade_export-product-by-4-digit-2015-2026"",""2020-2025-years"",""G957""],[""geostat_trade_domestic-exports-by-4-digit-2014-2026"",""2020-2025-years"",""G100""]]",derived
2024,goods,product,goods.hs4.2020-2025.8606,reexports,0,numeric,unspecified,"[[""geostat_trade_export-product-by-4-digit-2015-2026"",""2020-2025-years"",""G966""],[""geostat_trade_domestic-exports-by-4-digit-2014-2026"",""2020-2025-years"",""G101""]]",derived
2024,goods,product,goods.hs4.2020-2025.8607,reexports,101276.73350484258000,numeric,unspecified,"[[""geostat_trade_export-product-by-4-digit-2015-2026"",""2020-2025-years"",""G967""],[""geostat_trade_domestic-exports-by-4-digit-2014-2026"",""2020-2025-years"",""G102""]]",derived
2024,goods,product,goods.hs4.2020-2025.9403,reexports,5101481.2796739894000,numeric,unspecified,"[[""geostat_trade_export-product-by-4-digit-2015-2026"",""2020-2025-years"",""G1048""],[""geostat_trade_domestic-exports-by-4-digit-2014-2026"",""2020-2025-years"",""G104""]]",derived
2024,goods,product,goods.hs4.2020-2025.9404,reexports,123453.588221654785000,numeric,unspecified,"[[""geostat_trade_export-product-by-4-digit-2015-2026"",""2020-2025-years"",""G1049""],[""geostat_trade_domestic-exports-by-4-digit-2014-2026"",""2020-2025-years"",""G105""]]",derived
2025,goods,country,partner.1995-2025.004,reexports,1126983.3208112792000,numeric,unspecified,"[[""geostat_trade_export-country-1995-2026"",""1995-2025-years"",""AG50""],[""geostat_trade_domestic-export-country-2014-2026"",""2014-2025-years"",""N50""]]",derived
2025,goods,country,partner.1995-2025.008,reexports,289883.62159447205000,numeric,unspecified,"[[""geostat_trade_export-country-1995-2026"",""1995-2025-years"",""AG51""],[""geostat_trade_domestic-export-country-2014-2026"",""2014-2025-years"",""N51""]]",derived
2025,goods,country,partner.1995-2025.012,reexports,0E-13,numeric,unspecified,"[[""geostat_trade_export-country-1995-2026"",""1995-2025-years"",""AG52""],[""geostat_trade_domestic-export-country-2014-2026"",""2014-2025-years"",""N52""]]",derived
2025,goods,country,partner.1995-2025.020,reexports,0E-15,numeric,unspecified,"[[""geostat_trade_export-country-1995-2026"",""1995-2025-years"",""AG53""],[""geostat_trade_domestic-export-country-2014-2026"",""2014-2025-years"",""N53""]]",derived
2025,goods,country,partner.1995-2025.024,reexports,0E-14,numeric,unspecified,"[[""geostat_trade_export-country-1995-2026"",""1995-2025-years"",""AG54""],[""geostat_trade_domestic-export-country-2014-2026"",""2014-2025-years"",""N54""]]",derived
2025,goods,country,partner.1995-2025.028,reexports,0,numeric,unspecified,"[[""geostat_trade_export-country-1995-2026"",""1995-2025-years"",""AG56""],[""geostat_trade_domestic-export-country-2014-2026"",""2014-2025-years"",""N56""]]",derived
2025,goods,country,partner.1995-2025.031,reexports,521684176.06271873000,numeric,unspecified,"[[""geostat_trade_export-country-1995-2026"",""1995-2025-years"",""AG38""],[""geostat_trade_domestic-export-country-2014-2026"",""2014-2025-years"",""N38""]]",derived
2025,goods,country,partner.1995-2025.032,reexports,0E-14,numeric,unspecified,"[[""geostat_trade_export-country-1995-2026"",""1995-2025-years"",""AG57""],[""geostat_trade_domestic-export-country-2014-2026"",""2014-2025-years"",""N57""]]",derived
2025,goods,country,partner.1995-2025.036,reexports,26640.0000000004000,numeric,unspecified,"[[""geostat_trade_export-country-1995-2026"",""1995-2025-years"",""AG58""],[""geostat_trade_domestic-export-country-2014-2026"",""2014-2025-years"",""N58""]]",derived
2025,goods,country,partner.1995-2025.040,reexports,85094.9457062163000,numeric,unspecified,"[[""geostat_trade_export-country-1995-2026"",""1995-2025-years"",""AG8""],[""geostat_trade_domestic-export-country-2014-2026"",""2014-2025-years"",""N8""]]",derived
2025,goods,country,partner.1995-2025.044,reexports,0,numeric,unspecified,"[[""geostat_trade_export-country-1995-2026"",""1995-2025-years"",""AG59""],[""geostat_trade_domestic-export-country-2014-2026"",""2014-2025-years"",""N59""]]",derived
2025,goods,country,partner.1995-2025.048,reexports,0E-15,numeric,unspecified,"[[""geostat_trade_export-country-1995-2026"",""1995-2025-years"",""AG60""],[""geostat_trade_domestic-export-country-2014-2026"",""2014-2025-years"",""N60""]]",derived
2025,goods,country,partner.1995-2025.050,reexports,0.00000,numeric,unspecified,"[[""geostat_trade_export-country-1995-2026"",""1995-2025-years"",""AG61""],[""geostat_trade_domestic-export-country-2014-2026"",""2014-2025-years"",""N61""]]",derived
2025,goods,country,partner.1995-2025.051,reexports,359063724.44048742000,numeric,unspecified,"[[""geostat_trade_export-country-1995-2026"",""1995-2025-years"",""AG37""],[""geostat_trade_domestic-export-country-2014-2026"",""2014-2025-years"",""N37""]]",derived
2025,goods,country,partner.1995-2025.052,reexports,0,numeric,unspecified,"[[""geostat_trade_export-country-1995-2026"",""1995-2025-years"",""AG62""],[""geostat_trade_domestic-export-country-2014-2026"",""2014-2025-years"",""N62""]]",derived
2025,goods,country,partner.1995-2025.056,reexports,2781548.2160358302000,numeric,unspecified,"[[""geostat_trade_export-country-1995-2026"",""1995-2025-years"",""AG9""],[""geostat_trade_domestic-export-country-2014-2026"",""2014-2025-years"",""N9""]]",derived
2025,goods,country,partner.1995-2025.064,reexports,0.00000,numeric,unspecified,"[[""geostat_trade_export-country-1995-2026"",""1995-2025-years"",""AG65""],[""geostat_trade_domestic-export-country-2014-2026"",""2014-2025-years"",""N65""]]",derived
2025,goods,country,partner.1995-2025.068,reexports,0,numeric,unspecified,"[[""geostat_trade_export-country-1995-2026"",""1995-2025-years"",""AG66""],[""geostat_trade_domestic-export-country-2014-2026"",""2014-2025-years"",""N66""]]",derived
2025,goods,country,partner.1995-2025.070,reexports,11000.0000000000000,numeric,unspecified,"[[""geostat_trade_export-country-1995-2026"",""1995-2025-years"",""AG67""],[""geostat_trade_domestic-export-country-2014-2026"",""2014-2025-years"",""N67""]]",derived
2025,goods,country,partner.1995-2025.072,reexports,0,numeric,unspecified,"[[""geostat_trade_export-country-1995-2026"",""1995-2025-years"",""AG68""],[""geostat_trade_domestic-export-country-2014-2026"",""2014-2025-years"",""N68""]]",derived
2025,goods,country,partner.1995-2025.076,reexports,1118589.1499999997000,numeric,unspecified,"[[""geostat_trade_export-country-1995-2026"",""1995-2025-years"",""AG69""],[""geostat_trade_domestic-export-country-2014-2026"",""2014-2025-years"",""N69""]]",derived
2025,goods,country,partner.1995-2025.084,reexports,0,numeric,unspecified,"[[""geostat_trade_export-country-1995-2026"",""1995-2025-years"",""AG63""],[""geostat_trade_domestic-export-country-2014-2026"",""2014-2025-years"",""N63""]]",derived
2025,goods,country,partner.1995-2025.092,reexports,0,numeric,unspecified,"[[""geostat_trade_export-country-1995-2026"",""1995-2025-years"",""AG194""],[""geostat_trade_domestic-export-country-2014-2026"",""2014-2025-years"",""N193""]]",derived
2025,goods,country,partner.1995-2025.100,reexports,1722585.28709723000,numeric,unspecified,"[[""geostat_trade_export-country-1995-2026"",""1995-2025-years"",""AG10""],[""geostat_trade_domestic-export-country-2014-2026"",""2014-2025-years"",""N10""]]",derived
2025,goods,country,partner.1995-2025.104,reexports,0,numeric,unspecified,"[[""geostat_trade_export-country-1995-2026"",""1995-2025-years"",""AG143""],[""geostat_trade_domestic-export-country-2014-2026"",""2014-2025-years"",""N143""]]",derived
2025,goods,country,partner.1995-2025.108,reexports,0,numeric,unspecified,"[[""geostat_trade_export-country-1995-2026"",""1995-2025-years"",""AG71""],[""geostat_trade_domestic-export-country-2014-2026"",""2014-2025-years"",""N71""]]",derived
2025,goods,country,partner.1995-2025.112,reexports,4928662.114844708000,numeric,unspecified,"[[""geostat_trade_export-country-1995-2026"",""1995-2025-years"",""AG39""],[""geostat_trade_domestic-export-country-2014-2026"",""2014-2025-years"",""N39""]]",derived
2025,goods,country,partner.1995-2025.116,reexports,187301.7502917219701000,numeric,unspecified,"[[""geostat_trade_export-country-1995-2026"",""1995-2025-years"",""AG72""],[""geostat_trade_domestic-export-country-2014-2026"",""2014-2025-years"",""N72""]]",derived
2025,goods,country,partner.1995-2025.120,reexports,0,numeric,unspecified,"[[""geostat_trade_export-country-1995-2026"",""1995-2025-years"",""AG73""],[""geostat_trade_domestic-export-country-2014-2026"",""2014-2025-years"",""N73""]]",derived
2025,goods,country,partner.1995-2025.124,reexports,532527.298007893000,numeric,unspecified,"[[""geostat_trade_export-country-1995-2026"",""1995-2025-years"",""AG74""],[""geostat_trade_domestic-export-country-2014-2026"",""2014-2025-years"",""N74""]]",derived
2025,goods,country,partner.1995-2025.136,reexports,0,numeric,unspecified,"[[""geostat_trade_export-country-1995-2026"",""1995-2025-years"",""AG75""],[""geostat_trade_domestic-export-country-2014-2026"",""2014-2025-years"",""N75""]]",derived
2025,goods,country,partner.1995-2025.140,reexports,0,numeric,unspecified,"[[""geostat_trade_export-country-1995-2026"",""1995-2025-years"",""AG76""],[""geostat_trade_domestic-export-country-2014-2026"",""2014-2025-years"",""N76""]]",derived
2025,goods,country,partner.1995-2025.144,reexports,0E-16,numeric,unspecified,"[[""geostat_trade_export-country-1995-2026"",""1995-2025-years"",""AG173""],[""geostat_trade_domestic-export-country-2014-2026"",""2014-2025-years"",""N173""]]",derived
2025,goods,country,partner.1995-2025.148,reexports,0,numeric,unspecified,"[[""geostat_trade_export-country-1995-2026"",""1995-2025-years"",""AG77""],[""geostat_trade_domestic-export-country-2014-2026"",""2014-2025-years"",""N77""]]",derived
2025,goods,country,partner.1995-2025.152,reexports,160500.09007386058000,numeric,unspecified,"[[""geostat_trade_export-country-1995-2026"",""1995-2025-years"",""AG78""],[""geostat_trade_domestic-export-country-2014-2026"",""2014-2025-years"",""N78""]]",derived
2025,goods,country,partner.1995-2025.156,reexports,25752491.59370520000,numeric,unspecified,"[[""geostat_trade_export-country-1995-2026"",""1995-2025-years"",""AG79""],[""geostat_trade_domestic-export-country-2014-2026"",""2014-2025-years"",""N79""]]",derived
2025,goods,country,partner.1995-2025.158,reexports,933443.8000000000000,numeric,unspecified,"[[""geostat_trade_export-country-1995-2026"",""1995-2025-years"",""AG179""],[""geostat_trade_domestic-export-country-2014-2026"",""2014-2025-years"",""N178""]]",derived
2025,goods,country,partner.1995-2025.170,reexports,0E-14,numeric,unspecified,"[[""geostat_trade_export-country-1995-2026"",""1995-2025-years"",""AG80""],[""geostat_trade_domestic-export-country-2014-2026"",""2014-2025-years"",""N80""]]",derived
2025,goods,country,partner.1995-2025.178,reexports,263235.00000000001000,numeric,unspecified,"[[""geostat_trade_export-country-1995-2026"",""1995-2025-years"",""AG81""],[""geostat_trade_domestic-export-country-2014-2026"",""2014-2025-years"",""N81""]]",derived
2025,goods,country,partner.1995-2025.180,reexports,0E-14,numeric,unspecified,"[[""geostat_trade_export-country-1995-2026"",""1995-2025-years"",""AG82""],[""geostat_trade_domestic-export-country-2014-2026"",""2014-2025-years"",""N82""]]",derived
2025,goods,country,partner.1995-2025.188,reexports,0E-15,numeric,unspecified,"[[""geostat_trade_export-country-1995-2026"",""1995-2025-years"",""AG83""],[""geostat_trade_domestic-export-country-2014-2026"",""2014-2025-years"",""N83""]]",derived
2025,goods,country,partner.1995-2025.191,reexports,125586.49812320607000,numeric,unspecified,"[[""geostat_trade_export-country-1995-2026"",""1995-2025-years"",""AG11""],[""geostat_trade_domestic-export-country-2014-2026"",""2014-2025-years"",""N11""]]",derived
2025,goods,country,partner.1995-2025.192,reexports,0,numeric,unspecified,"[[""geostat_trade_export-country-1995-2026"",""1995-2025-years"",""AG85""],[""geostat_trade_domestic-export-country-2014-2026"",""2014-2025-years"",""N85""]]",derived
2025,goods,country,partner.1995-2025.196,reexports,117529.9596599357000,numeric,unspecified,"[[""geostat_trade_export-country-1995-2026"",""1995-2025-years"",""AG12""],[""geostat_trade_domestic-export-country-2014-2026"",""2014-2025-years"",""N12""]]",derived
2025,goods,country,partner.1995-2025.203,reexports,7907304.913710249000,numeric,unspecified,"[[""geostat_trade_export-country-1995-2026"",""1995-2025-years"",""AG13""],[""geostat_trade_domestic-export-country-2014-2026"",""2014-2025-years"",""N13""]]",derived
2025,goods,country,partner.1995-2025.204,reexports,0.0,numeric,unspecified,"[[""geostat_trade_export-country-1995-2026"",""1995-2025-years"",""AG64""],[""geostat_trade_domestic-export-country-2014-2026"",""2014-2025-years"",""N64""]]",derived
2025,goods,country,partner.1995-2025.208,reexports,1863858.3522000752000,numeric,unspecified,"[[""geostat_trade_export-country-1995-2026"",""1995-2025-years"",""AG14""],[""geostat_trade_domestic-export-country-2014-2026"",""2014-2025-years"",""N14""]]",derived
2025,goods,country,partner.1995-2025.212,reexports,0,numeric,unspecified,"[[""geostat_trade_export-country-1995-2026"",""1995-2025-years"",""AG87""],[""geostat_trade_domestic-export-country-2014-2026"",""2014-2025-years"",""N87""]]",derived
2025,goods,country,partner.1995-2025.214,reexports,0E-14,numeric,unspecified,"[[""geostat_trade_export-country-1995-2026"",""1995-2025-years"",""AG88""],[""geostat_trade_domestic-export-country-2014-2026"",""2014-2025-years"",""N88""]]",derived
2025,goods,country,partner.1995-2025.218,reexports,0E-17,numeric,unspecified,"[[""geostat_trade_export-country-1995-2026"",""1995-2025-years"",""AG89""],[""geostat_trade_domestic-export-country-2014-2026"",""2014-2025-years"",""N89""]]",derived
2025,goods,country,partner.1995-2025.222,reexports,0,numeric,unspecified,"[[""geostat_trade_export-country-1995-2026"",""1995-2025-years"",""AG91""],[""geostat_trade_domestic-export-country-2014-2026"",""2014-2025-years"",""N91""]]",derived
2025,goods,country,partner.1995-2025.226,reexports,0.0000,numeric,unspecified,"[[""geostat_trade_export-country-1995-2026"",""1995-2025-years"",""AG92""],[""geostat_trade_domestic-export-country-2014-2026"",""2014-2025-years"",""N92""]]",derived
2025,goods,country,partner.1995-2025.231,reexports,0,numeric,unspecified,"[[""geostat_trade_export-country-1995-2026"",""1995-2025-years"",""AG93""],[""geostat_trade_domestic-export-country-2014-2026"",""2014-2025-years"",""N93""]]",derived
2025,goods,country,partner.1995-2025.233,reexports,1451855.6488495678000,numeric,unspecified,"[[""geostat_trade_export-country-1995-2026"",""1995-2025-years"",""AG15""],[""geostat_trade_domestic-export-country-2014-2026"",""2014-2025-years"",""N15""]]",derived
2025,goods,country,partner.1995-2025.242,reexports,0,numeric,unspecified,"[[""geostat_trade_export-country-1995-2026"",""1995-2025-years"",""AG94""],[""geostat_trade_domestic-export-country-2014-2026"",""2014-2025-years"",""N94""]]",derived
2025,goods,country,partner.1995-2025.246,reexports,0E-13,numeric,unspecified,"[[""geostat_trade_export-country-1995-2026"",""1995-2025-years"",""AG16""],[""geostat_trade_domestic-export-country-2014-2026"",""2014-2025-years"",""N16""]]",derived
2025,goods,country,partner.1995-2025.250,reexports,1135877.953917167000,numeric,unspecified,"[[""geostat_trade_export-country-1995-2026"",""1995-2025-years"",""AG17""],[""geostat_trade_domestic-export-country-2014-2026"",""2014-2025-years"",""N17""]]",derived
2025,goods,country,partner.1995-2025.258,reexports,0,numeric,unspecified,"[[""geostat_trade_export-country-1995-2026"",""1995-2025-years"",""AG95""],[""geostat_trade_domestic-export-country-2014-2026"",""2014-2025-years"",""N95""]]",derived
2025,goods,country,partner.1995-2025.262,reexports,55950.36740731422000,numeric,unspecified,"[[""geostat_trade_export-country-1995-2026"",""1995-2025-years"",""AG86""],[""geostat_trade_domestic-export-country-2014-2026"",""2014-2025-years"",""N86""]]",derived
2025,goods,country,partner.1995-2025.266,reexports,13497.5063379249678000,numeric,unspecified,"[[""geostat_trade_export-country-1995-2026"",""1995-2025-years"",""AG96""],[""geostat_trade_domestic-export-country-2014-2026"",""2014-2025-years"",""N96""]]",derived
2025,goods,country,partner.1995-2025.270,reexports,0,numeric,unspecified,"[[""geostat_trade_export-country-1995-2026"",""1995-2025-years"",""AG97""],[""geostat_trade_domestic-export-country-2014-2026"",""2014-2025-years"",""N97""]]",derived
2025,goods,country,partner.1995-2025.275,reexports,0,numeric,unspecified,"[[""geostat_trade_export-country-1995-2026"",""1995-2025-years"",""AG174""],[""geostat_trade_domestic-export-country-2014-2026"",""2014-2025-years"",""N153""]]",derived
2025,goods,country,partner.1995-2025.276,reexports,12711187.524310932000,numeric,unspecified,"[[""geostat_trade_export-country-1995-2026"",""1995-2025-years"",""AG18""],[""geostat_trade_domestic-export-country-2014-2026"",""2014-2025-years"",""N18""]]",derived
2025,goods,country,partner.1995-2025.288,reexports,217393.0035825197000,numeric,unspecified,"[[""geostat_trade_export-country-1995-2026"",""1995-2025-years"",""AG98""],[""geostat_trade_domestic-export-country-2014-2026"",""2014-2025-years"",""N98""]]",derived
2025,goods,country,partner.1995-2025.292,reexports,0.00000,numeric,unspecified,"[[""geostat_trade_export-country-1995-2026"",""1995-2025-years"",""AG99""],[""geostat_trade_domestic-export-country-2014-2026"",""2014-2025-years"",""N99""]]",derived
2025,goods,country,partner.1995-2025.300,reexports,163271.402625931000,numeric,unspecified,"[[""geostat_trade_export-country-1995-2026"",""1995-2025-years"",""AG19""],[""geostat_trade_domestic-export-country-2014-2026"",""2014-2025-years"",""N19""]]",derived
2025,goods,country,partner.1995-2025.312,reexports,0,numeric,unspecified,"[[""geostat_trade_export-country-1995-2026"",""1995-2025-years"",""AG100""],[""geostat_trade_domestic-export-country-2014-2026"",""2014-2025-years"",""N100""]]",derived
2025,goods,country,partner.1995-2025.320,reexports,0E-16,numeric,unspecified,"[[""geostat_trade_export-country-1995-2026"",""1995-2025-years"",""AG101""],[""geostat_trade_domestic-export-country-2014-2026"",""2014-2025-years"",""N101""]]",derived
2025,goods,country,partner.1995-2025.324,reexports,0E-15,numeric,unspecified,"[[""geostat_trade_export-country-1995-2026"",""1995-2025-years"",""AG103""],[""geostat_trade_domestic-export-country-2014-2026"",""2014-2025-years"",""N102""]]",derived
2025,goods,country,partner.1995-2025.332,reexports,0,numeric,unspecified,"[[""geostat_trade_export-country-1995-2026"",""1995-2025-years"",""AG105""],[""geostat_trade_domestic-export-country-2014-2026"",""2014-2025-years"",""N104""]]",derived
2025,goods,country,partner.1995-2025.336,reexports,0,numeric,unspecified,"[[""geostat_trade_export-country-1995-2026"",""1995-2025-years"",""AG106""],[""geostat_trade_domestic-export-country-2014-2026"",""2014-2025-years"",""N105""]]",derived
2025,goods,country,partner.1995-2025.340,reexports,6910.9999999999996000,numeric,unspecified,"[[""geostat_trade_export-country-1995-2026"",""1995-2025-years"",""AG107""],[""geostat_trade_domestic-export-country-2014-2026"",""2014-2025-years"",""N106""]]",derived
2025,goods,country,partner.1995-2025.344,reexports,3771090.2934625073000,numeric,unspecified,"[[""geostat_trade_export-country-1995-2026"",""1995-2025-years"",""AG108""],[""geostat_trade_domestic-export-country-2014-2026"",""2014-2025-years"",""N107""]]",derived
2025,goods,country,partner.1995-2025.348,reexports,1058938.6599264674000,numeric,unspecified,"[[""geostat_trade_export-country-1995-2026"",""1995-2025-years"",""AG20""],[""geostat_trade_domestic-export-country-2014-2026"",""2014-2025-years"",""N20""]]",derived
2025,goods,country,partner.1995-2025.352,reexports,0E-16,numeric,unspecified,"[[""geostat_trade_export-country-1995-2026"",""1995-2025-years"",""AG109""],[""geostat_trade_domestic-export-country-2014-2026"",""2014-2025-years"",""N108""]]",derived
2025,goods,country,partner.1995-2025.356,reexports,2169282.967321722000,numeric,unspecified,"[[""geostat_trade_export-country-1995-2026"",""1995-2025-years"",""AG110""],[""geostat_trade_domestic-export-country-2014-2026"",""2014-2025-years"",""N109""]]",derived
2025,goods,country,partner.1995-2025.360,reexports,0E-14,numeric,unspecified,"[[""geostat_trade_export-country-1995-2026"",""1995-2025-years"",""AG111""],[""geostat_trade_domestic-export-country-2014-2026"",""2014-2025-years"",""N110""]]",derived
2025,goods,country,partner.1995-2025.364,reexports,12172212.589839204000,numeric,unspecified,"[[""geostat_trade_export-country-1995-2026"",""1995-2025-years"",""AG112""],[""geostat_trade_domestic-export-country-2014-2026"",""2014-2025-years"",""N111""]]",derived
2025,goods,country,partner.1995-2025.368,reexports,1676552.757147801000,numeric,unspecified,"[[""geostat_trade_export-country-1995-2026"",""1995-2025-years"",""AG113""],[""geostat_trade_domestic-export-country-2014-2026"",""2014-2025-years"",""N112""]]",derived
2025,goods,country,partner.1995-2025.372,reexports,659506.87093092100000,numeric,unspecified,"[[""geostat_trade_export-country-1995-2026"",""1995-2025-years"",""AG21""],[""geostat_trade_domestic-export-country-2014-2026"",""2014-2025-years"",""N21""]]",derived
2025,goods,country,partner.1995-2025.376,reexports,15819566.955652699000,numeric,unspecified,"[[""geostat_trade_export-country-1995-2026"",""1995-2025-years"",""AG114""],[""geostat_trade_domestic-export-country-2014-2026"",""2014-2025-years"",""N113""]]",derived
2025,goods,country,partner.1995-2025.380,reexports,1328880.55442090000,numeric,unspecified,"[[""geostat_trade_export-country-1995-2026"",""1995-2025-years"",""AG22""],[""geostat_trade_domestic-export-country-2014-2026"",""2014-2025-years"",""N22""]]",derived
2025,goods,country,partner.1995-2025.384,reexports,0E-14,numeric,unspecified,"[[""geostat_trade_export-country-1995-2026"",""1995-2025-years"",""AG84""],[""geostat_trade_domestic-export-country-2014-2026"",""2014-2025-years"",""N84""]]",derived
2025,goods,country,partner.1995-2025.388,reexports,0,numeric,unspecified,"[[""geostat_trade_export-country-1995-2026"",""1995-2025-years"",""AG115""],[""geostat_trade_domestic-export-country-2014-2026"",""2014-2025-years"",""N114""]]",derived
2025,goods,country,partner.1995-2025.392,reexports,603247.7648073454000,numeric,unspecified,"[[""geostat_trade_export-country-1995-2026"",""1995-2025-years"",""AG116""],[""geostat_trade_domestic-export-country-2014-2026"",""2014-2025-years"",""N115""]]",derived
2025,goods,country,partner.1995-2025.398,reexports,818306081.026705868000,numeric,unspecified,"[[""geostat_trade_export-country-1995-2026"",""1995-2025-years"",""AG40""],[""geostat_trade_domestic-export-country-2014-2026"",""2014-2025-years"",""N40""]]",derived
2025,goods,country,partner.1995-2025.400,reexports,20912.3085431948000,numeric,unspecified,"[[""geostat_trade_export-country-1995-2026"",""1995-2025-years"",""AG117""],[""geostat_trade_domestic-export-country-2014-2026"",""2014-2025-years"",""N116""]]",derived
2025,goods,country,partner.1995-2025.404,reexports,0E-13,numeric,unspecified,"[[""geostat_trade_export-country-1995-2026"",""1995-2025-years"",""AG118""],[""geostat_trade_domestic-export-country-2014-2026"",""2014-2025-years"",""N117""]]",derived
2025,goods,country,partner.1995-2025.408,reexports,0,numeric,unspecified,"[[""geostat_trade_export-country-1995-2026"",""1995-2025-years"",""AG119""],[""geostat_trade_domestic-export-country-2014-2026"",""2014-2025-years"",""N119""]]",derived
2025,goods,country,partner.1995-2025.410,reexports,1834534.8193222535000,numeric,unspecified,"[[""geostat_trade_export-country-1995-2026"",""1995-2025-years"",""AG120""],[""geostat_trade_domestic-export-country-2014-2026"",""2014-2025-years"",""N118""]]",derived
2025,goods,country,partner.1995-2025.414,reexports,8999.8903388530000,numeric,unspecified,"[[""geostat_trade_export-country-1995-2026"",""1995-2025-years"",""AG121""],[""geostat_trade_domestic-export-country-2014-2026"",""2014-2025-years"",""N120""]]",derived
2025,goods,country,partner.1995-2025.417,reexports,1477896623.16367863000,numeric,unspecified,"[[""geostat_trade_export-country-1995-2026"",""1995-2025-years"",""AG41""],[""geostat_trade_domestic-export-country-2014-2026"",""2014-2025-years"",""N41""]]",derived
2025,goods,country,partner.1995-2025.418,reexports,0E-15,numeric,unspecified,"[[""geostat_trade_export-country-1995-2026"",""1995-2025-years"",""AG122""],[""geostat_trade_domestic-export-country-2014-2026"",""2014-2025-years"",""N125""]]",derived
2025,goods,country,partner.1995-2025.422,reexports,248000.0000000003000,numeric,unspecified,"[[""geostat_trade_export-country-1995-2026"",""1995-2025-years"",""AG123""],[""geostat_trade_domestic-export-country-2014-2026"",""2014-2025-years"",""N121""]]",derived
2025,goods,country,partner.1995-2025.428,reexports,5198541.534293170000,numeric,unspecified,"[[""geostat_trade_export-country-1995-2026"",""1995-2025-years"",""AG23""],[""geostat_trade_domestic-export-country-2014-2026"",""2014-2025-years"",""N23""]]",derived
2025,goods,country,partner.1995-2025.430,reexports,0E-14,numeric,unspecified,"[[""geostat_trade_export-country-1995-2026"",""1995-2025-years"",""AG124""],[""geostat_trade_domestic-export-country-2014-2026"",""2014-2025-years"",""N122""]]",derived
2025,goods,country,partner.1995-2025.434,reexports,134255.7000000002000,numeric,unspecified,"[[""geostat_trade_export-country-1995-2026"",""1995-2025-years"",""AG125""],[""geostat_trade_domestic-export-country-2014-2026"",""2014-2025-years"",""N123""]]",derived
2025,goods,country,partner.1995-2025.438,reexports,0,numeric,unspecified,"[[""geostat_trade_export-country-1995-2026"",""1995-2025-years"",""AG126""],[""geostat_trade_domestic-export-country-2014-2026"",""2014-2025-years"",""N124""]]",derived
2025,goods,country,partner.1995-2025.440,reexports,8393119.103317891000,numeric,unspecified,"[[""geostat_trade_export-country-1995-2026"",""1995-2025-years"",""AG24""],[""geostat_trade_domestic-export-country-2014-2026"",""2014-2025-years"",""N24""]]",derived
2025,goods,country,partner.1995-2025.442,reexports,5999.926852461414000,numeric,unspecified,"[[""geostat_trade_export-country-1995-2026"",""1995-2025-years"",""AG25""],[""geostat_trade_domestic-export-country-2014-2026"",""2014-2025-years"",""N25""]]",derived
2025,goods,country,partner.1995-2025.446,reexports,0,numeric,unspecified,"[[""geostat_trade_export-country-1995-2026"",""1995-2025-years"",""AG127""],[""geostat_trade_domestic-export-country-2014-2026"",""2014-2025-years"",""N128""]]",derived
2025,goods,country,partner.1995-2025.450,reexports,0,numeric,unspecified,"[[""geostat_trade_export-country-1995-2026"",""1995-2025-years"",""AG128""],[""geostat_trade_domestic-export-country-2014-2026"",""2014-2025-years"",""N127""]]",derived
2025,goods,country,partner.1995-2025.454,reexports,0,numeric,unspecified,"[[""geostat_trade_export-country-1995-2026"",""1995-2025-years"",""AG129""],[""geostat_trade_domestic-export-country-2014-2026"",""2014-2025-years"",""N129""]]",derived
2025,goods,country,partner.1995-2025.458,reexports,269056.00000000004000,numeric,unspecified,"[[""geostat_trade_export-country-1995-2026"",""1995-2025-years"",""AG130""],[""geostat_trade_domestic-export-country-2014-2026"",""2014-2025-years"",""N130""]]",derived
2025,goods,country,partner.1995-2025.462,reexports,0E-15,numeric,unspecified,"[[""geostat_trade_export-country-1995-2026"",""1995-2025-years"",""AG131""],[""geostat_trade_domestic-export-country-2014-2026"",""2014-2025-years"",""N131""]]",derived
2025,goods,country,partner.1995-2025.466,reexports,48646.079999999994000,numeric,unspecified,"[[""geostat_trade_export-country-1995-2026"",""1995-2025-years"",""AG132""],[""geostat_trade_domestic-export-country-2014-2026"",""2014-2025-years"",""N132""]]",derived
2025,goods,country,partner.1995-2025.470,reexports,0E-12,numeric,unspecified,"[[""geostat_trade_export-country-1995-2026"",""1995-2025-years"",""AG26""],[""geostat_trade_domestic-export-country-2014-2026"",""2014-2025-years"",""N26""]]",derived
2025,goods,country,partner.1995-2025.474,reexports,0,numeric,unspecified,"[[""geostat_trade_export-country-1995-2026"",""1995-2025-years"",""AG134""],[""geostat_trade_domestic-export-country-2014-2026"",""2014-2025-years"",""N134""]]",derived
2025,goods,country,partner.1995-2025.478,reexports,0E-13,numeric,unspecified,"[[""geostat_trade_export-country-1995-2026"",""1995-2025-years"",""AG135""],[""geostat_trade_domestic-export-country-2014-2026"",""2014-2025-years"",""N135""]]",derived
2025,goods,country,partner.1995-2025.480,reexports,0E-16,numeric,unspecified,"[[""geostat_trade_export-country-1995-2026"",""1995-2025-years"",""AG136""],[""geostat_trade_domestic-export-country-2014-2026"",""2014-2025-years"",""N136""]]",derived
2025,goods,country,partner.1995-2025.484,reexports,15720.00000000003000,numeric,unspecified,"[[""geostat_trade_export-country-1995-2026"",""1995-2025-years"",""AG137""],[""geostat_trade_domestic-export-country-2014-2026"",""2014-2025-years"",""N137""]]",derived
2025,goods,country,partner.1995-2025.492,reexports,0,numeric,unspecified,"[[""geostat_trade_export-country-1995-2026"",""1995-2025-years"",""AG138""],[""geostat_trade_domestic-export-country-2014-2026"",""2014-2025-years"",""N138""]]",derived
2025,goods,country,partner.1995-2025.496,reexports,3448904.5341975295000,numeric,unspecified,"[[""geostat_trade_export-country-1995-2026"",""1995-2025-years"",""AG139""],[""geostat_trade_domestic-export-country-2014-2026"",""2014-2025-years"",""N139""]]",derived
2025,goods,country,partner.1995-2025.498,reexports,14692063.1257984241000,numeric,unspecified,"[[""geostat_trade_export-country-1995-2026"",""1995-2025-years"",""AG42""],[""geostat_trade_domestic-export-country-2014-2026"",""2014-2025-years"",""N42""]]",derived
2025,goods,country,partner.1995-2025.499,reexports,0E-14,numeric,unspecified,"[[""geostat_trade_export-country-1995-2026"",""1995-2025-years"",""AG140""],[""geostat_trade_domestic-export-country-2014-2026"",""2014-2025-years"",""N140""]]",derived
2025,goods,country,partner.1995-2025.504,reexports,1354326.425859037000,numeric,unspecified,"[[""geostat_trade_export-country-1995-2026"",""1995-2025-years"",""AG141""],[""geostat_trade_domestic-export-country-2014-2026"",""2014-2025-years"",""N141""]]",derived
2025,goods,country,partner.1995-2025.508,reexports,0,numeric,unspecified,"[[""geostat_trade_export-country-1995-2026"",""1995-2025-years"",""AG142""],[""geostat_trade_domestic-export-country-2014-2026"",""2014-2025-years"",""N142""]]",derived
2025,goods,country,partner.1995-2025.512,reexports,767039.248182499166000,numeric,unspecified,"[[""geostat_trade_export-country-1995-2026"",""1995-2025-years"",""AG152""],[""geostat_trade_domestic-export-country-2014-2026"",""2014-2025-years"",""N151""]]",derived
2025,goods,country,partner.1995-2025.516,reexports,0E-13,numeric,unspecified,"[[""geostat_trade_export-country-1995-2026"",""1995-2025-years"",""AG144""],[""geostat_trade_domestic-export-country-2014-2026"",""2014-2025-years"",""N144""]]",derived
2025,goods,country,partner.1995-2025.524,reexports,0,numeric,unspecified,"[[""geostat_trade_export-country-1995-2026"",""1995-2025-years"",""AG145""],[""geostat_trade_domestic-export-country-2014-2026"",""2014-2025-years"",""N145""]]",derived
2025,goods,country,partner.1995-2025.528,reexports,41966437.785890782000,numeric,unspecified,"[[""geostat_trade_export-country-1995-2026"",""1995-2025-years"",""AG27""],[""geostat_trade_domestic-export-country-2014-2026"",""2014-2025-years"",""N27""]]",derived
2025,goods,country,partner.1995-2025.534,reexports,0,numeric,unspecified,"[[""geostat_trade_export-country-1995-2026"",""1995-2025-years"",""AG170""],[""geostat_trade_domestic-export-country-2014-2026"",""2014-2025-years"",""N170""]]",derived
2025,goods,country,partner.1995-2025.554,reexports,0E-15,numeric,unspecified,"[[""geostat_trade_export-country-1995-2026"",""1995-2025-years"",""AG146""],[""geostat_trade_domestic-export-country-2014-2026"",""2014-2025-years"",""N146""]]",derived
2025,goods,country,partner.1995-2025.558,reexports,0,numeric,unspecified,"[[""geostat_trade_export-country-1995-2026"",""1995-2025-years"",""AG147""],[""geostat_trade_domestic-export-country-2014-2026"",""2014-2025-years"",""N147""]]",derived
2025,goods,country,partner.1995-2025.562,reexports,0,numeric,unspecified,"[[""geostat_trade_export-country-1995-2026"",""1995-2025-years"",""AG148""],[""geostat_trade_domestic-export-country-2014-2026"",""2014-2025-years"",""N148""]]",derived
2025,goods,country,partner.1995-2025.566,reexports,8999.85351204862000,numeric,unspecified,"[[""geostat_trade_export-country-1995-2026"",""1995-2025-years"",""AG149""],[""geostat_trade_domestic-export-country-2014-2026"",""2014-2025-years"",""N149""]]",derived
2025,goods,country,partner.1995-2025.578,reexports,6075.0000000002000,numeric,unspecified,"[[""geostat_trade_export-country-1995-2026"",""1995-2025-years"",""AG151""],[""geostat_trade_domestic-export-country-2014-2026"",""2014-2025-years"",""N150""]]",derived
2025,goods,country,partner.1995-2025.584,reexports,0,numeric,unspecified,"[[""geostat_trade_export-country-1995-2026"",""1995-2025-years"",""AG133""],[""geostat_trade_domestic-export-country-2014-2026"",""2014-2025-years"",""N133""]]",derived
2025,goods,country,partner.1995-2025.586,reexports,0E-14,numeric,unspecified,"[[""geostat_trade_export-country-1995-2026"",""1995-2025-years"",""AG153""],[""geostat_trade_domestic-export-country-2014-2026"",""2014-2025-years"",""N152""]]",derived
2025,goods,country,partner.1995-2025.591,reexports,0.0,numeric,unspecified,"[[""geostat_trade_export-country-1995-2026"",""1995-2025-years"",""AG154""],[""geostat_trade_domestic-export-country-2014-2026"",""2014-2025-years"",""N154""]]",derived
2025,goods,country,partner.1995-2025.600,reexports,254115.99999999999000,numeric,unspecified,"[[""geostat_trade_export-country-1995-2026"",""1995-2025-years"",""AG155""],[""geostat_trade_domestic-export-country-2014-2026"",""2014-2025-years"",""N155""]]",derived
2025,goods,country,partner.1995-2025.604,reexports,53725.2500000013000,numeric,unspecified,"[[""geostat_trade_export-country-1995-2026"",""1995-2025-years"",""AG156""],[""geostat_trade_domestic-export-country-2014-2026"",""2014-2025-years"",""N156""]]",derived
2025,goods,country,partner.1995-2025.608,reexports,728.3833076979000,numeric,unspecified,"[[""geostat_trade_export-country-1995-2026"",""1995-2025-years"",""AG157""],[""geostat_trade_domestic-export-country-2014-2026"",""2014-2025-years"",""N157""]]",derived
2025,goods,country,partner.1995-2025.616,reexports,7730394.115824835000,numeric,unspecified,"[[""geostat_trade_export-country-1995-2026"",""1995-2025-years"",""AG28""],[""geostat_trade_domestic-export-country-2014-2026"",""2014-2025-years"",""N28""]]",derived
2025,goods,country,partner.1995-2025.620,reexports,266702.0199999988000,numeric,unspecified,"[[""geostat_trade_export-country-1995-2026"",""1995-2025-years"",""AG29""],[""geostat_trade_domestic-export-country-2014-2026"",""2014-2025-years"",""N29""]]",derived
2025,goods,country,partner.1995-2025.624,reexports,0,numeric,unspecified,"[[""geostat_trade_export-country-1995-2026"",""1995-2025-years"",""AG104""],[""geostat_trade_domestic-export-country-2014-2026"",""2014-2025-years"",""N103""]]",derived
2025,goods,country,partner.1995-2025.630,reexports,0,numeric,unspecified,"[[""geostat_trade_export-country-1995-2026"",""1995-2025-years"",""AG158""],[""geostat_trade_domestic-export-country-2014-2026"",""2014-2025-years"",""N158""]]",derived
2025,goods,country,partner.1995-2025.634,reexports,426125.0884390102000,numeric,unspecified,"[[""geostat_trade_export-country-1995-2026"",""1995-2025-years"",""AG159""],[""geostat_trade_domestic-export-country-2014-2026"",""2014-2025-years"",""N159""]]",derived
2025,goods,country,partner.1995-2025.642,reexports,542953.453809540000,numeric,unspecified,"[[""geostat_trade_export-country-1995-2026"",""1995-2025-years"",""AG30""],[""geostat_trade_domestic-export-country-2014-2026"",""2014-2025-years"",""N30""]]",derived
2025,goods,country,partner.1995-2025.643,reexports,48572947.36987434000,numeric,unspecified,"[[""geostat_trade_export-country-1995-2026"",""1995-2025-years"",""AG43""],[""geostat_trade_domestic-export-country-2014-2026"",""2014-2025-years"",""N43""]]",derived
2025,goods,country,partner.1995-2025.646,reexports,0,numeric,unspecified,"[[""geostat_trade_export-country-1995-2026"",""1995-2025-years"",""AG160""],[""geostat_trade_domestic-export-country-2014-2026"",""2014-2025-years"",""N160""]]",derived
2025,goods,country,partner.1995-2025.660,reexports,0,numeric,unspecified,"[[""geostat_trade_export-country-1995-2026"",""1995-2025-years"",""AG55""],[""geostat_trade_domestic-export-country-2014-2026"",""2014-2025-years"",""N55""]]",derived
2025,goods,country,partner.1995-2025.670,reexports,0,numeric,unspecified,"[[""geostat_trade_export-country-1995-2026"",""1995-2025-years"",""AG161""],[""geostat_trade_domestic-export-country-2014-2026"",""2014-2025-years"",""N161""]]",derived
2025,goods,country,partner.1995-2025.674,reexports,0E-16,numeric,unspecified,"[[""geostat_trade_export-country-1995-2026"",""1995-2025-years"",""AG162""],[""geostat_trade_domestic-export-country-2014-2026"",""2014-2025-years"",""N162""]]",derived
2025,goods,country,partner.1995-2025.682,reexports,521923.174597555000,numeric,unspecified,"[[""geostat_trade_export-country-1995-2026"",""1995-2025-years"",""AG163""],[""geostat_trade_domestic-export-country-2014-2026"",""2014-2025-years"",""N163""]]",derived
2025,goods,country,partner.1995-2025.686,reexports,108587.81827629725007000,numeric,unspecified,"[[""geostat_trade_export-country-1995-2026"",""1995-2025-years"",""AG164""],[""geostat_trade_domestic-export-country-2014-2026"",""2014-2025-years"",""N164""]]",derived
2025,goods,country,partner.1995-2025.688,reexports,423222.79255779642000,numeric,unspecified,"[[""geostat_trade_export-country-1995-2026"",""1995-2025-years"",""AG165""],[""geostat_trade_domestic-export-country-2014-2026"",""2014-2025-years"",""N165""]]",derived
2025,goods,country,partner.1995-2025.690,reexports,0,numeric,unspecified,"[[""geostat_trade_export-country-1995-2026"",""1995-2025-years"",""AG167""],[""geostat_trade_domestic-export-country-2014-2026"",""2014-2025-years"",""N167""]]",derived
2025,goods,country,partner.1995-2025.694,reexports,0E-15,numeric,unspecified,"[[""geostat_trade_export-country-1995-2026"",""1995-2025-years"",""AG168""],[""geostat_trade_domestic-export-country-2014-2026"",""2014-2025-years"",""N168""]]",derived
2025,goods,country,partner.1995-2025.702,reexports,7890039.3782450967000,numeric,unspecified,"[[""geostat_trade_export-country-1995-2026"",""1995-2025-years"",""AG169""],[""geostat_trade_domestic-export-country-2014-2026"",""2014-2025-years"",""N169""]]",derived
2025,goods,country,partner.1995-2025.703,reexports,344602.894313821000,numeric,unspecified,"[[""geostat_trade_export-country-1995-2026"",""1995-2025-years"",""AG31""],[""geostat_trade_domestic-export-country-2014-2026"",""2014-2025-years"",""N31""]]",derived
2025,goods,country,partner.1995-2025.704,reexports,337515.51999999994000,numeric,unspecified,"[[""geostat_trade_export-country-1995-2026"",""1995-2025-years"",""AG193""],[""geostat_trade_domestic-export-country-2014-2026"",""2014-2025-years"",""N192""]]",derived
2025,goods,country,partner.1995-2025.705,reexports,46838.3094155483000,numeric,unspecified,"[[""geostat_trade_export-country-1995-2026"",""1995-2025-years"",""AG32""],[""geostat_trade_domestic-export-country-2014-2026"",""2014-2025-years"",""N32""]]",derived
2025,goods,country,partner.1995-2025.706,reexports,0,numeric,unspecified,"[[""geostat_trade_export-country-1995-2026"",""1995-2025-years"",""AG171""],[""geostat_trade_domestic-export-country-2014-2026"",""2014-2025-years"",""N171""]]",derived
2025,goods,country,partner.1995-2025.710,reexports,32892.46000000003000,numeric,unspecified,"[[""geostat_trade_export-country-1995-2026"",""1995-2025-years"",""AG172""],[""geostat_trade_domestic-export-country-2014-2026"",""2014-2025-years"",""N172""]]",derived
2025,goods,country,partner.1995-2025.716,reexports,0,numeric,unspecified,"[[""geostat_trade_export-country-1995-2026"",""1995-2025-years"",""AG198""],[""geostat_trade_domestic-export-country-2014-2026"",""2014-2025-years"",""N197""]]",derived
2025,goods,country,partner.1995-2025.724,reexports,3467191.038851313000,numeric,unspecified,"[[""geostat_trade_export-country-1995-2026"",""1995-2025-years"",""AG33""],[""geostat_trade_domestic-export-country-2014-2026"",""2014-2025-years"",""N33""]]",derived
2025,goods,country,partner.1995-2025.729,reexports,53129.99999999999000,numeric,unspecified,"[[""geostat_trade_export-country-1995-2026"",""1995-2025-years"",""AG175""],[""geostat_trade_domestic-export-country-2014-2026"",""2014-2025-years"",""N174""]]",derived
2025,goods,country,partner.1995-2025.740,reexports,0,numeric,unspecified,"[[""geostat_trade_export-country-1995-2026"",""1995-2025-years"",""AG176""],[""geostat_trade_domestic-export-country-2014-2026"",""2014-2025-years"",""N175""]]",derived
2025,goods,country,partner.1995-2025.752,reexports,25139.7814365912000,numeric,unspecified,"[[""geostat_trade_export-country-1995-2026"",""1995-2025-years"",""AG34""],[""geostat_trade_domestic-export-country-2014-2026"",""2014-2025-years"",""N34""]]",derived
2025,goods,country,partner.1995-2025.756,reexports,2225242.16297508000,numeric,unspecified,"[[""geostat_trade_export-country-1995-2026"",""1995-2025-years"",""AG177""],[""geostat_trade_domestic-export-country-2014-2026"",""2014-2025-years"",""N176""]]",derived
2025,goods,country,partner.1995-2025.760,reexports,2199341.9818722867000,numeric,unspecified,"[[""geostat_trade_export-country-1995-2026"",""1995-2025-years"",""AG178""],[""geostat_trade_domestic-export-country-2014-2026"",""2014-2025-years"",""N177""]]",derived
2025,goods,country,partner.1995-2025.762,reexports,169920709.5933321477000,numeric,unspecified,"[[""geostat_trade_export-country-1995-2026"",""1995-2025-years"",""AG44""],[""geostat_trade_domestic-export-country-2014-2026"",""2014-2025-years"",""N44""]]",derived
2025,goods,country,partner.1995-2025.764,reexports,900.00000000010000,numeric,unspecified,"[[""geostat_trade_export-country-1995-2026"",""1995-2025-years"",""AG181""],[""geostat_trade_domestic-export-country-2014-2026"",""2014-2025-years"",""N180""]]",derived
2025,goods,country,partner.1995-2025.768,reexports,167518.55000,numeric,unspecified,"[[""geostat_trade_export-country-1995-2026"",""1995-2025-years"",""AG182""],[""geostat_trade_domestic-export-country-2014-2026"",""2014-2025-years"",""N181""]]",derived
2025,goods,country,partner.1995-2025.780,reexports,0,numeric,unspecified,"[[""geostat_trade_export-country-1995-2026"",""1995-2025-years"",""AG183""],[""geostat_trade_domestic-export-country-2014-2026"",""2014-2025-years"",""N182""]]",derived
2025,goods,country,partner.1995-2025.784,reexports,23132425.833193825000,numeric,unspecified,"[[""geostat_trade_export-country-1995-2026"",""1995-2025-years"",""AG188""],[""geostat_trade_domestic-export-country-2014-2026"",""2014-2025-years"",""N187""]]",derived
2025,goods,country,partner.1995-2025.788,reexports,56686.21578938851000,numeric,unspecified,"[[""geostat_trade_export-country-1995-2026"",""1995-2025-years"",""AG184""],[""geostat_trade_domestic-export-country-2014-2026"",""2014-2025-years"",""N183""]]",derived
2025,goods,country,partner.1995-2025.792,reexports,34115287.12656221000,numeric,unspecified,"[[""geostat_trade_export-country-1995-2026"",""1995-2025-years"",""AG185""],[""geostat_trade_domestic-export-country-2014-2026"",""2014-2025-years"",""N184""]]",derived
2025,goods,country,partner.1995-2025.795,reexports,56747613.0421807189000,numeric,unspecified,"[[""geostat_trade_export-country-1995-2026"",""1995-2025-years"",""AG45""],[""geostat_trade_domestic-export-country-2014-2026"",""2014-2025-years"",""N45""]]",derived
2025,goods,country,partner.1995-2025.796,reexports,0,numeric,unspecified,"[[""geostat_trade_export-country-1995-2026"",""1995-2025-years"",""AG186""],[""geostat_trade_domestic-export-country-2014-2026"",""2014-2025-years"",""N185""]]",derived
2025,goods,country,partner.1995-2025.800,reexports,0.000,numeric,unspecified,"[[""geostat_trade_export-country-1995-2026"",""1995-2025-years"",""AG187""],[""geostat_trade_domestic-export-country-2014-2026"",""2014-2025-years"",""N186""]]",derived
2025,goods,country,partner.1995-2025.804,reexports,24755875.801272034000,numeric,unspecified,"[[""geostat_trade_export-country-1995-2026"",""1995-2025-years"",""AG46""],[""geostat_trade_domestic-export-country-2014-2026"",""2014-2025-years"",""N46""]]",derived
2025,goods,country,partner.1995-2025.818,reexports,1388440.771469043000,numeric,unspecified,"[[""geostat_trade_export-country-1995-2026"",""1995-2025-years"",""AG90""],[""geostat_trade_domestic-export-country-2014-2026"",""2014-2025-years"",""N90""]]",derived
2025,goods,country,partner.1995-2025.826,reexports,2375167.454978111000,numeric,unspecified,"[[""geostat_trade_export-country-1995-2026"",""1995-2025-years"",""AG189""],[""geostat_trade_domestic-export-country-2014-2026"",""2014-2025-years"",""N188""]]",derived
2025,goods,country,partner.1995-2025.834,reexports,0.000,numeric,unspecified,"[[""geostat_trade_export-country-1995-2026"",""1995-2025-years"",""AG180""],[""geostat_trade_domestic-export-country-2014-2026"",""2014-2025-years"",""N179""]]",derived
2025,goods,country,partner.1995-2025.840,reexports,11923263.83464678000,numeric,unspecified,"[[""geostat_trade_export-country-1995-2026"",""1995-2025-years"",""AG190""],[""geostat_trade_domestic-export-country-2014-2026"",""2014-2025-years"",""N189""]]",derived
2025,goods,country,partner.1995-2025.850,reexports,0,numeric,unspecified,"[[""geostat_trade_export-country-1995-2026"",""1995-2025-years"",""AG195""],[""geostat_trade_domestic-export-country-2014-2026"",""2014-2025-years"",""N194""]]",derived
2025,goods,country,partner.1995-2025.854,reexports,0.000,numeric,unspecified,"[[""geostat_trade_export-country-1995-2026"",""1995-2025-years"",""AG70""],[""geostat_trade_domestic-export-country-2014-2026"",""2014-2025-years"",""N70""]]",derived
2025,goods,country,partner.1995-2025.858,reexports,11413.000,numeric,unspecified,"[[""geostat_trade_export-country-1995-2026"",""1995-2025-years"",""AG191""],[""geostat_trade_domestic-export-country-2014-2026"",""2014-2025-years"",""N190""]]",derived
2025,goods,country,partner.1995-2025.860,reexports,167030289.958707182000,numeric,unspecified,"[[""geostat_trade_export-country-1995-2026"",""1995-2025-years"",""AG47""],[""geostat_trade_domestic-export-country-2014-2026"",""2014-2025-years"",""N47""]]",derived
2025,goods,country,partner.1995-2025.862,reexports,0E-14,numeric,unspecified,"[[""geostat_trade_export-country-1995-2026"",""1995-2025-years"",""AG192""],[""geostat_trade_domestic-export-country-2014-2026"",""2014-2025-years"",""N191""]]",derived
2025,goods,country,partner.1995-2025.887,reexports,0E-17,numeric,unspecified,"[[""geostat_trade_export-country-1995-2026"",""1995-2025-years"",""AG196""],[""geostat_trade_domestic-export-country-2014-2026"",""2014-2025-years"",""N195""]]",derived
2025,goods,country,partner.1995-2025.891,reexports,0,numeric,unspecified,"[[""geostat_trade_export-country-1995-2026"",""1995-2025-years"",""AG166""],[""geostat_trade_domestic-export-country-2014-2026"",""2014-2025-years"",""N166""]]",derived
2025,goods,country,partner.1995-2025.894,reexports,0E-15,numeric,unspecified,"[[""geostat_trade_export-country-1995-2026"",""1995-2025-years"",""AG197""],[""geostat_trade_domestic-export-country-2014-2026"",""2014-2025-years"",""N196""]]",derived
2025,goods,national,goods.total,reexports,3927475760.5659541000000,numeric,unspecified,"[[""geostat_trade_ftrade-1995-2026"",""1995-2026"",""AF5""],[""geostat_trade_domestic-export-country-2014-2026"",""2014-2025-years"",""N5""]]",derived
2025,goods,national,goods.total,trade_balance,-11360708279.6124982000000,numeric,unspecified,"[[""geostat_trade_ftrade-1995-2026"",""1995-2026"",""AF5""],[""geostat_trade_ftrade-1995-2026"",""1995-2026"",""AF20""]]",derived
2025,goods,national,goods.total,trade_turnover,25936318334.7610798000000,numeric,unspecified,"[[""geostat_trade_ftrade-1995-2026"",""1995-2026"",""AF5""],[""geostat_trade_ftrade-1995-2026"",""1995-2026"",""AF20""]]",derived
2025,goods,product,goods.hs4.2020-2025.0102,reexports,0E-12,numeric,unspecified,"[[""geostat_trade_export-product-by-4-digit-2015-2026"",""2020-2025-years"",""H8""],[""geostat_trade_domestic-exports-by-4-digit-2014-2026"",""2020-2025-years"",""H7""]]",derived
2025,goods,product,goods.hs4.2020-2025.0104,reexports,0E-12,numeric,unspecified,"[[""geostat_trade_export-product-by-4-digit-2015-2026"",""2020-2025-years"",""H10""],[""geostat_trade_domestic-exports-by-4-digit-2014-2026"",""2020-2025-years"",""H8""]]",derived
2025,goods,product,goods.hs4.2020-2025.0105,reexports,90529.9999999998000,numeric,unspecified,"[[""geostat_trade_export-product-by-4-digit-2015-2026"",""2020-2025-years"",""H11""],[""geostat_trade_domestic-exports-by-4-digit-2014-2026"",""2020-2025-years"",""H9""]]",derived
2025,goods,product,goods.hs4.2020-2025.0204,reexports,0E-14,numeric,unspecified,"[[""geostat_trade_export-product-by-4-digit-2015-2026"",""2020-2025-years"",""H16""],[""geostat_trade_domestic-exports-by-4-digit-2014-2026"",""2020-2025-years"",""H10""]]",derived
2025,goods,product,goods.hs4.2020-2025.0207,reexports,32589335.500000003000,numeric,unspecified,"[[""geostat_trade_export-product-by-4-digit-2015-2026"",""2020-2025-years"",""H18""],[""geostat_trade_domestic-exports-by-4-digit-2014-2026"",""2020-2025-years"",""H11""]]",derived
2025,goods,product,goods.hs4.2020-2025.0302,reexports,561106.6347874150000,numeric,unspecified,"[[""geostat_trade_export-product-by-4-digit-2015-2026"",""2020-2025-years"",""H22""],[""geostat_trade_domestic-exports-by-4-digit-2014-2026"",""2020-2025-years"",""H12""]]",derived
2025,goods,product,goods.hs4.2020-2025.0303,reexports,2482199.8637102133000,numeric,unspecified,"[[""geostat_trade_export-product-by-4-digit-2015-2026"",""2020-2025-years"",""H23""],[""geostat_trade_domestic-exports-by-4-digit-2014-2026"",""2020-2025-years"",""H13""]]",derived
2025,goods,product,goods.hs4.2020-2025.0504,reexports,0E-14,numeric,unspecified,"[[""geostat_trade_export-product-by-4-digit-2015-2026"",""2020-2025-years"",""H37""],[""geostat_trade_domestic-exports-by-4-digit-2014-2026"",""2020-2025-years"",""H14""]]",derived
2025,goods,product,goods.hs4.2020-2025.0701,reexports,11532.996838268000,numeric,unspecified,"[[""geostat_trade_export-product-by-4-digit-2015-2026"",""2020-2025-years"",""H45""],[""geostat_trade_domestic-exports-by-4-digit-2014-2026"",""2020-2025-years"",""H15""]]",derived
2025,goods,product,goods.hs4.2020-2025.0702,reexports,2259617.39000000031000,numeric,unspecified,"[[""geostat_trade_export-product-by-4-digit-2015-2026"",""2020-2025-years"",""H46""],[""geostat_trade_domestic-exports-by-4-digit-2014-2026"",""2020-2025-years"",""H16""]]",derived
2025,goods,product,goods.hs4.2020-2025.0707,reexports,527483.04999999994000,numeric,unspecified,"[[""geostat_trade_export-product-by-4-digit-2015-2026"",""2020-2025-years"",""H51""],[""geostat_trade_domestic-exports-by-4-digit-2014-2026"",""2020-2025-years"",""H17""]]",derived
2025,goods,product,goods.hs4.2020-2025.0709,reexports,1029422.1888968978000,numeric,unspecified,"[[""geostat_trade_export-product-by-4-digit-2015-2026"",""2020-2025-years"",""H53""],[""geostat_trade_domestic-exports-by-4-digit-2014-2026"",""2020-2025-years"",""H18""]]",derived
2025,goods,product,goods.hs4.2020-2025.0802,reexports,2235852.19305390000,numeric,unspecified,"[[""geostat_trade_export-product-by-4-digit-2015-2026"",""2020-2025-years"",""H60""],[""geostat_trade_domestic-exports-by-4-digit-2014-2026"",""2020-2025-years"",""H19""]]",derived
2025,goods,product,goods.hs4.2020-2025.0805,reexports,10072602.037122102000,numeric,unspecified,"[[""geostat_trade_export-product-by-4-digit-2015-2026"",""2020-2025-years"",""H63""],[""geostat_trade_domestic-exports-by-4-digit-2014-2026"",""2020-2025-years"",""H20""]]",derived
2025,goods,product,goods.hs4.2020-2025.0808,reexports,1191330.385076944000,numeric,unspecified,"[[""geostat_trade_export-product-by-4-digit-2015-2026"",""2020-2025-years"",""H66""],[""geostat_trade_domestic-exports-by-4-digit-2014-2026"",""2020-2025-years"",""H21""]]",derived
2025,goods,product,goods.hs4.2020-2025.0809,reexports,119099.594094303000,numeric,unspecified,"[[""geostat_trade_export-product-by-4-digit-2015-2026"",""2020-2025-years"",""H67""],[""geostat_trade_domestic-exports-by-4-digit-2014-2026"",""2020-2025-years"",""H22""]]",derived
2025,goods,product,goods.hs4.2020-2025.0810,reexports,1960634.730745726000,numeric,unspecified,"[[""geostat_trade_export-product-by-4-digit-2015-2026"",""2020-2025-years"",""H68""],[""geostat_trade_domestic-exports-by-4-digit-2014-2026"",""2020-2025-years"",""H23""]]",derived
2025,goods,product,goods.hs4.2020-2025.0813,reexports,124886.6600000001000,numeric,unspecified,"[[""geostat_trade_export-product-by-4-digit-2015-2026"",""2020-2025-years"",""H71""],[""geostat_trade_domestic-exports-by-4-digit-2014-2026"",""2020-2025-years"",""H24""]]",derived
2025,goods,product,goods.hs4.2020-2025.0902,reexports,2178781.7686334972000,numeric,unspecified,"[[""geostat_trade_export-product-by-4-digit-2015-2026"",""2020-2025-years"",""H74""],[""geostat_trade_domestic-exports-by-4-digit-2014-2026"",""2020-2025-years"",""H25""]]",derived
2025,goods,product,goods.hs4.2020-2025.0910,reexports,551299.748745074000,numeric,unspecified,"[[""geostat_trade_export-product-by-4-digit-2015-2026"",""2020-2025-years"",""H81""],[""geostat_trade_domestic-exports-by-4-digit-2014-2026"",""2020-2025-years"",""H26""]]",derived
2025,goods,product,goods.hs4.2020-2025.1003,reexports,72627.21000000010000,numeric,unspecified,"[[""geostat_trade_export-product-by-4-digit-2015-2026"",""2020-2025-years"",""H83""],[""geostat_trade_domestic-exports-by-4-digit-2014-2026"",""2020-2025-years"",""H27""]]",derived
2025,goods,product,goods.hs4.2020-2025.1005,reexports,27380.9984896197000,numeric,unspecified,"[[""geostat_trade_export-product-by-4-digit-2015-2026"",""2020-2025-years"",""H85""],[""geostat_trade_domestic-exports-by-4-digit-2014-2026"",""2020-2025-years"",""H28""]]",derived
2025,goods,product,goods.hs4.2020-2025.1106,reexports,14681.920000001000,numeric,unspecified,"[[""geostat_trade_export-product-by-4-digit-2015-2026"",""2020-2025-years"",""H92""],[""geostat_trade_domestic-exports-by-4-digit-2014-2026"",""2020-2025-years"",""H29""]]",derived
2025,goods,product,goods.hs4.2020-2025.1206,reexports,483791.1000,numeric,unspecified,"[[""geostat_trade_export-product-by-4-digit-2015-2026"",""2020-2025-years"",""H99""],[""geostat_trade_domestic-exports-by-4-digit-2014-2026"",""2020-2025-years"",""H30""]]",derived
2025,goods,product,goods.hs4.2020-2025.1211,reexports,113644.1543798178000,numeric,unspecified,"[[""geostat_trade_export-product-by-4-digit-2015-2026"",""2020-2025-years"",""H103""],[""geostat_trade_domestic-exports-by-4-digit-2014-2026"",""2020-2025-years"",""H31""]]",derived
2025,goods,product,goods.hs4.2020-2025.1504,reexports,0E-12,numeric,unspecified,"[[""geostat_trade_export-product-by-4-digit-2015-2026"",""2020-2025-years"",""H113""],[""geostat_trade_domestic-exports-by-4-digit-2014-2026"",""2020-2025-years"",""H32""]]",derived
2025,goods,product,goods.hs4.2020-2025.1515,reexports,12678.88000000002000,numeric,unspecified,"[[""geostat_trade_export-product-by-4-digit-2015-2026"",""2020-2025-years"",""H121""],[""geostat_trade_domestic-exports-by-4-digit-2014-2026"",""2020-2025-years"",""H33""]]",derived
2025,goods,product,goods.hs4.2020-2025.1516,reexports,0E-15,numeric,unspecified,"[[""geostat_trade_export-product-by-4-digit-2015-2026"",""2020-2025-years"",""H122""],[""geostat_trade_domestic-exports-by-4-digit-2014-2026"",""2020-2025-years"",""H34""]]",derived
2025,goods,product,goods.hs4.2020-2025.1806,reexports,11669740.3267758843000,numeric,unspecified,"[[""geostat_trade_export-product-by-4-digit-2015-2026"",""2020-2025-years"",""H138""],[""geostat_trade_domestic-exports-by-4-digit-2014-2026"",""2020-2025-years"",""H35""]]",derived
2025,goods,product,goods.hs4.2020-2025.2007,reexports,9076.79999999999000,numeric,unspecified,"[[""geostat_trade_export-product-by-4-digit-2015-2026"",""2020-2025-years"",""H150""],[""geostat_trade_domestic-exports-by-4-digit-2014-2026"",""2020-2025-years"",""H36""]]",derived
2025,goods,product,goods.hs4.2020-2025.2008,reexports,378666.286885346000,numeric,unspecified,"[[""geostat_trade_export-product-by-4-digit-2015-2026"",""2020-2025-years"",""H151""],[""geostat_trade_domestic-exports-by-4-digit-2014-2026"",""2020-2025-years"",""H37""]]",derived
2025,goods,product,goods.hs4.2020-2025.2009,reexports,3064.704252640000,numeric,unspecified,"[[""geostat_trade_export-product-by-4-digit-2015-2026"",""2020-2025-years"",""H152""],[""geostat_trade_domestic-exports-by-4-digit-2014-2026"",""2020-2025-years"",""H38""]]",derived
2025,goods,product,goods.hs4.2020-2025.2101,reexports,3191101.5594033379000,numeric,unspecified,"[[""geostat_trade_export-product-by-4-digit-2015-2026"",""2020-2025-years"",""H153""],[""geostat_trade_domestic-exports-by-4-digit-2014-2026"",""2020-2025-years"",""H39""]]",derived
2025,goods,product,goods.hs4.2020-2025.2103,reexports,91860.9940188603000,numeric,unspecified,"[[""geostat_trade_export-product-by-4-digit-2015-2026"",""2020-2025-years"",""H155""],[""geostat_trade_domestic-exports-by-4-digit-2014-2026"",""2020-2025-years"",""H40""]]",derived
2025,goods,product,goods.hs4.2020-2025.2106,reexports,7273246.1261363873000,numeric,unspecified,"[[""geostat_trade_export-product-by-4-digit-2015-2026"",""2020-2025-years"",""H158""],[""geostat_trade_domestic-exports-by-4-digit-2014-2026"",""2020-2025-years"",""H41""]]",derived
2025,goods,product,goods.hs4.2020-2025.2201,reexports,38701.48352536000,numeric,unspecified,"[[""geostat_trade_export-product-by-4-digit-2015-2026"",""2020-2025-years"",""H159""],[""geostat_trade_domestic-exports-by-4-digit-2014-2026"",""2020-2025-years"",""H42""]]",derived
2025,goods,product,goods.hs4.2020-2025.2202,reexports,1054531.02650907000,numeric,unspecified,"[[""geostat_trade_export-product-by-4-digit-2015-2026"",""2020-2025-years"",""H160""],[""geostat_trade_domestic-exports-by-4-digit-2014-2026"",""2020-2025-years"",""H43""]]",derived
2025,goods,product,goods.hs4.2020-2025.2203,reexports,1152738.4751270302000,numeric,unspecified,"[[""geostat_trade_export-product-by-4-digit-2015-2026"",""2020-2025-years"",""H161""],[""geostat_trade_domestic-exports-by-4-digit-2014-2026"",""2020-2025-years"",""H44""]]",derived
2025,goods,product,goods.hs4.2020-2025.2204,reexports,1382633.67902580000,numeric,unspecified,"[[""geostat_trade_export-product-by-4-digit-2015-2026"",""2020-2025-years"",""H162""],[""geostat_trade_domestic-exports-by-4-digit-2014-2026"",""2020-2025-years"",""H45""]]",derived
2025,goods,product,goods.hs4.2020-2025.2208,reexports,45706636.71463175000,numeric,unspecified,"[[""geostat_trade_export-product-by-4-digit-2015-2026"",""2020-2025-years"",""H166""],[""geostat_trade_domestic-exports-by-4-digit-2014-2026"",""2020-2025-years"",""H46""]]",derived
2025,goods,product,goods.hs4.2020-2025.2301,reexports,0E-13,numeric,unspecified,"[[""geostat_trade_export-product-by-4-digit-2015-2026"",""2020-2025-years"",""H168""],[""geostat_trade_domestic-exports-by-4-digit-2014-2026"",""2020-2025-years"",""H47""]]",derived
2025,goods,product,goods.hs4.2020-2025.2309,reexports,993035.904834362000,numeric,unspecified,"[[""geostat_trade_export-product-by-4-digit-2015-2026"",""2020-2025-years"",""H174""],[""geostat_trade_domestic-exports-by-4-digit-2014-2026"",""2020-2025-years"",""H48""]]",derived
2025,goods,product,goods.hs4.2020-2025.2508,reexports,21714.3832590664000,numeric,unspecified,"[[""geostat_trade_export-product-by-4-digit-2015-2026"",""2020-2025-years"",""H185""],[""geostat_trade_domestic-exports-by-4-digit-2014-2026"",""2020-2025-years"",""H49""]]",derived
2025,goods,product,goods.hs4.2020-2025.2522,reexports,0E-13,numeric,unspecified,"[[""geostat_trade_export-product-by-4-digit-2015-2026"",""2020-2025-years"",""H198""],[""geostat_trade_domestic-exports-by-4-digit-2014-2026"",""2020-2025-years"",""H50""]]",derived
2025,goods,product,goods.hs4.2020-2025.2602,reexports,0.000,numeric,unspecified,"[[""geostat_trade_export-product-by-4-digit-2015-2026"",""2020-2025-years"",""H205""],[""geostat_trade_domestic-exports-by-4-digit-2014-2026"",""2020-2025-years"",""H51""]]",derived
2025,goods,product,goods.hs4.2020-2025.2603,reexports,0E-11,numeric,unspecified,"[[""geostat_trade_export-product-by-4-digit-2015-2026"",""2020-2025-years"",""H206""],[""geostat_trade_domestic-exports-by-4-digit-2014-2026"",""2020-2025-years"",""H52""]]",derived
2025,goods,product,goods.hs4.2020-2025.2616,reexports,0E-11,numeric,unspecified,"[[""geostat_trade_export-product-by-4-digit-2015-2026"",""2020-2025-years"",""H211""],[""geostat_trade_domestic-exports-by-4-digit-2014-2026"",""2020-2025-years"",""H53""]]",derived
2025,goods,product,goods.hs4.2020-2025.2710,reexports,68507001.968835832000,numeric,unspecified,"[[""geostat_trade_export-product-by-4-digit-2015-2026"",""2020-2025-years"",""H222""],[""geostat_trade_domestic-exports-by-4-digit-2014-2026"",""2020-2025-years"",""H54""]]",derived
2025,goods,product,goods.hs4.2020-2025.2716,reexports,0E-12,numeric,unspecified,"[[""geostat_trade_export-product-by-4-digit-2015-2026"",""2020-2025-years"",""H227""],[""geostat_trade_domestic-exports-by-4-digit-2014-2026"",""2020-2025-years"",""H55""]]",derived
2025,goods,product,goods.hs4.2020-2025.2820,reexports,0E-12,numeric,unspecified,"[[""geostat_trade_export-product-by-4-digit-2015-2026"",""2020-2025-years"",""H241""],[""geostat_trade_domestic-exports-by-4-digit-2014-2026"",""2020-2025-years"",""H56""]]",derived
2025,goods,product,goods.hs4.2020-2025.2837,reexports,0E-12,numeric,unspecified,"[[""geostat_trade_export-product-by-4-digit-2015-2026"",""2020-2025-years"",""H257""],[""geostat_trade_domestic-exports-by-4-digit-2014-2026"",""2020-2025-years"",""H57""]]",derived
2025,goods,product,goods.hs4.2020-2025.3004,reexports,108466613.188092648000,numeric,unspecified,"[[""geostat_trade_export-product-by-4-digit-2015-2026"",""2020-2025-years"",""H307""],[""geostat_trade_domestic-exports-by-4-digit-2014-2026"",""2020-2025-years"",""H58""]]",derived
2025,goods,product,goods.hs4.2020-2025.3006,reexports,391246.475173721935000,numeric,unspecified,"[[""geostat_trade_export-product-by-4-digit-2015-2026"",""2020-2025-years"",""H309""],[""geostat_trade_domestic-exports-by-4-digit-2014-2026"",""2020-2025-years"",""H59""]]",derived
2025,goods,product,goods.hs4.2020-2025.3102,reexports,1708987.71186954000,numeric,unspecified,"[[""geostat_trade_export-product-by-4-digit-2015-2026"",""2020-2025-years"",""H311""],[""geostat_trade_domestic-exports-by-4-digit-2014-2026"",""2020-2025-years"",""H60""]]",derived
2025,goods,product,goods.hs4.2020-2025.3923,reexports,2341613.500972994000,numeric,unspecified,"[[""geostat_trade_export-product-by-4-digit-2015-2026"",""2020-2025-years"",""H406""],[""geostat_trade_domestic-exports-by-4-digit-2014-2026"",""2020-2025-years"",""H61""]]",derived
2025,goods,product,goods.hs4.2020-2025.3926,reexports,1834162.6876724870000,numeric,unspecified,"[[""geostat_trade_export-product-by-4-digit-2015-2026"",""2020-2025-years"",""H409""],[""geostat_trade_domestic-exports-by-4-digit-2014-2026"",""2020-2025-years"",""H62""]]",derived
2025,goods,product,goods.hs4.2020-2025.4407,reexports,760060.1525931798000,numeric,unspecified,"[[""geostat_trade_export-product-by-4-digit-2015-2026"",""2020-2025-years"",""H448""],[""geostat_trade_domestic-exports-by-4-digit-2014-2026"",""2020-2025-years"",""H63""]]",derived
2025,goods,product,goods.hs4.2020-2025.4410,reexports,139013.7721659940000,numeric,unspecified,"[[""geostat_trade_export-product-by-4-digit-2015-2026"",""2020-2025-years"",""H451""],[""geostat_trade_domestic-exports-by-4-digit-2014-2026"",""2020-2025-years"",""H64""]]",derived
2025,goods,product,goods.hs4.2020-2025.4418,reexports,1043796.31501052815000,numeric,unspecified,"[[""geostat_trade_export-product-by-4-digit-2015-2026"",""2020-2025-years"",""H459""],[""geostat_trade_domestic-exports-by-4-digit-2014-2026"",""2020-2025-years"",""H65""]]",derived
2025,goods,product,goods.hs4.2020-2025.4421,reexports,248779.53014034960000,numeric,unspecified,"[[""geostat_trade_export-product-by-4-digit-2015-2026"",""2020-2025-years"",""H462""],[""geostat_trade_domestic-exports-by-4-digit-2014-2026"",""2020-2025-years"",""H66""]]",derived
2025,goods,product,goods.hs4.2020-2025.4707,reexports,23659.9999999999000,numeric,unspecified,"[[""geostat_trade_export-product-by-4-digit-2015-2026"",""2020-2025-years"",""H472""],[""geostat_trade_domestic-exports-by-4-digit-2014-2026"",""2020-2025-years"",""H67""]]",derived
2025,goods,product,goods.hs4.2020-2025.4805,reexports,6094.9399084893000,numeric,unspecified,"[[""geostat_trade_export-product-by-4-digit-2015-2026"",""2020-2025-years"",""H477""],[""geostat_trade_domestic-exports-by-4-digit-2014-2026"",""2020-2025-years"",""H68""]]",derived
2025,goods,product,goods.hs4.2020-2025.5605,reexports,0E-14,numeric,unspecified,"[[""geostat_trade_export-product-by-4-digit-2015-2026"",""2020-2025-years"",""H553""],[""geostat_trade_domestic-exports-by-4-digit-2014-2026"",""2020-2025-years"",""H69""]]",derived
2025,goods,product,goods.hs4.2020-2025.6102,reexports,179001.446690021834000,numeric,unspecified,"[[""geostat_trade_export-product-by-4-digit-2015-2026"",""2020-2025-years"",""H590""],[""geostat_trade_domestic-exports-by-4-digit-2014-2026"",""2020-2025-years"",""H70""]]",derived
2025,goods,product,goods.hs4.2020-2025.6103,reexports,606113.961212136000,numeric,unspecified,"[[""geostat_trade_export-product-by-4-digit-2015-2026"",""2020-2025-years"",""H591""],[""geostat_trade_domestic-exports-by-4-digit-2014-2026"",""2020-2025-years"",""H71""]]",derived
2025,goods,product,goods.hs4.2020-2025.6104,reexports,708784.3904607144000,numeric,unspecified,"[[""geostat_trade_export-product-by-4-digit-2015-2026"",""2020-2025-years"",""H592""],[""geostat_trade_domestic-exports-by-4-digit-2014-2026"",""2020-2025-years"",""H72""]]",derived
2025,goods,product,goods.hs4.2020-2025.6109,reexports,1419437.052496971000,numeric,unspecified,"[[""geostat_trade_export-product-by-4-digit-2015-2026"",""2020-2025-years"",""H597""],[""geostat_trade_domestic-exports-by-4-digit-2014-2026"",""2020-2025-years"",""H73""]]",derived
2025,goods,product,goods.hs4.2020-2025.6110,reexports,2005618.4025066145000,numeric,unspecified,"[[""geostat_trade_export-product-by-4-digit-2015-2026"",""2020-2025-years"",""H598""],[""geostat_trade_domestic-exports-by-4-digit-2014-2026"",""2020-2025-years"",""H74""]]",derived
2025,goods,product,goods.hs4.2020-2025.6201,reexports,355494.72951027896000,numeric,unspecified,"[[""geostat_trade_export-product-by-4-digit-2015-2026"",""2020-2025-years"",""H606""],[""geostat_trade_domestic-exports-by-4-digit-2014-2026"",""2020-2025-years"",""H75""]]",derived
2025,goods,product,goods.hs4.2020-2025.6202,reexports,304325.16462266952000,numeric,unspecified,"[[""geostat_trade_export-product-by-4-digit-2015-2026"",""2020-2025-years"",""H607""],[""geostat_trade_domestic-exports-by-4-digit-2014-2026"",""2020-2025-years"",""H76""]]",derived
2025,goods,product,goods.hs4.2020-2025.6203,reexports,1702186.2284598556000,numeric,unspecified,"[[""geostat_trade_export-product-by-4-digit-2015-2026"",""2020-2025-years"",""H608""],[""geostat_trade_domestic-exports-by-4-digit-2014-2026"",""2020-2025-years"",""H77""]]",derived
2025,goods,product,goods.hs4.2020-2025.6204,reexports,1817746.2632715260000,numeric,unspecified,"[[""geostat_trade_export-product-by-4-digit-2015-2026"",""2020-2025-years"",""H609""],[""geostat_trade_domestic-exports-by-4-digit-2014-2026"",""2020-2025-years"",""H78""]]",derived
2025,goods,product,goods.hs4.2020-2025.6206,reexports,530164.41483823598000,numeric,unspecified,"[[""geostat_trade_export-product-by-4-digit-2015-2026"",""2020-2025-years"",""H611""],[""geostat_trade_domestic-exports-by-4-digit-2014-2026"",""2020-2025-years"",""H79""]]",derived
2025,goods,product,goods.hs4.2020-2025.6212,reexports,106672.617324885000,numeric,unspecified,"[[""geostat_trade_export-product-by-4-digit-2015-2026"",""2020-2025-years"",""H617""],[""geostat_trade_domestic-exports-by-4-digit-2014-2026"",""2020-2025-years"",""H80""]]",derived
2025,goods,product,goods.hs4.2020-2025.6305,reexports,2472543.7562696791000,numeric,unspecified,"[[""geostat_trade_export-product-by-4-digit-2015-2026"",""2020-2025-years"",""H627""],[""geostat_trade_domestic-exports-by-4-digit-2014-2026"",""2020-2025-years"",""H81""]]",derived
2025,goods,product,goods.hs4.2020-2025.6403,reexports,302907.2954782639000,numeric,unspecified,"[[""geostat_trade_export-product-by-4-digit-2015-2026"",""2020-2025-years"",""H635""],[""geostat_trade_domestic-exports-by-4-digit-2014-2026"",""2020-2025-years"",""H82""]]",derived
2025,goods,product,goods.hs4.2020-2025.6809,reexports,100618.3660288753000,numeric,unspecified,"[[""geostat_trade_export-product-by-4-digit-2015-2026"",""2020-2025-years"",""H658""],[""geostat_trade_domestic-exports-by-4-digit-2014-2026"",""2020-2025-years"",""H83""]]",derived
2025,goods,product,goods.hs4.2020-2025.7010,reexports,64678.6987990832000,numeric,unspecified,"[[""geostat_trade_export-product-by-4-digit-2015-2026"",""2020-2025-years"",""H687""],[""geostat_trade_domestic-exports-by-4-digit-2014-2026"",""2020-2025-years"",""H84""]]",derived
2025,goods,product,goods.hs4.2020-2025.7108,reexports,0E-11,numeric,unspecified,"[[""geostat_trade_export-product-by-4-digit-2015-2026"",""2020-2025-years"",""H699""],[""geostat_trade_domestic-exports-by-4-digit-2014-2026"",""2020-2025-years"",""H85""]]",derived
2025,goods,product,goods.hs4.2020-2025.7112,reexports,0E-14,numeric,unspecified,"[[""geostat_trade_export-product-by-4-digit-2015-2026"",""2020-2025-years"",""H702""],[""geostat_trade_domestic-exports-by-4-digit-2014-2026"",""2020-2025-years"",""H86""]]",derived
2025,goods,product,goods.hs4.2020-2025.7115,reexports,0E-14,numeric,unspecified,"[[""geostat_trade_export-product-by-4-digit-2015-2026"",""2020-2025-years"",""H705""],[""geostat_trade_domestic-exports-by-4-digit-2014-2026"",""2020-2025-years"",""H87""]]",derived
2025,goods,product,goods.hs4.2020-2025.7202,reexports,0E-11,numeric,unspecified,"[[""geostat_trade_export-product-by-4-digit-2015-2026"",""2020-2025-years"",""H709""],[""geostat_trade_domestic-exports-by-4-digit-2014-2026"",""2020-2025-years"",""H88""]]",derived
2025,goods,product,goods.hs4.2020-2025.7204,reexports,0E-13,numeric,unspecified,"[[""geostat_trade_export-product-by-4-digit-2015-2026"",""2020-2025-years"",""H711""],[""geostat_trade_domestic-exports-by-4-digit-2014-2026"",""2020-2025-years"",""H89""]]",derived
2025,goods,product,goods.hs4.2020-2025.7207,reexports,9381.200189378936000,numeric,unspecified,"[[""geostat_trade_export-product-by-4-digit-2015-2026"",""2020-2025-years"",""H714""],[""geostat_trade_domestic-exports-by-4-digit-2014-2026"",""2020-2025-years"",""H90""]]",derived
2025,goods,product,goods.hs4.2020-2025.7214,reexports,114909.59869566731000,numeric,unspecified,"[[""geostat_trade_export-product-by-4-digit-2015-2026"",""2020-2025-years"",""H721""],[""geostat_trade_domestic-exports-by-4-digit-2014-2026"",""2020-2025-years"",""H91""]]",derived
2025,goods,product,goods.hs4.2020-2025.7304,reexports,5921.114209501000,numeric,unspecified,"[[""geostat_trade_export-product-by-4-digit-2015-2026"",""2020-2025-years"",""H737""],[""geostat_trade_domestic-exports-by-4-digit-2014-2026"",""2020-2025-years"",""H92""]]",derived
2025,goods,product,goods.hs4.2020-2025.7307,reexports,233517.983798948734000,numeric,unspecified,"[[""geostat_trade_export-product-by-4-digit-2015-2026"",""2020-2025-years"",""H740""],[""geostat_trade_domestic-exports-by-4-digit-2014-2026"",""2020-2025-years"",""H93""]]",derived
2025,goods,product,goods.hs4.2020-2025.7326,reexports,997730.99460305918000,numeric,unspecified,"[[""geostat_trade_export-product-by-4-digit-2015-2026"",""2020-2025-years"",""H759""],[""geostat_trade_domestic-exports-by-4-digit-2014-2026"",""2020-2025-years"",""H94""]]",derived
2025,goods,product,goods.hs4.2020-2025.7404,reexports,0E-12,numeric,unspecified,"[[""geostat_trade_export-product-by-4-digit-2015-2026"",""2020-2025-years"",""H761""],[""geostat_trade_domestic-exports-by-4-digit-2014-2026"",""2020-2025-years"",""H95""]]",derived
2025,goods,product,goods.hs4.2020-2025.7601,reexports,609685.660000003000,numeric,unspecified,"[[""geostat_trade_export-product-by-4-digit-2015-2026"",""2020-2025-years"",""H777""],[""geostat_trade_domestic-exports-by-4-digit-2014-2026"",""2020-2025-years"",""H96""]]",derived
2025,goods,product,goods.hs4.2020-2025.7602,reexports,0E-12,numeric,unspecified,"[[""geostat_trade_export-product-by-4-digit-2015-2026"",""2020-2025-years"",""H778""],[""geostat_trade_domestic-exports-by-4-digit-2014-2026"",""2020-2025-years"",""H97""]]",derived
2025,goods,product,goods.hs4.2020-2025.7801,reexports,1017069.5599999981000,numeric,unspecified,"[[""geostat_trade_export-product-by-4-digit-2015-2026"",""2020-2025-years"",""H794""],[""geostat_trade_domestic-exports-by-4-digit-2014-2026"",""2020-2025-years"",""H98""]]",derived
2025,goods,product,goods.hs4.2020-2025.8516,reexports,11772647.782696464000,numeric,unspecified,"[[""geostat_trade_export-product-by-4-digit-2015-2026"",""2020-2025-years"",""H931""],[""geostat_trade_domestic-exports-by-4-digit-2014-2026"",""2020-2025-years"",""H99""]]",derived
2025,goods,product,goods.hs4.2020-2025.8544,reexports,673200.0937069070000,numeric,unspecified,"[[""geostat_trade_export-product-by-4-digit-2015-2026"",""2020-2025-years"",""H957""],[""geostat_trade_domestic-exports-by-4-digit-2014-2026"",""2020-2025-years"",""H100""]]",derived
2025,goods,product,goods.hs4.2020-2025.8606,reexports,0,numeric,unspecified,"[[""geostat_trade_export-product-by-4-digit-2015-2026"",""2020-2025-years"",""H966""],[""geostat_trade_domestic-exports-by-4-digit-2014-2026"",""2020-2025-years"",""H101""]]",derived
2025,goods,product,goods.hs4.2020-2025.8607,reexports,276691.89440268554000,numeric,unspecified,"[[""geostat_trade_export-product-by-4-digit-2015-2026"",""2020-2025-years"",""H967""],[""geostat_trade_domestic-exports-by-4-digit-2014-2026"",""2020-2025-years"",""H102""]]",derived
2025,goods,product,goods.hs4.2020-2025.9403,reexports,5110533.6796857023000,numeric,unspecified,"[[""geostat_trade_export-product-by-4-digit-2015-2026"",""2020-2025-years"",""H1048""],[""geostat_trade_domestic-exports-by-4-digit-2014-2026"",""2020-2025-years"",""H104""]]",derived
2025,goods,product,goods.hs4.2020-2025.9404,reexports,73859.977602898606000,numeric,unspecified,"[[""geostat_trade_export-product-by-4-digit-2015-2026"",""2020-2025-years"",""H1049""],[""geostat_trade_domestic-exports-by-4-digit-2014-2026"",""2020-2025-years"",""H105""]]",derived
