group_id,group_label_en,year,flow,item_id,value_usd,source_value,source_unit,value_status,publication_status,role,source_block,source_id,source_sheet,source_cell,source_label,source_number_format
group.oecd,Organisation of Economic Cooperation and Development countries (OECD),1995,export,group.oecd,48386789.499999977000,48386.789499999977,thousand_usd,numeric,unspecified,subtotal,1995-2025,geostat_trade_export--country-group-1995-2026,1995-2025-years,B10,Organisation of Economic Cooperation and Development countries (OECD),"_-* #,##0.0_-;\-* #,##0.0_-;_-* ""-""?_-;_-@_-"
group.guam,GUAM countries,1995,export,group.guam,19307223.100000116000,19307.223100000116,thousand_usd,numeric,unspecified,subtotal,1995-2025,geostat_trade_export--country-group-1995-2026,1995-2025-years,B11,GUAM countries,"#,##0.0"
group.eu,European Union countries (EU),1995,export,group.eu,7238067.4999999983000,7238.0674999999983,thousand_usd,numeric,unspecified,subtotal,1995-2025,geostat_trade_export--country-group-1995-2026,1995-2025-years,B7,European Union countries (EU),"#,##0.0"
group.cis,Commonwealth of Independent States countries (CIS),1995,export,group.cis,97988330.500001612000,97988.330500001612,thousand_usd,numeric,unspecified,subtotal,1995-2025,geostat_trade_export--country-group-1995-2026,1995-2025-years,B8,Commonwealth of Independent States countries (CIS),"#,##0.0"
group.bsec,Black Sea Economic Cooperation Organization countries (BSEC),1995,export,group.bsec,126563005.49999952000,126563.00549999952,thousand_usd,numeric,unspecified,subtotal,1995-2025,geostat_trade_export--country-group-1995-2026,1995-2025-years,B9,Black Sea Economic Cooperation Organization countries (BSEC),"#,##0.0"
,,1995,export,goods.total,155199297.00000165000,155199.29700000165,thousand_usd,numeric,unspecified,total,1995-2025,geostat_trade_export--country-group-1995-2026,1995-2025-years,B5,Total Exports,"#,##0.0"
group.oecd,Organisation of Economic Cooperation and Development countries (OECD),1996,export,group.oecd,54699794.549999991000,54699.794549999991,thousand_usd,numeric,unspecified,subtotal,1995-2025,geostat_trade_export--country-group-1995-2026,1995-2025-years,C10,Organisation of Economic Cooperation and Development countries (OECD),"_-* #,##0.0_-;\-* #,##0.0_-;_-* ""-""?_-;_-@_-"
group.guam,GUAM countries,1996,export,group.guam,30252904.15000002000,30252.90415000002,thousand_usd,numeric,unspecified,subtotal,1995-2025,geostat_trade_export--country-group-1995-2026,1995-2025-years,C11,GUAM countries,"#,##0.0"
group.eu,European Union countries (EU),1996,export,group.eu,19599725.850000003000,19599.725850000003,thousand_usd,numeric,unspecified,subtotal,1995-2025,geostat_trade_export--country-group-1995-2026,1995-2025-years,C7,European Union countries (EU),"#,##0.0"
group.cis,Commonwealth of Independent States countries (CIS),1996,export,group.cis,129932642.15000004000,129932.64215000004,thousand_usd,numeric,unspecified,subtotal,1995-2025,geostat_trade_export--country-group-1995-2026,1995-2025-years,C8,Commonwealth of Independent States countries (CIS),"#,##0.0"
group.bsec,Black Sea Economic Cooperation Organization countries (BSEC),1996,export,group.bsec,152067626.90000009000,152067.62690000009,thousand_usd,numeric,unspecified,subtotal,1995-2025,geostat_trade_export--country-group-1995-2026,1995-2025-years,C9,Black Sea Economic Cooperation Organization countries (BSEC),"#,##0.0"
,,1996,export,goods.total,203022304.69999998000,203022.30469999998,thousand_usd,numeric,unspecified,total,1995-2025,geostat_trade_export--country-group-1995-2026,1995-2025-years,C5,Total Exports,"#,##0.0"
group.oecd,Organisation of Economic Cooperation and Development countries (OECD),1997,export,group.oecd,79025561.999999991000,79025.561999999991,thousand_usd,numeric,unspecified,subtotal,1995-2025,geostat_trade_export--country-group-1995-2026,1995-2025-years,D10,Organisation of Economic Cooperation and Development countries (OECD),"_-* #,##0.0_-;\-* #,##0.0_-;_-* ""-""?_-;_-@_-"
group.guam,GUAM countries,1997,export,group.guam,33805231.000000029000,33805.231000000029,thousand_usd,numeric,unspecified,subtotal,1995-2025,geostat_trade_export--country-group-1995-2026,1995-2025-years,D11,GUAM countries,"#,##0.0"
group.eu,European Union countries (EU),1997,export,group.eu,20149401.000000027000,20149.401000000027,thousand_usd,numeric,unspecified,subtotal,1995-2025,geostat_trade_export--country-group-1995-2026,1995-2025-years,D7,European Union countries (EU),"#,##0.0"
group.cis,Commonwealth of Independent States countries (CIS),1997,export,group.cis,138522175.20000003000,138522.17520000003,thousand_usd,numeric,unspecified,subtotal,1995-2025,geostat_trade_export--country-group-1995-2026,1995-2025-years,D8,Commonwealth of Independent States countries (CIS),"#,##0.0"
group.bsec,Black Sea Economic Cooperation Organization countries (BSEC),1997,export,group.bsec,171932903.59999958000,171932.90359999958,thousand_usd,numeric,unspecified,subtotal,1995-2025,geostat_trade_export--country-group-1995-2026,1995-2025-years,D9,Black Sea Economic Cooperation Organization countries (BSEC),"#,##0.0"
,,1997,export,goods.total,244227434.19999999000,244227.43419999999,thousand_usd,numeric,unspecified,total,1995-2025,geostat_trade_export--country-group-1995-2026,1995-2025-years,D5,Total Exports,"#,##0.0"
group.oecd,Organisation of Economic Cooperation and Development countries (OECD),1998,export,group.oecd,75308826.87662098000,75308.82687662098,thousand_usd,numeric,unspecified,subtotal,1995-2025,geostat_trade_export--country-group-1995-2026,1995-2025-years,E10,Organisation of Economic Cooperation and Development countries (OECD),"_-* #,##0.0_-;\-* #,##0.0_-;_-* ""-""?_-;_-@_-"
group.guam,GUAM countries,1998,export,group.guam,26108619.696185669000,26108.619696185669,thousand_usd,numeric,unspecified,subtotal,1995-2025,geostat_trade_export--country-group-1995-2026,1995-2025-years,E11,GUAM countries,"#,##0.0"
group.eu,European Union countries (EU),1998,export,group.eu,36395152.88882098000,36395.15288882098,thousand_usd,numeric,unspecified,subtotal,1995-2025,geostat_trade_export--country-group-1995-2026,1995-2025-years,E7,European Union countries (EU),"#,##0.0"
group.cis,Commonwealth of Independent States countries (CIS),1998,export,group.cis,106025956.22433863000,106025.95622433863,thousand_usd,numeric,unspecified,subtotal,1995-2025,geostat_trade_export--country-group-1995-2026,1995-2025-years,E8,Commonwealth of Independent States countries (CIS),"#,##0.0"
group.bsec,Black Sea Economic Cooperation Organization countries (BSEC),1998,export,group.bsec,123746775.12773586000,123746.77512773586,thousand_usd,numeric,unspecified,subtotal,1995-2025,geostat_trade_export--country-group-1995-2026,1995-2025-years,E9,Black Sea Economic Cooperation Organization countries (BSEC),"#,##0.0"
,,1998,export,goods.total,191317465.36173415000,191317.46536173415,thousand_usd,numeric,unspecified,total,1995-2025,geostat_trade_export--country-group-1995-2026,1995-2025-years,E5,Total Exports,"#,##0.0"
group.oecd,Organisation of Economic Cooperation and Development countries (OECD),1999,export,group.oecd,105494621.31937887000,105494.62131937887,thousand_usd,numeric,unspecified,subtotal,1995-2025,geostat_trade_export--country-group-1995-2026,1995-2025-years,F10,Organisation of Economic Cooperation and Development countries (OECD),"_-* #,##0.0_-;\-* #,##0.0_-;_-* ""-""?_-;_-@_-"
group.guam,GUAM countries,1999,export,group.guam,27573028.577909256000,27573.028577909256,thousand_usd,numeric,unspecified,subtotal,1995-2025,geostat_trade_export--country-group-1995-2026,1995-2025-years,F11,GUAM countries,"#,##0.0"
group.eu,European Union countries (EU),1999,export,group.eu,49701226.277336405000,49701.226277336405,thousand_usd,numeric,unspecified,subtotal,1995-2025,geostat_trade_export--country-group-1995-2026,1995-2025-years,F7,European Union countries (EU),"#,##0.0"
group.cis,Commonwealth of Independent States countries (CIS),1999,export,group.cis,107296834.14596703000,107296.83414596703,thousand_usd,numeric,unspecified,subtotal,1995-2025,geostat_trade_export--country-group-1995-2026,1995-2025-years,F8,Commonwealth of Independent States countries (CIS),"#,##0.0"
group.bsec,Black Sea Economic Cooperation Organization countries (BSEC),1999,export,group.bsec,131855771.92321367000,131855.77192321367,thousand_usd,numeric,unspecified,subtotal,1995-2025,geostat_trade_export--country-group-1995-2026,1995-2025-years,F9,Black Sea Economic Cooperation Organization countries (BSEC),"#,##0.0"
,,1999,export,goods.total,238005614.12434565000,238005.61412434565,thousand_usd,numeric,unspecified,total,1995-2025,geostat_trade_export--country-group-1995-2026,1995-2025-years,F5,Total Exports,"#,##0.0"
group.oecd,Organisation of Economic Cooperation and Development countries (OECD),2000,export,group.oecd,166447056.18000004000,166447.05618000004,thousand_usd,numeric,unspecified,subtotal,1995-2025,geostat_trade_export--country-group-1995-2026,1995-2025-years,G10,Organisation of Economic Cooperation and Development countries (OECD),"_-* #,##0.0_-;\-* #,##0.0_-;_-* ""-""?_-;_-@_-"
group.guam,GUAM countries,2000,export,group.guam,31276092.970000056000,31276.092970000056,thousand_usd,numeric,unspecified,subtotal,1995-2025,geostat_trade_export--country-group-1995-2026,1995-2025-years,G11,GUAM countries,"#,##0.0"
group.eu,European Union countries (EU),2000,export,group.eu,69393956.579999984000,69393.956579999984,thousand_usd,numeric,unspecified,subtotal,1995-2025,geostat_trade_export--country-group-1995-2026,1995-2025-years,G7,European Union countries (EU),"#,##0.0"
group.cis,Commonwealth of Independent States countries (CIS),2000,export,group.cis,128077228.5200003000,128077.2285200003,thousand_usd,numeric,unspecified,subtotal,1995-2025,geostat_trade_export--country-group-1995-2026,1995-2025-years,G8,Commonwealth of Independent States countries (CIS),"#,##0.0"
group.bsec,Black Sea Economic Cooperation Organization countries (BSEC),2000,export,group.bsec,194857784.50000004000,194857.78450000004,thousand_usd,numeric,unspecified,subtotal,1995-2025,geostat_trade_export--country-group-1995-2026,1995-2025-years,G9,Black Sea Economic Cooperation Organization countries (BSEC),"#,##0.0"
,,2000,export,goods.total,323938266.58999984000,323938.26658999984,thousand_usd,numeric,unspecified,total,1995-2025,geostat_trade_export--country-group-1995-2026,1995-2025-years,G5,Total Exports,"#,##0.0"
group.oecd,Organisation of Economic Cooperation and Development countries (OECD),2001,export,group.oecd,153273432.3000001000,153273.4323000001,thousand_usd,numeric,unspecified,subtotal,1995-2025,geostat_trade_export--country-group-1995-2026,1995-2025-years,H10,Organisation of Economic Cooperation and Development countries (OECD),"_-* #,##0.0_-;\-* #,##0.0_-;_-* ""-""?_-;_-@_-"
group.guam,GUAM countries,2001,export,group.guam,21638619.270000028000,21638.619270000028,thousand_usd,numeric,unspecified,subtotal,1995-2025,geostat_trade_export--country-group-1995-2026,1995-2025-years,H11,GUAM countries,"#,##0.0"
group.eu,European Union countries (EU),2001,export,group.eu,55961236.359999835000,55961.236359999835,thousand_usd,numeric,unspecified,subtotal,1995-2025,geostat_trade_export--country-group-1995-2026,1995-2025-years,H7,European Union countries (EU),"#,##0.0"
group.cis,Commonwealth of Independent States countries (CIS),2001,export,group.cis,143849914.33000017000,143849.91433000017,thousand_usd,numeric,unspecified,subtotal,1995-2025,geostat_trade_export--country-group-1995-2026,1995-2025-years,H8,Commonwealth of Independent States countries (CIS),"#,##0.0"
group.bsec,Black Sea Economic Cooperation Organization countries (BSEC),2001,export,group.bsec,181389181.22000073000,181389.18122000073,thousand_usd,numeric,unspecified,subtotal,1995-2025,geostat_trade_export--country-group-1995-2026,1995-2025-years,H9,Black Sea Economic Cooperation Organization countries (BSEC),"#,##0.0"
,,2001,export,goods.total,317150882.32999976000,317150.88232999976,thousand_usd,numeric,unspecified,total,1995-2025,geostat_trade_export--country-group-1995-2026,1995-2025-years,H5,Total Exports,"#,##0.0"
group.oecd,Organisation of Economic Cooperation and Development countries (OECD),2002,export,group.oecd,154845071.18600007000,154845.07118600007,thousand_usd,numeric,unspecified,subtotal,1995-2025,geostat_trade_export--country-group-1995-2026,1995-2025-years,I10,Organisation of Economic Cooperation and Development countries (OECD),"_-* #,##0.0_-;\-* #,##0.0_-;_-* ""-""?_-;_-@_-"
group.guam,GUAM countries,2002,export,group.guam,41994125.079099867000,41994.125079099867,thousand_usd,numeric,unspecified,subtotal,1995-2025,geostat_trade_export--country-group-1995-2026,1995-2025-years,I11,GUAM countries,"#,##0.0"
group.eu,European Union countries (EU),2002,export,group.eu,59027165.510000086000,59027.165510000086,thousand_usd,numeric,unspecified,subtotal,1995-2025,geostat_trade_export--country-group-1995-2026,1995-2025-years,I7,European Union countries (EU),"#,##0.0"
group.cis,Commonwealth of Independent States countries (CIS),2002,export,group.cis,168497944.10910027000,168497.94410910027,thousand_usd,numeric,unspecified,subtotal,1995-2025,geostat_trade_export--country-group-1995-2026,1995-2025-years,I8,Commonwealth of Independent States countries (CIS),"#,##0.0"
group.bsec,Black Sea Economic Cooperation Organization countries (BSEC),2002,export,group.bsec,180030753.56509982000,180030.75356509982,thousand_usd,numeric,unspecified,subtotal,1995-2025,geostat_trade_export--country-group-1995-2026,1995-2025-years,I9,Black Sea Economic Cooperation Organization countries (BSEC),"#,##0.0"
,,2002,export,goods.total,345736068.18510056000,345736.06818510056,thousand_usd,numeric,unspecified,total,1995-2025,geostat_trade_export--country-group-1995-2026,1995-2025-years,I5,Total Exports,"#,##0.0"
group.oecd,Organisation of Economic Cooperation and Development countries (OECD),2003,export,group.oecd,211447515.60999997000,211447.51560999997,thousand_usd,numeric,unspecified,subtotal,1995-2025,geostat_trade_export--country-group-1995-2026,1995-2025-years,J10,Organisation of Economic Cooperation and Development countries (OECD),"_-* #,##0.0_-;\-* #,##0.0_-;_-* ""-""?_-;_-@_-"
group.guam,GUAM countries,2003,export,group.guam,46698914.639999843000,46698.914639999843,thousand_usd,numeric,unspecified,subtotal,1995-2025,geostat_trade_export--country-group-1995-2026,1995-2025-years,J11,GUAM countries,"#,##0.0"
group.eu,European Union countries (EU),2003,export,group.eu,77748150.379999905000,77748.150379999905,thousand_usd,numeric,unspecified,subtotal,1995-2025,geostat_trade_export--country-group-1995-2026,1995-2025-years,J7,European Union countries (EU),"#,##0.0"
group.cis,Commonwealth of Independent States countries (CIS),2003,export,group.cis,224737527.0900004000,224737.5270900004,thousand_usd,numeric,unspecified,subtotal,1995-2025,geostat_trade_export--country-group-1995-2026,1995-2025-years,J8,Commonwealth of Independent States countries (CIS),"#,##0.0"
group.bsec,Black Sea Economic Cooperation Organization countries (BSEC),2003,export,group.bsec,250221906.45000196000,250221.90645000196,thousand_usd,numeric,unspecified,subtotal,1995-2025,geostat_trade_export--country-group-1995-2026,1995-2025-years,J9,Black Sea Economic Cooperation Organization countries (BSEC),"#,##0.0"
,,2003,export,goods.total,461310038.13000186000,461310.03813000186,thousand_usd,numeric,unspecified,total,1995-2025,geostat_trade_export--country-group-1995-2026,1995-2025-years,J5,Total Exports,"#,##0.0"
group.oecd,Organisation of Economic Cooperation and Development countries (OECD),2004,export,group.oecd,270521358.55000012000,270521.35855000012,thousand_usd,numeric,unspecified,subtotal,1995-2025,geostat_trade_export--country-group-1995-2026,1995-2025-years,K10,Organisation of Economic Cooperation and Development countries (OECD),"_-* #,##0.0_-;\-* #,##0.0_-;_-* ""-""?_-;_-@_-"
group.guam,GUAM countries,2004,export,group.guam,41054835.940000019000,41054.835940000019,thousand_usd,numeric,unspecified,subtotal,1995-2025,geostat_trade_export--country-group-1995-2026,1995-2025-years,K11,GUAM countries,"#,##0.0"
group.eu,European Union countries (EU),2004,export,group.eu,111363426.28999994000,111363.42628999994,thousand_usd,numeric,unspecified,subtotal,1995-2025,geostat_trade_export--country-group-1995-2026,1995-2025-years,K7,European Union countries (EU),"#,##0.0"
group.cis,Commonwealth of Independent States countries (CIS),2004,export,group.cis,327638738.08000016000,327638.73808000016,thousand_usd,numeric,unspecified,subtotal,1995-2025,geostat_trade_export--country-group-1995-2026,1995-2025-years,K8,Commonwealth of Independent States countries (CIS),"#,##0.0"
group.bsec,Black Sea Economic Cooperation Organization countries (BSEC),2004,export,group.bsec,343214280.44000076000,343214.28044000076,thousand_usd,numeric,unspecified,subtotal,1995-2025,geostat_trade_export--country-group-1995-2026,1995-2025-years,K9,Black Sea Economic Cooperation Organization countries (BSEC),"#,##0.0"
,,2004,export,goods.total,646902962.54000091000,646902.96254000091,thousand_usd,numeric,unspecified,total,1995-2025,geostat_trade_export--country-group-1995-2026,1995-2025-years,K5,Total Exports,"#,##0.0"
group.oecd,Organisation of Economic Cooperation and Development countries (OECD),2005,export,group.oecd,359665881.33588701000,359665.88133588701,thousand_usd,numeric,unspecified,subtotal,1995-2025,geostat_trade_export--country-group-1995-2026,1995-2025-years,L10,Organisation of Economic Cooperation and Development countries (OECD),"_-* #,##0.0_-;\-* #,##0.0_-;_-* ""-""?_-;_-@_-"
group.guam,GUAM countries,2005,export,group.guam,120608479.39108334000,120608.47939108334,thousand_usd,numeric,unspecified,subtotal,1995-2025,geostat_trade_export--country-group-1995-2026,1995-2025-years,L11,GUAM countries,"#,##0.0"
group.eu,European Union countries (EU),2005,export,group.eu,165160228.71943016000,165160.22871943016,thousand_usd,numeric,unspecified,subtotal,1995-2025,geostat_trade_export--country-group-1995-2026,1995-2025-years,L7,European Union countries (EU),"#,##0.0"
group.cis,Commonwealth of Independent States countries (CIS),2005,export,group.cis,407175515.30577813000,407175.51530577813,thousand_usd,numeric,unspecified,subtotal,1995-2025,geostat_trade_export--country-group-1995-2026,1995-2025-years,L8,Commonwealth of Independent States countries (CIS),"#,##0.0"
group.bsec,Black Sea Economic Cooperation Organization countries (BSEC),2005,export,group.bsec,498835439.07439732000,498835.43907439732,thousand_usd,numeric,unspecified,subtotal,1995-2025,geostat_trade_export--country-group-1995-2026,1995-2025-years,L9,Black Sea Economic Cooperation Organization countries (BSEC),"#,##0.0"
,,2005,export,goods.total,865455633.34076316000,865455.63334076316,thousand_usd,numeric,unspecified,total,1995-2025,geostat_trade_export--country-group-1995-2026,1995-2025-years,L5,Total Exports,"#,##0.0"
group.oecd,Organisation of Economic Cooperation and Development countries (OECD),2006,export,group.oecd,388179889.63706134000,388179.88963706134,thousand_usd,numeric,unspecified,subtotal,1995-2025,geostat_trade_export--country-group-1995-2026,1995-2025-years,M10,Organisation of Economic Cooperation and Development countries (OECD),"_-* #,##0.0_-;\-* #,##0.0_-;_-* ""-""?_-;_-@_-"
group.guam,GUAM countries,2006,export,group.guam,145967515.61893243000,145967.51561893243,thousand_usd,numeric,unspecified,subtotal,1995-2025,geostat_trade_export--country-group-1995-2026,1995-2025-years,M11,GUAM countries,"#,##0.0"
group.eu,European Union countries (EU),2006,export,group.eu,157901948.47883508000,157901.94847883508,thousand_usd,numeric,unspecified,subtotal,1995-2025,geostat_trade_export--country-group-1995-2026,1995-2025-years,M7,European Union countries (EU),"#,##0.0"
group.cis,Commonwealth of Independent States countries (CIS),2006,export,group.cis,391077533.04056072000,391077.53304056072,thousand_usd,numeric,unspecified,subtotal,1995-2025,geostat_trade_export--country-group-1995-2026,1995-2025-years,M8,Commonwealth of Independent States countries (CIS),"#,##0.0"
group.bsec,Black Sea Economic Cooperation Organization countries (BSEC),2006,export,group.bsec,499232057.11809907000,499232.05711809907,thousand_usd,numeric,unspecified,subtotal,1995-2025,geostat_trade_export--country-group-1995-2026,1995-2025-years,M9,Black Sea Economic Cooperation Organization countries (BSEC),"#,##0.0"
,,2006,export,goods.total,936374626.99585035000,936374.62699585035,thousand_usd,numeric,unspecified,total,1995-2025,geostat_trade_export--country-group-1995-2026,1995-2025-years,M5,Total Exports,"#,##0.0"
group.oecd,Organisation of Economic Cooperation and Development countries (OECD),2007,export,group.oecd,598638867.29650269000,598638.86729650269,thousand_usd,numeric,unspecified,subtotal,1995-2025,geostat_trade_export--country-group-1995-2026,1995-2025-years,N10,Organisation of Economic Cooperation and Development countries (OECD),"_-* #,##0.0_-;\-* #,##0.0_-;_-* ""-""?_-;_-@_-"
group.guam,GUAM countries,2007,export,group.guam,232465603.71942678000,232465.60371942678,thousand_usd,numeric,unspecified,subtotal,1995-2025,geostat_trade_export--country-group-1995-2026,1995-2025-years,N11,GUAM countries,"#,##0.0"
group.eu,European Union countries (EU),2007,export,group.eu,268530346.75018053000,268530.34675018053,thousand_usd,numeric,unspecified,subtotal,1995-2025,geostat_trade_export--country-group-1995-2026,1995-2025-years,N7,European Union countries (EU),"#,##0.0"
group.cis,Commonwealth of Independent States countries (CIS),2007,export,group.cis,461895523.04434375000,461895.52304434375,thousand_usd,numeric,unspecified,subtotal,1995-2025,geostat_trade_export--country-group-1995-2026,1995-2025-years,N8,Commonwealth of Independent States countries (CIS),"#,##0.0"
group.bsec,Black Sea Economic Cooperation Organization countries (BSEC),2007,export,group.bsec,634403103.39270206000,634403.10339270206,thousand_usd,numeric,unspecified,subtotal,1995-2025,geostat_trade_export--country-group-1995-2026,1995-2025-years,N9,Black Sea Economic Cooperation Organization countries (BSEC),"#,##0.0"
,,2007,export,goods.total,1232110470.0131086000,1232110.4700131086,thousand_usd,numeric,unspecified,total,1995-2025,geostat_trade_export--country-group-1995-2026,1995-2025-years,N5,Total Exports,"#,##0.0"
group.oecd,Organisation of Economic Cooperation and Development countries (OECD),2008,export,group.oecd,749559159.23982044000,749559.15923982044,thousand_usd,numeric,unspecified,subtotal,1995-2025,geostat_trade_export--country-group-1995-2026,1995-2025-years,O10,Organisation of Economic Cooperation and Development countries (OECD),"_-* #,##0.0_-;\-* #,##0.0_-;_-* ""-""?_-;_-@_-"
group.guam,GUAM countries,2008,export,group.guam,338714574.77807172000,338714.57477807172,thousand_usd,numeric,unspecified,subtotal,1995-2025,geostat_trade_export--country-group-1995-2026,1995-2025-years,O11,GUAM countries,"#,##0.0"
group.eu,European Union countries (EU),2008,export,group.eu,335153837.52298256000,335153.83752298256,thousand_usd,numeric,unspecified,subtotal,1995-2025,geostat_trade_export--country-group-1995-2026,1995-2025-years,O7,European Union countries (EU),"#,##0.0"
group.cis,Commonwealth of Independent States countries (CIS),2008,export,group.cis,540884821.35625568000,540884.82135625568,thousand_usd,numeric,unspecified,subtotal,1995-2025,geostat_trade_export--country-group-1995-2026,1995-2025-years,O8,Commonwealth of Independent States countries (CIS),"#,##0.0"
group.bsec,Black Sea Economic Cooperation Organization countries (BSEC),2008,export,group.bsec,884007879.32723202000,884007.87932723202,thousand_usd,numeric,unspecified,subtotal,1995-2025,geostat_trade_export--country-group-1995-2026,1995-2025-years,O9,Black Sea Economic Cooperation Organization countries (BSEC),"#,##0.0"
,,2008,export,goods.total,1495345238.1093611000,1495345.2381093611,thousand_usd,numeric,unspecified,total,1995-2025,geostat_trade_export--country-group-1995-2026,1995-2025-years,O5,Total Exports,"#,##0.0"
group.oecd,Organisation of Economic Cooperation and Development countries (OECD),2009,export,group.oecd,519616514.35227378000,519616.51435227378,thousand_usd,numeric,unspecified,subtotal,1995-2025,geostat_trade_export--country-group-1995-2026,1995-2025-years,P10,Organisation of Economic Cooperation and Development countries (OECD),"#,##0.0"
group.guam,GUAM countries,2009,export,group.guam,251184586.45530068000,251184.58645530068,thousand_usd,numeric,unspecified,subtotal,1995-2025,geostat_trade_export--country-group-1995-2026,1995-2025-years,P11,GUAM countries,"#,##0.0"
group.eu,European Union countries (EU),2009,export,group.eu,237552543.6745901000,237552.5436745901,thousand_usd,numeric,unspecified,subtotal,1995-2025,geostat_trade_export--country-group-1995-2026,1995-2025-years,P7,European Union countries (EU),"#,##0.0"
group.cis,Commonwealth of Independent States countries (CIS),2009,export,group.cis,416162340.01520084000,416162.34001520084,thousand_usd,numeric,unspecified,subtotal,1995-2025,geostat_trade_export--country-group-1995-2026,1995-2025-years,P8,Commonwealth of Independent States countries (CIS),"#,##0.0"
group.bsec,Black Sea Economic Cooperation Organization countries (BSEC),2009,export,group.bsec,697234149.80055671000,697234.14980055671,thousand_usd,numeric,unspecified,subtotal,1995-2025,geostat_trade_export--country-group-1995-2026,1995-2025-years,P9,Black Sea Economic Cooperation Organization countries (BSEC),"#,##0.0"
,,2009,export,goods.total,1133630226.2349401000,1133630.2262349401,thousand_usd,numeric,unspecified,total,1995-2025,geostat_trade_export--country-group-1995-2026,1995-2025-years,P5,Total Exports,"#,##0.0"
group.oecd,Organisation of Economic Cooperation and Development countries (OECD),2010,export,group.oecd,742692023.90721382000,742692.02390721382,thousand_usd,numeric,unspecified,subtotal,1995-2025,geostat_trade_export--country-group-1995-2026,1995-2025-years,Q10,Organisation of Economic Cooperation and Development countries (OECD),"_-* #,##0.0_-;\-* #,##0.0_-;_-* ""-""?_-;_-@_-"
group.guam,GUAM countries,2010,export,group.guam,374325907.77307638000,374325.90777307638,thousand_usd,numeric,unspecified,subtotal,1995-2025,geostat_trade_export--country-group-1995-2026,1995-2025-years,Q11,GUAM countries,"#,##0.0"
group.eu,European Union countries (EU),2010,export,group.eu,309189505.81833709000,309189.50581833709,thousand_usd,numeric,unspecified,subtotal,1995-2025,geostat_trade_export--country-group-1995-2026,1995-2025-years,Q7,European Union countries (EU),"#,##0.0"
group.cis,Commonwealth of Independent States countries (CIS),2010,export,group.cis,676618191.13535178000,676618.19113535178,thousand_usd,numeric,unspecified,subtotal,1995-2025,geostat_trade_export--country-group-1995-2026,1995-2025-years,Q8,Commonwealth of Independent States countries (CIS),"#,##0.0"
group.bsec,Black Sea Economic Cooperation Organization countries (BSEC),2010,export,group.bsec,898098270.67679889000,898098.27067679889,thousand_usd,numeric,unspecified,subtotal,1995-2025,geostat_trade_export--country-group-1995-2026,1995-2025-years,Q9,Black Sea Economic Cooperation Organization countries (BSEC),"#,##0.0"
,,2010,export,goods.total,1677306898.4732516000,1677306.8984732516,thousand_usd,numeric,unspecified,total,1995-2025,geostat_trade_export--country-group-1995-2026,1995-2025-years,Q5,Total Exports,"#,##0.0"
group.oecd,Organisation of Economic Cooperation and Development countries (OECD),2011,export,group.oecd,814807283.12797262000,814807.28312797262,thousand_usd,numeric,unspecified,subtotal,1995-2025,geostat_trade_export--country-group-1995-2026,1995-2025-years,R10,Organisation of Economic Cooperation and Development countries (OECD),"_-* #,##0.0_-;\-* #,##0.0_-;_-* ""-""?_-;_-@_-"
group.guam,GUAM countries,2011,export,group.guam,577233561.83844013000,577233.56183844013,thousand_usd,numeric,unspecified,subtotal,1995-2025,geostat_trade_export--country-group-1995-2026,1995-2025-years,R11,GUAM countries,"#,##0.0"
group.eu,European Union countries (EU),2011,export,group.eu,424448129.98894125000,424448.12998894125,thousand_usd,numeric,unspecified,subtotal,1995-2025,geostat_trade_export--country-group-1995-2026,1995-2025-years,R7,European Union countries (EU),"#,##0.0"
group.cis,Commonwealth of Independent States countries (CIS),2011,export,group.cis,1052101337.754241000,1052101.337754241,thousand_usd,numeric,unspecified,subtotal,1995-2025,geostat_trade_export--country-group-1995-2026,1995-2025-years,R8,Commonwealth of Independent States countries (CIS),"#,##0.0"
group.bsec,Black Sea Economic Cooperation Organization countries (BSEC),2011,export,group.bsec,1182843530.9554846000,1182843.5309554846,thousand_usd,numeric,unspecified,subtotal,1995-2025,geostat_trade_export--country-group-1995-2026,1995-2025-years,R9,Black Sea Economic Cooperation Organization countries (BSEC),"#,##0.0"
,,2011,export,goods.total,2186421208.8433094000,2186421.2088433094,thousand_usd,numeric,unspecified,total,1995-2025,geostat_trade_export--country-group-1995-2026,1995-2025-years,R5,Total Exports,"#,##0.0"
group.oecd,Organisation of Economic Cooperation and Development countries (OECD),2012,export,group.oecd,796116395.26584314000,796116.39526584314,thousand_usd,numeric,unspecified,subtotal,1995-2025,geostat_trade_export--country-group-1995-2026,1995-2025-years,S10,Organisation of Economic Cooperation and Development countries (OECD),"_-* #,##0.0_-;\-* #,##0.0_-;_-* ""-""?_-;_-@_-"
group.guam,GUAM countries,2012,export,group.guam,805398266.15339168000,805398.26615339168,thousand_usd,numeric,unspecified,subtotal,1995-2025,geostat_trade_export--country-group-1995-2026,1995-2025-years,S11,GUAM countries,"#,##0.0"
group.eu,European Union countries (EU),2012,export,group.eu,352950397.81663351000,352950.39781663351,thousand_usd,numeric,unspecified,subtotal,1995-2025,geostat_trade_export--country-group-1995-2026,1995-2025-years,S7,European Union countries (EU),"#,##0.0"
group.cis,Commonwealth of Independent States countries (CIS),2012,export,group.cis,1244575821.0157014000,1244575.8210157014,thousand_usd,numeric,unspecified,subtotal,1995-2025,geostat_trade_export--country-group-1995-2026,1995-2025-years,S8,Commonwealth of Independent States countries (CIS),"#,##0.0"
group.bsec,Black Sea Economic Cooperation Organization countries (BSEC),2012,export,group.bsec,1326382701.4842108000,1326382.7014842108,thousand_usd,numeric,unspecified,subtotal,1995-2025,geostat_trade_export--country-group-1995-2026,1995-2025-years,S9,Black Sea Economic Cooperation Organization countries (BSEC),"#,##0.0"
,,2012,export,goods.total,2376635368.2062132000,2376635.3682062132,thousand_usd,numeric,unspecified,total,1995-2025,geostat_trade_export--country-group-1995-2026,1995-2025-years,S5,Total Exports,"#,##0.0"
group.oecd,Organisation of Economic Cooperation and Development countries (OECD),2013,export,group.oecd,841524682.57873959000,841524.68257873959,thousand_usd,numeric,unspecified,subtotal,1995-2025,geostat_trade_export--country-group-1995-2026,1995-2025-years,T10,Organisation of Economic Cooperation and Development countries (OECD),"#,##0.0"
group.guam,GUAM countries,2013,export,group.guam,917066757.6584802000,917066.7576584802,thousand_usd,numeric,unspecified,subtotal,1995-2025,geostat_trade_export--country-group-1995-2026,1995-2025-years,T11,GUAM countries,"#,##0.0"
group.eu,European Union countries (EU),2013,export,group.eu,607204001.08823378000,607204.00108823378,thousand_usd,numeric,unspecified,subtotal,1995-2025,geostat_trade_export--country-group-1995-2026,1995-2025-years,T7,European Union countries (EU),"#,##0.0"
group.cis,Commonwealth of Independent States countries (CIS),2013,export,group.cis,1621095691.2112029000,1621095.6912112029,thousand_usd,numeric,unspecified,subtotal,1995-2025,geostat_trade_export--country-group-1995-2026,1995-2025-years,T8,Commonwealth of Independent States countries (CIS),"#,##0.0"
group.bsec,Black Sea Economic Cooperation Organization countries (BSEC),2013,export,group.bsec,1778144404.9577885000,1778144.4049577885,thousand_usd,numeric,unspecified,subtotal,1995-2025,geostat_trade_export--country-group-1995-2026,1995-2025-years,T9,Black Sea Economic Cooperation Organization countries (BSEC),"#,##0.0"
,,2013,export,goods.total,2910314539.8167181000,2910314.5398167181,thousand_usd,numeric,unspecified,total,1995-2025,geostat_trade_export--country-group-1995-2026,1995-2025-years,T5,Total Exports,"#,##0.0"
group.oecd,Organisation of Economic Cooperation and Development countries (OECD),2014,export,group.oecd,943526144.8904064000,943526.1448904064,thousand_usd,numeric,unspecified,subtotal,1995-2025,geostat_trade_export--country-group-1995-2026,1995-2025-years,U10,Organisation of Economic Cooperation and Development countries (OECD),"_-* #,##0.0_-;\-* #,##0.0_-;_-* ""-""?_-;_-@_-"
group.guam,GUAM countries,2014,export,group.guam,689105076.84534916000,689105.07684534916,thousand_usd,numeric,unspecified,subtotal,1995-2025,geostat_trade_export--country-group-1995-2026,1995-2025-years,U11,GUAM countries,"#,##0.0"
group.eu,European Union countries (EU),2014,export,group.eu,624201417.35649761000,624201.41735649761,thousand_usd,numeric,unspecified,subtotal,1995-2025,geostat_trade_export--country-group-1995-2026,1995-2025-years,U7,European Union countries (EU),"#,##0.0"
group.cis,Commonwealth of Independent States countries (CIS),2014,export,group.cis,1465298713.1010257000,1465298.7131010257,thousand_usd,numeric,unspecified,subtotal,1995-2025,geostat_trade_export--country-group-1995-2026,1995-2025-years,U8,Commonwealth of Independent States countries (CIS),"#,##0.0"
group.bsec,Black Sea Economic Cooperation Organization countries (BSEC),2014,export,group.bsec,1676758378.9033357000,1676758.3789033357,thousand_usd,numeric,unspecified,subtotal,1995-2025,geostat_trade_export--country-group-1995-2026,1995-2025-years,U9,Black Sea Economic Cooperation Organization countries (BSEC),"#,##0.0"
,,2014,export,goods.total,2861045178.6707761000,2861045.1786707761,thousand_usd,numeric,unspecified,total,1995-2025,geostat_trade_export--country-group-1995-2026,1995-2025-years,U5,Total Exports,"#,##0.0"
group.oecd,Organisation of Economic Cooperation and Development countries (OECD),2015,export,group.oecd,768786575.32261207000,768786.57532261207,thousand_usd,numeric,unspecified,subtotal,1995-2025,geostat_trade_export--country-group-1995-2026,1995-2025-years,V10,Organisation of Economic Cooperation and Development countries (OECD),"_-* #,##0.0_-;\-* #,##0.0_-;_-* ""-""?_-;_-@_-"
group.guam,GUAM countries,2015,export,group.guam,307278780.77230352000,307278.78077230352,thousand_usd,numeric,unspecified,subtotal,1995-2025,geostat_trade_export--country-group-1995-2026,1995-2025-years,V11,GUAM countries,"#,##0.0"
group.eu,European Union countries (EU),2015,export,group.eu,644729938.56875889000,644729.93856875889,thousand_usd,numeric,unspecified,subtotal,1995-2025,geostat_trade_export--country-group-1995-2026,1995-2025-years,V7,European Union countries (EU),"#,##0.0"
group.cis,Commonwealth of Independent States countries (CIS),2015,export,group.cis,840853964.87956727000,840853.96487956727,thousand_usd,numeric,unspecified,subtotal,1995-2025,geostat_trade_export--country-group-1995-2026,1995-2025-years,V8,Commonwealth of Independent States countries (CIS),"#,##0.0"
group.bsec,Black Sea Economic Cooperation Organization countries (BSEC),2015,export,group.bsec,1089179317.7280759000,1089179.3177280759,thousand_usd,numeric,unspecified,subtotal,1995-2025,geostat_trade_export--country-group-1995-2026,1995-2025-years,V9,Black Sea Economic Cooperation Organization countries (BSEC),"#,##0.0"
,,2015,export,goods.total,2204182637.4688502000,2204182.6374688502,thousand_usd,numeric,unspecified,total,1995-2025,geostat_trade_export--country-group-1995-2026,1995-2025-years,V5,Total Exports,"#,##0.0"
group.oecd,Organisation of Economic Cooperation and Development countries (OECD),2016,export,group.oecd,743080959.64763442000,743080.95964763442,thousand_usd,numeric,unspecified,subtotal,1995-2025,geostat_trade_export--country-group-1995-2026,1995-2025-years,W10,Organisation of Economic Cooperation and Development countries (OECD),"_-* #,##0.0_-;\-* #,##0.0_-;_-* ""-""?_-;_-@_-"
group.guam,GUAM countries,2016,export,group.guam,228698478.18071622000,228698.47818071622,thousand_usd,numeric,unspecified,subtotal,1995-2025,geostat_trade_export--country-group-1995-2026,1995-2025-years,W11,GUAM countries,"#,##0.0"
group.eu,European Union countries (EU),2016,export,group.eu,565674952.93689356000,565674.95293689356,thousand_usd,numeric,unspecified,subtotal,1995-2025,geostat_trade_export--country-group-1995-2026,1995-2025-years,W7,European Union countries (EU),"#,##0.0"
group.cis,Commonwealth of Independent States countries (CIS),2016,export,group.cis,741193058.66799131000,741193.05866799131,thousand_usd,numeric,unspecified,subtotal,1995-2025,geostat_trade_export--country-group-1995-2026,1995-2025-years,W8,Commonwealth of Independent States countries (CIS),"#,##0.0"
group.bsec,Black Sea Economic Cooperation Organization countries (BSEC),2016,export,group.bsec,970891778.7791657000,970891.7787791657,thousand_usd,numeric,unspecified,subtotal,1995-2025,geostat_trade_export--country-group-1995-2026,1995-2025-years,W9,Black Sea Economic Cooperation Organization countries (BSEC),"#,##0.0"
,,2016,export,goods.total,2117136440.044452000,2117136.440044452,thousand_usd,numeric,unspecified,total,1995-2025,geostat_trade_export--country-group-1995-2026,1995-2025-years,W5,Total Exports,"_-* #,##0.0_-;\-* #,##0.0_-;_-* ""-""?_-;_-@_-"
group.oecd,Organisation of Economic Cooperation and Development countries (OECD),2017,export,group.oecd,794035723.45639823000,794035.72345639823,thousand_usd,numeric,unspecified,subtotal,1995-2025,geostat_trade_export--country-group-1995-2026,1995-2025-years,X10,Organisation of Economic Cooperation and Development countries (OECD),"#,##0.0"
group.guam,GUAM countries,2017,export,group.guam,404830938.00992204000,404830.93800992204,thousand_usd,numeric,unspecified,subtotal,1995-2025,geostat_trade_export--country-group-1995-2026,1995-2025-years,X11,GUAM countries,"#,##0.0"
group.eu,European Union countries (EU),2017,export,group.eu,655435800.25462329000,655435.80025462329,thousand_usd,numeric,unspecified,subtotal,1995-2025,geostat_trade_export--country-group-1995-2026,1995-2025-years,X7,European Union countries (EU),"#,##0.0"
group.cis,Commonwealth of Independent States countries (CIS),2017,export,group.cis,1194177583.036232000,1194177.583036232,thousand_usd,numeric,unspecified,subtotal,1995-2025,geostat_trade_export--country-group-1995-2026,1995-2025-years,X8,Commonwealth of Independent States countries (CIS),"#,##0.0"
group.bsec,Black Sea Economic Cooperation Organization countries (BSEC),2017,export,group.bsec,1499147533.554218000,1499147.533554218,thousand_usd,numeric,unspecified,subtotal,1995-2025,geostat_trade_export--country-group-1995-2026,1995-2025-years,X9,Black Sea Economic Cooperation Organization countries (BSEC),"#,##0.0"
,,2017,export,goods.total,2745667083.2556654000,2745667.0832556654,thousand_usd,numeric,unspecified,total,1995-2025,geostat_trade_export--country-group-1995-2026,1995-2025-years,X5,Total Exports,"#,##0.0"
group.oecd,Organisation of Economic Cooperation and Development countries (OECD),2018,export,group.oecd,922907488.21057589000,922907.48821057589,thousand_usd,numeric,unspecified,subtotal,1995-2025,geostat_trade_export--country-group-1995-2026,1995-2025-years,Y10,Organisation of Economic Cooperation and Development countries (OECD),"#,##0.0"
group.guam,GUAM countries,2018,export,group.guam,690530225.93785438000,690530.22593785438,thousand_usd,numeric,unspecified,subtotal,1995-2025,geostat_trade_export--country-group-1995-2026,1995-2025-years,Y11,GUAM countries,"#,##0.0"
group.eu,European Union countries (EU),2018,export,group.eu,729185597.77951869000,729185.59777951869,thousand_usd,numeric,unspecified,subtotal,1995-2025,geostat_trade_export--country-group-1995-2026,1995-2025-years,Y7,European Union countries (EU),"#,##0.0"
group.cis,Commonwealth of Independent States countries (CIS),2018,export,group.cis,1689135876.6409913000,1689135.8766409913,thousand_usd,numeric,unspecified,subtotal,1995-2025,geostat_trade_export--country-group-1995-2026,1995-2025-years,Y8,Commonwealth of Independent States countries (CIS),"#,##0.0"
group.bsec,Black Sea Economic Cooperation Organization countries (BSEC),2018,export,group.bsec,1976549894.9988263000,1976549.8949988263,thousand_usd,numeric,unspecified,subtotal,1995-2025,geostat_trade_export--country-group-1995-2026,1995-2025-years,Y9,Black Sea Economic Cooperation Organization countries (BSEC),"#,##0.0"
,,2018,export,goods.total,3379656917.6440225000,3379656.9176440225,thousand_usd,numeric,unspecified,total,1995-2025,geostat_trade_export--country-group-1995-2026,1995-2025-years,Y5,Total Exports,"_-* #,##0.0_-;\-* #,##0.0_-;_-* ""-""?_-;_-@_-"
group.oecd,Organisation of Economic Cooperation and Development countries (OECD),2019,export,group.oecd,814058662.79003234000,814058.66279003234,thousand_usd,numeric,unspecified,subtotal,1995-2025,geostat_trade_export--country-group-1995-2026,1995-2025-years,Z10,Organisation of Economic Cooperation and Development countries (OECD),"#,##0.0"
group.guam,GUAM countries,2019,export,group.guam,768676451.76122396000,768676.45176122396,thousand_usd,numeric,unspecified,subtotal,1995-2025,geostat_trade_export--country-group-1995-2026,1995-2025-years,Z11,GUAM countries,"#,##0.0"
group.eu,European Union countries (EU),2019,export,group.eu,834548383.78898427000,834548.38378898427,thousand_usd,numeric,unspecified,subtotal,1995-2025,geostat_trade_export--country-group-1995-2026,1995-2025-years,Z7,European Union countries (EU),"#,##0.0"
group.cis,Commonwealth of Independent States countries (CIS),2019,export,group.cis,2043210779.6567676000,2043210.7796567676,thousand_usd,numeric,unspecified,subtotal,1995-2025,geostat_trade_export--country-group-1995-2026,1995-2025-years,Z8,Commonwealth of Independent States countries (CIS),"#,##0.0"
group.bsec,Black Sea Economic Cooperation Organization countries (BSEC),2019,export,group.bsec,2383051277.5199031000,2383051.2775199031,thousand_usd,numeric,unspecified,subtotal,1995-2025,geostat_trade_export--country-group-1995-2026,1995-2025-years,Z9,Black Sea Economic Cooperation Organization countries (BSEC),"#,##0.0"
,,2019,export,goods.total,3797041208.5034349000,3797041.2085034349,thousand_usd,numeric,unspecified,total,1995-2025,geostat_trade_export--country-group-1995-2026,1995-2025-years,Z5,Total Exports,"_-* #,##0.0_-;\-* #,##0.0_-;_-* ""-""?_-;_-@_-"
group.oecd,Organisation of Economic Cooperation and Development countries (OECD),2020,export,group.oecd,826052120.56297704000,826052.12056297704,thousand_usd,numeric,unspecified,subtotal,1995-2025,geostat_trade_export--country-group-1995-2026,1995-2025-years,AA10,Organisation of Economic Cooperation and Development countries (OECD),"#,##0.0"
group.guam,GUAM countries,2020,export,group.guam,667236637.32382969000,667236.63732382969,thousand_usd,numeric,unspecified,subtotal,1995-2025,geostat_trade_export--country-group-1995-2026,1995-2025-years,AA11,GUAM countries,"#,##0.0"
group.eu,European Union countries (EU),2020,export,group.eu,717248671.14662076000,717248.67114662076,thousand_usd,numeric,unspecified,subtotal,1995-2025,geostat_trade_export--country-group-1995-2026,1995-2025-years,AA7,European Union countries (EU),"#,##0.0"
group.cis,Commonwealth of Independent States countries (CIS),2020,export,group.cis,1505811161.0920553000,1505811.1610920553,thousand_usd,numeric,unspecified,subtotal,1995-2025,geostat_trade_export--country-group-1995-2026,1995-2025-years,AA8,Commonwealth of Independent States countries (CIS),"#,##0.0"
group.bsec,Black Sea Economic Cooperation Organization countries (BSEC),2020,export,group.bsec,1825088957.9263257000,1825088.9579263257,thousand_usd,numeric,unspecified,subtotal,1995-2025,geostat_trade_export--country-group-1995-2026,1995-2025-years,AA9,Black Sea Economic Cooperation Organization countries (BSEC),"#,##0.0"
,,2020,export,goods.total,3340635707.4159747000,3340635.7074159747,thousand_usd,numeric,unspecified,total,1995-2025,geostat_trade_export--country-group-1995-2026,1995-2025-years,AA5,Total Exports,"_-* #,##0.0_-;\-* #,##0.0_-;_-* ""-""?_-;_-@_-"
group.oecd,Organisation of Economic Cooperation and Development countries (OECD),2021,export,group.oecd,1129104242.3034846000,1129104.2423034846,thousand_usd,numeric,unspecified,subtotal,1995-2025,geostat_trade_export--country-group-1995-2026,1995-2025-years,AB10,Organisation of Economic Cooperation and Development countries (OECD),"#,##0.0"
group.guam,GUAM countries,2021,export,group.guam,859003980.64033245000,859003.98064033245,thousand_usd,numeric,unspecified,subtotal,1995-2025,geostat_trade_export--country-group-1995-2026,1995-2025-years,AB11,GUAM countries,"#,##0.0"
group.eu,European Union countries (EU),2021,export,group.eu,717086099.24487665000,717086.09924487665,thousand_usd,numeric,unspecified,subtotal,1995-2025,geostat_trade_export--country-group-1995-2026,1995-2025-years,AB7,European Union countries (EU),"#,##0.0"
group.cis,Commonwealth of Independent States countries (CIS),2021,export,group.cis,2020729559.659481000,2020729.559659481,thousand_usd,numeric,unspecified,subtotal,1995-2025,geostat_trade_export--country-group-1995-2026,1995-2025-years,AB8,Commonwealth of Independent States countries (CIS),"#,##0.0"
group.bsec,Black Sea Economic Cooperation Organization countries (BSEC),2021,export,group.bsec,2345616062.9719985000,2345616.0629719985,thousand_usd,numeric,unspecified,subtotal,1995-2025,geostat_trade_export--country-group-1995-2026,1995-2025-years,AB9,Black Sea Economic Cooperation Organization countries (BSEC),"#,##0.0"
,,2021,export,goods.total,4242456417.0325557000,4242456.4170325557,thousand_usd,numeric,unspecified,total,1995-2025,geostat_trade_export--country-group-1995-2026,1995-2025-years,AB5,Total Exports,"_-* #,##0.0_-;\-* #,##0.0_-;_-* ""-""?_-;_-@_-"
group.oecd,Organisation of Economic Cooperation and Development countries (OECD),2022,export,group.oecd,1284163852.4965066000,1284163.8524965066,thousand_usd,numeric,unspecified,subtotal,1995-2025,geostat_trade_export--country-group-1995-2026,1995-2025-years,AC10,Organisation of Economic Cooperation and Development countries (OECD),"#,##0.0"
group.guam,GUAM countries,2022,export,group.guam,918346307.91142455000,918346.30791142455,thousand_usd,numeric,unspecified,subtotal,1995-2025,geostat_trade_export--country-group-1995-2026,1995-2025-years,AC11,GUAM countries,"#,##0.0"
group.eu,European Union countries (EU),2022,export,group.eu,862525186.23917038000,862525.18623917038,thousand_usd,numeric,unspecified,subtotal,1995-2025,geostat_trade_export--country-group-1995-2026,1995-2025-years,AC7,European Union countries (EU),"#,##0.0"
group.cis,Commonwealth of Independent States countries (CIS),2022,export,group.cis,2685622358.7192949000,2685622.3587192949,thousand_usd,numeric,unspecified,subtotal,1995-2025,geostat_trade_export--country-group-1995-2026,1995-2025-years,AC8,Commonwealth of Independent States countries (CIS),"#,##0.0"
group.bsec,Black Sea Economic Cooperation Organization countries (BSEC),2022,export,group.bsec,3033675702.9273678000,3033675.7029273678,thousand_usd,numeric,unspecified,subtotal,1995-2025,geostat_trade_export--country-group-1995-2026,1995-2025-years,AC9,Black Sea Economic Cooperation Organization countries (BSEC),"#,##0.0"
,,2022,export,goods.total,5582502216.6970037000,5582502.2166970037,thousand_usd,numeric,unspecified,total,1995-2025,geostat_trade_export--country-group-1995-2026,1995-2025-years,AC5,Total Exports,"_-* #,##0.0_-;\-* #,##0.0_-;_-* ""-""?_-;_-@_-"
group.oecd,Organisation of Economic Cooperation and Development countries (OECD),2023,export,group.oecd,1084653950.9980069000,1084653.9509980069,thousand_usd,numeric,unspecified,subtotal,1995-2025,geostat_trade_export--country-group-1995-2026,1995-2025-years,AD10,Organisation of Economic Cooperation and Development countries (OECD),"#,##0.0"
group.guam,GUAM countries,2023,export,group.guam,973844780.18832358000,973844.78018832358,thousand_usd,numeric,unspecified,subtotal,1995-2025,geostat_trade_export--country-group-1995-2026,1995-2025-years,AD11,GUAM countries,"#,##0.0"
group.eu,European Union countries (EU),2023,export,group.eu,704459800.64774165000,704459.80064774165,thousand_usd,numeric,unspecified,subtotal,1995-2025,geostat_trade_export--country-group-1995-2026,1995-2025-years,AD7,European Union countries (EU),"#,##0.0"
group.cis,Commonwealth of Independent States countries (CIS),2023,export,group.cis,4015648236.2338519000,4015648.2362338519,thousand_usd,numeric,unspecified,subtotal,1995-2025,geostat_trade_export--country-group-1995-2026,1995-2025-years,AD8,Commonwealth of Independent States countries (CIS),"#,##0.0"
group.bsec,Black Sea Economic Cooperation Organization countries (BSEC),2023,export,group.bsec,3119118083.3986942000,3119118.0833986942,thousand_usd,numeric,unspecified,subtotal,1995-2025,geostat_trade_export--country-group-1995-2026,1995-2025-years,AD9,Black Sea Economic Cooperation Organization countries (BSEC),"#,##0.0"
,,2023,export,goods.total,6085879620.548836000,6085879.620548836,thousand_usd,numeric,unspecified,total,1995-2025,geostat_trade_export--country-group-1995-2026,1995-2025-years,AD5,Total Exports,"_-* #,##0.0_-;\-* #,##0.0_-;_-* ""-""?_-;_-@_-"
group.oecd,Organisation of Economic Cooperation and Development countries (OECD),2024,export,group.oecd,1213102101.7343714000,1213102.1017343714,thousand_usd,numeric,unspecified,subtotal,1995-2025,geostat_trade_export--country-group-1995-2026,1995-2025-years,AE10,Organisation of Economic Cooperation and Development countries (OECD),"#,##0.0"
group.guam,GUAM countries,2024,export,group.guam,840538879.55158832000,840538.87955158832,thousand_usd,numeric,unspecified,subtotal,1995-2025,geostat_trade_export--country-group-1995-2026,1995-2025-years,AE11,GUAM countries,"#,##0.0"
group.eu,European Union countries (EU),2024,export,group.eu,575153349.33275427000,575153.34933275427,thousand_usd,numeric,unspecified,subtotal,1995-2025,geostat_trade_export--country-group-1995-2026,1995-2025-years,AE7,European Union countries (EU),"#,##0.0"
group.cis,Commonwealth of Independent States countries (CIS),2024,export,group.cis,4527033507.4609257000,4527033.5074609257,thousand_usd,numeric,unspecified,subtotal,1995-2025,geostat_trade_export--country-group-1995-2026,1995-2025-years,AE8,Commonwealth of Independent States countries (CIS),"_-* #,##0.0_-;\-* #,##0.0_-;_-* ""-""?_-;_-@_-"
group.bsec,Black Sea Economic Cooperation Organization countries (BSEC),2024,export,group.bsec,2767083142.3243112000,2767083.1423243112,thousand_usd,numeric,unspecified,subtotal,1995-2025,geostat_trade_export--country-group-1995-2026,1995-2025-years,AE9,Black Sea Economic Cooperation Organization countries (BSEC),"#,##0.0"
,,2024,export,goods.total,6561882251.2075249000,6561882.2512075249,thousand_usd,numeric,unspecified,total,1995-2025,geostat_trade_export--country-group-1995-2026,1995-2025-years,AE5,Total Exports,"_-* #,##0.0_-;\-* #,##0.0_-;_-* ""-""?_-;_-@_-"
group.oecd,Organisation of Economic Cooperation and Development countries (OECD),2025,export,group.oecd,1235422336.0704451000,1235422.3360704451,thousand_usd,numeric,unspecified,subtotal,1995-2025,geostat_trade_export--country-group-1995-2026,1995-2025-years,AF10,Organisation of Economic Cooperation and Development countries (OECD),"#,##0.0"
group.guam,GUAM countries,2025,export,group.guam,830063784.1334556000,830063.7841334556,thousand_usd,numeric,unspecified,subtotal,1995-2025,geostat_trade_export--country-group-1995-2026,1995-2025-years,AF11,GUAM countries,"#,##0.0"
group.eu,European Union countries (EU),2025,export,group.eu,877301899.09940015000,877301.89909940015,thousand_usd,numeric,unspecified,subtotal,1995-2025,geostat_trade_export--country-group-1995-2026,1995-2025-years,AF7,European Union countries (EU),"#,##0.0"
group.cis,Commonwealth of Independent States countries (CIS),2025,export,group.cis,5049485855.4026205000,5049485.8554026205,thousand_usd,numeric,unspecified,subtotal,1995-2025,geostat_trade_export--country-group-1995-2026,1995-2025-years,AF8,Commonwealth of Independent States countries (CIS),"_-* #,##0.0_-;\-* #,##0.0_-;_-* ""-""?_-;_-@_-"
group.bsec,Black Sea Economic Cooperation Organization countries (BSEC),2025,export,group.bsec,2778743782.964346000,2778743.782964346,thousand_usd,numeric,unspecified,subtotal,1995-2025,geostat_trade_export--country-group-1995-2026,1995-2025-years,AF9,Black Sea Economic Cooperation Organization countries (BSEC),"#,##0.0"
,,2025,export,goods.total,7287805027.574284000,7287805.027574284,thousand_usd,numeric,unspecified,total,1995-2025,geostat_trade_export--country-group-1995-2026,1995-2025-years,AF5,Total Exports,"_-* #,##0.0_-;\-* #,##0.0_-;_-* ""-""?_-;_-@_-"
group.oecd,Organisation of Economic Cooperation and Development countries (OECD),1995,import,group.oecd,254368132.16166294000,254368.13216166294,thousand_usd,numeric,unspecified,subtotal,1995-2025,geostat_trade_import-country-group-1995-2026,1995-2025-years,B10,Organisation of Economic Cooperation and Development countries (OECD),"_-* #,##0.0_-;\-* #,##0.0_-;_-* ""-""?_-;_-@_-"
group.guam,GUAM countries,1995,import,group.guam,56793851.200000121000,56793.851200000121,thousand_usd,numeric,unspecified,subtotal,1995-2025,geostat_trade_import-country-group-1995-2026,1995-2025-years,B11,GUAM countries,"#,##0.0"
group.eu,European Union countries (EU),1995,import,group.eu,114090704.84499988000,114090.70484499988,thousand_usd,numeric,unspecified,subtotal,1995-2025,geostat_trade_import-country-group-1995-2026,1995-2025-years,B7,European Union countries (EU),"#,##0.0"
group.cis,Commonwealth of Independent States countries (CIS),1995,import,group.cis,161099995.49999993000,161099.99549999993,thousand_usd,numeric,unspecified,subtotal,1995-2025,geostat_trade_import-country-group-1995-2026,1995-2025-years,B8,Commonwealth of Independent States countries (CIS),"#,##0.0"
group.bsec,Black Sea Economic Cooperation Organization countries (BSEC),1995,import,group.bsec,283597410.08333018000,283597.41008333018,thousand_usd,numeric,unspecified,subtotal,1995-2025,geostat_trade_import-country-group-1995-2026,1995-2025-years,B9,Black Sea Economic Cooperation Organization countries (BSEC),"#,##0.0"
,,1995,import,goods.total,488696492.16165987000,488696.49216165987,thousand_usd,numeric,unspecified,total,1995-2025,geostat_trade_import-country-group-1995-2026,1995-2025-years,B5,Total Imports,"#,##0.0"
group.oecd,Organisation of Economic Cooperation and Development countries (OECD),1996,import,group.oecd,348575383.81670008000,348575.38381670008,thousand_usd,numeric,unspecified,subtotal,1995-2025,geostat_trade_import-country-group-1995-2026,1995-2025-years,C10,Organisation of Economic Cooperation and Development countries (OECD),"_-* #,##0.0_-;\-* #,##0.0_-;_-* ""-""?_-;_-@_-"
group.guam,GUAM countries,1996,import,group.guam,118358852.15000004000,118358.85215000004,thousand_usd,numeric,unspecified,subtotal,1995-2025,geostat_trade_import-country-group-1995-2026,1995-2025-years,C11,GUAM countries,"#,##0.0"
group.eu,European Union countries (EU),1996,import,group.eu,186943212.3999999000,186943.2123999999,thousand_usd,numeric,unspecified,subtotal,1995-2025,geostat_trade_import-country-group-1995-2026,1995-2025-years,C7,European Union countries (EU),"#,##0.0"
group.cis,Commonwealth of Independent States countries (CIS),1996,import,group.cis,272296543.10000018000,272296.54310000018,thousand_usd,numeric,unspecified,subtotal,1995-2025,geostat_trade_import-country-group-1995-2026,1995-2025-years,C8,Commonwealth of Independent States countries (CIS),"#,##0.0"
group.bsec,Black Sea Economic Cooperation Organization countries (BSEC),1996,import,group.bsec,451110507.51670124000,451110.50751670124,thousand_usd,numeric,unspecified,subtotal,1995-2025,geostat_trade_import-country-group-1995-2026,1995-2025-years,C9,Black Sea Economic Cooperation Organization countries (BSEC),"#,##0.0"
,,1996,import,goods.total,751223566.4166999000,751223.5664166999,thousand_usd,numeric,unspecified,total,1995-2025,geostat_trade_import-country-group-1995-2026,1995-2025-years,C5,Total Imports,"#,##0.0"
group.oecd,Organisation of Economic Cooperation and Development countries (OECD),1997,import,group.oecd,478349898.47999992000,478349.89847999992,thousand_usd,numeric,unspecified,subtotal,1995-2025,geostat_trade_import-country-group-1995-2026,1995-2025-years,D10,Organisation of Economic Cooperation and Development countries (OECD),"_-* #,##0.0_-;\-* #,##0.0_-;_-* ""-""?_-;_-@_-"
group.guam,GUAM countries,1997,import,group.guam,172022258.99999993000,172022.25899999993,thousand_usd,numeric,unspecified,subtotal,1995-2025,geostat_trade_import-country-group-1995-2026,1995-2025-years,D11,GUAM countries,"#,##0.0"
group.eu,European Union countries (EU),1997,import,group.eu,224431158.30000059000,224431.15830000059,thousand_usd,numeric,unspecified,subtotal,1995-2025,geostat_trade_import-country-group-1995-2026,1995-2025-years,D7,European Union countries (EU),"#,##0.0"
group.cis,Commonwealth of Independent States countries (CIS),1997,import,group.cis,339921776.00000106000,339921.77600000106,thousand_usd,numeric,unspecified,subtotal,1995-2025,geostat_trade_import-country-group-1995-2026,1995-2025-years,D8,Commonwealth of Independent States countries (CIS),"#,##0.0"
group.bsec,Black Sea Economic Cooperation Organization countries (BSEC),1997,import,group.bsec,518988738.30000137000,518988.73830000137,thousand_usd,numeric,unspecified,subtotal,1995-2025,geostat_trade_import-country-group-1995-2026,1995-2025-years,D9,Black Sea Economic Cooperation Organization countries (BSEC),"#,##0.0"
,,1997,import,goods.total,995320072.48000475000,995320.07248000475,thousand_usd,numeric,unspecified,total,1995-2025,geostat_trade_import-country-group-1995-2026,1995-2025-years,D5,Total Imports,"#,##0.0"
group.oecd,Organisation of Economic Cooperation and Development countries (OECD),1998,import,group.oecd,507217528.78809138000,507217.52878809138,thousand_usd,numeric,unspecified,subtotal,1995-2025,geostat_trade_import-country-group-1995-2026,1995-2025-years,E10,Organisation of Economic Cooperation and Development countries (OECD),"_-* #,##0.0_-;\-* #,##0.0_-;_-* ""-""?_-;_-@_-"
group.guam,GUAM countries,1998,import,group.guam,103962233.35959748000,103962.23335959748,thousand_usd,numeric,unspecified,subtotal,1995-2025,geostat_trade_import-country-group-1995-2026,1995-2025-years,E11,GUAM countries,"#,##0.0"
group.eu,European Union countries (EU),1998,import,group.eu,271229082.7594297000,271229.0827594297,thousand_usd,numeric,unspecified,subtotal,1995-2025,geostat_trade_import-country-group-1995-2026,1995-2025-years,E7,European Union countries (EU),"#,##0.0"
group.cis,Commonwealth of Independent States countries (CIS),1998,import,group.cis,261714117.76583604000,261714.11776583604,thousand_usd,numeric,unspecified,subtotal,1995-2025,geostat_trade_import-country-group-1995-2026,1995-2025-years,E8,Commonwealth of Independent States countries (CIS),"#,##0.0"
group.bsec,Black Sea Economic Cooperation Organization countries (BSEC),1998,import,group.bsec,401163662.67734469000,401163.66267734469,thousand_usd,numeric,unspecified,subtotal,1995-2025,geostat_trade_import-country-group-1995-2026,1995-2025-years,E9,Black Sea Economic Cooperation Organization countries (BSEC),"#,##0.0"
,,1998,import,goods.total,882491117.69125343000,882491.11769125343,thousand_usd,numeric,unspecified,total,1995-2025,geostat_trade_import-country-group-1995-2026,1995-2025-years,E5,Total Imports,"#,##0.0"
group.oecd,Organisation of Economic Cooperation and Development countries (OECD),1999,import,group.oecd,355667609.44164975000,355667.60944164975,thousand_usd,numeric,unspecified,subtotal,1995-2025,geostat_trade_import-country-group-1995-2026,1995-2025-years,F10,Organisation of Economic Cooperation and Development countries (OECD),"_-* #,##0.0_-;\-* #,##0.0_-;_-* ""-""?_-;_-@_-"
group.guam,GUAM countries,1999,import,group.guam,102891138.14805038000,102891.13814805038,thousand_usd,numeric,unspecified,subtotal,1995-2025,geostat_trade_import-country-group-1995-2026,1995-2025-years,F11,GUAM countries,"#,##0.0"
group.eu,European Union countries (EU),1999,import,group.eu,161423893.5016359000,161423.8935016359,thousand_usd,numeric,unspecified,subtotal,1995-2025,geostat_trade_import-country-group-1995-2026,1995-2025-years,F7,European Union countries (EU),"#,##0.0"
group.cis,Commonwealth of Independent States countries (CIS),1999,import,group.cis,256571385.23511015000,256571.38523511015,thousand_usd,numeric,unspecified,subtotal,1995-2025,geostat_trade_import-country-group-1995-2026,1995-2025-years,F8,Commonwealth of Independent States countries (CIS),"#,##0.0"
group.bsec,Black Sea Economic Cooperation Organization countries (BSEC),1999,import,group.bsec,336102258.91831086000,336102.25891831086,thousand_usd,numeric,unspecified,subtotal,1995-2025,geostat_trade_import-country-group-1995-2026,1995-2025-years,F9,Black Sea Economic Cooperation Organization countries (BSEC),"#,##0.0"
,,1999,import,goods.total,689589969.98380276000,689589.96998380276,thousand_usd,numeric,unspecified,total,1995-2025,geostat_trade_import-country-group-1995-2026,1995-2025-years,F5,Total Imports,"#,##0.0"
group.oecd,Organisation of Economic Cooperation and Development countries (OECD),2000,import,group.oecd,389998668.49808197000,389998.66849808197,thousand_usd,numeric,unspecified,subtotal,1995-2025,geostat_trade_import-country-group-1995-2026,1995-2025-years,G10,Organisation of Economic Cooperation and Development countries (OECD),"_-* #,##0.0_-;\-* #,##0.0_-;_-* ""-""?_-;_-@_-"
group.guam,GUAM countries,2000,import,group.guam,91463746.19999995000,91463.74619999995,thousand_usd,numeric,unspecified,subtotal,1995-2025,geostat_trade_import-country-group-1995-2026,1995-2025-years,G11,GUAM countries,"#,##0.0"
group.eu,European Union countries (EU),2000,import,group.eu,161535933.29807973000,161535.93329807973,thousand_usd,numeric,unspecified,subtotal,1995-2025,geostat_trade_import-country-group-1995-2026,1995-2025-years,G7,European Union countries (EU),"#,##0.0"
group.cis,Commonwealth of Independent States countries (CIS),2000,import,group.cis,229433690.59999922000,229433.69059999922,thousand_usd,numeric,unspecified,subtotal,1995-2025,geostat_trade_import-country-group-1995-2026,1995-2025-years,G8,Commonwealth of Independent States countries (CIS),"#,##0.0"
group.bsec,Black Sea Economic Cooperation Organization countries (BSEC),2000,import,group.bsec,348202443.22688924000,348202.44322688924,thousand_usd,numeric,unspecified,subtotal,1995-2025,geostat_trade_import-country-group-1995-2026,1995-2025-years,G9,Black Sea Economic Cooperation Organization countries (BSEC),"#,##0.0"
,,2000,import,goods.total,709509126.31807732000,709509.12631807732,thousand_usd,numeric,unspecified,total,1995-2025,geostat_trade_import-country-group-1995-2026,1995-2025-years,G5,Total Imports,"#,##0.0"
group.oecd,Organisation of Economic Cooperation and Development countries (OECD),2001,import,group.oecd,419386175.10169966000,419386.17510169966,thousand_usd,numeric,unspecified,subtotal,1995-2025,geostat_trade_import-country-group-1995-2026,1995-2025-years,H10,Organisation of Economic Cooperation and Development countries (OECD),"_-* #,##0.0_-;\-* #,##0.0_-;_-* ""-""?_-;_-@_-"
group.guam,GUAM countries,2001,import,group.guam,124278083.29999946000,124278.08329999946,thousand_usd,numeric,unspecified,subtotal,1995-2025,geostat_trade_import-country-group-1995-2026,1995-2025-years,H11,GUAM countries,"#,##0.0"
group.eu,European Union countries (EU),2001,import,group.eu,214544881.49000122000,214544.88149000122,thousand_usd,numeric,unspecified,subtotal,1995-2025,geostat_trade_import-country-group-1995-2026,1995-2025-years,H7,European Union countries (EU),"#,##0.0"
group.cis,Commonwealth of Independent States countries (CIS),2001,import,group.cis,252756081.41999922000,252756.08141999922,thousand_usd,numeric,unspecified,subtotal,1995-2025,geostat_trade_import-country-group-1995-2026,1995-2025-years,H8,Commonwealth of Independent States countries (CIS),"#,##0.0"
group.bsec,Black Sea Economic Cooperation Organization countries (BSEC),2001,import,group.bsec,366280827.76169101000,366280.82776169101,thousand_usd,numeric,unspecified,subtotal,1995-2025,geostat_trade_import-country-group-1995-2026,1995-2025-years,H9,Black Sea Economic Cooperation Organization countries (BSEC),"#,##0.0"
,,2001,import,goods.total,752010911.61169962000,752010.91161169962,thousand_usd,numeric,unspecified,total,1995-2025,geostat_trade_import-country-group-1995-2026,1995-2025-years,H5,Total Imports,"#,##0.0"
group.oecd,Organisation of Economic Cooperation and Development countries (OECD),2002,import,group.oecd,410093653.75000006000,410093.65375000006,thousand_usd,numeric,unspecified,subtotal,1995-2025,geostat_trade_import-country-group-1995-2026,1995-2025-years,I10,Organisation of Economic Cooperation and Development countries (OECD),"_-* #,##0.0_-;\-* #,##0.0_-;_-* ""-""?_-;_-@_-"
group.guam,GUAM countries,2002,import,group.guam,139369933.63000028000,139369.93363000028,thousand_usd,numeric,unspecified,subtotal,1995-2025,geostat_trade_import-country-group-1995-2026,1995-2025-years,I11,GUAM countries,"#,##0.0"
group.eu,European Union countries (EU),2002,import,group.eu,211795303.60999971000,211795.30360999971,thousand_usd,numeric,unspecified,subtotal,1995-2025,geostat_trade_import-country-group-1995-2026,1995-2025-years,I7,European Union countries (EU),"#,##0.0"
group.cis,Commonwealth of Independent States countries (CIS),2002,import,group.cis,291371789.35000033000,291371.78935000033,thousand_usd,numeric,unspecified,subtotal,1995-2025,geostat_trade_import-country-group-1995-2026,1995-2025-years,I8,Commonwealth of Independent States countries (CIS),"#,##0.0"
group.bsec,Black Sea Economic Cooperation Organization countries (BSEC),2002,import,group.bsec,388432863.42999374000,388432.86342999374,thousand_usd,numeric,unspecified,subtotal,1995-2025,geostat_trade_import-country-group-1995-2026,1995-2025-years,I9,Black Sea Economic Cooperation Organization countries (BSEC),"#,##0.0"
,,2002,import,goods.total,794691603.40999742000,794691.60340999742,thousand_usd,numeric,unspecified,total,1995-2025,geostat_trade_import-country-group-1995-2026,1995-2025-years,I5,Total Imports,"#,##0.0"
group.oecd,Organisation of Economic Cooperation and Development countries (OECD),2003,import,group.oecd,623586477.47999965000,623586.47747999965,thousand_usd,numeric,unspecified,subtotal,1995-2025,geostat_trade_import-country-group-1995-2026,1995-2025-years,J10,Organisation of Economic Cooperation and Development countries (OECD),"_-* #,##0.0_-;\-* #,##0.0_-;_-* ""-""?_-;_-@_-"
group.guam,GUAM countries,2003,import,group.guam,174981113.11000035000,174981.11311000035,thousand_usd,numeric,unspecified,subtotal,1995-2025,geostat_trade_import-country-group-1995-2026,1995-2025-years,J11,GUAM countries,"#,##0.0"
group.eu,European Union countries (EU),2003,import,group.eu,380372726.52999993000,380372.72652999993,thousand_usd,numeric,unspecified,subtotal,1995-2025,geostat_trade_import-country-group-1995-2026,1995-2025-years,J7,European Union countries (EU),"#,##0.0"
group.cis,Commonwealth of Independent States countries (CIS),2003,import,group.cis,367977891.13999915000,367977.89113999915,thousand_usd,numeric,unspecified,subtotal,1995-2025,geostat_trade_import-country-group-1995-2026,1995-2025-years,J8,Commonwealth of Independent States countries (CIS),"#,##0.0"
group.bsec,Black Sea Economic Cooperation Organization countries (BSEC),2003,import,group.bsec,497314889.37999535000,497314.88937999535,thousand_usd,numeric,unspecified,subtotal,1995-2025,geostat_trade_import-country-group-1995-2026,1995-2025-years,J9,Black Sea Economic Cooperation Organization countries (BSEC),"#,##0.0"
,,2003,import,goods.total,1139039159.3499924000,1139039.1593499924,thousand_usd,numeric,unspecified,total,1995-2025,geostat_trade_import-country-group-1995-2026,1995-2025-years,J5,Total Imports,"#,##0.0"
group.oecd,Organisation of Economic Cooperation and Development countries (OECD),2004,import,group.oecd,941912527.31798287000,941912.52731798287,thousand_usd,numeric,unspecified,subtotal,1995-2025,geostat_trade_import-country-group-1995-2026,1995-2025-years,K10,Organisation of Economic Cooperation and Development countries (OECD),"_-* #,##0.0_-;\-* #,##0.0_-;_-* ""-""?_-;_-@_-"
group.guam,GUAM countries,2004,import,group.guam,300540353.33999974000,300540.35333999974,thousand_usd,numeric,unspecified,subtotal,1995-2025,geostat_trade_import-country-group-1995-2026,1995-2025-years,K11,GUAM countries,"#,##0.0"
group.eu,European Union countries (EU),2004,import,group.eu,604352858.12798364000,604352.85812798364,thousand_usd,numeric,unspecified,subtotal,1995-2025,geostat_trade_import-country-group-1995-2026,1995-2025-years,K7,European Union countries (EU),"#,##0.0"
group.cis,Commonwealth of Independent States countries (CIS),2004,import,group.cis,653715023.58999685000,653715.02358999685,thousand_usd,numeric,unspecified,subtotal,1995-2025,geostat_trade_import-country-group-1995-2026,1995-2025-years,K8,Commonwealth of Independent States countries (CIS),"#,##0.0"
group.bsec,Black Sea Economic Cooperation Organization countries (BSEC),2004,import,group.bsec,851965452.01000385000,851965.45201000385,thousand_usd,numeric,unspecified,subtotal,1995-2025,geostat_trade_import-country-group-1995-2026,1995-2025-years,K9,Black Sea Economic Cooperation Organization countries (BSEC),"#,##0.0"
,,2004,import,goods.total,1844342929.4279872000,1844342.9294279872,thousand_usd,numeric,unspecified,total,1995-2025,geostat_trade_import-country-group-1995-2026,1995-2025-years,K5,Total Imports,"#,##0.0"
group.oecd,Organisation of Economic Cooperation and Development countries (OECD),2005,import,group.oecd,1084377160.1480253000,1084377.1601480253,thousand_usd,numeric,unspecified,subtotal,1995-2025,geostat_trade_import-country-group-1995-2026,1995-2025-years,L10,Organisation of Economic Cooperation and Development countries (OECD),"_-* #,##0.0_-;\-* #,##0.0_-;_-* ""-""?_-;_-@_-"
group.guam,GUAM countries,2005,import,group.guam,456219525.12426954000,456219.52512426954,thousand_usd,numeric,unspecified,subtotal,1995-2025,geostat_trade_import-country-group-1995-2026,1995-2025-years,L11,GUAM countries,"#,##0.0"
group.eu,European Union countries (EU),2005,import,group.eu,627350392.16889592000,627350.39216889592,thousand_usd,numeric,unspecified,subtotal,1995-2025,geostat_trade_import-country-group-1995-2026,1995-2025-years,L7,European Union countries (EU),"#,##0.0"
group.cis,Commonwealth of Independent States countries (CIS),2005,import,group.cis,994372366.0825711000,994372.3660825711,thousand_usd,numeric,unspecified,subtotal,1995-2025,geostat_trade_import-country-group-1995-2026,1995-2025-years,L8,Commonwealth of Independent States countries (CIS),"#,##0.0"
group.bsec,Black Sea Economic Cooperation Organization countries (BSEC),2005,import,group.bsec,1292897607.9125549000,1292897.6079125549,thousand_usd,numeric,unspecified,subtotal,1995-2025,geostat_trade_import-country-group-1995-2026,1995-2025-years,L9,Black Sea Economic Cooperation Organization countries (BSEC),"#,##0.0"
,,2005,import,goods.total,2487548345.9062786000,2487548.3459062786,thousand_usd,numeric,unspecified,total,1995-2025,geostat_trade_import-country-group-1995-2026,1995-2025-years,L5,Total Imports,"#,##0.0"
group.oecd,Organisation of Economic Cooperation and Development countries (OECD),2006,import,group.oecd,1686619761.2949959000,1686619.7612949959,thousand_usd,numeric,unspecified,subtotal,1995-2025,geostat_trade_import-country-group-1995-2026,1995-2025-years,M10,Organisation of Economic Cooperation and Development countries (OECD),"_-* #,##0.0_-;\-* #,##0.0_-;_-* ""-""?_-;_-@_-"
group.guam,GUAM countries,2006,import,group.guam,642517373.30769049000,642517.37330769049,thousand_usd,numeric,unspecified,subtotal,1995-2025,geostat_trade_import-country-group-1995-2026,1995-2025-years,M11,GUAM countries,"#,##0.0"
group.eu,European Union countries (EU),2006,import,group.eu,947822613.30527626000,947822.61330527626,thousand_usd,numeric,unspecified,subtotal,1995-2025,geostat_trade_import-country-group-1995-2026,1995-2025-years,M7,European Union countries (EU),"#,##0.0"
group.cis,Commonwealth of Independent States countries (CIS),2006,import,group.cis,1398588905.1502822000,1398588.9051502822,thousand_usd,numeric,unspecified,subtotal,1995-2025,geostat_trade_import-country-group-1995-2026,1995-2025-years,M8,Commonwealth of Independent States countries (CIS),"#,##0.0"
group.bsec,Black Sea Economic Cooperation Organization countries (BSEC),2006,import,group.bsec,1950128322.9742753000,1950128.3229742753,thousand_usd,numeric,unspecified,subtotal,1995-2025,geostat_trade_import-country-group-1995-2026,1995-2025-years,M9,Black Sea Economic Cooperation Organization countries (BSEC),"#,##0.0"
,,2006,import,goods.total,3674832445.4492624000,3674832.4454492624,thousand_usd,numeric,unspecified,total,1995-2025,geostat_trade_import-country-group-1995-2026,1995-2025-years,M5,Total Imports,"#,##0.0"
group.oecd,Organisation of Economic Cooperation and Development countries (OECD),2007,import,group.oecd,2322839757.8421431000,2322839.7578421431,thousand_usd,numeric,unspecified,subtotal,1995-2025,geostat_trade_import-country-group-1995-2026,1995-2025-years,N10,Organisation of Economic Cooperation and Development countries (OECD),"_-* #,##0.0_-;\-* #,##0.0_-;_-* ""-""?_-;_-@_-"
group.guam,GUAM countries,2007,import,group.guam,961083459.59610038000,961083.45959610038,thousand_usd,numeric,unspecified,subtotal,1995-2025,geostat_trade_import-country-group-1995-2026,1995-2025-years,N11,GUAM countries,"#,##0.0"
group.eu,European Union countries (EU),2007,import,group.eu,1538897349.6478861000,1538897.3496478861,thousand_usd,numeric,unspecified,subtotal,1995-2025,geostat_trade_import-country-group-1995-2026,1995-2025-years,N7,European Union countries (EU),"#,##0.0"
group.cis,Commonwealth of Independent States countries (CIS),2007,import,group.cis,1849368799.7402952000,1849368.7997402952,thousand_usd,numeric,unspecified,subtotal,1995-2025,geostat_trade_import-country-group-1995-2026,1995-2025-years,N8,Commonwealth of Independent States countries (CIS),"#,##0.0"
group.bsec,Black Sea Economic Cooperation Organization countries (BSEC),2007,import,group.bsec,2653234848.5128302000,2653234.8485128302,thousand_usd,numeric,unspecified,subtotal,1995-2025,geostat_trade_import-country-group-1995-2026,1995-2025-years,N9,Black Sea Economic Cooperation Organization countries (BSEC),"#,##0.0"
,,2007,import,goods.total,5212150246.3161815000,5212150.2463161815,thousand_usd,numeric,unspecified,total,1995-2025,geostat_trade_import-country-group-1995-2026,1995-2025-years,N5,Total Imports,"#,##0.0"
group.oecd,Organisation of Economic Cooperation and Development countries (OECD),2008,import,group.oecd,3027178217.3251426000,3027178.2173251426,thousand_usd,numeric,unspecified,subtotal,1995-2025,geostat_trade_import-country-group-1995-2026,1995-2025-years,O10,Organisation of Economic Cooperation and Development countries (OECD),"_-* #,##0.0_-;\-* #,##0.0_-;_-* ""-""?_-;_-@_-"
group.guam,GUAM countries,2008,import,group.guam,1269415102.3054603000,1269415.1023054603,thousand_usd,numeric,unspecified,subtotal,1995-2025,geostat_trade_import-country-group-1995-2026,1995-2025-years,O11,GUAM countries,"#,##0.0"
group.eu,European Union countries (EU),2008,import,group.eu,1756449562.7827693000,1756449.5627827693,thousand_usd,numeric,unspecified,subtotal,1995-2025,geostat_trade_import-country-group-1995-2026,1995-2025-years,O7,European Union countries (EU),"#,##0.0"
group.cis,Commonwealth of Independent States countries (CIS),2008,import,group.cis,1998028629.9795078000,1998028.6299795078,thousand_usd,numeric,unspecified,subtotal,1995-2025,geostat_trade_import-country-group-1995-2026,1995-2025-years,O8,Commonwealth of Independent States countries (CIS),"#,##0.0"
group.bsec,Black Sea Economic Cooperation Organization countries (BSEC),2008,import,group.bsec,2981452834.8859102000,2981452.8348859102,thousand_usd,numeric,unspecified,subtotal,1995-2025,geostat_trade_import-country-group-1995-2026,1995-2025-years,O9,Black Sea Economic Cooperation Organization countries (BSEC),"#,##0.0"
,,2008,import,goods.total,6301540343.0102617000,6301540.3430102617,thousand_usd,numeric,unspecified,total,1995-2025,geostat_trade_import-country-group-1995-2026,1995-2025-years,O5,Total Imports,"#,##0.0"
group.oecd,Organisation of Economic Cooperation and Development countries (OECD),2009,import,group.oecd,2227519034.7105619000,2227519.0347105619,thousand_usd,numeric,unspecified,subtotal,1995-2025,geostat_trade_import-country-group-1995-2026,1995-2025-years,P10,Organisation of Economic Cooperation and Development countries (OECD),"#,##0.0"
group.guam,GUAM countries,2009,import,group.guam,825375406.65405814000,825375.40665405814,thousand_usd,numeric,unspecified,subtotal,1995-2025,geostat_trade_import-country-group-1995-2026,1995-2025-years,P11,GUAM countries,"#,##0.0"
group.eu,European Union countries (EU),2009,import,group.eu,1330101625.5117329000,1330101.6255117329,thousand_usd,numeric,unspecified,subtotal,1995-2025,geostat_trade_import-country-group-1995-2026,1995-2025-years,P7,European Union countries (EU),"#,##0.0"
group.cis,Commonwealth of Independent States countries (CIS),2009,import,group.cis,1286462129.6726763000,1286462.1296726763,thousand_usd,numeric,unspecified,subtotal,1995-2025,geostat_trade_import-country-group-1995-2026,1995-2025-years,P8,Commonwealth of Independent States countries (CIS),"#,##0.0"
group.bsec,Black Sea Economic Cooperation Organization countries (BSEC),2009,import,group.bsec,2274960006.708106000,2274960.006708106,thousand_usd,numeric,unspecified,subtotal,1995-2025,geostat_trade_import-country-group-1995-2026,1995-2025-years,P9,Black Sea Economic Cooperation Organization countries (BSEC),"#,##0.0"
,,2009,import,goods.total,4475724508.7921526000,4475724.5087921526,thousand_usd,numeric,unspecified,total,1995-2025,geostat_trade_import-country-group-1995-2026,1995-2025-years,P5,Total Imports,"#,##0.0"
group.oecd,Organisation of Economic Cooperation and Development countries (OECD),2010,import,group.oecd,2532707102.8078506000,2532707.1028078506,thousand_usd,numeric,unspecified,subtotal,1995-2025,geostat_trade_import-country-group-1995-2026,1995-2025-years,Q10,Organisation of Economic Cooperation and Development countries (OECD),"_-* #,##0.0_-;\-* #,##0.0_-;_-* ""-""?_-;_-@_-"
group.guam,GUAM countries,2010,import,group.guam,1040800088.7938564000,1040800.0887938564,thousand_usd,numeric,unspecified,subtotal,1995-2025,geostat_trade_import-country-group-1995-2026,1995-2025-years,Q11,GUAM countries,"#,##0.0"
group.eu,European Union countries (EU),2010,import,group.eu,1466578804.1912219000,1466578.8041912219,thousand_usd,numeric,unspecified,subtotal,1995-2025,geostat_trade_import-country-group-1995-2026,1995-2025-years,Q7,European Union countries (EU),"#,##0.0"
group.cis,Commonwealth of Independent States countries (CIS),2010,import,group.cis,1576342436.5865763000,1576342.4365865763,thousand_usd,numeric,unspecified,subtotal,1995-2025,geostat_trade_import-country-group-1995-2026,1995-2025-years,Q8,Commonwealth of Independent States countries (CIS),"#,##0.0"
group.bsec,Black Sea Economic Cooperation Organization countries (BSEC),2010,import,group.bsec,2608961934.6421566000,2608961.9346421566,thousand_usd,numeric,unspecified,subtotal,1995-2025,geostat_trade_import-country-group-1995-2026,1995-2025-years,Q9,Black Sea Economic Cooperation Organization countries (BSEC),"#,##0.0"
,,2010,import,goods.total,5235964558.7119292000,5235964.5587119292,thousand_usd,numeric,unspecified,total,1995-2025,geostat_trade_import-country-group-1995-2026,1995-2025-years,Q5,Total Imports,"#,##0.0"
group.oecd,Organisation of Economic Cooperation and Development countries (OECD),2011,import,group.oecd,3422591187.9557888000,3422591.1879557888,thousand_usd,numeric,unspecified,subtotal,1995-2025,geostat_trade_import-country-group-1995-2026,1995-2025-years,R10,Organisation of Economic Cooperation and Development countries (OECD),"_-* #,##0.0_-;\-* #,##0.0_-;_-* ""-""?_-;_-@_-"
group.guam,GUAM countries,2011,import,group.guam,1334284369.0492485000,1334284.3690492485,thousand_usd,numeric,unspecified,subtotal,1995-2025,geostat_trade_import-country-group-1995-2026,1995-2025-years,R11,GUAM countries,"#,##0.0"
group.eu,European Union countries (EU),2011,import,group.eu,2050757716.9987021000,2050757.7169987021,thousand_usd,numeric,unspecified,subtotal,1995-2025,geostat_trade_import-country-group-1995-2026,1995-2025-years,R7,European Union countries (EU),"#,##0.0"
group.cis,Commonwealth of Independent States countries (CIS),2011,import,group.cis,1949499587.2423858000,1949499.5872423858,thousand_usd,numeric,unspecified,subtotal,1995-2025,geostat_trade_import-country-group-1995-2026,1995-2025-years,R8,Commonwealth of Independent States countries (CIS),"#,##0.0"
group.bsec,Black Sea Economic Cooperation Organization countries (BSEC),2011,import,group.bsec,3566622335.0880495000,3566622.3350880495,thousand_usd,numeric,unspecified,subtotal,1995-2025,geostat_trade_import-country-group-1995-2026,1995-2025-years,R9,Black Sea Economic Cooperation Organization countries (BSEC),"#,##0.0"
,,2011,import,goods.total,7072259779.4623533000,7072259.7794623533,thousand_usd,numeric,unspecified,total,1995-2025,geostat_trade_import-country-group-1995-2026,1995-2025-years,R5,Total Imports,"#,##0.0"
group.oecd,Organisation of Economic Cooperation and Development countries (OECD),2012,import,group.oecd,4042621146.3419832000,4042621.1463419832,thousand_usd,numeric,unspecified,subtotal,1995-2025,geostat_trade_import-country-group-1995-2026,1995-2025-years,S10,Organisation of Economic Cooperation and Development countries (OECD),"_-* #,##0.0_-;\-* #,##0.0_-;_-* ""-""?_-;_-@_-"
group.guam,GUAM countries,2012,import,group.guam,1300575023.6702247000,1300575.0236702247,thousand_usd,numeric,unspecified,subtotal,1995-2025,geostat_trade_import-country-group-1995-2026,1995-2025-years,S11,GUAM countries,"#,##0.0"
group.eu,European Union countries (EU),2012,import,group.eu,2428744945.356633000,2428744.945356633,thousand_usd,numeric,unspecified,subtotal,1995-2025,geostat_trade_import-country-group-1995-2026,1995-2025-years,S7,European Union countries (EU),"#,##0.0"
group.cis,Commonwealth of Independent States countries (CIS),2012,import,group.cis,2060106358.2567433000,2060106.3582567433,thousand_usd,numeric,unspecified,subtotal,1995-2025,geostat_trade_import-country-group-1995-2026,1995-2025-years,S8,Commonwealth of Independent States countries (CIS),"#,##0.0"
group.bsec,Black Sea Economic Cooperation Organization countries (BSEC),2012,import,group.bsec,3902144967.2383298000,3902144.9672383298,thousand_usd,numeric,unspecified,subtotal,1995-2025,geostat_trade_import-country-group-1995-2026,1995-2025-years,S9,Black Sea Economic Cooperation Organization countries (BSEC),"#,##0.0"
,,2012,import,goods.total,8056379015.9072466000,8056379.0159072466,thousand_usd,numeric,unspecified,total,1995-2025,geostat_trade_import-country-group-1995-2026,1995-2025-years,S5,Total Imports,"#,##0.0"
group.oecd,Organisation of Economic Cooperation and Development countries (OECD),2013,import,group.oecd,3887185711.873617000,3887185.711873617,thousand_usd,numeric,unspecified,subtotal,1995-2025,geostat_trade_import-country-group-1995-2026,1995-2025-years,T10,Organisation of Economic Cooperation and Development countries (OECD),"#,##0.0"
group.guam,GUAM countries,2013,import,group.guam,1269873428.60061000,1269873.42860061,thousand_usd,numeric,unspecified,subtotal,1995-2025,geostat_trade_import-country-group-1995-2026,1995-2025-years,T11,GUAM countries,"#,##0.0"
group.eu,European Union countries (EU),2013,import,group.eu,2266083692.946096000,2266083.692946096,thousand_usd,numeric,unspecified,subtotal,1995-2025,geostat_trade_import-country-group-1995-2026,1995-2025-years,T7,European Union countries (EU),"#,##0.0"
group.cis,Commonwealth of Independent States countries (CIS),2013,import,group.cis,2177586490.1453145000,2177586.4901453145,thousand_usd,numeric,unspecified,subtotal,1995-2025,geostat_trade_import-country-group-1995-2026,1995-2025-years,T8,Commonwealth of Independent States countries (CIS),"#,##0.0"
group.bsec,Black Sea Economic Cooperation Organization countries (BSEC),2013,import,group.bsec,4025579214.7315918000,4025579.2147315918,thousand_usd,numeric,unspecified,subtotal,1995-2025,geostat_trade_import-country-group-1995-2026,1995-2025-years,T9,Black Sea Economic Cooperation Organization countries (BSEC),"#,##0.0"
,,2013,import,goods.total,8022546397.8869608000,8022546.3978869608,thousand_usd,numeric,unspecified,total,1995-2025,geostat_trade_import-country-group-1995-2026,1995-2025-years,T5,Total Imports,"#,##0.0"
group.oecd,Organisation of Economic Cooperation and Development countries (OECD),2014,import,group.oecd,4344530543.316585000,4344530.543316585,thousand_usd,numeric,unspecified,subtotal,1995-2025,geostat_trade_import-country-group-1995-2026,1995-2025-years,U10,Organisation of Economic Cooperation and Development countries (OECD),"#,##0.0"
group.guam,GUAM countries,2014,import,group.guam,1200356009.4046944000,1200356.0094046944,thousand_usd,numeric,unspecified,subtotal,1995-2025,geostat_trade_import-country-group-1995-2026,1995-2025-years,U11,GUAM countries,"#,##0.0"
group.eu,European Union countries (EU),2014,import,group.eu,2371979744.005328000,2371979.744005328,thousand_usd,numeric,unspecified,subtotal,1995-2025,geostat_trade_import-country-group-1995-2026,1995-2025-years,U7,European Union countries (EU),"#,##0.0"
group.cis,Commonwealth of Independent States countries (CIS),2014,import,group.cis,2127489894.6138103000,2127489.8946138103,thousand_usd,numeric,unspecified,subtotal,1995-2025,geostat_trade_import-country-group-1995-2026,1995-2025-years,U8,Commonwealth of Independent States countries (CIS),"#,##0.0"
group.bsec,Black Sea Economic Cooperation Organization countries (BSEC),2014,import,group.bsec,4356913442.7250735000,4356913.4427250735,thousand_usd,numeric,unspecified,subtotal,1995-2025,geostat_trade_import-country-group-1995-2026,1995-2025-years,U9,Black Sea Economic Cooperation Organization countries (BSEC),"#,##0.0"
,,2014,import,goods.total,8601814354.546845000,8601814.354546845,thousand_usd,numeric,unspecified,total,1995-2025,geostat_trade_import-country-group-1995-2026,1995-2025-years,U5,Total Imports,"#,##0.0"
group.oecd,Organisation of Economic Cooperation and Development countries (OECD),2015,import,group.oecd,3610803150.0623869000,3610803.1500623869,thousand_usd,numeric,unspecified,subtotal,1995-2025,geostat_trade_import-country-group-1995-2026,1995-2025-years,V10,Organisation of Economic Cooperation and Development countries (OECD),"#,##0.0"
group.guam,GUAM countries,2015,import,group.guam,1004442415.8908746000,1004442.4158908746,thousand_usd,numeric,unspecified,subtotal,1995-2025,geostat_trade_import-country-group-1995-2026,1995-2025-years,V11,GUAM countries,"#,##0.0"
group.eu,European Union countries (EU),2015,import,group.eu,2082461356.4296567000,2082461.3564296567,thousand_usd,numeric,unspecified,subtotal,1995-2025,geostat_trade_import-country-group-1995-2026,1995-2025-years,V7,European Union countries (EU),"#,##0.0"
group.cis,Commonwealth of Independent States countries (CIS),2015,import,group.cis,1968255052.0138801000,1968255.0520138801,thousand_usd,numeric,unspecified,subtotal,1995-2025,geostat_trade_import-country-group-1995-2026,1995-2025-years,V8,Commonwealth of Independent States countries (CIS),"#,##0.0"
group.bsec,Black Sea Economic Cooperation Organization countries (BSEC),2015,import,group.bsec,3580242709.4020816000,3580242.7094020816,thousand_usd,numeric,unspecified,subtotal,1995-2025,geostat_trade_import-country-group-1995-2026,1995-2025-years,V9,Black Sea Economic Cooperation Organization countries (BSEC),"#,##0.0"
,,2015,import,goods.total,7304152715.6147351000,7304152.7156147351,thousand_usd,numeric,unspecified,total,1995-2025,geostat_trade_import-country-group-1995-2026,1995-2025-years,V5,Total Imports,"#,##0.0"
group.oecd,Organisation of Economic Cooperation and Development countries (OECD),2016,import,group.oecd,3810684862.2159073000,3810684.8622159073,thousand_usd,numeric,unspecified,subtotal,1995-2025,geostat_trade_import-country-group-1995-2026,1995-2025-years,W10,Organisation of Economic Cooperation and Development countries (OECD),"_-* #,##0.0_-;\-* #,##0.0_-;_-* ""-""?_-;_-@_-"
group.guam,GUAM countries,2016,import,group.guam,921219894.50211241000,921219.89450211241,thousand_usd,numeric,unspecified,subtotal,1995-2025,geostat_trade_import-country-group-1995-2026,1995-2025-years,W11,GUAM countries,"_-* #,##0.0_-;\-* #,##0.0_-;_-* ""-""?_-;_-@_-"
group.eu,European Union countries (EU),2016,import,group.eu,2228065036.5151404000,2228065.0365151404,thousand_usd,numeric,unspecified,subtotal,1995-2025,geostat_trade_import-country-group-1995-2026,1995-2025-years,W7,European Union countries (EU),"_-* #,##0.0_-;\-* #,##0.0_-;_-* ""-""?_-;_-@_-"
group.cis,Commonwealth of Independent States countries (CIS),2016,import,group.cis,1986294733.3549052000,1986294.7333549052,thousand_usd,numeric,unspecified,subtotal,1995-2025,geostat_trade_import-country-group-1995-2026,1995-2025-years,W8,Commonwealth of Independent States countries (CIS),"_-* #,##0.0_-;\-* #,##0.0_-;_-* ""-""?_-;_-@_-"
group.bsec,Black Sea Economic Cooperation Organization countries (BSEC),2016,import,group.bsec,3586051962.2894814000,3586051.9622894814,thousand_usd,numeric,unspecified,subtotal,1995-2025,geostat_trade_import-country-group-1995-2026,1995-2025-years,W9,Black Sea Economic Cooperation Organization countries (BSEC),"_-* #,##0.0_-;\-* #,##0.0_-;_-* ""-""?_-;_-@_-"
,,2016,import,goods.total,7341698114.4893849000,7341698.1144893849,thousand_usd,numeric,unspecified,total,1995-2025,geostat_trade_import-country-group-1995-2026,1995-2025-years,W5,Total Imports,"_-* #,##0.0_-;\-* #,##0.0_-;_-* ""-""?_-;_-@_-"
group.oecd,Organisation of Economic Cooperation and Development countries (OECD),2017,import,group.oecd,3920042730.5414397000,3920042.7305414397,thousand_usd,numeric,unspecified,subtotal,1995-2025,geostat_trade_import-country-group-1995-2026,1995-2025-years,X10,Organisation of Economic Cooperation and Development countries (OECD),"_-* #,##0.0_-;\-* #,##0.0_-;_-* ""-""?_-;_-@_-"
group.guam,GUAM countries,2017,import,group.guam,1025447777.56049000,1025447.77756049,thousand_usd,numeric,unspecified,subtotal,1995-2025,geostat_trade_import-country-group-1995-2026,1995-2025-years,X11,GUAM countries,"_-* #,##0.0_-;\-* #,##0.0_-;_-* ""-""?_-;_-@_-"
group.eu,European Union countries (EU),2017,import,group.eu,2225009442.2154115000,2225009.4422154115,thousand_usd,numeric,unspecified,subtotal,1995-2025,geostat_trade_import-country-group-1995-2026,1995-2025-years,X7,European Union countries (EU),"_-* #,##0.0_-;\-* #,##0.0_-;_-* ""-""?_-;_-@_-"
group.cis,Commonwealth of Independent States countries (CIS),2017,import,group.cis,2321888062.8548604000,2321888.0628548604,thousand_usd,numeric,unspecified,subtotal,1995-2025,geostat_trade_import-country-group-1995-2026,1995-2025-years,X8,Commonwealth of Independent States countries (CIS),"_-* #,##0.0_-;\-* #,##0.0_-;_-* ""-""?_-;_-@_-"
group.bsec,Black Sea Economic Cooperation Organization countries (BSEC),2017,import,group.bsec,3913699544.1828445000,3913699.5441828445,thousand_usd,numeric,unspecified,subtotal,1995-2025,geostat_trade_import-country-group-1995-2026,1995-2025-years,X9,Black Sea Economic Cooperation Organization countries (BSEC),"_-* #,##0.0_-;\-* #,##0.0_-;_-* ""-""?_-;_-@_-"
,,2017,import,goods.total,8057082210.5736565000,8057082.2105736565,thousand_usd,numeric,unspecified,total,1995-2025,geostat_trade_import-country-group-1995-2026,1995-2025-years,X5,Total Imports,"_-* #,##0.0_-;\-* #,##0.0_-;_-* ""-""?_-;_-@_-"
group.oecd,Organisation of Economic Cooperation and Development countries (OECD),2018,import,group.oecd,4628939778.5859462000,4628939.7785859462,thousand_usd,numeric,unspecified,subtotal,1995-2025,geostat_trade_import-country-group-1995-2026,1995-2025-years,Y10,Organisation of Economic Cooperation and Development countries (OECD),"_-* #,##0.0_-;\-* #,##0.0_-;_-* ""-""?_-;_-@_-"
group.guam,GUAM countries,2018,import,group.guam,1121657809.400555000,1121657.809400555,thousand_usd,numeric,unspecified,subtotal,1995-2025,geostat_trade_import-country-group-1995-2026,1995-2025-years,Y11,GUAM countries,"_-* #,##0.0_-;\-* #,##0.0_-;_-* ""-""?_-;_-@_-"
group.eu,European Union countries (EU),2018,import,group.eu,2555007909.0254563000,2555007.9090254563,thousand_usd,numeric,unspecified,subtotal,1995-2025,geostat_trade_import-country-group-1995-2026,1995-2025-years,Y7,European Union countries (EU),"_-* #,##0.0_-;\-* #,##0.0_-;_-* ""-""?_-;_-@_-"
group.cis,Commonwealth of Independent States countries (CIS),2018,import,group.cis,2695360665.2168282000,2695360.6652168282,thousand_usd,numeric,unspecified,subtotal,1995-2025,geostat_trade_import-country-group-1995-2026,1995-2025-years,Y8,Commonwealth of Independent States countries (CIS),"_-* #,##0.0_-;\-* #,##0.0_-;_-* ""-""?_-;_-@_-"
group.bsec,Black Sea Economic Cooperation Organization countries (BSEC),2018,import,group.bsec,4355191149.4423505000,4355191.1494423505,thousand_usd,numeric,unspecified,subtotal,1995-2025,geostat_trade_import-country-group-1995-2026,1995-2025-years,Y9,Black Sea Economic Cooperation Organization countries (BSEC),"_-* #,##0.0_-;\-* #,##0.0_-;_-* ""-""?_-;_-@_-"
,,2018,import,goods.total,9361247035.8862579000,9361247.0358862579,thousand_usd,numeric,unspecified,total,1995-2025,geostat_trade_import-country-group-1995-2026,1995-2025-years,Y5,Total Imports,"_-* #,##0.0_р_._-;\-* #,##0.0_р_._-;_-* ""-""?_р_._-;_-@_-"
group.oecd,Organisation of Economic Cooperation and Development countries (OECD),2019,import,group.oecd,4989500234.1078231000,4989500.2341078231,thousand_usd,numeric,unspecified,subtotal,1995-2025,geostat_trade_import-country-group-1995-2026,1995-2025-years,Z10,Organisation of Economic Cooperation and Development countries (OECD),"_-* #,##0.0_-;\-* #,##0.0_-;_-* ""-""?_-;_-@_-"
group.guam,GUAM countries,2019,import,group.guam,985815653.06410193000,985815.65306410193,thousand_usd,numeric,unspecified,subtotal,1995-2025,geostat_trade_import-country-group-1995-2026,1995-2025-years,Z11,GUAM countries,"_-* #,##0.0_-;\-* #,##0.0_-;_-* ""-""?_-;_-@_-"
group.eu,European Union countries (EU),2019,import,group.eu,2407247247.0964566000,2407247.2470964566,thousand_usd,numeric,unspecified,subtotal,1995-2025,geostat_trade_import-country-group-1995-2026,1995-2025-years,Z7,European Union countries (EU),"_-* #,##0.0_-;\-* #,##0.0_-;_-* ""-""?_-;_-@_-"
group.cis,Commonwealth of Independent States countries (CIS),2019,import,group.cis,2440987907.7678006000,2440987.9077678006,thousand_usd,numeric,unspecified,subtotal,1995-2025,geostat_trade_import-country-group-1995-2026,1995-2025-years,Z8,Commonwealth of Independent States countries (CIS),"_-* #,##0.0_-;\-* #,##0.0_-;_-* ""-""?_-;_-@_-"
group.bsec,Black Sea Economic Cooperation Organization countries (BSEC),2019,import,group.bsec,4258167642.4393151000,4258167.6424393151,thousand_usd,numeric,unspecified,subtotal,1995-2025,geostat_trade_import-country-group-1995-2026,1995-2025-years,Z9,Black Sea Economic Cooperation Organization countries (BSEC),"_-* #,##0.0_-;\-* #,##0.0_-;_-* ""-""?_-;_-@_-"
,,2019,import,goods.total,9517967520.3826707000,9517967.5203826707,thousand_usd,numeric,unspecified,total,1995-2025,geostat_trade_import-country-group-1995-2026,1995-2025-years,Z5,Total Imports,"_-* #,##0.0_р_._-;\-* #,##0.0_р_._-;_-* ""-""?_р_._-;_-@_-"
group.oecd,Organisation of Economic Cooperation and Development countries (OECD),2020,import,group.oecd,4061383404.357702000,4061383.404357702,thousand_usd,numeric,unspecified,subtotal,1995-2025,geostat_trade_import-country-group-1995-2026,1995-2025-years,AA10,Organisation of Economic Cooperation and Development countries (OECD),"_-* #,##0.0_-;\-* #,##0.0_-;_-* ""-""?_-;_-@_-"
group.guam,GUAM countries,2020,import,group.guam,918045447.45261816000,918045.44745261816,thousand_usd,numeric,unspecified,subtotal,1995-2025,geostat_trade_import-country-group-1995-2026,1995-2025-years,AA11,GUAM countries,"_-* #,##0.0_-;\-* #,##0.0_-;_-* ""-""?_-;_-@_-"
group.eu,European Union countries (EU),2020,import,group.eu,1922591115.1955028000,1922591.1151955028,thousand_usd,numeric,unspecified,subtotal,1995-2025,geostat_trade_import-country-group-1995-2026,1995-2025-years,AA7,European Union countries (EU),"_-* #,##0.0_-;\-* #,##0.0_-;_-* ""-""?_-;_-@_-"
group.cis,Commonwealth of Independent States countries (CIS),2020,import,group.cis,2413694687.5415598000,2413694.6875415598,thousand_usd,numeric,unspecified,subtotal,1995-2025,geostat_trade_import-country-group-1995-2026,1995-2025-years,AA8,Commonwealth of Independent States countries (CIS),"_-* #,##0.0_-;\-* #,##0.0_-;_-* ""-""?_-;_-@_-"
group.bsec,Black Sea Economic Cooperation Organization countries (BSEC),2020,import,group.bsec,3914532367.30834000,3914532.36730834,thousand_usd,numeric,unspecified,subtotal,1995-2025,geostat_trade_import-country-group-1995-2026,1995-2025-years,AA9,Black Sea Economic Cooperation Organization countries (BSEC),"_-* #,##0.0_-;\-* #,##0.0_-;_-* ""-""?_-;_-@_-"
,,2020,import,goods.total,8048758483.0401372000,8048758.4830401372,thousand_usd,numeric,unspecified,total,1995-2025,geostat_trade_import-country-group-1995-2026,1995-2025-years,AA5,Total Imports,"_-* #,##0.0_р_._-;\-* #,##0.0_р_._-;_-* ""-""?_р_._-;_-@_-"
group.oecd,Organisation of Economic Cooperation and Development countries (OECD),2021,import,group.oecd,5023803356.2030243000,5023803.3562030243,thousand_usd,numeric,unspecified,subtotal,1995-2025,geostat_trade_import-country-group-1995-2026,1995-2025-years,AB10,Organisation of Economic Cooperation and Development countries (OECD),"_-* #,##0.0_-;\-* #,##0.0_-;_-* ""-""?_-;_-@_-"
group.guam,GUAM countries,2021,import,group.guam,1064494841.7513086000,1064494.8417513086,thousand_usd,numeric,unspecified,subtotal,1995-2025,geostat_trade_import-country-group-1995-2026,1995-2025-years,AB11,GUAM countries,"_-* #,##0.0_-;\-* #,##0.0_-;_-* ""-""?_-;_-@_-"
group.eu,European Union countries (EU),2021,import,group.eu,2308315192.0476821000,2308315.1920476821,thousand_usd,numeric,unspecified,subtotal,1995-2025,geostat_trade_import-country-group-1995-2026,1995-2025-years,AB7,European Union countries (EU),"_-* #,##0.0_-;\-* #,##0.0_-;_-* ""-""?_-;_-@_-"
group.cis,Commonwealth of Independent States countries (CIS),2021,import,group.cis,2815321368.9382621000,2815321.3689382621,thousand_usd,numeric,unspecified,subtotal,1995-2025,geostat_trade_import-country-group-1995-2026,1995-2025-years,AB8,Commonwealth of Independent States countries (CIS),"_-* #,##0.0_-;\-* #,##0.0_-;_-* ""-""?_-;_-@_-"
group.bsec,Black Sea Economic Cooperation Organization countries (BSEC),2021,import,group.bsec,4779512132.2539663000,4779512.1322539663,thousand_usd,numeric,unspecified,subtotal,1995-2025,geostat_trade_import-country-group-1995-2026,1995-2025-years,AB9,Black Sea Economic Cooperation Organization countries (BSEC),"_-* #,##0.0_-;\-* #,##0.0_-;_-* ""-""?_-;_-@_-"
,,2021,import,goods.total,10099041319.938714000,10099041.319938714,thousand_usd,numeric,unspecified,total,1995-2025,geostat_trade_import-country-group-1995-2026,1995-2025-years,AB5,Total Imports,"_-* #,##0.0_р_._-;\-* #,##0.0_р_._-;_-* ""-""?_р_._-;_-@_-"
group.oecd,Organisation of Economic Cooperation and Development countries (OECD),2022,import,group.oecd,6749744409.3109891000,6749744.4093109891,thousand_usd,numeric,unspecified,subtotal,1995-2025,geostat_trade_import-country-group-1995-2026,1995-2025-years,AC10,Organisation of Economic Cooperation and Development countries (OECD),"_-* #,##0.0_-;\-* #,##0.0_-;_-* ""-""?_-;_-@_-"
group.guam,GUAM countries,2022,import,group.guam,935591664.70170359000,935591.66470170359,thousand_usd,numeric,unspecified,subtotal,1995-2025,geostat_trade_import-country-group-1995-2026,1995-2025-years,AC11,GUAM countries,"_-* #,##0.0_-;\-* #,##0.0_-;_-* ""-""?_-;_-@_-"
group.eu,European Union countries (EU),2022,import,group.eu,3060258183.3704552000,3060258.1833704552,thousand_usd,numeric,unspecified,subtotal,1995-2025,geostat_trade_import-country-group-1995-2026,1995-2025-years,AC7,European Union countries (EU),"_-* #,##0.0_-;\-* #,##0.0_-;_-* ""-""?_-;_-@_-"
group.cis,Commonwealth of Independent States countries (CIS),2022,import,group.cis,3723329721.1035076000,3723329.7211035076,thousand_usd,numeric,unspecified,subtotal,1995-2025,geostat_trade_import-country-group-1995-2026,1995-2025-years,AC8,Commonwealth of Independent States countries (CIS),"_-* #,##0.0_-;\-* #,##0.0_-;_-* ""-""?_-;_-@_-"
group.bsec,Black Sea Economic Cooperation Organization countries (BSEC),2022,import,group.bsec,6416384870.9451016000,6416384.8709451016,thousand_usd,numeric,unspecified,subtotal,1995-2025,geostat_trade_import-country-group-1995-2026,1995-2025-years,AC9,Black Sea Economic Cooperation Organization countries (BSEC),"_-* #,##0.0_-;\-* #,##0.0_-;_-* ""-""?_-;_-@_-"
,,2022,import,goods.total,13539713872.844074000,13539713.872844074,thousand_usd,numeric,unspecified,total,1995-2025,geostat_trade_import-country-group-1995-2026,1995-2025-years,AC5,Total Imports,"_-* #,##0.0_р_._-;\-* #,##0.0_р_._-;_-* ""-""?_р_._-;_-@_-"
group.oecd,Organisation of Economic Cooperation and Development countries (OECD),2023,import,group.oecd,9130060023.4643575000,9130060.0234643575,thousand_usd,numeric,unspecified,subtotal,1995-2025,geostat_trade_import-country-group-1995-2026,1995-2025-years,AD10,Organisation of Economic Cooperation and Development countries (OECD),"_-* #,##0.0_-;\-* #,##0.0_-;_-* ""-""?_-;_-@_-"
group.guam,GUAM countries,2023,import,group.guam,921094852.60791727000,921094.85260791727,thousand_usd,numeric,unspecified,subtotal,1995-2025,geostat_trade_import-country-group-1995-2026,1995-2025-years,AD11,GUAM countries,"_-* #,##0.0_-;\-* #,##0.0_-;_-* ""-""?_-;_-@_-"
group.eu,European Union countries (EU),2023,import,group.eu,3829854827.5266117000,3829854.8275266117,thousand_usd,numeric,unspecified,subtotal,1995-2025,geostat_trade_import-country-group-1995-2026,1995-2025-years,AD7,European Union countries (EU),"_-* #,##0.0_-;\-* #,##0.0_-;_-* ""-""?_-;_-@_-"
group.cis,Commonwealth of Independent States countries (CIS),2023,import,group.cis,3297422776.8667256000,3297422.7768667256,thousand_usd,numeric,unspecified,subtotal,1995-2025,geostat_trade_import-country-group-1995-2026,1995-2025-years,AD8,Commonwealth of Independent States countries (CIS),"_-* #,##0.0_-;\-* #,##0.0_-;_-* ""-""?_-;_-@_-"
group.bsec,Black Sea Economic Cooperation Organization countries (BSEC),2023,import,group.bsec,6107213984.8297341000,6107213.9848297341,thousand_usd,numeric,unspecified,subtotal,1995-2025,geostat_trade_import-country-group-1995-2026,1995-2025-years,AD9,Black Sea Economic Cooperation Organization countries (BSEC),"_-* #,##0.0_-;\-* #,##0.0_-;_-* ""-""?_-;_-@_-"
,,2023,import,goods.total,15615270126.514185000,15615270.126514185,thousand_usd,numeric,unspecified,total,1995-2025,geostat_trade_import-country-group-1995-2026,1995-2025-years,AD5,Total Imports,"_-* #,##0.0_р_._-;\-* #,##0.0_р_._-;_-* ""-""?_р_._-;_-@_-"
group.oecd,Organisation of Economic Cooperation and Development countries (OECD),2024,import,group.oecd,9919365389.2489076000,9919365.3892489076,thousand_usd,numeric,unspecified,subtotal,1995-2025,geostat_trade_import-country-group-1995-2026,1995-2025-years,AE10,Organisation of Economic Cooperation and Development countries (OECD),"_-* #,##0.0_-;\-* #,##0.0_-;_-* ""-""?_-;_-@_-"
group.guam,GUAM countries,2024,import,group.guam,861296199.79364576000,861296.19979364576,thousand_usd,numeric,unspecified,subtotal,1995-2025,geostat_trade_import-country-group-1995-2026,1995-2025-years,AE11,GUAM countries,"_-* #,##0.0_-;\-* #,##0.0_-;_-* ""-""?_-;_-@_-"
group.eu,European Union countries (EU),2024,import,group.eu,4581747242.2819333000,4581747.2422819333,thousand_usd,numeric,unspecified,subtotal,1995-2025,geostat_trade_import-country-group-1995-2026,1995-2025-years,AE7,European Union countries (EU),"_-* #,##0.0_-;\-* #,##0.0_-;_-* ""-""?_-;_-@_-"
group.cis,Commonwealth of Independent States countries (CIS),2024,import,group.cis,3318999874.9056445000,3318999.8749056445,thousand_usd,numeric,unspecified,subtotal,1995-2025,geostat_trade_import-country-group-1995-2026,1995-2025-years,AE8,Commonwealth of Independent States countries (CIS),"_-* #,##0.0_-;\-* #,##0.0_-;_-* ""-""?_-;_-@_-"
group.bsec,Black Sea Economic Cooperation Organization countries (BSEC),2024,import,group.bsec,6351435048.3374679000,6351435.0483374679,thousand_usd,numeric,unspecified,subtotal,1995-2025,geostat_trade_import-country-group-1995-2026,1995-2025-years,AE9,Black Sea Economic Cooperation Organization countries (BSEC),"_-* #,##0.0_-;\-* #,##0.0_-;_-* ""-""?_-;_-@_-"
,,2024,import,goods.total,16916834845.710251000,16916834.845710251,thousand_usd,numeric,unspecified,total,1995-2025,geostat_trade_import-country-group-1995-2026,1995-2025-years,AE5,Total Imports,"_-* #,##0.0_р_._-;\-* #,##0.0_р_._-;_-* ""-""?_р_._-;_-@_-"
group.oecd,Organisation of Economic Cooperation and Development countries (OECD),2025,import,group.oecd,11023857618.518373000,11023857.618518373,thousand_usd,numeric,unspecified,subtotal,1995-2025,geostat_trade_import-country-group-1995-2026,1995-2025-years,AF10,Organisation of Economic Cooperation and Development countries (OECD),"_-* #,##0.0_-;\-* #,##0.0_-;_-* ""-""?_-;_-@_-"
group.guam,GUAM countries,2025,import,group.guam,958735474.27349864000,958735.47427349864,thousand_usd,numeric,unspecified,subtotal,1995-2025,geostat_trade_import-country-group-1995-2026,1995-2025-years,AF11,GUAM countries,"_-* #,##0.0_-;\-* #,##0.0_-;_-* ""-""?_-;_-@_-"
group.eu,European Union countries (EU),2025,import,group.eu,4733881886.1369379000,4733881.8861369379,thousand_usd,numeric,unspecified,subtotal,1995-2025,geostat_trade_import-country-group-1995-2026,1995-2025-years,AF7,European Union countries (EU),"_-* #,##0.0_-;\-* #,##0.0_-;_-* ""-""?_-;_-@_-"
group.cis,Commonwealth of Independent States countries (CIS),2025,import,group.cis,3470757339.57593000,3470757.33957593,thousand_usd,numeric,unspecified,subtotal,1995-2025,geostat_trade_import-country-group-1995-2026,1995-2025-years,AF8,Commonwealth of Independent States countries (CIS),"_-* #,##0.0_-;\-* #,##0.0_-;_-* ""-""?_-;_-@_-"
group.bsec,Black Sea Economic Cooperation Organization countries (BSEC),2025,import,group.bsec,6616485132.7469293000,6616485.1327469293,thousand_usd,numeric,unspecified,subtotal,1995-2025,geostat_trade_import-country-group-1995-2026,1995-2025-years,AF9,Black Sea Economic Cooperation Organization countries (BSEC),"_-* #,##0.0_-;\-* #,##0.0_-;_-* ""-""?_-;_-@_-"
,,2025,import,goods.total,18648513307.186708000,18648513.307186708,thousand_usd,numeric,unspecified,total,1995-2025,geostat_trade_import-country-group-1995-2026,1995-2025-years,AF5,Total Imports,"_-* #,##0.0_р_._-;\-* #,##0.0_р_._-;_-* ""-""?_р_._-;_-@_-"
